[11/07/2021 17:07:03] /ghost
[11/07/2021 17:09:46] /i egipcios hermet
[11/07/2021 17:10:06] /i egipcios helmet
[11/07/2021 17:10:20] /i egipcios armor
[11/07/2021 17:10:25] /i egipcios shield
[11/07/2021 17:10:30] /i egipcios legs
[11/07/2021 17:10:33] /i egipcios boots
[11/07/2021 17:11:47] /i egipcios wand
[11/07/2021 17:11:53] /up
[11/07/2021 17:11:55] /up
[11/07/2021 17:14:12] /i 5801
[11/07/2021 17:14:33] /i 7342
[11/07/2021 17:21:52] /i egicpios spear
[11/07/2021 17:22:10] /i egipcios spear
[11/07/2021 17:22:15] /i egipcios sword
[11/07/2021 17:22:23] /i sword of the hell
[11/07/2021 17:23:32] /i hell soul
[11/07/2021 17:23:42] /i ring imortalidade
[11/07/2021 17:23:54] /i ring da imortalidade
[11/07/2021 17:24:04] /i amulet da imortalidade
[11/07/2021 17:24:10] /i amulet imortalidade
[11/07/2021 17:24:14] /t
[11/07/2021 17:24:25] /i 8266
[11/07/2021 17:24:37] /i 7959
[11/07/2021 17:24:40] /i 7958
[11/07/2021 17:24:42] /t
[11/07/2021 17:24:43] /up
[11/07/2021 17:24:45] /up
[11/07/2021 17:25:28] /newtype 302
[11/07/2021 17:25:44] /newtype 302
[11/07/2021 17:27:16] /t
[11/07/2021 17:27:47] /up
[11/07/2021 18:02:15] /t
[11/07/2021 18:02:34] /i 2157
[11/07/2021 18:05:24] /up
[11/07/2021 19:40:23] /t
[11/07/2021 19:51:54] /a 2
[11/07/2021 19:51:59] /a
[11/07/2021 19:52:07] /a 2
[11/07/2021 19:52:08] /a 2
[11/07/2021 19:53:49] /reload monster
[11/07/2021 20:09:08] /newtype 266
[11/07/2021 20:09:11] /newtype 302
[11/07/2021 20:28:40] /goto the dark
[11/07/2021 20:29:54] /goto the darkness
[11/07/2021 20:30:05] /a 5
[11/07/2021 20:30:22] /m hacker
[11/07/2021 20:30:38] /r
[11/07/2021 20:30:52] /a 5
[11/07/2021 20:30:56] /m hacker
[11/07/2021 20:31:03] /r
[11/07/2021 20:31:06] /a 5
[11/07/2021 20:31:28] /t
[11/07/2021 20:34:51] /a
[11/07/2021 20:34:55] /ghost
[11/07/2021 20:38:21] /t
[11/07/2021 20:40:24] /i 9693
[11/07/2021 20:41:05] /i 7342
[11/07/2021 20:41:21] /r
[11/07/2021 20:41:36] /i egicpios helmet
[11/07/2021 20:41:47] /i egipcios helmet
[11/07/2021 20:41:53] /i egipcios armor
[11/07/2021 20:41:57] /i egipcios shield
[11/07/2021 20:42:00] /i egipcios boots
[11/07/2021 20:42:04] /i egipcios spear
[11/07/2021 20:42:08] /i egipcios wand
[11/07/2021 20:42:12] /i egipcios sword
[11/07/2021 20:42:19] /i sword of the hell
[11/07/2021 20:42:37] /i egipcios legs
[11/07/2021 20:42:48] /i 8266
[11/07/2021 20:42:58] /i 7697
[11/07/2021 20:43:10] /i 7958
[11/07/2021 20:43:35] /i 2135
[11/07/2021 20:44:05] /r
[11/07/2021 20:44:11] /r
[11/07/2021 20:44:14] /r
[11/07/2021 20:44:33] /i 21743,
[11/07/2021 20:44:36] /i 2174
[11/07/2021 20:46:17] /i 5759
[11/07/2021 20:46:21] /r
[11/07/2021 20:46:23] /r
[11/07/2021 20:46:24] /r
[11/07/2021 20:47:06] /i 5791
[11/07/2021 20:47:13] /t
[11/07/2021 21:36:37] /goto muthcka
[11/07/2021 21:41:32] /c omfar
[11/07/2021 21:41:55] /goto omfar
[11/07/2021 21:42:01] /goto omfar
[11/07/2021 21:42:06] /goto omfar
[11/07/2021 21:42:13] /t
[11/07/2021 21:44:25] /goto omfar
[11/07/2021 21:44:47] /goto omfar
[11/07/2021 21:45:00] /goto omfar
[11/07/2021 21:45:03] /goto omfar
[11/07/2021 21:45:05] /goto omfar
[11/07/2021 21:45:10] /goto omfar
[11/07/2021 21:45:15] /goto omfar
[11/07/2021 21:45:17] /goto omfar
[11/07/2021 21:46:49] /goto omfar
[11/07/2021 21:47:04] /goto omfar
[11/07/2021 21:47:15] /goto omfar
[11/07/2021 21:47:17] /goto omfar
[11/07/2021 21:47:20] /goto omfar
[11/07/2021 21:47:24] /goto omfar
[11/07/2021 21:47:25] /goto omfar
[11/07/2021 21:47:30] /goto omfar
[11/07/2021 21:47:49] /t
[11/07/2021 21:55:19] /i 7342
[11/07/2021 21:55:31] /i 2140
[11/07/2021 21:55:35] /i 2157
[11/07/2021 21:55:43] /i 2140
[11/07/2021 23:07:57] /goto krazz
[11/07/2021 23:07:59] /goto krazz
[11/07/2021 23:08:11] /goto krazz
[11/07/2021 23:08:15] /goto krazz
[11/07/2021 23:08:34] /t
[11/07/2021 23:32:43] /up
[11/07/2021 23:32:45] /up
[13/07/2021 18:41:58] /goto takinon
[13/07/2021 18:42:20] /t
[13/07/2021 18:50:32] /t
[13/07/2021 18:54:36] /goto mateus
[13/07/2021 18:57:06] /goto yukas
[13/07/2021 18:59:02] /r
[13/07/2021 18:59:09] /goto Full Insane
[13/07/2021 19:00:09] /t
[13/07/2021 19:10:44] /i 7342
[13/07/2021 19:10:58] /i 2314
[13/07/2021 19:12:27] /i 2296
[13/07/2021 19:12:42] /i 2137
[13/07/2021 19:13:00] /i 9776
[13/07/2021 19:13:01] /i 9775
[13/07/2021 19:13:03] /i 9774
[13/07/2021 19:13:09] /i 9778
[13/07/2021 19:13:11] /i 9779
[13/07/2021 19:13:16] /r
[13/07/2021 19:13:27] /i 9777
[13/07/2021 19:13:37] /i 9932
[13/07/2021 19:14:45] /i 2137
[13/07/2021 19:14:51] /goto clasus
[13/07/2021 19:14:53] /a 5
[13/07/2021 19:15:12] /t
[13/07/2021 19:16:04] /t
[13/07/2021 19:20:29] /goto demon lord
[13/07/2021 19:20:31] /goto demon lord
[13/07/2021 19:20:32] /goto demon lord
[13/07/2021 19:20:40] /goto clasus
[13/07/2021 19:20:45] /a 5
[13/07/2021 19:20:54] /goto marciano
[13/07/2021 19:20:57] /a 5
[13/07/2021 19:21:21] /a 5
[13/07/2021 19:21:23] /a 5
[13/07/2021 19:21:34] /goto parede
[13/07/2021 19:21:36] /a 5
[13/07/2021 19:21:37] /a 5
[13/07/2021 19:22:04] /a 5
[13/07/2021 19:22:10] /a 5
[13/07/2021 19:24:05] /goto the ghost
[13/07/2021 19:24:18] /t
[18/07/2021 20:32:11] /r
[18/07/2021 20:32:36] /a
[18/07/2021 20:32:37] /a
[18/07/2021 20:32:37] /a
[18/07/2021 20:32:37] /a
[18/07/2021 20:32:37] /a
[18/07/2021 20:32:37] /a
[18/07/2021 20:32:37] /a
[18/07/2021 20:32:37] /a
[18/07/2021 20:32:37] /a
[18/07/2021 20:32:37] /a
[18/07/2021 20:32:38] /a
[18/07/2021 20:32:38] /a
[18/07/2021 20:32:38] /a
[18/07/2021 20:32:38] /a
[18/07/2021 20:32:39] /a
[18/07/2021 20:32:39] /a
[18/07/2021 20:32:39] /a
[18/07/2021 20:32:39] /a
[18/07/2021 20:32:39] /a
[18/07/2021 20:32:39] /a
[18/07/2021 20:32:42] /ghost
[18/07/2021 20:32:43] /a
[18/07/2021 20:32:43] /a
[18/07/2021 20:32:43] /a
[18/07/2021 20:32:44] /a
[18/07/2021 20:32:44] /a
[18/07/2021 20:32:44] /a
[18/07/2021 20:32:44] /a
[18/07/2021 20:32:44] /a
[18/07/2021 20:32:45] /a
[18/07/2021 20:32:45] /a
[18/07/2021 20:32:46] /a
[18/07/2021 20:32:46] /a
[18/07/2021 20:32:48] /a
[18/07/2021 20:32:55] /a
[18/07/2021 20:32:56] /a
[18/07/2021 20:32:56] /a
[18/07/2021 20:32:56] /a
[18/07/2021 20:32:56] /a
[18/07/2021 20:32:56] /a
[18/07/2021 20:32:56] /a
[18/07/2021 20:32:56] /a
[18/07/2021 20:32:56] /a
[18/07/2021 20:32:56] /a
[18/07/2021 20:32:56] /a
[18/07/2021 20:32:56] /a
[18/07/2021 20:32:56] /a
[18/07/2021 20:32:57] /a
[18/07/2021 20:32:57] /a
[18/07/2021 20:32:57] /a
[18/07/2021 20:32:57] /a
[18/07/2021 20:32:58] /a
[18/07/2021 20:32:58] /a
[18/07/2021 20:32:58] /a
[18/07/2021 20:32:58] /a
[18/07/2021 20:32:59] /a
[18/07/2021 20:32:59] /a
[18/07/2021 20:32:59] /a
[18/07/2021 20:32:59] /a
[18/07/2021 20:32:59] /a
[18/07/2021 20:32:59] /a
[18/07/2021 20:32:59] /a
[18/07/2021 20:32:59] /a
[18/07/2021 20:32:59] /a
[18/07/2021 20:32:59] /a
[18/07/2021 20:32:59] /a
[18/07/2021 20:32:59] /a
[18/07/2021 20:32:59] /a
[18/07/2021 20:32:59] /a
[18/07/2021 20:32:59] /a
[18/07/2021 20:33:00] /a
[18/07/2021 20:33:00] /a
[18/07/2021 20:33:01] /a
[18/07/2021 20:33:01] /a
[18/07/2021 20:33:01] /a
[18/07/2021 20:33:01] /a
[18/07/2021 20:33:01] /a
[18/07/2021 20:33:01] /a
[18/07/2021 20:33:01] /a
[18/07/2021 20:33:01] /a
[18/07/2021 20:33:01] /a
[18/07/2021 20:33:01] /a
[18/07/2021 20:33:01] /a
[18/07/2021 20:33:02] /a
[18/07/2021 20:33:02] /a
[18/07/2021 20:33:02] /a
[18/07/2021 20:33:02] /a
[18/07/2021 20:33:02] /a
[18/07/2021 20:33:02] /a
[18/07/2021 20:33:02] /a
[18/07/2021 20:33:02] /a
[18/07/2021 20:33:02] /a
[18/07/2021 20:33:02] /a
[18/07/2021 20:33:02] /a
[18/07/2021 20:33:02] /a
[18/07/2021 20:33:02] /a
[18/07/2021 20:33:02] /a
[18/07/2021 20:33:02] /a
[18/07/2021 20:33:02] /a
[18/07/2021 20:33:02] /a
[18/07/2021 20:33:02] /a
[18/07/2021 20:33:02] /a
[18/07/2021 20:33:02] /a
[18/07/2021 20:33:02] /a
[18/07/2021 20:33:02] /a
[18/07/2021 20:33:02] /a
[18/07/2021 20:33:02] /a
[18/07/2021 20:33:02] /a
[18/07/2021 20:33:02] /a
[18/07/2021 20:33:02] /a
[18/07/2021 20:33:02] /a
[18/07/2021 20:33:02] /a
[18/07/2021 20:33:02] /a
[18/07/2021 20:33:02] /a
[18/07/2021 20:33:03] /a
[18/07/2021 20:33:03] /a
[18/07/2021 20:33:03] /a
[18/07/2021 20:33:03] /a
[18/07/2021 20:33:03] /a
[18/07/2021 20:33:03] /a
[18/07/2021 20:33:03] /a
[18/07/2021 20:33:03] /a
[18/07/2021 20:33:03] /a
[18/07/2021 20:33:03] /a
[18/07/2021 20:33:03] /a
[18/07/2021 20:33:04] /a
[18/07/2021 20:33:04] /a
[18/07/2021 20:33:04] /a
[18/07/2021 20:33:04] /a
[18/07/2021 20:33:04] /a
[18/07/2021 20:33:04] /a
[18/07/2021 20:33:04] /a
[18/07/2021 20:33:04] /a
[18/07/2021 20:33:04] /a
[18/07/2021 20:33:04] /a
[18/07/2021 20:33:04] /a
[18/07/2021 20:33:07] /a
[18/07/2021 20:33:07] /a
[18/07/2021 20:33:07] /a
[18/07/2021 20:33:07] /a
[18/07/2021 20:33:08] /a
[18/07/2021 20:33:08] /a
[18/07/2021 20:33:08] /a
[18/07/2021 20:33:08] /a
[18/07/2021 20:33:09] /a
[18/07/2021 20:33:09] /a
[18/07/2021 20:33:10] /a
[18/07/2021 20:33:10] /a
[18/07/2021 20:33:10] /a
[18/07/2021 20:33:10] /a
[18/07/2021 20:33:10] /a
[18/07/2021 20:33:10] /a
[18/07/2021 20:33:10] /a
[18/07/2021 20:33:10] /a
[18/07/2021 20:33:10] /a
[18/07/2021 20:33:10] /a
[18/07/2021 20:33:10] /a
[18/07/2021 20:33:10] /a
[18/07/2021 20:33:10] /a
[18/07/2021 20:33:10] /a
[18/07/2021 20:33:10] /a
[18/07/2021 20:33:10] /a
[18/07/2021 20:33:10] /a
[18/07/2021 20:33:10] /a
[18/07/2021 20:33:11] /a
[18/07/2021 20:33:11] /a
[18/07/2021 20:33:11] /a
[18/07/2021 20:33:11] /a
[18/07/2021 20:33:11] /a
[18/07/2021 20:33:11] /a
[18/07/2021 20:33:11] /a
[18/07/2021 20:33:11] /a
[18/07/2021 20:33:11] /a
[18/07/2021 20:33:11] /a
[18/07/2021 20:33:11] /a
[18/07/2021 20:33:11] /a
[18/07/2021 20:33:11] /a
[18/07/2021 20:33:11] /a
[18/07/2021 20:33:11] /a
[18/07/2021 20:33:11] /a
[18/07/2021 20:33:11] /a
[18/07/2021 20:33:11] /a
[18/07/2021 20:33:13] /a
[18/07/2021 20:33:13] /a
[18/07/2021 20:33:13] /a
[18/07/2021 20:33:13] /a
[18/07/2021 20:33:13] /a
[18/07/2021 20:33:13] /a
[18/07/2021 20:33:13] /a
[18/07/2021 20:33:13] /a
[18/07/2021 20:33:13] /a
[18/07/2021 20:33:13] /a
[18/07/2021 20:33:14] /a
[18/07/2021 20:33:14] /a
[18/07/2021 20:33:14] /a
[18/07/2021 20:33:14] /a
[18/07/2021 20:33:14] /a
[18/07/2021 20:33:14] /a
[18/07/2021 20:33:14] /a
[18/07/2021 20:33:14] /a
[18/07/2021 20:33:14] /a
[18/07/2021 20:33:14] /a
[18/07/2021 20:33:14] /a
[18/07/2021 20:33:14] /a
[18/07/2021 20:33:14] /a
[18/07/2021 20:33:14] /a
[18/07/2021 20:33:14] /a
[18/07/2021 20:33:14] /a
[18/07/2021 20:33:14] /a
[18/07/2021 20:33:14] /a
[18/07/2021 20:33:14] /a
[18/07/2021 20:33:14] /a
[18/07/2021 20:33:14] /a
[18/07/2021 20:33:14] /a
[18/07/2021 20:33:14] /a
[18/07/2021 20:33:14] /a
[18/07/2021 20:33:14] /a
[18/07/2021 20:33:14] /a
[18/07/2021 20:33:14] /a
[18/07/2021 20:33:14] /a
[18/07/2021 20:33:15] /a
[18/07/2021 20:33:15] /a
[18/07/2021 20:33:15] /a
[18/07/2021 20:33:15] /a
[18/07/2021 20:33:15] /a
[18/07/2021 20:33:15] /a
[18/07/2021 20:33:15] /a
[18/07/2021 20:33:15] /a
[18/07/2021 20:33:15] /a
[18/07/2021 20:33:15] /a
[18/07/2021 20:33:15] /a
[18/07/2021 20:33:15] /a
[18/07/2021 20:33:15] /a
[18/07/2021 20:33:17] /a
[18/07/2021 20:33:17] /a
[18/07/2021 20:33:17] /a
[18/07/2021 20:33:17] /a
[18/07/2021 20:33:17] /a
[18/07/2021 20:33:17] /a
[18/07/2021 20:33:17] /a
[18/07/2021 20:33:17] /a
[18/07/2021 20:33:17] /a
[18/07/2021 20:33:17] /a
[18/07/2021 20:33:17] /a
[18/07/2021 20:33:17] /a
[18/07/2021 20:33:17] /a
[18/07/2021 20:33:17] /a
[18/07/2021 20:33:17] /a
[18/07/2021 20:33:18] /a
[18/07/2021 20:33:18] /a
[18/07/2021 20:33:18] /a
[18/07/2021 20:33:18] /a
[18/07/2021 20:33:18] /a
[18/07/2021 20:33:18] /a
[18/07/2021 20:33:19] /a
[18/07/2021 20:33:19] /a
[18/07/2021 20:33:19] /a
[18/07/2021 20:33:19] /a
[18/07/2021 20:33:19] /a
[18/07/2021 20:33:19] /a
[18/07/2021 20:33:19] /a
[18/07/2021 20:33:20] /a
[18/07/2021 20:33:20] /a
[18/07/2021 20:33:20] /a
[18/07/2021 20:33:20] /a
[18/07/2021 20:33:21] /a
[18/07/2021 20:33:21] /a
[18/07/2021 20:33:21] /a
[18/07/2021 20:33:21] /a
[18/07/2021 20:33:21] /a
[18/07/2021 20:33:21] /a
[18/07/2021 20:33:21] /a
[18/07/2021 20:33:21] /a
[18/07/2021 20:33:21] /a
[18/07/2021 20:33:21] /a
[18/07/2021 20:33:21] /a
[18/07/2021 20:33:22] /a
[18/07/2021 20:33:22] /a
[18/07/2021 20:33:22] /a
[18/07/2021 20:33:22] /a
[18/07/2021 20:33:22] /a
[18/07/2021 20:33:22] /a
[18/07/2021 20:33:22] /a
[18/07/2021 20:33:22] /a
[18/07/2021 20:33:22] /a
[18/07/2021 20:33:22] /a
[18/07/2021 20:33:22] /a
[18/07/2021 20:33:22] /a
[18/07/2021 20:33:22] /a
[18/07/2021 20:33:22] /a
[18/07/2021 20:33:22] /a
[18/07/2021 20:33:22] /a
[18/07/2021 20:33:22] /a
[18/07/2021 20:33:22] /a
[18/07/2021 20:33:22] /a
[18/07/2021 20:33:22] /a
[18/07/2021 20:33:22] /a
[18/07/2021 20:33:22] /a
[18/07/2021 20:33:22] /a
[18/07/2021 20:33:22] /a
[18/07/2021 20:33:23] /a
[18/07/2021 20:33:23] /a
[18/07/2021 20:33:23] /a
[18/07/2021 20:33:23] /a
[18/07/2021 20:33:23] /a
[18/07/2021 20:33:24] /a
[18/07/2021 20:33:24] /a
[18/07/2021 20:33:24] /a
[18/07/2021 20:33:24] /a
[18/07/2021 20:33:24] /a
[18/07/2021 20:33:24] /a
[18/07/2021 20:33:24] /a
[18/07/2021 20:33:24] /a
[18/07/2021 20:33:24] /a
[18/07/2021 20:33:24] /a
[18/07/2021 20:33:24] /a
[18/07/2021 20:33:24] /a
[18/07/2021 20:33:24] /a
[18/07/2021 20:33:25] /a
[18/07/2021 20:33:25] /a
[18/07/2021 20:33:25] /a
[18/07/2021 20:33:25] /a
[18/07/2021 20:33:25] /a
[18/07/2021 20:33:25] /a
[18/07/2021 20:33:25] /a
[18/07/2021 20:33:25] /a
[18/07/2021 20:33:25] /a
[18/07/2021 20:33:25] /a
[18/07/2021 20:33:26] /a
[18/07/2021 20:33:26] /a
[18/07/2021 20:33:26] /a
[18/07/2021 20:33:26] /a
[18/07/2021 20:33:26] /a
[18/07/2021 20:33:26] /a
[18/07/2021 20:33:26] /a
[18/07/2021 20:33:26] /a
[18/07/2021 20:33:26] /a
[18/07/2021 20:33:26] /a
[18/07/2021 20:33:26] /a
[18/07/2021 20:33:26] /a
[18/07/2021 20:33:26] /a
[18/07/2021 20:33:26] /a
[18/07/2021 20:33:26] /a
[18/07/2021 20:33:26] /a
[18/07/2021 20:33:26] /a
[18/07/2021 20:33:26] /a
[18/07/2021 20:33:26] /a
[18/07/2021 20:33:26] /a
[18/07/2021 20:33:26] /a
[18/07/2021 20:33:26] /a
[18/07/2021 20:33:26] /a
[18/07/2021 20:33:26] /a
[18/07/2021 20:33:26] /a
[18/07/2021 20:33:26] /a
[18/07/2021 20:33:26] /a
[18/07/2021 20:33:26] /a
[18/07/2021 20:33:26] /a
[18/07/2021 20:33:26] /a
[18/07/2021 20:33:26] /a
[18/07/2021 20:33:26] /a
[18/07/2021 20:33:26] /a
[18/07/2021 20:33:26] /a
[18/07/2021 20:33:27] /a
[18/07/2021 20:33:27] /a
[18/07/2021 20:33:27] /a
[18/07/2021 20:33:27] /a
[18/07/2021 20:33:27] /a
[18/07/2021 20:33:27] /a
[18/07/2021 20:33:27] /a
[18/07/2021 20:33:27] /a
[18/07/2021 20:33:27] /a
[18/07/2021 20:33:27] /a
[18/07/2021 20:33:27] /a
[18/07/2021 20:33:27] /a
[18/07/2021 20:33:27] /a
[18/07/2021 20:33:27] /a
[18/07/2021 20:33:27] /a
[18/07/2021 20:33:27] /a
[18/07/2021 20:33:27] /a
[18/07/2021 20:33:27] /a
[18/07/2021 20:33:27] /a
[18/07/2021 20:33:27] /a
[18/07/2021 20:33:27] /a
[18/07/2021 20:33:27] /a
[18/07/2021 20:33:27] /a
[18/07/2021 20:33:27] /a
[18/07/2021 20:33:27] /a
[18/07/2021 20:33:27] /a
[18/07/2021 20:33:27] /a
[18/07/2021 20:33:27] /a
[18/07/2021 20:33:27] /a
[18/07/2021 20:33:27] /a
[18/07/2021 20:33:28] /a
[18/07/2021 20:33:28] /a
[18/07/2021 20:33:28] /a
[18/07/2021 20:33:28] /a
[18/07/2021 20:33:28] /a
[18/07/2021 20:33:28] /a
[18/07/2021 20:33:28] /a
[18/07/2021 20:33:28] /a
[18/07/2021 20:33:28] /a
[18/07/2021 20:33:28] /a
[18/07/2021 20:33:28] /a
[18/07/2021 20:33:28] /a
[18/07/2021 20:33:28] /a
[18/07/2021 20:33:28] /a
[18/07/2021 20:33:28] /a
[18/07/2021 20:33:28] /a
[18/07/2021 20:33:28] /a
[18/07/2021 20:33:28] /a
[18/07/2021 20:33:28] /a
[18/07/2021 20:33:28] /a
[18/07/2021 20:33:28] /a
[18/07/2021 20:33:28] /a
[18/07/2021 20:33:28] /a
[18/07/2021 20:33:28] /a
[18/07/2021 20:33:28] /a
[18/07/2021 20:33:28] /a
[18/07/2021 20:33:28] /a
[18/07/2021 20:33:29] /a
[18/07/2021 20:33:29] /a
[18/07/2021 20:33:29] /a
[18/07/2021 20:33:29] /a
[18/07/2021 20:33:29] /a
[18/07/2021 20:33:29] /a
[18/07/2021 20:33:29] /a
[18/07/2021 20:33:29] /a
[18/07/2021 20:33:29] /a
[18/07/2021 20:33:29] /a
[18/07/2021 20:33:30] /a
[18/07/2021 20:33:30] /a
[18/07/2021 20:33:30] /a
[18/07/2021 20:33:30] /a
[18/07/2021 20:33:30] /a
[18/07/2021 20:33:30] /a
[18/07/2021 20:33:30] /a
[18/07/2021 20:33:30] /a
[18/07/2021 20:33:30] /a
[18/07/2021 20:33:31] /a
[18/07/2021 20:33:31] /a
[18/07/2021 20:33:31] /a
[18/07/2021 20:33:31] /a
[18/07/2021 20:33:31] /a
[18/07/2021 20:33:31] /a
[18/07/2021 20:33:31] /a
[18/07/2021 20:33:31] /a
[18/07/2021 20:33:31] /a
[18/07/2021 20:33:31] /a
[18/07/2021 20:33:31] /a
[18/07/2021 20:33:31] /a
[18/07/2021 20:33:31] /a
[18/07/2021 20:33:31] /a
[18/07/2021 20:33:31] /a
[18/07/2021 20:33:31] /a
[18/07/2021 20:33:31] /a
[18/07/2021 20:33:31] /a
[18/07/2021 20:33:31] /a
[18/07/2021 20:33:31] /a
[18/07/2021 20:33:31] /a
[18/07/2021 20:33:31] /a
[18/07/2021 20:33:31] /a
[18/07/2021 20:33:31] /a
[18/07/2021 20:33:31] /a
[18/07/2021 20:33:31] /a
[18/07/2021 20:33:31] /a
[18/07/2021 20:33:31] /a
[18/07/2021 20:33:31] /a
[18/07/2021 20:33:31] /a
[18/07/2021 20:33:32] /a
[18/07/2021 20:33:32] /a
[18/07/2021 20:33:32] /a
[18/07/2021 20:33:32] /a
[18/07/2021 20:33:32] /a
[18/07/2021 20:33:32] /a
[18/07/2021 20:33:32] /a
[18/07/2021 20:33:32] /a
[18/07/2021 20:33:32] /a
[18/07/2021 20:33:32] /a
[18/07/2021 20:33:32] /a
[18/07/2021 20:33:32] /a
[18/07/2021 20:33:32] /a
[18/07/2021 20:33:32] /a
[18/07/2021 20:33:32] /a
[18/07/2021 20:33:32] /a
[18/07/2021 20:33:32] /a
[18/07/2021 20:33:32] /a
[18/07/2021 20:33:32] /a
[18/07/2021 20:33:32] /a
[18/07/2021 20:33:32] /a
[18/07/2021 20:33:32] /a
[18/07/2021 20:33:32] /a
[18/07/2021 20:33:32] /a
[18/07/2021 20:33:32] /a
[18/07/2021 20:33:32] /a
[18/07/2021 20:33:32] /a
[18/07/2021 20:33:32] /a
[18/07/2021 20:33:32] /a
[18/07/2021 20:33:32] /a
[18/07/2021 20:33:32] /a
[18/07/2021 20:33:33] /a
[18/07/2021 20:33:33] /a
[18/07/2021 20:33:33] /a
[18/07/2021 20:33:33] /a
[18/07/2021 20:33:33] /a
[18/07/2021 20:33:33] /a
[18/07/2021 20:33:34] /a
[18/07/2021 20:33:34] /a
[18/07/2021 20:33:34] /a
[18/07/2021 20:33:34] /a
[18/07/2021 20:33:34] /a
[18/07/2021 20:33:34] /a
[18/07/2021 20:33:34] /a
[18/07/2021 20:33:34] /a
[18/07/2021 20:33:34] /a
[18/07/2021 20:33:35] /a
[18/07/2021 20:33:35] /a
[18/07/2021 20:33:35] /a
[18/07/2021 20:33:35] /a
[18/07/2021 20:33:35] /a
[18/07/2021 20:33:35] /a
[18/07/2021 20:33:35] /a
[18/07/2021 20:33:35] /a
[18/07/2021 20:33:35] /a
[18/07/2021 20:33:35] /a
[18/07/2021 20:33:35] /a
[18/07/2021 20:33:35] /a
[18/07/2021 20:33:36] /a
[18/07/2021 20:33:36] /a
[18/07/2021 20:33:36] /a
[18/07/2021 20:33:36] /a
[18/07/2021 20:33:36] /a
[18/07/2021 20:33:36] /a
[18/07/2021 20:33:36] /a
[18/07/2021 20:33:36] /a
[18/07/2021 20:33:36] /a
[18/07/2021 20:33:36] /a
[18/07/2021 20:33:36] /a
[18/07/2021 20:33:36] /a
[18/07/2021 20:33:36] /a
[18/07/2021 20:33:36] /a
[18/07/2021 20:33:36] /a
[18/07/2021 20:33:36] /a
[18/07/2021 20:33:36] /a
[18/07/2021 20:33:36] /a
[18/07/2021 20:33:36] /a
[18/07/2021 20:33:36] /a
[18/07/2021 20:33:36] /a
[18/07/2021 20:33:36] /a
[18/07/2021 20:33:36] /a
[18/07/2021 20:33:36] /a
[18/07/2021 20:33:36] /a
[18/07/2021 20:33:37] /a
[18/07/2021 20:33:37] /a
[18/07/2021 20:33:37] /a
[18/07/2021 20:33:37] /a
[18/07/2021 20:33:37] /a
[18/07/2021 20:33:37] /a
[18/07/2021 20:33:37] /a
[18/07/2021 20:33:37] /a
[18/07/2021 20:33:37] /a
[18/07/2021 20:33:37] /a
[18/07/2021 20:33:37] /a
[18/07/2021 20:33:37] /a
[18/07/2021 20:33:37] /a
[18/07/2021 20:33:37] /a
[18/07/2021 20:33:37] /a
[18/07/2021 20:33:37] /a
[18/07/2021 20:33:37] /a
[18/07/2021 20:33:37] /a
[18/07/2021 20:33:37] /a
[18/07/2021 20:33:37] /a
[18/07/2021 20:33:37] /a
[18/07/2021 20:33:37] /a
[18/07/2021 20:33:37] /a
[18/07/2021 20:33:37] /a
[18/07/2021 20:33:37] /a
[18/07/2021 20:33:37] /a
[18/07/2021 20:33:37] /a
[18/07/2021 20:33:37] /a
[18/07/2021 20:33:38] /a
[18/07/2021 20:33:38] /a
[18/07/2021 20:33:38] /a
[18/07/2021 20:33:38] /a
[18/07/2021 20:33:38] /a
[18/07/2021 20:33:38] /a
[18/07/2021 20:33:38] /a
[18/07/2021 20:33:38] /a
[18/07/2021 20:33:38] /a
[18/07/2021 20:33:38] /a
[18/07/2021 20:33:38] /a
[18/07/2021 20:33:38] /a
[18/07/2021 20:33:39] /a
[18/07/2021 20:33:39] /a
[18/07/2021 20:33:39] /a
[18/07/2021 20:33:39] /a
[18/07/2021 20:33:39] /a
[18/07/2021 20:33:39] /a
[18/07/2021 20:33:39] /a
[18/07/2021 20:33:39] /a
[18/07/2021 20:33:39] /a
[18/07/2021 20:33:39] /a
[18/07/2021 20:33:39] /a
[18/07/2021 20:33:39] /a
[18/07/2021 20:33:39] /a
[18/07/2021 20:33:39] /a
[18/07/2021 20:33:39] /a
[18/07/2021 20:33:39] /a
[18/07/2021 20:33:39] /a
[18/07/2021 20:33:40] /a
[18/07/2021 20:33:40] /a
[18/07/2021 20:33:40] /a
[18/07/2021 20:33:40] /a
[18/07/2021 20:33:40] /a
[18/07/2021 20:33:41] /a
[18/07/2021 20:33:41] /a
[18/07/2021 20:33:41] /a
[18/07/2021 20:33:41] /a
[18/07/2021 20:33:41] /a
[18/07/2021 20:33:41] /a
[18/07/2021 20:33:41] /a
[18/07/2021 20:33:41] /a
[18/07/2021 20:33:41] /a
[18/07/2021 20:33:41] /a
[18/07/2021 20:33:41] /a
[18/07/2021 20:33:41] /a
[18/07/2021 20:33:41] /a
[18/07/2021 20:33:41] /a
[18/07/2021 20:33:41] /a
[18/07/2021 20:33:41] /a
[18/07/2021 20:33:41] /a
[18/07/2021 20:33:41] /a
[18/07/2021 20:33:41] /a
[18/07/2021 20:33:41] /a
[18/07/2021 20:33:41] /a
[18/07/2021 20:33:41] /a
[18/07/2021 20:33:41] /a
[18/07/2021 20:33:41] /a
[18/07/2021 20:33:42] /a
[18/07/2021 20:33:42] /a
[18/07/2021 20:33:42] /a
[18/07/2021 20:33:42] /a
[18/07/2021 20:33:42] /a
[18/07/2021 20:33:42] /a
[18/07/2021 20:33:42] /a
[18/07/2021 20:33:42] /a
[18/07/2021 20:33:42] /a
[18/07/2021 20:33:42] /a
[18/07/2021 20:33:42] /a
[18/07/2021 20:33:42] /a
[18/07/2021 20:33:42] /a
[18/07/2021 20:33:42] /a
[18/07/2021 20:33:42] /a
[18/07/2021 20:33:42] /a
[18/07/2021 20:33:42] /a
[18/07/2021 20:33:42] /a
[18/07/2021 20:33:42] /a
[18/07/2021 20:33:42] /a
[18/07/2021 20:33:42] /a
[18/07/2021 20:33:42] /a
[18/07/2021 20:33:42] /a
[18/07/2021 20:33:42] /a
[18/07/2021 20:33:42] /a
[18/07/2021 20:33:42] /a
[18/07/2021 20:33:42] /a
[18/07/2021 20:33:42] /a
[18/07/2021 20:33:42] /a
[18/07/2021 20:33:42] /a
[18/07/2021 20:33:43] /a
[18/07/2021 20:33:43] /a
[18/07/2021 20:33:43] /a
[18/07/2021 20:33:43] /a
[18/07/2021 20:33:43] /a
[18/07/2021 20:33:43] /a
[18/07/2021 20:33:43] /a
[18/07/2021 20:33:43] /a
[18/07/2021 20:33:43] /a
[18/07/2021 20:33:43] /a
[18/07/2021 20:33:43] /a
[18/07/2021 20:33:43] /a
[18/07/2021 20:33:43] /a
[18/07/2021 20:33:46] /t
[18/07/2021 20:33:53] /goto near
[18/07/2021 20:34:03] /m hacker
[18/07/2021 20:34:08] /i hacker
[18/07/2021 20:34:13] /r
[18/07/2021 20:34:16] /a 5
[18/07/2021 20:36:04] /a
[18/07/2021 20:36:04] /a
[18/07/2021 20:36:04] /a
[18/07/2021 20:36:04] /a
[18/07/2021 20:36:04] /a
[18/07/2021 20:36:04] /a
[18/07/2021 20:36:05] /a
[18/07/2021 20:36:05] /a
[18/07/2021 20:36:05] /a
[18/07/2021 20:36:05] /a
[18/07/2021 20:36:05] /a
[18/07/2021 20:36:05] /a
[18/07/2021 20:36:05] /a
[18/07/2021 20:36:05] /a
[18/07/2021 20:36:05] /a
[18/07/2021 20:36:05] /a
[18/07/2021 20:36:05] /a
[18/07/2021 20:36:05] /a
[18/07/2021 20:36:05] /a
[18/07/2021 20:36:05] /a
[18/07/2021 20:36:05] /a
[18/07/2021 20:36:05] /a
[18/07/2021 20:36:05] /a
[18/07/2021 20:36:05] /a
[18/07/2021 20:36:05] /a
[18/07/2021 20:36:05] /a
[18/07/2021 20:36:05] /a
[18/07/2021 20:36:05] /a
[18/07/2021 20:36:05] /a
[18/07/2021 20:36:05] /a
[18/07/2021 20:36:05] /a
[18/07/2021 20:36:05] /a
[18/07/2021 20:36:05] /a
[18/07/2021 20:36:05] /a
[18/07/2021 20:36:05] /a
[18/07/2021 20:36:05] /a
[18/07/2021 20:36:06] /a
[18/07/2021 20:36:06] /a
[18/07/2021 20:36:06] /a
[18/07/2021 20:36:06] /a
[18/07/2021 20:36:06] /a
[18/07/2021 20:36:06] /a
[18/07/2021 20:36:06] /a
[18/07/2021 20:36:06] /a
[18/07/2021 20:36:06] /a
[18/07/2021 20:36:06] /a
[18/07/2021 20:36:06] /a
[18/07/2021 20:36:06] /a
[18/07/2021 20:36:06] /a
[18/07/2021 20:36:06] /a
[18/07/2021 20:36:06] /a
[18/07/2021 20:36:06] /a
[18/07/2021 20:36:06] /a
[18/07/2021 20:36:06] /a
[18/07/2021 20:36:06] /a
[18/07/2021 20:36:06] /a
[18/07/2021 20:36:06] /a
[18/07/2021 20:36:06] /a
[18/07/2021 20:36:06] /a
[18/07/2021 20:36:06] /a
[18/07/2021 20:36:06] /a
[18/07/2021 20:36:06] /a
[18/07/2021 20:36:06] /a
[18/07/2021 20:36:06] /a
[18/07/2021 20:36:06] /a
[18/07/2021 20:36:06] /a
[18/07/2021 20:36:06] /a
[18/07/2021 20:36:07] /a
[18/07/2021 20:36:07] /a
[18/07/2021 20:36:07] /a
[18/07/2021 20:36:07] /a
[18/07/2021 20:36:07] /a
[18/07/2021 20:36:07] /a
[18/07/2021 20:36:07] /a
[18/07/2021 20:36:07] /a
[18/07/2021 20:36:07] /a
[18/07/2021 20:36:07] /a
[18/07/2021 20:36:07] /a
[18/07/2021 20:36:07] /a
[18/07/2021 20:36:08] /a
[18/07/2021 20:36:08] /a
[18/07/2021 20:36:08] /a
[18/07/2021 20:36:08] /a
[18/07/2021 20:36:08] /a
[18/07/2021 20:36:08] /a
[18/07/2021 20:36:08] /a
[18/07/2021 20:36:08] /a
[18/07/2021 20:36:08] /a
[18/07/2021 20:36:08] /a
[18/07/2021 20:36:08] /a
[18/07/2021 20:36:08] /a
[18/07/2021 20:36:08] /a
[18/07/2021 20:36:08] /a
[18/07/2021 20:36:08] /a
[18/07/2021 20:36:08] /a
[18/07/2021 20:36:08] /a
[18/07/2021 20:36:08] /a
[18/07/2021 20:36:08] /a
[18/07/2021 20:36:08] /a
[18/07/2021 20:36:08] /a
[18/07/2021 20:36:08] /a
[18/07/2021 20:36:08] /a
[18/07/2021 20:36:08] /a
[18/07/2021 20:36:09] /a
[18/07/2021 20:36:09] /a
[18/07/2021 20:36:09] /a
[18/07/2021 20:36:09] /a
[18/07/2021 20:36:09] /a
[18/07/2021 20:36:09] /a
[18/07/2021 20:36:09] /a
[18/07/2021 20:36:09] /a
[18/07/2021 20:36:09] /a
[18/07/2021 20:36:09] /a
[18/07/2021 20:36:09] /a
[18/07/2021 20:36:09] /a
[18/07/2021 20:36:09] /a
[18/07/2021 20:36:09] /a
[18/07/2021 20:36:09] /a
[18/07/2021 20:36:09] /a
[18/07/2021 20:36:09] /a
[18/07/2021 20:36:09] /a
[18/07/2021 20:36:09] /a
[18/07/2021 20:36:09] /a
[18/07/2021 20:36:09] /a
[18/07/2021 20:36:09] /a
[18/07/2021 20:36:09] /a
[18/07/2021 20:36:09] /a
[18/07/2021 20:36:09] /a
[18/07/2021 20:36:09] /a
[18/07/2021 20:36:09] /a
[18/07/2021 20:36:09] /a
[18/07/2021 20:36:09] /a
[18/07/2021 20:36:09] /a
[18/07/2021 20:36:09] /a
[18/07/2021 20:36:10] /a
[18/07/2021 20:36:10] /a
[18/07/2021 20:36:10] /a
[18/07/2021 20:36:10] /a
[18/07/2021 20:36:10] /a
[18/07/2021 20:36:10] /a
[18/07/2021 20:36:10] /a
[18/07/2021 20:36:10] /a
[18/07/2021 20:36:10] /a
[18/07/2021 20:36:10] /a
[18/07/2021 20:36:10] /a
[18/07/2021 20:36:10] /a
[18/07/2021 20:36:10] /a
[18/07/2021 20:36:10] /a
[18/07/2021 20:36:10] /a
[18/07/2021 20:36:10] /a
[18/07/2021 20:36:10] /a
[18/07/2021 20:36:10] /a
[18/07/2021 20:36:10] /a
[18/07/2021 20:36:10] /a
[18/07/2021 20:36:10] /a
[18/07/2021 20:36:10] /a
[18/07/2021 20:36:10] /a
[18/07/2021 20:36:10] /a
[18/07/2021 20:36:10] /a
[18/07/2021 20:36:10] /a
[18/07/2021 20:36:10] /a
[18/07/2021 20:36:10] /a
[18/07/2021 20:36:10] /a
[18/07/2021 20:36:10] /a
[18/07/2021 20:36:11] /a
[18/07/2021 20:36:11] /a
[18/07/2021 20:36:11] /a
[18/07/2021 20:36:11] /a
[18/07/2021 20:36:11] /a
[18/07/2021 20:36:11] /a
[18/07/2021 20:36:11] /a
[18/07/2021 20:36:11] /a
[18/07/2021 20:36:11] /a
[18/07/2021 20:36:11] /a
[18/07/2021 20:36:11] /a
[18/07/2021 20:36:11] /a
[18/07/2021 20:36:11] /a
[18/07/2021 20:36:11] /a
[18/07/2021 20:36:11] /a
[18/07/2021 20:36:11] /a
[18/07/2021 20:36:11] /a
[18/07/2021 20:36:11] /a
[18/07/2021 20:36:11] /a
[18/07/2021 20:36:11] /a
[18/07/2021 20:36:11] /a
[18/07/2021 20:36:11] /a
[18/07/2021 20:36:11] /a
[18/07/2021 20:36:11] /a
[18/07/2021 20:36:11] /a
[18/07/2021 20:36:11] /a
[18/07/2021 20:36:11] /a
[18/07/2021 20:36:11] /a
[18/07/2021 20:36:11] /a
[18/07/2021 20:36:11] /a
[18/07/2021 20:36:12] /a
[18/07/2021 20:36:12] /a
[18/07/2021 20:36:12] /a
[18/07/2021 20:36:12] /a
[18/07/2021 20:36:12] /a
[18/07/2021 20:36:12] /a
[18/07/2021 20:36:12] /a
[18/07/2021 20:36:12] /a
[18/07/2021 20:36:12] /a
[18/07/2021 20:36:12] /a
[18/07/2021 20:36:12] /a
[18/07/2021 20:36:12] /a
[18/07/2021 20:36:12] /a
[18/07/2021 20:36:12] /a
[18/07/2021 20:36:12] /a
[18/07/2021 20:36:12] /a
[18/07/2021 20:36:12] /a
[18/07/2021 20:36:12] /a
[18/07/2021 20:36:12] /a
[18/07/2021 20:36:12] /a
[18/07/2021 20:36:12] /a
[18/07/2021 20:36:12] /a
[18/07/2021 20:36:12] /a
[18/07/2021 20:36:12] /a
[18/07/2021 20:36:12] /a
[18/07/2021 20:36:12] /a
[18/07/2021 20:36:12] /a
[18/07/2021 20:36:12] /a
[18/07/2021 20:36:12] /a
[18/07/2021 20:36:12] /a
[18/07/2021 20:36:12] /a
[18/07/2021 20:36:13] /a
[18/07/2021 20:36:13] /a
[18/07/2021 20:36:13] /a
[18/07/2021 20:36:13] /a
[18/07/2021 20:36:13] /a
[18/07/2021 20:36:13] /a
[18/07/2021 20:36:13] /a
[18/07/2021 20:36:13] /a
[18/07/2021 20:36:13] /a
[18/07/2021 20:36:13] /a
[18/07/2021 20:36:13] /a
[18/07/2021 20:36:13] /a
[18/07/2021 20:36:13] /a
[18/07/2021 20:36:13] /a
[18/07/2021 20:36:13] /a
[18/07/2021 20:36:13] /a
[18/07/2021 20:36:13] /a
[18/07/2021 20:36:13] /a
[18/07/2021 20:36:13] /a
[18/07/2021 20:36:13] /a
[18/07/2021 20:36:13] /a
[18/07/2021 20:36:13] /a
[18/07/2021 20:36:13] /a
[18/07/2021 20:36:13] /a
[18/07/2021 20:36:13] /a
[18/07/2021 20:36:13] /a
[18/07/2021 20:36:13] /a
[18/07/2021 20:36:13] /a
[18/07/2021 20:36:13] /a
[18/07/2021 20:36:13] /a
[18/07/2021 20:36:14] /a
[18/07/2021 20:36:14] /a
[18/07/2021 20:36:14] /a
[18/07/2021 20:36:14] /a
[18/07/2021 20:36:14] /a
[18/07/2021 20:36:14] /a
[18/07/2021 20:36:14] /a
[18/07/2021 20:36:14] /a
[18/07/2021 20:36:14] /a
[18/07/2021 20:36:14] /a
[18/07/2021 20:36:14] /a
[18/07/2021 20:36:14] /a
[18/07/2021 20:36:14] /a
[18/07/2021 20:36:14] /a
[18/07/2021 20:36:14] /a
[18/07/2021 20:36:14] /a
[18/07/2021 20:36:14] /a
[18/07/2021 20:36:14] /a
[18/07/2021 20:36:14] /a
[18/07/2021 20:36:14] /a
[18/07/2021 20:36:14] /a
[18/07/2021 20:36:14] /a
[18/07/2021 20:36:14] /a
[18/07/2021 20:36:14] /a
[18/07/2021 20:36:14] /a
[18/07/2021 20:36:14] /a
[18/07/2021 20:36:14] /a
[18/07/2021 20:36:15] /a
[18/07/2021 20:36:15] /a
[18/07/2021 20:36:15] /a
[18/07/2021 20:36:15] /a
[18/07/2021 20:36:16] /a
[18/07/2021 20:36:16] /a
[18/07/2021 20:36:16] /a
[18/07/2021 20:36:16] /a
[18/07/2021 20:36:17] /a
[18/07/2021 20:36:17] /a
[18/07/2021 20:36:17] /a
[18/07/2021 20:36:17] /a
[18/07/2021 20:36:17] /a
[18/07/2021 20:36:17] /a
[18/07/2021 20:36:17] /a
[18/07/2021 20:36:17] /a
[18/07/2021 20:36:17] /a
[18/07/2021 20:36:17] /a
[18/07/2021 20:36:17] /a
[18/07/2021 20:36:18] /a
[18/07/2021 20:36:18] /a
[18/07/2021 20:36:18] /a
[18/07/2021 20:36:18] /a
[18/07/2021 20:36:18] /a
[18/07/2021 20:36:18] /a
[18/07/2021 20:36:18] /a
[18/07/2021 20:36:18] /a
[18/07/2021 20:36:18] /a
[18/07/2021 20:36:18] /a
[18/07/2021 20:36:18] /a
[18/07/2021 20:36:18] /a
[18/07/2021 20:36:18] /a
[18/07/2021 20:36:18] /a
[18/07/2021 20:36:18] /a
[18/07/2021 20:36:18] /a
[18/07/2021 20:36:18] /a
[18/07/2021 20:36:18] /a
[18/07/2021 20:36:18] /a
[18/07/2021 20:36:18] /a
[18/07/2021 20:36:18] /a
[18/07/2021 20:36:18] /a
[18/07/2021 20:36:18] /a
[18/07/2021 20:36:18] /a
[18/07/2021 20:36:18] /a
[18/07/2021 20:36:18] /a
[18/07/2021 20:36:18] /a
[18/07/2021 20:36:18] /a
[18/07/2021 20:36:18] /a
[18/07/2021 20:36:18] /a
[18/07/2021 20:36:19] /a
[18/07/2021 20:36:19] /a
[18/07/2021 20:36:19] /a
[18/07/2021 20:36:19] /a
[18/07/2021 20:36:19] /a
[18/07/2021 20:36:19] /a
[18/07/2021 20:36:19] /a
[18/07/2021 20:36:19] /a
[18/07/2021 20:36:19] /a
[18/07/2021 20:36:19] /a
[18/07/2021 20:36:19] /a
[18/07/2021 20:36:19] /a
[18/07/2021 20:36:19] /a
[18/07/2021 20:36:19] /a
[18/07/2021 20:36:19] /a
[18/07/2021 20:36:19] /a
[18/07/2021 20:36:19] /a
[18/07/2021 20:36:19] /a
[18/07/2021 20:36:19] /a
[18/07/2021 20:36:19] /a
[18/07/2021 20:36:19] /a
[18/07/2021 20:36:19] /a
[18/07/2021 20:36:19] /a
[18/07/2021 20:36:19] /a
[18/07/2021 20:36:19] /a
[18/07/2021 20:36:19] /a
[18/07/2021 20:36:19] /a
[18/07/2021 20:36:19] /a
[18/07/2021 20:36:19] /a
[18/07/2021 20:36:19] /a
[18/07/2021 20:36:19] /a
[18/07/2021 20:36:20] /a
[18/07/2021 20:36:20] /a
[18/07/2021 20:36:20] /a
[18/07/2021 20:36:20] /a
[18/07/2021 20:36:20] /a
[18/07/2021 20:36:20] /a
[18/07/2021 20:36:20] /a
[18/07/2021 20:36:20] /a
[18/07/2021 20:36:21] /a
[18/07/2021 20:36:21] /a
[18/07/2021 20:36:21] /a
[18/07/2021 20:36:21] /a
[18/07/2021 20:36:21] /a
[18/07/2021 20:36:21] /a
[18/07/2021 20:36:21] /a
[18/07/2021 20:36:21] /a
[18/07/2021 20:36:21] /a
[18/07/2021 20:36:21] /a
[18/07/2021 20:36:21] /a
[18/07/2021 20:36:21] /a
[18/07/2021 20:36:21] /a
[18/07/2021 20:36:21] /a
[18/07/2021 20:36:21] /a
[18/07/2021 20:36:21] /a
[18/07/2021 20:36:21] /a
[18/07/2021 20:36:21] /a
[18/07/2021 20:36:22] /a
[18/07/2021 20:36:22] /a
[18/07/2021 20:36:22] /a
[18/07/2021 20:36:22] /a
[18/07/2021 20:36:22] /a
[18/07/2021 20:36:22] /a
[18/07/2021 20:36:22] /a
[18/07/2021 20:36:22] /a
[18/07/2021 20:36:22] /a
[18/07/2021 20:36:22] /a
[18/07/2021 20:36:22] /a
[18/07/2021 20:36:22] /a
[18/07/2021 20:36:22] /a
[18/07/2021 20:36:22] /a
[18/07/2021 20:36:24] /a
[18/07/2021 20:36:24] /a
[18/07/2021 20:36:24] /a
[18/07/2021 20:36:24] /a
[18/07/2021 20:36:24] /a
[18/07/2021 20:36:24] /a
[18/07/2021 20:36:24] /a
[18/07/2021 20:36:24] /a
[18/07/2021 20:36:24] /a
[18/07/2021 20:36:24] /a
[18/07/2021 20:36:24] /a
[18/07/2021 20:36:24] /a
[18/07/2021 20:36:24] /a
[18/07/2021 20:36:24] /a
[18/07/2021 20:36:24] /a
[18/07/2021 20:36:24] /a
[18/07/2021 20:36:25] /a
[18/07/2021 20:36:26] /a
[18/07/2021 20:36:26] /a
[18/07/2021 20:36:26] /a
[18/07/2021 20:36:26] /a
[18/07/2021 20:36:26] /a
[18/07/2021 20:36:26] /a
[18/07/2021 20:36:27] /a
[18/07/2021 20:36:27] /a
[18/07/2021 20:36:27] /a
[18/07/2021 20:36:27] /a
[18/07/2021 20:36:27] /a
[18/07/2021 20:36:27] /a
[18/07/2021 20:36:27] /a
[18/07/2021 20:36:27] /a
[18/07/2021 20:36:27] /a
[18/07/2021 20:36:27] /a
[18/07/2021 20:36:27] /a
[18/07/2021 20:36:27] /a
[18/07/2021 20:36:28] /a
[18/07/2021 20:36:29] /a
[18/07/2021 20:36:29] /a
[18/07/2021 20:36:29] /a
[18/07/2021 20:36:29] /a
[18/07/2021 20:36:29] /a
[18/07/2021 20:36:29] /a
[18/07/2021 20:36:29] /a
[18/07/2021 20:36:29] /a
[18/07/2021 20:36:29] /a
[18/07/2021 20:36:29] /a
[18/07/2021 20:36:29] /a
[18/07/2021 20:36:29] /a
[18/07/2021 20:36:29] /a
[18/07/2021 20:36:29] /a
[18/07/2021 20:36:29] /a
[18/07/2021 20:36:29] /a
[18/07/2021 20:36:30] /a
[18/07/2021 20:36:30] /a
[18/07/2021 20:36:30] /a
[18/07/2021 20:36:30] /a
[18/07/2021 20:36:30] /a
[18/07/2021 20:36:30] /a
[18/07/2021 20:36:31] /a
[18/07/2021 20:36:34] /a
[18/07/2021 20:36:34] /a
[18/07/2021 20:36:34] /a
[18/07/2021 20:36:34] /a
[18/07/2021 20:36:34] /a
[18/07/2021 20:36:34] /a
[18/07/2021 20:36:34] /a
[18/07/2021 20:36:34] /a
[18/07/2021 20:36:34] /a
[18/07/2021 20:36:34] /a
[18/07/2021 20:36:34] /a
[18/07/2021 20:36:34] /a
[18/07/2021 20:36:34] /a
[18/07/2021 20:36:34] /a
[18/07/2021 20:36:35] /a
[18/07/2021 20:36:35] /a
[18/07/2021 20:36:35] /a
[18/07/2021 20:36:35] /a
[18/07/2021 20:36:35] /a
[18/07/2021 20:36:35] /a
[18/07/2021 20:36:35] /a
[18/07/2021 20:36:35] /a
[18/07/2021 20:36:35] /a
[18/07/2021 20:36:35] /a
[18/07/2021 20:36:35] /a
[18/07/2021 20:36:35] /a
[18/07/2021 20:36:35] /a
[18/07/2021 20:36:35] /a
[18/07/2021 20:36:35] /a
[18/07/2021 20:36:35] /a
[18/07/2021 20:36:35] /a
[18/07/2021 20:36:35] /a
[18/07/2021 20:36:35] /a
[18/07/2021 20:36:35] /a
[18/07/2021 20:36:35] /a
[18/07/2021 20:36:35] /a
[18/07/2021 20:36:35] /a
[18/07/2021 20:36:35] /a
[18/07/2021 20:36:35] /a
[18/07/2021 20:36:35] /a
[18/07/2021 20:36:35] /a
[18/07/2021 20:36:35] /a
[18/07/2021 20:36:35] /a
[18/07/2021 20:36:35] /a
[18/07/2021 20:36:36] /a
[18/07/2021 20:36:36] /a
[18/07/2021 20:36:36] /a
[18/07/2021 20:36:37] /a
[18/07/2021 20:36:37] /a
[18/07/2021 20:36:37] /a
[18/07/2021 20:36:37] /a
[18/07/2021 20:36:37] /a
[18/07/2021 20:36:37] /a
[18/07/2021 20:36:37] /a
[18/07/2021 20:36:37] /a
[18/07/2021 20:36:37] /a
[18/07/2021 20:36:37] /a
[18/07/2021 20:36:37] /a
[18/07/2021 20:36:37] /a
[18/07/2021 20:36:37] /a
[18/07/2021 20:36:37] /a
[18/07/2021 20:36:37] /a
[18/07/2021 20:36:37] /a
[18/07/2021 20:36:37] /a
[18/07/2021 20:36:37] /a
[18/07/2021 20:36:37] /a
[18/07/2021 20:36:37] /a
[18/07/2021 20:36:38] /a
[18/07/2021 20:36:38] /a
[18/07/2021 20:36:38] /a
[18/07/2021 20:36:38] /a
[18/07/2021 20:36:38] /a
[18/07/2021 20:36:38] /a
[18/07/2021 20:36:38] /a
[18/07/2021 20:36:38] /a
[18/07/2021 20:36:38] /a
[18/07/2021 20:36:38] /a
[18/07/2021 20:36:38] /a
[18/07/2021 20:36:38] /a
[18/07/2021 20:36:38] /a
[18/07/2021 20:36:38] /a
[18/07/2021 20:36:38] /a
[18/07/2021 20:36:38] /a
[18/07/2021 20:36:38] /a
[18/07/2021 20:36:39] /a
[18/07/2021 20:36:39] /a
[18/07/2021 20:36:39] /a
[18/07/2021 20:36:39] /a
[18/07/2021 20:36:39] /a
[18/07/2021 20:36:39] /a
[18/07/2021 20:36:39] /a
[18/07/2021 20:36:39] /a
[18/07/2021 20:36:39] /a
[18/07/2021 20:36:39] /a
[18/07/2021 20:36:39] /a
[18/07/2021 20:36:39] /a
[18/07/2021 20:36:39] /a
[18/07/2021 20:36:39] /a
[18/07/2021 20:36:39] /a
[18/07/2021 20:36:40] /a
[18/07/2021 20:36:40] /a
[18/07/2021 20:36:40] /a
[18/07/2021 20:36:40] /a
[18/07/2021 20:36:40] /a
[18/07/2021 20:36:40] /a
[18/07/2021 20:36:40] /a
[18/07/2021 20:36:40] /a
[18/07/2021 20:36:40] /a
[18/07/2021 20:36:40] /a
[18/07/2021 20:36:40] /a
[18/07/2021 20:36:40] /a
[18/07/2021 20:36:40] /a
[18/07/2021 20:36:40] /a
[18/07/2021 20:36:40] /a
[18/07/2021 20:36:40] /a
[18/07/2021 20:36:40] /a
[18/07/2021 20:36:40] /a
[18/07/2021 20:36:40] /a
[18/07/2021 20:36:40] /a
[18/07/2021 20:36:40] /a
[18/07/2021 20:36:40] /a
[18/07/2021 20:36:40] /a
[18/07/2021 20:36:40] /a
[18/07/2021 20:36:40] /a
[18/07/2021 20:36:40] /a
[18/07/2021 20:36:40] /a
[18/07/2021 20:36:40] /a
[18/07/2021 20:36:41] /a
[18/07/2021 20:36:41] /a
[18/07/2021 20:36:41] /a
[18/07/2021 20:36:41] /a
[18/07/2021 20:36:41] /a
[18/07/2021 20:36:41] /a
[18/07/2021 20:36:41] /a
[18/07/2021 20:36:41] /a
[18/07/2021 20:36:41] /a
[18/07/2021 20:36:42] /a
[18/07/2021 20:36:42] /a
[18/07/2021 20:36:42] /a
[18/07/2021 20:36:42] /a
[18/07/2021 20:36:42] /a
[18/07/2021 20:36:42] /a
[18/07/2021 20:36:42] /a
[18/07/2021 20:36:42] /a
[18/07/2021 20:36:42] /a
[18/07/2021 20:36:42] /a
[18/07/2021 20:36:42] /a
[18/07/2021 20:36:42] /a
[18/07/2021 20:36:42] /a
[18/07/2021 20:36:42] /a
[18/07/2021 20:36:42] /a
[18/07/2021 20:36:42] /a
[18/07/2021 20:36:42] /a
[18/07/2021 20:36:42] /a
[18/07/2021 20:36:42] /a
[18/07/2021 20:36:42] /a
[18/07/2021 20:36:42] /a
[18/07/2021 20:36:42] /a
[18/07/2021 20:36:42] /a
[18/07/2021 20:36:42] /a
[18/07/2021 20:36:42] /a
[18/07/2021 20:36:42] /a
[18/07/2021 20:36:42] /a
[18/07/2021 20:36:42] /a
[18/07/2021 20:36:42] /a
[18/07/2021 20:36:42] /a
[18/07/2021 20:36:43] /a
[18/07/2021 20:36:43] /a
[18/07/2021 20:36:43] /a
[18/07/2021 20:36:43] /a
[18/07/2021 20:36:43] /a
[18/07/2021 20:36:43] /a
[18/07/2021 20:36:43] /a
[18/07/2021 20:36:43] /a
[18/07/2021 20:36:43] /a
[18/07/2021 20:36:43] /a
[18/07/2021 20:36:43] /a
[18/07/2021 20:36:43] /a
[18/07/2021 20:36:43] /a
[18/07/2021 20:36:43] /a
[18/07/2021 20:36:43] /a
[18/07/2021 20:36:43] /a
[18/07/2021 20:36:43] /a
[18/07/2021 20:36:43] /a
[18/07/2021 20:36:43] /a
[18/07/2021 20:36:43] /a
[18/07/2021 20:36:43] /a
[18/07/2021 20:36:43] /a
[18/07/2021 20:36:43] /a
[18/07/2021 20:36:43] /a
[18/07/2021 20:36:43] /a
[18/07/2021 20:36:45] /a
[18/07/2021 20:36:45] /a
[18/07/2021 20:36:46] /a
[18/07/2021 20:36:46] /a
[18/07/2021 20:36:46] /a
[18/07/2021 20:36:46] /a
[18/07/2021 20:36:46] /a
[18/07/2021 20:36:46] /a
[18/07/2021 20:36:46] /a
[18/07/2021 20:36:46] /a
[18/07/2021 20:36:47] /a
[18/07/2021 20:36:47] /a
[18/07/2021 20:36:47] /a
[18/07/2021 20:36:47] /a
[18/07/2021 20:36:49] /a
[18/07/2021 20:36:49] /a
[18/07/2021 20:36:49] /a
[18/07/2021 20:36:49] /a
[18/07/2021 20:36:49] /a
[18/07/2021 20:36:49] /a
[18/07/2021 20:36:49] /a
[18/07/2021 20:36:49] /a
[18/07/2021 20:36:49] /a
[18/07/2021 20:36:49] /a
[18/07/2021 20:36:51] /a
[18/07/2021 20:36:51] /a
[18/07/2021 20:36:51] /a
[18/07/2021 20:36:51] /a
[18/07/2021 20:36:51] /a
[18/07/2021 20:36:51] /a
[18/07/2021 20:36:52] /a
[18/07/2021 20:36:52] /a
[18/07/2021 20:36:52] /a
[18/07/2021 20:36:52] /a
[18/07/2021 20:36:52] /a
[18/07/2021 20:36:52] /a
[18/07/2021 20:36:52] /a
[18/07/2021 20:36:52] /a
[18/07/2021 20:36:52] /a
[18/07/2021 20:36:52] /a
[18/07/2021 20:36:52] /a
[18/07/2021 20:36:52] /a
[18/07/2021 20:36:52] /a
[18/07/2021 20:36:53] /a
[18/07/2021 20:36:53] /a
[18/07/2021 20:36:53] /a
[18/07/2021 20:36:53] /a
[18/07/2021 20:36:53] /a
[18/07/2021 20:36:53] /a
[18/07/2021 20:36:53] /a
[18/07/2021 20:36:53] /a
[18/07/2021 20:36:53] /a
[18/07/2021 20:36:53] /a
[18/07/2021 20:36:53] /a
[18/07/2021 20:36:54] /a
[18/07/2021 20:36:54] /a
[18/07/2021 20:36:54] /a
[18/07/2021 20:36:54] /a
[18/07/2021 20:36:54] /a
[18/07/2021 20:36:54] /a
[18/07/2021 20:36:54] /a
[18/07/2021 20:36:54] /a
[18/07/2021 20:36:54] /a
[18/07/2021 20:36:54] /a
[18/07/2021 20:36:54] /a
[18/07/2021 20:36:54] /a
[18/07/2021 20:36:54] /a
[18/07/2021 20:36:54] /a
[18/07/2021 20:36:54] /a
[18/07/2021 20:36:55] /a
[18/07/2021 20:36:55] /a
[18/07/2021 20:36:55] /a
[18/07/2021 20:36:55] /a
[18/07/2021 20:36:55] /a
[18/07/2021 20:36:55] /a
[18/07/2021 20:36:55] /a
[18/07/2021 20:36:55] /a
[18/07/2021 20:36:55] /a
[18/07/2021 20:36:55] /a
[18/07/2021 20:36:55] /a
[18/07/2021 20:36:55] /a
[18/07/2021 20:36:55] /a
[18/07/2021 20:36:55] /a
[18/07/2021 20:36:55] /a
[18/07/2021 20:36:55] /a
[18/07/2021 20:36:55] /a
[18/07/2021 20:36:55] /a
[18/07/2021 20:36:55] /a
[18/07/2021 20:36:55] /a
[18/07/2021 20:36:55] /a
[18/07/2021 20:36:55] /a
[18/07/2021 20:36:55] /a
[18/07/2021 20:36:55] /a
[18/07/2021 20:36:55] /a
[18/07/2021 20:36:55] /a
[18/07/2021 20:36:56] /a
[18/07/2021 20:36:56] /a
[18/07/2021 20:36:56] /a
[18/07/2021 20:36:57] /a
[18/07/2021 20:36:57] /a
[18/07/2021 20:36:57] /a
[18/07/2021 20:36:57] /a
[18/07/2021 20:36:57] /a
[18/07/2021 20:36:57] /a
[18/07/2021 20:36:57] /a
[18/07/2021 20:36:57] /a
[18/07/2021 20:36:57] /a
[18/07/2021 20:36:57] /a
[18/07/2021 20:36:57] /a
[18/07/2021 20:36:57] /a
[18/07/2021 20:36:57] /a
[18/07/2021 20:36:57] /a
[18/07/2021 20:36:57] /a
[18/07/2021 20:36:57] /a
[18/07/2021 20:36:57] /a
[18/07/2021 20:36:57] /a
[18/07/2021 20:36:57] /a
[18/07/2021 20:36:57] /a
[18/07/2021 20:36:57] /a
[18/07/2021 20:36:58] /a
[18/07/2021 20:36:58] /a
[18/07/2021 20:36:58] /a
[18/07/2021 20:36:58] /a
[18/07/2021 20:36:58] /a
[18/07/2021 20:36:58] /a
[18/07/2021 20:36:58] /a
[18/07/2021 20:36:58] /a
[18/07/2021 20:36:58] /a
[18/07/2021 20:36:58] /a
[18/07/2021 20:36:58] /a
[18/07/2021 20:36:58] /a
[18/07/2021 20:36:59] /a
[18/07/2021 20:36:59] /a
[18/07/2021 20:36:59] /a
[18/07/2021 20:36:59] /a
[18/07/2021 20:36:59] /a
[18/07/2021 20:36:59] /a
[18/07/2021 20:36:59] /a
[18/07/2021 20:36:59] /a
[18/07/2021 20:36:59] /a
[18/07/2021 20:36:59] /a
[18/07/2021 20:36:59] /a
[18/07/2021 20:36:59] /a
[18/07/2021 20:36:59] /a
[18/07/2021 20:36:59] /a
[18/07/2021 20:36:59] /a
[18/07/2021 20:37:00] /a
[18/07/2021 20:37:00] /a
[18/07/2021 20:37:00] /a
[18/07/2021 20:37:00] /a
[18/07/2021 20:37:00] /a
[18/07/2021 20:37:00] /a
[18/07/2021 20:37:00] /a
[18/07/2021 20:37:00] /a
[18/07/2021 20:37:00] /a
[18/07/2021 20:37:00] /a
[18/07/2021 20:37:00] /a
[18/07/2021 20:37:00] /a
[18/07/2021 20:37:00] /a
[18/07/2021 20:37:00] /a
[18/07/2021 20:37:01] /a
[18/07/2021 20:37:01] /a
[18/07/2021 20:37:01] /a
[18/07/2021 20:37:02] /a
[18/07/2021 20:37:02] /a
[18/07/2021 20:37:02] /a
[18/07/2021 20:37:02] /a
[18/07/2021 20:37:02] /a
[18/07/2021 20:37:02] /a
[18/07/2021 20:37:02] /a
[18/07/2021 20:37:02] /a
[18/07/2021 20:37:02] /a
[18/07/2021 20:37:02] /a
[18/07/2021 20:37:02] /a
[18/07/2021 20:37:02] /a
[18/07/2021 20:37:02] /a
[18/07/2021 20:37:02] /a
[18/07/2021 20:37:02] /a
[18/07/2021 20:37:02] /a
[18/07/2021 20:37:02] /a
[18/07/2021 20:37:02] /a
[18/07/2021 20:37:02] /a
[18/07/2021 20:37:02] /a
[18/07/2021 20:37:02] /a
[18/07/2021 20:37:02] /a
[18/07/2021 20:37:02] /a
[18/07/2021 20:37:02] /a
[18/07/2021 20:37:03] /a
[18/07/2021 20:37:03] /a
[18/07/2021 20:37:03] /a
[18/07/2021 20:37:03] /a
[18/07/2021 20:37:03] /a
[18/07/2021 20:37:03] /a
[18/07/2021 20:37:03] /a
[18/07/2021 20:37:04] /a
[18/07/2021 20:37:04] /a
[18/07/2021 20:37:04] /a
[18/07/2021 20:37:04] /a
[18/07/2021 20:37:04] /a
[18/07/2021 20:37:04] /a
[18/07/2021 20:37:04] /a
[18/07/2021 20:37:04] /a
[18/07/2021 20:37:04] /a
[18/07/2021 20:37:04] /a
[18/07/2021 20:37:04] /a
[18/07/2021 20:37:04] /a
[18/07/2021 20:37:04] /a
[18/07/2021 20:37:04] /a
[18/07/2021 20:37:04] /a
[18/07/2021 20:37:04] /a
[18/07/2021 20:37:04] /a
[18/07/2021 20:37:04] /a
[18/07/2021 20:37:04] /a
[18/07/2021 20:37:04] /a
[18/07/2021 20:37:04] /a
[18/07/2021 20:37:04] /a
[18/07/2021 20:37:04] /a
[18/07/2021 20:37:04] /a
[18/07/2021 20:37:04] /a
[18/07/2021 20:37:04] /a
[18/07/2021 20:37:04] /a
[18/07/2021 20:37:04] /a
[18/07/2021 20:37:04] /a
[18/07/2021 20:37:04] /a
[18/07/2021 20:37:05] /a
[18/07/2021 20:37:05] /a
[18/07/2021 20:37:05] /a
[18/07/2021 20:37:05] /a
[18/07/2021 20:37:05] /a
[18/07/2021 20:37:05] /a
[18/07/2021 20:37:06] /a
[18/07/2021 20:37:06] /a
[18/07/2021 20:37:06] /a
[18/07/2021 20:37:06] /a
[18/07/2021 20:37:06] /a
[18/07/2021 20:37:06] /a
[18/07/2021 20:37:06] /a
[18/07/2021 20:37:06] /a
[18/07/2021 20:37:06] /a
[18/07/2021 20:37:06] /a
[18/07/2021 20:37:06] /a
[18/07/2021 20:37:06] /a
[18/07/2021 20:37:06] /a
[18/07/2021 20:37:06] /a
[18/07/2021 20:37:06] /a
[18/07/2021 20:37:06] /a
[18/07/2021 20:37:06] /a
[18/07/2021 20:37:06] /a
[18/07/2021 20:37:06] /a
[18/07/2021 20:37:06] /a
[18/07/2021 20:37:06] /a
[18/07/2021 20:37:06] /a
[18/07/2021 20:37:06] /a
[18/07/2021 20:37:06] /a
[18/07/2021 20:37:06] /a
[18/07/2021 20:37:06] /a
[18/07/2021 20:37:06] /a
[18/07/2021 20:37:06] /a
[18/07/2021 20:37:06] /a
[18/07/2021 20:37:06] /a
[18/07/2021 20:37:06] /a
[18/07/2021 20:37:07] /a
[18/07/2021 20:37:07] /a
[18/07/2021 20:37:07] /a
[18/07/2021 20:37:08] /a
[18/07/2021 20:37:08] /a
[18/07/2021 20:37:08] /a
[18/07/2021 20:37:08] /a
[18/07/2021 20:37:08] /a
[18/07/2021 20:37:08] /a
[18/07/2021 20:37:08] /a
[18/07/2021 20:37:08] /a
[18/07/2021 20:37:08] /a
[18/07/2021 20:37:08] /a
[18/07/2021 20:37:08] /a
[18/07/2021 20:37:08] /a
[18/07/2021 20:37:08] /a
[18/07/2021 20:37:08] /a
[18/07/2021 20:37:08] /a
[18/07/2021 20:37:08] /a
[18/07/2021 20:37:08] /a
[18/07/2021 20:37:08] /a
[18/07/2021 20:37:08] /a
[18/07/2021 20:37:08] /a
[18/07/2021 20:37:08] /a
[18/07/2021 20:37:08] /a
[18/07/2021 20:37:08] /a
[18/07/2021 20:37:08] /a
[18/07/2021 20:37:08] /a
[18/07/2021 20:37:08] /a
[18/07/2021 20:37:08] /a
[18/07/2021 20:37:09] /a
[18/07/2021 20:37:09] /a
[18/07/2021 20:37:09] /a
[18/07/2021 20:37:09] /a
[18/07/2021 20:37:09] /a
[18/07/2021 20:37:09] /a
[18/07/2021 20:37:10] /a
[18/07/2021 20:37:10] /a
[18/07/2021 20:37:10] /a
[18/07/2021 20:37:10] /a
[18/07/2021 20:37:10] /a
[18/07/2021 20:37:10] /a
[18/07/2021 20:37:10] /a
[18/07/2021 20:37:10] /a
[18/07/2021 20:37:10] /a
[18/07/2021 20:37:10] /a
[18/07/2021 20:37:10] /a
[18/07/2021 20:37:10] /a
[18/07/2021 20:37:10] /a
[18/07/2021 20:37:10] /a
[18/07/2021 20:37:10] /a
[18/07/2021 20:37:10] /a
[18/07/2021 20:37:10] /a
[18/07/2021 20:37:10] /a
[18/07/2021 20:37:10] /a
[18/07/2021 20:37:10] /a
[18/07/2021 20:37:10] /a
[18/07/2021 20:37:10] /a
[18/07/2021 20:37:10] /a
[18/07/2021 20:37:10] /a
[18/07/2021 20:37:10] /a
[18/07/2021 20:37:10] /a
[18/07/2021 20:37:10] /a
[18/07/2021 20:37:10] /a
[18/07/2021 20:37:10] /a
[18/07/2021 20:37:10] /a
[18/07/2021 20:37:11] /a
[18/07/2021 20:37:11] /a
[18/07/2021 20:37:11] /a
[18/07/2021 20:37:11] /a
[18/07/2021 20:37:11] /a
[18/07/2021 20:37:11] /a
[18/07/2021 20:37:11] /a
[18/07/2021 20:37:11] /a
[18/07/2021 20:37:11] /a
[18/07/2021 20:37:11] /a
[18/07/2021 20:37:11] /a
[18/07/2021 20:37:11] /a
[18/07/2021 20:37:11] /a
[18/07/2021 20:37:11] /a
[18/07/2021 20:37:11] /a
[18/07/2021 20:37:11] /a
[18/07/2021 20:37:12] /a
[18/07/2021 20:37:12] /a
[18/07/2021 20:37:12] /a
[18/07/2021 20:37:12] /a
[18/07/2021 20:37:12] /a
[18/07/2021 20:37:12] /a
[18/07/2021 20:37:12] /a
[18/07/2021 20:37:12] /a
[18/07/2021 20:37:12] /a
[18/07/2021 20:37:12] /a
[18/07/2021 20:37:12] /a
[18/07/2021 20:37:12] /a
[18/07/2021 20:37:12] /a
[18/07/2021 20:37:12] /a
[18/07/2021 20:37:12] /a
[18/07/2021 20:37:12] /a
[18/07/2021 20:37:12] /a
[18/07/2021 20:37:12] /a
[18/07/2021 20:37:12] /a
[18/07/2021 20:37:12] /a
[18/07/2021 20:37:12] /a
[18/07/2021 20:37:12] /a
[18/07/2021 20:37:12] /a
[18/07/2021 20:37:12] /a
[18/07/2021 20:37:12] /a
[18/07/2021 20:37:13] /a
[18/07/2021 20:37:13] /a
[18/07/2021 20:37:13] /a
[18/07/2021 20:37:13] /a
[18/07/2021 20:37:13] /a
[18/07/2021 20:37:13] /a
[18/07/2021 20:37:13] /a
[18/07/2021 20:37:13] /a
[18/07/2021 20:37:13] /a
[18/07/2021 20:37:13] /a
[18/07/2021 20:37:13] /a
[18/07/2021 20:37:13] /a
[18/07/2021 20:37:13] /a
[18/07/2021 20:37:13] /a
[18/07/2021 20:37:13] /a
[18/07/2021 20:37:13] /a
[18/07/2021 20:37:13] /a
[18/07/2021 20:37:13] /a
[18/07/2021 20:37:13] /a
[18/07/2021 20:37:13] /a
[18/07/2021 20:37:13] /a
[18/07/2021 20:37:13] /a
[18/07/2021 20:37:13] /a
[18/07/2021 20:37:13] /a
[18/07/2021 20:37:13] /a
[18/07/2021 20:37:13] /a
[18/07/2021 20:37:13] /a
[18/07/2021 20:37:14] /a
[18/07/2021 20:37:14] /a
[18/07/2021 20:37:14] /a
[18/07/2021 20:37:14] /a
[18/07/2021 20:37:14] /a
[18/07/2021 20:37:14] /a
[18/07/2021 20:37:14] /a
[18/07/2021 20:37:14] /a
[18/07/2021 20:37:14] /a
[18/07/2021 20:37:14] /a
[18/07/2021 20:37:14] /a
[18/07/2021 20:37:14] /a
[18/07/2021 20:37:14] /a
[18/07/2021 20:37:14] /a
[18/07/2021 20:37:15] /a
[18/07/2021 20:37:15] /a
[18/07/2021 20:37:15] /a
[18/07/2021 20:37:15] /a
[18/07/2021 20:37:15] /a
[18/07/2021 20:37:15] /a
[18/07/2021 20:37:15] /a
[18/07/2021 20:37:15] /a
[18/07/2021 20:37:15] /a
[18/07/2021 20:37:15] /a
[18/07/2021 20:37:15] /a
[18/07/2021 20:37:16] /a
[18/07/2021 20:37:16] /a
[18/07/2021 20:37:16] /a
[18/07/2021 20:37:16] /a
[18/07/2021 20:37:16] /a
[18/07/2021 20:37:16] /a
[18/07/2021 20:37:16] /a
[18/07/2021 20:37:16] /a
[18/07/2021 20:37:16] /a
[18/07/2021 20:37:16] /a
[18/07/2021 20:37:16] /a
[18/07/2021 20:37:16] /a
[18/07/2021 20:37:16] /a
[18/07/2021 20:37:16] /a
[18/07/2021 20:37:16] /a
[18/07/2021 20:37:16] /a
[18/07/2021 20:37:16] /a
[18/07/2021 20:37:16] /a
[18/07/2021 20:37:16] /a
[18/07/2021 20:37:16] /a
[18/07/2021 20:37:16] /a
[18/07/2021 20:37:16] /a
[18/07/2021 20:37:16] /a
[18/07/2021 20:37:17] /a
[18/07/2021 20:37:17] /a
[18/07/2021 20:37:17] /a
[18/07/2021 20:37:17] /a
[18/07/2021 20:37:17] /a
[18/07/2021 20:37:17] /a
[18/07/2021 20:37:17] /a
[18/07/2021 20:37:17] /a
[18/07/2021 20:37:17] /a
[18/07/2021 20:37:17] /a
[18/07/2021 20:37:17] /a
[18/07/2021 20:37:17] /a
[18/07/2021 20:37:17] /a
[18/07/2021 20:37:17] /a
[18/07/2021 20:37:17] /a
[18/07/2021 20:37:17] /a
[18/07/2021 20:37:17] /a
[18/07/2021 20:37:17] /a
[18/07/2021 20:37:17] /a
[18/07/2021 20:37:17] /a
[18/07/2021 20:37:17] /a
[18/07/2021 20:37:17] /a
[18/07/2021 20:37:17] /a
[18/07/2021 20:37:17] /a
[18/07/2021 20:37:17] /a
[18/07/2021 20:37:17] /a
[18/07/2021 20:37:17] /a
[18/07/2021 20:37:17] /a
[18/07/2021 20:37:17] /a
[18/07/2021 20:37:17] /a
[18/07/2021 20:37:18] /a
[18/07/2021 20:37:19] /a
[18/07/2021 20:37:19] /a
[18/07/2021 20:37:19] /a
[18/07/2021 20:37:19] /a
[18/07/2021 20:37:19] /a
[18/07/2021 20:37:19] /a
[18/07/2021 20:37:19] /a
[18/07/2021 20:37:19] /a
[18/07/2021 20:37:19] /a
[18/07/2021 20:37:19] /a
[18/07/2021 20:37:19] /a
[18/07/2021 20:37:19] /a
[18/07/2021 20:37:19] /a
[18/07/2021 20:37:19] /a
[18/07/2021 20:37:19] /a
[18/07/2021 20:37:20] /a
[18/07/2021 20:37:20] /a
[18/07/2021 20:37:20] /a
[18/07/2021 20:37:20] /a
[18/07/2021 20:37:20] /a
[18/07/2021 20:37:20] /a
[18/07/2021 20:37:20] /a
[18/07/2021 20:37:21] /a
[18/07/2021 20:37:21] /a
[18/07/2021 20:37:21] /a
[18/07/2021 20:37:21] /a
[18/07/2021 20:37:21] /a
[18/07/2021 20:37:21] /a
[18/07/2021 20:37:21] /a
[18/07/2021 20:37:21] /a
[18/07/2021 20:37:21] /a
[18/07/2021 20:37:21] /a
[18/07/2021 20:37:21] /a
[18/07/2021 20:37:21] /a
[18/07/2021 20:37:22] /a
[18/07/2021 20:37:23] /a
[18/07/2021 20:37:23] /a
[18/07/2021 20:37:23] /a
[18/07/2021 20:37:23] /a
[18/07/2021 20:37:23] /a
[18/07/2021 20:37:23] /a
[18/07/2021 20:37:23] /a
[18/07/2021 20:37:23] /a
[18/07/2021 20:37:23] /a
[18/07/2021 20:37:23] /a
[18/07/2021 20:37:23] /a
[18/07/2021 20:37:23] /a
[18/07/2021 20:37:23] /a
[18/07/2021 20:37:23] /a
[18/07/2021 20:37:23] /a
[18/07/2021 20:37:23] /a
[18/07/2021 20:37:23] /a
[18/07/2021 20:37:23] /a
[18/07/2021 20:37:24] /a
[18/07/2021 20:37:24] /a
[18/07/2021 20:37:24] /a
[18/07/2021 20:37:24] /a
[18/07/2021 20:37:24] /a
[18/07/2021 20:37:24] /a
[18/07/2021 20:37:24] /a
[18/07/2021 20:37:25] /a
[18/07/2021 20:37:26] /a
[18/07/2021 20:37:26] /a
[18/07/2021 20:37:26] /a
[18/07/2021 20:37:26] /a
[18/07/2021 20:37:26] /a
[18/07/2021 20:37:27] /a
[18/07/2021 20:37:27] /a
[18/07/2021 20:37:27] /a
[18/07/2021 20:37:27] /a
[18/07/2021 20:37:27] /a
[18/07/2021 20:37:27] /a
[18/07/2021 20:37:27] /a
[18/07/2021 20:37:27] /a
[18/07/2021 20:37:27] /a
[18/07/2021 20:37:27] /a
[18/07/2021 20:37:27] /a
[18/07/2021 20:37:27] /a
[18/07/2021 20:37:27] /a
[18/07/2021 20:37:27] /a
[18/07/2021 20:37:27] /a
[18/07/2021 20:37:28] /a
[18/07/2021 20:37:28] /a
[18/07/2021 20:37:28] /a
[18/07/2021 20:37:28] /a
[18/07/2021 20:37:28] /a
[18/07/2021 20:37:28] /a
[18/07/2021 20:37:28] /a
[18/07/2021 20:37:28] /a
[18/07/2021 20:37:28] /a
[18/07/2021 20:37:28] /a
[18/07/2021 20:37:28] /a
[18/07/2021 20:37:28] /a
[18/07/2021 20:37:28] /a
[18/07/2021 20:37:28] /a
[18/07/2021 20:37:28] /a
[18/07/2021 20:37:28] /a
[18/07/2021 20:37:28] /a
[18/07/2021 20:37:28] /a
[18/07/2021 20:37:28] /a
[18/07/2021 20:37:28] /a
[18/07/2021 20:37:28] /a
[18/07/2021 20:37:29] /a
[18/07/2021 20:37:29] /a
[18/07/2021 20:37:29] /a
[18/07/2021 20:37:29] /a
[18/07/2021 20:37:29] /a
[18/07/2021 20:37:29] /a
[18/07/2021 20:37:29] /a
[18/07/2021 20:37:29] /a
[18/07/2021 20:37:29] /a
[18/07/2021 20:37:29] /a
[18/07/2021 20:37:29] /a
[18/07/2021 20:37:29] /a
[18/07/2021 20:37:29] /a
[18/07/2021 20:37:29] /a
[18/07/2021 20:37:29] /a
[18/07/2021 20:37:29] /a
[18/07/2021 20:37:29] /a
[18/07/2021 20:37:30] /a
[18/07/2021 20:37:30] /a
[18/07/2021 20:37:30] /a
[18/07/2021 20:37:30] /a
[18/07/2021 20:37:30] /a
[18/07/2021 20:37:30] /a
[18/07/2021 20:37:30] /a
[18/07/2021 20:37:30] /a
[18/07/2021 20:37:30] /a
[18/07/2021 20:37:30] /a
[18/07/2021 20:37:30] /a
[18/07/2021 20:37:30] /a
[18/07/2021 20:37:30] /a
[18/07/2021 20:37:30] /a
[18/07/2021 20:37:30] /a
[18/07/2021 20:37:30] /a
[18/07/2021 20:37:30] /a
[18/07/2021 20:37:30] /a
[18/07/2021 20:37:30] /a
[18/07/2021 20:37:30] /a
[18/07/2021 20:37:30] /a
[18/07/2021 20:37:30] /a
[18/07/2021 20:37:30] /a
[18/07/2021 20:37:31] /a
[18/07/2021 20:37:31] /a
[18/07/2021 20:37:31] /a
[18/07/2021 20:37:31] /a
[18/07/2021 20:37:31] /a
[18/07/2021 20:37:31] /a
[18/07/2021 20:37:31] /a
[18/07/2021 20:37:31] /a
[18/07/2021 20:37:31] /a
[18/07/2021 20:37:31] /a
[18/07/2021 20:37:31] /a
[18/07/2021 20:37:31] /a
[18/07/2021 20:37:31] /a
[18/07/2021 20:37:31] /a
[18/07/2021 20:37:31] /a
[18/07/2021 20:37:31] /a
[18/07/2021 20:37:31] /a
[18/07/2021 20:37:31] /a
[18/07/2021 20:37:31] /a
[18/07/2021 20:37:31] /a
[18/07/2021 20:37:31] /a
[18/07/2021 20:37:31] /a
[18/07/2021 20:37:31] /a
[18/07/2021 20:37:31] /a
[18/07/2021 20:37:31] /a
[18/07/2021 20:37:31] /a
[18/07/2021 20:37:31] /a
[18/07/2021 20:37:31] /a
[18/07/2021 20:37:31] /a
[18/07/2021 20:37:31] /a
[18/07/2021 20:37:32] /a
[18/07/2021 20:37:33] /a
[18/07/2021 20:37:33] /a
[18/07/2021 20:37:33] /a
[18/07/2021 20:37:33] /a
[18/07/2021 20:37:34] /a
[18/07/2021 20:37:34] /a
[18/07/2021 20:37:34] /a
[18/07/2021 20:37:34] /a
[18/07/2021 20:37:34] /a
[18/07/2021 20:37:34] /a
[18/07/2021 20:37:34] /a
[18/07/2021 20:37:34] /a
[18/07/2021 20:37:34] /a
[18/07/2021 20:37:34] /a
[18/07/2021 20:37:34] /a
[18/07/2021 20:37:34] /a
[18/07/2021 20:37:34] /a
[18/07/2021 20:37:34] /a
[18/07/2021 20:37:34] /a
[18/07/2021 20:37:34] /a
[18/07/2021 20:37:35] /a
[18/07/2021 20:37:35] /a
[18/07/2021 20:37:35] /a
[18/07/2021 20:37:35] /a
[18/07/2021 20:37:39] /a
[18/07/2021 20:37:39] /a
[18/07/2021 20:37:39] /a
[18/07/2021 20:37:39] /a
[18/07/2021 20:37:39] /a
[18/07/2021 20:37:39] /a
[18/07/2021 20:37:39] /a
[18/07/2021 20:37:39] /a
[18/07/2021 20:37:39] /a
[18/07/2021 20:37:39] /a
[18/07/2021 20:37:39] /a
[18/07/2021 20:37:39] /a
[18/07/2021 20:37:40] /a
[18/07/2021 20:37:40] /a
[18/07/2021 20:37:40] /a
[18/07/2021 20:37:40] /a
[18/07/2021 20:37:40] /a
[18/07/2021 20:37:40] /a
[18/07/2021 20:37:40] /a
[18/07/2021 20:37:40] /a
[18/07/2021 20:37:40] /a
[18/07/2021 20:37:40] /a
[18/07/2021 20:37:41] /a
[18/07/2021 20:37:41] /a
[18/07/2021 20:37:41] /a
[18/07/2021 20:37:41] /a
[18/07/2021 20:37:41] /a
[18/07/2021 20:37:41] /a
[18/07/2021 20:37:41] /a
[18/07/2021 20:37:41] /a
[18/07/2021 20:37:41] /a
[18/07/2021 20:37:41] /a
[18/07/2021 20:37:41] /a
[18/07/2021 20:37:41] /a
[18/07/2021 20:37:41] /a
[18/07/2021 20:37:41] /a
[18/07/2021 20:37:41] /a
[18/07/2021 20:37:41] /a
[18/07/2021 20:37:42] /a
[18/07/2021 20:37:42] /a
[18/07/2021 20:37:42] /a
[18/07/2021 20:37:42] /a
[18/07/2021 20:37:42] /a
[18/07/2021 20:37:42] /a
[18/07/2021 20:37:42] /a
[18/07/2021 20:37:42] /a
[18/07/2021 20:37:42] /a
[18/07/2021 20:37:42] /a
[18/07/2021 20:37:42] /a
[18/07/2021 20:37:42] /a
[18/07/2021 20:37:42] /a
[18/07/2021 20:37:42] /a
[18/07/2021 20:37:43] /a
[18/07/2021 20:37:43] /a
[18/07/2021 20:37:43] /a
[18/07/2021 20:37:43] /a
[18/07/2021 20:37:43] /a
[18/07/2021 20:37:43] /a
[18/07/2021 20:37:44] /a
[18/07/2021 20:37:44] /a
[18/07/2021 20:37:44] /a
[18/07/2021 20:37:44] /a
[18/07/2021 20:37:44] /a
[18/07/2021 20:37:44] /a
[18/07/2021 20:37:44] /a
[18/07/2021 20:37:44] /a
[18/07/2021 20:37:44] /a
[18/07/2021 20:37:44] /a
[18/07/2021 20:37:44] /a
[18/07/2021 20:37:44] /a
[18/07/2021 20:37:44] /a
[18/07/2021 20:37:44] /a
[18/07/2021 20:37:44] /a
[18/07/2021 20:37:44] /a
[18/07/2021 20:37:44] /a
[18/07/2021 20:37:44] /a
[18/07/2021 20:37:44] /a
[18/07/2021 20:37:44] /a
[18/07/2021 20:37:44] /a
[18/07/2021 20:37:44] /a
[18/07/2021 20:37:44] /a
[18/07/2021 20:37:44] /a
[18/07/2021 20:37:44] /a
[18/07/2021 20:37:44] /a
[18/07/2021 20:37:44] /a
[18/07/2021 20:37:44] /a
[18/07/2021 20:37:44] /a
[18/07/2021 20:37:45] /a
[18/07/2021 20:37:45] /a
[18/07/2021 20:37:45] /a
[18/07/2021 20:37:45] /a
[18/07/2021 20:37:45] /a
[18/07/2021 20:37:45] /a
[18/07/2021 20:37:45] /a
[18/07/2021 20:37:46] /a
[18/07/2021 20:37:46] /a
[18/07/2021 20:37:46] /a
[18/07/2021 20:37:46] /a
[18/07/2021 20:37:46] /a
[18/07/2021 20:37:46] /a
[18/07/2021 20:37:46] /a
[18/07/2021 20:37:46] /a
[18/07/2021 20:37:47] /a
[18/07/2021 20:37:47] /a
[18/07/2021 20:37:47] /a
[18/07/2021 20:37:47] /a
[18/07/2021 20:37:47] /a
[18/07/2021 20:37:47] /a
[18/07/2021 20:37:47] /a
[18/07/2021 20:37:47] /a
[18/07/2021 20:37:47] /a
[18/07/2021 20:37:47] /a
[18/07/2021 20:37:47] /a
[18/07/2021 20:37:47] /a
[18/07/2021 20:37:47] /a
[18/07/2021 20:37:47] /a
[18/07/2021 20:37:47] /a
[18/07/2021 20:37:47] /a
[18/07/2021 20:37:47] /a
[18/07/2021 20:37:47] /a
[18/07/2021 20:37:47] /a
[18/07/2021 20:37:47] /a
[18/07/2021 20:37:47] /a
[18/07/2021 20:37:47] /a
[18/07/2021 20:37:47] /a
[18/07/2021 20:37:47] /a
[18/07/2021 20:37:47] /a
[18/07/2021 20:37:47] /a
[18/07/2021 20:37:47] /a
[18/07/2021 20:37:47] /a
[18/07/2021 20:37:47] /a
[18/07/2021 20:37:47] /a
[18/07/2021 20:37:48] /a
[18/07/2021 20:37:48] /a
[18/07/2021 20:37:48] /a
[18/07/2021 20:37:48] /a
[18/07/2021 20:37:48] /a
[18/07/2021 20:37:48] /a
[18/07/2021 20:37:48] /a
[18/07/2021 20:37:48] /a
[18/07/2021 20:37:48] /a
[18/07/2021 20:37:48] /a
[18/07/2021 20:37:48] /a
[18/07/2021 20:37:48] /a
[18/07/2021 20:37:48] /a
[18/07/2021 20:37:48] /a
[18/07/2021 20:37:48] /a
[18/07/2021 20:37:48] /a
[18/07/2021 20:37:48] /a
[18/07/2021 20:37:48] /a
[18/07/2021 20:37:48] /a
[18/07/2021 20:37:48] /a
[18/07/2021 20:37:48] /a
[18/07/2021 20:37:48] /a
[18/07/2021 20:37:48] /a
[18/07/2021 20:37:48] /a
[18/07/2021 20:37:48] /a
[18/07/2021 20:37:48] /a
[18/07/2021 20:37:48] /a
[18/07/2021 20:37:48] /a
[18/07/2021 20:37:48] /a
[18/07/2021 20:37:48] /a
[18/07/2021 20:37:48] /a
[18/07/2021 20:37:49] /a
[18/07/2021 20:37:49] /a
[18/07/2021 20:37:49] /a
[18/07/2021 20:37:49] /a
[18/07/2021 20:37:49] /a
[18/07/2021 20:37:49] /a
[18/07/2021 20:37:49] /a
[18/07/2021 20:37:49] /a
[18/07/2021 20:37:49] /a
[18/07/2021 20:37:49] /a
[18/07/2021 20:37:49] /a
[18/07/2021 20:37:49] /a
[18/07/2021 20:37:49] /a
[18/07/2021 20:37:49] /a
[18/07/2021 20:37:49] /a
[18/07/2021 20:37:49] /a
[18/07/2021 20:37:49] /a
[18/07/2021 20:37:49] /a
[18/07/2021 20:37:49] /a
[18/07/2021 20:37:49] /a
[18/07/2021 20:37:49] /a
[18/07/2021 20:37:49] /a
[18/07/2021 20:37:49] /a
[18/07/2021 20:37:49] /a
[18/07/2021 20:37:49] /a
[18/07/2021 20:37:49] /a
[18/07/2021 20:37:49] /a
[18/07/2021 20:37:49] /a
[18/07/2021 20:37:49] /a
[18/07/2021 20:37:49] /a
[18/07/2021 20:37:50] /a
[18/07/2021 20:37:50] /a
[18/07/2021 20:37:50] /a
[18/07/2021 20:37:50] /a
[18/07/2021 20:37:50] /a
[18/07/2021 20:37:50] /a
[18/07/2021 20:37:50] /a
[18/07/2021 20:37:50] /a
[18/07/2021 20:37:50] /a
[18/07/2021 20:37:50] /a
[18/07/2021 20:37:50] /a
[18/07/2021 20:37:50] /a
[18/07/2021 20:37:50] /a
[18/07/2021 20:37:50] /a
[18/07/2021 20:37:50] /a
[18/07/2021 20:37:50] /a
[18/07/2021 20:37:50] /a
[18/07/2021 20:37:50] /a
[18/07/2021 20:37:50] /a
[18/07/2021 20:37:50] /a
[18/07/2021 20:37:50] /a
[18/07/2021 20:37:50] /a
[18/07/2021 20:37:50] /a
[18/07/2021 20:37:50] /a
[18/07/2021 20:37:50] /a
[18/07/2021 20:37:50] /a
[18/07/2021 20:37:50] /a
[18/07/2021 20:37:51] /a
[18/07/2021 20:37:51] /a
[18/07/2021 20:37:51] /a
[18/07/2021 20:37:51] /a
[18/07/2021 20:37:51] /a
[18/07/2021 20:37:51] /a
[18/07/2021 20:37:51] /a
[18/07/2021 20:37:51] /a
[18/07/2021 20:37:51] /a
[18/07/2021 20:37:51] /a
[18/07/2021 20:37:51] /a
[18/07/2021 20:37:51] /a
[18/07/2021 20:37:51] /a
[18/07/2021 20:37:51] /a
[18/07/2021 20:37:51] /a
[18/07/2021 20:37:51] /a
[18/07/2021 20:37:51] /a
[18/07/2021 20:37:52] /a
[18/07/2021 20:37:52] /a
[18/07/2021 20:37:52] /a
[18/07/2021 20:37:52] /a
[18/07/2021 20:37:52] /a
[18/07/2021 20:37:52] /a
[18/07/2021 20:37:52] /a
[18/07/2021 20:37:53] /a
[18/07/2021 20:37:53] /a
[18/07/2021 20:37:53] /a
[18/07/2021 20:37:53] /a
[18/07/2021 20:37:53] /a
[18/07/2021 20:37:53] /a
[18/07/2021 20:37:53] /a
[18/07/2021 20:37:53] /a
[18/07/2021 20:37:53] /a
[18/07/2021 20:37:53] /a
[18/07/2021 20:37:53] /a
[18/07/2021 20:37:53] /a
[18/07/2021 20:37:53] /a
[18/07/2021 20:37:53] /a
[18/07/2021 20:37:53] /a
[18/07/2021 20:37:53] /a
[18/07/2021 20:37:53] /a
[18/07/2021 20:37:53] /a
[18/07/2021 20:37:53] /a
[18/07/2021 20:37:54] /a
[18/07/2021 20:37:54] /a
[18/07/2021 20:37:54] /a
[18/07/2021 20:37:54] /a
[18/07/2021 20:37:54] /a
[18/07/2021 20:37:54] /a
[18/07/2021 20:37:54] /a
[18/07/2021 20:37:54] /a
[18/07/2021 20:37:54] /a
[18/07/2021 20:37:54] /a
[18/07/2021 20:37:54] /a
[18/07/2021 20:37:54] /a
[18/07/2021 20:37:54] /a
[18/07/2021 20:37:54] /a
[18/07/2021 20:37:54] /a
[18/07/2021 20:37:54] /a
[18/07/2021 20:37:54] /a
[18/07/2021 20:37:54] /a
[18/07/2021 20:37:54] /a
[18/07/2021 20:37:55] /a
[18/07/2021 20:37:55] /a
[18/07/2021 20:37:55] /a
[18/07/2021 20:37:55] /a
[18/07/2021 20:37:55] /a
[18/07/2021 20:37:55] /a
[18/07/2021 20:37:55] /a
[18/07/2021 20:37:55] /a
[18/07/2021 20:37:55] /a
[18/07/2021 20:37:55] /a
[18/07/2021 20:37:55] /a
[18/07/2021 20:37:55] /a
[18/07/2021 20:37:55] /a
[18/07/2021 20:37:55] /a
[18/07/2021 20:37:55] /a
[18/07/2021 20:37:55] /a
[18/07/2021 20:37:55] /a
[18/07/2021 20:37:55] /a
[18/07/2021 20:37:55] /a
[18/07/2021 20:37:55] /a
[18/07/2021 20:37:55] /a
[18/07/2021 20:37:55] /a
[18/07/2021 20:37:55] /a
[18/07/2021 20:37:55] /a
[18/07/2021 20:37:55] /a
[18/07/2021 20:37:55] /a
[18/07/2021 20:37:55] /a
[18/07/2021 20:37:55] /a
[18/07/2021 20:37:55] /a
[18/07/2021 20:37:55] /a
[18/07/2021 20:37:56] /a
[18/07/2021 20:37:56] /a
[18/07/2021 20:37:56] /a
[18/07/2021 20:37:56] /a
[18/07/2021 20:37:56] /a
[18/07/2021 20:37:56] /a
[18/07/2021 20:37:56] /a
[18/07/2021 20:37:56] /a
[18/07/2021 20:37:56] /a
[18/07/2021 20:37:56] /a
[18/07/2021 20:37:56] /a
[18/07/2021 20:37:56] /a
[18/07/2021 20:37:56] /a
[18/07/2021 20:37:56] /a
[18/07/2021 20:37:56] /a
[18/07/2021 20:37:56] /a
[18/07/2021 20:37:56] /a
[18/07/2021 20:37:56] /a
[18/07/2021 20:37:56] /a
[18/07/2021 20:37:56] /a
[18/07/2021 20:37:56] /a
[18/07/2021 20:37:56] /a
[18/07/2021 20:37:56] /a
[18/07/2021 20:37:56] /a
[18/07/2021 20:37:56] /a
[18/07/2021 20:37:56] /a
[18/07/2021 20:37:56] /a
[18/07/2021 20:37:56] /a
[18/07/2021 20:37:56] /a
[18/07/2021 20:37:56] /a
[18/07/2021 20:37:57] /a
[18/07/2021 20:37:57] /a
[18/07/2021 20:37:57] /a
[18/07/2021 20:37:57] /a
[18/07/2021 20:37:57] /a
[18/07/2021 20:37:57] /a
[18/07/2021 20:37:57] /a
[18/07/2021 20:37:58] /a
[18/07/2021 20:37:58] /a
[18/07/2021 20:37:58] /a
[18/07/2021 20:37:58] /a
[18/07/2021 20:37:58] /a
[18/07/2021 20:37:58] /a
[18/07/2021 20:37:58] /a
[18/07/2021 20:37:59] /a
[18/07/2021 20:37:59] /a
[18/07/2021 20:37:59] /a
[18/07/2021 20:37:59] /a
[18/07/2021 20:37:59] /a
[18/07/2021 20:38:00] /a
[18/07/2021 20:38:00] /a
[18/07/2021 20:38:00] /a
[18/07/2021 20:38:01] /a
[18/07/2021 20:38:01] /a
[18/07/2021 20:38:01] /a
[18/07/2021 20:38:01] /a
[18/07/2021 20:38:01] /a
[18/07/2021 20:38:01] /a
[18/07/2021 20:38:01] /a
[18/07/2021 20:38:01] /a
[18/07/2021 20:38:01] /a
[18/07/2021 20:38:01] /a
[18/07/2021 20:38:01] /a
[18/07/2021 20:38:01] /a
[18/07/2021 20:38:01] /a
[18/07/2021 20:38:01] /a
[18/07/2021 20:38:01] /a
[18/07/2021 20:38:01] /a
[18/07/2021 20:38:01] /a
[18/07/2021 20:38:01] /a
[18/07/2021 20:38:01] /a
[18/07/2021 20:38:01] /a
[18/07/2021 20:38:01] /a
[18/07/2021 20:38:01] /a
[18/07/2021 20:38:01] /a
[18/07/2021 20:38:01] /a
[18/07/2021 20:38:02] /a
[18/07/2021 20:38:02] /a
[18/07/2021 20:38:02] /a
[18/07/2021 20:38:02] /a
[18/07/2021 20:38:02] /a
[18/07/2021 20:38:02] /a
[18/07/2021 20:38:02] /a
[18/07/2021 20:38:02] /a
[18/07/2021 20:38:02] /a
[18/07/2021 20:38:02] /a
[18/07/2021 20:38:02] /a
[18/07/2021 20:38:02] /a
[18/07/2021 20:38:02] /a
[18/07/2021 20:38:02] /a
[18/07/2021 20:38:02] /a
[18/07/2021 20:38:02] /a
[18/07/2021 20:38:02] /a
[18/07/2021 20:38:02] /a
[18/07/2021 20:38:02] /a
[18/07/2021 20:38:02] /a
[18/07/2021 20:38:02] /a
[18/07/2021 20:38:02] /a
[18/07/2021 20:38:02] /a
[18/07/2021 20:38:02] /a
[18/07/2021 20:38:02] /a
[18/07/2021 20:38:02] /a
[18/07/2021 20:38:02] /a
[18/07/2021 20:38:02] /a
[18/07/2021 20:38:02] /a
[18/07/2021 20:38:02] /a
[18/07/2021 20:38:03] /a
[18/07/2021 20:38:03] /a
[18/07/2021 20:38:03] /a
[18/07/2021 20:38:03] /a
[18/07/2021 20:38:03] /a
[18/07/2021 20:38:03] /a
[18/07/2021 20:38:03] /a
[18/07/2021 20:38:03] /a
[18/07/2021 20:38:03] /a
[18/07/2021 20:38:03] /a
[18/07/2021 20:38:03] /a
[18/07/2021 20:38:03] /a
[18/07/2021 20:38:03] /a
[18/07/2021 20:38:03] /a
[18/07/2021 20:38:03] /a
[18/07/2021 20:38:03] /a
[18/07/2021 20:38:03] /a
[18/07/2021 20:38:03] /a
[18/07/2021 20:38:03] /a
[18/07/2021 20:38:03] /a
[18/07/2021 20:38:03] /a
[18/07/2021 20:38:03] /a
[18/07/2021 20:38:03] /a
[18/07/2021 20:38:03] /a
[18/07/2021 20:38:03] /a
[18/07/2021 20:38:03] /a
[18/07/2021 20:38:03] /a
[18/07/2021 20:38:03] /a
[18/07/2021 20:38:03] /a
[18/07/2021 20:38:03] /a
[18/07/2021 20:38:03] /a
[18/07/2021 20:38:04] /a
[18/07/2021 20:38:04] /a
[18/07/2021 20:38:04] /a
[18/07/2021 20:38:04] /a
[18/07/2021 20:38:04] /a
[18/07/2021 20:38:04] /a
[18/07/2021 20:38:04] /a
[18/07/2021 20:38:04] /a
[18/07/2021 20:38:04] /a
[18/07/2021 20:38:04] /a
[18/07/2021 20:38:04] /a
[18/07/2021 20:38:04] /a
[18/07/2021 20:38:04] /a
[18/07/2021 20:38:04] /a
[18/07/2021 20:38:04] /a
[18/07/2021 20:38:04] /a
[18/07/2021 20:38:04] /a
[18/07/2021 20:38:04] /a
[18/07/2021 20:38:04] /a
[18/07/2021 20:38:04] /a
[18/07/2021 20:38:04] /a
[18/07/2021 20:38:04] /a
[18/07/2021 20:38:04] /a
[18/07/2021 20:38:04] /a
[18/07/2021 20:38:04] /a
[18/07/2021 20:38:04] /a
[18/07/2021 20:38:04] /a
[18/07/2021 20:38:04] /a
[18/07/2021 20:38:04] /a
[18/07/2021 20:38:04] /a
[18/07/2021 20:38:05] /a
[18/07/2021 20:38:05] /a
[18/07/2021 20:38:05] /a
[18/07/2021 20:38:05] /a
[18/07/2021 20:38:05] /a
[18/07/2021 20:38:05] /a
[18/07/2021 20:38:06] /a
[18/07/2021 20:38:06] /a
[18/07/2021 20:38:06] /a
[18/07/2021 20:38:06] /a
[18/07/2021 20:38:06] /a
[18/07/2021 20:38:06] /a
[18/07/2021 20:38:07] /a
[18/07/2021 20:38:07] /a
[18/07/2021 20:38:07] /a
[18/07/2021 20:38:07] /a
[18/07/2021 20:38:07] /a
[18/07/2021 20:38:08] /a
[18/07/2021 20:38:12] /a
[18/07/2021 20:38:12] /a
[18/07/2021 20:38:12] /a
[18/07/2021 20:38:12] /a
[18/07/2021 20:38:12] /a
[18/07/2021 20:38:12] /a
[18/07/2021 20:38:12] /a
[18/07/2021 20:38:12] /a
[18/07/2021 20:38:12] /a
[18/07/2021 20:38:12] /a
[18/07/2021 20:38:12] /a
[18/07/2021 20:38:12] /a
[18/07/2021 20:38:12] /a
[18/07/2021 20:38:12] /a
[18/07/2021 20:38:12] /a
[18/07/2021 20:38:12] /a
[18/07/2021 20:38:12] /a
[18/07/2021 20:38:13] /a
[18/07/2021 20:38:13] /a
[18/07/2021 20:38:13] /a
[18/07/2021 20:38:13] /a
[18/07/2021 20:38:13] /a
[18/07/2021 20:38:13] /a
[18/07/2021 20:38:13] /a
[18/07/2021 20:38:13] /a
[18/07/2021 20:38:13] /a
[18/07/2021 20:38:13] /a
[18/07/2021 20:38:13] /a
[18/07/2021 20:38:14] /a
[18/07/2021 20:38:14] /a
[18/07/2021 20:38:14] /a
[18/07/2021 20:38:14] /a
[18/07/2021 20:38:14] /a
[18/07/2021 20:38:14] /a
[18/07/2021 20:38:14] /a
[18/07/2021 20:38:14] /a
[18/07/2021 20:38:14] /a
[18/07/2021 20:38:14] /a
[18/07/2021 20:38:14] /a
[18/07/2021 20:38:14] /a
[18/07/2021 20:38:14] /a
[18/07/2021 20:38:14] /a
[18/07/2021 20:38:14] /a
[18/07/2021 20:38:15] /a
[18/07/2021 20:38:15] /a
[18/07/2021 20:38:15] /a
[18/07/2021 20:38:15] /a
[18/07/2021 20:38:15] /a
[18/07/2021 20:38:15] /a
[18/07/2021 20:38:15] /a
[18/07/2021 20:38:15] /a
[18/07/2021 20:38:15] /a
[18/07/2021 20:38:15] /a
[18/07/2021 20:38:15] /a
[18/07/2021 20:38:15] /a
[18/07/2021 20:38:15] /a
[18/07/2021 20:38:15] /a
[18/07/2021 20:38:15] /a
[18/07/2021 20:38:15] /a
[18/07/2021 20:38:15] /a
[18/07/2021 20:38:15] /a
[18/07/2021 20:38:15] /a
[18/07/2021 20:38:15] /a
[18/07/2021 20:38:15] /a
[18/07/2021 20:38:15] /a
[18/07/2021 20:38:15] /a
[18/07/2021 20:38:15] /a
[18/07/2021 20:38:15] /a
[18/07/2021 20:38:15] /a
[18/07/2021 20:38:15] /a
[18/07/2021 20:38:15] /a
[18/07/2021 20:38:15] /a
[18/07/2021 20:38:15] /a
[18/07/2021 20:38:16] /a
[18/07/2021 20:38:16] /a
[18/07/2021 20:38:16] /a
[18/07/2021 20:38:16] /a
[18/07/2021 20:38:16] /a
[18/07/2021 20:38:16] /a
[18/07/2021 20:38:16] /a
[18/07/2021 20:38:16] /a
[18/07/2021 20:38:16] /a
[18/07/2021 20:38:16] /a
[18/07/2021 20:38:16] /a
[18/07/2021 20:38:16] /a
[18/07/2021 20:38:16] /a
[18/07/2021 20:38:16] /a
[18/07/2021 20:38:16] /a
[18/07/2021 20:38:16] /a
[18/07/2021 20:38:16] /a
[18/07/2021 20:38:16] /a
[18/07/2021 20:38:16] /a
[18/07/2021 20:38:16] /a
[18/07/2021 20:38:16] /a
[18/07/2021 20:38:16] /a
[18/07/2021 20:38:16] /a
[18/07/2021 20:38:16] /a
[18/07/2021 20:38:16] /a
[18/07/2021 20:38:16] /a
[18/07/2021 20:38:16] /a
[18/07/2021 20:38:16] /a
[18/07/2021 20:38:16] /a
[18/07/2021 20:38:16] /a
[18/07/2021 20:38:17] /a
[18/07/2021 20:38:17] /a
[18/07/2021 20:38:17] /a
[18/07/2021 20:38:17] /a
[18/07/2021 20:38:17] /a
[18/07/2021 20:38:17] /a
[18/07/2021 20:38:17] /a
[18/07/2021 20:38:17] /a
[18/07/2021 20:38:17] /a
[18/07/2021 20:38:17] /a
[18/07/2021 20:38:17] /a
[18/07/2021 20:38:17] /a
[18/07/2021 20:38:17] /a
[18/07/2021 20:38:17] /a
[18/07/2021 20:38:17] /a
[18/07/2021 20:38:17] /a
[18/07/2021 20:38:17] /a
[18/07/2021 20:38:17] /a
[18/07/2021 20:38:17] /a
[18/07/2021 20:38:17] /a
[18/07/2021 20:38:17] /a
[18/07/2021 20:38:17] /a
[18/07/2021 20:38:18] /a
[18/07/2021 20:38:18] /a
[18/07/2021 20:38:18] /a
[18/07/2021 20:38:18] /a
[18/07/2021 20:38:18] /a
[18/07/2021 20:38:18] /a
[18/07/2021 20:38:18] /a
[18/07/2021 20:38:19] /a
[18/07/2021 20:38:19] /a
[18/07/2021 20:38:19] /a
[18/07/2021 20:38:19] /a
[18/07/2021 20:38:19] /a
[18/07/2021 20:38:19] /a
[18/07/2021 20:38:19] /a
[18/07/2021 20:38:19] /a
[18/07/2021 20:38:19] /a
[18/07/2021 20:38:19] /a
[18/07/2021 20:38:19] /a
[18/07/2021 20:38:19] /a
[18/07/2021 20:38:19] /a
[18/07/2021 20:38:19] /a
[18/07/2021 20:38:19] /a
[18/07/2021 20:38:19] /a
[18/07/2021 20:38:19] /a
[18/07/2021 20:38:19] /a
[18/07/2021 20:38:19] /a
[18/07/2021 20:38:19] /a
[18/07/2021 20:38:19] /a
[18/07/2021 20:38:19] /a
[18/07/2021 20:38:19] /a
[18/07/2021 20:38:19] /a
[18/07/2021 20:38:19] /a
[18/07/2021 20:38:19] /a
[18/07/2021 20:38:19] /a
[18/07/2021 20:38:19] /a
[18/07/2021 20:38:19] /a
[18/07/2021 20:38:19] /a
[18/07/2021 20:38:20] /a
[18/07/2021 20:38:20] /a
[18/07/2021 20:38:20] /a
[18/07/2021 20:38:20] /a
[18/07/2021 20:38:20] /a
[18/07/2021 20:38:20] /a
[18/07/2021 20:38:20] /a
[18/07/2021 20:38:20] /a
[18/07/2021 20:38:20] /a
[18/07/2021 20:38:20] /a
[18/07/2021 20:38:20] /a
[18/07/2021 20:38:21] /a
[18/07/2021 20:38:21] /a
[18/07/2021 20:38:21] /a
[18/07/2021 20:38:21] /a
[18/07/2021 20:38:21] /a
[18/07/2021 20:38:21] /a
[18/07/2021 20:38:21] /a
[18/07/2021 20:38:21] /a
[18/07/2021 20:38:21] /a
[18/07/2021 20:38:21] /a
[18/07/2021 20:38:21] /a
[18/07/2021 20:38:22] /a
[18/07/2021 20:38:22] /a
[18/07/2021 20:38:22] /a
[18/07/2021 20:38:22] /a
[18/07/2021 20:38:22] /a
[18/07/2021 20:38:22] /a
[18/07/2021 20:38:22] /a
[18/07/2021 20:38:22] /a
[18/07/2021 20:38:22] /a
[18/07/2021 20:38:22] /a
[18/07/2021 20:38:22] /a
[18/07/2021 20:38:22] /a
[18/07/2021 20:38:22] /a
[18/07/2021 20:38:22] /a
[18/07/2021 20:38:22] /a
[18/07/2021 20:38:22] /a
[18/07/2021 20:38:22] /a
[18/07/2021 20:38:22] /a
[18/07/2021 20:38:22] /a
[18/07/2021 20:38:22] /a
[18/07/2021 20:38:22] /a
[18/07/2021 20:38:22] /a
[18/07/2021 20:38:22] /a
[18/07/2021 20:38:22] /a
[18/07/2021 20:38:22] /a
[18/07/2021 20:38:23] /a
[18/07/2021 20:38:23] /a
[18/07/2021 20:38:23] /a
[18/07/2021 20:38:23] /a
[18/07/2021 20:38:23] /a
[18/07/2021 20:38:23] /a
[18/07/2021 20:38:23] /a
[18/07/2021 20:38:23] /a
[18/07/2021 20:38:23] /a
[18/07/2021 20:38:23] /a
[18/07/2021 20:38:23] /a
[18/07/2021 20:38:23] /a
[18/07/2021 20:38:23] /a
[18/07/2021 20:38:23] /a
[18/07/2021 20:38:23] /a
[18/07/2021 20:38:23] /a
[18/07/2021 20:38:23] /a
[18/07/2021 20:38:23] /a
[18/07/2021 20:38:23] /a
[18/07/2021 20:38:24] /a
[18/07/2021 20:38:24] /a
[18/07/2021 20:38:24] /a
[18/07/2021 20:38:24] /a
[18/07/2021 20:38:24] /a
[18/07/2021 20:38:24] /a
[18/07/2021 20:38:24] /a
[18/07/2021 20:38:24] /a
[18/07/2021 20:38:24] /a
[18/07/2021 20:38:25] /a
[18/07/2021 20:38:25] /a
[18/07/2021 20:38:25] /a
[18/07/2021 20:38:25] /a
[18/07/2021 20:38:25] /a
[18/07/2021 20:38:25] /a
[18/07/2021 20:38:25] /a
[18/07/2021 20:38:25] /a
[18/07/2021 20:38:25] /a
[18/07/2021 20:38:25] /a
[18/07/2021 20:38:25] /a
[18/07/2021 20:38:25] /a
[18/07/2021 20:38:25] /a
[18/07/2021 20:38:25] /a
[18/07/2021 20:38:25] /a
[18/07/2021 20:38:25] /a
[18/07/2021 20:38:25] /a
[18/07/2021 20:38:25] /a
[18/07/2021 20:38:25] /a
[18/07/2021 20:38:25] /a
[18/07/2021 20:38:25] /a
[18/07/2021 20:38:25] /a
[18/07/2021 20:38:25] /a
[18/07/2021 20:38:25] /a
[18/07/2021 20:38:25] /a
[18/07/2021 20:38:25] /a
[18/07/2021 20:38:25] /a
[18/07/2021 20:38:25] /a
[18/07/2021 20:38:25] /a
[18/07/2021 20:38:25] /a
[18/07/2021 20:38:26] /a
[18/07/2021 20:38:26] /a
[18/07/2021 20:38:26] /a
[18/07/2021 20:38:26] /a
[18/07/2021 20:38:26] /a
[18/07/2021 20:38:26] /a
[18/07/2021 20:38:26] /a
[18/07/2021 20:38:26] /a
[18/07/2021 20:38:26] /a
[18/07/2021 20:38:27] /a
[18/07/2021 20:38:27] /a
[18/07/2021 20:38:27] /a
[18/07/2021 20:38:27] /a
[18/07/2021 20:38:27] /a
[18/07/2021 20:38:27] /a
[18/07/2021 20:38:27] /a
[18/07/2021 20:38:27] /a
[18/07/2021 20:38:27] /a
[18/07/2021 20:38:27] /a
[18/07/2021 20:38:27] /a
[18/07/2021 20:38:27] /a
[18/07/2021 20:38:28] /a
[18/07/2021 20:38:28] /a
[18/07/2021 20:38:28] /a
[18/07/2021 20:38:28] /a
[18/07/2021 20:38:28] /a
[18/07/2021 20:38:28] /a
[18/07/2021 20:38:28] /a
[18/07/2021 20:38:28] /a
[18/07/2021 20:38:28] /a
[18/07/2021 20:38:28] /a
[18/07/2021 20:38:28] /a
[18/07/2021 20:38:28] /a
[18/07/2021 20:38:28] /a
[18/07/2021 20:38:28] /a
[18/07/2021 20:38:28] /a
[18/07/2021 20:38:28] /a
[18/07/2021 20:38:29] /a
[18/07/2021 20:38:29] /a
[18/07/2021 20:38:29] /a
[18/07/2021 20:38:29] /a
[18/07/2021 20:38:29] /a
[18/07/2021 20:38:29] /a
[18/07/2021 20:38:29] /a
[18/07/2021 20:38:29] /a
[18/07/2021 20:38:29] /a
[18/07/2021 20:38:29] /a
[18/07/2021 20:38:30] /a
[18/07/2021 20:38:30] /a
[18/07/2021 20:38:30] /a
[18/07/2021 20:38:30] /a
[18/07/2021 20:38:30] /a
[18/07/2021 20:38:30] /a
[18/07/2021 20:38:30] /a
[18/07/2021 20:38:30] /a
[18/07/2021 20:38:30] /a
[18/07/2021 20:38:30] /a
[18/07/2021 20:38:30] /a
[18/07/2021 20:38:30] /a
[18/07/2021 20:38:30] /a
[18/07/2021 20:38:30] /a
[18/07/2021 20:38:30] /a
[18/07/2021 20:38:30] /a
[18/07/2021 20:38:30] /a
[18/07/2021 20:38:30] /a
[18/07/2021 20:38:30] /a
[18/07/2021 20:38:30] /a
[18/07/2021 20:38:30] /a
[18/07/2021 20:38:30] /a
[18/07/2021 20:38:30] /a
[18/07/2021 20:38:30] /a
[18/07/2021 20:38:30] /a
[18/07/2021 20:38:31] /a
[18/07/2021 20:38:31] /a
[18/07/2021 20:38:31] /a
[18/07/2021 20:38:31] /a
[18/07/2021 20:38:31] /a
[18/07/2021 20:38:31] /a
[18/07/2021 20:38:31] /a
[18/07/2021 20:38:31] /a
[18/07/2021 20:38:31] /a
[18/07/2021 20:38:31] /a
[18/07/2021 20:38:31] /a
[18/07/2021 20:38:31] /a
[18/07/2021 20:38:31] /a
[18/07/2021 20:38:31] /a
[18/07/2021 20:38:31] /a
[18/07/2021 20:38:31] /a
[18/07/2021 20:38:31] /a
[18/07/2021 20:38:31] /a
[18/07/2021 20:38:31] /a
[18/07/2021 20:38:31] /a
[18/07/2021 20:38:31] /a
[18/07/2021 20:38:31] /a
[18/07/2021 20:38:31] /a
[18/07/2021 20:38:31] /a
[18/07/2021 20:38:31] /a
[18/07/2021 20:38:31] /a
[18/07/2021 20:38:31] /a
[18/07/2021 20:38:31] /a
[18/07/2021 20:38:31] /a
[18/07/2021 20:38:31] /a
[18/07/2021 20:38:32] /a
[18/07/2021 20:38:32] /a
[18/07/2021 20:38:32] /a
[18/07/2021 20:38:32] /a
[18/07/2021 20:38:32] /a
[18/07/2021 20:38:32] /a
[18/07/2021 20:38:32] /a
[18/07/2021 20:38:32] /a
[18/07/2021 20:38:32] /a
[18/07/2021 20:38:32] /a
[18/07/2021 20:38:32] /a
[18/07/2021 20:38:32] /a
[18/07/2021 20:38:32] /a
[18/07/2021 20:38:32] /a
[18/07/2021 20:38:32] /a
[18/07/2021 20:38:32] /a
[18/07/2021 20:38:32] /a
[18/07/2021 20:38:32] /a
[18/07/2021 20:38:32] /a
[18/07/2021 20:38:32] /a
[18/07/2021 20:38:33] /a
[18/07/2021 20:38:33] /a
[18/07/2021 20:38:33] /a
[18/07/2021 20:38:33] /a
[18/07/2021 20:38:33] /a
[18/07/2021 20:38:35] /a
[18/07/2021 20:38:36] /a
[18/07/2021 20:38:36] /a
[18/07/2021 20:38:36] /a
[18/07/2021 20:38:36] /a
[18/07/2021 20:38:36] /a
[18/07/2021 20:38:36] /a
[18/07/2021 20:38:36] /a
[18/07/2021 20:38:36] /a
[18/07/2021 20:38:36] /a
[18/07/2021 20:38:36] /a
[18/07/2021 20:38:36] /a
[18/07/2021 20:38:36] /a
[18/07/2021 20:38:36] /a
[18/07/2021 20:38:36] /a
[18/07/2021 20:38:36] /a
[18/07/2021 20:38:37] /a
[18/07/2021 20:38:37] /a
[18/07/2021 20:38:37] /a
[18/07/2021 20:38:37] /a
[18/07/2021 20:38:37] /a
[18/07/2021 20:38:38] /a
[18/07/2021 20:38:38] /a
[18/07/2021 20:38:38] /a
[18/07/2021 20:38:38] /a
[18/07/2021 20:38:38] /a
[18/07/2021 20:38:38] /a
[18/07/2021 20:38:38] /a
[18/07/2021 20:38:38] /a
[18/07/2021 20:38:38] /a
[18/07/2021 20:38:38] /a
[18/07/2021 20:38:39] /a
[18/07/2021 20:38:39] /a
[18/07/2021 20:38:39] /a
[18/07/2021 20:38:39] /a
[18/07/2021 20:38:39] /a
[18/07/2021 20:38:39] /a
[18/07/2021 20:38:39] /a
[18/07/2021 20:38:39] /a
[18/07/2021 20:38:39] /a
[18/07/2021 20:38:39] /a
[18/07/2021 20:38:39] /a
[18/07/2021 20:38:39] /a
[18/07/2021 20:38:39] /a
[18/07/2021 20:38:39] /a
[18/07/2021 20:38:39] /a
[18/07/2021 20:38:39] /a
[18/07/2021 20:38:40] /a
[18/07/2021 20:38:40] /a
[18/07/2021 20:38:40] /a
[18/07/2021 20:38:40] /a
[18/07/2021 20:38:40] /a
[18/07/2021 20:38:40] /a
[18/07/2021 20:38:40] /a
[18/07/2021 20:38:40] /a
[18/07/2021 20:38:40] /a
[18/07/2021 20:38:40] /a
[18/07/2021 20:38:40] /a
[18/07/2021 20:38:40] /a
[18/07/2021 20:38:40] /a
[18/07/2021 20:38:40] /a
[18/07/2021 20:38:40] /a
[18/07/2021 20:38:40] /a
[18/07/2021 20:38:40] /a
[18/07/2021 20:38:40] /a
[18/07/2021 20:38:40] /a
[18/07/2021 20:38:41] /a
[18/07/2021 20:38:41] /a
[18/07/2021 20:38:41] /a
[18/07/2021 20:38:41] /a
[18/07/2021 20:38:41] /a
[18/07/2021 20:38:41] /a
[18/07/2021 20:38:42] /a
[18/07/2021 20:38:42] /a
[18/07/2021 20:38:42] /a
[18/07/2021 20:38:42] /a
[18/07/2021 20:38:42] /a
[18/07/2021 20:38:42] /a
[18/07/2021 20:38:42] /a
[18/07/2021 20:38:42] /a
[18/07/2021 20:38:42] /a
[18/07/2021 20:38:42] /a
[18/07/2021 20:38:42] /a
[18/07/2021 20:38:42] /a
[18/07/2021 20:38:42] /a
[18/07/2021 20:38:42] /a
[18/07/2021 20:38:42] /a
[18/07/2021 20:38:42] /a
[18/07/2021 20:38:42] /a
[18/07/2021 20:38:42] /a
[18/07/2021 20:38:44] /a
[18/07/2021 20:38:44] /a
[18/07/2021 20:38:44] /a
[18/07/2021 20:38:44] /a
[18/07/2021 20:38:44] /a
[18/07/2021 20:38:44] /a
[18/07/2021 20:38:44] /a
[18/07/2021 20:38:44] /a
[18/07/2021 20:38:44] /a
[18/07/2021 20:38:44] /a
[18/07/2021 20:38:44] /a
[18/07/2021 20:38:44] /a
[18/07/2021 20:38:44] /a
[18/07/2021 20:38:44] /a
[18/07/2021 20:38:44] /a
[18/07/2021 20:38:44] /a
[18/07/2021 20:38:44] /a
[18/07/2021 20:38:44] /a
[18/07/2021 20:38:44] /a
[18/07/2021 20:38:44] /a
[18/07/2021 20:38:44] /a
[18/07/2021 20:38:44] /a
[18/07/2021 20:38:44] /a
[18/07/2021 20:38:44] /a
[18/07/2021 20:38:44] /a
[18/07/2021 20:38:44] /a
[18/07/2021 20:38:44] /a
[18/07/2021 20:38:45] /a
[18/07/2021 20:38:45] /a
[18/07/2021 20:38:45] /a
[18/07/2021 20:38:45] /a
[18/07/2021 20:38:45] /a
[18/07/2021 20:38:45] /a
[18/07/2021 20:38:45] /a
[18/07/2021 20:38:45] /a
[18/07/2021 20:38:45] /a
[18/07/2021 20:38:45] /a
[18/07/2021 20:38:45] /a
[18/07/2021 20:38:45] /a
[18/07/2021 20:38:45] /a
[18/07/2021 20:38:45] /a
[18/07/2021 20:38:45] /a
[18/07/2021 20:38:45] /a
[18/07/2021 20:38:45] /a
[18/07/2021 20:38:45] /a
[18/07/2021 20:38:45] /a
[18/07/2021 20:38:45] /a
[18/07/2021 20:38:45] /a
[18/07/2021 20:38:45] /a
[18/07/2021 20:38:45] /a
[18/07/2021 20:38:45] /a
[18/07/2021 20:38:45] /a
[18/07/2021 20:38:45] /a
[18/07/2021 20:38:45] /a
[18/07/2021 20:38:45] /a
[18/07/2021 20:38:45] /a
[18/07/2021 20:38:45] /a
[18/07/2021 20:38:46] /a
[18/07/2021 20:38:46] /a
[18/07/2021 20:38:46] /a
[18/07/2021 20:38:46] /a
[18/07/2021 20:38:46] /a
[18/07/2021 20:38:46] /a
[18/07/2021 20:38:46] /a
[18/07/2021 20:38:46] /a
[18/07/2021 20:38:46] /a
[18/07/2021 20:38:46] /a
[18/07/2021 20:38:46] /a
[18/07/2021 20:38:46] /a
[18/07/2021 20:38:46] /a
[18/07/2021 20:38:46] /a
[18/07/2021 20:38:46] /a
[18/07/2021 20:38:46] /a
[18/07/2021 20:38:47] /a
[18/07/2021 20:38:47] /a
[18/07/2021 20:38:47] /a
[18/07/2021 20:38:48] /a
[18/07/2021 20:38:48] /a
[18/07/2021 20:38:48] /a
[18/07/2021 20:38:48] /a
[18/07/2021 20:38:48] /a
[18/07/2021 20:38:48] /a
[18/07/2021 20:38:48] /a
[18/07/2021 20:38:49] /a
[18/07/2021 20:38:49] /a
[18/07/2021 20:38:49] /a
[18/07/2021 20:38:49] /a
[18/07/2021 20:38:49] /a
[18/07/2021 20:38:49] /a
[18/07/2021 20:38:49] /a
[18/07/2021 20:38:49] /a
[18/07/2021 20:38:49] /a
[18/07/2021 20:38:49] /a
[18/07/2021 20:38:49] /a
[18/07/2021 20:38:49] /a
[18/07/2021 20:38:50] /a
[18/07/2021 20:38:50] /a
[18/07/2021 20:38:50] /a
[18/07/2021 20:38:50] /a
[18/07/2021 20:38:50] /a
[18/07/2021 20:38:50] /a
[18/07/2021 20:38:50] /a
[18/07/2021 20:38:50] /a
[18/07/2021 20:38:51] /a
[18/07/2021 20:38:51] /a
[18/07/2021 20:38:51] /a
[18/07/2021 20:38:51] /a
[18/07/2021 20:38:51] /a
[18/07/2021 20:38:51] /a
[18/07/2021 20:38:51] /a
[18/07/2021 20:38:51] /a
[18/07/2021 20:38:51] /a
[18/07/2021 20:38:51] /a
[18/07/2021 20:38:51] /a
[18/07/2021 20:38:51] /a
[18/07/2021 20:38:53] /a
[18/07/2021 20:38:53] /a
[18/07/2021 20:38:53] /a
[18/07/2021 20:38:53] /a
[18/07/2021 20:38:53] /a
[18/07/2021 20:38:53] /a
[18/07/2021 20:38:53] /a
[18/07/2021 20:38:53] /a
[18/07/2021 20:38:53] /a
[18/07/2021 20:38:53] /a
[18/07/2021 20:38:53] /a
[18/07/2021 20:38:53] /a
[18/07/2021 20:38:53] /a
[18/07/2021 20:38:54] /a
[18/07/2021 20:38:54] /a
[18/07/2021 20:38:54] /a
[18/07/2021 20:38:54] /a
[18/07/2021 20:39:02] /a 5
[18/07/2021 20:39:05] /a 5
[18/07/2021 20:46:46] /i 2306
[18/07/2021 20:47:36] /i 2307
[18/07/2021 20:48:03] /goto clasus
[18/07/2021 20:50:42] /t
[18/07/2021 20:51:51] /i 2160
[18/07/2021 20:51:53] /i 2160
[18/07/2021 20:51:54] /i 2160
[18/07/2021 20:51:54] /i 2160
[18/07/2021 20:51:54] /i 2160
[18/07/2021 20:51:55] /i 2160
[18/07/2021 20:53:34] /clean
[18/07/2021 20:53:47] /reload actions
[18/07/2021 20:55:32] /i 2160
[18/07/2021 20:55:33] /i 2160
[18/07/2021 20:55:50] /a 5
[18/07/2021 20:56:17] /a 5
[18/07/2021 20:57:38] /i 5801
[18/07/2021 20:59:41] /i 2365
[18/07/2021 20:59:58] /i 8266
[18/07/2021 21:00:07] /i 2174
[18/07/2021 21:00:21] /i 7958
[18/07/2021 21:00:30] /i 2305
[18/07/2021 21:01:02] /i egipcios legs
[18/07/2021 21:01:16] /i egipcios helmet
[18/07/2021 21:01:24] /i egipcios armor
[18/07/2021 21:01:33] /i egipcios boots
[18/07/2021 21:01:38] /i egipcios shield
[18/07/2021 21:01:43] /i egipcios wand
[18/07/2021 21:01:47] /i egipcios spear
[18/07/2021 21:01:51] /i egipcios sword
[18/07/2021 21:04:24] /i sword of the hell
[18/07/2021 21:04:30] /c mateus
[18/07/2021 21:07:22] /t
[18/07/2021 21:08:31] /ghost
[18/07/2021 21:08:36] /goto sacrano
[18/07/2021 21:08:41] /a
[18/07/2021 21:09:24] /t
[18/07/2021 21:10:20] /i 12647
[18/07/2021 21:10:28] /a
[18/07/2021 21:10:29] /a
[18/07/2021 21:10:29] /a
[18/07/2021 21:10:47] /a 5
[18/07/2021 21:21:08] /c mateus
[18/07/2021 21:21:19] /goto mateus
[18/07/2021 21:28:36] /b mateus veado
[18/07/2021 21:29:19] /b green; '-'
[18/07/2021 21:30:56] /b green; ooi
[18/07/2021 21:32:11] /bc green; haha
[18/07/2021 21:38:04] /i 11263
[18/07/2021 21:39:28] /t
[18/07/2021 21:40:22] /t
[18/07/2021 21:40:28] /up
[18/07/2021 21:40:29] /up
[18/07/2021 21:40:42] /i 5801
[18/07/2021 21:50:32] /t
[18/07/2021 21:51:01] /t
[18/07/2021 21:51:03] /up
[18/07/2021 21:51:04] /up
[18/07/2021 21:51:16] /goto sacrano
[18/07/2021 21:51:26] /t
[18/07/2021 21:51:30] /up
[18/07/2021 21:51:31] /up
[18/07/2021 21:55:34] /i 11263
[18/07/2021 21:56:25] /t
[18/07/2021 21:56:39] /i 2140
[18/07/2021 21:56:42] /i 2137
[18/07/2021 21:56:48] /i 2137
[18/07/2021 21:56:53] /i 2157
[18/07/2021 21:56:58] /r
[18/07/2021 21:57:07] /i 9776
[18/07/2021 21:57:10] /i 9775
[18/07/2021 21:57:12] /i 9774
[18/07/2021 21:57:16] /i 9777
[18/07/2021 21:57:18] /i 9778
[18/07/2021 21:57:24] /i 9932
[18/07/2021 21:57:58] /i 6391
[18/07/2021 21:58:09] /i 7697
[18/07/2021 21:58:31] /i 2433
[18/07/2021 22:00:02] /i 9777
[18/07/2021 22:04:00] /goto hacker
[18/07/2021 22:09:39] /t
[18/07/2021 22:09:51] /i 2296
[18/07/2021 22:09:56] /i 2314
[18/07/2021 22:43:59] /t muthcka
[18/07/2021 22:54:00] /t
[18/07/2021 22:54:17] /goto muthcka
[18/07/2021 22:54:39] /goto muthcka
[18/07/2021 22:54:42] /goto muthcka
[18/07/2021 22:54:45] /goto muthcka
[18/07/2021 22:54:48] /goto muthcka
[18/07/2021 22:54:51] /goto muthcka
[18/07/2021 22:54:59] /goto muthcka
[18/07/2021 22:55:23] /goto muthcka
[18/07/2021 22:55:27] /goto muthcka
[18/07/2021 22:55:33] /goto muthcka
[18/07/2021 22:55:35] /goto muthcka
[18/07/2021 22:55:42] /goto muthcka
[18/07/2021 22:55:57] /goto muthcka
[18/07/2021 22:55:59] /goto muthcka
[18/07/2021 22:56:02] /goto muthcka
[18/07/2021 22:56:06] /goto muthcka
[18/07/2021 22:56:24] /t
[18/07/2021 23:30:29] /a
[18/07/2021 23:30:53] /reload spells
[18/07/2021 23:35:55] /reload spells
[18/07/2021 23:36:36] /reload spells
[18/07/2021 23:37:26] /reload spells
[18/07/2021 23:38:05] /reload spells
[18/07/2021 23:39:41] /reload spells
[18/07/2021 23:42:52] /reload spells
[18/07/2021 23:43:26] /reload spells
[18/07/2021 23:45:17] /reload spells
[18/07/2021 23:46:16] /reload spells
[18/07/2021 23:48:02] /reload spells
[18/07/2021 23:48:56] /reload spells
[18/07/2021 23:55:10] /reload spells
[18/07/2021 23:55:36] /reload spells
[18/07/2021 23:56:12] /reload spells
[18/07/2021 23:56:49] /reload spells
[18/07/2021 23:57:30] /reload spells
[18/07/2021 23:58:18] /reload spells
[18/07/2021 23:59:07] /reload spells
[18/07/2021 23:59:47] /reload spells
[19/07/2021 00:00:21] /reload spells
[19/07/2021 00:00:41] /reload spells
[19/07/2021 00:03:09] /reload spells
[19/07/2021 00:04:14] /reload spells
[19/07/2021 00:05:11] /reload spells
[19/07/2021 00:05:57] /reload spells
[19/07/2021 00:08:16] /reload spells
[19/07/2021 00:09:10] /reload spells
[19/07/2021 00:10:00] /reload spells
[19/07/2021 00:10:30] /reload spells
[19/07/2021 00:10:53] /reload spells
[19/07/2021 00:12:36] /reload spells
[19/07/2021 00:13:17] /reload spells
[19/07/2021 00:13:47] /reload spells
[19/07/2021 00:14:25] /reload spells
[19/07/2021 00:14:54] /reload spells
[19/07/2021 00:15:25] /reload spells
[19/07/2021 00:17:09] /reload spells
[19/07/2021 00:17:36] /reload spells
[19/07/2021 00:18:04] /reload spells
[19/07/2021 00:18:43] /reload spells
[19/07/2021 00:19:13] /reload spells
[19/07/2021 00:19:43] /reload spells
[19/07/2021 00:20:16] /reload spells
[19/07/2021 00:20:56] /reload spells
[19/07/2021 00:21:27] /reload spells
[19/07/2021 00:21:54] /reload spells
[19/07/2021 00:22:43] /reload spells
[19/07/2021 00:23:38] /reload spells
[19/07/2021 00:25:38] /reload spells
[19/07/2021 00:27:23] /reload spells
[19/07/2021 00:30:16] /goto bonn
[19/07/2021 00:30:34] /goto bonn
[19/07/2021 00:30:36] /goto bonn
[19/07/2021 00:30:52] /t
[19/07/2021 00:30:59] /t
[19/07/2021 00:31:00] /up
[19/07/2021 00:31:02] /up
[19/07/2021 00:31:57] /save
[19/07/2021 18:21:14] /goto takinon
[19/07/2021 18:21:31] /goto dodgue
[19/07/2021 18:21:38] /t
[19/07/2021 18:21:52] /up
[19/07/2021 18:59:05] /t
[19/07/2021 18:59:18] /goto takinon
[19/07/2021 18:59:48] /t
[19/07/2021 19:05:46] /reload spells
[19/07/2021 19:10:59] /i 2299
[19/07/2021 19:29:18] /reload spells
[19/07/2021 22:36:07] /t
[19/07/2021 22:36:44] /reload spells
[19/07/2021 22:37:12] /m clasus
[19/07/2021 22:39:06] /reload spells
[19/07/2021 22:39:11] /m clasus
[19/07/2021 22:39:58] /m clasus
[19/07/2021 22:41:17] /reload spells
[19/07/2021 22:41:31] /m clasus
[19/07/2021 22:42:40] /reload spells
[19/07/2021 22:42:43] /m clasus
[19/07/2021 22:43:21] /reload spells
[19/07/2021 22:45:01] /reload spells
[19/07/2021 22:45:10] /goto Muthcka
[19/07/2021 22:45:15] /goto Muthcka
[19/07/2021 22:45:20] /goto Muthcka
[19/07/2021 22:45:26] /m clasus
[19/07/2021 22:45:29] /goto Muthcka
[19/07/2021 22:46:09] /r
[19/07/2021 22:46:31] /reload spells
[19/07/2021 22:50:31] /reload spells
[19/07/2021 22:52:54] /reload spells
[19/07/2021 22:53:44] /reload spells
[19/07/2021 22:54:37] /reload spells
[19/07/2021 22:55:00] /reload spells
[19/07/2021 22:55:34] /reload spells
[19/07/2021 22:56:02] /reload spells
[19/07/2021 22:58:17] /reload spells
[19/07/2021 22:58:47] /reload spells
[19/07/2021 22:59:10] /reload spells
[19/07/2021 22:59:33] /reload spells
[19/07/2021 22:59:53] /reload spells
[19/07/2021 23:00:13] /reload spells
[19/07/2021 23:00:56] /reload spells
[19/07/2021 23:02:31] /t
[19/07/2021 23:02:37] /m hacker
[19/07/2021 23:02:55] /r
[19/07/2021 23:02:58] /m clasus
[19/07/2021 23:03:18] /r
[19/07/2021 23:03:23] /m homem aranha
[19/07/2021 23:03:28] /m homem aranha
[19/07/2021 23:03:36] /m hercules
[19/07/2021 23:05:54] /goto tuquino
[19/07/2021 23:05:56] /a 5
[19/07/2021 23:05:57] /a 5
[19/07/2021 23:05:58] /a 5
[19/07/2021 23:05:59] /a 5
[19/07/2021 23:06:00] /a 5
[19/07/2021 23:06:04] /c covid
[19/07/2021 23:06:31] /goto queen eloise
[19/07/2021 23:06:35] /c covid
[19/07/2021 23:07:06] /c covid
[19/07/2021 23:07:32] /c covid
[19/07/2021 23:08:38] /t
[19/07/2021 23:09:13] /up
[19/07/2021 23:09:17] /save
[20/07/2021 17:56:32] /goto taki
[20/07/2021 17:56:35] /t
[20/07/2021 17:56:40] /goto lindinha
[20/07/2021 17:56:44] /t
[20/07/2021 17:56:49] /up
[20/07/2021 17:56:58] /up
[20/07/2021 17:57:01] /save
[20/07/2021 18:40:45] /goto lindinhaa
[20/07/2021 18:40:46] /goto lindinhaa
[20/07/2021 18:40:50] /goto lindinhaa
[20/07/2021 18:40:58] /goto lindinhaa
[20/07/2021 18:41:01] /goto lindinhaa
[20/07/2021 18:41:05] /goto lindinhaa
[20/07/2021 18:41:08] /goto lindinhaa
[20/07/2021 18:41:11] /goto lindinhaa
[20/07/2021 18:41:14] /goto lindinhaa
[20/07/2021 18:41:16] /goto lindinhaa
[20/07/2021 18:41:19] /goto lindinhaa
[20/07/2021 18:41:20] /goto lindinhaa
[20/07/2021 18:41:22] /goto lindinhaa
[20/07/2021 18:41:24] /goto lindinhaa
[20/07/2021 18:41:28] /goto lindinhaa
[20/07/2021 18:41:31] /goto lindinhaa
[20/07/2021 18:41:35] /goto lindinhaa
[20/07/2021 18:41:42] /goto lindinhaa
[20/07/2021 18:41:48] /goto lindinhaa
[20/07/2021 18:41:51] /goto lindinhaa
[20/07/2021 18:41:53] /goto lindinhaa
[20/07/2021 18:42:07] /goto lindinhaa
[20/07/2021 18:42:09] /goto lindinhaa
[20/07/2021 18:42:13] /goto lindinhaa
[20/07/2021 18:42:15] /goto lindinhaa
[20/07/2021 18:42:17] /goto lindinhaa
[20/07/2021 18:42:27] /goto taki
[20/07/2021 18:42:42] /t
[20/07/2021 18:42:55] /goto lindinhaa
[20/07/2021 18:42:57] /goto lindinhaa
[20/07/2021 18:43:00] /goto lindinhaa
[20/07/2021 18:43:01] /goto lindinhaa
[20/07/2021 18:43:03] /goto lindinhaa
[20/07/2021 18:43:04] /goto lindinhaa
[20/07/2021 18:43:11] /goto lindinhaa
[20/07/2021 18:43:14] /goto lindinhaa
[20/07/2021 18:43:15] /goto lindinhaa
[20/07/2021 18:43:17] /goto lindinhaa
[20/07/2021 18:43:19] /goto lindinhaa
[20/07/2021 18:43:21] /goto lindinhaa
[20/07/2021 18:43:23] /goto lindinhaa
[20/07/2021 18:43:25] /goto lindinhaa
[20/07/2021 18:43:34] /goto lindinhaa
[20/07/2021 18:43:38] /goto lindinhaa
[20/07/2021 18:43:44] /goto lindinhaa
[20/07/2021 18:43:46] /goto lindinhaa
[20/07/2021 18:43:49] /goto lindinhaa
[20/07/2021 18:43:54] /goto lindinhaa
[20/07/2021 18:43:56] /goto lindinhaa
[20/07/2021 18:43:59] /goto lindinhaa
[20/07/2021 18:44:03] /t
[20/07/2021 18:44:09] /up
[20/07/2021 20:30:46] /goto lindinhaa
[20/07/2021 20:30:53] /goto covid
[20/07/2021 20:31:04] /goto vai morrer
[20/07/2021 20:31:09] /t
[20/07/2021 20:31:14] /up
[20/07/2021 20:31:15] /up
[20/07/2021 20:59:32] /t
[20/07/2021 20:59:52] /goto kaio
[20/07/2021 20:59:56] /goto kaio
[20/07/2021 21:00:16] /goto muthcka
[20/07/2021 21:01:04] /t
[20/07/2021 21:01:14] /goto taki
[20/07/2021 21:01:28] /t
[20/07/2021 21:02:30] /goto kaio
[20/07/2021 21:02:48] /t
[20/07/2021 21:02:59] /goto lindinhaa
[20/07/2021 21:03:10] /t
[20/07/2021 21:03:15] /up
[20/07/2021 21:03:17] /save
[20/07/2021 21:10:09] /t
[20/07/2021 21:10:24] /up
[20/07/2021 21:10:27] /up
[21/07/2021 18:35:41] /goto lindinhaa
[21/07/2021 18:35:57] /c lindinhaa
[21/07/2021 18:36:02] /c lindinhaa
[21/07/2021 18:37:06] /goto clasus
[21/07/2021 18:37:09] /a 5
[21/07/2021 18:37:47] /c lindinhaa
[21/07/2021 18:41:04] /ghost
[21/07/2021 18:41:08] /c taki
[21/07/2021 18:41:58] /m hacker
[21/07/2021 18:50:42] /t
[21/07/2021 18:52:22] /reload spells
[21/07/2021 18:52:32] /m hacker
[21/07/2021 18:57:14] /reload spells
[21/07/2021 18:59:09] /reload spells
[21/07/2021 19:00:35] /reload spells
[21/07/2021 19:02:07] /reload spells
[21/07/2021 19:02:29] /reload spells
[21/07/2021 19:04:19] /i 2137
[21/07/2021 19:05:10] /goto clasus
[21/07/2021 19:05:13] /a 5
[21/07/2021 19:05:28] /goto clasus
[21/07/2021 19:06:32] /ghost
[21/07/2021 19:06:41] /goto taki
[21/07/2021 19:06:59] /goto taki
[21/07/2021 19:08:21] /goto taki
[21/07/2021 19:09:14] /goto taki
[21/07/2021 19:09:15] /goto taki
[21/07/2021 19:09:17] /goto taki
[21/07/2021 19:09:29] /goto taki
[21/07/2021 19:09:49] /goto taki
[21/07/2021 19:09:51] /goto taki
[21/07/2021 19:09:57] /goto taki
[21/07/2021 19:09:59] /goto taki
[21/07/2021 19:10:01] /goto taki
[21/07/2021 19:10:04] /goto taki
[21/07/2021 19:10:18] /goto taki
[21/07/2021 19:10:21] /goto taki
[21/07/2021 19:12:09] /goto taki
[21/07/2021 19:12:15] /reload spells
[21/07/2021 19:12:16] /t
[21/07/2021 19:12:32] /up
[21/07/2021 19:12:33] /up
[21/07/2021 19:15:26] /goto taki
[21/07/2021 19:15:40] /ghost
[21/07/2021 19:29:54] /ghost
[21/07/2021 19:30:15] /t
[21/07/2021 19:30:23] /up
[21/07/2021 19:30:23] /up
[21/07/2021 19:34:35] /c matar
[21/07/2021 19:53:15] /c test
[21/07/2021 19:55:24] /c testt
[21/07/2021 19:57:42] /c testtt
[21/07/2021 20:05:15] /reload spells
[21/07/2021 20:06:13] /reload spells
[21/07/2021 20:06:22] /m training monk
[21/07/2021 20:09:07] /reload spells
[21/07/2021 20:10:33] /reload spells
[21/07/2021 20:11:04] /reload spells
[21/07/2021 20:11:27] /reload spells
[21/07/2021 20:12:06] /reload spells
[21/07/2021 20:13:08] /reload spells
[21/07/2021 20:14:46] /reload spells
[21/07/2021 20:15:58] /reload spells
[21/07/2021 20:16:32] /reload spells
[21/07/2021 20:20:49] /addskill Test,level,120000
[21/07/2021 20:23:29] /reload spells
[21/07/2021 20:24:30] /reload spells
[21/07/2021 20:25:25] /i sword of the hell
[21/07/2021 20:28:51] /reload spells
[21/07/2021 20:29:13] /reload spells
[21/07/2021 20:32:12] /reload spells
[21/07/2021 20:33:03] /reload spells
[21/07/2021 20:33:53] /reload spells
[21/07/2021 20:34:18] /reload spells
[21/07/2021 20:34:52] /reload spells
[21/07/2021 20:35:20] /reload spells
[21/07/2021 20:57:39] /reload spells
[21/07/2021 20:57:41] /i epic mana
[21/07/2021 20:58:15] /reload spells
[21/07/2021 21:18:29] /t
[21/07/2021 21:18:49] /goto taki
[21/07/2021 21:19:20] /t
[21/07/2021 21:33:55] /i 7697
[21/07/2021 21:34:21] /i 8976
[21/07/2021 21:34:29] /i 8266
[21/07/2021 21:35:50] /t
[21/07/2021 21:36:00] /raid ice lord
[21/07/2021 21:37:47] /goto mateus
[21/07/2021 21:38:05] /t
[21/07/2021 21:38:55] /ghost
[21/07/2021 21:42:27] /ghost
[21/07/2021 21:42:29] /save
[21/07/2021 21:51:18] /reload creaturescript
[21/07/2021 21:51:19] /reload creaturescripts
[21/07/2021 21:58:21] /reload spells
[21/07/2021 21:58:38] /goto kaio
[21/07/2021 21:58:42] /mc
[21/07/2021 21:58:48] /goto kaio
[21/07/2021 21:58:51] /goto kaio
[21/07/2021 21:59:14] /goto kaio
[21/07/2021 21:59:59] /goto kaio
[21/07/2021 22:00:02] /goto kaio
[21/07/2021 22:00:04] /goto kaio
[21/07/2021 22:00:06] /goto kaio
[21/07/2021 22:00:13] /goto kaio
[21/07/2021 22:00:14] /goto kaio
[21/07/2021 22:00:37] /goto kaio
[21/07/2021 22:00:43] /t
[21/07/2021 22:02:59] /reload spells
[21/07/2021 22:03:02] /goto kaio
[21/07/2021 22:03:15] /goto kaio
[21/07/2021 22:03:17] /goto kaio
[21/07/2021 22:03:20] /goto kaio
[21/07/2021 22:03:52] /t
[21/07/2021 22:03:59] /goto lindinhaa
[21/07/2021 22:04:04] /goto lindinhaa
[21/07/2021 22:04:06] /goto lindinhaa
[21/07/2021 22:04:22] /goto lindinhaa
[21/07/2021 22:04:25] /goto lindinhaa
[21/07/2021 22:04:38] /goto lindinhaa
[21/07/2021 22:04:43] /t
[21/07/2021 22:04:46] /up
[21/07/2021 22:04:47] /up
[21/07/2021 22:04:52] /t
[21/07/2021 22:06:09] /reload spells
[21/07/2021 22:06:13] /goto lindinhaa
[21/07/2021 22:06:14] /goto lindinhaa
[21/07/2021 22:06:16] /goto lindinhaa
[21/07/2021 22:06:17] /goto lindinhaa
[21/07/2021 22:06:19] /goto lindinhaa
[21/07/2021 22:06:21] /goto lindinhaa
[21/07/2021 22:06:23] /goto lindinhaa
[21/07/2021 22:06:25] /goto lindinhaa
[21/07/2021 22:10:51] /save
[21/07/2021 22:10:57] /shutdown
[21/07/2021 22:14:36] /t
[21/07/2021 22:14:45] /goto muthcka
[21/07/2021 22:15:11] /attr skull none
[21/07/2021 22:15:16] /a
[21/07/2021 22:15:19] /a
[21/07/2021 22:15:20] /t
[21/07/2021 22:15:21] /up
[21/07/2021 22:15:23] /up
[21/07/2021 22:35:56] /c test
[21/07/2021 22:44:36] /reload talkactions
[21/07/2021 22:49:04] /c test
[21/07/2021 22:49:53] /save
[21/07/2021 22:49:56] /shutdown
[21/07/2021 22:50:27] /c test
[21/07/2021 22:53:11] /save
[21/07/2021 22:53:14] /shutdown
[21/07/2021 23:10:04] /save
[21/07/2021 23:10:07] /shutdown
[21/07/2021 23:13:39] /goto kaio
[21/07/2021 23:17:25] /goto taki
[21/07/2021 23:17:37] /t
[21/07/2021 23:17:49] /up
[21/07/2021 23:18:31] /reload spells
[21/07/2021 23:18:32] /t
[21/07/2021 23:19:23] /up
[21/07/2021 23:19:27] /save
[21/07/2021 23:21:42] /reload spells
[21/07/2021 23:21:45] /t
[21/07/2021 23:22:02] /goto pestana pally
[21/07/2021 23:22:55] /goto pestana pally
[21/07/2021 23:23:07] /a 5
[21/07/2021 23:23:11] /a
[21/07/2021 23:23:23] /a
[21/07/2021 23:23:58] /goto pestana pally
[21/07/2021 23:24:01] /goto pestana pally
[21/07/2021 23:24:04] /goto pestana pally
[21/07/2021 23:24:06] /goto pestana pally
[21/07/2021 23:24:09] /goto pestana pally
[21/07/2021 23:24:12] /goto pestana pally
[21/07/2021 23:24:13] /goto pestana pally
[21/07/2021 23:24:15] /goto pestana pally
[21/07/2021 23:24:16] /goto pestana pally
[21/07/2021 23:24:18] /goto pestana pally
[21/07/2021 23:24:20] /goto pestana pally
[21/07/2021 23:24:21] /goto pestana pally
[21/07/2021 23:24:22] /goto pestana pally
[21/07/2021 23:24:24] /goto pestana pally
[21/07/2021 23:24:28] /goto pestana pally
[21/07/2021 23:24:31] /goto pestana pally
[21/07/2021 23:24:33] /goto pestana pally
[21/07/2021 23:24:36] /goto pestana pally
[21/07/2021 23:24:38] /goto pestana pally
[21/07/2021 23:24:41] /goto pestana pally
[21/07/2021 23:24:43] /goto pestana pally
[21/07/2021 23:24:45] /goto pestana pally
[21/07/2021 23:24:47] /goto pestana pally
[21/07/2021 23:24:50] /goto pestana pally
[21/07/2021 23:24:53] /goto pestana pally
[21/07/2021 23:24:57] /goto pestana pally
[21/07/2021 23:24:59] /goto pestana pally
[21/07/2021 23:25:01] /goto pestana pally
[21/07/2021 23:25:03] /goto pestana pally
[21/07/2021 23:25:05] /goto pestana pally
[21/07/2021 23:25:07] /goto pestana pally
[21/07/2021 23:25:09] /goto pestana pally
[21/07/2021 23:25:11] /goto pestana pally
[21/07/2021 23:25:32] /goto pestana pally
[21/07/2021 23:27:25] /t
[21/07/2021 23:27:55] /up
[21/07/2021 23:27:56] /up
[21/07/2021 23:32:53] /t
[21/07/2021 23:33:18] /reload spells
[21/07/2021 23:38:44] /i 2272
[21/07/2021 23:39:05] /i 2294
[21/07/2021 23:39:19] /i 2300
[21/07/2021 23:45:59] /i max power rune
[21/07/2021 23:48:07] /i 2270
[21/07/2021 23:49:21] /i 2283
[21/07/2021 23:52:08] /goto covid
[21/07/2021 23:52:17] /c Covid
[21/07/2021 23:52:21] /t
[21/07/2021 23:56:53] /goto money
[21/07/2021 23:56:59] /up
[21/07/2021 23:57:00] /up
[21/07/2021 23:58:05] /save
[22/07/2021 17:55:29] /t
[22/07/2021 17:55:44] /up
[22/07/2021 17:55:45] /up
[22/07/2021 18:39:16] /goto covid
[22/07/2021 18:39:26] /goto max rush power
[22/07/2021 18:39:55] /t
[22/07/2021 18:39:59] /up
[22/07/2021 18:40:01] /up
[22/07/2021 18:54:42] /t
[22/07/2021 19:05:00] /t
[22/07/2021 19:23:07] /goto nyvle
[22/07/2021 19:23:11] /goto nyvle
[22/07/2021 19:23:14] /goto nyvle
[22/07/2021 19:23:16] /goto nyvle
[22/07/2021 19:23:20] /goto nyvle
[22/07/2021 19:23:23] /goto nyvle
[22/07/2021 19:23:25] /goto nyvle
[22/07/2021 19:23:28] /goto nyvle
[22/07/2021 19:23:30] /goto nyvle
[22/07/2021 19:23:32] /goto nyvle
[22/07/2021 19:24:10] /goto nyvle
[22/07/2021 19:25:04] /up
[22/07/2021 19:25:05] /up
[22/07/2021 20:07:45] /goto mahina
[22/07/2021 20:07:52] /a 5
[22/07/2021 20:07:54] /a 5
[22/07/2021 20:08:03] /a 2
[22/07/2021 20:08:05] /a 3
[22/07/2021 20:08:08] /a 3
[22/07/2021 20:08:11] /a 3
[22/07/2021 20:08:13] /a 3
[22/07/2021 20:08:24] /a 5
[22/07/2021 20:09:11] /a 5
[22/07/2021 20:17:31] /goto the ghost
[22/07/2021 20:30:21] /goto clasus
[22/07/2021 20:30:26] /a 5
[22/07/2021 20:30:45] /goto ryuuku
[22/07/2021 20:30:56] /goto ryuuku
[22/07/2021 20:34:44] /goto mahina
[22/07/2021 20:34:45] /save
[22/07/2021 20:35:37] /a 5
[22/07/2021 20:35:38] /a 5
[22/07/2021 20:35:38] /a 5
[22/07/2021 20:35:38] /a 5
[22/07/2021 20:35:38] /a 5
[22/07/2021 20:35:38] /a 5
[22/07/2021 20:35:38] /a 5
[22/07/2021 20:35:38] /a 5
[22/07/2021 20:35:38] /a 5
[22/07/2021 20:35:40] /a 5
[22/07/2021 20:35:40] /a 5
[22/07/2021 20:35:42] /a 5
[22/07/2021 20:35:43] /a 5
[22/07/2021 20:35:43] /a 5
[22/07/2021 20:35:44] /a 5
[22/07/2021 20:35:48] /a 5
[22/07/2021 20:36:02] /a 5
[22/07/2021 20:36:03] /a 5
[22/07/2021 20:36:05] /a 5
[22/07/2021 20:36:10] /a 5
[22/07/2021 20:36:13] /a 5
[22/07/2021 20:36:16] /a 5
[22/07/2021 20:36:19] /a 5
[22/07/2021 20:36:26] /a 5
[22/07/2021 20:36:26] /a 5
[22/07/2021 20:36:27] /a 5
[22/07/2021 20:36:28] /a 5
[22/07/2021 20:36:30] /a 5
[22/07/2021 20:36:31] /a 5
[22/07/2021 20:36:33] /a 5
[22/07/2021 20:36:36] /a 5
[22/07/2021 20:36:41] /a 5
[22/07/2021 20:36:41] /a 5
[22/07/2021 20:36:42] /a 5
[22/07/2021 20:36:43] /a 5
[22/07/2021 20:36:49] /a 5
[22/07/2021 20:36:50] /a 5
[22/07/2021 20:36:51] /a 5
[22/07/2021 20:36:54] /a 5
[22/07/2021 20:36:54] /a 5
[22/07/2021 20:36:56] /a 5
[22/07/2021 20:36:57] /a 5
[22/07/2021 20:37:01] /a 5
[22/07/2021 20:37:01] /a 5
[22/07/2021 20:37:03] /a 5
[22/07/2021 20:37:04] /a 5
[22/07/2021 20:37:05] /a 5
[22/07/2021 20:37:08] /a 3
[22/07/2021 20:37:23] /goto juca
[22/07/2021 20:37:24] /goto juca
[22/07/2021 20:37:31] /goto clasus
[22/07/2021 20:37:33] /a 5
[22/07/2021 20:37:43] /a 5
[22/07/2021 20:37:45] /a 5
[22/07/2021 20:37:45] /a 5
[22/07/2021 20:37:45] /a 5
[22/07/2021 20:37:45] /a 5
[22/07/2021 20:37:45] /a 5
[22/07/2021 20:37:45] /a 5
[22/07/2021 20:37:45] /a 5
[22/07/2021 20:37:45] /a 5
[22/07/2021 20:37:45] /a 5
[22/07/2021 20:37:45] /a 5
[22/07/2021 20:37:45] /a 5
[22/07/2021 20:37:45] /a 5
[22/07/2021 20:37:45] /a 5
[22/07/2021 20:37:45] /a 5
[22/07/2021 20:37:46] /a 5
[22/07/2021 20:37:46] /a 5
[22/07/2021 20:37:46] /a 5
[22/07/2021 20:37:46] /a 5
[22/07/2021 20:37:46] /a 5
[22/07/2021 20:37:46] /a 5
[22/07/2021 20:37:46] /a 5
[22/07/2021 20:37:46] /a 5
[22/07/2021 20:37:46] /a 5
[22/07/2021 20:37:46] /a 5
[22/07/2021 20:37:46] /a 5
[22/07/2021 20:37:46] /a 5
[22/07/2021 20:37:46] /a 5
[22/07/2021 20:37:46] /a 5
[22/07/2021 20:37:46] /a 5
[22/07/2021 20:37:46] /a 5
[22/07/2021 20:37:46] /a 5
[22/07/2021 20:37:46] /a 5
[22/07/2021 20:37:46] /a 5
[22/07/2021 20:37:47] /a 5
[22/07/2021 20:37:47] /a 5
[22/07/2021 20:37:49] /a 5
[22/07/2021 20:37:49] /a 5
[22/07/2021 20:37:49] /a 5
[22/07/2021 20:37:49] /a 5
[22/07/2021 20:37:49] /a 5
[22/07/2021 20:37:49] /a 5
[22/07/2021 20:37:49] /a 5
[22/07/2021 20:37:49] /a 5
[22/07/2021 20:37:49] /a 5
[22/07/2021 20:37:49] /a 5
[22/07/2021 20:37:49] /a 5
[22/07/2021 20:37:49] /a 5
[22/07/2021 20:37:49] /a 5
[22/07/2021 20:37:49] /a 5
[22/07/2021 20:37:49] /a 5
[22/07/2021 20:37:49] /a 5
[22/07/2021 20:37:49] /a 5
[22/07/2021 20:37:49] /a 5
[22/07/2021 20:37:49] /a 5
[22/07/2021 20:37:49] /a 5
[22/07/2021 20:37:49] /a 5
[22/07/2021 20:37:49] /a 5
[22/07/2021 20:37:50] /a 5
[22/07/2021 20:37:50] /a 5
[22/07/2021 20:37:50] /a 5
[22/07/2021 20:37:50] /a 5
[22/07/2021 20:37:50] /a 5
[22/07/2021 20:37:50] /a 5
[22/07/2021 20:37:51] /a 5
[22/07/2021 20:37:51] /a 5
[22/07/2021 20:37:51] /a 5
[22/07/2021 20:37:52] /a 5
[22/07/2021 20:37:52] /a 5
[22/07/2021 20:37:52] /a 5
[22/07/2021 20:37:53] /a 5
[22/07/2021 20:37:53] /a 5
[22/07/2021 20:37:53] /a 5
[22/07/2021 20:37:53] /a 5
[22/07/2021 20:37:53] /a 5
[22/07/2021 20:37:54] /a 5
[22/07/2021 20:37:54] /a 5
[22/07/2021 20:37:56] /a 5
[22/07/2021 20:37:56] /a 5
[22/07/2021 20:37:57] /a 5
[22/07/2021 20:37:57] /a 5
[22/07/2021 20:37:58] /a 5
[22/07/2021 20:38:02] /m hacker
[22/07/2021 20:38:19] /i hacker
[22/07/2021 20:38:23] /a
[22/07/2021 20:38:28] /r
[22/07/2021 20:38:30] /a 5
[22/07/2021 20:38:51] /t
[22/07/2021 20:39:02] /up
[22/07/2021 20:39:03] /up
[22/07/2021 21:32:34] /goto poderoso pally
[22/07/2021 21:33:07] /save
[22/07/2021 21:34:34] /up
[22/07/2021 21:34:34] /up
[22/07/2021 21:34:38] /save
[23/07/2021 18:14:38] /t
[23/07/2021 18:20:40] /reload spells
[23/07/2021 18:21:23] /reload spells
[23/07/2021 18:21:50] /reload spells
[23/07/2021 18:22:23] /reload spells
[23/07/2021 18:23:32] /reload spells
[23/07/2021 18:24:09] /reload spells
[23/07/2021 18:27:13] /reload spells
[23/07/2021 18:27:41] /reload spells
[23/07/2021 18:29:40] /reload spells
[23/07/2021 18:31:37] /reload spells
[23/07/2021 18:32:13] /reload spells
[23/07/2021 18:32:42] /reload spells
[23/07/2021 18:34:24] /reload spells
[23/07/2021 18:35:55] /reload spells
[23/07/2021 18:37:18] /reload spells
[23/07/2021 18:39:10] /reload spells
[23/07/2021 18:39:21] /ghost
[23/07/2021 18:42:41] /reload spells
[23/07/2021 18:43:43] /reload spells
[23/07/2021 18:44:04] /reload spells
[23/07/2021 18:44:57] /reload spells
[23/07/2021 18:47:57] /reload spells
[23/07/2021 18:48:32] /reload spells
[23/07/2021 18:48:57] /reload spells
[23/07/2021 18:49:41] /reload spells
[23/07/2021 18:51:19] /reload spells
[23/07/2021 18:52:04] /reload spells
[23/07/2021 18:55:23] /reload spells
[23/07/2021 18:56:05] /reload spells
[23/07/2021 18:56:41] /reload spells
[23/07/2021 18:57:25] /reload spells
[23/07/2021 18:58:29] /reload spells
[23/07/2021 19:06:39] /reload spells
[23/07/2021 19:08:25] /reload spells
[23/07/2021 19:10:22] /reload spells
[23/07/2021 19:17:03] /goto the ghost
[23/07/2021 19:17:15] /goto mahina
[23/07/2021 19:17:22] /a 5
[23/07/2021 19:17:23] /a 5
[23/07/2021 19:17:24] /a 5
[23/07/2021 19:17:24] /a 5
[23/07/2021 19:17:24] /a 5
[23/07/2021 19:17:24] /a 5
[23/07/2021 19:17:25] /a 5
[23/07/2021 19:20:36] /r
[23/07/2021 19:21:01] /a
[23/07/2021 19:21:02] /a
[23/07/2021 19:21:02] /a
[23/07/2021 19:21:09] /r
[23/07/2021 19:21:13] /ghost
[23/07/2021 19:21:18] /m the ghost
[23/07/2021 19:21:23] /ghost
[23/07/2021 19:23:26] /r
[23/07/2021 19:26:52] /a
[23/07/2021 19:26:54] /r
[23/07/2021 19:29:39] /save
[23/07/2021 19:31:05] /a
[23/07/2021 19:31:18] /r
[23/07/2021 19:31:20] /a 
[23/07/2021 19:31:22] /a 
[23/07/2021 19:31:23] /a 
[23/07/2021 19:31:25] /r
[23/07/2021 19:31:28] /r
[23/07/2021 19:32:31] /r
[23/07/2021 19:32:36] /a 5
[23/07/2021 19:33:01] /a 5
[23/07/2021 19:33:04] /a 5
[23/07/2021 19:33:04] /a 5
[23/07/2021 19:33:14] /r
[23/07/2021 19:36:22] /a 5
[23/07/2021 19:36:23] /a 5
[23/07/2021 19:36:27] /a 5
[23/07/2021 19:36:28] /a 5
[23/07/2021 19:41:21] /i crystal sword
[23/07/2021 19:41:29] /i cristal sword
[23/07/2021 19:43:09] /reload spells
[23/07/2021 21:34:57] /ghost
[23/07/2021 21:35:04] /goto eoqq
[23/07/2021 21:37:40] /reload spells
[23/07/2021 21:39:45] /reload spells
[23/07/2021 21:41:17] /reload spells
[23/07/2021 21:41:52] /reload spells
[23/07/2021 21:42:18] /reload spells
[23/07/2021 21:45:35] /reload monster
[23/07/2021 21:46:16] /reload monster
[23/07/2021 22:02:21] /up
[23/07/2021 22:02:22] /up
[23/07/2021 22:02:26] /save
[23/07/2021 22:40:48] /save
[24/07/2021 13:02:45] /i 12318
[24/07/2021 13:02:51] /i 12327
[24/07/2021 13:03:16] /t
[24/07/2021 13:03:33] /i 12648
[24/07/2021 13:03:40] /i 12647
[24/07/2021 13:03:42] /t
[24/07/2021 13:03:43] /up
[24/07/2021 13:03:44] /up
[24/07/2021 13:27:59] /t
[24/07/2021 13:28:08] /up
[24/07/2021 13:28:08] /up
[24/07/2021 13:42:48] /m the fire elemental
[24/07/2021 13:56:16] /m hacker
[24/07/2021 13:56:23] /r
[24/07/2021 13:56:27] /r
[24/07/2021 13:56:29] /r
[24/07/2021 13:56:46] /m yalahari
[24/07/2021 13:58:53] /reload monster
[24/07/2021 13:59:01] /m yalahari
[24/07/2021 13:59:40] /reload monster
[24/07/2021 14:01:01] /reload monster
[24/07/2021 14:01:56] /reload monster
[24/07/2021 14:03:12] /r
[24/07/2021 14:03:42] /m morte
[24/07/2021 14:04:44] /reload monster
[24/07/2021 14:05:13] /reload monster
[24/07/2021 14:06:31] /r
[24/07/2021 14:06:35] /m The Apocalypse
[24/07/2021 14:07:07] /reload monster
[24/07/2021 14:07:40] /reload monster
[24/07/2021 14:07:59] /reload monster
[24/07/2021 14:08:22] /reload monster
[24/07/2021 14:08:43] /reload monster
[24/07/2021 14:09:18] /reload monster
[24/07/2021 14:09:49] /r
[24/07/2021 14:09:58] /m ultimate devil
[24/07/2021 14:10:12] /r
[24/07/2021 14:10:40] /m The Orshabaal
[24/07/2021 14:11:50] /reload monster
[24/07/2021 14:14:41] /r
[24/07/2021 14:14:46] /m juca
[24/07/2021 14:16:15] /m ice master
[24/07/2021 14:16:20] /r
[24/07/2021 14:16:56] /m Ultimate Angel
[24/07/2021 14:17:02] /r
[24/07/2021 14:17:03] /r
[24/07/2021 14:20:21] /m cm oufit
[24/07/2021 14:20:23] /m cm oufit
[24/07/2021 14:20:35] /r
[24/07/2021 14:20:36] /t
[24/07/2021 14:20:47] /up
[24/07/2021 14:20:48] /up
[24/07/2021 14:28:23] /save
[24/07/2021 14:29:21] /r
[24/07/2021 14:29:27] /m training monk
[24/07/2021 14:29:29] /m training monk
[24/07/2021 14:32:13] /reload items
[24/07/2021 14:32:21] /reload weapons
[24/07/2021 14:32:53] /i jester staff
[24/07/2021 14:34:58] /t
[24/07/2021 14:35:34] /save
[24/07/2021 14:37:07] /goto juca
[24/07/2021 14:37:14] /goto clasus
[24/07/2021 14:37:17] /a 5
[24/07/2021 14:37:29] /a 5
[24/07/2021 14:37:30] /a 5
[24/07/2021 14:37:30] /a 5
[24/07/2021 14:37:30] /a 5
[24/07/2021 14:37:30] /a 5
[24/07/2021 14:37:31] /a 5
[24/07/2021 14:37:31] /a 5
[24/07/2021 14:37:31] /a 5
[24/07/2021 14:37:31] /a 5
[24/07/2021 14:37:31] /a 5
[24/07/2021 14:37:31] /a 5
[24/07/2021 14:37:31] /a 5
[24/07/2021 14:37:31] /a 5
[24/07/2021 14:37:31] /a 5
[24/07/2021 14:37:32] /a 5
[24/07/2021 14:37:32] /a 5
[24/07/2021 14:37:32] /a 5
[24/07/2021 14:37:32] /a 5
[24/07/2021 14:37:32] /a 5
[24/07/2021 14:37:32] /a 5
[24/07/2021 14:37:32] /a 5
[24/07/2021 14:37:33] /a 5
[24/07/2021 14:37:33] /a 5
[24/07/2021 14:37:33] /a 5
[24/07/2021 14:37:33] /a 5
[24/07/2021 14:37:33] /a 5
[24/07/2021 14:37:33] /a 5
[24/07/2021 14:37:33] /a 5
[24/07/2021 14:37:33] /a 5
[24/07/2021 14:37:33] /a 5
[24/07/2021 14:37:33] /a 5
[24/07/2021 14:37:33] /a 5
[24/07/2021 14:37:33] /a 5
[24/07/2021 14:37:33] /a 5
[24/07/2021 14:37:34] /a 5
[24/07/2021 14:37:34] /a 5
[24/07/2021 14:37:34] /a 5
[24/07/2021 14:37:34] /a 5
[24/07/2021 14:37:34] /a 5
[24/07/2021 14:37:34] /a 5
[24/07/2021 14:37:35] /a 5
[24/07/2021 14:37:35] /a 5
[24/07/2021 14:37:35] /a 5
[24/07/2021 14:37:35] /a 5
[24/07/2021 14:37:35] /a 5
[24/07/2021 14:37:36] /a 5
[24/07/2021 14:37:37] /a 5
[24/07/2021 14:37:37] /a 5
[24/07/2021 14:37:38] /a 5
[24/07/2021 14:37:38] /a 5
[24/07/2021 14:37:38] /a 5
[24/07/2021 14:37:38] /a 5
[24/07/2021 14:37:38] /a 5
[24/07/2021 14:37:38] /a 5
[24/07/2021 14:37:38] /a 5
[24/07/2021 14:37:38] /a 5
[24/07/2021 14:37:39] /a 5
[24/07/2021 14:37:39] /a 5
[24/07/2021 14:37:40] /a 5
[24/07/2021 14:37:40] /a 5
[24/07/2021 14:37:41] /a 5
[24/07/2021 14:37:41] /a 5
[24/07/2021 14:37:43] /a 5
[24/07/2021 14:37:44] /a 5
[24/07/2021 14:37:44] /a 5
[24/07/2021 14:37:44] /a 5
[24/07/2021 14:37:44] /a 5
[24/07/2021 14:37:44] /a 5
[24/07/2021 14:37:44] /a 5
[24/07/2021 14:37:44] /a 5
[24/07/2021 14:37:44] /a 5
[24/07/2021 14:37:44] /a 5
[24/07/2021 14:37:44] /a 5
[24/07/2021 14:37:44] /a 5
[24/07/2021 14:37:44] /a 5
[24/07/2021 14:37:44] /a 5
[24/07/2021 14:37:44] /a 5
[24/07/2021 14:37:44] /a 5
[24/07/2021 14:37:45] /a 5
[24/07/2021 14:37:45] /a 5
[24/07/2021 14:37:45] /a 5
[24/07/2021 14:37:45] /a 5
[24/07/2021 14:37:45] /a 5
[24/07/2021 14:37:45] /a 5
[24/07/2021 14:37:45] /a 5
[24/07/2021 14:37:45] /a 5
[24/07/2021 14:37:45] /a 5
[24/07/2021 14:37:45] /a 5
[24/07/2021 14:37:45] /a 5
[24/07/2021 14:37:46] /a 5
[24/07/2021 14:37:46] /a 5
[24/07/2021 14:37:46] /a 5
[24/07/2021 14:37:47] /a 5
[24/07/2021 14:37:47] /a 5
[24/07/2021 14:37:47] /a 5
[24/07/2021 14:37:47] /a 5
[24/07/2021 14:37:47] /a 5
[24/07/2021 14:37:47] /a 5
[24/07/2021 14:37:47] /a 5
[24/07/2021 14:37:47] /a 5
[24/07/2021 14:37:47] /a 5
[24/07/2021 14:37:47] /a 5
[24/07/2021 14:37:47] /a 5
[24/07/2021 14:37:47] /a 5
[24/07/2021 14:37:47] /a 5
[24/07/2021 14:37:47] /a 5
[24/07/2021 14:37:47] /a 5
[24/07/2021 14:37:47] /a 5
[24/07/2021 14:37:48] /a 5
[24/07/2021 14:37:48] /a 5
[24/07/2021 14:37:49] /a 5
[24/07/2021 14:37:49] /a 5
[24/07/2021 14:37:49] /a 5
[24/07/2021 14:37:49] /a 5
[24/07/2021 14:37:49] /a 5
[24/07/2021 14:37:49] /a 5
[24/07/2021 14:37:50] /a 5
[24/07/2021 14:37:50] /a 5
[24/07/2021 14:37:50] /a 5
[24/07/2021 14:37:50] /a 5
[24/07/2021 14:37:50] /a 5
[24/07/2021 14:37:50] /a 5
[24/07/2021 14:37:50] /a 5
[24/07/2021 14:37:50] /a 5
[24/07/2021 14:37:50] /a 5
[24/07/2021 14:37:51] /a 5
[24/07/2021 14:37:51] /a 5
[24/07/2021 14:37:51] /a 5
[24/07/2021 14:37:51] /a 5
[24/07/2021 14:37:51] /a 5
[24/07/2021 14:37:51] /a 5
[24/07/2021 14:37:51] /a 5
[24/07/2021 14:37:51] /a 5
[24/07/2021 14:37:51] /a 5
[24/07/2021 14:37:51] /a 5
[24/07/2021 14:37:51] /a 5
[24/07/2021 14:37:51] /a 5
[24/07/2021 14:37:51] /a 5
[24/07/2021 14:37:51] /a 5
[24/07/2021 14:37:51] /a 5
[24/07/2021 14:37:52] /a 5
[24/07/2021 14:37:53] /a 5
[24/07/2021 14:37:53] /a 5
[24/07/2021 14:37:53] /a 5
[24/07/2021 14:37:53] /a 5
[24/07/2021 14:37:53] /a 5
[24/07/2021 14:37:54] /a 5
[24/07/2021 14:37:55] /a 5
[24/07/2021 14:37:55] /a 5
[24/07/2021 14:37:55] /a 5
[24/07/2021 14:37:55] /a 5
[24/07/2021 14:37:56] /a 5
[24/07/2021 14:37:56] /a 5
[24/07/2021 14:37:56] /a 5
[24/07/2021 14:37:56] /a 5
[24/07/2021 14:37:57] /a 5
[24/07/2021 14:37:57] /a 5
[24/07/2021 14:37:58] /a 5
[24/07/2021 14:37:58] /a 5
[24/07/2021 14:40:32] /r
[24/07/2021 14:40:35] /r
[24/07/2021 14:40:38] /a 5
[24/07/2021 14:48:51] /t
[24/07/2021 14:49:53] /up
[24/07/2021 14:49:58] /up
[24/07/2021 14:49:59] /up
[24/07/2021 14:50:19] /goto the ghost
[24/07/2021 14:50:36] /t
[24/07/2021 14:50:38] /up
[24/07/2021 14:50:39] /up
[24/07/2021 14:50:50] /m the ghost
[24/07/2021 14:53:15] /reload monster
[24/07/2021 14:53:47] /m The Darkness
[24/07/2021 14:53:53] /r
[24/07/2021 14:55:45] /reload monster
[24/07/2021 14:56:23] /reload monster
[24/07/2021 14:57:05] /reload monster
[24/07/2021 14:57:27] /reload monster
[24/07/2021 14:57:59] /reload monster
[24/07/2021 14:58:22] /reload monster
[24/07/2021 14:58:36] /reload monster
[24/07/2021 14:58:54] /reload monster
[24/07/2021 14:59:17] /r
[24/07/2021 14:59:18] /r
[24/07/2021 14:59:23] /goto The Darkness
[24/07/2021 15:01:46] /a
[24/07/2021 15:01:48] /a
[24/07/2021 15:01:50] /a 5
[24/07/2021 15:01:52] /a 5
[24/07/2021 15:01:52] /a 5
[24/07/2021 15:01:53] /a 5
[24/07/2021 15:01:54] /a 5
[24/07/2021 15:01:55] /a 5
[24/07/2021 15:01:55] /a 5
[24/07/2021 15:02:04] /a 3
[24/07/2021 15:02:21] /r
[24/07/2021 15:02:27] /a 2
[24/07/2021 15:11:16] /r
[24/07/2021 15:11:19] /a 5
[24/07/2021 15:11:20] /a 5
[24/07/2021 15:11:21] /a 5
[24/07/2021 15:11:21] /a 5
[24/07/2021 15:11:23] /a
[24/07/2021 15:11:26] /r
[24/07/2021 15:11:27] /a 5
[24/07/2021 15:11:30] /a 2
[24/07/2021 15:11:31] /r
[24/07/2021 15:11:34] /r
[24/07/2021 15:15:50] /goto the ghost
[24/07/2021 15:15:54] /a 5
[24/07/2021 15:16:07] /a 2
[24/07/2021 15:16:13] /a 
[24/07/2021 15:16:20] /a 
[24/07/2021 15:16:25] /a 4
[24/07/2021 15:16:31] /a 5
[24/07/2021 15:16:38] /a 5
[24/07/2021 15:21:09] /reload monster
[24/07/2021 15:21:13] /a 5
[24/07/2021 15:21:13] /a 5
[24/07/2021 15:21:14] /a 5
[24/07/2021 15:22:55] /reload monster
[24/07/2021 15:23:45] /reload monster
[24/07/2021 15:25:43] /a 5
[24/07/2021 15:25:43] /a 5
[24/07/2021 15:25:44] /a 5
[24/07/2021 15:26:09] /a 2
[24/07/2021 15:26:11] /a
[24/07/2021 15:26:13] /r
[24/07/2021 15:26:17] /r
[24/07/2021 15:30:48] /reload monster
[24/07/2021 15:30:49] /t
[24/07/2021 15:32:36] /t
[24/07/2021 15:32:57] /goto the ghost
[24/07/2021 15:32:59] /a 5
[24/07/2021 15:33:03] /a 5
[24/07/2021 15:33:20] /a 5
[24/07/2021 15:33:49] /t
[24/07/2021 15:39:16] /t
[24/07/2021 15:39:20] /up
[24/07/2021 15:39:21] /up
[24/07/2021 15:45:38] /goto ryyuku
[24/07/2021 15:45:43] /goto ryuuku
[24/07/2021 15:45:59] /a 5
[24/07/2021 15:45:59] /a 5
[24/07/2021 15:46:00] /a 5
[24/07/2021 15:46:00] /a 5
[24/07/2021 15:46:00] /a 5
[24/07/2021 15:46:00] /a 5
[24/07/2021 15:46:00] /a 5
[24/07/2021 15:46:01] /a 5
[24/07/2021 15:46:01] /a 5
[24/07/2021 15:46:02] /a 5
[24/07/2021 15:46:03] /a 5
[24/07/2021 15:46:04] /a 5
[24/07/2021 15:46:05] /a 5
[24/07/2021 15:46:06] /a 5
[24/07/2021 15:46:07] /a 5
[24/07/2021 15:46:07] /a 5
[24/07/2021 15:46:12] /a 5
[24/07/2021 15:46:44] /r
[24/07/2021 15:46:47] /a 5
[24/07/2021 15:46:59] /t
[24/07/2021 15:47:30] /a 5
[24/07/2021 15:47:32] /a 5
[24/07/2021 15:49:24] /reload spells
[24/07/2021 16:07:24] /goto hizaki
[24/07/2021 16:07:34] /t
[24/07/2021 16:07:39] /up
[24/07/2021 16:10:14] /i cristal sword
[24/07/2021 16:11:02] /reload spells
[24/07/2021 16:13:39] /reload spells
[24/07/2021 16:14:54] /i max power rune
[24/07/2021 16:16:02] /reload spells
[24/07/2021 16:19:29] /reload spells
[24/07/2021 16:38:51] /goto ryyuku
[24/07/2021 16:38:55] /goto ryuuku
[24/07/2021 16:39:07] /a 5
[24/07/2021 16:39:08] /a 5
[24/07/2021 16:39:08] /a 5
[24/07/2021 16:39:08] /a 5
[24/07/2021 16:39:09] /a 5
[24/07/2021 16:39:09] /a 5
[24/07/2021 16:39:10] /a 5
[24/07/2021 16:39:10] /a 5
[24/07/2021 16:39:15] /a 5
[24/07/2021 16:39:15] /a 5
[24/07/2021 16:39:15] /a 5
[24/07/2021 16:39:15] /a 5
[24/07/2021 16:39:16] /a 5
[24/07/2021 16:39:16] /a 5
[24/07/2021 16:39:16] /a 5
[24/07/2021 16:39:16] /a 5
[24/07/2021 16:39:16] /a 5
[24/07/2021 16:39:17] /a 5
[24/07/2021 16:39:18] /a 5
[24/07/2021 16:39:18] /a 5
[24/07/2021 16:39:18] /a 5
[24/07/2021 16:39:18] /a 5
[24/07/2021 16:39:18] /a 5
[24/07/2021 16:39:18] /a 5
[24/07/2021 16:39:19] /a 5
[24/07/2021 16:39:19] /a 5
[24/07/2021 16:39:19] /a 5
[24/07/2021 16:39:19] /a 5
[24/07/2021 16:39:19] /a 5
[24/07/2021 16:39:19] /a 5
[24/07/2021 16:39:20] /a 5
[24/07/2021 16:39:20] /a 5
[24/07/2021 16:39:20] /a 5
[24/07/2021 16:39:20] /a 5
[24/07/2021 16:39:20] /a 5
[24/07/2021 16:39:21] /a 5
[24/07/2021 16:39:22] /a 5
[24/07/2021 16:39:23] /a 5
[24/07/2021 16:39:28] /a 5
[24/07/2021 16:39:28] /a 5
[24/07/2021 16:39:28] /a 5
[24/07/2021 16:39:29] /a 5
[24/07/2021 16:39:29] /a 5
[24/07/2021 16:39:29] /a 5
[24/07/2021 16:39:29] /a 5
[24/07/2021 16:39:35] /a 5
[24/07/2021 16:39:35] /a 5
[24/07/2021 16:39:35] /a 5
[24/07/2021 16:39:36] /a 5
[24/07/2021 16:39:36] /a 5
[24/07/2021 16:39:36] /a 5
[24/07/2021 16:39:37] /a 5
[24/07/2021 16:39:37] /a 5
[24/07/2021 16:39:37] /a 5
[24/07/2021 16:39:37] /a 5
[24/07/2021 16:39:37] /a 5
[24/07/2021 16:39:38] /a 5
[24/07/2021 16:39:38] /a 5
[24/07/2021 16:39:38] /a 5
[24/07/2021 16:46:15] /i 7367
[24/07/2021 16:47:20] /save
[24/07/2021 16:49:27] /reload monster
[24/07/2021 16:49:28] /t
[24/07/2021 16:52:48] /goto maki
[24/07/2021 16:52:55] /goto max rush power
[24/07/2021 16:53:02] /goto max rush power
[24/07/2021 16:53:04] /t
[24/07/2021 16:53:09] /goto max rush power
[24/07/2021 16:53:11] /goto max rush power
[24/07/2021 16:53:12] /goto max rush power
[24/07/2021 16:53:14] /goto max rush power
[24/07/2021 16:53:16] /goto max rush power
[24/07/2021 16:53:17] /goto max rush power
[24/07/2021 16:53:19] /goto max rush power
[24/07/2021 16:53:20] /goto max rush power
[24/07/2021 16:53:24] /goto max rush power
[24/07/2021 16:53:32] /goto max rush power
[24/07/2021 16:53:35] /goto max rush power
[24/07/2021 16:53:38] /goto max rush power
[24/07/2021 16:53:41] /t
[24/07/2021 16:53:44] /up
[24/07/2021 16:53:45] /up
[24/07/2021 16:53:49] /save
[24/07/2021 16:56:06] /goto max rush power
[24/07/2021 16:56:08] /t
[24/07/2021 16:56:16] /up
[24/07/2021 16:56:17] /up
[24/07/2021 19:01:09] /t
[24/07/2021 19:03:57] /i 7261
[24/07/2021 19:04:01] /r
[24/07/2021 19:04:28] /i 7263
[24/07/2021 19:04:31] /r
[24/07/2021 19:06:49] /i 7367
[24/07/2021 19:07:55] /i 7260
[24/07/2021 19:07:58] /r
[24/07/2021 19:08:51] /goto ryuuku
[24/07/2021 19:09:01] /a 5
[24/07/2021 19:09:02] /a 5
[24/07/2021 19:09:02] /a 5
[24/07/2021 19:09:02] /a 5
[24/07/2021 19:09:02] /a 5
[24/07/2021 19:09:02] /a 5
[24/07/2021 19:09:02] /a 5
[24/07/2021 19:09:03] /a 5
[24/07/2021 19:09:03] /a 5
[24/07/2021 19:09:59] /save
[24/07/2021 19:10:37] /a 5
[24/07/2021 19:10:38] /a 5
[24/07/2021 19:10:38] /a 5
[24/07/2021 19:10:38] /a 5
[24/07/2021 19:10:38] /a 5
[24/07/2021 19:10:39] /a 5
[24/07/2021 19:10:39] /a 5
[24/07/2021 19:10:39] /a 5
[24/07/2021 19:10:41] /a 5
[24/07/2021 19:11:43] /c muita
[24/07/2021 19:12:03] /a 5
[24/07/2021 19:12:04] /a 5
[24/07/2021 19:12:04] /a 5
[24/07/2021 19:12:04] /a 5
[24/07/2021 19:12:04] /a 5
[24/07/2021 19:12:05] /a 5
[24/07/2021 19:12:05] /a 5
[24/07/2021 19:12:09] /c muita
[24/07/2021 19:12:21] /a 5
[24/07/2021 19:12:21] /a 5
[24/07/2021 19:12:22] /a 5
[24/07/2021 19:12:22] /a 5
[24/07/2021 19:12:23] /a 5
[24/07/2021 19:12:23] /a 5
[24/07/2021 19:12:23] /a 5
[24/07/2021 19:12:23] /a 5
[24/07/2021 19:12:23] /a 5
[24/07/2021 19:12:23] /a 5
[24/07/2021 19:12:34] /c muita
[24/07/2021 19:12:44] /a 5
[24/07/2021 19:12:44] /a 5
[24/07/2021 19:12:44] /a 5
[24/07/2021 19:12:44] /a 5
[24/07/2021 19:12:45] /a 5
[24/07/2021 19:12:45] /a 5
[24/07/2021 19:12:45] /a 5
[24/07/2021 19:12:45] /a 5
[24/07/2021 19:12:45] /a 5
[24/07/2021 19:12:45] /a 5
[24/07/2021 19:12:46] /a 5
[24/07/2021 19:12:46] /a 5
[24/07/2021 19:12:46] /a 5
[24/07/2021 19:12:47] /a 5
[24/07/2021 19:12:48] /a 5
[24/07/2021 19:13:04] /c muita
[24/07/2021 19:13:59] /i 7367
[24/07/2021 19:15:37] /i spear shinigami
[24/07/2021 19:15:43] /i spears shinigami
[24/07/2021 19:15:52] /i 7367
[24/07/2021 19:17:11] /save
[24/07/2021 19:20:40] /save
[24/07/2021 19:24:02] /i 2352
[24/07/2021 19:25:15] /i 7367
[24/07/2021 19:34:38] /save
[24/07/2021 19:36:04] /goto ryuuku
[24/07/2021 19:36:11] /a 5
[24/07/2021 19:36:12] /a 5
[24/07/2021 19:36:13] /a 5
[24/07/2021 19:36:13] /a 5
[24/07/2021 19:36:13] /a 5
[24/07/2021 19:36:13] /a 5
[24/07/2021 19:36:13] /a 5
[24/07/2021 19:36:13] /a 5
[24/07/2021 19:36:15] /a 5
[24/07/2021 19:36:15] /a 5
[24/07/2021 19:36:20] /c haha
[24/07/2021 19:37:04] /t
[24/07/2021 19:39:20] /reload monster
[24/07/2021 19:39:25] /goto dreener
[24/07/2021 19:39:30] /m hacker
[24/07/2021 19:39:40] /r
[24/07/2021 19:39:42] /r
[24/07/2021 19:40:58] /a 5
[24/07/2021 19:40:58] /a 5
[24/07/2021 19:40:58] /a 5
[24/07/2021 19:40:59] /a 5
[24/07/2021 19:40:59] /a 5
[24/07/2021 19:41:00] /a 5
[24/07/2021 19:41:00] /a 5
[24/07/2021 19:41:00] /a 5
[24/07/2021 19:41:01] /a 5
[24/07/2021 19:41:01] /a 5
[24/07/2021 19:41:01] /a 5
[24/07/2021 19:41:02] /a 5
[24/07/2021 19:41:02] /a 5
[24/07/2021 19:41:03] /a 5
[24/07/2021 19:41:18] /r
[24/07/2021 19:41:21] /r
[24/07/2021 19:41:27] /t
[24/07/2021 19:42:47] /t
[24/07/2021 19:43:27] /goto the ghost
[24/07/2021 19:43:30] /a
[24/07/2021 19:44:23] /a 3
[24/07/2021 19:45:08] /t
[24/07/2021 19:45:28] /t
[24/07/2021 19:45:35] /up
[24/07/2021 19:45:45] /m mestre dos magos
[24/07/2021 19:47:58] /reload monster
[24/07/2021 19:48:35] /reload monster
[24/07/2021 19:49:08] /reload monster
[24/07/2021 19:49:36] /reload monster
[24/07/2021 19:50:31] /reload monster
[24/07/2021 19:51:54] /reload monster
[24/07/2021 19:55:07] /reload monster
[24/07/2021 19:56:31] /reload monster
[24/07/2021 19:57:29] /reload monster
[24/07/2021 19:57:52] /reload monster
[24/07/2021 19:58:27] /reload monster
[24/07/2021 19:58:48] /reload monster
[24/07/2021 19:59:15] /r
[24/07/2021 19:59:20] /r
[24/07/2021 19:59:28] /t
[24/07/2021 19:59:35] /goto alas anger
[24/07/2021 19:59:38] /goto alas anger
[24/07/2021 20:00:21] /reload monster
[24/07/2021 20:05:29] /reload monster
[24/07/2021 20:05:30] /goto alas anger
[24/07/2021 20:05:41] /t
[24/07/2021 20:15:50] /goto spells
[24/07/2021 20:15:52] /goto spellss
[24/07/2021 20:16:01] /reload spells
[24/07/2021 20:18:57] /up
[24/07/2021 20:24:05] /goto mahina
[24/07/2021 20:24:07] /a 5
[24/07/2021 20:24:07] /a 5
[24/07/2021 20:24:07] /a 5
[24/07/2021 20:24:07] /a 5
[24/07/2021 20:24:07] /a 5
[24/07/2021 20:24:08] /a 5
[24/07/2021 20:24:09] /a 5
[24/07/2021 20:24:10] /a 5
[24/07/2021 20:24:11] /a 5
[24/07/2021 20:24:11] /a 5
[24/07/2021 20:24:11] /a 5
[24/07/2021 20:24:11] /a 5
[24/07/2021 20:24:11] /a 5
[24/07/2021 20:24:11] /a 5
[24/07/2021 20:24:11] /a 5
[24/07/2021 20:24:12] /a 5
[24/07/2021 20:24:12] /a 5
[24/07/2021 20:24:12] /a 5
[24/07/2021 20:24:12] /a 5
[24/07/2021 20:24:14] /a 5
[24/07/2021 20:24:14] /a 5
[24/07/2021 20:24:14] /a 5
[24/07/2021 20:24:14] /a 5
[24/07/2021 20:24:14] /a 5
[24/07/2021 20:24:14] /a 5
[24/07/2021 20:24:14] /a 5
[24/07/2021 20:24:14] /a 5
[24/07/2021 20:24:14] /a 5
[24/07/2021 20:24:14] /a 5
[24/07/2021 20:24:15] /a 5
[24/07/2021 20:24:15] /a 5
[24/07/2021 20:24:15] /a 5
[24/07/2021 20:24:15] /a 5
[24/07/2021 20:24:15] /a 5
[24/07/2021 20:24:15] /a 5
[24/07/2021 20:24:15] /a 5
[24/07/2021 20:24:15] /a 5
[24/07/2021 20:24:15] /a 5
[24/07/2021 20:24:16] /a 5
[24/07/2021 20:24:16] /a 5
[24/07/2021 20:24:16] /a 5
[24/07/2021 20:24:16] /a 5
[24/07/2021 20:24:16] /a 5
[24/07/2021 20:24:16] /a 5
[24/07/2021 20:24:16] /a 5
[24/07/2021 20:24:16] /a 5
[24/07/2021 20:24:16] /a 5
[24/07/2021 20:24:16] /a 5
[24/07/2021 20:24:16] /a 5
[24/07/2021 20:24:16] /a 5
[24/07/2021 20:24:16] /a 5
[24/07/2021 20:24:16] /a 5
[24/07/2021 20:24:16] /a 5
[24/07/2021 20:24:16] /a 5
[24/07/2021 20:24:16] /a 5
[24/07/2021 20:24:16] /a 5
[24/07/2021 20:24:16] /a 5
[24/07/2021 20:24:17] /a 5
[24/07/2021 20:24:17] /a 5
[24/07/2021 20:24:17] /a 5
[24/07/2021 20:24:17] /a 5
[24/07/2021 20:24:18] /a 5
[24/07/2021 20:24:18] /a 5
[24/07/2021 20:24:19] /a 5
[24/07/2021 20:24:19] /a 5
[24/07/2021 20:24:19] /a 5
[24/07/2021 20:24:19] /a 5
[24/07/2021 20:24:19] /a 5
[24/07/2021 20:24:19] /a 5
[24/07/2021 20:24:19] /a 5
[24/07/2021 20:24:19] /a 5
[24/07/2021 20:24:20] /a 5
[24/07/2021 20:24:20] /a 5
[24/07/2021 20:24:20] /a 5
[24/07/2021 20:24:20] /a 5
[24/07/2021 20:24:20] /a 5
[24/07/2021 20:24:20] /a 5
[24/07/2021 20:24:20] /a 5
[24/07/2021 20:24:21] /a 5
[24/07/2021 20:24:21] /a 5
[24/07/2021 20:24:21] /a 5
[24/07/2021 20:24:21] /a 5
[24/07/2021 20:24:21] /a 5
[24/07/2021 20:24:21] /a 5
[24/07/2021 20:24:22] /a 5
[24/07/2021 20:24:22] /a 5
[24/07/2021 20:24:22] /a 5
[24/07/2021 20:24:22] /a 5
[24/07/2021 20:24:22] /a 5
[24/07/2021 20:24:22] /a 5
[24/07/2021 20:24:22] /a 5
[24/07/2021 20:24:22] /a 5
[24/07/2021 20:24:23] /a 5
[24/07/2021 20:24:28] /goto yalahari
[24/07/2021 20:57:41] /m demon lord
[24/07/2021 20:57:44] /r
[24/07/2021 20:58:36] /reload monster
[24/07/2021 21:02:33] /save
[24/07/2021 21:03:02] /a 5
[24/07/2021 21:03:03] /a 5
[24/07/2021 21:03:05] /a 5
[24/07/2021 21:03:05] /a 5
[24/07/2021 21:03:05] /a 5
[24/07/2021 21:03:05] /a 5
[24/07/2021 21:03:05] /a 5
[24/07/2021 21:03:06] /a 5
[24/07/2021 21:03:06] /a 5
[24/07/2021 21:03:07] /a 5
[24/07/2021 21:03:07] /a 5
[24/07/2021 21:03:07] /a 5
[24/07/2021 21:03:08] /a 5
[24/07/2021 21:03:09] /a 5
[24/07/2021 21:03:09] /a 5
[24/07/2021 21:03:10] /a 5
[24/07/2021 21:03:10] /a 5
[24/07/2021 21:03:11] /a 5
[24/07/2021 21:03:11] /a 5
[24/07/2021 21:03:14] /a 5
[24/07/2021 21:03:15] /a 5
[24/07/2021 21:03:15] /a 5
[24/07/2021 21:03:16] /a 5
[24/07/2021 21:03:16] /a 5
[24/07/2021 21:03:17] /a 5
[24/07/2021 21:03:19] /a 5
[24/07/2021 21:03:20] /a 5
[24/07/2021 21:03:21] /a 5
[24/07/2021 21:03:21] /a 5
[24/07/2021 21:03:22] /a 5
[24/07/2021 21:03:22] /a 5
[24/07/2021 21:03:22] /a 5
[24/07/2021 21:03:22] /a 5
[24/07/2021 21:03:23] /a 5
[24/07/2021 21:03:23] /a 5
[24/07/2021 21:03:24] /a 5
[24/07/2021 21:03:24] /a 5
[24/07/2021 21:03:25] /a 5
[24/07/2021 21:03:25] /a 5
[24/07/2021 21:03:25] /a 5
[24/07/2021 21:03:26] /a 5
[24/07/2021 21:03:27] /a 5
[24/07/2021 21:03:27] /a 5
[24/07/2021 21:03:27] /a 5
[24/07/2021 21:03:28] /a 5
[24/07/2021 21:03:28] /a 5
[24/07/2021 21:03:33] /a 5
[24/07/2021 21:06:06] /t
[24/07/2021 21:06:11] /up
[24/07/2021 21:06:12] /up
[24/07/2021 21:07:01] /r
[24/07/2021 21:07:04] /t
[25/07/2021 16:39:19] /goto clasus
[25/07/2021 16:39:53] /m training monk
[25/07/2021 16:39:57] /m training monk
[25/07/2021 16:42:49] /reload actions
[25/07/2021 16:43:17] /c muita
[25/07/2021 16:43:40] /a 5
[25/07/2021 16:43:41] /a 5
[25/07/2021 16:43:41] /a 5
[25/07/2021 16:43:41] /a 5
[25/07/2021 16:43:42] /a 5
[25/07/2021 16:43:42] /a 5
[25/07/2021 16:43:42] /a 5
[25/07/2021 16:43:42] /a 5
[25/07/2021 16:43:42] /a 5
[25/07/2021 16:43:42] /a 5
[25/07/2021 16:43:43] /a 5
[25/07/2021 16:43:43] /a 5
[25/07/2021 16:43:49] /a 5
[25/07/2021 16:43:49] /a 5
[25/07/2021 16:43:49] /a 5
[25/07/2021 16:43:49] /a 5
[25/07/2021 16:43:49] /a 5
[25/07/2021 16:43:49] /a 5
[25/07/2021 16:43:49] /a 5
[25/07/2021 16:43:49] /a 5
[25/07/2021 16:43:50] /a 5
[25/07/2021 16:43:50] /a 5
[25/07/2021 16:43:50] /a 5
[25/07/2021 16:43:50] /a 5
[25/07/2021 16:43:50] /a 5
[25/07/2021 16:43:50] /a 5
[25/07/2021 16:43:50] /a 5
[25/07/2021 16:43:50] /a 5
[25/07/2021 16:43:50] /a 5
[25/07/2021 16:43:50] /a 5
[25/07/2021 16:43:50] /a 5
[25/07/2021 16:43:50] /a 5
[25/07/2021 16:43:50] /a 5
[25/07/2021 16:43:51] /a 5
[25/07/2021 16:43:51] /a 5
[25/07/2021 16:43:51] /a 5
[25/07/2021 16:43:51] /a 5
[25/07/2021 16:43:51] /a 5
[25/07/2021 16:43:52] /a 5
[25/07/2021 16:43:52] /a 5
[25/07/2021 16:43:52] /a 5
[25/07/2021 16:43:52] /a 5
[25/07/2021 16:43:53] /a 5
[25/07/2021 16:43:54] /a 5
[25/07/2021 16:43:54] /a 5
[25/07/2021 16:43:54] /a 5
[25/07/2021 16:43:54] /a 5
[25/07/2021 16:43:54] /a 5
[25/07/2021 16:43:55] /a 5
[25/07/2021 16:43:55] /a 5
[25/07/2021 16:43:55] /a 5
[25/07/2021 16:43:55] /a 5
[25/07/2021 16:43:56] /a 5
[25/07/2021 16:43:56] /a 5
[25/07/2021 16:43:57] /a 5
[25/07/2021 16:43:58] /a 5
[25/07/2021 16:44:05] /c muita
[25/07/2021 16:45:07] /reload action
[25/07/2021 16:45:08] /reload actions
[25/07/2021 16:45:26] /c muita
[25/07/2021 16:45:32] /a 5
[25/07/2021 16:45:32] /a 5
[25/07/2021 16:45:33] /a 5
[25/07/2021 16:45:33] /a 5
[25/07/2021 16:45:33] /a 5
[25/07/2021 16:45:33] /a 5
[25/07/2021 16:45:33] /a 5
[25/07/2021 16:45:33] /a 5
[25/07/2021 16:45:33] /a 5
[25/07/2021 16:45:34] /a 5
[25/07/2021 16:45:34] /a 5
[25/07/2021 16:45:34] /a 5
[25/07/2021 16:45:34] /a 5
[25/07/2021 16:45:34] /a 5
[25/07/2021 16:45:34] /a 5
[25/07/2021 16:45:34] /a 5
[25/07/2021 16:45:34] /a 5
[25/07/2021 16:45:34] /a 5
[25/07/2021 16:45:34] /a 5
[25/07/2021 16:45:34] /a 5
[25/07/2021 16:45:34] /a 5
[25/07/2021 16:45:34] /a 5
[25/07/2021 16:45:35] /a 5
[25/07/2021 16:45:35] /a 5
[25/07/2021 16:45:35] /a 5
[25/07/2021 16:45:35] /a 5
[25/07/2021 16:45:35] /a 5
[25/07/2021 16:45:35] /a 5
[25/07/2021 16:45:35] /a 5
[25/07/2021 16:45:35] /a 5
[25/07/2021 16:45:36] /a 5
[25/07/2021 16:45:36] /a 5
[25/07/2021 16:45:36] /a 5
[25/07/2021 16:45:36] /a 5
[25/07/2021 16:45:37] /a 5
[25/07/2021 16:45:37] /a 5
[25/07/2021 16:45:37] /a 5
[25/07/2021 16:45:37] /a 5
[25/07/2021 16:45:37] /a 5
[25/07/2021 16:45:37] /a 5
[25/07/2021 16:45:37] /a 5
[25/07/2021 16:45:38] /a 5
[25/07/2021 16:45:38] /a 5
[25/07/2021 16:45:38] /a 5
[25/07/2021 16:45:39] /a 5
[25/07/2021 16:45:39] /a 5
[25/07/2021 16:45:39] /a 5
[25/07/2021 16:45:39] /a 5
[25/07/2021 16:45:39] /a 5
[25/07/2021 16:45:39] /a 5
[25/07/2021 16:45:40] /a 5
[25/07/2021 16:45:40] /a 5
[25/07/2021 16:45:40] /a 5
[25/07/2021 16:45:41] /a 5
[25/07/2021 16:45:41] /a 5
[25/07/2021 16:45:41] /a 5
[25/07/2021 16:45:41] /a 5
[25/07/2021 16:45:42] /a 5
[25/07/2021 16:45:42] /a 5
[25/07/2021 16:45:42] /a 5
[25/07/2021 16:45:42] /a 5
[25/07/2021 16:45:42] /a 5
[25/07/2021 16:45:42] /a 5
[25/07/2021 16:45:43] /a 5
[25/07/2021 16:45:43] /a 5
[25/07/2021 16:45:44] /a 5
[25/07/2021 16:45:44] /a 5
[25/07/2021 16:45:45] /a 5
[25/07/2021 16:45:45] /a 5
[25/07/2021 16:45:45] /a 5
[25/07/2021 16:45:46] /a 5
[25/07/2021 16:45:47] /a 5
[25/07/2021 16:45:47] /a 5
[25/07/2021 16:45:47] /a 5
[25/07/2021 16:45:48] /a 5
[25/07/2021 16:45:50] /a 5
[25/07/2021 16:45:50] /a 5
[25/07/2021 16:45:50] /a 5
[25/07/2021 16:45:50] /a 5
[25/07/2021 16:45:50] /a 5
[25/07/2021 16:45:51] /a 5
[25/07/2021 16:45:51] /a 5
[25/07/2021 16:45:51] /a 5
[25/07/2021 16:45:52] /a 5
[25/07/2021 16:45:52] /a 5
[25/07/2021 16:45:52] /a 5
[25/07/2021 16:46:20] /goto mateus
[25/07/2021 16:46:28] /c muita
[25/07/2021 16:47:02] /a 5
[25/07/2021 16:47:02] /a 5
[25/07/2021 16:47:02] /a 5
[25/07/2021 16:47:03] /a 5
[25/07/2021 16:47:03] /a 5
[25/07/2021 16:47:03] /a 5
[25/07/2021 16:47:03] /a 5
[25/07/2021 16:47:03] /a 5
[25/07/2021 16:47:03] /a 5
[25/07/2021 16:47:04] /a 5
[25/07/2021 16:47:04] /a 5
[25/07/2021 16:47:04] /a 5
[25/07/2021 16:47:05] /a 5
[25/07/2021 16:47:05] /a 5
[25/07/2021 16:47:05] /a 5
[25/07/2021 16:47:05] /a 5
[25/07/2021 16:47:05] /a 5
[25/07/2021 16:47:06] /a 5
[25/07/2021 16:47:06] /a 5
[25/07/2021 16:47:06] /a 5
[25/07/2021 16:47:07] /a 5
[25/07/2021 16:47:07] /a 5
[25/07/2021 16:47:07] /a 5
[25/07/2021 16:47:07] /a 5
[25/07/2021 16:47:07] /a 5
[25/07/2021 16:47:07] /a 5
[25/07/2021 16:47:07] /a 5
[25/07/2021 16:47:08] /a 5
[25/07/2021 16:47:08] /a 5
[25/07/2021 16:47:08] /a 5
[25/07/2021 16:47:08] /a 5
[25/07/2021 16:47:08] /a 5
[25/07/2021 16:47:08] /a 5
[25/07/2021 16:47:09] /a 5
[25/07/2021 16:47:09] /a 5
[25/07/2021 16:47:09] /a 5
[25/07/2021 16:47:09] /a 5
[25/07/2021 16:47:09] /a 5
[25/07/2021 16:47:10] /a 5
[25/07/2021 16:47:10] /a 5
[25/07/2021 16:47:11] /a 5
[25/07/2021 16:47:11] /a 5
[25/07/2021 16:47:26] /a 5
[25/07/2021 16:47:26] /a 5
[25/07/2021 16:47:27] /a 5
[25/07/2021 16:47:27] /a 5
[25/07/2021 16:47:27] /a 5
[25/07/2021 16:47:27] /a 5
[25/07/2021 16:47:27] /a 5
[25/07/2021 16:47:27] /a 5
[25/07/2021 16:47:28] /a 5
[25/07/2021 16:47:28] /a 5
[25/07/2021 16:47:28] /a 5
[25/07/2021 16:47:28] /a 5
[25/07/2021 16:47:29] /a 5
[25/07/2021 16:47:29] /a 5
[25/07/2021 16:47:29] /a 5
[25/07/2021 16:47:29] /a 5
[25/07/2021 16:47:30] /a 5
[25/07/2021 16:47:30] /a 5
[25/07/2021 16:47:30] /a 5
[25/07/2021 16:47:30] /a 5
[25/07/2021 16:47:30] /a 5
[25/07/2021 16:47:30] /a 5
[25/07/2021 16:47:31] /a 5
[25/07/2021 16:47:31] /a 5
[25/07/2021 16:47:31] /a 5
[25/07/2021 16:47:31] /a 5
[25/07/2021 16:47:31] /a 5
[25/07/2021 16:47:32] /a 5
[25/07/2021 16:47:32] /a 5
[25/07/2021 16:47:33] /a 5
[25/07/2021 16:47:33] /a 5
[25/07/2021 16:47:33] /a 5
[25/07/2021 16:47:34] /a 5
[25/07/2021 16:47:34] /a 5
[25/07/2021 16:47:34] /a 5
[25/07/2021 16:47:35] /a 5
[25/07/2021 16:47:35] /a 5
[25/07/2021 16:47:35] /a 5
[25/07/2021 16:47:35] /a 5
[25/07/2021 16:47:36] /a 5
[25/07/2021 16:47:36] /a 5
[25/07/2021 16:47:36] /a 5
[25/07/2021 16:47:36] /a 5
[25/07/2021 16:47:36] /a 5
[25/07/2021 16:47:36] /a 5
[25/07/2021 16:47:37] /a 5
[25/07/2021 16:47:37] /a 5
[25/07/2021 16:47:37] /a 5
[25/07/2021 16:47:37] /a 5
[25/07/2021 16:47:38] /a 5
[25/07/2021 16:47:38] /a 5
[25/07/2021 16:47:39] /a 5
[25/07/2021 16:47:39] /a 5
[25/07/2021 16:47:39] /a 5
[25/07/2021 16:47:39] /a 5
[25/07/2021 16:47:39] /a 5
[25/07/2021 16:47:40] /a 5
[25/07/2021 16:47:40] /a 5
[25/07/2021 16:47:40] /a 5
[25/07/2021 16:47:40] /a 5
[25/07/2021 16:47:41] /a 5
[25/07/2021 16:47:41] /a 5
[25/07/2021 16:47:41] /a 5
[25/07/2021 16:47:41] /a 5
[25/07/2021 16:47:42] /a 5
[25/07/2021 16:47:42] /a 5
[25/07/2021 16:47:42] /a 5
[25/07/2021 16:47:43] /a 5
[25/07/2021 16:47:45] /a 5
[25/07/2021 16:47:45] /a 5
[25/07/2021 16:47:46] /a 5
[25/07/2021 16:47:48] /a 5
[25/07/2021 16:49:46] /a
[25/07/2021 16:50:20] /r
[25/07/2021 16:50:22] /a
[25/07/2021 16:50:25] /r
[25/07/2021 16:50:27] /a 
[25/07/2021 16:50:29] /a 
[25/07/2021 16:50:30] /a 
[25/07/2021 16:50:31] /a 
[25/07/2021 16:50:32] /a 
[25/07/2021 16:50:48] /a
[25/07/2021 16:50:51] /r
[25/07/2021 16:50:53] /r
[25/07/2021 16:50:56] /r
[25/07/2021 16:50:57] /r
[25/07/2021 16:50:59] /t
[25/07/2021 16:58:11] /reload actions
[25/07/2021 16:58:56] /goto clasus
[25/07/2021 16:58:59] /a 3
[25/07/2021 17:03:17] /reload actions
[25/07/2021 19:11:28] /c testt
[25/07/2021 19:48:23] /up
[25/07/2021 19:48:26] /save
[26/07/2021 20:20:39] /reload creaturescripts
[26/07/2021 20:20:45] /t
[26/07/2021 20:20:57] /clean
[26/07/2021 20:30:13] /goto taki
[26/07/2021 20:35:44] /goto clasus
[26/07/2021 20:35:47] /a 2
[26/07/2021 20:36:04] /goto yalahari
[26/07/2021 20:37:22] /a 5
[26/07/2021 20:37:30] /a 5
[26/07/2021 20:37:40] /goto the ghost
[26/07/2021 20:37:52] /t
[26/07/2021 21:07:17] /t
[26/07/2021 21:07:27] /goto hodie
[26/07/2021 21:07:31] /goto hodie
[26/07/2021 21:07:42] /goto hodie
[26/07/2021 21:07:44] /goto hodie
[26/07/2021 21:07:46] /goto hodie
[26/07/2021 21:07:48] /goto hodie
[26/07/2021 21:07:51] /goto hodie
[26/07/2021 21:07:52] /goto hodie
[26/07/2021 21:07:54] /goto hodie
[26/07/2021 21:07:56] /goto hodie
[26/07/2021 21:08:09] /goto hodie
[26/07/2021 21:08:13] /goto hodie
[26/07/2021 21:08:17] /goto hodie
[26/07/2021 21:08:29] /goto hodie
[26/07/2021 21:08:34] /goto hodie
[26/07/2021 21:08:37] /goto hodie
[26/07/2021 21:08:45] /goto hodie
[26/07/2021 21:08:47] /goto hodie
[26/07/2021 21:08:49] /goto hodie
[26/07/2021 21:09:00] /goto hodie
[26/07/2021 21:09:12] /goto hodie
[26/07/2021 21:09:13] /goto hodie
[26/07/2021 21:09:15] /goto hodie
[26/07/2021 21:09:17] /goto hodie
[26/07/2021 21:09:28] /goto hodie
[26/07/2021 21:09:41] /t
[26/07/2021 21:09:47] /up
[26/07/2021 21:09:47] /up
[26/07/2021 21:11:45] /t
[26/07/2021 21:16:21] /t
[26/07/2021 21:16:32] /goto hodie
[26/07/2021 21:16:34] /goto hodie
[26/07/2021 21:16:36] /goto hodie
[26/07/2021 21:16:39] /goto hodie
[26/07/2021 21:18:33] /goto hodie
[26/07/2021 21:19:05] /goto hodie
[26/07/2021 21:19:08] /t
[26/07/2021 21:25:33] /reload monster
[26/07/2021 21:26:44] /up
[26/07/2021 21:26:45] /up
[26/07/2021 21:26:49] /save
[28/07/2021 20:02:02] /reload creaturescripts
[28/07/2021 21:52:26] /t
[28/07/2021 21:53:17] /m yalahari
[28/07/2021 21:56:08] /reload monster
[28/07/2021 21:56:11] /m yalahari
[28/07/2021 21:57:49] /reload monster
[28/07/2021 21:58:17] /m yalahari
[28/07/2021 21:59:17] /m The Apocalypse
[28/07/2021 22:00:41] /r
[28/07/2021 22:00:44] /r
[28/07/2021 22:00:57] /m the ghost
[28/07/2021 22:02:22] /r
[28/07/2021 22:02:24] /r
[28/07/2021 22:02:31] /r
[28/07/2021 22:02:36] /r
[28/07/2021 22:22:44] /up
[28/07/2021 22:22:50] /save
[29/07/2021 18:58:50] /t
[29/07/2021 19:26:27] /ghost
[29/07/2021 19:26:41] /i 5801
[29/07/2021 19:27:57] /i 12645
[29/07/2021 19:28:02] /i 12642
[29/07/2021 19:28:06] /i 12643
[29/07/2021 19:28:21] /i 12646
[29/07/2021 19:28:33] /i 12644
[29/07/2021 19:28:38] /i 12647
[29/07/2021 19:28:42] /i 12648
[29/07/2021 19:28:49] /i 12318
[29/07/2021 19:28:57] /i 12649
[29/07/2021 19:28:59] /t
[29/07/2021 19:29:28] /i 8266
[29/07/2021 19:29:34] /i 2174
[29/07/2021 19:29:42] /i 7697
[29/07/2021 19:29:50] /i 7958
[29/07/2021 19:30:01] /i sword of the hell
[29/07/2021 19:30:11] /t
[29/07/2021 19:30:31] /i 2137
[29/07/2021 19:30:36] /i 2157
[29/07/2021 19:31:57] /i 2140
[29/07/2021 19:33:51] /goto clasus
[29/07/2021 19:33:54] /a 2
[29/07/2021 19:34:01] /c mateus
[29/07/2021 19:35:11] /t
[29/07/2021 19:42:03] /reload globalevents
[29/07/2021 20:08:33] /goto muthcka
[29/07/2021 20:08:43] /t
[29/07/2021 20:11:04] /goto muthcka
[29/07/2021 20:12:43] /goto muthcka
[29/07/2021 20:13:15] /goto muthcka
[29/07/2021 20:13:17] /goto muthcka
[29/07/2021 20:13:24] /goto muthcka
[29/07/2021 20:13:26] /goto muthcka
[29/07/2021 20:14:02] /t
[29/07/2021 20:17:39] /goto muthcka
[29/07/2021 20:17:42] /goto muthcka
[29/07/2021 20:17:43] /goto muthcka
[29/07/2021 20:17:45] /goto muthcka
[29/07/2021 20:17:48] /goto muthcka
[29/07/2021 20:17:50] /goto muthcka
[29/07/2021 20:18:25] /t
[29/07/2021 20:19:05] /t
[29/07/2021 20:23:30] /reload monster
[29/07/2021 20:24:04] /goto muthcka
[29/07/2021 20:24:08] /goto muthcka
[29/07/2021 20:24:12] /goto muthcka
[29/07/2021 20:24:15] /goto muthcka
[29/07/2021 20:24:17] /goto muthcka
[29/07/2021 20:24:19] /goto muthcka
[29/07/2021 20:24:21] /goto muthcka
[29/07/2021 20:24:23] /goto muthcka
[29/07/2021 20:24:26] /goto muthcka
[29/07/2021 20:24:30] /goto muthcka
[29/07/2021 20:24:32] /goto muthcka
[29/07/2021 20:24:51] /goto muthcka
[29/07/2021 20:24:54] /goto muthcka
[29/07/2021 20:25:02] /goto muthcka
[29/07/2021 20:25:09] /goto muthcka
[29/07/2021 20:25:42] /goto muthcka
[29/07/2021 20:25:45] /goto muthcka
[29/07/2021 20:28:33] /reload monster
[29/07/2021 20:28:34] /goto muthcka
[29/07/2021 20:29:18] /t
[29/07/2021 20:29:34] /goto harbout kina
[29/07/2021 20:29:40] /t
[29/07/2021 20:30:54] /goto muthcka
[29/07/2021 20:31:34] /goto muthcka
[29/07/2021 20:31:35] /goto muthcka
[29/07/2021 20:31:37] /goto muthcka
[29/07/2021 20:31:46] /goto muthcka
[29/07/2021 20:31:48] /goto muthcka
[29/07/2021 20:31:49] /goto muthcka
[29/07/2021 20:31:53] /goto muthcka
[29/07/2021 20:31:58] /goto drenner
[29/07/2021 20:32:05] /goto dreener
[29/07/2021 20:32:11] /a 5
[29/07/2021 20:32:11] /a 5
[29/07/2021 20:32:13] /a 5
[29/07/2021 20:32:15] /a 5
[29/07/2021 20:32:24] /a 3
[29/07/2021 20:32:33] /a
[29/07/2021 20:34:14] /goto muthcka
[29/07/2021 20:35:00] /goto muthcka
[29/07/2021 20:35:33] /up
[29/07/2021 20:35:41] /a
[29/07/2021 20:35:46] /a
[29/07/2021 20:35:48] /a
[29/07/2021 20:35:49] /a
[29/07/2021 20:36:12] /reload monster
[29/07/2021 20:36:37] /reload monster
[29/07/2021 20:37:29] /reload monster
[29/07/2021 20:38:01] /reload monster
[29/07/2021 20:38:56] /up
[29/07/2021 20:40:00] /goto muthcka
[29/07/2021 20:40:20] /a
[29/07/2021 20:40:45] /goto muthcka
[29/07/2021 20:41:26] /goto muthcka
[29/07/2021 20:41:30] /a
[29/07/2021 20:44:03] /a 6
[29/07/2021 20:44:06] /a
[29/07/2021 20:44:49] /a 5
[29/07/2021 20:45:09] /a 5
[29/07/2021 20:45:10] /a 5
[29/07/2021 20:45:11] /a 5
[29/07/2021 20:45:11] /a 5
[29/07/2021 20:45:12] /a 5
[29/07/2021 20:45:12] /a 5
[29/07/2021 20:45:12] /a 5
[29/07/2021 20:45:13] /a 5
[29/07/2021 20:45:14] /a 5
[29/07/2021 20:45:15] /a 5
[29/07/2021 20:45:15] /a 5
[29/07/2021 20:45:16] /a 5
[29/07/2021 20:45:16] /a 5
[29/07/2021 20:45:17] /a 5
[29/07/2021 20:45:18] /a 5
[29/07/2021 20:45:18] /a 5
[29/07/2021 20:45:19] /a 5
[29/07/2021 20:45:20] /a 5
[29/07/2021 20:45:21] /a 5
[29/07/2021 20:45:22] /a 5
[29/07/2021 20:45:23] /a 5
[29/07/2021 20:45:23] /a 5
[29/07/2021 20:45:24] /a 5
[29/07/2021 20:45:25] /a 5
[29/07/2021 20:45:25] /a 5
[29/07/2021 20:45:26] /a 5
[29/07/2021 20:45:28] /a 5
[29/07/2021 20:45:30] /a 5
[29/07/2021 20:45:30] /a 5
[29/07/2021 20:45:31] /a 5
[29/07/2021 20:45:31] /a 5
[29/07/2021 20:45:32] /a 5
[29/07/2021 20:45:32] /a 5
[29/07/2021 20:45:33] /a 5
[29/07/2021 20:45:33] /a 5
[29/07/2021 20:45:34] /a 5
[29/07/2021 20:45:35] /a 5
[29/07/2021 20:45:35] /a 5
[29/07/2021 20:45:36] /a 5
[29/07/2021 20:45:36] /a 5
[29/07/2021 20:45:37] /a 5
[29/07/2021 20:45:37] /a 5
[29/07/2021 20:45:38] /a 5
[29/07/2021 20:45:39] /a 5
[29/07/2021 20:45:40] /a 5
[29/07/2021 20:45:40] /a 5
[29/07/2021 20:45:41] /a 5
[29/07/2021 20:45:41] /a 5
[29/07/2021 20:45:42] /a 5
[29/07/2021 20:45:46] /a 5
[29/07/2021 20:45:46] /a 5
[29/07/2021 20:45:46] /a 5
[29/07/2021 20:45:47] /a 5
[29/07/2021 20:45:47] /a 5
[29/07/2021 20:45:47] /a 5
[29/07/2021 20:45:47] /a 5
[29/07/2021 20:45:48] /a 5
[29/07/2021 20:45:48] /a 5
[29/07/2021 20:45:48] /a 5
[29/07/2021 20:45:49] /a 5
[29/07/2021 20:45:49] /a 5
[29/07/2021 20:45:49] /a 5
[29/07/2021 20:45:49] /a 5
[29/07/2021 20:45:49] /a 5
[29/07/2021 20:45:50] /a 5
[29/07/2021 20:45:50] /a 5
[29/07/2021 20:45:54] /goto muthcka
[29/07/2021 20:46:01] /a 5
[29/07/2021 20:46:04] /a 5
[29/07/2021 20:46:05] /a 5
[29/07/2021 20:46:05] /a 5
[29/07/2021 20:46:06] /a 5
[29/07/2021 20:46:07] /a 5
[29/07/2021 20:46:53] /a 5
[29/07/2021 20:46:53] /a 5
[29/07/2021 20:46:54] /a 5
[29/07/2021 20:46:55] /a 5
[29/07/2021 20:47:00] /a 5
[29/07/2021 20:47:01] /a 5
[29/07/2021 20:47:01] /a 5
[29/07/2021 20:47:01] /a 5
[29/07/2021 20:47:02] /a 5
[29/07/2021 20:47:02] /a 5
[29/07/2021 20:47:03] /a 5
[29/07/2021 20:47:05] /a 5
[29/07/2021 20:47:05] /a 5
[29/07/2021 20:47:43] /a 5
[29/07/2021 20:47:45] /a 5
[29/07/2021 20:47:46] /a 5
[29/07/2021 20:47:47] /a 5
[29/07/2021 20:47:48] /a 5
[29/07/2021 20:47:51] /a 5
[29/07/2021 20:47:53] /a 5
[29/07/2021 20:47:54] /a 5
[29/07/2021 20:47:55] /a 5
[29/07/2021 20:47:56] /a 5
[29/07/2021 20:47:56] /a 5
[29/07/2021 20:47:57] /a 5
[29/07/2021 20:48:03] /a 5
[29/07/2021 20:48:04] /a 5
[29/07/2021 20:48:05] /a 5
[29/07/2021 20:48:06] /a 5
[29/07/2021 20:48:08] /a 5
[29/07/2021 20:48:09] /a 5
[29/07/2021 20:48:10] /a 5
[29/07/2021 20:48:10] /a 5
[29/07/2021 20:48:11] /a 5
[29/07/2021 20:48:18] /goto muthcka
[29/07/2021 20:48:27] /goto muthcka
[29/07/2021 20:48:29] /goto muthcka
[29/07/2021 20:48:36] /goto muthcka
[29/07/2021 20:48:38] /goto muthcka
[29/07/2021 20:48:39] /goto muthcka
[29/07/2021 20:48:40] /goto muthcka
[29/07/2021 20:48:42] /goto muthcka
[29/07/2021 20:48:43] /goto muthcka
[29/07/2021 20:48:45] /goto muthcka
[29/07/2021 20:48:46] /goto muthcka
[29/07/2021 20:48:48] /goto muthcka
[29/07/2021 20:49:17] /goto muthcka
[29/07/2021 20:49:34] /goto muthcka
[29/07/2021 20:49:40] /goto muthcka
[29/07/2021 20:49:43] /goto muthcka
[29/07/2021 20:49:44] /goto muthcka
[29/07/2021 20:49:49] /t
[29/07/2021 20:49:54] /save
[29/07/2021 21:16:11] /goto morris
[29/07/2021 21:16:24] /goto Harbout Kina
[29/07/2021 21:16:26] /t
[29/07/2021 21:39:24] /goto takinon
[29/07/2021 21:39:26] /goto takinon
[29/07/2021 21:39:28] /goto takinon
[29/07/2021 21:39:31] /goto takinon
[29/07/2021 21:39:32] /goto takinon
[29/07/2021 21:39:33] /goto takinon
[29/07/2021 21:39:35] /goto takinon
[29/07/2021 21:39:37] /goto takinon
[29/07/2021 21:39:39] /goto takinon
[29/07/2021 21:39:40] /goto takinon
[29/07/2021 21:39:42] /goto takinon
[29/07/2021 21:39:43] /goto takinon
[29/07/2021 21:39:45] /goto takinon
[29/07/2021 21:39:47] /goto takinon
[29/07/2021 21:39:49] /t
[29/07/2021 21:44:06] /goto takinon
[29/07/2021 21:44:21] /t
[29/07/2021 21:47:10] /goto harbout kina
[29/07/2021 21:47:17] /t
[29/07/2021 21:49:33] /reload spells
[29/07/2021 21:49:59] /reload spells
[29/07/2021 21:50:45] /reload spells
[29/07/2021 21:51:32] /reload spells
[29/07/2021 21:51:41] /reload spells
[29/07/2021 21:53:07] /reload spells
[29/07/2021 21:53:38] /goto Muthcka
[29/07/2021 21:53:43] /goto Muthcka
[29/07/2021 21:53:44] /goto Muthcka
[29/07/2021 21:53:46] /goto Muthcka
[29/07/2021 21:53:47] /goto Muthcka
[29/07/2021 21:53:56] /goto Muthcka
[29/07/2021 21:54:01] /goto Muthcka
[29/07/2021 21:54:03] /goto Muthcka
[29/07/2021 21:54:07] /goto Muthcka
[29/07/2021 21:55:52] /reload spells
[29/07/2021 21:56:55] /goto Muthcka
[29/07/2021 21:57:34] /reload spells
[29/07/2021 21:57:35] /goto Muthcka
[29/07/2021 21:58:02] /goto takinon
[29/07/2021 21:58:08] /a
[29/07/2021 21:58:24] /goto harbout kina
[29/07/2021 21:58:37] /goto Muthcka
[29/07/2021 21:58:48] /goto Muthcka
[29/07/2021 21:59:39] /reload spells
[29/07/2021 21:59:40] /goto Muthcka
[29/07/2021 22:00:03] /goto Muthcka
[29/07/2021 22:00:07] /goto harbout kina
[29/07/2021 22:00:12] /goto takinon
[29/07/2021 22:00:23] /goto harbout kina
[29/07/2021 22:00:26] /goto takinon
[29/07/2021 22:00:31] /a 5
[29/07/2021 22:00:35] /a
[29/07/2021 22:01:14] /a 5
[29/07/2021 22:01:15] /a 5
[29/07/2021 22:01:15] /a 5
[29/07/2021 22:01:15] /a 5
[29/07/2021 22:01:15] /a 5
[29/07/2021 22:01:16] /a 5
[29/07/2021 22:01:16] /a 5
[29/07/2021 22:01:16] /a 5
[29/07/2021 22:01:16] /a 5
[29/07/2021 22:01:16] /a 5
[29/07/2021 22:01:18] /a 5
[29/07/2021 22:01:18] /a 5
[29/07/2021 22:01:18] /a 5
[29/07/2021 22:01:18] /a 5
[29/07/2021 22:01:19] /a 5
[29/07/2021 22:01:19] /a 5
[29/07/2021 22:01:20] /a 5
[29/07/2021 22:01:20] /a 5
[29/07/2021 22:01:21] /a 5
[29/07/2021 22:01:21] /a 5
[29/07/2021 22:01:21] /a 5
[29/07/2021 22:01:22] /a 5
[29/07/2021 22:01:22] /a 5
[29/07/2021 22:01:23] /a 5
[29/07/2021 22:01:23] /a 5
[29/07/2021 22:01:24] /a 5
[29/07/2021 22:01:24] /a 5
[29/07/2021 22:01:24] /a 5
[29/07/2021 22:01:25] /a 5
[29/07/2021 22:01:25] /a 5
[29/07/2021 22:01:25] /a 5
[29/07/2021 22:01:28] /a 5
[29/07/2021 22:01:29] /a 5
[29/07/2021 22:01:30] /a 5
[29/07/2021 22:01:30] /a 5
[29/07/2021 22:01:31] /a 5
[29/07/2021 22:01:31] /a 5
[29/07/2021 22:01:31] /a 5
[29/07/2021 22:01:32] /a 5
[29/07/2021 22:01:32] /a 5
[29/07/2021 22:01:32] /a 5
[29/07/2021 22:01:32] /a 5
[29/07/2021 22:01:33] /a 5
[29/07/2021 22:01:33] /a 5
[29/07/2021 22:01:33] /a 5
[29/07/2021 22:01:33] /a 5
[29/07/2021 22:01:33] /a 5
[29/07/2021 22:01:34] /a 5
[29/07/2021 22:01:42] /goto harbout kina
[29/07/2021 22:01:44] /t
[29/07/2021 22:02:01] /goto Muthcka
[29/07/2021 22:02:58] /goto takinon
[29/07/2021 22:03:40] /reload spells
[29/07/2021 22:04:15] /goto takinon
[29/07/2021 22:04:17] /goto takinon
[29/07/2021 22:04:19] /goto takinon
[29/07/2021 22:04:20] /goto takinon
[29/07/2021 22:04:50] /goto takinon
[29/07/2021 22:05:00] /goto Muthcka
[29/07/2021 22:06:11] /goto Muthcka
[29/07/2021 22:06:13] /goto Muthcka
[29/07/2021 22:06:14] /goto Muthcka
[29/07/2021 22:06:16] /goto Muthcka
[29/07/2021 22:06:18] /goto Muthcka
[29/07/2021 22:06:33] /goto takinon
[29/07/2021 22:06:45] /goto takinon
[29/07/2021 22:06:46] /goto takinon
[29/07/2021 22:06:49] /goto takinon
[29/07/2021 22:06:54] /goto takinon
[29/07/2021 22:06:56] /goto takinon
[29/07/2021 22:06:58] /goto takinon
[29/07/2021 22:06:59] /goto takinon
[29/07/2021 22:07:00] /goto takinon
[29/07/2021 22:07:02] /goto takinon
[29/07/2021 22:07:04] /goto takinon
[29/07/2021 22:07:05] /goto takinon
[29/07/2021 22:07:07] /goto takinon
[29/07/2021 22:07:09] /goto takinon
[29/07/2021 22:07:20] /goto harbout kina
[29/07/2021 22:07:34] /goto harbout kina
[29/07/2021 22:08:01] /goto takinon
[29/07/2021 22:08:15] /goto takinon
[29/07/2021 22:08:17] /goto takinon
[29/07/2021 22:08:18] /goto takinon
[29/07/2021 22:08:19] /goto takinon
[29/07/2021 22:09:25] /goto takinon
[29/07/2021 22:09:31] /goto harbout kina
[29/07/2021 22:09:38] /goto Muthcka
[29/07/2021 22:10:27] /goto taki
[29/07/2021 22:11:14] /goto nathan
[29/07/2021 22:11:20] /t
[29/07/2021 22:14:04] /goto taki
[29/07/2021 22:14:47] /goto taki
[29/07/2021 22:14:54] /goto Muthcka
[29/07/2021 22:16:32] /t
[29/07/2021 22:17:04] /goto taki
[29/07/2021 22:17:13] /goto taki
[29/07/2021 22:17:15] /goto taki
[29/07/2021 22:17:18] /goto taki
[29/07/2021 22:17:21] /goto taki
[29/07/2021 22:17:23] /goto taki
[29/07/2021 22:17:25] /goto taki
[29/07/2021 22:17:26] /goto taki
[29/07/2021 22:17:28] /goto taki
[29/07/2021 22:17:30] /goto taki
[29/07/2021 22:17:31] /goto taki
[29/07/2021 22:17:33] /goto taki
[29/07/2021 22:17:37] /goto taki
[29/07/2021 22:17:39] /goto taki
[29/07/2021 22:17:40] /goto taki
[29/07/2021 22:18:06] /goto harbout kina
[29/07/2021 22:18:10] /goto harbout kina
[29/07/2021 22:18:12] /a 5
[29/07/2021 22:18:14] /a 5
[29/07/2021 22:18:17] /a 2
[29/07/2021 22:18:18] /a 5
[29/07/2021 22:18:18] /a 5
[29/07/2021 22:18:18] /a 5
[29/07/2021 22:18:18] /a 5
[29/07/2021 22:18:19] /a 5
[29/07/2021 22:18:19] /a 5
[29/07/2021 22:18:19] /a 5
[29/07/2021 22:18:20] /a 5
[29/07/2021 22:18:20] /a 5
[29/07/2021 22:18:20] /a 5
[29/07/2021 22:18:20] /a 5
[29/07/2021 22:18:21] /a 5
[29/07/2021 22:18:21] /a 5
[29/07/2021 22:18:21] /a 5
[29/07/2021 22:18:21] /a 5
[29/07/2021 22:18:21] /a 5
[29/07/2021 22:18:21] /a 5
[29/07/2021 22:18:21] /a 5
[29/07/2021 22:18:21] /a 5
[29/07/2021 22:18:21] /a 5
[29/07/2021 22:18:21] /a 5
[29/07/2021 22:18:21] /a 5
[29/07/2021 22:18:21] /a 5
[29/07/2021 22:18:21] /a 5
[29/07/2021 22:18:21] /a 5
[29/07/2021 22:18:21] /a 5
[29/07/2021 22:18:21] /a 5
[29/07/2021 22:18:21] /a 5
[29/07/2021 22:18:21] /a 5
[29/07/2021 22:18:21] /a 5
[29/07/2021 22:18:21] /a 5
[29/07/2021 22:18:21] /a 5
[29/07/2021 22:18:21] /a 5
[29/07/2021 22:18:21] /a 5
[29/07/2021 22:18:21] /a 5
[29/07/2021 22:18:24] /a 5
[29/07/2021 22:18:24] /a 5
[29/07/2021 22:18:25] /a 5
[29/07/2021 22:18:25] /a 5
[29/07/2021 22:18:25] /a 5
[29/07/2021 22:18:26] /a 5
[29/07/2021 22:18:26] /a 5
[29/07/2021 22:18:26] /a 5
[29/07/2021 22:18:26] /a 5
[29/07/2021 22:18:26] /a 5
[29/07/2021 22:18:26] /a 5
[29/07/2021 22:18:26] /a 5
[29/07/2021 22:18:28] /a 5
[29/07/2021 22:18:29] /a 5
[29/07/2021 22:18:29] /a 5
[29/07/2021 22:18:30] /a 5
[29/07/2021 22:18:30] /a 5
[29/07/2021 22:18:31] /a 5
[29/07/2021 22:18:31] /a 5
[29/07/2021 22:18:32] /a 5
[29/07/2021 22:18:32] /a 5
[29/07/2021 22:18:32] /a 5
[29/07/2021 22:18:32] /a 5
[29/07/2021 22:18:40] /goto harbout kina
[29/07/2021 22:18:43] /a 5
[29/07/2021 22:18:45] /a 5
[29/07/2021 22:18:46] /a 5
[29/07/2021 22:18:47] /a 5
[29/07/2021 22:18:47] /a 5
[29/07/2021 22:18:48] /a 5
[29/07/2021 22:18:48] /a 5
[29/07/2021 22:18:48] /a 5
[29/07/2021 22:18:49] /a 5
[29/07/2021 22:18:49] /a 5
[29/07/2021 22:18:49] /a 5
[29/07/2021 22:18:49] /a 5
[29/07/2021 22:18:49] /a 5
[29/07/2021 22:18:49] /a 5
[29/07/2021 22:18:49] /a 5
[29/07/2021 22:18:49] /a 5
[29/07/2021 22:18:49] /a 5
[29/07/2021 22:18:49] /a 5
[29/07/2021 22:18:49] /a 5
[29/07/2021 22:18:49] /a 5
[29/07/2021 22:18:50] /a 5
[29/07/2021 22:18:50] /a 5
[29/07/2021 22:18:50] /a 5
[29/07/2021 22:18:50] /a 5
[29/07/2021 22:18:50] /a 5
[29/07/2021 22:18:50] /a 5
[29/07/2021 22:18:50] /a 5
[29/07/2021 22:18:50] /a 5
[29/07/2021 22:18:50] /a 5
[29/07/2021 22:18:50] /a 5
[29/07/2021 22:18:50] /a 5
[29/07/2021 22:18:50] /a 5
[29/07/2021 22:18:50] /a 5
[29/07/2021 22:18:50] /a 5
[29/07/2021 22:18:50] /a 5
[29/07/2021 22:18:50] /a 5
[29/07/2021 22:18:50] /a 5
[29/07/2021 22:18:50] /a 5
[29/07/2021 22:18:50] /a 5
[29/07/2021 22:18:50] /a 5
[29/07/2021 22:18:50] /a 5
[29/07/2021 22:18:50] /a 5
[29/07/2021 22:18:50] /a 5
[29/07/2021 22:18:50] /a 5
[29/07/2021 22:18:50] /a 5
[29/07/2021 22:18:50] /a 5
[29/07/2021 22:18:50] /a 5
[29/07/2021 22:18:50] /a 5
[29/07/2021 22:18:50] /a 5
[29/07/2021 22:18:50] /a 5
[29/07/2021 22:18:51] /a 5
[29/07/2021 22:18:51] /a 5
[29/07/2021 22:18:51] /a 5
[29/07/2021 22:18:51] /a 5
[29/07/2021 22:18:51] /a 5
[29/07/2021 22:18:51] /a 5
[29/07/2021 22:18:51] /a 5
[29/07/2021 22:18:51] /a 5
[29/07/2021 22:18:51] /a 5
[29/07/2021 22:18:51] /a 5
[29/07/2021 22:18:51] /a 5
[29/07/2021 22:18:51] /a 5
[29/07/2021 22:18:51] /a 5
[29/07/2021 22:18:51] /a 5
[29/07/2021 22:18:52] /a 5
[29/07/2021 22:18:52] /a 5
[29/07/2021 22:18:52] /a 5
[29/07/2021 22:18:52] /a 5
[29/07/2021 22:18:52] /a 5
[29/07/2021 22:18:52] /a 5
[29/07/2021 22:18:52] /a 5
[29/07/2021 22:18:52] /a 5
[29/07/2021 22:18:52] /a 5
[29/07/2021 22:18:52] /a 5
[29/07/2021 22:18:52] /a 5
[29/07/2021 22:18:52] /a 5
[29/07/2021 22:18:52] /a 5
[29/07/2021 22:18:52] /a 5
[29/07/2021 22:18:52] /a 5
[29/07/2021 22:18:52] /a 5
[29/07/2021 22:18:52] /a 5
[29/07/2021 22:18:52] /a 5
[29/07/2021 22:18:52] /a 5
[29/07/2021 22:18:52] /a 5
[29/07/2021 22:18:52] /a 5
[29/07/2021 22:18:53] /a 5
[29/07/2021 22:18:53] /a 5
[29/07/2021 22:18:55] /a 5
[29/07/2021 22:18:55] /a 5
[29/07/2021 22:18:55] /a 5
[29/07/2021 22:18:55] /a 5
[29/07/2021 22:18:55] /a 5
[29/07/2021 22:18:55] /a 5
[29/07/2021 22:18:55] /a 5
[29/07/2021 22:18:55] /a 5
[29/07/2021 22:18:55] /a 5
[29/07/2021 22:18:55] /a 5
[29/07/2021 22:18:55] /a 5
[29/07/2021 22:18:55] /a 5
[29/07/2021 22:18:55] /a 5
[29/07/2021 22:18:56] /a 5
[29/07/2021 22:18:56] /a 5
[29/07/2021 22:18:56] /a 5
[29/07/2021 22:18:56] /a 5
[29/07/2021 22:18:56] /a 5
[29/07/2021 22:18:56] /a 5
[29/07/2021 22:18:56] /a 5
[29/07/2021 22:18:56] /a 5
[29/07/2021 22:18:56] /a 5
[29/07/2021 22:18:57] /a 5
[29/07/2021 22:18:58] /a 5
[29/07/2021 22:19:09] /goto taki
[29/07/2021 22:19:48] /t
[29/07/2021 22:20:03] /goto muthcka
[29/07/2021 22:20:46] /goto harbout kina
[29/07/2021 22:20:47] /goto harbout kina
[29/07/2021 22:20:50] /goto harbout kina
[29/07/2021 22:20:52] /goto harbout kina
[29/07/2021 22:21:03] /goto harbout kina
[29/07/2021 22:21:04] /goto harbout kina
[29/07/2021 22:21:05] /goto harbout kina
[29/07/2021 22:21:09] /goto harbout kina
[29/07/2021 22:21:12] /goto harbout kina
[29/07/2021 22:21:16] /goto harbout kina
[29/07/2021 22:21:18] /goto harbout kina
[29/07/2021 22:21:20] /goto harbout kina
[29/07/2021 22:21:29] /goto harbout kina
[29/07/2021 22:21:31] /goto harbout kina
[29/07/2021 22:21:32] /goto harbout kina
[29/07/2021 22:21:36] /goto harbout kina
[29/07/2021 22:21:37] /goto harbout kina
[29/07/2021 22:21:40] /goto harbout kina
[29/07/2021 22:21:41] /goto harbout kina
[29/07/2021 22:21:43] /goto harbout kina
[29/07/2021 22:21:45] /goto harbout kina
[29/07/2021 22:22:01] /goto harbout kina
[29/07/2021 22:22:07] /goto harbout kina
[29/07/2021 22:22:21] /goto taki
[29/07/2021 22:22:36] /goto muthcka
[29/07/2021 22:22:53] /t
[29/07/2021 22:23:01] /save
[29/07/2021 22:23:04] /up
[29/07/2021 22:23:06] /up
[29/07/2021 22:23:13] /t
[30/07/2021 16:55:24] /goto kaio
[30/07/2021 16:55:35] /goto kaio pally
[30/07/2021 16:55:40] /mc
[30/07/2021 16:55:52] /goto Poderoso Pally
[30/07/2021 16:56:13] /goto Poderoso kina
[30/07/2021 16:56:24] /t
[30/07/2021 16:56:37] /up
[30/07/2021 16:56:37] /up
[30/07/2021 16:56:40] /save
[30/07/2021 17:35:33] /t
[30/07/2021 17:35:45] /goto kaio
[30/07/2021 17:36:14] /goto knight down
[30/07/2021 17:36:17] /t
[30/07/2021 17:38:18] /i Santa Backpack
[30/07/2021 17:41:12] /i 6512
[30/07/2021 17:42:25] /i 8301
[30/07/2021 17:43:29] /i 9693
[30/07/2021 17:45:24] /i 11119
[30/07/2021 17:45:50] /i 11144
[30/07/2021 17:46:17] /i 12241
[30/07/2021 17:46:42] /i 11241
[30/07/2021 17:46:52] /i 11242
[30/07/2021 17:46:54] /i 11243
[30/07/2021 17:46:56] /i 11244
[30/07/2021 17:47:16] /i 11263
[30/07/2021 17:48:21] /i 12424
[30/07/2021 17:49:52] /i 2140
[30/07/2021 17:49:56] /i 2137
[30/07/2021 17:50:04] /i 8867
[30/07/2021 17:50:11] /i 9777
[30/07/2021 17:50:15] /i 9932
[30/07/2021 17:51:15] /i 10064
[30/07/2021 17:52:30] /i 2314
[30/07/2021 17:52:58] /i 2296
[30/07/2021 17:53:38] /t
[30/07/2021 17:54:35] /i 9775
[30/07/2021 17:54:39] /i 9774
[30/07/2021 17:54:45] /i 9776
[30/07/2021 17:54:51] /i 9772
[30/07/2021 17:54:54] /r
[30/07/2021 17:55:10] /i 9778
[30/07/2021 17:55:25] /i 6391
[30/07/2021 17:55:52] /i crystal sword
[30/07/2021 17:55:59] /i cristal sword
[31/07/2021 00:08:11] /goto mateus
[31/07/2021 00:09:10] /goto pestanaa
[31/07/2021 00:09:39] /goto kaio
[31/07/2021 00:10:15] /up
[31/07/2021 00:10:16] /up
[31/07/2021 00:10:21] /save
[31/07/2021 00:12:53] /t
[31/07/2021 00:18:01] /reload spells
[31/07/2021 00:19:13] /reload spells
[31/07/2021 00:20:07] /reload spells
[31/07/2021 00:25:49] /reload spells
[31/07/2021 00:28:40] /up
[31/07/2021 00:28:44] /reload spells
[31/07/2021 00:28:47] /save
[31/07/2021 00:36:21] /mc
[31/07/2021 00:36:30] /goto druid master
[31/07/2021 00:36:39] /goto druid master
[31/07/2021 00:36:48] /t
[31/07/2021 00:37:05] /goto taki
[31/07/2021 00:37:16] /goto taki
[31/07/2021 00:37:29] /goto taki
[31/07/2021 00:37:31] /goto druid master
[31/07/2021 00:37:55] /t
[31/07/2021 00:38:13] /up
[31/07/2021 00:38:14] /up
[31/07/2021 00:38:19] /save
[31/07/2021 00:42:18] /i mega mana rune
[31/07/2021 00:43:08] /clean
[31/07/2021 00:44:38] /t
[31/07/2021 00:44:45] /up
[31/07/2021 00:44:50] /save
[31/07/2021 18:13:10] /goto druid master
[31/07/2021 18:13:19] /goto muthcka
[31/07/2021 18:22:23] /reload spells
[31/07/2021 18:25:53] /reload spells
[31/07/2021 18:28:27] /goto jiddo
[31/07/2021 18:28:59] /goto mage of caos
[31/07/2021 18:29:37] /i 1156
[31/07/2021 18:29:45] /r
[31/07/2021 18:29:54] /r
[31/07/2021 18:29:56] /r
[31/07/2021 18:30:06] /i 1543
[31/07/2021 18:30:08] /i 1543
[31/07/2021 18:30:15] /goto mage of caos
[31/07/2021 18:30:43] /goto modules
[31/07/2021 18:30:45] /t
[31/07/2021 18:33:39] /reload npcs
[31/07/2021 18:33:45] /goto queen eloise
[31/07/2021 18:36:59] /reload npcs
[31/07/2021 18:38:15] /reload npcs
[31/07/2021 18:38:20] /goto ryuuku
[31/07/2021 18:38:49] /t
[31/07/2021 18:39:17] /up
[31/07/2021 18:39:18] /up
[31/07/2021 18:39:23] /save
[31/07/2021 18:56:38] /reload spells
[31/07/2021 18:57:47] /reload spells
[31/07/2021 22:54:12] /t
[31/07/2021 22:56:08] /goto kaio pally
[31/07/2021 22:56:17] /goto druid master
[31/07/2021 22:56:24] /t
[31/07/2021 22:57:31] /goto pestana mage
[31/07/2021 22:57:42] /goto parede
[31/07/2021 22:57:45] /a 5
[31/07/2021 22:57:48] /a 5
[31/07/2021 22:58:23] /goto druid master
[31/07/2021 22:58:27] /t
[31/07/2021 22:58:51] /up
[01/08/2021 00:18:42] /reload monster
[01/08/2021 00:19:10] /goto druid master
[01/08/2021 00:19:20] /goto druid master
[01/08/2021 00:20:04] /goto mage do caralho
[01/08/2021 00:20:23] /goto palyduuu
[01/08/2021 00:20:28] /t
[01/08/2021 00:20:36] /up
[01/08/2021 00:20:37] /up
[01/08/2021 00:40:44] /goto druid master
[01/08/2021 00:40:49] /t
[01/08/2021 01:55:25] /reload monster
[01/08/2021 01:56:23] /reload monster
[01/08/2021 01:57:26] /reload monster
[01/08/2021 01:57:35] /goto deus
[01/08/2021 01:57:42] /r
[01/08/2021 01:57:44] /goto deus
[01/08/2021 01:57:50] /r
[01/08/2021 01:57:56] /m zeus
[01/08/2021 01:57:59] /a
[01/08/2021 01:58:05] /r
[01/08/2021 01:58:09] /m zeus
[01/08/2021 02:07:14] /reload monster
[01/08/2021 02:07:17] /m Green Phantom
[01/08/2021 02:07:21] /r
[01/08/2021 02:08:49] /t
[01/08/2021 02:08:53] /up
[01/08/2021 02:08:54] /up
[01/08/2021 11:58:42] /goto druid master
[01/08/2021 11:58:59] /mc
[01/08/2021 12:00:45] /goto druid master
[01/08/2021 12:01:37] /a 2
[01/08/2021 12:01:37] /a 2
[01/08/2021 12:01:37] /a 2
[01/08/2021 12:01:38] /a 2
[01/08/2021 12:01:38] /a 2
[01/08/2021 12:01:38] /a 2
[01/08/2021 12:01:38] /a 2
[01/08/2021 12:01:38] /a 2
[01/08/2021 12:01:39] /a 2
[01/08/2021 12:01:39] /a 2
[01/08/2021 12:01:39] /a 2
[01/08/2021 12:01:39] /a 2
[01/08/2021 12:01:39] /a 2
[01/08/2021 12:01:39] /a 2
[01/08/2021 12:01:39] /a 2
[01/08/2021 12:01:39] /a 2
[01/08/2021 12:01:39] /a 2
[01/08/2021 12:01:40] /a 2
[01/08/2021 12:01:40] /a 2
[01/08/2021 12:01:40] /a 2
[01/08/2021 12:01:40] /a 2
[01/08/2021 12:01:40] /a 2
[01/08/2021 12:01:40] /a 2
[01/08/2021 12:01:40] /a 2
[01/08/2021 12:01:40] /a 2
[01/08/2021 12:01:40] /a 2
[01/08/2021 12:01:40] /a 2
[01/08/2021 12:01:40] /a 2
[01/08/2021 12:01:40] /a 2
[01/08/2021 12:01:40] /a 2
[01/08/2021 12:01:41] /a 2
[01/08/2021 12:01:41] /a 2
[01/08/2021 12:01:41] /a 2
[01/08/2021 12:01:41] /a 2
[01/08/2021 12:01:41] /a 2
[01/08/2021 12:01:41] /a 2
[01/08/2021 12:01:41] /a 2
[01/08/2021 12:01:41] /a 2
[01/08/2021 12:01:41] /a 2
[01/08/2021 12:01:41] /a 2
[01/08/2021 12:01:41] /a 2
[01/08/2021 12:01:42] /a 2
[01/08/2021 12:01:42] /a 2
[01/08/2021 12:01:42] /a 2
[01/08/2021 12:01:42] /a 2
[01/08/2021 12:01:42] /a 2
[01/08/2021 12:01:42] /a 2
[01/08/2021 12:01:42] /a 2
[01/08/2021 12:01:42] /a 2
[01/08/2021 12:01:42] /a 2
[01/08/2021 12:01:42] /a 2
[01/08/2021 12:01:42] /a 2
[01/08/2021 12:01:42] /a 2
[01/08/2021 12:01:42] /a 2
[01/08/2021 12:01:42] /a 2
[01/08/2021 12:01:42] /a 2
[01/08/2021 12:01:42] /a 2
[01/08/2021 12:01:42] /a 2
[01/08/2021 12:01:42] /a 2
[01/08/2021 12:01:42] /a 2
[01/08/2021 12:01:42] /a 2
[01/08/2021 12:01:42] /a 2
[01/08/2021 12:01:43] /a 2
[01/08/2021 12:01:43] /a 2
[01/08/2021 12:01:43] /a 2
[01/08/2021 12:01:43] /a 2
[01/08/2021 12:01:43] /a 2
[01/08/2021 12:01:43] /a 2
[01/08/2021 12:01:43] /a 2
[01/08/2021 12:01:43] /a 2
[01/08/2021 12:01:43] /a 2
[01/08/2021 12:01:43] /a 2
[01/08/2021 12:01:43] /a 2
[01/08/2021 12:01:43] /a 2
[01/08/2021 12:01:43] /a 2
[01/08/2021 12:01:43] /a 2
[01/08/2021 12:01:43] /a 2
[01/08/2021 12:01:43] /a 2
[01/08/2021 12:01:43] /a 2
[01/08/2021 12:01:43] /a 2
[01/08/2021 12:01:43] /a 2
[01/08/2021 12:01:43] /a 2
[01/08/2021 12:01:43] /a 2
[01/08/2021 12:01:43] /a 2
[01/08/2021 12:01:43] /a 2
[01/08/2021 12:01:43] /a 2
[01/08/2021 12:01:43] /a 2
[01/08/2021 12:01:43] /a 2
[01/08/2021 12:01:43] /a 2
[01/08/2021 12:01:43] /a 2
[01/08/2021 12:01:43] /a 2
[01/08/2021 12:01:44] /a 2
[01/08/2021 12:01:45] /a 2
[01/08/2021 12:01:45] /a 2
[01/08/2021 12:01:45] /a 2
[01/08/2021 12:01:47] /a 2
[01/08/2021 12:01:47] /a 2
[01/08/2021 12:01:47] /a 2
[01/08/2021 12:01:48] /a 2
[01/08/2021 12:03:10] /a 2
[01/08/2021 12:03:10] /a 2
[01/08/2021 12:03:10] /a 2
[01/08/2021 12:03:10] /a 2
[01/08/2021 12:03:10] /a 2
[01/08/2021 12:03:11] /a 2
[01/08/2021 12:03:11] /a 2
[01/08/2021 12:03:11] /a 2
[01/08/2021 12:03:11] /a 2
[01/08/2021 12:03:12] /a 2
[01/08/2021 12:03:19] /a 2
[01/08/2021 12:05:21] /a 2
[01/08/2021 12:05:21] /a 2
[01/08/2021 12:05:22] /a 2
[01/08/2021 12:05:22] /a 2
[01/08/2021 12:05:22] /a 2
[01/08/2021 12:05:24] /a 2
[01/08/2021 12:06:15] /goto yalahari
[01/08/2021 12:06:18] /a 2
[01/08/2021 12:06:18] /a 2
[01/08/2021 12:06:19] /a 2
[01/08/2021 12:06:19] /a 2
[01/08/2021 12:06:19] /a 2
[01/08/2021 12:06:19] /a 2
[01/08/2021 12:06:19] /a 2
[01/08/2021 12:06:20] /a 2
[01/08/2021 12:06:22] /a 2
[01/08/2021 12:08:27] /a 2
[01/08/2021 12:08:27] /a 2
[01/08/2021 12:08:28] /a 2
[01/08/2021 12:08:28] /a 2
[01/08/2021 12:08:28] /a 2
[01/08/2021 12:08:28] /a 2
[01/08/2021 12:08:28] /a 2
[01/08/2021 12:08:28] /a 2
[01/08/2021 12:08:29] /a 2
[01/08/2021 12:08:29] /a 2
[01/08/2021 12:08:29] /a 2
[01/08/2021 12:08:29] /a 2
[01/08/2021 12:08:29] /a 2
[01/08/2021 12:08:30] /a 2
[01/08/2021 12:08:30] /a 2
[01/08/2021 12:08:31] /a 2
[01/08/2021 12:08:31] /a 2
[01/08/2021 12:08:32] /a 2
[01/08/2021 12:08:32] /a 2
[01/08/2021 12:08:33] /a 2
[01/08/2021 12:08:34] /a 2
[01/08/2021 12:08:34] /a 2
[01/08/2021 12:08:34] /a 2
[01/08/2021 12:08:34] /a 2
[01/08/2021 12:08:34] /a 2
[01/08/2021 12:08:34] /a 2
[01/08/2021 12:08:35] /a 2
[01/08/2021 12:08:36] /a 2
[01/08/2021 12:08:36] /a 2
[01/08/2021 12:08:37] /a 2
[01/08/2021 12:08:37] /a 2
[01/08/2021 12:08:38] /a 2
[01/08/2021 12:08:39] /a 2
[01/08/2021 12:08:49] /a 2
[01/08/2021 12:09:21] /a 2
[01/08/2021 12:10:19] /a 2
[01/08/2021 12:10:20] /a 2
[01/08/2021 12:10:21] /a 2
[01/08/2021 12:10:21] /a 2
[01/08/2021 12:10:21] /a 2
[01/08/2021 12:10:22] /a 2
[01/08/2021 12:10:22] /a 2
[01/08/2021 12:10:22] /a 2
[01/08/2021 12:10:26] /a 2
[01/08/2021 12:10:27] /a 2
[01/08/2021 12:10:27] /a 2
[01/08/2021 12:10:27] /a 2
[01/08/2021 12:10:27] /a 2
[01/08/2021 12:10:28] /a 2
[01/08/2021 12:10:28] /a 2
[01/08/2021 12:10:28] /a 2
[01/08/2021 12:10:28] /a 2
[01/08/2021 12:10:29] /a 2
[01/08/2021 12:10:29] /a 2
[01/08/2021 12:10:29] /a 2
[01/08/2021 12:10:29] /a 2
[01/08/2021 12:10:30] /a 2
[01/08/2021 12:10:30] /a 2
[01/08/2021 12:10:31] /a 2
[01/08/2021 12:10:31] /a 2
[01/08/2021 12:10:31] /a 2
[01/08/2021 12:10:32] /a 2
[01/08/2021 12:10:33] /a 2
[01/08/2021 12:10:33] /a 2
[01/08/2021 12:10:33] /a 2
[01/08/2021 12:10:33] /a 2
[01/08/2021 12:10:34] /a 2
[01/08/2021 12:10:34] /a 2
[01/08/2021 12:10:34] /a 2
[01/08/2021 12:10:34] /a 2
[01/08/2021 12:10:35] /a 2
[01/08/2021 12:10:35] /a 2
[01/08/2021 12:10:35] /a 2
[01/08/2021 12:10:36] /a 2
[01/08/2021 12:10:37] /a 2
[01/08/2021 12:10:38] /a 2
[01/08/2021 12:10:39] /a 2
[01/08/2021 12:10:39] /a 2
[01/08/2021 12:10:40] /a 2
[01/08/2021 12:10:40] /a 2
[01/08/2021 12:10:41] /a 2
[01/08/2021 12:10:41] /a 2
[01/08/2021 12:10:42] /a 2
[01/08/2021 12:10:42] /a 2
[01/08/2021 12:10:43] /a 2
[01/08/2021 12:10:44] /a 2
[01/08/2021 12:10:44] /a 2
[01/08/2021 12:10:44] /a 2
[01/08/2021 12:10:45] /a 2
[01/08/2021 12:10:45] /a 2
[01/08/2021 12:10:45] /a 2
[01/08/2021 12:10:45] /a 2
[01/08/2021 12:10:46] /a 2
[01/08/2021 12:10:46] /a 2
[01/08/2021 12:10:47] /a 2
[01/08/2021 12:10:47] /a 2
[01/08/2021 12:10:49] /a 2
[01/08/2021 12:10:56] /a 2
[01/08/2021 12:10:57] /a 2
[01/08/2021 12:10:57] /a 2
[01/08/2021 12:10:57] /a 2
[01/08/2021 12:10:58] /a 2
[01/08/2021 12:10:58] /a 2
[01/08/2021 12:10:58] /a 2
[01/08/2021 12:11:08] /t
[01/08/2021 12:13:50] /goto druid master
[01/08/2021 12:13:53] /t
[01/08/2021 12:13:58] /goto clasus
[01/08/2021 12:14:00] /a 2
[01/08/2021 12:20:11] /reload monster
[01/08/2021 12:23:32] /reload monster
[01/08/2021 12:30:12] /t
[01/08/2021 12:30:16] /a 2
[01/08/2021 12:30:16] /a 2
[01/08/2021 12:30:16] /a 2
[01/08/2021 12:30:16] /a 2
[01/08/2021 12:30:16] /a 2
[01/08/2021 12:30:17] /a 2
[01/08/2021 12:30:17] /a 2
[01/08/2021 12:30:17] /a 2
[01/08/2021 12:30:17] /a 2
[01/08/2021 12:30:17] /a 2
[01/08/2021 12:30:17] /a 2
[01/08/2021 12:30:17] /a 2
[01/08/2021 12:30:18] /a 2
[01/08/2021 12:30:18] /a 2
[01/08/2021 12:30:18] /a 2
[01/08/2021 12:30:19] /a 2
[01/08/2021 12:30:19] /a 2
[01/08/2021 12:30:19] /a 2
[01/08/2021 12:30:20] /a 2
[01/08/2021 12:30:20] /a 2
[01/08/2021 12:31:50] /c test
[01/08/2021 12:36:20] /goto druid master
[01/08/2021 12:36:27] /a 2
[01/08/2021 12:36:27] /a 2
[01/08/2021 12:36:27] /a 2
[01/08/2021 12:36:28] /a 2
[01/08/2021 12:36:28] /a 2
[01/08/2021 12:36:28] /a 2
[01/08/2021 12:36:28] /a 2
[01/08/2021 12:36:28] /a 2
[01/08/2021 12:36:29] /a 2
[01/08/2021 12:36:29] /a 2
[01/08/2021 12:36:29] /a 2
[01/08/2021 12:36:29] /a 2
[01/08/2021 12:36:30] /a 2
[01/08/2021 12:36:30] /a 2
[01/08/2021 12:36:30] /a 2
[01/08/2021 12:36:30] /a 2
[01/08/2021 12:36:30] /a 2
[01/08/2021 12:36:30] /a 2
[01/08/2021 12:36:31] /a 2
[01/08/2021 12:36:31] /a 2
[01/08/2021 12:36:31] /a 2
[01/08/2021 12:36:32] /a 2
[01/08/2021 12:36:33] /a 2
[01/08/2021 12:36:33] /a 2
[01/08/2021 12:36:33] /a 2
[01/08/2021 12:36:33] /a 2
[01/08/2021 12:36:33] /a 2
[01/08/2021 12:36:33] /a 2
[01/08/2021 12:36:34] /a 2
[01/08/2021 12:36:34] /a 2
[01/08/2021 12:36:34] /a 2
[01/08/2021 12:36:34] /a 2
[01/08/2021 12:36:34] /a 2
[01/08/2021 12:36:34] /a 2
[01/08/2021 12:36:35] /a 2
[01/08/2021 12:36:35] /a 2
[01/08/2021 12:36:35] /a 2
[01/08/2021 12:36:35] /a 2
[01/08/2021 12:36:35] /a 2
[01/08/2021 12:36:35] /a 2
[01/08/2021 12:36:36] /a 2
[01/08/2021 12:36:36] /a 2
[01/08/2021 12:36:37] /a 2
[01/08/2021 12:36:38] /a 2
[01/08/2021 12:36:47] /a 2
[01/08/2021 12:36:47] /a 2
[01/08/2021 12:36:47] /a 2
[01/08/2021 12:36:47] /a 2
[01/08/2021 12:36:47] /a 2
[01/08/2021 12:36:47] /a 2
[01/08/2021 12:36:48] /a 2
[01/08/2021 12:36:48] /a 2
[01/08/2021 12:36:48] /a 2
[01/08/2021 12:36:48] /a 2
[01/08/2021 12:36:48] /a 2
[01/08/2021 12:36:48] /a 2
[01/08/2021 12:36:48] /a 2
[01/08/2021 12:36:49] /a 2
[01/08/2021 12:36:49] /a 2
[01/08/2021 12:36:49] /a 2
[01/08/2021 12:36:49] /a 2
[01/08/2021 12:36:49] /a 2
[01/08/2021 12:36:49] /a 2
[01/08/2021 12:36:50] /a 2
[01/08/2021 12:36:50] /a 2
[01/08/2021 12:36:50] /a 2
[01/08/2021 12:36:50] /a 2
[01/08/2021 12:36:50] /a 2
[01/08/2021 12:36:50] /a 2
[01/08/2021 12:36:50] /a 2
[01/08/2021 12:36:51] /a 2
[01/08/2021 12:36:51] /a 2
[01/08/2021 12:36:51] /a 2
[01/08/2021 12:36:52] /a 2
[01/08/2021 12:36:52] /a 2
[01/08/2021 12:36:53] /a 2
[01/08/2021 12:36:53] /a 2
[01/08/2021 12:36:53] /a 2
[01/08/2021 12:36:53] /a 2
[01/08/2021 12:36:54] /a 2
[01/08/2021 12:36:54] /a 2
[01/08/2021 12:36:54] /a 2
[01/08/2021 12:36:54] /a 2
[01/08/2021 12:36:54] /a 2
[01/08/2021 12:36:54] /a 2
[01/08/2021 12:37:43] /a 2
[01/08/2021 12:37:43] /a 2
[01/08/2021 12:37:43] /a 2
[01/08/2021 12:37:43] /a 2
[01/08/2021 12:37:44] /a 2
[01/08/2021 12:37:44] /a 2
[01/08/2021 12:37:44] /a 2
[01/08/2021 12:37:45] /a 2
[01/08/2021 12:37:46] /a 2
[01/08/2021 12:37:46] /a 2
[01/08/2021 12:37:46] /a 2
[01/08/2021 12:37:47] /a 2
[01/08/2021 12:37:47] /a 2
[01/08/2021 12:37:47] /a 2
[01/08/2021 12:37:47] /a 2
[01/08/2021 12:37:47] /a 2
[01/08/2021 12:37:48] /a 2
[01/08/2021 12:37:48] /a 2
[01/08/2021 12:37:48] /a 2
[01/08/2021 12:37:48] /a 2
[01/08/2021 12:37:49] /a 2
[01/08/2021 12:37:49] /a 2
[01/08/2021 12:37:49] /a 2
[01/08/2021 12:37:49] /a 2
[01/08/2021 12:37:49] /a 2
[01/08/2021 12:37:49] /a 2
[01/08/2021 12:37:50] /a 2
[01/08/2021 12:37:50] /a 2
[01/08/2021 12:37:50] /a 2
[01/08/2021 12:37:50] /a 2
[01/08/2021 12:37:50] /a 2
[01/08/2021 12:37:51] /a 2
[01/08/2021 12:37:51] /a 2
[01/08/2021 12:37:51] /a 2
[01/08/2021 12:37:51] /a 2
[01/08/2021 12:37:51] /a 2
[01/08/2021 12:37:52] /a 2
[01/08/2021 12:37:52] /a 2
[01/08/2021 12:37:53] /a 2
[01/08/2021 12:37:53] /a 2
[01/08/2021 12:37:53] /a 2
[01/08/2021 12:37:54] /a 2
[01/08/2021 12:37:56] /a 2
[01/08/2021 12:37:56] /a 2
[01/08/2021 12:37:56] /a 2
[01/08/2021 12:37:56] /a 2
[01/08/2021 12:37:56] /a 2
[01/08/2021 12:37:57] /a 2
[01/08/2021 12:37:57] /a 2
[01/08/2021 12:37:57] /a 2
[01/08/2021 12:37:57] /a 2
[01/08/2021 12:37:57] /a 2
[01/08/2021 12:37:57] /a 2
[01/08/2021 12:37:58] /a 2
[01/08/2021 12:37:58] /a 2
[01/08/2021 12:37:59] /a 2
[01/08/2021 12:37:59] /a 2
[01/08/2021 12:37:59] /a 2
[01/08/2021 12:37:59] /a 2
[01/08/2021 12:38:00] /a 2
[01/08/2021 12:38:01] /a 2
[01/08/2021 12:38:01] /a 2
[01/08/2021 12:38:02] /a 2
[01/08/2021 12:38:03] /a 2
[01/08/2021 12:38:03] /a 2
[01/08/2021 12:38:04] /a 2
[01/08/2021 12:39:35] /reload monster
[01/08/2021 12:40:09] /a 2
[01/08/2021 12:40:09] /a 2
[01/08/2021 12:40:10] /a 2
[01/08/2021 12:41:09] /goto yalahari
[01/08/2021 12:41:11] /a 2
[01/08/2021 12:41:11] /a 2
[01/08/2021 12:41:11] /a 2
[01/08/2021 12:41:12] /a 2
[01/08/2021 12:41:12] /a 2
[01/08/2021 12:41:12] /a 2
[01/08/2021 12:41:12] /a 2
[01/08/2021 12:41:12] /a 2
[01/08/2021 12:41:16] /a 2
[01/08/2021 12:41:21] /a 2
[01/08/2021 12:41:22] /a 2
[01/08/2021 12:42:18] /reload monster
[01/08/2021 12:42:22] /a 2
[01/08/2021 12:42:23] /a 2
[01/08/2021 12:42:34] /a 2
[01/08/2021 12:42:34] /a 2
[01/08/2021 12:42:35] /a 2
[01/08/2021 12:42:36] /a 2
[01/08/2021 12:42:36] /a 2
[01/08/2021 12:42:37] /a 2
[01/08/2021 12:42:37] /a 2
[01/08/2021 12:42:37] /a 2
[01/08/2021 12:42:37] /a 2
[01/08/2021 12:42:38] /a 2
[01/08/2021 12:42:38] /a 2
[01/08/2021 12:42:38] /a 2
[01/08/2021 12:42:38] /a 2
[01/08/2021 12:42:39] /a 2
[01/08/2021 12:42:39] /a 2
[01/08/2021 12:42:39] /a 2
[01/08/2021 12:42:40] /a 2
[01/08/2021 12:42:42] /a 2
[01/08/2021 12:42:42] /a 2
[01/08/2021 12:42:43] /a 2
[01/08/2021 12:42:43] /a 2
[01/08/2021 12:42:44] /a 2
[01/08/2021 12:42:45] /a 2
[01/08/2021 12:42:46] /a 2
[01/08/2021 12:42:47] /a 2
[01/08/2021 12:42:47] /a 2
[01/08/2021 12:42:48] /a 2
[01/08/2021 12:42:48] /a 2
[01/08/2021 12:42:48] /a 2
[01/08/2021 12:42:49] /a 2
[01/08/2021 12:42:49] /a 2
[01/08/2021 12:42:49] /a 2
[01/08/2021 12:42:49] /a 2
[01/08/2021 12:42:50] /a 2
[01/08/2021 12:42:50] /a 2
[01/08/2021 12:42:51] /a 2
[01/08/2021 12:42:51] /a 2
[01/08/2021 12:42:53] /a 2
[01/08/2021 12:42:54] /a 2
[01/08/2021 12:42:56] /a 2
[01/08/2021 12:43:10] /a 2
[01/08/2021 12:43:10] /a 2
[01/08/2021 12:43:11] /a 2
[01/08/2021 12:43:11] /a 2
[01/08/2021 12:43:11] /a 2
[01/08/2021 12:43:12] /a 2
[01/08/2021 12:43:12] /a 2
[01/08/2021 12:43:12] /a 2
[01/08/2021 12:43:13] /a 2
[01/08/2021 12:43:13] /a 2
[01/08/2021 12:43:13] /a 2
[01/08/2021 12:43:14] /a 2
[01/08/2021 12:43:14] /a 2
[01/08/2021 12:43:14] /a 2
[01/08/2021 12:43:14] /a 2
[01/08/2021 12:43:15] /a 2
[01/08/2021 12:43:15] /a 2
[01/08/2021 12:43:15] /a 2
[01/08/2021 12:43:17] /a 2
[01/08/2021 12:43:18] /a 2
[01/08/2021 12:43:19] /a 2
[01/08/2021 12:43:19] /a 2
[01/08/2021 12:43:19] /a 2
[01/08/2021 12:43:20] /a 2
[01/08/2021 12:43:20] /a 2
[01/08/2021 12:43:21] /a 2
[01/08/2021 12:43:21] /a 2
[01/08/2021 12:43:22] /a 2
[01/08/2021 12:43:22] /a 2
[01/08/2021 12:43:22] /a 2
[01/08/2021 12:43:22] /a 2
[01/08/2021 12:43:22] /a 2
[01/08/2021 12:43:23] /a 2
[01/08/2021 12:43:23] /a 2
[01/08/2021 12:43:23] /a 2
[01/08/2021 12:43:24] /a 2
[01/08/2021 12:43:24] /a 2
[01/08/2021 12:43:24] /a 2
[01/08/2021 12:43:25] /a 2
[01/08/2021 12:43:25] /a 2
[01/08/2021 12:43:25] /a 2
[01/08/2021 12:43:25] /a 2
[01/08/2021 12:43:26] /a 2
[01/08/2021 12:43:26] /a 2
[01/08/2021 12:43:27] /a 2
[01/08/2021 12:43:27] /a 2
[01/08/2021 12:43:27] /a 2
[01/08/2021 12:43:31] /a 2
[01/08/2021 12:43:31] /a 2
[01/08/2021 12:43:32] /a 2
[01/08/2021 12:43:33] /a 2
[01/08/2021 12:43:33] /a 2
[01/08/2021 12:43:37] /a 2
[01/08/2021 12:43:43] /a 2
[01/08/2021 12:43:47] /a 2
[01/08/2021 12:43:48] /a 2
[01/08/2021 12:43:48] /a 2
[01/08/2021 12:43:48] /a 2
[01/08/2021 12:43:48] /a 2
[01/08/2021 12:43:48] /a 2
[01/08/2021 12:43:49] /a 2
[01/08/2021 12:43:49] /a 2
[01/08/2021 12:43:49] /a 2
[01/08/2021 12:43:49] /a 2
[01/08/2021 12:43:49] /a 2
[01/08/2021 12:43:50] /a 2
[01/08/2021 12:43:50] /a 2
[01/08/2021 12:43:50] /a 2
[01/08/2021 12:43:50] /a 2
[01/08/2021 12:43:51] /a 2
[01/08/2021 12:43:52] /a 2
[01/08/2021 12:43:52] /a 2
[01/08/2021 12:43:53] /a 2
[01/08/2021 12:43:54] /a 2
[01/08/2021 12:43:57] /a 2
[01/08/2021 12:43:58] /a 2
[01/08/2021 12:43:59] /a 2
[01/08/2021 12:43:59] /a 2
[01/08/2021 12:44:00] /a 2
[01/08/2021 12:44:00] /a 2
[01/08/2021 12:44:01] /a 2
[01/08/2021 12:44:01] /a 2
[01/08/2021 12:44:01] /a 2
[01/08/2021 12:44:02] /a 2
[01/08/2021 12:44:02] /a 2
[01/08/2021 12:44:02] /a 2
[01/08/2021 12:44:03] /a 2
[01/08/2021 12:44:03] /a 2
[01/08/2021 12:44:03] /a 2
[01/08/2021 12:44:03] /a 2
[01/08/2021 12:44:04] /a 2
[01/08/2021 12:44:04] /a 2
[01/08/2021 12:44:04] /a 2
[01/08/2021 12:44:04] /a 2
[01/08/2021 12:44:05] /a 2
[01/08/2021 12:44:06] /a 2
[01/08/2021 12:44:06] /a 2
[01/08/2021 12:44:07] /a 2
[01/08/2021 12:44:07] /a 2
[01/08/2021 12:44:07] /a 2
[01/08/2021 12:44:07] /a 2
[01/08/2021 12:44:07] /a 2
[01/08/2021 12:44:08] /a 2
[01/08/2021 12:44:08] /a 2
[01/08/2021 12:44:09] /a 2
[01/08/2021 12:44:09] /a 2
[01/08/2021 12:44:09] /a 2
[01/08/2021 12:44:09] /a 2
[01/08/2021 12:44:10] /a 2
[01/08/2021 12:44:10] /a 2
[01/08/2021 12:44:10] /a 2
[01/08/2021 12:44:10] /a 2
[01/08/2021 12:44:11] /a 2
[01/08/2021 12:44:13] /a 2
[01/08/2021 12:44:14] /a 2
[01/08/2021 12:44:14] /a 2
[01/08/2021 12:44:15] /a 2
[01/08/2021 12:44:17] /a 2
[01/08/2021 12:44:17] /a 2
[01/08/2021 12:44:18] /a 2
[01/08/2021 12:44:18] /a 2
[01/08/2021 12:44:19] /a 2
[01/08/2021 12:44:19] /a 2
[01/08/2021 12:44:19] /a 2
[01/08/2021 12:44:19] /a 2
[01/08/2021 12:44:19] /a 2
[01/08/2021 12:44:20] /a 2
[01/08/2021 12:44:21] /a 2
[01/08/2021 12:44:22] /a 2
[01/08/2021 12:44:26] /a 2
[01/08/2021 12:44:26] /a 2
[01/08/2021 12:44:26] /a 2
[01/08/2021 12:44:27] /a 2
[01/08/2021 12:44:27] /a 2
[01/08/2021 12:44:27] /a 2
[01/08/2021 12:44:28] /a 2
[01/08/2021 12:44:28] /a 2
[01/08/2021 12:44:29] /a 2
[01/08/2021 12:44:29] /a 2
[01/08/2021 12:44:29] /a 2
[01/08/2021 12:44:29] /a 2
[01/08/2021 12:44:29] /a 2
[01/08/2021 12:44:30] /a 2
[01/08/2021 12:44:30] /a 2
[01/08/2021 12:44:30] /a 2
[01/08/2021 12:44:33] /a 2
[01/08/2021 12:44:35] /a 2
[01/08/2021 12:44:37] /a 2
[01/08/2021 12:44:42] /a 2
[01/08/2021 12:44:43] /a 2
[01/08/2021 12:44:49] /a 2
[01/08/2021 12:45:08] /goto the ghost
[01/08/2021 12:45:12] /a 2
[01/08/2021 12:45:14] /a 2
[01/08/2021 12:45:15] /a 2
[01/08/2021 12:45:21] /a 2
[01/08/2021 12:45:23] /a 2
[01/08/2021 12:45:38] /a 2
[01/08/2021 12:45:39] /a 2
[01/08/2021 12:45:39] /a 2
[01/08/2021 12:45:46] /a 2
[01/08/2021 12:45:46] /a 2
[01/08/2021 12:46:28] /a 2
[01/08/2021 12:46:28] /a 2
[01/08/2021 12:46:29] /a 2
[01/08/2021 12:46:29] /a 2
[01/08/2021 12:46:29] /a 2
[01/08/2021 12:48:56] /reload monster
[01/08/2021 12:49:34] /reload monster
[01/08/2021 12:50:13] /reload monster
[01/08/2021 12:51:21] /a 2
[01/08/2021 12:51:24] /a 2
[01/08/2021 12:51:28] /t
[01/08/2021 12:53:16] /goto druid master
[01/08/2021 12:53:34] /goto druid master
[01/08/2021 12:54:06] /goto druid master
[01/08/2021 12:54:18] /goto demon lord
[01/08/2021 12:54:23] /goto clasus
[01/08/2021 12:54:24] /a 2
[01/08/2021 12:55:24] /reload monster
[01/08/2021 12:55:28] /goto druid master
[01/08/2021 12:55:30] /a 2
[01/08/2021 12:55:30] /a 2
[01/08/2021 12:55:30] /a 2
[01/08/2021 12:55:30] /a 2
[01/08/2021 12:55:30] /a 2
[01/08/2021 12:55:30] /a 2
[01/08/2021 12:55:30] /a 2
[01/08/2021 12:55:31] /a 2
[01/08/2021 12:55:31] /a 2
[01/08/2021 12:55:31] /a 2
[01/08/2021 12:55:31] /a 2
[01/08/2021 12:55:31] /a 2
[01/08/2021 12:55:31] /a 2
[01/08/2021 12:55:31] /a 2
[01/08/2021 12:55:31] /a 2
[01/08/2021 12:55:31] /a 2
[01/08/2021 12:55:31] /a 2
[01/08/2021 12:55:31] /a 2
[01/08/2021 12:55:31] /a 2
[01/08/2021 12:55:31] /a 2
[01/08/2021 12:55:31] /a 2
[01/08/2021 12:55:31] /a 2
[01/08/2021 12:55:31] /a 2
[01/08/2021 12:55:31] /a 2
[01/08/2021 12:55:31] /a 2
[01/08/2021 12:55:31] /a 2
[01/08/2021 12:55:31] /a 2
[01/08/2021 12:55:31] /a 2
[01/08/2021 12:55:31] /a 2
[01/08/2021 12:55:31] /a 2
[01/08/2021 12:55:31] /a 2
[01/08/2021 12:55:31] /a 2
[01/08/2021 12:55:31] /a 2
[01/08/2021 12:55:31] /a 2
[01/08/2021 12:55:32] /a 2
[01/08/2021 12:55:33] /a 2
[01/08/2021 12:55:33] /a 2
[01/08/2021 12:55:33] /a 2
[01/08/2021 12:55:33] /a 2
[01/08/2021 12:55:33] /a 2
[01/08/2021 12:55:33] /a 2
[01/08/2021 12:55:33] /a 2
[01/08/2021 12:55:33] /a 2
[01/08/2021 12:55:33] /a 2
[01/08/2021 12:55:33] /a 2
[01/08/2021 12:55:34] /a 2
[01/08/2021 12:55:34] /a 2
[01/08/2021 12:55:34] /a 2
[01/08/2021 12:55:34] /a 2
[01/08/2021 12:55:34] /a 2
[01/08/2021 12:55:34] /a 2
[01/08/2021 12:55:34] /a 2
[01/08/2021 12:55:34] /a 2
[01/08/2021 12:55:34] /a 2
[01/08/2021 12:55:34] /a 2
[01/08/2021 12:55:34] /a 2
[01/08/2021 12:55:35] /a 2
[01/08/2021 12:55:35] /a 2
[01/08/2021 12:55:35] /a 2
[01/08/2021 12:55:36] /a 2
[01/08/2021 12:55:36] /a 2
[01/08/2021 12:55:36] /a 2
[01/08/2021 12:55:36] /a 2
[01/08/2021 12:55:37] /a 2
[01/08/2021 12:55:37] /a 2
[01/08/2021 12:55:38] /a 2
[01/08/2021 12:55:38] /a 2
[01/08/2021 12:55:38] /a 2
[01/08/2021 12:55:38] /a 2
[01/08/2021 12:55:38] /a 2
[01/08/2021 12:55:38] /a 2
[01/08/2021 12:55:38] /a 2
[01/08/2021 12:55:38] /a 2
[01/08/2021 12:55:38] /a 2
[01/08/2021 12:55:38] /a 2
[01/08/2021 12:55:38] /a 2
[01/08/2021 12:55:38] /a 2
[01/08/2021 12:55:38] /a 2
[01/08/2021 12:55:38] /a 2
[01/08/2021 12:55:38] /a 2
[01/08/2021 12:55:38] /a 2
[01/08/2021 12:55:38] /a 2
[01/08/2021 12:55:38] /a 2
[01/08/2021 12:55:38] /a 2
[01/08/2021 12:55:38] /a 2
[01/08/2021 12:55:38] /a 2
[01/08/2021 12:55:38] /a 2
[01/08/2021 12:55:38] /a 2
[01/08/2021 12:55:38] /a 2
[01/08/2021 12:55:38] /a 2
[01/08/2021 12:55:38] /a 2
[01/08/2021 12:55:38] /a 2
[01/08/2021 12:55:38] /a 2
[01/08/2021 12:55:38] /a 2
[01/08/2021 12:55:38] /a 2
[01/08/2021 12:55:39] /a 2
[01/08/2021 12:55:39] /a 2
[01/08/2021 12:55:39] /a 2
[01/08/2021 12:55:39] /a 2
[01/08/2021 12:55:39] /a 2
[01/08/2021 12:55:39] /a 2
[01/08/2021 12:55:39] /a 2
[01/08/2021 12:55:39] /a 2
[01/08/2021 12:55:39] /a 2
[01/08/2021 12:55:39] /a 2
[01/08/2021 12:55:40] /a 2
[01/08/2021 12:55:40] /a 2
[01/08/2021 12:55:40] /a 2
[01/08/2021 12:55:40] /a 2
[01/08/2021 12:55:40] /a 2
[01/08/2021 12:55:40] /a 2
[01/08/2021 12:55:40] /a 2
[01/08/2021 12:55:40] /a 2
[01/08/2021 12:55:40] /a 2
[01/08/2021 12:55:40] /a 2
[01/08/2021 12:55:41] /a 2
[01/08/2021 12:55:41] /a 2
[01/08/2021 12:55:41] /a 2
[01/08/2021 12:55:41] /a 2
[01/08/2021 12:55:41] /a 2
[01/08/2021 12:55:41] /a 2
[01/08/2021 12:55:41] /a 2
[01/08/2021 12:55:41] /a 2
[01/08/2021 12:55:41] /a 2
[01/08/2021 12:55:41] /a 2
[01/08/2021 12:55:42] /a 2
[01/08/2021 12:55:42] /a 2
[01/08/2021 12:55:42] /a 2
[01/08/2021 12:55:42] /a 2
[01/08/2021 12:55:42] /a 2
[01/08/2021 12:55:42] /a 2
[01/08/2021 12:55:42] /a 2
[01/08/2021 12:55:42] /a 2
[01/08/2021 12:55:42] /a 2
[01/08/2021 12:55:42] /a 2
[01/08/2021 12:55:42] /a 2
[01/08/2021 12:55:42] /a 2
[01/08/2021 12:55:42] /a 2
[01/08/2021 12:55:42] /a 2
[01/08/2021 12:55:42] /a 2
[01/08/2021 12:55:42] /a 2
[01/08/2021 12:55:42] /a 2
[01/08/2021 12:55:42] /a 2
[01/08/2021 12:55:42] /a 2
[01/08/2021 12:55:42] /a 2
[01/08/2021 12:55:42] /a 2
[01/08/2021 12:55:42] /a 2
[01/08/2021 12:55:43] /a 2
[01/08/2021 12:55:43] /a 2
[01/08/2021 12:55:43] /a 2
[01/08/2021 12:55:44] /a 2
[01/08/2021 12:55:44] /a 2
[01/08/2021 12:55:45] /a 2
[01/08/2021 12:55:45] /a 2
[01/08/2021 12:58:15] /reload monster
[01/08/2021 12:58:22] /goto yalahari
[01/08/2021 12:58:24] /a 2
[01/08/2021 12:58:25] /a 2
[01/08/2021 12:58:25] /a 2
[01/08/2021 12:58:25] /a 2
[01/08/2021 12:58:26] /a 2
[01/08/2021 12:58:27] /a 2
[01/08/2021 12:59:51] /reload monster
[01/08/2021 13:00:57] /reload monster
[01/08/2021 13:01:01] /a 2
[01/08/2021 13:01:01] /a 2
[01/08/2021 13:01:02] /a 2
[01/08/2021 13:01:05] /a 2
[01/08/2021 13:01:08] /a
[01/08/2021 13:02:14] /reload monster
[01/08/2021 13:02:18] /goto druid master
[01/08/2021 13:02:41] /goto druid master
[01/08/2021 13:03:21] /goto druid master
[01/08/2021 13:03:30] /t
[01/08/2021 13:03:45] /goto muthcka
[01/08/2021 13:03:50] /a 5
[01/08/2021 13:04:36] /reload monster
[01/08/2021 13:04:40] /goto druid master
[01/08/2021 13:04:52] /goto druid master
[01/08/2021 13:04:59] /goto druid master
[01/08/2021 13:05:07] /t
[01/08/2021 13:05:11] /up
[01/08/2021 13:05:12] /up
[01/08/2021 13:06:03] /goto druid master
[01/08/2021 13:06:27] /t
[01/08/2021 13:06:45] /mc
[01/08/2021 13:07:51] /goto druid master
[01/08/2021 13:07:55] /goto druid master
[01/08/2021 13:08:08] /goto druid master
[01/08/2021 13:10:11] /reload monster
[01/08/2021 13:10:13] /goto druid master
[01/08/2021 13:10:17] /t
[01/08/2021 13:16:35] /goto druid master
[01/08/2021 13:16:59] /t
[01/08/2021 13:17:18] /goto harbout kina
[01/08/2021 13:17:29] /t
[01/08/2021 13:17:34] /up
[01/08/2021 13:17:35] /up
[01/08/2021 13:17:41] /save
[01/08/2021 13:29:15] /goto druid master
[01/08/2021 13:29:26] /goto druid master
[01/08/2021 13:29:30] /goto druid master
[01/08/2021 13:29:57] /goto druid master
[01/08/2021 13:30:18] /goto druid master
[01/08/2021 13:32:17] /goto druid master
[01/08/2021 13:32:39] /goto druid master
[01/08/2021 13:32:40] /goto druid master
[01/08/2021 13:32:41] /goto druid master
[01/08/2021 13:32:43] /goto druid master
[01/08/2021 13:32:45] /goto druid master
[01/08/2021 13:32:47] /goto druid master
[01/08/2021 13:32:49] /goto druid master
[01/08/2021 13:32:51] /goto druid master
[01/08/2021 13:32:53] /goto druid master
[01/08/2021 13:32:54] /goto druid master
[01/08/2021 13:32:56] /goto druid master
[01/08/2021 13:32:57] /goto druid master
[01/08/2021 13:32:59] /goto druid master
[01/08/2021 13:33:02] /goto druid master
[01/08/2021 13:33:04] /goto druid master
[01/08/2021 13:33:05] /goto druid master
[01/08/2021 13:33:08] /goto druid master
[01/08/2021 13:33:10] /goto druid master
[01/08/2021 13:33:11] /goto druid master
[01/08/2021 13:33:16] /goto druid master
[01/08/2021 13:33:17] /goto druid master
[01/08/2021 13:33:19] /goto druid master
[01/08/2021 13:33:20] /goto druid master
[01/08/2021 13:33:32] /t
[01/08/2021 13:33:45] /goto druid master
[01/08/2021 13:34:04] /goto ryuuku
[01/08/2021 13:34:06] /a 5
[01/08/2021 13:34:15] /a 2
[01/08/2021 13:34:16] /a 2
[01/08/2021 13:34:16] /a 2
[01/08/2021 13:34:17] /a 2
[01/08/2021 13:34:17] /a 2
[01/08/2021 13:34:17] /a 2
[01/08/2021 13:34:17] /a 2
[01/08/2021 13:34:17] /a 2
[01/08/2021 13:34:17] /a 2
[01/08/2021 13:34:18] /a 2
[01/08/2021 13:34:18] /a 2
[01/08/2021 13:34:18] /a 2
[01/08/2021 13:34:18] /a 2
[01/08/2021 13:34:18] /a 2
[01/08/2021 13:34:18] /a 2
[01/08/2021 13:34:19] /a 2
[01/08/2021 13:34:19] /a 2
[01/08/2021 13:34:19] /a 2
[01/08/2021 13:34:19] /a 2
[01/08/2021 13:34:19] /a 2
[01/08/2021 13:34:19] /a 2
[01/08/2021 13:34:19] /a 2
[01/08/2021 13:34:20] /a 2
[01/08/2021 13:34:20] /a 2
[01/08/2021 13:34:20] /a 2
[01/08/2021 13:34:20] /a 2
[01/08/2021 13:34:20] /a 2
[01/08/2021 13:34:21] /a 2
[01/08/2021 13:34:25] /a 2
[01/08/2021 13:34:26] /a 2
[01/08/2021 13:34:26] /a 2
[01/08/2021 13:34:26] /a 2
[01/08/2021 13:34:26] /a 2
[01/08/2021 13:34:27] /a 2
[01/08/2021 13:34:27] /a 2
[01/08/2021 13:34:27] /a 2
[01/08/2021 13:34:27] /a 2
[01/08/2021 13:34:27] /a 2
[01/08/2021 13:34:27] /a 2
[01/08/2021 13:34:27] /a 2
[01/08/2021 13:34:27] /a 2
[01/08/2021 13:34:27] /a 2
[01/08/2021 13:34:28] /a 2
[01/08/2021 13:34:28] /a 2
[01/08/2021 13:34:28] /a 2
[01/08/2021 13:34:28] /a 2
[01/08/2021 13:34:28] /a 2
[01/08/2021 13:34:28] /a 2
[01/08/2021 13:34:28] /a 2
[01/08/2021 13:34:28] /a 2
[01/08/2021 13:34:28] /a 2
[01/08/2021 13:34:28] /a 2
[01/08/2021 13:34:28] /a 2
[01/08/2021 13:34:28] /a 2
[01/08/2021 13:34:28] /a 2
[01/08/2021 13:34:28] /a 2
[01/08/2021 13:34:28] /a 2
[01/08/2021 13:34:29] /a 2
[01/08/2021 13:34:29] /a 2
[01/08/2021 13:34:29] /a 2
[01/08/2021 13:34:30] /a 2
[01/08/2021 13:34:30] /a 2
[01/08/2021 13:34:31] /a 2
[01/08/2021 13:34:31] /a 2
[01/08/2021 13:34:31] /a 2
[01/08/2021 13:34:31] /a 2
[01/08/2021 13:34:31] /a 2
[01/08/2021 13:34:31] /a 2
[01/08/2021 13:34:31] /a 2
[01/08/2021 13:34:31] /a 2
[01/08/2021 13:34:31] /a 2
[01/08/2021 13:34:31] /a 2
[01/08/2021 13:34:31] /a 2
[01/08/2021 13:34:32] /a 2
[01/08/2021 13:34:33] /a 2
[01/08/2021 13:34:34] /a 2
[01/08/2021 13:34:35] /a 2
[01/08/2021 13:34:35] /a 2
[01/08/2021 13:34:35] /a 2
[01/08/2021 13:34:35] /a 2
[01/08/2021 13:34:35] /a 2
[01/08/2021 13:34:35] /a 2
[01/08/2021 13:34:35] /a 2
[01/08/2021 13:34:35] /a 2
[01/08/2021 13:34:35] /a 2
[01/08/2021 13:34:35] /a 2
[01/08/2021 13:34:35] /a 2
[01/08/2021 13:34:35] /a 2
[01/08/2021 13:34:35] /a 2
[01/08/2021 13:34:35] /a 2
[01/08/2021 13:34:35] /a 2
[01/08/2021 13:34:35] /a 2
[01/08/2021 13:34:35] /a 2
[01/08/2021 13:34:35] /a 2
[01/08/2021 13:34:36] /a 2
[01/08/2021 13:34:36] /a 2
[01/08/2021 13:34:36] /a 2
[01/08/2021 13:34:36] /a 2
[01/08/2021 13:34:36] /a 2
[01/08/2021 13:34:36] /a 2
[01/08/2021 13:34:36] /a 2
[01/08/2021 13:34:37] /a 2
[01/08/2021 13:34:37] /a 2
[01/08/2021 13:34:37] /a 2
[01/08/2021 13:34:37] /a 2
[01/08/2021 13:34:37] /a 2
[01/08/2021 13:34:37] /a 2
[01/08/2021 13:34:37] /a 2
[01/08/2021 13:34:37] /a 2
[01/08/2021 13:34:37] /a 2
[01/08/2021 13:34:37] /a 2
[01/08/2021 13:34:37] /a 2
[01/08/2021 13:34:38] /a 2
[01/08/2021 13:34:38] /a 2
[01/08/2021 13:34:38] /a 2
[01/08/2021 13:34:38] /a 2
[01/08/2021 13:34:38] /a 2
[01/08/2021 13:34:39] /a 2
[01/08/2021 13:34:39] /a 2
[01/08/2021 13:34:39] /a 2
[01/08/2021 13:34:39] /a 2
[01/08/2021 13:34:39] /a 2
[01/08/2021 13:34:39] /a 2
[01/08/2021 13:34:39] /a 2
[01/08/2021 13:34:39] /a 2
[01/08/2021 13:34:39] /a 2
[01/08/2021 13:34:39] /a 2
[01/08/2021 13:34:39] /a 2
[01/08/2021 13:34:39] /a 2
[01/08/2021 13:34:39] /a 2
[01/08/2021 13:34:39] /a 2
[01/08/2021 13:34:39] /a 2
[01/08/2021 13:34:40] /a 2
[01/08/2021 13:34:40] /a 2
[01/08/2021 13:34:40] /a 2
[01/08/2021 13:34:40] /a 2
[01/08/2021 13:34:40] /a 2
[01/08/2021 13:34:40] /a 2
[01/08/2021 13:34:40] /a 2
[01/08/2021 13:34:40] /a 2
[01/08/2021 13:34:40] /a 2
[01/08/2021 13:34:40] /a 2
[01/08/2021 13:34:40] /a 2
[01/08/2021 13:34:40] /a 2
[01/08/2021 13:34:40] /a 2
[01/08/2021 13:34:40] /a 2
[01/08/2021 13:34:40] /a 2
[01/08/2021 13:34:40] /a 2
[01/08/2021 13:34:40] /a 2
[01/08/2021 13:34:40] /a 2
[01/08/2021 13:34:40] /a 2
[01/08/2021 13:34:40] /a 2
[01/08/2021 13:34:40] /a 2
[01/08/2021 13:34:40] /a 2
[01/08/2021 13:34:40] /a 2
[01/08/2021 13:34:40] /a 2
[01/08/2021 13:34:40] /a 2
[01/08/2021 13:34:41] /a 2
[01/08/2021 13:34:41] /a 2
[01/08/2021 13:34:41] /a 2
[01/08/2021 13:34:42] /a 2
[01/08/2021 13:34:42] /a 2
[01/08/2021 13:34:42] /a 2
[01/08/2021 13:34:43] /a 2
[01/08/2021 13:34:43] /a 2
[01/08/2021 13:34:43] /a 2
[01/08/2021 13:34:43] /a 2
[01/08/2021 13:34:44] /a 2
[01/08/2021 13:34:44] /a 2
[01/08/2021 13:34:44] /a 2
[01/08/2021 13:34:44] /a 2
[01/08/2021 13:36:30] /reload monster
[01/08/2021 13:36:40] /a 2
[01/08/2021 13:37:47] /reload monster
[01/08/2021 13:38:15] /reload monster
[01/08/2021 13:38:30] /reload monster
[01/08/2021 13:39:01] /reload monster
[01/08/2021 13:39:22] /reload monster
[01/08/2021 13:39:35] /r
[01/08/2021 13:39:36] /r
[01/08/2021 13:39:41] /goto ryyuku
[01/08/2021 13:39:47] /goto ryuuku
[01/08/2021 13:39:48] /a 2
[01/08/2021 13:39:55] /a 2
[01/08/2021 13:39:56] /a 2
[01/08/2021 13:39:56] /a 2
[01/08/2021 13:39:56] /a 2
[01/08/2021 13:39:56] /a 2
[01/08/2021 13:39:56] /a 2
[01/08/2021 13:39:56] /a 2
[01/08/2021 13:39:56] /a 2
[01/08/2021 13:39:56] /a 2
[01/08/2021 13:39:56] /a 2
[01/08/2021 13:39:56] /a 2
[01/08/2021 13:39:57] /a 2
[01/08/2021 13:39:57] /a 2
[01/08/2021 13:39:57] /a 2
[01/08/2021 13:39:57] /a 2
[01/08/2021 13:39:58] /a 2
[01/08/2021 13:39:58] /a 2
[01/08/2021 13:39:58] /a 2
[01/08/2021 13:39:58] /a 2
[01/08/2021 13:39:58] /a 2
[01/08/2021 13:39:58] /a 2
[01/08/2021 13:39:58] /a 2
[01/08/2021 13:39:58] /a 2
[01/08/2021 13:39:58] /a 2
[01/08/2021 13:39:58] /a 2
[01/08/2021 13:39:59] /a 2
[01/08/2021 13:39:59] /a 2
[01/08/2021 13:39:59] /a 2
[01/08/2021 13:39:59] /a 2
[01/08/2021 13:39:59] /a 2
[01/08/2021 13:40:00] /a 2
[01/08/2021 13:40:00] /a 2
[01/08/2021 13:40:00] /a 2
[01/08/2021 13:40:00] /a 2
[01/08/2021 13:40:00] /a 2
[01/08/2021 13:40:00] /a 2
[01/08/2021 13:40:01] /a 2
[01/08/2021 13:40:01] /a 2
[01/08/2021 13:40:02] /a 2
[01/08/2021 13:41:10] /reload monster
[01/08/2021 13:42:44] /reload monster
[01/08/2021 13:43:11] /reload monster
[01/08/2021 13:45:36] /reload monster
[01/08/2021 13:46:43] /reload monster
[01/08/2021 13:47:32] /a
[01/08/2021 13:47:35] /r
[01/08/2021 13:47:37] /r
[01/08/2021 13:47:44] /goto ryuuku
[01/08/2021 13:47:52] /goto ryuuku
[01/08/2021 13:48:01] /a 2
[01/08/2021 13:48:01] /a 2
[01/08/2021 13:48:01] /a 2
[01/08/2021 13:48:01] /a 2
[01/08/2021 13:48:02] /a 2
[01/08/2021 13:48:02] /a 2
[01/08/2021 13:48:02] /a 2
[01/08/2021 13:48:03] /a 2
[01/08/2021 13:48:04] /a 2
[01/08/2021 13:48:05] /a 2
[01/08/2021 13:48:05] /a 2
[01/08/2021 13:48:06] /a 2
[01/08/2021 13:48:06] /a 2
[01/08/2021 13:48:07] /a 2
[01/08/2021 13:48:08] /a 2
[01/08/2021 13:48:09] /a 2
[01/08/2021 13:48:09] /a 2
[01/08/2021 13:48:10] /a 2
[01/08/2021 13:48:12] /a 2
[01/08/2021 13:48:13] /a 2
[01/08/2021 13:48:14] /a 2
[01/08/2021 13:48:15] /a 2
[01/08/2021 13:48:16] /a 2
[01/08/2021 13:48:16] /a 2
[01/08/2021 13:48:17] /a 2
[01/08/2021 13:48:18] /a 2
[01/08/2021 13:48:19] /a 2
[01/08/2021 13:50:10] /reload monster
[01/08/2021 13:51:22] /reload monster
[01/08/2021 13:51:42] /r
[01/08/2021 13:51:47] /a 5
[01/08/2021 13:53:14] /goto druid master
[01/08/2021 13:54:07] /goto ryuuku
[01/08/2021 13:54:20] /a 2
[01/08/2021 13:54:20] /a 2
[01/08/2021 13:54:21] /a 2
[01/08/2021 13:54:21] /a 2
[01/08/2021 13:54:22] /a 2
[01/08/2021 13:54:22] /a 2
[01/08/2021 13:54:22] /a 2
[01/08/2021 13:54:22] /a 2
[01/08/2021 13:54:22] /a 2
[01/08/2021 13:54:22] /a 2
[01/08/2021 13:54:22] /a 2
[01/08/2021 13:54:22] /a 2
[01/08/2021 13:54:22] /a 2
[01/08/2021 13:54:22] /a 2
[01/08/2021 13:54:22] /a 2
[01/08/2021 13:54:22] /a 2
[01/08/2021 13:54:22] /a 2
[01/08/2021 13:54:22] /a 2
[01/08/2021 13:54:22] /a 2
[01/08/2021 13:54:23] /a 2
[01/08/2021 13:54:23] /a 2
[01/08/2021 13:54:23] /a 2
[01/08/2021 13:54:24] /a 2
[01/08/2021 13:54:24] /a 2
[01/08/2021 13:54:30] /a 2
[01/08/2021 13:54:31] /a 2
[01/08/2021 13:57:27] /reload monster
[01/08/2021 13:57:44] /reload monster
[01/08/2021 13:57:54] /r
[01/08/2021 13:57:54] /r
[01/08/2021 13:57:56] /a 2
[01/08/2021 13:58:01] /goto druid master
[01/08/2021 13:58:10] /a 2
[01/08/2021 13:58:11] /a 2
[01/08/2021 13:58:11] /a 2
[01/08/2021 13:58:12] /a 2
[01/08/2021 13:58:13] /a 2
[01/08/2021 13:58:13] /a 2
[01/08/2021 13:58:13] /a 2
[01/08/2021 13:58:14] /a 2
[01/08/2021 13:58:17] /goto druid master
[01/08/2021 13:58:19] /a 2
[01/08/2021 13:58:19] /a 2
[01/08/2021 13:58:39] /reload monster
[01/08/2021 14:00:19] /a 2
[01/08/2021 14:00:20] /a 2
[01/08/2021 14:00:26] /goto druid master
[01/08/2021 14:00:27] /goto druid master
[01/08/2021 14:00:29] /goto druid master
[01/08/2021 14:00:30] /goto druid master
[01/08/2021 14:00:34] /goto druid master
[01/08/2021 14:00:39] /goto druid master
[01/08/2021 14:00:41] /goto druid master
[01/08/2021 14:01:55] /goto druid master
[01/08/2021 14:02:03] /goto mage do caralho
[01/08/2021 14:02:12] /goto mage do caralho
[01/08/2021 14:02:25] /goto mage do caralho
[01/08/2021 14:02:58] /goto druid master
[01/08/2021 14:03:09] /goto mage do caralho
[01/08/2021 14:03:13] /goto mage do caralho
[01/08/2021 14:03:19] /goto mage do caralho
[01/08/2021 14:03:42] /goto druid master
[01/08/2021 14:03:48] /goto mage do caralho
[01/08/2021 14:04:08] /goto druid master
[01/08/2021 14:04:32] /goto druid master
[01/08/2021 14:04:56] /goto druid master
[01/08/2021 14:05:07] /goto druid master
[01/08/2021 14:05:13] /goto druid master
[01/08/2021 14:05:31] /goto druid master
[01/08/2021 14:05:37] /goto mage do caralho
[01/08/2021 14:05:40] /goto mage do caralho
[01/08/2021 14:06:05] /goto druid master
[01/08/2021 14:06:48] /goto druid master
[01/08/2021 14:06:53] /goto mage do caralho
[01/08/2021 14:07:09] /a 2
[01/08/2021 14:07:10] /a 2
[01/08/2021 14:07:10] /a 2
[01/08/2021 14:07:10] /a 2
[01/08/2021 14:07:10] /a 2
[01/08/2021 14:07:10] /a 2
[01/08/2021 14:07:11] /a 2
[01/08/2021 14:07:11] /a 2
[01/08/2021 14:07:11] /a 2
[01/08/2021 14:07:11] /a 2
[01/08/2021 14:07:12] /a 2
[01/08/2021 14:07:12] /a 2
[01/08/2021 14:07:13] /a 2
[01/08/2021 14:07:15] /a 2
[01/08/2021 14:07:15] /a 2
[01/08/2021 14:07:15] /a 2
[01/08/2021 14:07:16] /a 2
[01/08/2021 14:07:16] /a 2
[01/08/2021 14:07:16] /a 2
[01/08/2021 14:07:16] /a 2
[01/08/2021 14:07:17] /a 2
[01/08/2021 14:07:17] /a 2
[01/08/2021 14:07:17] /a 2
[01/08/2021 14:07:17] /a 2
[01/08/2021 14:07:18] /a 2
[01/08/2021 14:07:19] /a 2
[01/08/2021 14:07:20] /a 2
[01/08/2021 14:07:21] /a 2
[01/08/2021 14:07:22] /a 2
[01/08/2021 14:07:23] /a 2
[01/08/2021 14:07:24] /a 2
[01/08/2021 14:07:24] /a 2
[01/08/2021 14:07:27] /a 2
[01/08/2021 14:07:28] /a 2
[01/08/2021 14:07:28] /a 2
[01/08/2021 14:07:28] /a 2
[01/08/2021 14:07:28] /a 2
[01/08/2021 14:07:28] /a 2
[01/08/2021 14:07:29] /a 2
[01/08/2021 14:07:29] /a 2
[01/08/2021 14:07:29] /a 2
[01/08/2021 14:07:29] /a 2
[01/08/2021 14:07:29] /a 2
[01/08/2021 14:07:29] /a 2
[01/08/2021 14:07:29] /a 2
[01/08/2021 14:07:35] /a 2
[01/08/2021 14:07:36] /a 2
[01/08/2021 14:07:36] /a 2
[01/08/2021 14:07:37] /a 2
[01/08/2021 14:07:37] /a 2
[01/08/2021 14:07:38] /a 2
[01/08/2021 14:07:38] /a 2
[01/08/2021 14:07:38] /a 2
[01/08/2021 14:07:39] /a 2
[01/08/2021 14:07:40] /a 2
[01/08/2021 14:07:41] /a 2
[01/08/2021 14:07:42] /a 2
[01/08/2021 14:07:42] /a 2
[01/08/2021 14:07:42] /a 2
[01/08/2021 14:07:43] /a 2
[01/08/2021 14:07:43] /a 2
[01/08/2021 14:07:43] /a 2
[01/08/2021 14:08:00] /a 2
[01/08/2021 14:08:18] /a 2
[01/08/2021 14:08:19] /a 2
[01/08/2021 14:08:19] /a 2
[01/08/2021 14:08:20] /a 2
[01/08/2021 14:08:21] /a 2
[01/08/2021 14:08:21] /a 2
[01/08/2021 14:08:22] /a 2
[01/08/2021 14:08:25] /a 2
[01/08/2021 14:08:28] /a 2
[01/08/2021 14:08:31] /goto mage do caralho
[01/08/2021 14:08:32] /a 2
[01/08/2021 14:08:33] /a 2
[01/08/2021 14:08:34] /a 2
[01/08/2021 14:08:37] /a 2
[01/08/2021 14:08:38] /a 2
[01/08/2021 14:08:38] /a 2
[01/08/2021 14:08:38] /a 2
[01/08/2021 14:08:38] /a 2
[01/08/2021 14:08:38] /a 2
[01/08/2021 14:08:39] /a 2
[01/08/2021 14:08:39] /a 2
[01/08/2021 14:08:39] /a 2
[01/08/2021 14:08:39] /a 2
[01/08/2021 14:08:40] /a 2
[01/08/2021 14:08:40] /a 2
[01/08/2021 14:08:41] /a 2
[01/08/2021 14:08:41] /a 2
[01/08/2021 14:08:44] /a 2
[01/08/2021 14:08:45] /a 2
[01/08/2021 14:08:47] /a 2
[01/08/2021 14:08:47] /a 2
[01/08/2021 14:08:48] /a 2
[01/08/2021 14:08:51] /a 2
[01/08/2021 14:08:53] /goto mage do caralho
[01/08/2021 14:08:57] /goto druid master
[01/08/2021 14:10:20] /a 2
[01/08/2021 14:10:21] /a 2
[01/08/2021 14:10:21] /a 2
[01/08/2021 14:10:21] /a 2
[01/08/2021 14:10:21] /a 2
[01/08/2021 14:10:23] /a 2
[01/08/2021 14:10:25] /a 2
[01/08/2021 14:10:25] /a 2
[01/08/2021 14:10:25] /a 2
[01/08/2021 14:10:25] /a 2
[01/08/2021 14:10:26] /a 2
[01/08/2021 14:10:26] /a 2
[01/08/2021 14:10:26] /a 2
[01/08/2021 14:10:27] /a 2
[01/08/2021 14:10:27] /a 2
[01/08/2021 14:10:27] /a 2
[01/08/2021 14:10:27] /a 2
[01/08/2021 14:10:28] /a 2
[01/08/2021 14:10:29] /a 2
[01/08/2021 14:10:30] /a 2
[01/08/2021 14:11:21] /goto druid master
[01/08/2021 14:11:24] /a 2
[01/08/2021 14:11:24] /a 2
[01/08/2021 14:11:25] /a 2
[01/08/2021 14:12:02] /a 2
[01/08/2021 14:12:02] /a 2
[01/08/2021 14:12:18] /a 2
[01/08/2021 14:12:19] /a 2
[01/08/2021 14:12:40] /a 2
[01/08/2021 14:12:41] /a 2
[01/08/2021 14:12:49] /a 2
[01/08/2021 14:12:50] /a 2
[01/08/2021 14:12:51] /a 2
[01/08/2021 14:12:51] /a 2
[01/08/2021 14:12:51] /a 2
[01/08/2021 14:12:52] /a 2
[01/08/2021 14:12:52] /a 2
[01/08/2021 14:12:54] /a 2
[01/08/2021 14:13:16] /a 2
[01/08/2021 14:13:17] /a 2
[01/08/2021 14:13:18] /a 2
[01/08/2021 14:13:29] /a 2
[01/08/2021 14:13:39] /a 2
[01/08/2021 14:13:42] /a 2
[01/08/2021 14:13:44] /a 2
[01/08/2021 14:13:48] /a 2
[01/08/2021 14:14:05] /a 2
[01/08/2021 14:14:06] /a 2
[01/08/2021 14:14:06] /a 2
[01/08/2021 14:14:06] /a 2
[01/08/2021 14:14:07] /a 2
[01/08/2021 14:14:46] /a 2
[01/08/2021 14:14:48] /a 2
[01/08/2021 14:14:51] /a 2
[01/08/2021 14:14:55] /a 2
[01/08/2021 14:14:58] /a 2
[01/08/2021 14:14:59] /a 2
[01/08/2021 14:15:03] /a 2
[01/08/2021 14:15:03] /a 2
[01/08/2021 14:15:14] /a 2
[01/08/2021 14:15:14] /a 2
[01/08/2021 14:15:15] /a 2
[01/08/2021 14:15:15] /a 2
[01/08/2021 14:15:22] /a 2
[01/08/2021 14:15:23] /a 2
[01/08/2021 14:15:26] /a 2
[01/08/2021 14:15:39] /a 2
[01/08/2021 14:15:39] /a 2
[01/08/2021 14:15:57] /goto druid master
[01/08/2021 14:16:04] /a 2
[01/08/2021 14:16:05] /a 2
[01/08/2021 14:16:09] /a
[01/08/2021 14:20:12] /goto druid master
[01/08/2021 14:20:19] /a 2
[01/08/2021 14:20:45] /a 2
[01/08/2021 14:20:47] /a 2
[01/08/2021 14:20:48] /a 2
[01/08/2021 14:20:58] /a 2
[01/08/2021 14:20:58] /a 2
[01/08/2021 14:21:00] /a 2
[01/08/2021 14:21:01] /a 2
[01/08/2021 14:21:01] /a 2
[01/08/2021 14:21:02] /a 2
[01/08/2021 14:21:02] /a 2
[01/08/2021 14:21:02] /a 2
[01/08/2021 14:21:03] /a 2
[01/08/2021 14:21:04] /a 2
[01/08/2021 14:21:34] /a 2
[01/08/2021 14:21:34] /a 2
[01/08/2021 14:21:35] /a 2
[01/08/2021 14:21:36] /a 2
[01/08/2021 14:21:36] /a 2
[01/08/2021 14:21:36] /a 2
[01/08/2021 14:21:37] /a 2
[01/08/2021 14:21:37] /a 2
[01/08/2021 14:23:19] /a 2
[01/08/2021 14:23:19] /a 2
[01/08/2021 14:23:19] /a 2
[01/08/2021 14:23:20] /a 2
[01/08/2021 14:23:20] /a 2
[01/08/2021 14:23:20] /a 2
[01/08/2021 14:23:20] /a 2
[01/08/2021 14:23:20] /a 2
[01/08/2021 14:23:20] /a 2
[01/08/2021 14:23:20] /a 2
[01/08/2021 14:23:21] /a 2
[01/08/2021 14:23:21] /a 2
[01/08/2021 14:23:21] /a 2
[01/08/2021 14:23:23] /goto druid master
[01/08/2021 14:24:11] /a 2
[01/08/2021 14:24:13] /a 2
[01/08/2021 14:24:13] /a 2
[01/08/2021 14:24:13] /a 2
[01/08/2021 14:24:13] /a 2
[01/08/2021 14:24:14] /a 2
[01/08/2021 14:24:14] /a 2
[01/08/2021 14:24:14] /a 2
[01/08/2021 14:24:14] /a 2
[01/08/2021 14:24:15] /a 2
[01/08/2021 14:24:15] /a 2
[01/08/2021 14:24:15] /a 2
[01/08/2021 14:24:15] /a 2
[01/08/2021 14:24:15] /a 2
[01/08/2021 14:24:16] /a 2
[01/08/2021 14:24:16] /a 2
[01/08/2021 14:24:48] /goto druid master
[01/08/2021 14:24:52] /a 2
[01/08/2021 14:24:58] /a 2
[01/08/2021 14:25:04] /a 2
[01/08/2021 14:25:54] /a 2
[01/08/2021 14:25:55] /a 2
[01/08/2021 14:25:56] /a 2
[01/08/2021 14:25:56] /a 2
[01/08/2021 14:25:56] /a 2
[01/08/2021 14:25:58] /a 2
[01/08/2021 14:25:58] /a 2
[01/08/2021 14:26:00] /a 2
[01/08/2021 14:26:00] /a 2
[01/08/2021 14:26:00] /a 2
[01/08/2021 14:26:00] /a 2
[01/08/2021 14:26:02] /a 2
[01/08/2021 14:26:02] /a 2
[01/08/2021 14:26:04] /a 2
[01/08/2021 14:26:04] /a 2
[01/08/2021 14:26:05] /a 2
[01/08/2021 14:26:06] /a 2
[01/08/2021 14:26:06] /a 2
[01/08/2021 14:26:07] /a 2
[01/08/2021 14:26:08] /a 2
[01/08/2021 14:26:08] /a 2
[01/08/2021 14:26:09] /a 2
[01/08/2021 14:26:09] /a 2
[01/08/2021 14:26:42] /a 2
[01/08/2021 14:26:42] /a 2
[01/08/2021 14:26:43] /a 2
[01/08/2021 14:26:43] /a 2
[01/08/2021 14:26:43] /a 2
[01/08/2021 14:26:44] /a 2
[01/08/2021 14:26:45] /a 2
[01/08/2021 14:26:46] /a 2
[01/08/2021 14:26:47] /a 2
[01/08/2021 14:26:47] /a 2
[01/08/2021 14:26:47] /a 2
[01/08/2021 14:26:48] /a 2
[01/08/2021 14:28:42] /a 2
[01/08/2021 14:28:43] /a 2
[01/08/2021 14:28:44] /a 2
[01/08/2021 14:28:44] /a 2
[01/08/2021 14:28:45] /a 2
[01/08/2021 14:28:46] /a 2
[01/08/2021 14:31:22] /a 2
[01/08/2021 14:31:22] /a 2
[01/08/2021 14:31:23] /a 2
[01/08/2021 14:32:49] /a 2
[01/08/2021 14:32:51] /a 2
[01/08/2021 14:32:53] /a 2
[01/08/2021 14:32:54] /a 2
[01/08/2021 14:32:55] /a 2
[01/08/2021 14:32:55] /a 2
[01/08/2021 14:33:14] /goto druid master
[01/08/2021 14:36:34] /a 2
[01/08/2021 14:36:54] /a 2
[01/08/2021 14:36:55] /a 2
[01/08/2021 14:36:56] /a 2
[01/08/2021 14:36:56] /a 2
[01/08/2021 14:36:57] /a 2
[01/08/2021 14:36:57] /a 2
[01/08/2021 14:36:57] /a 2
[01/08/2021 14:36:57] /a 2
[01/08/2021 14:37:43] /a 2
[01/08/2021 14:39:17] /a 2
[01/08/2021 14:39:18] /a 2
[01/08/2021 14:39:23] /goto druid master
[01/08/2021 14:39:35] /goto druid master
[01/08/2021 14:39:40] /goto druid master
[01/08/2021 14:40:31] /ghost
[01/08/2021 14:41:39] /ghost
[01/08/2021 14:41:42] /goto druid master
[01/08/2021 14:42:02] /a 2
[01/08/2021 14:42:02] /a 2
[01/08/2021 14:42:20] /goto near
[01/08/2021 14:42:25] /a
[01/08/2021 14:43:49] /reload monster
[01/08/2021 14:43:56] /goto mage do caralho
[01/08/2021 14:43:58] /goto mage do caralho
[01/08/2021 14:44:01] /goto druid master
[01/08/2021 14:44:45] /goto mage do caralho
[01/08/2021 14:44:48] /goto druid master
[01/08/2021 14:47:32] /reload monster
[01/08/2021 14:47:34] /goto druid master
[01/08/2021 14:47:37] /goto mage do caralho
[01/08/2021 14:47:42] /goto near
[01/08/2021 14:47:45] /a 5
[01/08/2021 14:48:34] /reload monster
[01/08/2021 14:49:14] /reload monster
[01/08/2021 14:49:42] /reload monster
[01/08/2021 14:50:02] /reload monster
[01/08/2021 14:50:44] /reload monster
[01/08/2021 14:51:10] /reload monster
[01/08/2021 14:51:46] /reload monster
[01/08/2021 14:52:11] /reload monster
[01/08/2021 14:53:02] /r
[01/08/2021 14:53:08] /goto mage do caralho
[01/08/2021 14:53:13] /goto druid master
[01/08/2021 14:53:17] /goto near
[01/08/2021 14:53:20] /a 5
[01/08/2021 14:53:24] /a 5
[01/08/2021 14:54:18] /reload monster
[01/08/2021 14:55:32] /reload monster
[01/08/2021 14:55:36] /r
[01/08/2021 14:55:42] /goto mahina
[01/08/2021 14:55:44] /a
[01/08/2021 14:55:57] /a
[01/08/2021 14:56:28] /r
[01/08/2021 14:57:49] /goto druid master
[01/08/2021 14:58:02] /goto mage do caralho
[01/08/2021 14:58:11] /goto mage do caralho
[01/08/2021 14:58:14] /goto mage do caralho
[01/08/2021 14:58:17] /goto mage do caralho
[01/08/2021 14:58:22] /goto druid master
[01/08/2021 14:58:27] /t
[01/08/2021 14:59:57] /reload monster
[01/08/2021 15:00:00] /goto druid master
[01/08/2021 15:00:04] /goto mage do caralho
[01/08/2021 15:00:38] /goto mage of caos
[01/08/2021 15:00:48] /goto pestana mage
[01/08/2021 15:00:52] /t
[01/08/2021 15:00:56] /goto mage do caralho
[01/08/2021 15:01:00] /goto druid master
[01/08/2021 15:01:04] /t
[01/08/2021 15:01:44] /t
[01/08/2021 15:01:47] /up
[01/08/2021 15:01:48] /up
[01/08/2021 15:01:53] /save
[01/08/2021 18:43:20] /t
[01/08/2021 18:45:01] /a
[01/08/2021 18:45:02] /a
[01/08/2021 18:45:02] /a
[01/08/2021 18:45:02] /a
[01/08/2021 18:45:02] /a
[01/08/2021 18:45:02] /a
[01/08/2021 18:45:02] /a
[01/08/2021 18:45:02] /a
[01/08/2021 18:45:03] /a
[01/08/2021 18:45:06] /up
[01/08/2021 18:45:07] /a
[01/08/2021 18:45:07] /a
[01/08/2021 18:45:07] /a
[01/08/2021 18:45:15] /a 10
[01/08/2021 18:45:58] /t
[01/08/2021 18:46:33] /a
[01/08/2021 18:46:33] /a
[01/08/2021 18:46:33] /a
[01/08/2021 18:46:33] /a
[01/08/2021 18:46:33] /a
[01/08/2021 18:46:34] /a
[01/08/2021 18:46:34] /a
[01/08/2021 18:46:34] /a
[01/08/2021 18:46:34] /a
[01/08/2021 18:46:35] /a
[01/08/2021 18:46:35] /a
[01/08/2021 18:46:35] /a
[01/08/2021 18:46:35] /a
[01/08/2021 18:46:35] /a
[01/08/2021 18:46:36] /a
[01/08/2021 18:46:36] /a
[01/08/2021 18:46:56] /a
[01/08/2021 18:46:56] /a
[01/08/2021 18:46:56] /a
[01/08/2021 18:46:56] /a
[01/08/2021 18:46:56] /a
[01/08/2021 18:46:56] /a
[01/08/2021 18:46:57] /a
[01/08/2021 18:46:57] /a
[01/08/2021 18:46:57] /a
[01/08/2021 18:46:57] /a
[01/08/2021 18:46:57] /a
[01/08/2021 18:46:57] /a
[01/08/2021 18:46:58] /a
[01/08/2021 18:46:58] /a
[01/08/2021 18:46:58] /a
[01/08/2021 18:46:59] /a
[01/08/2021 18:46:59] /a
[01/08/2021 18:47:00] /a
[01/08/2021 18:47:04] /a
[01/08/2021 18:47:53] /a
[01/08/2021 18:47:53] /a
[01/08/2021 18:47:53] /a
[01/08/2021 18:53:24] /a 5
[01/08/2021 18:53:27] /up
[01/08/2021 18:53:27] /up
[01/08/2021 18:54:22] /reload spells
[01/08/2021 18:54:23] /t
[01/08/2021 18:54:58] /goto druid master
[01/08/2021 18:55:02] /goto druid master
[01/08/2021 18:55:04] /goto druid master
[01/08/2021 18:55:06] /goto druid master
[01/08/2021 18:55:07] /goto druid master
[01/08/2021 18:55:30] /t
[01/08/2021 18:55:36] /up
[01/08/2021 18:55:36] /up
[01/08/2021 18:59:29] /reload monster
[01/08/2021 18:59:30] /t
[01/08/2021 19:00:13] /goto mahina
[01/08/2021 19:02:53] /t
[01/08/2021 19:03:53] /c mage do caralho
[01/08/2021 19:03:56] /a
[01/08/2021 19:08:37] /a
[01/08/2021 19:08:38] /r
[01/08/2021 19:10:22] /a
[01/08/2021 19:12:05] /m training monk
[01/08/2021 19:13:35] /a
[01/08/2021 19:13:38] /m training monk
[01/08/2021 19:13:40] /a
[01/08/2021 19:13:42] /a
[01/08/2021 19:13:44] /ghost
[01/08/2021 19:15:00] /reload spells
[01/08/2021 19:16:29] /ghost
[01/08/2021 19:16:31] /t
[01/08/2021 19:16:38] /goto clasus
[01/08/2021 19:16:40] /a 2
[01/08/2021 19:17:06] /goto pestana mage
[01/08/2021 19:17:09] /a
[01/08/2021 19:17:09] /a
[01/08/2021 19:17:09] /a
[01/08/2021 19:17:09] /a
[01/08/2021 19:17:10] /a
[01/08/2021 19:17:10] /a
[01/08/2021 19:17:11] /a
[01/08/2021 19:17:51] /a
[01/08/2021 19:17:51] /a
[01/08/2021 19:17:52] /a
[01/08/2021 19:17:52] /a
[01/08/2021 19:17:55] /a
[01/08/2021 19:17:55] /a
[01/08/2021 19:18:00] /a
[01/08/2021 19:18:00] /a
[01/08/2021 19:18:00] /a
[01/08/2021 19:18:01] /a
[01/08/2021 19:18:01] /a
[01/08/2021 19:18:04] /goto pestana mage
[01/08/2021 19:18:12] /goto poderoso pally
[01/08/2021 19:18:40] /goto druid master
[01/08/2021 19:20:18] /reload spells
[01/08/2021 19:21:35] /reload spells
[01/08/2021 19:24:04] /reload spells
[01/08/2021 19:24:39] /goto Druid Master
[01/08/2021 19:26:04] /goto Druid Master
[01/08/2021 19:26:16] /a
[01/08/2021 19:26:16] /a
[01/08/2021 19:26:17] /a
[01/08/2021 19:26:18] /a
[01/08/2021 19:26:18] /a
[01/08/2021 19:26:53] /a
[01/08/2021 19:26:53] /a
[01/08/2021 19:26:53] /a
[01/08/2021 19:26:53] /a
[01/08/2021 19:26:53] /a
[01/08/2021 19:26:54] /a
[01/08/2021 19:26:54] /a
[01/08/2021 19:26:54] /a
[01/08/2021 19:26:54] /a
[01/08/2021 19:26:54] /a
[01/08/2021 19:26:54] /a
[01/08/2021 19:26:55] /a
[01/08/2021 19:26:55] /a
[01/08/2021 19:26:55] /a
[01/08/2021 19:26:55] /a
[01/08/2021 19:26:56] /a
[01/08/2021 19:26:56] /a
[01/08/2021 19:26:56] /a
[01/08/2021 19:26:56] /a
[01/08/2021 19:26:56] /a
[01/08/2021 19:26:57] /a
[01/08/2021 19:26:57] /a
[01/08/2021 19:26:57] /a
[01/08/2021 19:26:58] /a
[01/08/2021 19:26:58] /a
[01/08/2021 19:26:59] /a
[01/08/2021 19:26:59] /a
[01/08/2021 19:26:59] /a
[01/08/2021 19:26:59] /a
[01/08/2021 19:27:00] /a
[01/08/2021 19:27:00] /a
[01/08/2021 19:27:00] /a
[01/08/2021 19:27:00] /a
[01/08/2021 19:27:00] /a
[01/08/2021 19:27:00] /a
[01/08/2021 19:27:01] /a
[01/08/2021 19:27:01] /a
[01/08/2021 19:27:01] /a
[01/08/2021 19:27:01] /a
[01/08/2021 19:27:02] /a
[01/08/2021 19:27:02] /a
[01/08/2021 19:27:02] /a
[01/08/2021 19:27:02] /a
[01/08/2021 19:27:02] /a
[01/08/2021 19:27:02] /a
[01/08/2021 19:27:02] /a
[01/08/2021 19:27:03] /a
[01/08/2021 19:27:03] /a
[01/08/2021 19:27:03] /a
[01/08/2021 19:27:03] /a
[01/08/2021 19:27:03] /a
[01/08/2021 19:27:03] /a
[01/08/2021 19:27:03] /a
[01/08/2021 19:27:03] /a
[01/08/2021 19:27:03] /a
[01/08/2021 19:27:03] /a
[01/08/2021 19:27:03] /a
[01/08/2021 19:27:04] /a
[01/08/2021 19:27:04] /a
[01/08/2021 19:27:04] /a
[01/08/2021 19:27:05] /a
[01/08/2021 19:27:05] /a
[01/08/2021 19:27:05] /a
[01/08/2021 19:27:05] /a
[01/08/2021 19:27:05] /a
[01/08/2021 19:27:05] /a
[01/08/2021 19:27:05] /a
[01/08/2021 19:27:05] /a
[01/08/2021 19:27:06] /a
[01/08/2021 19:27:06] /a
[01/08/2021 19:27:06] /a
[01/08/2021 19:27:06] /a
[01/08/2021 19:27:07] /a
[01/08/2021 19:27:07] /a
[01/08/2021 19:27:07] /a
[01/08/2021 19:27:07] /a
[01/08/2021 19:27:07] /a
[01/08/2021 19:27:07] /a
[01/08/2021 19:27:07] /a
[01/08/2021 19:27:07] /a
[01/08/2021 19:27:07] /a
[01/08/2021 19:27:07] /a
[01/08/2021 19:27:07] /a
[01/08/2021 19:27:07] /a
[01/08/2021 19:27:07] /a
[01/08/2021 19:27:07] /a
[01/08/2021 19:27:08] /a
[01/08/2021 19:27:09] /a
[01/08/2021 19:27:09] /a
[01/08/2021 19:27:10] /a
[01/08/2021 19:27:10] /a
[01/08/2021 19:27:10] /a
[01/08/2021 19:27:10] /a
[01/08/2021 19:27:11] /a
[01/08/2021 19:27:11] /a
[01/08/2021 19:27:11] /a
[01/08/2021 19:27:11] /a
[01/08/2021 19:27:11] /a
[01/08/2021 19:27:11] /a
[01/08/2021 19:27:12] /a
[01/08/2021 19:27:12] /a
[01/08/2021 19:27:12] /a
[01/08/2021 19:27:13] /a
[01/08/2021 19:27:13] /a
[01/08/2021 19:27:13] /a
[01/08/2021 19:27:13] /a
[01/08/2021 19:27:13] /a
[01/08/2021 19:27:13] /a
[01/08/2021 19:27:13] /a
[01/08/2021 19:27:13] /a
[01/08/2021 19:27:13] /a
[01/08/2021 19:27:13] /a
[01/08/2021 19:27:13] /a
[01/08/2021 19:27:13] /a
[01/08/2021 19:27:13] /a
[01/08/2021 19:27:13] /a
[01/08/2021 19:27:13] /a
[01/08/2021 19:27:13] /a
[01/08/2021 19:27:13] /a
[01/08/2021 19:27:13] /a
[01/08/2021 19:27:13] /a
[01/08/2021 19:27:13] /a
[01/08/2021 19:27:13] /a
[01/08/2021 19:27:13] /a
[01/08/2021 19:27:13] /a
[01/08/2021 19:27:13] /a
[01/08/2021 19:27:13] /a
[01/08/2021 19:27:13] /a
[01/08/2021 19:27:14] /a
[01/08/2021 19:27:14] /a
[01/08/2021 19:27:14] /a
[01/08/2021 19:27:14] /a
[01/08/2021 19:27:14] /a
[01/08/2021 19:27:14] /a
[01/08/2021 19:27:15] /a
[01/08/2021 19:27:15] /a
[01/08/2021 19:27:15] /a
[01/08/2021 19:27:15] /a
[01/08/2021 19:27:15] /a
[01/08/2021 19:27:15] /a
[01/08/2021 19:27:15] /a
[01/08/2021 19:27:15] /a
[01/08/2021 19:27:15] /a
[01/08/2021 19:27:15] /a
[01/08/2021 19:27:15] /a
[01/08/2021 19:27:16] /a
[01/08/2021 19:27:16] /a
[01/08/2021 19:27:16] /a
[01/08/2021 19:27:16] /a
[01/08/2021 19:27:16] /a
[01/08/2021 19:27:16] /a
[01/08/2021 19:27:16] /a
[01/08/2021 19:27:16] /a
[01/08/2021 19:27:16] /a
[01/08/2021 19:27:16] /a
[01/08/2021 19:27:16] /a
[01/08/2021 19:27:16] /a
[01/08/2021 19:27:16] /a
[01/08/2021 19:27:16] /a
[01/08/2021 19:27:16] /a
[01/08/2021 19:27:16] /a
[01/08/2021 19:27:16] /a
[01/08/2021 19:27:16] /a
[01/08/2021 19:27:16] /a
[01/08/2021 19:27:16] /a
[01/08/2021 19:27:16] /a
[01/08/2021 19:27:16] /a
[01/08/2021 19:27:16] /a
[01/08/2021 19:27:16] /a
[01/08/2021 19:27:17] /a
[01/08/2021 19:27:17] /a
[01/08/2021 19:27:17] /a
[01/08/2021 19:27:17] /a
[01/08/2021 19:27:17] /a
[01/08/2021 19:27:17] /a
[01/08/2021 19:27:17] /a
[01/08/2021 19:27:17] /a
[01/08/2021 19:27:17] /a
[01/08/2021 19:27:17] /a
[01/08/2021 19:27:17] /a
[01/08/2021 19:27:17] /a
[01/08/2021 19:27:17] /a
[01/08/2021 19:27:18] /a
[01/08/2021 19:27:18] /a
[01/08/2021 19:27:18] /a
[01/08/2021 19:27:18] /a
[01/08/2021 19:27:18] /a
[01/08/2021 19:27:18] /a
[01/08/2021 19:27:18] /a
[01/08/2021 19:27:18] /a
[01/08/2021 19:27:18] /a
[01/08/2021 19:27:18] /a
[01/08/2021 19:27:18] /a
[01/08/2021 19:27:18] /a
[01/08/2021 19:27:18] /a
[01/08/2021 19:27:18] /a
[01/08/2021 19:27:18] /a
[01/08/2021 19:27:18] /a
[01/08/2021 19:27:18] /a
[01/08/2021 19:27:19] /a
[01/08/2021 19:27:19] /a
[01/08/2021 19:27:19] /a
[01/08/2021 19:27:19] /a
[01/08/2021 19:27:19] /a
[01/08/2021 19:27:19] /a
[01/08/2021 19:27:20] /a
[01/08/2021 19:27:20] /a
[01/08/2021 19:27:20] /a
[01/08/2021 19:27:20] /a
[01/08/2021 19:27:21] /a
[01/08/2021 19:27:21] /a
[01/08/2021 19:27:21] /a
[01/08/2021 19:27:21] /a
[01/08/2021 19:27:21] /a
[01/08/2021 19:27:21] /a
[01/08/2021 19:27:21] /a
[01/08/2021 19:27:21] /a
[01/08/2021 19:27:21] /a
[01/08/2021 19:27:21] /a
[01/08/2021 19:27:21] /a
[01/08/2021 19:27:21] /a
[01/08/2021 19:27:21] /a
[01/08/2021 19:27:21] /a
[01/08/2021 19:27:22] /a
[01/08/2021 19:27:22] /a
[01/08/2021 19:27:23] /a
[01/08/2021 19:27:23] /a
[01/08/2021 19:27:23] /a
[01/08/2021 19:27:23] /a
[01/08/2021 19:27:24] /a
[01/08/2021 19:27:28] /c mateus
[01/08/2021 19:28:28] /goto Druid Master
[01/08/2021 19:28:43] /a 5
[01/08/2021 19:28:45] /a
[01/08/2021 19:28:57] /a
[01/08/2021 19:28:59] /a
[01/08/2021 19:29:00] /a
[01/08/2021 19:29:01] /a
[01/08/2021 19:29:04] /a
[01/08/2021 19:29:04] /a
[01/08/2021 19:29:05] /a
[01/08/2021 19:29:08] /ghost
[01/08/2021 19:30:23] /goto clasus
[01/08/2021 19:30:25] /a 2
[01/08/2021 19:30:49] /t
[01/08/2021 19:30:59] /ghost
[01/08/2021 19:31:37] /goto clasus
[01/08/2021 19:31:38] /a 2
[01/08/2021 19:31:39] /a 2
[01/08/2021 19:31:53] /ghost
[01/08/2021 19:32:39] /c mateus
[01/08/2021 19:33:35] /goto Druid Master
[01/08/2021 19:33:36] /a
[01/08/2021 19:33:36] /a
[01/08/2021 19:33:36] /a
[01/08/2021 19:33:36] /a
[01/08/2021 19:33:36] /a
[01/08/2021 19:33:36] /a
[01/08/2021 19:33:36] /a
[01/08/2021 19:33:36] /a
[01/08/2021 19:33:36] /a
[01/08/2021 19:33:37] /a
[01/08/2021 19:33:37] /a
[01/08/2021 19:33:37] /a
[01/08/2021 19:33:37] /a
[01/08/2021 19:33:37] /a
[01/08/2021 19:33:37] /a
[01/08/2021 19:33:37] /a
[01/08/2021 19:33:37] /a
[01/08/2021 19:33:37] /a
[01/08/2021 19:33:37] /a
[01/08/2021 19:33:37] /a
[01/08/2021 19:33:37] /a
[01/08/2021 19:33:37] /a
[01/08/2021 19:33:37] /a
[01/08/2021 19:33:37] /a
[01/08/2021 19:33:37] /a
[01/08/2021 19:33:37] /a
[01/08/2021 19:33:37] /a
[01/08/2021 19:33:37] /a
[01/08/2021 19:33:37] /a
[01/08/2021 19:33:37] /a
[01/08/2021 19:33:37] /a
[01/08/2021 19:33:37] /a
[01/08/2021 19:33:37] /a
[01/08/2021 19:33:37] /a
[01/08/2021 19:33:37] /a
[01/08/2021 19:33:37] /a
[01/08/2021 19:33:37] /a
[01/08/2021 19:33:37] /a
[01/08/2021 19:33:37] /a
[01/08/2021 19:33:37] /a
[01/08/2021 19:33:38] /a
[01/08/2021 19:33:38] /a
[01/08/2021 19:33:38] /a
[01/08/2021 19:33:38] /a
[01/08/2021 19:33:38] /a
[01/08/2021 19:33:38] /a
[01/08/2021 19:33:39] /a
[01/08/2021 19:33:39] /a
[01/08/2021 19:33:39] /a
[01/08/2021 19:33:39] /a
[01/08/2021 19:33:39] /a
[01/08/2021 19:33:39] /a
[01/08/2021 19:33:39] /a
[01/08/2021 19:33:39] /a
[01/08/2021 19:33:39] /a
[01/08/2021 19:33:39] /a
[01/08/2021 19:33:39] /a
[01/08/2021 19:33:39] /a
[01/08/2021 19:33:39] /a
[01/08/2021 19:33:39] /a
[01/08/2021 19:33:39] /a
[01/08/2021 19:33:39] /a
[01/08/2021 19:33:39] /a
[01/08/2021 19:33:39] /a
[01/08/2021 19:33:40] /a
[01/08/2021 19:33:40] /a
[01/08/2021 19:33:40] /a
[01/08/2021 19:33:40] /a
[01/08/2021 19:33:40] /a
[01/08/2021 19:33:40] /a
[01/08/2021 19:33:40] /a
[01/08/2021 19:33:40] /a
[01/08/2021 19:33:40] /a
[01/08/2021 19:33:40] /a
[01/08/2021 19:33:40] /a
[01/08/2021 19:33:40] /a
[01/08/2021 19:33:40] /a
[01/08/2021 19:33:40] /a
[01/08/2021 19:33:40] /a
[01/08/2021 19:33:40] /a
[01/08/2021 19:33:40] /a
[01/08/2021 19:33:40] /a
[01/08/2021 19:33:40] /a
[01/08/2021 19:33:40] /a
[01/08/2021 19:33:40] /a
[01/08/2021 19:33:40] /a
[01/08/2021 19:33:41] /a
[01/08/2021 19:33:41] /a
[01/08/2021 19:33:41] /a
[01/08/2021 19:33:41] /a
[01/08/2021 19:33:41] /a
[01/08/2021 19:33:41] /a
[01/08/2021 19:33:41] /a
[01/08/2021 19:33:41] /a
[01/08/2021 19:33:41] /a
[01/08/2021 19:33:41] /a
[01/08/2021 19:33:41] /a
[01/08/2021 19:33:41] /a
[01/08/2021 19:33:41] /a
[01/08/2021 19:33:41] /a
[01/08/2021 19:33:41] /a
[01/08/2021 19:33:41] /a
[01/08/2021 19:33:41] /a
[01/08/2021 19:33:41] /a
[01/08/2021 19:33:41] /a
[01/08/2021 19:33:41] /a
[01/08/2021 19:33:41] /a
[01/08/2021 19:33:41] /a
[01/08/2021 19:33:41] /a
[01/08/2021 19:33:41] /a
[01/08/2021 19:33:41] /a
[01/08/2021 19:33:41] /a
[01/08/2021 19:33:41] /a
[01/08/2021 19:33:42] /a
[01/08/2021 19:33:42] /a
[01/08/2021 19:33:42] /a
[01/08/2021 19:33:42] /a
[01/08/2021 19:33:42] /a
[01/08/2021 19:33:42] /a
[01/08/2021 19:33:42] /a
[01/08/2021 19:33:43] /a
[01/08/2021 19:33:43] /a
[01/08/2021 19:33:43] /a
[01/08/2021 19:33:43] /a
[01/08/2021 19:33:43] /a
[01/08/2021 19:33:43] /a
[01/08/2021 19:33:43] /a
[01/08/2021 19:33:43] /a
[01/08/2021 19:33:43] /a
[01/08/2021 19:33:43] /a
[01/08/2021 19:33:43] /a
[01/08/2021 19:33:43] /a
[01/08/2021 19:33:43] /a
[01/08/2021 19:33:43] /a
[01/08/2021 19:33:44] /a
[01/08/2021 19:33:44] /a
[01/08/2021 19:33:44] /a
[01/08/2021 19:33:44] /a
[01/08/2021 19:33:44] /a
[01/08/2021 19:33:44] /a
[01/08/2021 19:33:44] /a
[01/08/2021 19:33:44] /a
[01/08/2021 19:33:44] /a
[01/08/2021 19:33:44] /a
[01/08/2021 19:33:44] /a
[01/08/2021 19:33:45] /a
[01/08/2021 19:33:45] /a
[01/08/2021 19:33:45] /a
[01/08/2021 19:33:49] /c mateus
[01/08/2021 19:33:53] /a
[01/08/2021 19:34:50] /a
[01/08/2021 19:34:51] /a
[01/08/2021 19:34:56] /a
[01/08/2021 19:34:57] /a
[01/08/2021 19:34:57] /a
[01/08/2021 19:34:58] /a
[01/08/2021 19:34:58] /a
[01/08/2021 19:35:32] /a
[01/08/2021 19:35:33] /a
[01/08/2021 19:35:33] /a
[01/08/2021 19:35:33] /a
[01/08/2021 19:35:33] /a
[01/08/2021 19:35:34] /a
[01/08/2021 19:35:34] /a
[01/08/2021 19:36:47] /goto Druid Master
[01/08/2021 19:36:49] /a
[01/08/2021 19:36:50] /a
[01/08/2021 19:36:50] /a
[01/08/2021 19:36:50] /a
[01/08/2021 19:37:06] /ghost
[01/08/2021 19:37:13] /a
[01/08/2021 19:37:13] /a
[01/08/2021 19:37:14] /a
[01/08/2021 19:37:14] /a
[01/08/2021 19:37:14] /a
[01/08/2021 19:37:14] /a
[01/08/2021 19:37:15] /a
[01/08/2021 19:37:15] /a
[01/08/2021 19:37:16] /a
[01/08/2021 19:37:16] /a
[01/08/2021 19:37:16] /a
[01/08/2021 19:37:16] /a
[01/08/2021 19:37:16] /a
[01/08/2021 19:37:16] /a
[01/08/2021 19:37:16] /a
[01/08/2021 19:37:16] /a
[01/08/2021 19:37:16] /a
[01/08/2021 19:37:16] /a
[01/08/2021 19:37:16] /a
[01/08/2021 19:37:16] /a
[01/08/2021 19:37:16] /a
[01/08/2021 19:37:16] /a
[01/08/2021 19:37:16] /a
[01/08/2021 19:37:16] /a
[01/08/2021 19:37:16] /a
[01/08/2021 19:37:16] /a
[01/08/2021 19:37:17] /a
[01/08/2021 19:37:17] /a
[01/08/2021 19:37:18] /a
[01/08/2021 19:37:18] /a
[01/08/2021 19:37:18] /a
[01/08/2021 19:37:18] /a
[01/08/2021 19:37:18] /a
[01/08/2021 19:37:18] /a
[01/08/2021 19:37:18] /a
[01/08/2021 19:37:18] /a
[01/08/2021 19:37:18] /a
[01/08/2021 19:37:18] /a
[01/08/2021 19:37:19] /a
[01/08/2021 19:37:19] /a
[01/08/2021 19:37:19] /a
[01/08/2021 19:37:19] /a
[01/08/2021 19:37:19] /a
[01/08/2021 19:37:19] /a
[01/08/2021 19:37:19] /a
[01/08/2021 19:37:19] /a
[01/08/2021 19:37:19] /a
[01/08/2021 19:37:19] /a
[01/08/2021 19:37:19] /a
[01/08/2021 19:37:19] /a
[01/08/2021 19:37:19] /a
[01/08/2021 19:37:20] /a
[01/08/2021 19:37:20] /a
[01/08/2021 19:37:20] /a
[01/08/2021 19:37:20] /a
[01/08/2021 19:37:20] /a
[01/08/2021 19:37:20] /a
[01/08/2021 19:37:20] /a
[01/08/2021 19:37:20] /a
[01/08/2021 19:37:20] /a
[01/08/2021 19:37:20] /a
[01/08/2021 19:37:20] /a
[01/08/2021 19:37:20] /a
[01/08/2021 19:37:20] /a
[01/08/2021 19:37:20] /a
[01/08/2021 19:37:20] /a
[01/08/2021 19:37:20] /a
[01/08/2021 19:37:20] /a
[01/08/2021 19:37:20] /a
[01/08/2021 19:37:20] /a
[01/08/2021 19:37:21] /a
[01/08/2021 19:37:22] /a
[01/08/2021 19:37:22] /a
[01/08/2021 19:37:22] /a
[01/08/2021 19:37:22] /a
[01/08/2021 19:37:22] /a
[01/08/2021 19:37:22] /a
[01/08/2021 19:37:22] /a
[01/08/2021 19:37:22] /a
[01/08/2021 19:37:22] /a
[01/08/2021 19:37:22] /a
[01/08/2021 19:37:22] /a
[01/08/2021 19:37:22] /a
[01/08/2021 19:37:22] /a
[01/08/2021 19:37:22] /a
[01/08/2021 19:37:22] /a
[01/08/2021 19:37:22] /a
[01/08/2021 19:37:22] /a
[01/08/2021 19:37:22] /a
[01/08/2021 19:37:22] /a
[01/08/2021 19:37:22] /a
[01/08/2021 19:37:22] /a
[01/08/2021 19:37:22] /a
[01/08/2021 19:37:22] /a
[01/08/2021 19:37:22] /a
[01/08/2021 19:37:22] /a
[01/08/2021 19:37:22] /a
[01/08/2021 19:37:22] /a
[01/08/2021 19:37:22] /a
[01/08/2021 19:37:22] /a
[01/08/2021 19:37:23] /a
[01/08/2021 19:37:23] /a
[01/08/2021 19:37:23] /a
[01/08/2021 19:37:23] /a
[01/08/2021 19:37:24] /a
[01/08/2021 19:37:25] /a
[01/08/2021 19:37:25] /a
[01/08/2021 19:37:25] /a
[01/08/2021 19:37:28] /a
[01/08/2021 19:37:29] /a
[01/08/2021 19:37:29] /a
[01/08/2021 19:37:29] /a
[01/08/2021 19:37:29] /a
[01/08/2021 19:37:29] /a
[01/08/2021 19:37:29] /a
[01/08/2021 19:37:29] /a
[01/08/2021 19:37:29] /a
[01/08/2021 19:37:29] /a
[01/08/2021 19:37:29] /a
[01/08/2021 19:37:29] /a
[01/08/2021 19:37:29] /a
[01/08/2021 19:37:29] /a
[01/08/2021 19:37:29] /a
[01/08/2021 19:37:29] /a
[01/08/2021 19:37:29] /a
[01/08/2021 19:37:29] /a
[01/08/2021 19:37:29] /a
[01/08/2021 19:37:29] /a
[01/08/2021 19:37:30] /a
[01/08/2021 19:37:30] /a
[01/08/2021 19:37:30] /a
[01/08/2021 19:37:30] /a
[01/08/2021 19:37:30] /a
[01/08/2021 19:37:30] /a
[01/08/2021 19:37:30] /a
[01/08/2021 19:37:30] /a
[01/08/2021 19:37:30] /a
[01/08/2021 19:37:30] /a
[01/08/2021 19:37:30] /a
[01/08/2021 19:37:30] /a
[01/08/2021 19:37:30] /a
[01/08/2021 19:37:30] /a
[01/08/2021 19:37:30] /a
[01/08/2021 19:37:30] /a
[01/08/2021 19:37:30] /a
[01/08/2021 19:37:30] /a
[01/08/2021 19:37:30] /a
[01/08/2021 19:37:31] /a
[01/08/2021 19:37:31] /a
[01/08/2021 19:37:31] /a
[01/08/2021 19:37:31] /a
[01/08/2021 19:37:31] /a
[01/08/2021 19:37:31] /a
[01/08/2021 19:37:31] /a
[01/08/2021 19:37:31] /a
[01/08/2021 19:37:31] /a
[01/08/2021 19:37:31] /a
[01/08/2021 19:37:31] /a
[01/08/2021 19:37:31] /a
[01/08/2021 19:37:31] /a
[01/08/2021 19:37:31] /a
[01/08/2021 19:37:31] /a
[01/08/2021 19:37:31] /a
[01/08/2021 19:37:31] /a
[01/08/2021 19:37:31] /a
[01/08/2021 19:37:31] /a
[01/08/2021 19:37:32] /a
[01/08/2021 19:37:32] /a
[01/08/2021 19:37:32] /a
[01/08/2021 19:37:32] /a
[01/08/2021 19:37:32] /a
[01/08/2021 19:37:32] /a
[01/08/2021 19:37:32] /a
[01/08/2021 19:37:32] /a
[01/08/2021 19:37:32] /a
[01/08/2021 19:37:32] /a
[01/08/2021 19:37:33] /a
[01/08/2021 19:37:33] /a
[01/08/2021 19:37:33] /a
[01/08/2021 19:37:33] /a
[01/08/2021 19:37:33] /a
[01/08/2021 19:37:33] /a
[01/08/2021 19:37:34] /a
[01/08/2021 19:37:34] /a
[01/08/2021 19:37:34] /a
[01/08/2021 19:37:34] /a
[01/08/2021 19:37:35] /a
[01/08/2021 19:37:35] /a
[01/08/2021 19:37:36] /a
[01/08/2021 19:37:36] /a
[01/08/2021 19:37:36] /a
[01/08/2021 19:37:36] /a
[01/08/2021 19:37:36] /a
[01/08/2021 19:37:37] /a
[01/08/2021 19:37:38] /a
[01/08/2021 19:37:39] /a
[01/08/2021 19:37:39] /a
[01/08/2021 19:37:39] /a
[01/08/2021 19:37:39] /a
[01/08/2021 19:37:41] /a
[01/08/2021 19:37:41] /a
[01/08/2021 19:37:42] /a
[01/08/2021 19:37:42] /a
[01/08/2021 19:37:42] /a
[01/08/2021 19:38:10] /a
[01/08/2021 19:38:10] /a
[01/08/2021 19:38:12] /a
[01/08/2021 19:39:05] /goto Druid Master
[01/08/2021 19:39:19] /c mateus
[01/08/2021 19:39:25] /a
[01/08/2021 19:39:25] /a
[01/08/2021 19:39:26] /a
[01/08/2021 19:39:26] /a
[01/08/2021 19:42:11] /a
[01/08/2021 19:42:12] /a
[01/08/2021 19:42:13] /a
[01/08/2021 19:42:13] /a
[01/08/2021 19:42:15] /a
[01/08/2021 19:42:16] /a
[01/08/2021 19:42:16] /a
[01/08/2021 19:42:17] /a
[01/08/2021 19:42:19] /a
[01/08/2021 19:42:21] /a
[01/08/2021 19:42:22] /a
[01/08/2021 19:42:22] /a
[01/08/2021 19:42:24] /a
[01/08/2021 19:42:24] /a
[01/08/2021 19:42:24] /a
[01/08/2021 19:42:25] /a
[01/08/2021 19:42:25] /a
[01/08/2021 19:44:39] /goto clasus
[01/08/2021 19:44:40] /t
[01/08/2021 19:47:09] /reload actions
[01/08/2021 19:48:08] /goto mateus
[01/08/2021 19:48:10] /a
[01/08/2021 19:48:11] /a
[01/08/2021 19:48:11] /a
[01/08/2021 19:48:11] /a
[01/08/2021 19:48:11] /a
[01/08/2021 19:48:11] /a
[01/08/2021 19:48:11] /a
[01/08/2021 19:48:11] /a
[01/08/2021 19:48:11] /a
[01/08/2021 19:48:11] /a
[01/08/2021 19:48:11] /a
[01/08/2021 19:48:11] /a
[01/08/2021 19:48:11] /a
[01/08/2021 19:48:11] /a
[01/08/2021 19:48:11] /a
[01/08/2021 19:48:11] /a
[01/08/2021 19:48:11] /a
[01/08/2021 19:48:11] /a
[01/08/2021 19:48:11] /a
[01/08/2021 19:48:11] /a
[01/08/2021 19:48:12] /a
[01/08/2021 19:48:12] /a
[01/08/2021 19:48:12] /a
[01/08/2021 19:48:12] /a
[01/08/2021 19:48:16] /a
[01/08/2021 19:48:17] /a
[01/08/2021 19:48:17] /a
[01/08/2021 19:48:17] /a
[01/08/2021 19:48:17] /a
[01/08/2021 19:48:17] /a
[01/08/2021 19:48:17] /a
[01/08/2021 19:48:17] /a
[01/08/2021 19:48:17] /a
[01/08/2021 19:48:17] /a
[01/08/2021 19:48:17] /a
[01/08/2021 19:48:17] /a
[01/08/2021 19:48:17] /a
[01/08/2021 19:48:17] /a
[01/08/2021 19:48:17] /a
[01/08/2021 19:48:17] /a
[01/08/2021 19:48:17] /a
[01/08/2021 19:48:17] /a
[01/08/2021 19:48:17] /a
[01/08/2021 19:48:17] /a
[01/08/2021 19:48:17] /a
[01/08/2021 19:48:18] /a
[01/08/2021 19:48:18] /a
[01/08/2021 19:48:18] /a
[01/08/2021 19:48:18] /a
[01/08/2021 19:48:18] /a
[01/08/2021 19:48:18] /a
[01/08/2021 19:48:18] /a
[01/08/2021 19:48:18] /a
[01/08/2021 19:48:18] /a
[01/08/2021 19:48:18] /a
[01/08/2021 19:48:18] /a
[01/08/2021 19:48:18] /a
[01/08/2021 19:48:18] /a
[01/08/2021 19:48:18] /a
[01/08/2021 19:48:18] /a
[01/08/2021 19:48:18] /a
[01/08/2021 19:48:18] /a
[01/08/2021 19:48:19] /a
[01/08/2021 19:48:19] /a
[01/08/2021 19:48:19] /a
[01/08/2021 19:48:19] /a
[01/08/2021 19:48:19] /a
[01/08/2021 19:48:19] /a
[01/08/2021 19:48:19] /a
[01/08/2021 19:48:19] /a
[01/08/2021 19:48:19] /a
[01/08/2021 19:48:20] /a
[01/08/2021 19:48:20] /a
[01/08/2021 19:48:20] /a
[01/08/2021 19:48:20] /a
[01/08/2021 19:48:21] /a
[01/08/2021 19:48:21] /a
[01/08/2021 19:48:21] /a
[01/08/2021 19:48:21] /a
[01/08/2021 19:48:21] /a
[01/08/2021 19:48:21] /a
[01/08/2021 19:48:21] /a
[01/08/2021 19:48:21] /a
[01/08/2021 19:48:21] /a
[01/08/2021 19:48:21] /a
[01/08/2021 19:48:21] /a
[01/08/2021 19:48:21] /a
[01/08/2021 19:48:21] /a
[01/08/2021 19:48:21] /a
[01/08/2021 19:48:22] /a
[01/08/2021 19:48:22] /a
[01/08/2021 19:48:22] /a
[01/08/2021 19:48:22] /a
[01/08/2021 19:48:22] /a
[01/08/2021 19:48:22] /a
[01/08/2021 19:48:22] /a
[01/08/2021 19:48:22] /a
[01/08/2021 19:48:22] /a
[01/08/2021 19:48:22] /a
[01/08/2021 19:48:22] /a
[01/08/2021 19:48:22] /a
[01/08/2021 19:48:22] /a
[01/08/2021 19:48:22] /a
[01/08/2021 19:48:22] /a
[01/08/2021 19:48:22] /a
[01/08/2021 19:48:22] /a
[01/08/2021 19:48:22] /a
[01/08/2021 19:48:22] /a
[01/08/2021 19:48:22] /a
[01/08/2021 19:48:22] /a
[01/08/2021 19:48:22] /a
[01/08/2021 19:48:22] /a
[01/08/2021 19:48:22] /a
[01/08/2021 19:48:22] /a
[01/08/2021 19:48:22] /a
[01/08/2021 19:48:22] /a
[01/08/2021 19:48:22] /a
[01/08/2021 19:48:22] /a
[01/08/2021 19:48:22] /a
[01/08/2021 19:48:23] /a
[01/08/2021 19:48:23] /a
[01/08/2021 19:48:23] /a
[01/08/2021 19:48:23] /a
[01/08/2021 19:48:23] /a
[01/08/2021 19:48:23] /a
[01/08/2021 19:48:23] /a
[01/08/2021 19:48:23] /a
[01/08/2021 19:48:23] /a
[01/08/2021 19:48:23] /a
[01/08/2021 19:48:23] /a
[01/08/2021 19:48:23] /a
[01/08/2021 19:48:23] /a
[01/08/2021 19:48:23] /a
[01/08/2021 19:48:23] /a
[01/08/2021 19:48:23] /a
[01/08/2021 19:48:23] /a
[01/08/2021 19:48:23] /a
[01/08/2021 19:48:23] /a
[01/08/2021 19:48:23] /a
[01/08/2021 19:48:23] /a
[01/08/2021 19:48:23] /a
[01/08/2021 19:48:24] /a
[01/08/2021 19:48:24] /a
[01/08/2021 19:48:24] /a
[01/08/2021 19:48:24] /a
[01/08/2021 19:48:24] /a
[01/08/2021 19:48:24] /a
[01/08/2021 19:48:24] /a
[01/08/2021 19:48:24] /a
[01/08/2021 19:48:24] /a
[01/08/2021 19:48:24] /a
[01/08/2021 19:48:24] /a
[01/08/2021 19:48:25] /a
[01/08/2021 19:48:25] /a
[01/08/2021 19:48:25] /a
[01/08/2021 19:48:25] /a
[01/08/2021 19:48:25] /a
[01/08/2021 19:48:25] /a
[01/08/2021 19:48:25] /a
[01/08/2021 19:48:25] /a
[01/08/2021 19:48:25] /a
[01/08/2021 19:48:25] /a
[01/08/2021 19:48:25] /a
[01/08/2021 19:48:25] /a
[01/08/2021 19:48:25] /a
[01/08/2021 19:48:25] /a
[01/08/2021 19:48:26] /a
[01/08/2021 19:48:26] /a
[01/08/2021 19:48:26] /a
[01/08/2021 19:48:26] /a
[01/08/2021 19:48:26] /a
[01/08/2021 19:48:26] /a
[01/08/2021 19:48:26] /a
[01/08/2021 19:48:26] /a
[01/08/2021 19:48:26] /a
[01/08/2021 19:48:26] /a
[01/08/2021 19:48:26] /a
[01/08/2021 19:48:26] /a
[01/08/2021 19:48:26] /a
[01/08/2021 19:48:26] /a
[01/08/2021 19:48:26] /a
[01/08/2021 19:48:26] /a
[01/08/2021 19:48:26] /a
[01/08/2021 19:48:26] /a
[01/08/2021 19:48:26] /a
[01/08/2021 19:48:26] /a
[01/08/2021 19:48:26] /a
[01/08/2021 19:48:26] /a
[01/08/2021 19:48:26] /a
[01/08/2021 19:48:26] /a
[01/08/2021 19:48:26] /a
[01/08/2021 19:48:26] /a
[01/08/2021 19:48:26] /a
[01/08/2021 19:48:26] /a
[01/08/2021 19:48:26] /a
[01/08/2021 19:48:26] /a
[01/08/2021 19:48:27] /a
[01/08/2021 19:48:27] /a
[01/08/2021 19:48:27] /a
[01/08/2021 19:48:27] /a
[01/08/2021 19:48:27] /a
[01/08/2021 19:48:27] /a
[01/08/2021 19:48:27] /a
[01/08/2021 19:48:27] /a
[01/08/2021 19:48:28] /a
[01/08/2021 19:48:28] /a
[01/08/2021 19:48:28] /a
[01/08/2021 19:48:28] /a
[01/08/2021 19:48:28] /a
[01/08/2021 19:48:28] /a
[01/08/2021 19:48:28] /a
[01/08/2021 19:48:28] /a
[01/08/2021 19:48:28] /a
[01/08/2021 19:48:28] /a
[01/08/2021 19:48:28] /a
[01/08/2021 19:48:28] /a
[01/08/2021 19:48:28] /a
[01/08/2021 19:48:28] /a
[01/08/2021 19:48:28] /a
[01/08/2021 19:48:28] /a
[01/08/2021 19:48:28] /a
[01/08/2021 19:48:28] /a
[01/08/2021 19:48:28] /a
[01/08/2021 19:48:28] /a
[01/08/2021 19:48:28] /a
[01/08/2021 19:48:28] /a
[01/08/2021 19:48:28] /a
[01/08/2021 19:48:28] /a
[01/08/2021 19:48:28] /a
[01/08/2021 19:48:28] /a
[01/08/2021 19:48:28] /a
[01/08/2021 19:48:28] /a
[01/08/2021 19:48:29] /a
[01/08/2021 19:48:29] /a
[01/08/2021 19:48:29] /a
[01/08/2021 19:48:29] /a
[01/08/2021 19:48:29] /a
[01/08/2021 19:48:29] /a
[01/08/2021 19:48:29] /a
[01/08/2021 19:48:29] /a
[01/08/2021 19:48:29] /a
[01/08/2021 19:48:29] /a
[01/08/2021 19:48:29] /a
[01/08/2021 19:48:29] /a
[01/08/2021 19:48:29] /a
[01/08/2021 19:48:29] /a
[01/08/2021 19:48:29] /a
[01/08/2021 19:48:29] /a
[01/08/2021 19:48:29] /a
[01/08/2021 19:48:29] /a
[01/08/2021 19:48:29] /a
[01/08/2021 19:48:29] /a
[01/08/2021 19:48:29] /a
[01/08/2021 19:48:29] /a
[01/08/2021 19:48:29] /a
[01/08/2021 19:48:29] /a
[01/08/2021 19:48:29] /a
[01/08/2021 19:48:29] /a
[01/08/2021 19:48:29] /a
[01/08/2021 19:48:29] /a
[01/08/2021 19:48:29] /a
[01/08/2021 19:48:29] /a
[01/08/2021 19:48:30] /a
[01/08/2021 19:48:30] /a
[01/08/2021 19:48:30] /a
[01/08/2021 19:48:30] /a
[01/08/2021 19:48:30] /a
[01/08/2021 19:48:30] /a
[01/08/2021 19:48:30] /a
[01/08/2021 19:48:31] /a
[01/08/2021 19:48:31] /a
[01/08/2021 19:48:31] /a
[01/08/2021 19:48:31] /a
[01/08/2021 19:48:31] /a
[01/08/2021 19:48:31] /a
[01/08/2021 19:48:31] /a
[01/08/2021 19:48:31] /a
[01/08/2021 19:48:31] /a
[01/08/2021 19:48:31] /a
[01/08/2021 19:48:31] /a
[01/08/2021 19:48:31] /a
[01/08/2021 19:48:31] /a
[01/08/2021 19:48:31] /a
[01/08/2021 19:48:31] /a
[01/08/2021 19:48:31] /a
[01/08/2021 19:48:31] /a
[01/08/2021 19:48:31] /a
[01/08/2021 19:48:31] /a
[01/08/2021 19:48:31] /a
[01/08/2021 19:48:31] /a
[01/08/2021 19:48:31] /a
[01/08/2021 19:48:31] /a
[01/08/2021 19:48:31] /a
[01/08/2021 19:48:31] /a
[01/08/2021 19:48:31] /a
[01/08/2021 19:48:31] /a
[01/08/2021 19:48:31] /a
[01/08/2021 19:48:31] /a
[01/08/2021 19:48:32] /a
[01/08/2021 19:48:32] /a
[01/08/2021 19:48:32] /a
[01/08/2021 19:48:32] /a
[01/08/2021 19:48:32] /a
[01/08/2021 19:48:32] /a
[01/08/2021 19:48:33] /a
[01/08/2021 19:48:33] /a
[01/08/2021 19:48:33] /a
[01/08/2021 19:48:33] /a
[01/08/2021 19:48:33] /a
[01/08/2021 19:48:33] /a
[01/08/2021 19:48:33] /a
[01/08/2021 19:48:33] /a
[01/08/2021 19:48:33] /a
[01/08/2021 19:48:33] /a
[01/08/2021 19:48:33] /a
[01/08/2021 19:48:33] /a
[01/08/2021 19:48:33] /a
[01/08/2021 19:48:33] /a
[01/08/2021 19:48:33] /a
[01/08/2021 19:48:33] /a
[01/08/2021 19:48:33] /a
[01/08/2021 19:48:33] /a
[01/08/2021 19:48:33] /a
[01/08/2021 19:48:33] /a
[01/08/2021 19:48:33] /a
[01/08/2021 19:48:33] /a
[01/08/2021 19:48:33] /a
[01/08/2021 19:48:33] /a
[01/08/2021 19:48:33] /a
[01/08/2021 19:48:33] /a
[01/08/2021 19:48:34] /a
[01/08/2021 19:48:34] /a
[01/08/2021 19:48:34] /a
[01/08/2021 19:48:34] /a
[01/08/2021 19:48:34] /a
[01/08/2021 19:48:34] /a
[01/08/2021 19:48:34] /a
[01/08/2021 19:48:34] /a
[01/08/2021 19:48:34] /a
[01/08/2021 19:48:34] /a
[01/08/2021 19:48:34] /a
[01/08/2021 19:48:34] /a
[01/08/2021 19:48:34] /a
[01/08/2021 19:48:35] /a
[01/08/2021 19:48:35] /a
[01/08/2021 19:48:35] /a
[01/08/2021 19:48:35] /a
[01/08/2021 19:48:35] /a
[01/08/2021 19:48:35] /a
[01/08/2021 19:48:35] /a
[01/08/2021 19:48:35] /a
[01/08/2021 19:48:35] /a
[01/08/2021 19:48:35] /a
[01/08/2021 19:48:35] /a
[01/08/2021 19:48:35] /a
[01/08/2021 19:48:35] /a
[01/08/2021 19:48:35] /a
[01/08/2021 19:48:35] /a
[01/08/2021 19:48:35] /a
[01/08/2021 19:48:35] /a
[01/08/2021 19:48:35] /a
[01/08/2021 19:48:35] /a
[01/08/2021 19:48:35] /a
[01/08/2021 19:48:35] /a
[01/08/2021 19:48:35] /a
[01/08/2021 19:48:35] /a
[01/08/2021 19:48:35] /a
[01/08/2021 19:48:35] /a
[01/08/2021 19:48:35] /a
[01/08/2021 19:48:35] /a
[01/08/2021 19:48:36] /a
[01/08/2021 19:48:36] /a
[01/08/2021 19:48:36] /a
[01/08/2021 19:48:36] /a
[01/08/2021 19:48:36] /a
[01/08/2021 19:48:36] /a
[01/08/2021 19:48:36] /a
[01/08/2021 19:48:36] /a
[01/08/2021 19:48:36] /a
[01/08/2021 19:48:36] /a
[01/08/2021 19:48:36] /a
[01/08/2021 19:48:36] /a
[01/08/2021 19:48:36] /a
[01/08/2021 19:48:36] /a
[01/08/2021 19:48:36] /a
[01/08/2021 19:48:37] /a
[01/08/2021 19:48:37] /a
[01/08/2021 19:48:37] /a
[01/08/2021 19:48:37] /a
[01/08/2021 19:48:37] /a
[01/08/2021 19:48:37] /a
[01/08/2021 19:48:37] /a
[01/08/2021 19:48:37] /a
[01/08/2021 19:48:37] /a
[01/08/2021 19:48:37] /a
[01/08/2021 19:48:37] /a
[01/08/2021 19:48:37] /a
[01/08/2021 19:48:37] /a
[01/08/2021 19:48:37] /a
[01/08/2021 19:48:37] /a
[01/08/2021 19:48:37] /a
[01/08/2021 19:48:37] /a
[01/08/2021 19:48:37] /a
[01/08/2021 19:48:37] /a
[01/08/2021 19:48:37] /a
[01/08/2021 19:48:37] /a
[01/08/2021 19:48:37] /a
[01/08/2021 19:48:37] /a
[01/08/2021 19:48:37] /a
[01/08/2021 19:48:37] /a
[01/08/2021 19:48:37] /a
[01/08/2021 19:48:37] /a
[01/08/2021 19:48:37] /a
[01/08/2021 19:48:37] /a
[01/08/2021 19:48:37] /a
[01/08/2021 19:48:37] /a
[01/08/2021 19:48:38] /a
[01/08/2021 19:48:38] /a
[01/08/2021 19:48:38] /a
[01/08/2021 19:48:38] /a
[01/08/2021 19:48:38] /a
[01/08/2021 19:48:38] /a
[01/08/2021 19:48:38] /a
[01/08/2021 19:48:38] /a
[01/08/2021 19:48:38] /a
[01/08/2021 19:48:38] /a
[01/08/2021 19:48:38] /a
[01/08/2021 19:48:38] /a
[01/08/2021 19:48:38] /a
[01/08/2021 19:48:38] /a
[01/08/2021 19:48:38] /a
[01/08/2021 19:48:38] /a
[01/08/2021 19:48:38] /a
[01/08/2021 19:48:39] /a
[01/08/2021 19:49:01] /goto yalahari
[01/08/2021 19:49:02] /a
[01/08/2021 19:49:02] /a
[01/08/2021 19:49:02] /a
[01/08/2021 19:49:02] /a
[01/08/2021 19:49:02] /a
[01/08/2021 19:49:02] /a
[01/08/2021 19:49:02] /a
[01/08/2021 19:49:02] /a
[01/08/2021 19:49:02] /a
[01/08/2021 19:49:02] /a
[01/08/2021 19:49:02] /a
[01/08/2021 19:49:02] /a
[01/08/2021 19:49:02] /a
[01/08/2021 19:49:02] /a
[01/08/2021 19:49:02] /a
[01/08/2021 19:49:03] /a
[01/08/2021 19:49:03] /a
[01/08/2021 19:49:03] /a
[01/08/2021 19:49:03] /a
[01/08/2021 19:49:03] /a
[01/08/2021 19:49:03] /a
[01/08/2021 19:49:03] /a
[01/08/2021 19:49:03] /a
[01/08/2021 19:49:03] /a
[01/08/2021 19:49:03] /a
[01/08/2021 19:49:03] /a
[01/08/2021 19:49:03] /a
[01/08/2021 19:49:03] /a
[01/08/2021 19:49:03] /a
[01/08/2021 19:49:03] /a
[01/08/2021 19:49:03] /a
[01/08/2021 19:49:03] /a
[01/08/2021 19:49:03] /a
[01/08/2021 19:49:03] /a
[01/08/2021 19:49:03] /a
[01/08/2021 19:49:03] /a
[01/08/2021 19:49:03] /a
[01/08/2021 19:49:03] /a
[01/08/2021 19:49:03] /a
[01/08/2021 19:49:03] /a
[01/08/2021 19:49:03] /a
[01/08/2021 19:49:03] /a
[01/08/2021 19:49:03] /a
[01/08/2021 19:49:03] /a
[01/08/2021 19:49:03] /a
[01/08/2021 19:49:04] /a
[01/08/2021 19:49:04] /a
[01/08/2021 19:49:04] /a
[01/08/2021 19:49:04] /a
[01/08/2021 19:49:04] /a
[01/08/2021 19:49:04] /a
[01/08/2021 19:49:04] /a
[01/08/2021 19:49:04] /a
[01/08/2021 19:49:04] /a
[01/08/2021 19:49:04] /a
[01/08/2021 19:49:04] /a
[01/08/2021 19:49:04] /a
[01/08/2021 19:49:04] /a
[01/08/2021 19:49:04] /a
[01/08/2021 19:49:04] /a
[01/08/2021 19:49:04] /a
[01/08/2021 19:49:04] /a
[01/08/2021 19:49:04] /a
[01/08/2021 19:49:04] /a
[01/08/2021 19:49:04] /a
[01/08/2021 19:49:04] /a
[01/08/2021 19:49:04] /a
[01/08/2021 19:49:04] /a
[01/08/2021 19:49:04] /a
[01/08/2021 19:49:04] /a
[01/08/2021 19:49:04] /a
[01/08/2021 19:49:04] /a
[01/08/2021 19:49:04] /a
[01/08/2021 19:49:04] /a
[01/08/2021 19:49:04] /a
[01/08/2021 19:49:05] /a
[01/08/2021 19:49:05] /a
[01/08/2021 19:49:05] /a
[01/08/2021 19:49:05] /a
[01/08/2021 19:49:05] /a
[01/08/2021 19:49:05] /a
[01/08/2021 19:49:05] /a
[01/08/2021 19:49:05] /a
[01/08/2021 19:49:05] /a
[01/08/2021 19:49:05] /a
[01/08/2021 19:49:05] /a
[01/08/2021 19:49:05] /a
[01/08/2021 19:49:05] /a
[01/08/2021 19:49:05] /a
[01/08/2021 19:49:05] /a
[01/08/2021 19:49:05] /a
[01/08/2021 19:49:05] /a
[01/08/2021 19:49:05] /a
[01/08/2021 19:49:05] /a
[01/08/2021 19:49:05] /a
[01/08/2021 19:49:05] /a
[01/08/2021 19:49:05] /a
[01/08/2021 19:49:05] /a
[01/08/2021 19:49:05] /a
[01/08/2021 19:49:05] /a
[01/08/2021 19:49:05] /a
[01/08/2021 19:49:05] /a
[01/08/2021 19:49:05] /a
[01/08/2021 19:49:05] /a
[01/08/2021 19:49:05] /a
[01/08/2021 19:49:06] /a
[01/08/2021 19:49:06] /a
[01/08/2021 19:49:06] /a
[01/08/2021 19:49:06] /a
[01/08/2021 19:49:06] /a
[01/08/2021 19:49:07] /a
[01/08/2021 19:49:07] /a
[01/08/2021 19:49:07] /a
[01/08/2021 19:49:07] /a
[01/08/2021 19:49:07] /a
[01/08/2021 19:49:07] /a
[01/08/2021 19:49:07] /a
[01/08/2021 19:49:07] /a
[01/08/2021 19:49:07] /a
[01/08/2021 19:49:07] /a
[01/08/2021 19:49:07] /a
[01/08/2021 19:49:07] /a
[01/08/2021 19:49:08] /a
[01/08/2021 19:49:08] /a
[01/08/2021 19:49:08] /a
[01/08/2021 19:49:08] /a
[01/08/2021 19:49:08] /a
[01/08/2021 19:49:08] /a
[01/08/2021 19:49:08] /a
[01/08/2021 19:49:08] /a
[01/08/2021 19:49:08] /a
[01/08/2021 19:49:08] /a
[01/08/2021 19:49:08] /a
[01/08/2021 19:49:08] /a
[01/08/2021 19:49:08] /a
[01/08/2021 19:49:08] /a
[01/08/2021 19:49:08] /a
[01/08/2021 19:49:08] /a
[01/08/2021 19:49:08] /a
[01/08/2021 19:49:08] /a
[01/08/2021 19:49:08] /a
[01/08/2021 19:49:08] /a
[01/08/2021 19:49:08] /a
[01/08/2021 19:49:08] /a
[01/08/2021 19:49:08] /a
[01/08/2021 19:49:08] /a
[01/08/2021 19:49:08] /a
[01/08/2021 19:49:08] /a
[01/08/2021 19:49:08] /a
[01/08/2021 19:49:09] /a
[01/08/2021 19:49:09] /a
[01/08/2021 19:49:09] /a
[01/08/2021 19:49:09] /a
[01/08/2021 19:49:09] /a
[01/08/2021 19:49:09] /a
[01/08/2021 19:49:09] /a
[01/08/2021 19:49:09] /a
[01/08/2021 19:49:09] /a
[01/08/2021 19:49:09] /a
[01/08/2021 19:49:09] /a
[01/08/2021 19:49:09] /a
[01/08/2021 19:49:10] /a
[01/08/2021 19:49:10] /a
[01/08/2021 19:49:10] /a
[01/08/2021 19:49:10] /a
[01/08/2021 19:49:10] /a
[01/08/2021 19:49:10] /a
[01/08/2021 19:49:10] /a
[01/08/2021 19:49:10] /a
[01/08/2021 19:49:10] /a
[01/08/2021 19:49:10] /a
[01/08/2021 19:49:11] /a
[01/08/2021 19:49:11] /a
[01/08/2021 19:49:11] /a
[01/08/2021 19:49:11] /a
[01/08/2021 19:49:11] /a
[01/08/2021 19:49:11] /a
[01/08/2021 19:49:11] /a
[01/08/2021 19:49:11] /a
[01/08/2021 19:49:11] /a
[01/08/2021 19:49:11] /a
[01/08/2021 19:49:11] /a
[01/08/2021 19:49:11] /a
[01/08/2021 19:49:11] /a
[01/08/2021 19:49:11] /a
[01/08/2021 19:49:11] /a
[01/08/2021 19:49:11] /a
[01/08/2021 19:49:11] /a
[01/08/2021 19:49:11] /a
[01/08/2021 19:49:11] /a
[01/08/2021 19:49:11] /a
[01/08/2021 19:49:11] /a
[01/08/2021 19:49:11] /a
[01/08/2021 19:49:11] /a
[01/08/2021 19:49:11] /a
[01/08/2021 19:49:12] /a
[01/08/2021 19:49:12] /a
[01/08/2021 19:49:12] /a
[01/08/2021 19:49:12] /a
[01/08/2021 19:49:12] /a
[01/08/2021 19:49:12] /a
[01/08/2021 19:49:12] /a
[01/08/2021 19:49:12] /a
[01/08/2021 19:49:12] /a
[01/08/2021 19:49:12] /a
[01/08/2021 19:49:13] /a
[01/08/2021 19:49:13] /a
[01/08/2021 19:49:13] /a
[01/08/2021 19:49:13] /a
[01/08/2021 19:49:13] /a
[01/08/2021 19:49:13] /a
[01/08/2021 19:49:13] /a
[01/08/2021 19:49:13] /a
[01/08/2021 19:49:13] /a
[01/08/2021 19:49:13] /a
[01/08/2021 19:49:13] /a
[01/08/2021 19:49:13] /a
[01/08/2021 19:49:13] /a
[01/08/2021 19:49:13] /a
[01/08/2021 19:49:13] /a
[01/08/2021 19:49:13] /a
[01/08/2021 19:49:13] /a
[01/08/2021 19:49:13] /a
[01/08/2021 19:49:13] /a
[01/08/2021 19:49:14] /a
[01/08/2021 19:49:14] /a
[01/08/2021 19:49:14] /a
[01/08/2021 19:49:14] /a
[01/08/2021 19:49:14] /a
[01/08/2021 19:49:15] /a
[01/08/2021 19:49:15] /a
[01/08/2021 19:49:15] /a
[01/08/2021 19:49:15] /a
[01/08/2021 19:49:16] /a
[01/08/2021 19:49:41] /t
[01/08/2021 19:51:14] /ghost
[01/08/2021 19:52:54] /goto mahina
[01/08/2021 19:52:57] /c mateus
[01/08/2021 19:53:23] /a
[01/08/2021 19:54:55] /reload monster
[01/08/2021 19:55:39] /reload monster
[01/08/2021 19:56:01] /reload monster
[01/08/2021 19:57:03] /reload monster
[01/08/2021 19:58:11] /reload monster
[01/08/2021 19:59:20] /reload monster
[01/08/2021 20:00:42] /reload monster
[01/08/2021 20:01:39] /reload monster
[01/08/2021 20:02:22] /reload monster
[01/08/2021 20:02:28] /reload monster
[01/08/2021 20:02:38] /reload monster
[01/08/2021 20:02:40] /reload monster
[01/08/2021 20:03:56] /goto druid master
[01/08/2021 20:04:04] /goto pestana mage
[01/08/2021 20:04:06] /a
[01/08/2021 20:04:08] /ghost
[01/08/2021 20:04:37] /goto clasus
[01/08/2021 20:04:40] /a 2
[01/08/2021 20:05:35] /t
[01/08/2021 20:11:11] /goto mage of caos
[01/08/2021 20:11:23] /a
[01/08/2021 20:11:23] /a
[01/08/2021 20:11:23] /a
[01/08/2021 20:11:23] /a
[01/08/2021 20:11:23] /a
[01/08/2021 20:11:24] /a
[01/08/2021 20:11:24] /a
[01/08/2021 20:11:24] /a
[01/08/2021 20:11:24] /a
[01/08/2021 20:11:24] /a
[01/08/2021 20:11:24] /a
[01/08/2021 20:11:24] /a
[01/08/2021 20:11:24] /a
[01/08/2021 20:11:24] /a
[01/08/2021 20:11:24] /a
[01/08/2021 20:11:24] /a
[01/08/2021 20:11:24] /a
[01/08/2021 20:11:24] /a
[01/08/2021 20:11:24] /a
[01/08/2021 20:11:24] /a
[01/08/2021 20:11:24] /a
[01/08/2021 20:11:24] /a
[01/08/2021 20:11:24] /a
[01/08/2021 20:11:24] /a
[01/08/2021 20:11:24] /a
[01/08/2021 20:11:24] /a
[01/08/2021 20:11:24] /a
[01/08/2021 20:11:24] /a
[01/08/2021 20:11:24] /a
[01/08/2021 20:11:24] /a
[01/08/2021 20:11:25] /a
[01/08/2021 20:11:25] /a
[01/08/2021 20:11:25] /a
[01/08/2021 20:11:25] /a
[01/08/2021 20:11:25] /a
[01/08/2021 20:11:25] /a
[01/08/2021 20:11:25] /a
[01/08/2021 20:11:25] /a
[01/08/2021 20:11:25] /a
[01/08/2021 20:11:25] /a
[01/08/2021 20:11:26] /a
[01/08/2021 20:11:26] /a
[01/08/2021 20:11:26] /a
[01/08/2021 20:11:26] /a
[01/08/2021 20:11:26] /a
[01/08/2021 20:11:26] /a
[01/08/2021 20:11:26] /a
[01/08/2021 20:11:26] /a
[01/08/2021 20:11:26] /a
[01/08/2021 20:11:26] /a
[01/08/2021 20:11:27] /a
[01/08/2021 20:11:27] /a
[01/08/2021 20:11:27] /a
[01/08/2021 20:11:27] /a
[01/08/2021 20:11:28] /a
[01/08/2021 20:11:28] /a
[01/08/2021 20:11:28] /a
[01/08/2021 20:11:28] /a
[01/08/2021 20:11:29] /a
[01/08/2021 20:11:29] /a
[01/08/2021 20:11:33] /a
[01/08/2021 20:11:33] /a
[01/08/2021 20:11:33] /a
[01/08/2021 20:11:33] /a
[01/08/2021 20:11:34] /a
[01/08/2021 20:11:34] /a
[01/08/2021 20:11:34] /a
[01/08/2021 20:11:34] /a
[01/08/2021 20:11:34] /a
[01/08/2021 20:11:34] /a
[01/08/2021 20:22:34] /goto druid master
[01/08/2021 20:22:36] /goto druid master
[01/08/2021 20:22:46] /t
[01/08/2021 20:35:20] /goto druid master
[01/08/2021 20:35:22] /t
[01/08/2021 20:35:32] /goto kaio pally
[01/08/2021 20:35:46] /mc
[01/08/2021 20:36:22] /t
[01/08/2021 20:36:26] /up
[01/08/2021 20:36:30] /a 
[01/08/2021 20:36:32] /up
[01/08/2021 20:36:34] /up
[01/08/2021 20:36:35] /a
[01/08/2021 20:36:35] /a
[01/08/2021 20:36:35] /a
[01/08/2021 20:36:35] /a
[01/08/2021 20:36:37] /a
[01/08/2021 20:36:37] /a
[01/08/2021 20:36:37] /a
[01/08/2021 20:36:38] /a
[01/08/2021 20:36:38] /a
[01/08/2021 20:36:38] /a
[01/08/2021 20:36:38] /a
[01/08/2021 20:36:39] /a
[01/08/2021 20:36:39] /a
[01/08/2021 20:36:39] /a
[01/08/2021 20:36:39] /a
[01/08/2021 20:36:40] /a
[01/08/2021 20:36:46] /i 2137
[01/08/2021 20:36:56] /clean
[01/08/2021 20:37:01] /r
[01/08/2021 20:37:02] /t
[01/08/2021 20:37:10] /up
[01/08/2021 21:45:59] /goto kaio pally
[01/08/2021 21:46:07] /goto mage do caralho
[01/08/2021 21:46:09] /goto mage do caralho
[01/08/2021 21:46:11] /goto mage do caralho
[01/08/2021 21:46:19] /goto druid master
[01/08/2021 21:46:24] /goto kaio pally
[01/08/2021 21:46:26] /goto kaio pally
[01/08/2021 21:46:39] /goto pestana pally
[01/08/2021 21:46:48] /goto pestana paly
[01/08/2021 21:46:54] /t
[01/08/2021 21:47:35] /goto pestana paly
[01/08/2021 21:47:55] /goto poderoso kina
[01/08/2021 21:48:02] /goto mage of caos
[01/08/2021 21:48:29] /goto palyduuu
[01/08/2021 21:48:38] /t
[01/08/2021 21:48:59] /up
[01/08/2021 21:49:02] /save
[02/08/2021 17:56:25] /goto rashid
[02/08/2021 17:56:40] /r
[02/08/2021 17:56:42] /a
[02/08/2021 17:56:58] /goto druid master
[02/08/2021 17:57:00] /goto druid master
[02/08/2021 17:57:04] /goto druid master
[02/08/2021 17:57:25] /goto druid master
[02/08/2021 17:57:26] /goto druid master
[02/08/2021 17:57:30] /goto druid master
[02/08/2021 17:57:33] /goto druid master
[02/08/2021 17:57:37] /goto druid master
[02/08/2021 17:57:40] /goto druid master
[02/08/2021 17:57:41] /goto druid master
[02/08/2021 17:57:49] /goto druid master
[02/08/2021 17:57:54] /goto druid master
[02/08/2021 17:57:56] /goto druid master
[02/08/2021 17:59:01] /goto druid master
[02/08/2021 17:59:51] /up
[02/08/2021 17:59:54] /i elf arcanist
[02/08/2021 18:00:12] /i might ring
[02/08/2021 18:00:25] /i elven amulet
[02/08/2021 18:00:55] /t
[02/08/2021 18:02:14] /up
[02/08/2021 18:02:15] /up
[02/08/2021 18:02:23] /m elf arcanist
[02/08/2021 18:02:36] /m elf arcanist
[02/08/2021 18:02:37] /m elf arcanist
[02/08/2021 18:02:47] /m elf arcanist
[02/08/2021 18:02:47] /m elf arcanist
[02/08/2021 18:02:48] /m elf arcanist
[02/08/2021 18:02:48] /m elf arcanist
[02/08/2021 18:03:04] /m elf arcanist
[02/08/2021 18:03:05] /m elf arcanist
[02/08/2021 18:03:05] /m elf arcanist
[02/08/2021 18:03:06] /m elf arcanist
[02/08/2021 18:03:06] /m elf arcanist
[02/08/2021 18:03:07] /m elf arcanist
[02/08/2021 18:03:24] /goto elf arcanist
[02/08/2021 18:03:28] /goto elf arcanist
[02/08/2021 18:03:56] /t
[02/08/2021 18:04:10] /c druid master
[02/08/2021 18:06:00] /goto druid master
[02/08/2021 18:06:36] /t
[02/08/2021 18:07:00] /goto kaio pally
[02/08/2021 18:07:10] /t
[02/08/2021 18:07:13] /up
[02/08/2021 18:07:14] /up
[02/08/2021 18:42:46] /goto palyduuu
[02/08/2021 18:42:48] /goto palyduuu
[02/08/2021 18:42:50] /goto palyduuu
[02/08/2021 18:42:55] /goto palyduuu
[02/08/2021 18:43:03] /goto palyduuu
[02/08/2021 18:43:43] /mc
[02/08/2021 18:45:24] /t
[02/08/2021 18:45:44] /a 20
[02/08/2021 18:51:56] /goto druid master
[02/08/2021 18:52:09] /a
[02/08/2021 18:52:10] /a
[02/08/2021 18:52:10] /a
[02/08/2021 18:52:10] /a
[02/08/2021 18:52:10] /a
[02/08/2021 18:52:11] /a
[02/08/2021 18:52:11] /a
[02/08/2021 18:52:11] /a
[02/08/2021 18:52:12] /a
[02/08/2021 18:52:12] /a
[02/08/2021 18:52:12] /a
[02/08/2021 18:52:13] /a
[02/08/2021 18:52:52] /a
[02/08/2021 18:52:52] /a
[02/08/2021 18:52:52] /a
[02/08/2021 18:52:52] /a
[02/08/2021 18:52:53] /a
[02/08/2021 18:52:53] /a
[02/08/2021 18:52:53] /a
[02/08/2021 18:52:56] /a
[02/08/2021 18:52:57] /a
[02/08/2021 18:52:57] /a
[02/08/2021 18:52:57] /a
[02/08/2021 18:52:57] /a
[02/08/2021 18:52:57] /a
[02/08/2021 18:52:57] /a
[02/08/2021 18:52:58] /a
[02/08/2021 18:52:59] /a
[02/08/2021 18:52:59] /a
[02/08/2021 18:52:59] /a
[02/08/2021 18:52:59] /a
[02/08/2021 18:52:59] /a
[02/08/2021 18:52:59] /a
[02/08/2021 18:52:59] /a
[02/08/2021 18:53:00] /a
[02/08/2021 18:53:00] /a
[02/08/2021 18:53:00] /a
[02/08/2021 18:53:00] /a
[02/08/2021 18:53:00] /a
[02/08/2021 18:53:00] /a
[02/08/2021 18:53:01] /a
[02/08/2021 18:53:01] /a
[02/08/2021 18:53:01] /a
[02/08/2021 18:53:02] /a
[02/08/2021 18:53:03] /a
[02/08/2021 18:53:04] /a
[02/08/2021 18:53:07] /a
[02/08/2021 18:54:35] /goto druid master
[02/08/2021 18:54:38] /a
[02/08/2021 18:54:39] /a
[02/08/2021 18:54:39] /a
[02/08/2021 18:54:39] /a
[02/08/2021 18:54:39] /a
[02/08/2021 18:54:48] /a
[02/08/2021 18:54:48] /a
[02/08/2021 18:54:48] /a
[02/08/2021 18:54:49] /a
[02/08/2021 18:54:49] /a
[02/08/2021 18:54:50] /a
[02/08/2021 18:54:50] /a
[02/08/2021 18:54:55] /goto druid master
[02/08/2021 18:55:07] /goto druid master
[02/08/2021 18:55:10] /a
[02/08/2021 18:55:10] /a
[02/08/2021 18:55:10] /a
[02/08/2021 18:55:11] /a
[02/08/2021 18:55:11] /a
[02/08/2021 18:55:11] /a
[02/08/2021 18:55:11] /a
[02/08/2021 18:55:11] /a
[02/08/2021 18:55:11] /a
[02/08/2021 18:55:11] /a
[02/08/2021 18:55:11] /a
[02/08/2021 18:55:11] /a
[02/08/2021 18:55:11] /a
[02/08/2021 18:55:11] /a
[02/08/2021 18:55:11] /a
[02/08/2021 18:55:11] /a
[02/08/2021 18:55:11] /a
[02/08/2021 18:55:11] /a
[02/08/2021 18:55:11] /a
[02/08/2021 18:55:11] /a
[02/08/2021 18:55:11] /a
[02/08/2021 18:55:11] /a
[02/08/2021 18:55:12] /a
[02/08/2021 18:55:12] /a
[02/08/2021 18:55:12] /a
[02/08/2021 18:55:12] /a
[02/08/2021 18:55:12] /a
[02/08/2021 18:55:12] /a
[02/08/2021 18:55:12] /a
[02/08/2021 18:55:12] /a
[02/08/2021 18:55:12] /a
[02/08/2021 18:55:12] /a
[02/08/2021 18:55:12] /a
[02/08/2021 18:55:12] /a
[02/08/2021 18:55:12] /a
[02/08/2021 18:55:14] /goto druid master
[02/08/2021 18:55:22] /goto druid master
[02/08/2021 18:55:27] /goto druid master
[02/08/2021 18:55:33] /a
[02/08/2021 18:55:33] /a
[02/08/2021 18:55:33] /a
[02/08/2021 18:55:34] /a
[02/08/2021 18:55:34] /a
[02/08/2021 18:55:35] /a
[02/08/2021 18:55:35] /a
[02/08/2021 18:55:35] /a
[02/08/2021 18:55:35] /a
[02/08/2021 18:55:36] /a
[02/08/2021 18:55:36] /a
[02/08/2021 18:55:36] /a
[02/08/2021 18:55:36] /a
[02/08/2021 18:55:38] /a
[02/08/2021 18:55:38] /a
[02/08/2021 18:55:39] /a
[02/08/2021 18:55:39] /a
[02/08/2021 18:55:39] /a
[02/08/2021 18:55:39] /a
[02/08/2021 18:55:39] /a
[02/08/2021 18:55:39] /a
[02/08/2021 18:55:39] /a
[02/08/2021 18:55:40] /a
[02/08/2021 18:55:40] /a
[02/08/2021 18:55:40] /a
[02/08/2021 18:55:40] /a
[02/08/2021 18:55:40] /a
[02/08/2021 18:55:40] /a
[02/08/2021 18:55:40] /a
[02/08/2021 18:55:40] /a
[02/08/2021 18:55:40] /a
[02/08/2021 18:55:40] /a
[02/08/2021 18:55:41] /a
[02/08/2021 18:55:41] /a
[02/08/2021 18:55:41] /a
[02/08/2021 18:55:41] /a
[02/08/2021 18:55:41] /a
[02/08/2021 18:55:42] /a
[02/08/2021 18:55:43] /a
[02/08/2021 18:55:43] /a
[02/08/2021 18:55:50] /a
[02/08/2021 18:55:50] /a
[02/08/2021 18:55:50] /a
[02/08/2021 18:55:50] /a
[02/08/2021 18:55:50] /a
[02/08/2021 18:55:50] /a
[02/08/2021 18:55:50] /a
[02/08/2021 18:55:50] /a
[02/08/2021 18:55:51] /a
[02/08/2021 18:55:51] /a
[02/08/2021 18:55:51] /a
[02/08/2021 18:55:51] /a
[02/08/2021 18:55:51] /a
[02/08/2021 18:55:51] /a
[02/08/2021 18:55:54] /a
[02/08/2021 18:55:54] /a
[02/08/2021 18:55:55] /a
[02/08/2021 18:55:55] /a
[02/08/2021 18:55:55] /a
[02/08/2021 18:55:56] /a
[02/08/2021 18:55:56] /a
[02/08/2021 18:55:56] /a
[02/08/2021 18:55:57] /a
[02/08/2021 18:55:57] /a
[02/08/2021 18:55:57] /a
[02/08/2021 18:55:57] /a
[02/08/2021 18:55:57] /a
[02/08/2021 18:55:58] /a
[02/08/2021 18:56:03] /a
[02/08/2021 18:56:04] /a
[02/08/2021 18:56:04] /a
[02/08/2021 18:56:04] /a
[02/08/2021 18:56:05] /a
[02/08/2021 18:56:05] /a
[02/08/2021 18:56:06] /a
[02/08/2021 18:56:06] /a
[02/08/2021 18:56:06] /a
[02/08/2021 18:56:06] /a
[02/08/2021 18:56:07] /a
[02/08/2021 18:56:07] /a
[02/08/2021 18:56:07] /a
[02/08/2021 18:56:07] /a
[02/08/2021 18:56:07] /a
[02/08/2021 18:56:07] /a
[02/08/2021 18:56:07] /a
[02/08/2021 18:56:07] /a
[02/08/2021 18:56:07] /a
[02/08/2021 18:56:07] /a
[02/08/2021 18:56:07] /a
[02/08/2021 18:56:08] /a
[02/08/2021 18:56:09] /a
[02/08/2021 18:56:09] /a
[02/08/2021 18:56:09] /a
[02/08/2021 18:56:09] /a
[02/08/2021 18:56:09] /a
[02/08/2021 18:56:09] /a
[02/08/2021 18:56:09] /a
[02/08/2021 18:56:09] /a
[02/08/2021 18:56:09] /a
[02/08/2021 18:56:09] /a
[02/08/2021 18:56:10] /a
[02/08/2021 18:56:11] /a
[02/08/2021 18:56:12] /a
[02/08/2021 18:56:12] /a
[02/08/2021 18:56:12] /a
[02/08/2021 18:56:13] /a
[02/08/2021 18:56:13] /a
[02/08/2021 18:56:13] /a
[02/08/2021 18:56:13] /a
[02/08/2021 18:56:13] /a
[02/08/2021 18:56:13] /a
[02/08/2021 18:56:13] /a
[02/08/2021 18:56:13] /a
[02/08/2021 18:56:13] /a
[02/08/2021 18:56:13] /a
[02/08/2021 18:56:13] /a
[02/08/2021 18:56:13] /a
[02/08/2021 18:56:14] /a
[02/08/2021 18:56:14] /a
[02/08/2021 18:56:14] /a
[02/08/2021 18:56:14] /a
[02/08/2021 18:56:14] /a
[02/08/2021 18:56:14] /a
[02/08/2021 18:56:14] /a
[02/08/2021 18:56:14] /a
[02/08/2021 18:56:15] /a
[02/08/2021 18:56:15] /a
[02/08/2021 18:56:15] /a
[02/08/2021 18:56:15] /a
[02/08/2021 18:56:15] /a
[02/08/2021 18:56:15] /a
[02/08/2021 18:56:15] /a
[02/08/2021 18:56:15] /a
[02/08/2021 18:56:15] /a
[02/08/2021 18:56:15] /a
[02/08/2021 18:56:15] /a
[02/08/2021 18:56:15] /a
[02/08/2021 18:56:15] /a
[02/08/2021 18:56:15] /a
[02/08/2021 18:56:16] /a
[02/08/2021 18:56:16] /a
[02/08/2021 18:56:16] /a
[02/08/2021 18:56:16] /a
[02/08/2021 18:56:16] /a
[02/08/2021 18:56:16] /a
[02/08/2021 18:56:16] /a
[02/08/2021 18:56:16] /a
[02/08/2021 18:56:17] /a
[02/08/2021 18:56:17] /a
[02/08/2021 18:56:17] /a
[02/08/2021 18:56:17] /a
[02/08/2021 18:56:17] /a
[02/08/2021 18:56:17] /a
[02/08/2021 18:56:17] /a
[02/08/2021 18:56:17] /a
[02/08/2021 18:56:17] /a
[02/08/2021 18:56:17] /a
[02/08/2021 18:56:17] /a
[02/08/2021 18:56:17] /a
[02/08/2021 18:56:17] /a
[02/08/2021 18:56:18] /a
[02/08/2021 18:56:18] /a
[02/08/2021 18:56:18] /a
[02/08/2021 18:56:18] /a
[02/08/2021 18:56:18] /a
[02/08/2021 18:56:18] /a
[02/08/2021 18:56:18] /a
[02/08/2021 18:56:18] /a
[02/08/2021 18:56:18] /a
[02/08/2021 18:56:18] /a
[02/08/2021 18:56:18] /a
[02/08/2021 18:56:18] /a
[02/08/2021 18:56:18] /a
[02/08/2021 18:56:19] /a
[02/08/2021 18:56:20] /a
[02/08/2021 18:56:20] /a
[02/08/2021 18:56:21] /a
[02/08/2021 18:56:28] /a
[02/08/2021 18:56:28] /a
[02/08/2021 18:56:28] /a
[02/08/2021 18:56:28] /a
[02/08/2021 18:56:29] /a
[02/08/2021 18:56:29] /a
[02/08/2021 18:56:29] /a
[02/08/2021 18:56:29] /a
[02/08/2021 18:56:29] /a
[02/08/2021 18:56:30] /a
[02/08/2021 18:56:30] /a
[02/08/2021 18:56:30] /a
[02/08/2021 18:56:31] /a
[02/08/2021 18:56:31] /a
[02/08/2021 18:56:31] /a
[02/08/2021 18:56:31] /a
[02/08/2021 18:56:31] /a
[02/08/2021 18:56:31] /a
[02/08/2021 18:56:31] /a
[02/08/2021 18:56:31] /a
[02/08/2021 18:56:31] /a
[02/08/2021 18:56:31] /a
[02/08/2021 18:56:31] /a
[02/08/2021 18:56:32] /a
[02/08/2021 18:56:32] /a
[02/08/2021 18:56:32] /a
[02/08/2021 18:56:32] /a
[02/08/2021 18:56:32] /a
[02/08/2021 18:56:32] /a
[02/08/2021 18:56:32] /a
[02/08/2021 18:56:32] /a
[02/08/2021 18:56:32] /a
[02/08/2021 18:56:33] /a
[02/08/2021 18:56:33] /a
[02/08/2021 18:56:34] /a
[02/08/2021 18:56:35] /a
[02/08/2021 18:56:36] /a
[02/08/2021 18:56:36] /a
[02/08/2021 18:56:37] /a
[02/08/2021 18:56:38] /a
[02/08/2021 18:56:38] /a
[02/08/2021 18:56:39] /a
[02/08/2021 18:56:39] /a
[02/08/2021 18:56:40] /a
[02/08/2021 18:56:40] /a
[02/08/2021 18:56:41] /a
[02/08/2021 18:56:55] /goto druid master
[02/08/2021 18:57:02] /a
[02/08/2021 18:57:02] /a
[02/08/2021 18:57:03] /a
[02/08/2021 18:57:03] /a
[02/08/2021 18:57:03] /a
[02/08/2021 18:57:04] /a
[02/08/2021 18:57:04] /a
[02/08/2021 18:57:04] /a
[02/08/2021 18:57:04] /a
[02/08/2021 18:57:11] /a
[02/08/2021 18:57:12] /a
[02/08/2021 18:58:00] /a
[02/08/2021 18:58:01] /a
[02/08/2021 18:59:53] /a
[02/08/2021 18:59:53] /a
[02/08/2021 19:00:40] /goto druid master
[02/08/2021 19:01:06] /a
[02/08/2021 19:03:43] /goto hot volks
[02/08/2021 19:03:57] /a 5
[02/08/2021 19:04:03] /a
[02/08/2021 19:04:07] /a
[02/08/2021 19:04:08] /a
[02/08/2021 19:04:13] /a
[02/08/2021 19:04:13] /a
[02/08/2021 19:04:14] /a
[02/08/2021 19:04:15] /a
[02/08/2021 19:04:15] /a
[02/08/2021 19:04:15] /a
[02/08/2021 19:04:16] /a
[02/08/2021 19:04:17] /a
[02/08/2021 19:04:17] /a
[02/08/2021 19:04:17] /a
[02/08/2021 19:04:18] /a
[02/08/2021 19:04:18] /a
[02/08/2021 19:04:21] /a
[02/08/2021 19:04:23] /a
[02/08/2021 19:05:03] /t
[02/08/2021 19:07:10] /goto rei pally
[02/08/2021 19:07:13] /goto rei pally
[02/08/2021 19:07:14] /goto rei pally
[02/08/2021 19:07:15] /goto rei pally
[02/08/2021 19:07:16] /goto rei pally
[02/08/2021 19:07:18] /goto rei pally
[02/08/2021 19:07:20] /goto rei pally
[02/08/2021 19:07:21] /goto rei pally
[02/08/2021 19:07:23] /goto rei pally
[02/08/2021 19:07:25] /goto rei pally
[02/08/2021 19:07:27] /goto rei pally
[02/08/2021 19:08:53] /goto rei pally
[02/08/2021 19:08:56] /goto rei pally
[02/08/2021 19:09:05] /goto rei pally
[02/08/2021 19:09:26] /goto rei pally
[02/08/2021 19:09:32] /goto rei pally
[02/08/2021 19:09:40] /goto rei pally
[02/08/2021 19:09:47] /goto rei pally
[02/08/2021 19:09:49] /goto rei pally
[02/08/2021 19:10:20] /goto rei pally
[02/08/2021 19:10:36] /goto rei pally
[02/08/2021 19:10:39] /goto rei pally
[02/08/2021 19:10:41] /goto rei pally
[02/08/2021 19:10:44] /goto rei pally
[02/08/2021 19:10:46] /goto rei pally
[02/08/2021 19:11:25] /goto rei pally
[02/08/2021 19:11:27] /goto rei pally
[02/08/2021 19:11:34] /t
[02/08/2021 19:11:37] /up
[02/08/2021 19:11:38] /up
[02/08/2021 19:12:19] /t
[02/08/2021 19:12:33] /a
[02/08/2021 19:12:33] /a
[02/08/2021 19:12:33] /a
[02/08/2021 19:12:33] /a
[02/08/2021 19:12:34] /a
[02/08/2021 19:12:34] /a
[02/08/2021 19:12:35] /a
[02/08/2021 19:12:42] /a
[02/08/2021 19:12:42] /a
[02/08/2021 19:12:42] /a
[02/08/2021 19:12:43] /a
[02/08/2021 19:12:51] /t
[02/08/2021 19:12:57] /goto rei pally
[02/08/2021 19:13:33] /t
[02/08/2021 19:14:41] /goto muthcka
[02/08/2021 19:14:55] /goto harbout kina
[02/08/2021 19:15:03] /goto muthcka
[02/08/2021 19:15:09] /goto muthcka
[02/08/2021 19:15:10] /goto muthcka
[02/08/2021 19:15:12] /goto muthcka
[02/08/2021 19:15:13] /goto muthcka
[02/08/2021 19:15:14] /goto muthcka
[02/08/2021 19:15:15] /goto muthcka
[02/08/2021 19:15:17] /goto muthcka
[02/08/2021 19:15:22] /goto muthcka
[02/08/2021 19:15:24] /goto muthcka
[02/08/2021 19:15:26] /goto muthcka
[02/08/2021 19:15:30] /goto muthcka
[02/08/2021 19:15:31] /goto muthcka
[02/08/2021 19:15:38] /goto muthcka
[02/08/2021 19:16:00] /goto muthcka
[02/08/2021 19:16:03] /t
[02/08/2021 19:16:22] /goto druid master
[02/08/2021 19:16:28] /t
[02/08/2021 19:16:30] /up
[02/08/2021 19:16:31] /up
[02/08/2021 19:16:36] /save
[02/08/2021 19:32:29] /c mateus
[02/08/2021 19:41:24] /goto mateus
[02/08/2021 19:47:46] /goto druid master
[02/08/2021 19:47:50] /t
[02/08/2021 19:52:06] /reload monster
[02/08/2021 19:52:39] /reload monster
[02/08/2021 19:52:51] /goto yalahari
[02/08/2021 19:53:37] /goto yalahari
[02/08/2021 19:53:41] /reload monster
[02/08/2021 19:54:12] /r
[02/08/2021 19:54:15] /r
[02/08/2021 19:54:22] /r
[02/08/2021 19:54:25] /r
[02/08/2021 19:54:30] /r
[02/08/2021 19:54:32] /r
[02/08/2021 19:54:39] /a 2
[02/08/2021 19:54:42] /a
[02/08/2021 19:54:45] /r
[02/08/2021 19:54:51] /a 2
[02/08/2021 19:54:57] /m yalahari
[02/08/2021 19:55:03] /r
[02/08/2021 19:55:03] /r
[02/08/2021 19:55:04] /m yalahari
[02/08/2021 19:55:07] /m yalahari
[02/08/2021 19:55:09] /m yalahari
[02/08/2021 19:55:10] /m yalahari
[02/08/2021 19:55:14] /r
[02/08/2021 19:55:16] /r
[02/08/2021 19:55:59] /reload monster
[02/08/2021 19:56:21] /r
[02/08/2021 19:56:22] /r
[02/08/2021 19:56:25] /r
[02/08/2021 19:56:30] /r
[02/08/2021 19:56:48] /a
[02/08/2021 19:56:48] /a
[02/08/2021 19:56:48] /a
[02/08/2021 19:56:48] /a
[02/08/2021 19:56:48] /a
[02/08/2021 19:56:49] /a
[02/08/2021 19:56:49] /a
[02/08/2021 19:56:49] /a
[02/08/2021 19:56:49] /a
[02/08/2021 19:56:49] /a
[02/08/2021 19:56:49] /a
[02/08/2021 19:56:49] /a
[02/08/2021 19:56:49] /a
[02/08/2021 19:56:49] /a
[02/08/2021 19:56:49] /a
[02/08/2021 19:56:49] /a
[02/08/2021 19:56:49] /a
[02/08/2021 19:56:49] /a
[02/08/2021 19:56:49] /a
[02/08/2021 19:56:49] /a
[02/08/2021 19:56:49] /a
[02/08/2021 19:56:49] /a
[02/08/2021 19:56:49] /a
[02/08/2021 19:56:49] /a
[02/08/2021 19:56:49] /a
[02/08/2021 19:56:49] /a
[02/08/2021 19:56:49] /a
[02/08/2021 19:56:49] /a
[02/08/2021 19:56:49] /a
[02/08/2021 19:56:50] /a
[02/08/2021 19:56:51] /a
[02/08/2021 19:56:51] /a
[02/08/2021 19:56:51] /a
[02/08/2021 19:56:51] /a
[02/08/2021 19:56:51] /a
[02/08/2021 19:56:51] /a
[02/08/2021 19:56:52] /a
[02/08/2021 19:56:52] /a
[02/08/2021 19:56:53] /a
[02/08/2021 19:56:53] /a
[02/08/2021 19:56:54] /a
[02/08/2021 19:56:54] /a
[02/08/2021 19:56:54] /a
[02/08/2021 19:56:55] /a
[02/08/2021 19:57:12] /a
[02/08/2021 19:57:13] /a
[02/08/2021 19:57:13] /a
[02/08/2021 19:57:13] /a
[02/08/2021 19:57:13] /a
[02/08/2021 19:57:13] /a
[02/08/2021 19:57:13] /a
[02/08/2021 19:57:13] /a
[02/08/2021 19:57:13] /a
[02/08/2021 19:57:13] /a
[02/08/2021 19:57:13] /a
[02/08/2021 19:57:13] /a
[02/08/2021 19:57:13] /a
[02/08/2021 19:57:13] /a
[02/08/2021 19:57:13] /a
[02/08/2021 19:57:14] /a
[02/08/2021 19:57:14] /a
[02/08/2021 19:57:15] /a
[02/08/2021 19:57:15] /a
[02/08/2021 19:57:16] /a
[02/08/2021 19:57:16] /a
[02/08/2021 19:57:17] /a
[02/08/2021 19:57:18] /a
[02/08/2021 19:57:18] /a
[02/08/2021 19:57:18] /a
[02/08/2021 19:57:18] /a
[02/08/2021 19:57:18] /a
[02/08/2021 19:57:18] /a
[02/08/2021 19:57:18] /a
[02/08/2021 19:57:18] /a
[02/08/2021 19:57:18] /a
[02/08/2021 19:57:18] /a
[02/08/2021 19:57:18] /a
[02/08/2021 19:57:20] /a
[02/08/2021 19:57:20] /a
[02/08/2021 19:57:20] /a
[02/08/2021 19:57:20] /a
[02/08/2021 19:57:20] /a
[02/08/2021 19:57:20] /a
[02/08/2021 19:57:20] /a
[02/08/2021 19:57:20] /a
[02/08/2021 19:57:20] /a
[02/08/2021 19:57:20] /a
[02/08/2021 19:57:20] /a
[02/08/2021 19:57:21] /a
[02/08/2021 19:57:21] /a
[02/08/2021 19:57:21] /a
[02/08/2021 19:57:21] /a
[02/08/2021 19:57:21] /a
[02/08/2021 19:57:21] /a
[02/08/2021 19:57:22] /a
[02/08/2021 19:57:22] /a
[02/08/2021 19:57:22] /a
[02/08/2021 19:57:22] /a
[02/08/2021 19:57:22] /a
[02/08/2021 19:57:22] /a
[02/08/2021 19:57:22] /a
[02/08/2021 19:57:22] /a
[02/08/2021 19:57:22] /a
[02/08/2021 19:57:23] /a
[02/08/2021 19:57:23] /a
[02/08/2021 19:57:23] /a
[02/08/2021 19:57:23] /a
[02/08/2021 19:57:23] /a
[02/08/2021 19:57:23] /a
[02/08/2021 19:57:23] /a
[02/08/2021 19:57:23] /a
[02/08/2021 19:57:23] /a
[02/08/2021 19:57:23] /a
[02/08/2021 19:57:23] /a
[02/08/2021 19:57:23] /a
[02/08/2021 19:57:23] /a
[02/08/2021 19:57:24] /a
[02/08/2021 19:57:24] /a
[02/08/2021 19:57:24] /a
[02/08/2021 19:57:24] /a
[02/08/2021 19:57:24] /a
[02/08/2021 19:57:25] /a
[02/08/2021 19:57:25] /a
[02/08/2021 19:57:25] /a
[02/08/2021 19:57:25] /a
[02/08/2021 19:57:25] /a
[02/08/2021 19:57:26] /a
[02/08/2021 19:57:26] /a
[02/08/2021 19:57:26] /a
[02/08/2021 19:57:26] /a
[02/08/2021 19:57:26] /a
[02/08/2021 19:57:26] /a
[02/08/2021 19:57:26] /a
[02/08/2021 19:57:26] /a
[02/08/2021 19:57:27] /a
[02/08/2021 19:57:27] /a
[02/08/2021 19:57:27] /a
[02/08/2021 19:57:27] /a
[02/08/2021 19:57:27] /a
[02/08/2021 19:57:27] /a
[02/08/2021 19:57:27] /a
[02/08/2021 19:57:27] /a
[02/08/2021 19:57:27] /a
[02/08/2021 19:57:27] /a
[02/08/2021 19:57:27] /a
[02/08/2021 19:57:27] /a
[02/08/2021 19:57:28] /a
[02/08/2021 19:57:28] /a
[02/08/2021 19:57:28] /a
[02/08/2021 19:57:28] /a
[02/08/2021 19:57:28] /a
[02/08/2021 19:57:28] /a
[02/08/2021 19:57:28] /a
[02/08/2021 19:57:28] /a
[02/08/2021 19:57:28] /a
[02/08/2021 19:57:28] /a
[02/08/2021 19:57:28] /a
[02/08/2021 19:57:28] /a
[02/08/2021 19:57:29] /a
[02/08/2021 19:57:29] /a
[02/08/2021 19:57:29] /a
[02/08/2021 19:57:29] /a
[02/08/2021 19:57:29] /a
[02/08/2021 19:57:29] /a
[02/08/2021 19:57:29] /a
[02/08/2021 19:57:30] /a
[02/08/2021 19:57:30] /a
[02/08/2021 19:57:30] /a
[02/08/2021 19:57:30] /a
[02/08/2021 19:57:30] /a
[02/08/2021 19:57:30] /a
[02/08/2021 19:57:30] /a
[02/08/2021 19:57:30] /a
[02/08/2021 19:57:30] /a
[02/08/2021 19:57:30] /a
[02/08/2021 19:57:30] /a
[02/08/2021 19:57:30] /a
[02/08/2021 19:57:30] /a
[02/08/2021 19:57:30] /a
[02/08/2021 19:57:30] /a
[02/08/2021 19:57:30] /a
[02/08/2021 19:57:30] /a
[02/08/2021 19:57:30] /a
[02/08/2021 19:57:30] /a
[02/08/2021 19:57:30] /a
[02/08/2021 19:57:30] /a
[02/08/2021 19:57:31] /a
[02/08/2021 19:57:31] /a
[02/08/2021 19:57:32] /a
[02/08/2021 19:57:32] /a
[02/08/2021 19:57:33] /a
[02/08/2021 19:57:35] /a
[02/08/2021 19:57:35] /a
[02/08/2021 19:57:35] /a
[02/08/2021 19:57:35] /a
[02/08/2021 19:57:35] /a
[02/08/2021 19:57:35] /a
[02/08/2021 19:57:35] /a
[02/08/2021 19:57:35] /a
[02/08/2021 19:57:35] /a
[02/08/2021 19:57:35] /a
[02/08/2021 19:57:35] /a
[02/08/2021 19:57:35] /a
[02/08/2021 19:57:35] /a
[02/08/2021 19:57:35] /a
[02/08/2021 19:57:36] /a
[02/08/2021 19:57:36] /a
[02/08/2021 19:57:36] /a
[02/08/2021 19:57:37] /a
[02/08/2021 19:57:37] /a
[02/08/2021 19:57:37] /a
[02/08/2021 19:57:37] /a
[02/08/2021 19:57:37] /a
[02/08/2021 19:57:37] /a
[02/08/2021 19:57:37] /a
[02/08/2021 19:57:37] /a
[02/08/2021 19:57:37] /a
[02/08/2021 19:57:37] /a
[02/08/2021 19:57:37] /a
[02/08/2021 19:57:37] /a
[02/08/2021 19:57:37] /a
[02/08/2021 19:57:37] /a
[02/08/2021 19:57:37] /a
[02/08/2021 19:57:38] /a
[02/08/2021 19:57:38] /a
[02/08/2021 19:57:38] /a
[02/08/2021 19:57:38] /a
[02/08/2021 19:57:38] /a
[02/08/2021 19:57:38] /a
[02/08/2021 19:57:38] /a
[02/08/2021 19:57:38] /a
[02/08/2021 19:57:38] /a
[02/08/2021 19:57:39] /a
[02/08/2021 19:57:40] /a
[02/08/2021 19:57:40] /a
[02/08/2021 19:57:40] /a
[02/08/2021 19:57:40] /a
[02/08/2021 19:57:40] /a
[02/08/2021 19:57:40] /a
[02/08/2021 19:57:40] /a
[02/08/2021 19:57:40] /a
[02/08/2021 19:57:41] /a
[02/08/2021 19:57:41] /a
[02/08/2021 19:57:41] /a
[02/08/2021 19:57:41] /a
[02/08/2021 19:57:41] /a
[02/08/2021 19:57:41] /a
[02/08/2021 19:57:41] /a
[02/08/2021 19:57:41] /a
[02/08/2021 19:57:41] /a
[02/08/2021 19:57:41] /a
[02/08/2021 19:57:41] /a
[02/08/2021 19:57:41] /a
[02/08/2021 19:57:41] /a
[02/08/2021 19:57:41] /a
[02/08/2021 19:57:41] /a
[02/08/2021 19:57:41] /a
[02/08/2021 19:57:41] /a
[02/08/2021 19:57:41] /a
[02/08/2021 19:57:42] /a
[02/08/2021 19:57:42] /a
[02/08/2021 19:57:42] /a
[02/08/2021 19:57:42] /a
[02/08/2021 19:57:42] /a
[02/08/2021 19:57:42] /a
[02/08/2021 19:57:42] /a
[02/08/2021 19:57:42] /a
[02/08/2021 19:57:42] /a
[02/08/2021 19:57:42] /a
[02/08/2021 19:57:43] /a
[02/08/2021 19:57:43] /a
[02/08/2021 19:57:43] /a
[02/08/2021 19:57:43] /a
[02/08/2021 19:57:43] /a
[02/08/2021 19:57:44] /a
[02/08/2021 19:57:44] /a
[02/08/2021 19:57:44] /a
[02/08/2021 19:57:44] /a
[02/08/2021 19:57:44] /a
[02/08/2021 19:57:44] /a
[02/08/2021 19:57:44] /a
[02/08/2021 19:57:44] /a
[02/08/2021 19:57:44] /a
[02/08/2021 19:57:44] /a
[02/08/2021 19:57:44] /a
[02/08/2021 19:57:44] /a
[02/08/2021 19:57:44] /a
[02/08/2021 19:57:45] /a
[02/08/2021 19:57:45] /a
[02/08/2021 19:57:45] /a
[02/08/2021 19:57:45] /a
[02/08/2021 19:57:45] /a
[02/08/2021 19:57:45] /a
[02/08/2021 19:57:45] /a
[02/08/2021 19:57:45] /a
[02/08/2021 19:57:45] /a
[02/08/2021 19:57:45] /a
[02/08/2021 19:57:45] /a
[02/08/2021 19:57:45] /a
[02/08/2021 19:57:45] /a
[02/08/2021 19:57:45] /a
[02/08/2021 19:57:45] /a
[02/08/2021 19:57:45] /a
[02/08/2021 19:57:45] /a
[02/08/2021 19:57:45] /a
[02/08/2021 19:57:45] /a
[02/08/2021 19:57:46] /a
[02/08/2021 19:57:46] /a
[02/08/2021 19:57:46] /a
[02/08/2021 19:57:46] /a
[02/08/2021 19:57:46] /a
[02/08/2021 19:57:46] /a
[02/08/2021 19:57:46] /a
[02/08/2021 19:57:46] /a
[02/08/2021 19:57:46] /a
[02/08/2021 19:57:46] /a
[02/08/2021 19:57:46] /a
[02/08/2021 19:57:46] /a
[02/08/2021 19:57:46] /a
[02/08/2021 19:57:46] /a
[02/08/2021 19:57:47] /a
[02/08/2021 19:57:47] /a
[02/08/2021 19:57:47] /a
[02/08/2021 19:57:47] /a
[02/08/2021 19:57:47] /a
[02/08/2021 19:57:48] /a
[02/08/2021 20:02:28] /reload monster
[02/08/2021 20:02:36] /t
[02/08/2021 20:02:44] /goto morris
[02/08/2021 20:02:52] /goto rei pally
[02/08/2021 20:03:00] /goto max power rush
[02/08/2021 20:03:06] /t
[02/08/2021 20:10:55] /reload items
[02/08/2021 20:12:05] /up
[02/08/2021 20:12:06] /up
[02/08/2021 20:12:11] /c Arkhothep
[02/08/2021 20:12:13] /c Arkhothep
[02/08/2021 20:12:19] /m Arkhothep
[02/08/2021 20:12:59] /c Arkhothep
[02/08/2021 20:13:08] /c Arkhothep
[02/08/2021 20:13:23] /c Arkhothep
[02/08/2021 21:09:11] /reload spells
[02/08/2021 21:10:46] /reload spells
[02/08/2021 21:11:05] /reload spells
[02/08/2021 21:11:40] /reload spells
[02/08/2021 21:13:34] /reload spells
[02/08/2021 21:15:12] /reload spells
[02/08/2021 21:16:48] /reload spells
[02/08/2021 21:18:18] /reload spells
[02/08/2021 21:18:45] /reload spells
[02/08/2021 21:19:04] /reload spells
[02/08/2021 21:19:25] /reload spells
[02/08/2021 21:19:45] /reload spells
[02/08/2021 21:20:03] /reload spells
[02/08/2021 21:20:32] /reload spells
[02/08/2021 21:20:45] /reload spells
[02/08/2021 21:22:14] /reload spells
[02/08/2021 21:25:54] /reload spells
[02/08/2021 21:27:42] /reload spells
[02/08/2021 21:28:01] /m training monk
[03/08/2021 20:35:18] /t
[03/08/2021 20:35:49] /a
[03/08/2021 20:38:31] /i 2305
[03/08/2021 20:38:49] /goto palyduuu
[03/08/2021 20:42:10] /c mateus
[03/08/2021 20:45:09] /goto palyduuu
[03/08/2021 20:45:30] /a
[03/08/2021 20:45:31] /a
[03/08/2021 20:45:32] /a
[03/08/2021 20:45:33] /a
[03/08/2021 20:45:33] /a
[03/08/2021 20:45:33] /a
[03/08/2021 20:45:34] /a
[03/08/2021 20:45:47] /a
[03/08/2021 20:45:47] /a
[03/08/2021 20:45:47] /a
[03/08/2021 20:45:48] /a
[03/08/2021 20:45:49] /a
[03/08/2021 20:45:50] /a
[03/08/2021 20:45:50] /a
[03/08/2021 20:45:50] /a
[03/08/2021 20:45:50] /a
[03/08/2021 20:45:51] /a
[03/08/2021 20:46:02] /a
[03/08/2021 20:46:02] /a
[03/08/2021 20:46:04] /a
[03/08/2021 20:50:24] /reload spells
[03/08/2021 20:50:31] /goto palyduuu
[03/08/2021 20:51:14] /goto palyduuu
[03/08/2021 20:51:16] /a
[03/08/2021 20:51:16] /a
[03/08/2021 20:51:16] /a
[03/08/2021 20:51:16] /a
[03/08/2021 20:51:17] /a
[03/08/2021 20:51:17] /a
[03/08/2021 20:51:18] /a
[03/08/2021 20:51:53] /a
[03/08/2021 20:51:53] /a
[03/08/2021 20:51:54] /a
[03/08/2021 20:53:55] /t
[03/08/2021 20:54:10] /a
[03/08/2021 20:55:14] /goto druid master
[03/08/2021 20:55:16] /goto druid master
[03/08/2021 20:55:18] /goto druid master
[03/08/2021 20:55:20] /goto druid master
[03/08/2021 20:55:22] /goto druid master
[03/08/2021 20:55:23] /goto druid master
[03/08/2021 20:55:26] /goto druid master
[03/08/2021 20:55:29] /goto druid master
[03/08/2021 20:55:30] /goto druid master
[03/08/2021 20:55:32] /goto druid master
[03/08/2021 20:55:34] /goto druid master
[03/08/2021 20:55:36] /goto druid master
[03/08/2021 20:55:38] /goto druid master
[03/08/2021 20:55:40] /goto druid master
[03/08/2021 20:55:42] /goto druid master
[03/08/2021 20:56:49] /reload spells
[03/08/2021 20:56:54] /goto druid master
[03/08/2021 20:56:56] /goto druid master
[03/08/2021 20:56:58] /goto druid master
[03/08/2021 20:57:00] /goto druid master
[03/08/2021 20:57:07] /goto druid master
[03/08/2021 20:57:11] /goto druid master
[03/08/2021 20:57:58] /goto druid master
[03/08/2021 20:58:01] /t
[03/08/2021 20:58:11] /goto poderoso pally
[03/08/2021 20:58:16] /goto kaio pally
[03/08/2021 20:58:24] /goto pestana mage
[03/08/2021 20:58:35] /a
[03/08/2021 20:58:35] /a
[03/08/2021 20:58:35] /a
[03/08/2021 20:58:35] /a
[03/08/2021 20:58:36] /a
[03/08/2021 20:58:36] /a
[03/08/2021 20:58:36] /a
[03/08/2021 20:58:36] /a
[03/08/2021 20:58:37] /a
[03/08/2021 20:58:38] /a
[03/08/2021 20:58:43] /a
[03/08/2021 20:58:43] /a
[03/08/2021 20:58:44] /a
[03/08/2021 20:58:44] /a
[03/08/2021 20:58:44] /a
[03/08/2021 20:58:44] /a
[03/08/2021 20:58:44] /a
[03/08/2021 20:58:44] /a
[03/08/2021 20:58:44] /a
[03/08/2021 20:58:44] /a
[03/08/2021 20:58:44] /a
[03/08/2021 20:58:44] /a
[03/08/2021 20:58:44] /a
[03/08/2021 20:58:45] /a
[03/08/2021 20:58:45] /a
[03/08/2021 20:58:45] /a
[03/08/2021 20:58:45] /a
[03/08/2021 20:58:45] /a
[03/08/2021 20:58:45] /a
[03/08/2021 20:58:45] /a
[03/08/2021 20:58:45] /a
[03/08/2021 20:58:45] /a
[03/08/2021 20:58:45] /a
[03/08/2021 20:58:45] /a
[03/08/2021 20:58:45] /a
[03/08/2021 20:58:46] /a
[03/08/2021 20:58:46] /a
[03/08/2021 20:58:47] /a
[03/08/2021 20:58:47] /a
[03/08/2021 20:58:47] /a
[03/08/2021 20:58:47] /a
[03/08/2021 20:58:47] /a
[03/08/2021 20:58:47] /a
[03/08/2021 20:58:47] /a
[03/08/2021 20:58:47] /a
[03/08/2021 20:58:47] /a
[03/08/2021 20:58:47] /a
[03/08/2021 20:58:48] /a
[03/08/2021 20:58:48] /a
[03/08/2021 20:58:48] /a
[03/08/2021 20:58:48] /a
[03/08/2021 20:58:48] /a
[03/08/2021 20:58:48] /a
[03/08/2021 20:58:48] /a
[03/08/2021 20:58:48] /a
[03/08/2021 20:58:48] /a
[03/08/2021 20:58:48] /a
[03/08/2021 20:58:48] /a
[03/08/2021 20:58:49] /a
[03/08/2021 20:58:49] /a
[03/08/2021 20:58:50] /a
[03/08/2021 20:58:50] /a
[03/08/2021 20:58:50] /a
[03/08/2021 20:58:50] /a
[03/08/2021 20:58:50] /a
[03/08/2021 20:58:50] /a
[03/08/2021 20:58:50] /a
[03/08/2021 20:58:50] /a
[03/08/2021 20:58:50] /a
[03/08/2021 20:58:50] /a
[03/08/2021 20:58:50] /a
[03/08/2021 20:58:50] /a
[03/08/2021 20:58:50] /a
[03/08/2021 20:58:50] /a
[03/08/2021 20:58:50] /a
[03/08/2021 20:58:50] /a
[03/08/2021 20:58:50] /a
[03/08/2021 20:58:50] /a
[03/08/2021 20:58:50] /a
[03/08/2021 20:58:51] /a
[03/08/2021 20:58:51] /a
[03/08/2021 20:58:51] /a
[03/08/2021 20:58:51] /a
[03/08/2021 20:58:51] /a
[03/08/2021 20:58:51] /a
[03/08/2021 20:58:51] /a
[03/08/2021 20:58:51] /a
[03/08/2021 20:58:51] /a
[03/08/2021 20:58:51] /a
[03/08/2021 20:58:51] /a
[03/08/2021 20:58:51] /a
[03/08/2021 20:58:51] /a
[03/08/2021 20:58:51] /a
[03/08/2021 20:58:51] /a
[03/08/2021 20:58:52] /a
[03/08/2021 20:58:52] /a
[03/08/2021 20:58:52] /a
[03/08/2021 20:58:52] /a
[03/08/2021 20:58:52] /a
[03/08/2021 20:58:52] /a
[03/08/2021 20:58:53] /a
[03/08/2021 20:58:53] /a
[03/08/2021 20:58:53] /a
[03/08/2021 20:58:53] /a
[03/08/2021 20:58:53] /a
[03/08/2021 20:58:53] /a
[03/08/2021 20:58:53] /a
[03/08/2021 20:58:54] /a
[03/08/2021 20:58:54] /a
[03/08/2021 20:58:54] /a
[03/08/2021 20:58:54] /a
[03/08/2021 20:58:54] /a
[03/08/2021 20:58:54] /a
[03/08/2021 20:58:54] /a
[03/08/2021 20:58:54] /a
[03/08/2021 20:58:54] /a
[03/08/2021 20:58:54] /a
[03/08/2021 20:58:54] /a
[03/08/2021 20:58:54] /a
[03/08/2021 20:58:54] /a
[03/08/2021 20:58:54] /a
[03/08/2021 20:58:54] /a
[03/08/2021 20:58:54] /a
[03/08/2021 20:58:55] /a
[03/08/2021 20:58:55] /a
[03/08/2021 20:58:55] /a
[03/08/2021 20:58:55] /a
[03/08/2021 20:58:55] /a
[03/08/2021 20:58:55] /a
[03/08/2021 20:58:55] /a
[03/08/2021 20:58:55] /a
[03/08/2021 20:58:55] /a
[03/08/2021 20:58:55] /a
[03/08/2021 20:58:56] /a
[03/08/2021 20:58:56] /a
[03/08/2021 20:58:56] /a
[03/08/2021 20:58:56] /a
[03/08/2021 20:58:56] /a
[03/08/2021 20:58:57] /a
[03/08/2021 20:58:57] /a
[03/08/2021 20:58:57] /a
[03/08/2021 20:58:57] /a
[03/08/2021 20:58:57] /a
[03/08/2021 20:58:57] /a
[03/08/2021 20:58:58] /a
[03/08/2021 20:58:58] /a
[03/08/2021 20:58:58] /a
[03/08/2021 20:58:58] /a
[03/08/2021 20:58:58] /a
[03/08/2021 20:58:58] /a
[03/08/2021 20:58:59] /a
[03/08/2021 20:58:59] /a
[03/08/2021 20:58:59] /a
[03/08/2021 20:58:59] /a
[03/08/2021 20:59:00] /a
[03/08/2021 20:59:01] /a
[03/08/2021 20:59:01] /a
[03/08/2021 20:59:01] /a
[03/08/2021 20:59:01] /a
[03/08/2021 20:59:01] /a
[03/08/2021 20:59:01] /a
[03/08/2021 20:59:01] /a
[03/08/2021 20:59:01] /a
[03/08/2021 20:59:01] /a
[03/08/2021 20:59:01] /a
[03/08/2021 20:59:02] /a
[03/08/2021 20:59:02] /a
[03/08/2021 20:59:02] /a
[03/08/2021 20:59:02] /a
[03/08/2021 20:59:02] /a
[03/08/2021 20:59:02] /a
[03/08/2021 20:59:02] /a
[03/08/2021 20:59:02] /a
[03/08/2021 20:59:02] /a
[03/08/2021 20:59:02] /a
[03/08/2021 20:59:02] /a
[03/08/2021 20:59:02] /a
[03/08/2021 20:59:02] /a
[03/08/2021 20:59:02] /a
[03/08/2021 20:59:02] /a
[03/08/2021 20:59:02] /a
[03/08/2021 20:59:02] /a
[03/08/2021 20:59:03] /a
[03/08/2021 20:59:03] /a
[03/08/2021 20:59:03] /a
[03/08/2021 20:59:03] /a
[03/08/2021 20:59:03] /a
[03/08/2021 20:59:03] /a
[03/08/2021 20:59:03] /a
[03/08/2021 20:59:04] /a
[03/08/2021 20:59:04] /a
[03/08/2021 20:59:04] /a
[03/08/2021 20:59:04] /a
[03/08/2021 20:59:04] /a
[03/08/2021 20:59:04] /a
[03/08/2021 20:59:04] /a
[03/08/2021 20:59:04] /a
[03/08/2021 20:59:04] /a
[03/08/2021 20:59:04] /a
[03/08/2021 20:59:04] /a
[03/08/2021 20:59:04] /a
[03/08/2021 20:59:04] /a
[03/08/2021 20:59:04] /a
[03/08/2021 20:59:04] /a
[03/08/2021 20:59:04] /a
[03/08/2021 20:59:04] /a
[03/08/2021 20:59:04] /a
[03/08/2021 20:59:04] /a
[03/08/2021 20:59:05] /a
[03/08/2021 20:59:06] /a
[03/08/2021 20:59:06] /a
[03/08/2021 20:59:06] /a
[03/08/2021 20:59:06] /a
[03/08/2021 20:59:06] /a
[03/08/2021 20:59:06] /a
[03/08/2021 20:59:06] /a
[03/08/2021 20:59:06] /a
[03/08/2021 20:59:06] /a
[03/08/2021 20:59:06] /a
[03/08/2021 20:59:06] /a
[03/08/2021 20:59:06] /a
[03/08/2021 20:59:06] /a
[03/08/2021 20:59:06] /a
[03/08/2021 20:59:06] /a
[03/08/2021 20:59:06] /a
[03/08/2021 20:59:06] /a
[03/08/2021 20:59:06] /a
[03/08/2021 20:59:06] /a
[03/08/2021 20:59:06] /a
[03/08/2021 20:59:07] /a
[03/08/2021 20:59:07] /a
[03/08/2021 20:59:07] /a
[03/08/2021 20:59:07] /a
[03/08/2021 20:59:07] /a
[03/08/2021 20:59:07] /a
[03/08/2021 20:59:07] /a
[03/08/2021 20:59:07] /a
[03/08/2021 20:59:07] /a
[03/08/2021 20:59:07] /a
[03/08/2021 20:59:07] /a
[03/08/2021 20:59:07] /a
[03/08/2021 20:59:07] /a
[03/08/2021 20:59:07] /a
[03/08/2021 20:59:07] /a
[03/08/2021 20:59:07] /a
[03/08/2021 20:59:07] /a
[03/08/2021 20:59:08] /a
[03/08/2021 20:59:08] /a
[03/08/2021 20:59:08] /a
[03/08/2021 20:59:09] /a
[03/08/2021 20:59:09] /a
[03/08/2021 20:59:09] /a
[03/08/2021 20:59:09] /a
[03/08/2021 20:59:09] /a
[03/08/2021 20:59:09] /a
[03/08/2021 20:59:09] /a
[03/08/2021 20:59:09] /a
[03/08/2021 20:59:10] /a
[03/08/2021 20:59:10] /a
[03/08/2021 20:59:10] /a
[03/08/2021 20:59:10] /a
[03/08/2021 20:59:10] /a
[03/08/2021 20:59:10] /a
[03/08/2021 20:59:10] /a
[03/08/2021 20:59:10] /a
[03/08/2021 20:59:10] /a
[03/08/2021 20:59:10] /a
[03/08/2021 20:59:10] /a
[03/08/2021 20:59:10] /a
[03/08/2021 20:59:10] /a
[03/08/2021 20:59:10] /a
[03/08/2021 20:59:10] /a
[03/08/2021 20:59:11] /a
[03/08/2021 20:59:11] /a
[03/08/2021 20:59:11] /a
[03/08/2021 20:59:12] /a
[03/08/2021 20:59:12] /a
[03/08/2021 20:59:13] /a
[03/08/2021 20:59:13] /a
[03/08/2021 20:59:13] /a
[03/08/2021 20:59:13] /a
[03/08/2021 20:59:13] /a
[03/08/2021 20:59:13] /a
[03/08/2021 20:59:13] /a
[03/08/2021 20:59:13] /a
[03/08/2021 20:59:13] /a
[03/08/2021 20:59:13] /a
[03/08/2021 20:59:13] /a
[03/08/2021 20:59:13] /a
[03/08/2021 20:59:13] /a
[03/08/2021 20:59:13] /a
[03/08/2021 20:59:13] /a
[03/08/2021 20:59:13] /a
[03/08/2021 20:59:14] /a
[03/08/2021 20:59:14] /a
[03/08/2021 20:59:14] /a
[03/08/2021 20:59:15] /a
[03/08/2021 20:59:15] /a
[03/08/2021 20:59:15] /a
[03/08/2021 20:59:15] /a
[03/08/2021 20:59:15] /a
[03/08/2021 20:59:16] /a
[03/08/2021 20:59:16] /a
[03/08/2021 20:59:16] /a
[03/08/2021 20:59:16] /a
[03/08/2021 20:59:16] /a
[03/08/2021 20:59:17] /a
[03/08/2021 20:59:17] /a
[03/08/2021 20:59:17] /a
[03/08/2021 20:59:18] /a
[03/08/2021 20:59:18] /a
[03/08/2021 20:59:18] /a
[03/08/2021 20:59:18] /a
[03/08/2021 20:59:18] /a
[03/08/2021 20:59:18] /a
[03/08/2021 20:59:18] /a
[03/08/2021 20:59:18] /a
[03/08/2021 20:59:18] /a
[03/08/2021 20:59:18] /a
[03/08/2021 20:59:18] /a
[03/08/2021 20:59:18] /a
[03/08/2021 20:59:18] /a
[03/08/2021 20:59:18] /a
[03/08/2021 20:59:18] /a
[03/08/2021 20:59:19] /a
[03/08/2021 20:59:19] /a
[03/08/2021 20:59:19] /a
[03/08/2021 20:59:19] /a
[03/08/2021 20:59:19] /a
[03/08/2021 20:59:20] /a
[03/08/2021 20:59:20] /a
[03/08/2021 20:59:20] /a
[03/08/2021 20:59:20] /a
[03/08/2021 20:59:20] /a
[03/08/2021 20:59:20] /a
[03/08/2021 20:59:20] /a
[03/08/2021 20:59:20] /a
[03/08/2021 20:59:20] /a
[03/08/2021 20:59:20] /a
[03/08/2021 20:59:20] /a
[03/08/2021 20:59:21] /a
[03/08/2021 20:59:21] /a
[03/08/2021 20:59:21] /a
[03/08/2021 20:59:21] /a
[03/08/2021 20:59:21] /a
[03/08/2021 20:59:21] /a
[03/08/2021 20:59:25] /a
[03/08/2021 20:59:26] /a
[03/08/2021 20:59:26] /a
[03/08/2021 20:59:26] /a
[03/08/2021 20:59:26] /a
[03/08/2021 20:59:26] /a
[03/08/2021 20:59:26] /a
[03/08/2021 20:59:26] /a
[03/08/2021 20:59:26] /a
[03/08/2021 20:59:26] /a
[03/08/2021 20:59:27] /a
[03/08/2021 20:59:27] /a
[03/08/2021 20:59:27] /a
[03/08/2021 20:59:27] /a
[03/08/2021 20:59:27] /a
[03/08/2021 20:59:27] /a
[03/08/2021 20:59:27] /a
[03/08/2021 20:59:27] /a
[03/08/2021 20:59:27] /a
[03/08/2021 20:59:27] /a
[03/08/2021 20:59:28] /a
[03/08/2021 20:59:28] /a
[03/08/2021 20:59:28] /a
[03/08/2021 20:59:28] /a
[03/08/2021 20:59:28] /a
[03/08/2021 20:59:28] /a
[03/08/2021 20:59:28] /a
[03/08/2021 20:59:28] /a
[03/08/2021 20:59:28] /a
[03/08/2021 20:59:28] /a
[03/08/2021 20:59:28] /a
[03/08/2021 20:59:28] /a
[03/08/2021 20:59:28] /a
[03/08/2021 20:59:33] /a
[03/08/2021 20:59:33] /a
[03/08/2021 20:59:33] /a
[03/08/2021 20:59:33] /a
[03/08/2021 20:59:33] /a
[03/08/2021 20:59:33] /a
[03/08/2021 20:59:33] /a
[03/08/2021 20:59:33] /a
[03/08/2021 20:59:34] /a
[03/08/2021 20:59:34] /a
[03/08/2021 20:59:34] /a
[03/08/2021 20:59:34] /a
[03/08/2021 20:59:34] /a
[03/08/2021 20:59:34] /a
[03/08/2021 20:59:34] /a
[03/08/2021 20:59:34] /a
[03/08/2021 20:59:34] /a
[03/08/2021 20:59:34] /a
[03/08/2021 20:59:35] /a
[03/08/2021 20:59:35] /a
[03/08/2021 20:59:35] /a
[03/08/2021 20:59:35] /a
[03/08/2021 20:59:35] /a
[03/08/2021 20:59:35] /a
[03/08/2021 20:59:36] /a
[03/08/2021 20:59:36] /a
[03/08/2021 20:59:36] /a
[03/08/2021 20:59:36] /a
[03/08/2021 20:59:36] /a
[03/08/2021 20:59:36] /a
[03/08/2021 20:59:36] /a
[03/08/2021 20:59:36] /a
[03/08/2021 20:59:36] /a
[03/08/2021 20:59:36] /a
[03/08/2021 20:59:36] /a
[03/08/2021 20:59:36] /a
[03/08/2021 20:59:36] /a
[03/08/2021 20:59:36] /a
[03/08/2021 20:59:36] /a
[03/08/2021 20:59:36] /a
[03/08/2021 20:59:36] /a
[03/08/2021 20:59:36] /a
[03/08/2021 20:59:36] /a
[03/08/2021 20:59:36] /a
[03/08/2021 20:59:36] /a
[03/08/2021 20:59:36] /a
[03/08/2021 20:59:36] /a
[03/08/2021 20:59:36] /a
[03/08/2021 20:59:36] /a
[03/08/2021 20:59:36] /a
[03/08/2021 20:59:36] /a
[03/08/2021 20:59:36] /a
[03/08/2021 20:59:36] /a
[03/08/2021 20:59:36] /a
[03/08/2021 20:59:36] /a
[03/08/2021 20:59:37] /a
[03/08/2021 20:59:37] /a
[03/08/2021 20:59:37] /a
[03/08/2021 20:59:37] /a
[03/08/2021 20:59:37] /a
[03/08/2021 20:59:37] /a
[03/08/2021 20:59:37] /a
[03/08/2021 20:59:37] /a
[03/08/2021 20:59:37] /a
[03/08/2021 20:59:37] /a
[03/08/2021 20:59:37] /a
[03/08/2021 20:59:37] /a
[03/08/2021 20:59:37] /a
[03/08/2021 20:59:37] /a
[03/08/2021 20:59:37] /a
[03/08/2021 20:59:37] /a
[03/08/2021 20:59:37] /a
[03/08/2021 20:59:37] /a
[03/08/2021 20:59:37] /a
[03/08/2021 20:59:37] /a
[03/08/2021 20:59:37] /a
[03/08/2021 20:59:37] /a
[03/08/2021 20:59:37] /a
[03/08/2021 20:59:37] /a
[03/08/2021 20:59:37] /a
[03/08/2021 20:59:37] /a
[03/08/2021 20:59:38] /a
[03/08/2021 20:59:38] /a
[03/08/2021 20:59:38] /a
[03/08/2021 20:59:38] /a
[03/08/2021 20:59:38] /a
[03/08/2021 20:59:38] /a
[03/08/2021 20:59:39] /a
[03/08/2021 20:59:39] /a
[03/08/2021 20:59:39] /a
[03/08/2021 20:59:39] /a
[03/08/2021 20:59:39] /a
[03/08/2021 20:59:39] /a
[03/08/2021 20:59:39] /a
[03/08/2021 20:59:39] /a
[03/08/2021 20:59:39] /a
[03/08/2021 20:59:39] /a
[03/08/2021 20:59:39] /a
[03/08/2021 20:59:39] /a
[03/08/2021 20:59:39] /a
[03/08/2021 20:59:39] /a
[03/08/2021 20:59:40] /a
[03/08/2021 20:59:40] /a
[03/08/2021 20:59:40] /a
[03/08/2021 20:59:40] /a
[03/08/2021 20:59:40] /a
[03/08/2021 20:59:40] /a
[03/08/2021 20:59:40] /a
[03/08/2021 20:59:40] /a
[03/08/2021 20:59:40] /a
[03/08/2021 20:59:40] /a
[03/08/2021 20:59:41] /a
[03/08/2021 20:59:43] /goto pestana mage
[03/08/2021 20:59:44] /a
[03/08/2021 20:59:44] /a
[03/08/2021 20:59:44] /a
[03/08/2021 20:59:44] /a
[03/08/2021 20:59:44] /a
[03/08/2021 20:59:44] /a
[03/08/2021 20:59:44] /a
[03/08/2021 20:59:45] /a
[03/08/2021 20:59:45] /a
[03/08/2021 20:59:45] /a
[03/08/2021 20:59:45] /a
[03/08/2021 20:59:45] /a
[03/08/2021 20:59:45] /a
[03/08/2021 20:59:45] /a
[03/08/2021 20:59:45] /a
[03/08/2021 20:59:45] /a
[03/08/2021 20:59:45] /a
[03/08/2021 20:59:45] /a
[03/08/2021 20:59:45] /a
[03/08/2021 20:59:45] /a
[03/08/2021 20:59:45] /a
[03/08/2021 20:59:46] /a
[03/08/2021 20:59:46] /a
[03/08/2021 20:59:46] /a
[03/08/2021 20:59:46] /a
[03/08/2021 20:59:46] /a
[03/08/2021 20:59:46] /a
[03/08/2021 20:59:46] /a
[03/08/2021 20:59:46] /a
[03/08/2021 20:59:46] /a
[03/08/2021 20:59:46] /a
[03/08/2021 20:59:46] /a
[03/08/2021 20:59:46] /a
[03/08/2021 20:59:46] /a
[03/08/2021 20:59:46] /a
[03/08/2021 20:59:46] /a
[03/08/2021 20:59:46] /a
[03/08/2021 20:59:46] /a
[03/08/2021 20:59:46] /a
[03/08/2021 20:59:46] /a
[03/08/2021 20:59:46] /a
[03/08/2021 20:59:46] /a
[03/08/2021 20:59:46] /a
[03/08/2021 20:59:46] /a
[03/08/2021 20:59:46] /a
[03/08/2021 20:59:46] /a
[03/08/2021 20:59:47] /a
[03/08/2021 20:59:47] /a
[03/08/2021 20:59:47] /a
[03/08/2021 20:59:48] /a
[03/08/2021 20:59:48] /a
[03/08/2021 21:00:46] /reload spells
[03/08/2021 21:00:47] /t
[03/08/2021 21:01:43] /goto druid master
[03/08/2021 21:01:47] /goto druid master
[03/08/2021 21:01:49] /goto druid master
[03/08/2021 21:01:51] /goto druid master
[03/08/2021 21:01:53] /goto druid master
[03/08/2021 21:01:55] /goto druid master
[03/08/2021 21:02:03] /goto druid master
[03/08/2021 21:02:38] /goto druid master
[03/08/2021 21:02:42] /t
[03/08/2021 21:03:05] /reload spells
[03/08/2021 21:03:53] /up
[03/08/2021 21:03:59] /save
[03/08/2021 21:09:14] /reload monster
[03/08/2021 21:09:36] /goto Touta Matsuda
[03/08/2021 21:09:39] /a 2
[03/08/2021 21:09:40] /a 2
[03/08/2021 21:09:42] /a 2
[03/08/2021 21:10:01] /a
[03/08/2021 21:10:45] /reload monster
[03/08/2021 21:11:30] /reload monster
[03/08/2021 21:11:52] /reload monster
[03/08/2021 21:13:21] /reload monster
[03/08/2021 21:13:52] /reload monster
[03/08/2021 21:15:34] /a
[03/08/2021 21:15:40] /r
[03/08/2021 21:15:42] /a
[03/08/2021 21:15:49] /goto mello
[03/08/2021 21:16:29] /a
[03/08/2021 21:16:30] /a
[03/08/2021 21:16:30] /a
[03/08/2021 21:16:31] /a
[03/08/2021 21:16:35] /reload monster
[03/08/2021 21:17:56] /reload monster
[03/08/2021 21:19:16] /reload monster
[03/08/2021 21:20:33] /reload monster
[03/08/2021 21:21:07] /reload monster
[03/08/2021 21:21:40] /reload monster
[03/08/2021 21:22:04] /reload monster
[03/08/2021 21:22:41] /reload monster
[03/08/2021 21:23:01] /r
[03/08/2021 21:23:04] /t
[03/08/2021 21:23:07] /up
[03/08/2021 21:23:08] /up
[03/08/2021 21:23:59] /reload monster
[03/08/2021 21:25:29] /goto morris
[03/08/2021 21:25:38] /goto druid master
[03/08/2021 21:25:51] /goto muthcka
[03/08/2021 21:25:55] /a
[03/08/2021 21:25:55] /a
[03/08/2021 21:25:55] /a
[03/08/2021 21:25:56] /a
[03/08/2021 21:25:56] /a
[03/08/2021 21:25:56] /a
[03/08/2021 21:25:56] /a
[03/08/2021 21:25:57] /a
[03/08/2021 21:25:58] /a
[03/08/2021 21:25:58] /a
[03/08/2021 21:25:58] /a
[03/08/2021 21:25:59] /a
[03/08/2021 21:26:01] /a
[03/08/2021 21:26:01] /a
[03/08/2021 21:26:02] /a
[03/08/2021 21:26:02] /a
[03/08/2021 21:26:02] /a
[03/08/2021 21:26:02] /a
[03/08/2021 21:26:03] /a
[03/08/2021 21:26:04] /a
[03/08/2021 21:26:04] /a
[03/08/2021 21:26:04] /a
[03/08/2021 21:26:05] /a
[03/08/2021 21:26:05] /a
[03/08/2021 21:26:06] /a
[03/08/2021 21:26:06] /a
[03/08/2021 21:26:06] /a
[03/08/2021 21:26:06] /a
[03/08/2021 21:26:06] /a
[03/08/2021 21:26:06] /a
[03/08/2021 21:26:06] /a
[03/08/2021 21:26:07] /a
[03/08/2021 21:26:08] /a
[03/08/2021 21:26:08] /a
[03/08/2021 21:26:08] /a
[03/08/2021 21:26:08] /a
[03/08/2021 21:26:08] /a
[03/08/2021 21:26:08] /a
[03/08/2021 21:26:08] /a
[03/08/2021 21:26:08] /a
[03/08/2021 21:26:08] /a
[03/08/2021 21:26:09] /a
[03/08/2021 21:26:09] /a
[03/08/2021 21:26:09] /a
[03/08/2021 21:26:09] /a
[03/08/2021 21:26:09] /a
[03/08/2021 21:26:09] /a
[03/08/2021 21:26:10] /a
[03/08/2021 21:26:10] /a
[03/08/2021 21:26:10] /a
[03/08/2021 21:26:10] /a
[03/08/2021 21:26:11] /a
[03/08/2021 21:26:11] /a
[03/08/2021 21:26:11] /a
[03/08/2021 21:26:11] /a
[03/08/2021 21:26:11] /a
[03/08/2021 21:26:11] /a
[03/08/2021 21:26:11] /a
[03/08/2021 21:26:11] /a
[03/08/2021 21:26:12] /a
[03/08/2021 21:26:12] /a
[03/08/2021 21:26:13] /a
[03/08/2021 21:26:13] /a
[03/08/2021 21:27:29] /reload actions
[03/08/2021 21:28:04] /t
[03/08/2021 21:28:10] /up
[03/08/2021 21:28:11] /up
[03/08/2021 21:29:47] /m training monk
[03/08/2021 21:34:37] /t
[03/08/2021 21:34:45] /t
[03/08/2021 21:34:50] /up
[03/08/2021 21:34:52] /up
[03/08/2021 21:34:56] /r
[03/08/2021 21:37:20] /goto pestana paly
[03/08/2021 21:37:28] /goto poderoso pally
[03/08/2021 21:39:56] /t
[03/08/2021 21:39:58] /up
[03/08/2021 21:39:59] /up
[03/08/2021 21:40:03] /save
[03/08/2021 22:14:13] /t
[03/08/2021 22:14:26] /goto druid master
[03/08/2021 22:14:40] /a
[03/08/2021 22:14:41] /a
[03/08/2021 22:14:42] /a
[03/08/2021 22:14:42] /a
[03/08/2021 22:14:42] /a
[03/08/2021 22:14:43] /a
[03/08/2021 22:14:44] /a
[03/08/2021 22:14:45] /a
[03/08/2021 22:14:45] /a
[03/08/2021 22:14:45] /a
[03/08/2021 22:16:30] /reload monster
[03/08/2021 22:19:13] /t
[03/08/2021 22:19:20] /goto clasus
[03/08/2021 22:19:21] /a 2
[03/08/2021 22:19:23] /a 2
[03/08/2021 22:19:39] /a
[03/08/2021 22:19:42] /c druid master
[03/08/2021 22:22:34] /reload spells
[03/08/2021 22:23:00] /reload spells
[03/08/2021 22:23:22] /reload spells
[03/08/2021 22:24:11] /i max power rune
[03/08/2021 22:28:33] /reload spells
[03/08/2021 22:29:17] /reload spells
[03/08/2021 22:29:52] /reload spells
[03/08/2021 22:31:01] /c palyuuu
[03/08/2021 22:31:19] /c palyduuu
[03/08/2021 22:37:59] /c rei pally
[03/08/2021 22:44:52] /reload spells
[03/08/2021 22:44:56] /goto druid master
[03/08/2021 22:47:33] /reload spells
[03/08/2021 22:47:52] /goto druid master
[03/08/2021 22:48:25] /goto druid master
[03/08/2021 22:48:33] /a
[03/08/2021 22:48:33] /a
[03/08/2021 22:48:34] /a
[03/08/2021 22:48:34] /a
[03/08/2021 22:48:35] /a
[03/08/2021 22:48:35] /a
[03/08/2021 22:48:35] /a
[03/08/2021 22:48:36] /a
[03/08/2021 22:49:08] /a
[03/08/2021 22:49:08] /a
[03/08/2021 22:49:08] /a
[03/08/2021 22:49:08] /a
[03/08/2021 22:49:08] /a
[03/08/2021 22:49:08] /a
[03/08/2021 22:49:09] /a
[03/08/2021 22:49:09] /a
[03/08/2021 22:49:09] /a
[03/08/2021 22:49:09] /a
[03/08/2021 22:49:09] /a
[03/08/2021 22:49:09] /a
[03/08/2021 22:49:09] /a
[03/08/2021 22:49:09] /a
[03/08/2021 22:49:09] /a
[03/08/2021 22:49:09] /a
[03/08/2021 22:49:09] /a
[03/08/2021 22:49:09] /a
[03/08/2021 22:49:09] /a
[03/08/2021 22:49:09] /a
[03/08/2021 22:49:09] /a
[03/08/2021 22:49:09] /a
[03/08/2021 22:49:09] /a
[03/08/2021 22:49:09] /a
[03/08/2021 22:49:09] /a
[03/08/2021 22:49:09] /a
[03/08/2021 22:49:09] /a
[03/08/2021 22:49:09] /a
[03/08/2021 22:49:09] /a
[03/08/2021 22:49:09] /a
[03/08/2021 22:49:09] /a
[03/08/2021 22:49:09] /a
[03/08/2021 22:49:09] /a
[03/08/2021 22:49:09] /a
[03/08/2021 22:49:09] /a
[03/08/2021 22:49:09] /a
[03/08/2021 22:49:09] /a
[03/08/2021 22:49:10] /a
[03/08/2021 22:49:10] /a
[03/08/2021 22:49:10] /a
[03/08/2021 22:49:10] /a
[03/08/2021 22:49:10] /a
[03/08/2021 22:49:10] /a
[03/08/2021 22:49:10] /a
[03/08/2021 22:49:10] /a
[03/08/2021 22:49:10] /a
[03/08/2021 22:49:10] /a
[03/08/2021 22:49:10] /a
[03/08/2021 22:49:10] /a
[03/08/2021 22:49:10] /a
[03/08/2021 22:49:10] /a
[03/08/2021 22:49:10] /a
[03/08/2021 22:49:10] /a
[03/08/2021 22:49:10] /a
[03/08/2021 22:49:11] /a
[03/08/2021 22:49:11] /a
[03/08/2021 22:49:11] /a
[03/08/2021 22:49:11] /a
[03/08/2021 22:49:11] /a
[03/08/2021 22:49:11] /a
[03/08/2021 22:49:11] /a
[03/08/2021 22:49:11] /a
[03/08/2021 22:49:11] /a
[03/08/2021 22:49:11] /a
[03/08/2021 22:49:11] /a
[03/08/2021 22:49:11] /a
[03/08/2021 22:49:11] /a
[03/08/2021 22:49:11] /a
[03/08/2021 22:49:12] /a
[03/08/2021 22:49:12] /a
[03/08/2021 22:49:12] /a
[03/08/2021 22:49:12] /a
[03/08/2021 22:49:13] /a
[03/08/2021 22:49:13] /a
[03/08/2021 22:49:13] /a
[03/08/2021 22:49:13] /a
[03/08/2021 22:49:13] /a
[03/08/2021 22:49:13] /a
[03/08/2021 22:49:13] /a
[03/08/2021 22:49:13] /a
[03/08/2021 22:49:13] /a
[03/08/2021 22:49:13] /a
[03/08/2021 22:49:13] /a
[03/08/2021 22:49:13] /a
[03/08/2021 22:49:13] /a
[03/08/2021 22:49:13] /a
[03/08/2021 22:49:13] /a
[03/08/2021 22:49:13] /a
[03/08/2021 22:49:13] /a
[03/08/2021 22:49:14] /a
[03/08/2021 22:49:14] /a
[03/08/2021 22:49:14] /a
[03/08/2021 22:49:14] /a
[03/08/2021 22:49:14] /a
[03/08/2021 22:49:14] /a
[03/08/2021 22:49:14] /a
[03/08/2021 22:49:14] /a
[03/08/2021 22:49:14] /a
[03/08/2021 22:49:14] /a
[03/08/2021 22:49:15] /a
[03/08/2021 22:49:15] /a
[03/08/2021 22:49:15] /a
[03/08/2021 22:49:15] /a
[03/08/2021 22:49:15] /a
[03/08/2021 22:49:15] /a
[03/08/2021 22:49:15] /a
[03/08/2021 22:49:15] /a
[03/08/2021 22:49:15] /a
[03/08/2021 22:49:15] /a
[03/08/2021 22:49:15] /a
[03/08/2021 22:49:15] /a
[03/08/2021 22:49:15] /a
[03/08/2021 22:49:15] /a
[03/08/2021 22:49:15] /a
[03/08/2021 22:49:15] /a
[03/08/2021 22:49:15] /a
[03/08/2021 22:49:16] /a
[03/08/2021 22:49:16] /a
[03/08/2021 22:49:16] /a
[03/08/2021 22:49:16] /a
[03/08/2021 22:49:16] /a
[03/08/2021 22:49:16] /a
[03/08/2021 22:49:16] /a
[03/08/2021 22:49:16] /a
[03/08/2021 22:49:16] /a
[03/08/2021 22:49:16] /a
[03/08/2021 22:49:16] /a
[03/08/2021 22:49:16] /a
[03/08/2021 22:49:16] /a
[03/08/2021 22:49:16] /a
[03/08/2021 22:49:16] /a
[03/08/2021 22:49:16] /a
[03/08/2021 22:49:16] /a
[03/08/2021 22:49:16] /a
[03/08/2021 22:49:16] /a
[03/08/2021 22:49:16] /a
[03/08/2021 22:49:16] /a
[03/08/2021 22:49:16] /a
[03/08/2021 22:49:17] /a
[03/08/2021 22:49:17] /a
[03/08/2021 22:49:17] /a
[03/08/2021 22:49:17] /a
[03/08/2021 22:49:17] /a
[03/08/2021 22:49:17] /a
[03/08/2021 22:49:17] /a
[03/08/2021 22:49:17] /a
[03/08/2021 22:49:17] /a
[03/08/2021 22:49:17] /a
[03/08/2021 22:49:17] /a
[03/08/2021 22:49:17] /a
[03/08/2021 22:49:17] /a
[03/08/2021 22:49:17] /a
[03/08/2021 22:49:17] /a
[03/08/2021 22:49:18] /a
[03/08/2021 22:49:18] /a
[03/08/2021 22:49:18] /a
[03/08/2021 22:49:18] /a
[03/08/2021 22:49:18] /a
[03/08/2021 22:49:18] /a
[03/08/2021 22:49:18] /a
[03/08/2021 22:49:18] /a
[03/08/2021 22:49:18] /a
[03/08/2021 22:49:18] /a
[03/08/2021 22:49:18] /a
[03/08/2021 22:49:18] /a
[03/08/2021 22:49:18] /a
[03/08/2021 22:49:18] /a
[03/08/2021 22:49:18] /a
[03/08/2021 22:49:18] /a
[03/08/2021 22:49:18] /a
[03/08/2021 22:49:19] /a
[03/08/2021 22:49:19] /a
[03/08/2021 22:49:19] /a
[03/08/2021 22:49:19] /a
[03/08/2021 22:49:19] /a
[03/08/2021 22:49:19] /a
[03/08/2021 22:49:19] /a
[03/08/2021 22:49:19] /a
[03/08/2021 22:49:19] /a
[03/08/2021 22:49:19] /a
[03/08/2021 22:49:19] /a
[03/08/2021 22:49:19] /a
[03/08/2021 22:49:19] /a
[03/08/2021 22:49:19] /a
[03/08/2021 22:49:19] /a
[03/08/2021 22:49:20] /a
[03/08/2021 22:49:20] /a
[03/08/2021 22:49:20] /a
[03/08/2021 22:49:20] /a
[03/08/2021 22:49:20] /a
[03/08/2021 22:49:20] /a
[03/08/2021 22:49:20] /a
[03/08/2021 22:49:20] /a
[03/08/2021 22:49:20] /a
[03/08/2021 22:49:20] /a
[03/08/2021 22:49:20] /a
[03/08/2021 22:49:20] /a
[03/08/2021 22:49:20] /a
[03/08/2021 22:49:25] /a
[03/08/2021 22:49:25] /a
[03/08/2021 22:49:25] /a
[03/08/2021 22:49:26] /a
[03/08/2021 22:49:26] /a
[03/08/2021 22:49:26] /a
[03/08/2021 22:49:26] /a
[03/08/2021 22:49:26] /a
[03/08/2021 22:49:27] /a
[03/08/2021 22:49:27] /a
[03/08/2021 22:50:20] /a
[03/08/2021 22:50:20] /a
[03/08/2021 22:50:20] /a
[03/08/2021 22:50:20] /a
[03/08/2021 22:50:20] /a
[03/08/2021 22:50:21] /a
[03/08/2021 22:50:21] /a
[03/08/2021 22:50:21] /a
[03/08/2021 22:50:21] /a
[03/08/2021 22:50:21] /a
[03/08/2021 22:50:21] /a
[03/08/2021 22:50:21] /a
[03/08/2021 22:50:21] /a
[03/08/2021 22:50:21] /a
[03/08/2021 22:50:21] /a
[03/08/2021 22:50:21] /a
[03/08/2021 22:50:21] /a
[03/08/2021 22:50:21] /a
[03/08/2021 22:50:21] /a
[03/08/2021 22:50:21] /a
[03/08/2021 22:50:22] /a
[03/08/2021 22:50:22] /a
[03/08/2021 22:50:22] /a
[03/08/2021 22:50:22] /a
[03/08/2021 22:50:22] /a
[03/08/2021 22:50:22] /a
[03/08/2021 22:50:22] /a
[03/08/2021 22:50:22] /a
[03/08/2021 22:50:22] /a
[03/08/2021 22:50:22] /a
[03/08/2021 22:50:22] /a
[03/08/2021 22:50:22] /a
[03/08/2021 22:50:23] /a
[03/08/2021 22:50:23] /a
[03/08/2021 22:50:23] /a
[03/08/2021 22:50:24] /goto druid master
[03/08/2021 22:50:26] /a
[03/08/2021 22:50:32] /a
[03/08/2021 22:50:59] /a
[03/08/2021 22:51:00] /a
[03/08/2021 22:51:00] /a
[03/08/2021 22:51:00] /a
[03/08/2021 22:51:04] /a
[03/08/2021 22:51:04] /a
[03/08/2021 22:51:05] /a
[03/08/2021 22:51:05] /a
[03/08/2021 22:51:05] /a
[03/08/2021 22:51:05] /a
[03/08/2021 22:51:05] /a
[03/08/2021 22:51:05] /a
[03/08/2021 22:51:05] /a
[03/08/2021 22:51:05] /a
[03/08/2021 22:51:05] /a
[03/08/2021 22:51:05] /a
[03/08/2021 22:51:06] /a
[03/08/2021 22:51:06] /a
[03/08/2021 22:51:06] /a
[03/08/2021 22:51:06] /a
[03/08/2021 22:51:06] /a
[03/08/2021 22:51:06] /a
[03/08/2021 22:51:06] /a
[03/08/2021 22:51:07] /a
[03/08/2021 22:51:07] /a
[03/08/2021 22:51:07] /a
[03/08/2021 22:51:07] /a
[03/08/2021 22:51:07] /a
[03/08/2021 22:51:07] /a
[03/08/2021 22:51:07] /a
[03/08/2021 22:51:07] /a
[03/08/2021 22:51:07] /a
[03/08/2021 22:51:08] /a
[03/08/2021 22:51:08] /a
[03/08/2021 22:51:08] /a
[03/08/2021 22:51:09] /a
[03/08/2021 22:51:09] /a
[03/08/2021 22:51:09] /a
[03/08/2021 22:51:09] /a
[03/08/2021 22:51:11] /a
[03/08/2021 22:51:11] /a
[03/08/2021 22:51:11] /a
[03/08/2021 22:51:11] /a
[03/08/2021 22:51:12] /a
[03/08/2021 22:51:12] /a
[03/08/2021 22:51:13] /a
[03/08/2021 22:51:13] /a
[03/08/2021 22:51:13] /a
[03/08/2021 22:51:15] /a
[03/08/2021 22:51:16] /a
[03/08/2021 22:51:17] /a
[03/08/2021 22:51:17] /a
[03/08/2021 22:51:18] /a
[03/08/2021 22:51:18] /a
[03/08/2021 22:51:19] /a
[03/08/2021 22:51:20] /a
[03/08/2021 22:51:21] /a
[03/08/2021 22:51:40] /a
[03/08/2021 22:51:41] /a
[03/08/2021 22:51:41] /a
[03/08/2021 22:51:42] /a
[03/08/2021 22:51:42] /a
[03/08/2021 22:51:42] /a
[03/08/2021 22:51:42] /a
[03/08/2021 22:51:42] /a
[03/08/2021 22:51:42] /a
[03/08/2021 22:51:42] /a
[03/08/2021 22:51:43] /a
[03/08/2021 22:51:43] /a
[03/08/2021 22:51:43] /a
[03/08/2021 22:51:43] /a
[03/08/2021 22:51:43] /a
[03/08/2021 22:51:43] /a
[03/08/2021 22:51:43] /a
[03/08/2021 22:51:43] /a
[03/08/2021 22:51:43] /a
[03/08/2021 22:51:43] /a
[03/08/2021 22:51:43] /a
[03/08/2021 22:51:43] /a
[03/08/2021 22:51:43] /a
[03/08/2021 22:51:43] /a
[03/08/2021 22:51:44] /a
[03/08/2021 22:51:44] /a
[03/08/2021 22:51:44] /a
[03/08/2021 22:51:44] /a
[03/08/2021 22:51:44] /a
[03/08/2021 22:51:44] /a
[03/08/2021 22:51:44] /a
[03/08/2021 22:51:44] /a
[03/08/2021 22:51:44] /a
[03/08/2021 22:51:44] /a
[03/08/2021 22:51:44] /a
[03/08/2021 22:51:44] /a
[03/08/2021 22:51:45] /a
[03/08/2021 22:51:45] /a
[03/08/2021 22:51:45] /a
[03/08/2021 22:51:45] /a
[03/08/2021 22:51:45] /a
[03/08/2021 22:51:45] /a
[03/08/2021 22:51:45] /a
[03/08/2021 22:51:45] /a
[03/08/2021 22:51:45] /a
[03/08/2021 22:51:52] /a
[03/08/2021 22:51:53] /a
[03/08/2021 22:52:04] /a
[03/08/2021 22:52:06] /a
[03/08/2021 22:52:06] /a
[03/08/2021 22:52:47] /a
[03/08/2021 22:52:48] /a
[03/08/2021 22:53:22] /goto druid master
[03/08/2021 22:53:24] /a
[03/08/2021 22:53:24] /a
[03/08/2021 22:53:24] /a
[03/08/2021 22:53:25] /a
[03/08/2021 22:53:25] /a
[03/08/2021 22:53:25] /a
[03/08/2021 22:53:25] /a
[03/08/2021 22:53:26] /a
[03/08/2021 22:53:26] /a
[03/08/2021 22:53:27] /a
[03/08/2021 22:53:27] /a
[03/08/2021 22:53:27] /a
[03/08/2021 22:53:41] /a
[03/08/2021 22:53:42] /a
[03/08/2021 22:53:43] /a
[03/08/2021 22:53:50] /t
[03/08/2021 22:59:07] /a
[03/08/2021 22:59:07] /a
[03/08/2021 22:59:07] /a
[03/08/2021 22:59:07] /a
[03/08/2021 22:59:08] /a
[03/08/2021 22:59:08] /a
[03/08/2021 22:59:08] /a
[03/08/2021 22:59:08] /a
[03/08/2021 22:59:08] /a
[03/08/2021 22:59:08] /a
[03/08/2021 22:59:08] /a
[03/08/2021 22:59:08] /a
[03/08/2021 22:59:09] /a
[03/08/2021 22:59:10] /a
[03/08/2021 22:59:13] /a
[03/08/2021 22:59:14] /a
[03/08/2021 22:59:14] /a
[03/08/2021 22:59:14] /a
[03/08/2021 22:59:14] /a
[03/08/2021 22:59:15] /a
[03/08/2021 22:59:15] /a
[03/08/2021 22:59:15] /a
[03/08/2021 22:59:15] /a
[03/08/2021 22:59:16] /a
[03/08/2021 22:59:20] /a
[03/08/2021 22:59:20] /a
[03/08/2021 22:59:20] /a
[03/08/2021 22:59:21] /a
[03/08/2021 22:59:21] /a
[03/08/2021 22:59:21] /a
[03/08/2021 22:59:21] /a
[03/08/2021 22:59:21] /a
[03/08/2021 22:59:21] /a
[03/08/2021 22:59:21] /a
[03/08/2021 22:59:21] /a
[03/08/2021 22:59:22] /a
[03/08/2021 22:59:22] /a
[03/08/2021 22:59:23] /a
[03/08/2021 22:59:23] /a
[03/08/2021 22:59:24] /a
[03/08/2021 22:59:24] /a
[03/08/2021 22:59:24] /a
[03/08/2021 22:59:25] /a
[03/08/2021 22:59:25] /a
[03/08/2021 22:59:34] /a 10
[03/08/2021 22:59:37] /a
[03/08/2021 22:59:37] /a
[03/08/2021 22:59:38] /a
[03/08/2021 22:59:38] /a
[03/08/2021 22:59:39] /a
[03/08/2021 22:59:40] /a
[03/08/2021 22:59:40] /a
[03/08/2021 22:59:42] /a
[03/08/2021 22:59:43] /a
[03/08/2021 22:59:52] /t
[03/08/2021 22:59:53] /a
[03/08/2021 22:59:54] /a
[03/08/2021 22:59:54] /a
[03/08/2021 22:59:54] /a
[03/08/2021 22:59:54] /a
[03/08/2021 22:59:55] /a
[03/08/2021 22:59:56] /a
[03/08/2021 23:00:53] /reload monster
[03/08/2021 23:00:58] /a
[03/08/2021 23:00:59] /a
[03/08/2021 23:00:59] /a
[03/08/2021 23:00:59] /a
[03/08/2021 23:00:59] /a
[03/08/2021 23:00:59] /a
[03/08/2021 23:00:59] /a
[03/08/2021 23:00:59] /a
[03/08/2021 23:00:59] /a
[03/08/2021 23:00:59] /a
[03/08/2021 23:00:59] /a
[03/08/2021 23:00:59] /a
[03/08/2021 23:00:59] /a
[03/08/2021 23:01:00] /a
[03/08/2021 23:01:00] /a
[03/08/2021 23:01:00] /a
[03/08/2021 23:01:01] /a
[03/08/2021 23:01:01] /a
[03/08/2021 23:01:01] /a
[03/08/2021 23:01:01] /a
[03/08/2021 23:01:01] /a
[03/08/2021 23:01:01] /a
[03/08/2021 23:01:01] /a
[03/08/2021 23:01:01] /a
[03/08/2021 23:01:01] /a
[03/08/2021 23:01:01] /a
[03/08/2021 23:01:01] /a
[03/08/2021 23:01:14] /goto palyuuu
[03/08/2021 23:01:16] /t
[03/08/2021 23:01:18] /a
[03/08/2021 23:01:22] /a
[03/08/2021 23:01:22] /a
[03/08/2021 23:01:22] /a
[03/08/2021 23:01:23] /a
[03/08/2021 23:01:29] /goto palyuuu
[03/08/2021 23:06:11] /a
[03/08/2021 23:06:12] /a
[03/08/2021 23:06:12] /a
[03/08/2021 23:06:12] /a
[03/08/2021 23:06:12] /a
[03/08/2021 23:06:12] /a
[03/08/2021 23:06:12] /a
[03/08/2021 23:06:13] /a
[03/08/2021 23:06:13] /a
[03/08/2021 23:06:13] /a
[03/08/2021 23:06:13] /a
[03/08/2021 23:06:13] /a
[03/08/2021 23:06:13] /a
[03/08/2021 23:06:14] /a
[03/08/2021 23:06:15] /a
[03/08/2021 23:06:21] /up
[03/08/2021 23:06:23] /a
[03/08/2021 23:06:24] /a
[03/08/2021 23:06:36] /a
[03/08/2021 23:06:36] /a
[03/08/2021 23:06:36] /a
[03/08/2021 23:06:37] /a
[03/08/2021 23:06:37] /a
[03/08/2021 23:06:37] /a
[03/08/2021 23:06:37] /a
[03/08/2021 23:06:37] /a
[03/08/2021 23:06:37] /a
[03/08/2021 23:06:38] /a
[03/08/2021 23:06:42] /a
[03/08/2021 23:06:42] /a
[03/08/2021 23:06:42] /a
[03/08/2021 23:06:42] /a
[03/08/2021 23:06:43] /a
[03/08/2021 23:06:43] /a
[03/08/2021 23:06:43] /a
[03/08/2021 23:07:08] /t
[03/08/2021 23:08:25] /reload monster
[03/08/2021 23:08:32] /a
[03/08/2021 23:08:32] /a
[03/08/2021 23:08:33] /a
[03/08/2021 23:08:33] /a
[03/08/2021 23:08:33] /a
[03/08/2021 23:08:34] /a
[03/08/2021 23:08:34] /a
[03/08/2021 23:08:34] /a
[03/08/2021 23:08:34] /a
[03/08/2021 23:08:36] /a
[03/08/2021 23:08:39] /a
[03/08/2021 23:08:40] /a
[03/08/2021 23:08:41] /a
[03/08/2021 23:08:41] /a
[03/08/2021 23:08:41] /a
[03/08/2021 23:09:12] /a
[03/08/2021 23:09:13] /a
[03/08/2021 23:09:13] /a
[03/08/2021 23:09:13] /a
[03/08/2021 23:09:13] /a
[03/08/2021 23:09:13] /a
[03/08/2021 23:09:13] /a
[03/08/2021 23:09:14] /a
[03/08/2021 23:09:14] /a
[03/08/2021 23:09:14] /a
[03/08/2021 23:09:14] /a
[03/08/2021 23:09:14] /a
[03/08/2021 23:09:14] /a
[03/08/2021 23:09:14] /a
[03/08/2021 23:09:17] /a
[03/08/2021 23:09:17] /a
[03/08/2021 23:09:17] /a
[03/08/2021 23:09:17] /a
[03/08/2021 23:09:17] /a
[03/08/2021 23:09:17] /a
[03/08/2021 23:09:17] /a
[03/08/2021 23:09:17] /a
[03/08/2021 23:09:17] /a
[03/08/2021 23:09:18] /a
[03/08/2021 23:09:18] /a
[03/08/2021 23:09:18] /a
[03/08/2021 23:09:18] /a
[03/08/2021 23:09:18] /a
[03/08/2021 23:09:18] /a
[03/08/2021 23:09:19] /a
[03/08/2021 23:09:19] /a
[03/08/2021 23:09:19] /a
[03/08/2021 23:09:19] /a
[03/08/2021 23:09:19] /a
[03/08/2021 23:09:19] /a
[03/08/2021 23:09:19] /a
[03/08/2021 23:09:19] /a
[03/08/2021 23:09:19] /a
[03/08/2021 23:09:19] /a
[03/08/2021 23:09:19] /a
[03/08/2021 23:09:20] /a
[03/08/2021 23:09:20] /a
[03/08/2021 23:09:20] /a
[03/08/2021 23:09:20] /a
[03/08/2021 23:09:20] /a
[03/08/2021 23:09:20] /a
[03/08/2021 23:09:20] /a
[03/08/2021 23:09:20] /a
[03/08/2021 23:09:21] /a
[03/08/2021 23:09:21] /a
[03/08/2021 23:09:21] /a
[03/08/2021 23:09:21] /a
[03/08/2021 23:09:21] /a
[03/08/2021 23:09:21] /a
[03/08/2021 23:09:21] /a
[03/08/2021 23:09:21] /a
[03/08/2021 23:09:21] /a
[03/08/2021 23:09:21] /a
[03/08/2021 23:09:21] /a
[03/08/2021 23:09:21] /a
[03/08/2021 23:09:21] /a
[03/08/2021 23:09:22] /a
[03/08/2021 23:09:22] /a
[03/08/2021 23:09:22] /a
[03/08/2021 23:09:22] /a
[03/08/2021 23:09:22] /a
[03/08/2021 23:09:23] /a
[03/08/2021 23:09:23] /a
[03/08/2021 23:09:23] /a
[03/08/2021 23:09:32] /a 10
[03/08/2021 23:09:33] /a
[03/08/2021 23:09:34] /a
[03/08/2021 23:09:38] /down
[03/08/2021 23:09:46] /a
[03/08/2021 23:09:47] /a
[03/08/2021 23:09:47] /a
[03/08/2021 23:09:47] /a
[03/08/2021 23:09:47] /a
[03/08/2021 23:09:48] /a
[03/08/2021 23:09:48] /a
[03/08/2021 23:09:48] /a
[03/08/2021 23:09:48] /a
[03/08/2021 23:09:48] /a
[03/08/2021 23:09:48] /a
[03/08/2021 23:09:48] /a
[03/08/2021 23:09:48] /a
[03/08/2021 23:09:49] /a
[03/08/2021 23:09:49] /a
[03/08/2021 23:09:49] /a
[03/08/2021 23:09:50] /a
[03/08/2021 23:10:18] /up
[03/08/2021 23:10:19] /up
[03/08/2021 23:10:22] /save
[04/08/2021 18:41:25] /goto rei pally
[04/08/2021 18:41:55] /goto morris
[04/08/2021 18:42:03] /goto kaio pally
[04/08/2021 18:42:09] /goto druid master
[04/08/2021 18:42:31] /a
[04/08/2021 18:42:31] /a
[04/08/2021 18:42:31] /a
[04/08/2021 18:42:31] /a
[04/08/2021 18:42:32] /a
[04/08/2021 18:42:32] /a
[04/08/2021 18:42:32] /a
[04/08/2021 18:42:33] /a
[04/08/2021 18:42:37] /a
[04/08/2021 18:42:37] /a
[04/08/2021 18:42:38] /a
[04/08/2021 18:42:38] /a
[04/08/2021 18:42:38] /a
[04/08/2021 18:42:41] /a
[04/08/2021 18:42:43] /a
[04/08/2021 18:42:43] /a
[04/08/2021 18:42:44] /a
[04/08/2021 18:42:44] /a
[04/08/2021 18:42:45] /a
[04/08/2021 18:42:45] /a
[04/08/2021 18:42:45] /a
[04/08/2021 18:42:45] /a
[04/08/2021 18:42:45] /a
[04/08/2021 18:42:45] /a
[04/08/2021 18:42:45] /a
[04/08/2021 18:42:45] /a
[04/08/2021 18:42:45] /a
[04/08/2021 18:42:45] /a
[04/08/2021 18:42:45] /a
[04/08/2021 18:42:45] /a
[04/08/2021 18:42:45] /a
[04/08/2021 18:42:45] /a
[04/08/2021 18:42:46] /a
[04/08/2021 18:42:48] /a
[04/08/2021 18:42:48] /a
[04/08/2021 18:42:48] /a
[04/08/2021 18:42:49] /a
[04/08/2021 18:42:49] /a
[04/08/2021 18:42:49] /a
[04/08/2021 18:42:52] /up
[04/08/2021 18:42:54] /a
[04/08/2021 18:42:54] /a
[04/08/2021 18:42:54] /a
[04/08/2021 18:42:55] /a
[04/08/2021 18:42:55] /a
[04/08/2021 18:42:56] /a
[04/08/2021 18:43:02] /a
[04/08/2021 18:43:04] /t
[04/08/2021 18:43:07] /a
[04/08/2021 18:43:07] /a
[04/08/2021 19:22:53] /goto rei pally
[04/08/2021 19:23:37] /goto rei pally
[04/08/2021 19:23:41] /a
[04/08/2021 19:23:43] /a
[04/08/2021 19:23:43] /a
[04/08/2021 19:23:43] /a
[04/08/2021 19:23:44] /a
[04/08/2021 19:23:44] /a
[04/08/2021 19:23:44] /a
[04/08/2021 19:23:44] /a
[04/08/2021 19:23:44] /a
[04/08/2021 19:23:44] /a
[04/08/2021 19:23:44] /a
[04/08/2021 19:23:44] /a
[04/08/2021 19:23:44] /a
[04/08/2021 19:23:44] /a
[04/08/2021 19:23:45] /a
[04/08/2021 19:23:45] /a
[04/08/2021 19:23:45] /a
[04/08/2021 19:23:45] /a
[04/08/2021 19:23:45] /a
[04/08/2021 19:23:45] /a
[04/08/2021 19:23:45] /a
[04/08/2021 19:23:45] /a
[04/08/2021 19:23:45] /a
[04/08/2021 19:23:45] /a
[04/08/2021 19:23:45] /a
[04/08/2021 19:23:45] /a
[04/08/2021 19:23:45] /a
[04/08/2021 19:23:45] /a
[04/08/2021 19:23:45] /a
[04/08/2021 19:23:45] /a
[04/08/2021 19:23:45] /a
[04/08/2021 19:23:46] /a
[04/08/2021 19:23:46] /a
[04/08/2021 19:23:46] /a
[04/08/2021 19:23:46] /a
[04/08/2021 19:23:46] /a
[04/08/2021 19:23:46] /a
[04/08/2021 19:23:46] /a
[04/08/2021 19:23:46] /a
[04/08/2021 19:23:46] /a
[04/08/2021 19:23:46] /a
[04/08/2021 19:23:46] /a
[04/08/2021 19:23:46] /a
[04/08/2021 19:23:46] /a
[04/08/2021 19:23:46] /a
[04/08/2021 19:23:46] /a
[04/08/2021 19:23:46] /a
[04/08/2021 19:23:46] /a
[04/08/2021 19:23:46] /a
[04/08/2021 19:23:46] /a
[04/08/2021 19:23:46] /a
[04/08/2021 19:23:46] /a
[04/08/2021 19:23:46] /a
[04/08/2021 19:23:46] /a
[04/08/2021 19:23:46] /a
[04/08/2021 19:23:46] /a
[04/08/2021 19:23:46] /a
[04/08/2021 19:23:46] /a
[04/08/2021 19:23:46] /a
[04/08/2021 19:23:46] /a
[04/08/2021 19:23:46] /a
[04/08/2021 19:23:47] /a
[04/08/2021 19:23:47] /a
[04/08/2021 19:23:47] /a
[04/08/2021 19:23:47] /a
[04/08/2021 19:23:47] /a
[04/08/2021 19:23:47] /a
[04/08/2021 19:23:47] /a
[04/08/2021 19:23:47] /a
[04/08/2021 19:23:47] /a
[04/08/2021 19:23:47] /a
[04/08/2021 19:23:47] /a
[04/08/2021 19:23:47] /a
[04/08/2021 19:23:47] /a
[04/08/2021 19:23:48] /a
[04/08/2021 19:23:49] /a
[04/08/2021 19:23:49] /a
[04/08/2021 19:23:49] /a
[04/08/2021 19:23:49] /a
[04/08/2021 19:23:49] /a
[04/08/2021 19:23:49] /a
[04/08/2021 19:23:49] /a
[04/08/2021 19:23:49] /a
[04/08/2021 19:23:49] /a
[04/08/2021 19:23:49] /a
[04/08/2021 19:23:49] /a
[04/08/2021 19:23:49] /a
[04/08/2021 19:23:49] /a
[04/08/2021 19:23:50] /a
[04/08/2021 19:23:50] /a
[04/08/2021 19:23:50] /a
[04/08/2021 19:23:50] /a
[04/08/2021 19:23:50] /a
[04/08/2021 19:23:50] /a
[04/08/2021 19:23:50] /a
[04/08/2021 19:23:50] /a
[04/08/2021 19:23:50] /a
[04/08/2021 19:23:50] /a
[04/08/2021 19:23:50] /a
[04/08/2021 19:23:50] /a
[04/08/2021 19:23:50] /a
[04/08/2021 19:23:50] /a
[04/08/2021 19:23:50] /a
[04/08/2021 19:23:50] /a
[04/08/2021 19:23:50] /a
[04/08/2021 19:23:50] /a
[04/08/2021 19:23:51] /a
[04/08/2021 19:23:51] /a
[04/08/2021 19:23:51] /a
[04/08/2021 19:23:51] /a
[04/08/2021 19:23:51] /a
[04/08/2021 19:23:51] /a
[04/08/2021 19:23:51] /a
[04/08/2021 19:23:51] /a
[04/08/2021 19:23:51] /a
[04/08/2021 19:23:51] /a
[04/08/2021 19:23:51] /a
[04/08/2021 19:23:51] /a
[04/08/2021 19:23:51] /a
[04/08/2021 19:23:51] /a
[04/08/2021 19:23:51] /a
[04/08/2021 19:23:51] /a
[04/08/2021 19:23:51] /a
[04/08/2021 19:23:51] /a
[04/08/2021 19:23:51] /a
[04/08/2021 19:23:51] /a
[04/08/2021 19:23:51] /a
[04/08/2021 19:23:51] /a
[04/08/2021 19:23:51] /a
[04/08/2021 19:23:51] /a
[04/08/2021 19:23:51] /a
[04/08/2021 19:23:51] /a
[04/08/2021 19:23:51] /a
[04/08/2021 19:23:51] /a
[04/08/2021 19:23:51] /a
[04/08/2021 19:23:51] /a
[04/08/2021 19:23:52] /a
[04/08/2021 19:23:52] /a
[04/08/2021 19:23:52] /a
[04/08/2021 19:23:52] /a
[04/08/2021 19:23:52] /a
[04/08/2021 19:23:52] /a
[04/08/2021 19:23:52] /a
[04/08/2021 19:23:52] /a
[04/08/2021 19:23:52] /a
[04/08/2021 19:23:52] /a
[04/08/2021 19:23:52] /a
[04/08/2021 19:23:52] /a
[04/08/2021 19:23:52] /a
[04/08/2021 19:23:52] /a
[04/08/2021 19:23:52] /a
[04/08/2021 19:23:52] /a
[04/08/2021 19:23:52] /a
[04/08/2021 19:23:52] /a
[04/08/2021 19:23:52] /a
[04/08/2021 19:23:52] /a
[04/08/2021 19:23:52] /a
[04/08/2021 19:23:52] /a
[04/08/2021 19:23:52] /a
[04/08/2021 19:23:52] /a
[04/08/2021 19:23:52] /a
[04/08/2021 19:23:52] /a
[04/08/2021 19:23:52] /a
[04/08/2021 19:23:52] /a
[04/08/2021 19:23:52] /a
[04/08/2021 19:23:52] /a
[04/08/2021 19:23:53] /a
[04/08/2021 19:23:53] /a
[04/08/2021 19:23:53] /a
[04/08/2021 19:23:53] /a
[04/08/2021 19:23:53] /a
[04/08/2021 19:23:53] /a
[04/08/2021 19:23:53] /a
[04/08/2021 19:23:53] /a
[04/08/2021 19:23:53] /a
[04/08/2021 19:23:53] /a
[04/08/2021 19:23:53] /a
[04/08/2021 19:23:53] /a
[04/08/2021 19:23:53] /a
[04/08/2021 19:23:53] /a
[04/08/2021 19:23:53] /a
[04/08/2021 19:23:53] /a
[04/08/2021 19:23:53] /a
[04/08/2021 19:23:53] /a
[04/08/2021 19:23:53] /a
[04/08/2021 19:23:53] /a
[04/08/2021 19:23:53] /a
[04/08/2021 19:23:53] /a
[04/08/2021 19:23:53] /a
[04/08/2021 19:23:53] /a
[04/08/2021 19:23:53] /a
[04/08/2021 19:23:53] /a
[04/08/2021 19:23:53] /a
[04/08/2021 19:23:53] /a
[04/08/2021 19:23:53] /a
[04/08/2021 19:23:54] /a
[04/08/2021 19:23:54] /a
[04/08/2021 19:23:54] /a
[04/08/2021 19:23:54] /a
[04/08/2021 19:23:54] /a
[04/08/2021 19:23:54] /a
[04/08/2021 19:23:54] /a
[04/08/2021 19:23:54] /a
[04/08/2021 19:23:55] /a
[04/08/2021 19:23:55] /a
[04/08/2021 19:23:55] /a
[04/08/2021 19:23:55] /a
[04/08/2021 19:23:55] /a
[04/08/2021 19:23:55] /a
[04/08/2021 19:23:55] /a
[04/08/2021 19:23:56] /a
[04/08/2021 19:23:56] /a
[04/08/2021 19:23:56] /a
[04/08/2021 19:23:56] /a
[04/08/2021 19:23:56] /a
[04/08/2021 19:23:56] /a
[04/08/2021 19:23:57] /a
[04/08/2021 19:23:57] /a
[04/08/2021 19:24:51] /a
[04/08/2021 19:24:52] /a
[04/08/2021 19:24:52] /a
[04/08/2021 19:25:30] /a
[04/08/2021 19:25:30] /a
[04/08/2021 19:25:30] /a
[04/08/2021 19:26:24] /goto rei pally
[04/08/2021 19:26:26] /a
[04/08/2021 19:26:26] /a
[04/08/2021 19:26:27] /a
[04/08/2021 19:26:27] /a
[04/08/2021 19:26:27] /a
[04/08/2021 19:26:28] /a
[04/08/2021 19:26:28] /a
[04/08/2021 19:26:28] /a
[04/08/2021 19:26:28] /a
[04/08/2021 19:26:28] /a
[04/08/2021 19:26:28] /a
[04/08/2021 19:26:53] /a
[04/08/2021 19:26:53] /a
[04/08/2021 19:26:53] /a
[04/08/2021 19:26:53] /a
[04/08/2021 19:26:54] /a
[04/08/2021 19:26:54] /a
[04/08/2021 19:26:54] /a
[04/08/2021 19:26:54] /a
[04/08/2021 19:26:54] /a
[04/08/2021 19:26:54] /a
[04/08/2021 19:26:55] /a
[04/08/2021 19:26:55] /a
[04/08/2021 19:26:55] /a
[04/08/2021 19:26:55] /a
[04/08/2021 19:26:55] /a
[04/08/2021 19:26:55] /a
[04/08/2021 19:26:56] /a
[04/08/2021 19:26:56] /a
[04/08/2021 19:26:57] /a
[04/08/2021 19:26:57] /a
[04/08/2021 19:26:57] /a
[04/08/2021 19:26:59] /a
[04/08/2021 19:26:59] /a
[04/08/2021 19:27:00] /a
[04/08/2021 19:27:00] /a
[04/08/2021 19:27:00] /a
[04/08/2021 19:27:01] /a
[04/08/2021 19:27:01] /a
[04/08/2021 19:27:01] /a
[04/08/2021 19:27:01] /a
[04/08/2021 19:27:01] /a
[04/08/2021 19:27:01] /a
[04/08/2021 19:27:01] /a
[04/08/2021 19:27:01] /a
[04/08/2021 19:27:01] /a
[04/08/2021 19:27:02] /a
[04/08/2021 19:27:02] /a
[04/08/2021 19:27:02] /a
[04/08/2021 19:27:02] /a
[04/08/2021 19:27:02] /a
[04/08/2021 19:27:03] /a
[04/08/2021 19:27:03] /a
[04/08/2021 19:27:04] /a
[04/08/2021 19:27:04] /a
[04/08/2021 19:27:04] /a
[04/08/2021 19:27:04] /a
[04/08/2021 19:27:04] /a
[04/08/2021 19:27:05] /a
[04/08/2021 19:27:05] /a
[04/08/2021 19:27:06] /a
[04/08/2021 19:27:06] /a
[04/08/2021 19:27:06] /a
[04/08/2021 19:27:06] /a
[04/08/2021 19:27:06] /a
[04/08/2021 19:27:06] /a
[04/08/2021 19:27:06] /a
[04/08/2021 19:27:06] /a
[04/08/2021 19:27:06] /a
[04/08/2021 19:27:06] /a
[04/08/2021 19:27:06] /a
[04/08/2021 19:27:06] /a
[04/08/2021 19:27:06] /a
[04/08/2021 19:27:06] /a
[04/08/2021 19:27:06] /a
[04/08/2021 19:27:08] /a
[04/08/2021 19:27:08] /a
[04/08/2021 19:27:11] /a
[04/08/2021 19:27:11] /a
[04/08/2021 19:27:12] /a
[04/08/2021 19:27:12] /a
[04/08/2021 19:27:23] /a
[04/08/2021 19:27:24] /a
[04/08/2021 19:27:25] /a
[04/08/2021 19:27:25] /a
[04/08/2021 19:27:26] /a
[04/08/2021 19:27:26] /a
[04/08/2021 19:27:27] /a
[04/08/2021 19:27:27] /a
[04/08/2021 19:27:27] /a
[04/08/2021 19:27:27] /a
[04/08/2021 19:27:27] /a
[04/08/2021 19:27:27] /a
[04/08/2021 19:27:28] /a
[04/08/2021 19:27:28] /a
[04/08/2021 19:27:28] /a
[04/08/2021 19:27:29] /a
[04/08/2021 19:27:29] /a
[04/08/2021 19:27:29] /a
[04/08/2021 19:27:29] /a
[04/08/2021 19:27:29] /a
[04/08/2021 19:27:29] /a
[04/08/2021 19:27:30] /a
[04/08/2021 19:27:30] /a
[04/08/2021 19:27:30] /a
[04/08/2021 19:27:30] /a
[04/08/2021 19:27:30] /a
[04/08/2021 19:27:30] /a
[04/08/2021 19:27:31] /a
[04/08/2021 19:27:31] /a
[04/08/2021 19:27:31] /a
[04/08/2021 19:27:31] /a
[04/08/2021 19:27:31] /a
[04/08/2021 19:27:31] /a
[04/08/2021 19:27:31] /a
[04/08/2021 19:27:31] /a
[04/08/2021 19:27:31] /a
[04/08/2021 19:27:31] /a
[04/08/2021 19:27:31] /a
[04/08/2021 19:27:31] /a
[04/08/2021 19:27:31] /a
[04/08/2021 19:27:31] /a
[04/08/2021 19:27:31] /a
[04/08/2021 19:27:31] /a
[04/08/2021 19:27:31] /a
[04/08/2021 19:27:32] /a
[04/08/2021 19:27:32] /a
[04/08/2021 19:27:32] /a
[04/08/2021 19:27:32] /a
[04/08/2021 19:27:32] /a
[04/08/2021 19:27:32] /a
[04/08/2021 19:27:32] /a
[04/08/2021 19:27:32] /a
[04/08/2021 19:27:32] /a
[04/08/2021 19:27:33] /a
[04/08/2021 19:27:33] /a
[04/08/2021 19:27:33] /a
[04/08/2021 19:27:33] /a
[04/08/2021 19:27:33] /a
[04/08/2021 19:27:33] /a
[04/08/2021 19:27:33] /a
[04/08/2021 19:27:33] /a
[04/08/2021 19:27:33] /a
[04/08/2021 19:27:33] /a
[04/08/2021 19:27:33] /a
[04/08/2021 19:27:33] /a
[04/08/2021 19:27:33] /a
[04/08/2021 19:27:33] /a
[04/08/2021 19:27:34] /a
[04/08/2021 19:27:35] /a
[04/08/2021 19:27:36] /a
[04/08/2021 19:27:36] /a
[04/08/2021 19:27:37] /a
[04/08/2021 19:27:37] /a
[04/08/2021 19:27:37] /a
[04/08/2021 19:27:37] /a
[04/08/2021 19:27:37] /a
[04/08/2021 19:27:37] /a
[04/08/2021 19:27:37] /a
[04/08/2021 19:27:37] /a
[04/08/2021 19:27:37] /a
[04/08/2021 19:27:37] /a
[04/08/2021 19:27:38] /a
[04/08/2021 19:27:38] /a
[04/08/2021 19:27:38] /a
[04/08/2021 19:27:38] /a
[04/08/2021 19:27:38] /a
[04/08/2021 19:27:39] /a
[04/08/2021 19:27:39] /a
[04/08/2021 19:27:40] /a
[04/08/2021 19:27:40] /a
[04/08/2021 19:27:40] /a
[04/08/2021 19:27:40] /a
[04/08/2021 19:27:40] /a
[04/08/2021 19:27:40] /a
[04/08/2021 19:27:40] /a
[04/08/2021 19:27:40] /a
[04/08/2021 19:27:40] /a
[04/08/2021 19:27:41] /a
[04/08/2021 19:27:41] /a
[04/08/2021 19:27:42] /a
[04/08/2021 19:27:43] /a
[04/08/2021 19:27:44] /a
[04/08/2021 19:27:46] /a
[04/08/2021 19:27:46] /a
[04/08/2021 19:27:47] /a
[04/08/2021 19:27:48] /a
[04/08/2021 19:27:49] /a
[04/08/2021 19:27:50] /a
[04/08/2021 19:27:50] /a
[04/08/2021 19:27:51] /a
[04/08/2021 19:27:51] /a
[04/08/2021 19:27:52] /a
[04/08/2021 19:28:07] /a
[04/08/2021 19:28:08] /a
[04/08/2021 19:28:08] /a
[04/08/2021 19:28:08] /a
[04/08/2021 19:28:08] /a
[04/08/2021 19:28:09] /a
[04/08/2021 19:28:09] /a
[04/08/2021 19:28:09] /a
[04/08/2021 19:28:09] /a
[04/08/2021 19:28:09] /a
[04/08/2021 19:28:09] /a
[04/08/2021 19:28:09] /a
[04/08/2021 19:28:09] /a
[04/08/2021 19:28:09] /a
[04/08/2021 19:28:09] /a
[04/08/2021 19:28:09] /a
[04/08/2021 19:28:09] /a
[04/08/2021 19:28:09] /a
[04/08/2021 19:28:09] /a
[04/08/2021 19:28:10] /a
[04/08/2021 19:28:10] /a
[04/08/2021 19:28:11] /a
[04/08/2021 19:28:11] /a
[04/08/2021 19:28:11] /a
[04/08/2021 19:28:18] /a
[04/08/2021 19:28:19] /a
[04/08/2021 19:28:22] /a
[04/08/2021 19:28:22] /a
[04/08/2021 19:28:22] /a
[04/08/2021 19:28:22] /a
[04/08/2021 19:28:23] /a
[04/08/2021 19:28:23] /a
[04/08/2021 19:28:23] /a
[04/08/2021 19:28:23] /a
[04/08/2021 19:28:23] /a
[04/08/2021 19:28:23] /a
[04/08/2021 19:28:23] /a
[04/08/2021 19:28:23] /a
[04/08/2021 19:28:23] /a
[04/08/2021 19:28:23] /a
[04/08/2021 19:28:24] /a
[04/08/2021 19:28:24] /a
[04/08/2021 19:28:24] /a
[04/08/2021 19:28:24] /a
[04/08/2021 19:28:24] /a
[04/08/2021 19:28:24] /a
[04/08/2021 19:28:24] /a
[04/08/2021 19:28:24] /a
[04/08/2021 19:28:25] /a
[04/08/2021 19:28:25] /a
[04/08/2021 19:28:25] /a
[04/08/2021 19:28:25] /a
[04/08/2021 19:28:26] /a
[04/08/2021 19:28:26] /a
[04/08/2021 19:28:27] /a
[04/08/2021 19:28:27] /a
[04/08/2021 19:28:27] /a
[04/08/2021 19:28:27] /a
[04/08/2021 19:28:27] /a
[04/08/2021 19:28:27] /a
[04/08/2021 19:28:27] /a
[04/08/2021 19:28:27] /a
[04/08/2021 19:28:27] /a
[04/08/2021 19:28:27] /a
[04/08/2021 19:28:28] /a
[04/08/2021 19:28:28] /a
[04/08/2021 19:28:28] /a
[04/08/2021 19:28:28] /a
[04/08/2021 19:28:28] /a
[04/08/2021 19:28:28] /a
[04/08/2021 19:28:28] /a
[04/08/2021 19:28:28] /a
[04/08/2021 19:28:30] /a
[04/08/2021 19:28:30] /a
[04/08/2021 19:28:31] /a
[04/08/2021 19:28:31] /a
[04/08/2021 19:28:31] /a
[04/08/2021 19:28:31] /a
[04/08/2021 19:28:31] /a
[04/08/2021 19:28:31] /a
[04/08/2021 19:28:31] /a
[04/08/2021 19:28:32] /a
[04/08/2021 19:28:32] /a
[04/08/2021 19:28:32] /a
[04/08/2021 19:28:32] /a
[04/08/2021 19:28:32] /a
[04/08/2021 19:28:32] /a
[04/08/2021 19:28:32] /a
[04/08/2021 19:28:32] /a
[04/08/2021 19:28:32] /a
[04/08/2021 19:28:32] /a
[04/08/2021 19:28:33] /a
[04/08/2021 19:28:33] /a
[04/08/2021 19:28:33] /a
[04/08/2021 19:28:35] /a
[04/08/2021 19:28:35] /a
[04/08/2021 19:28:36] /a
[04/08/2021 19:28:37] /a
[04/08/2021 19:28:37] /a
[04/08/2021 19:28:37] /a
[04/08/2021 19:28:37] /a
[04/08/2021 19:28:37] /a
[04/08/2021 19:28:37] /a
[04/08/2021 19:28:37] /a
[04/08/2021 19:28:37] /a
[04/08/2021 19:28:37] /a
[04/08/2021 19:28:38] /a
[04/08/2021 19:28:38] /a
[04/08/2021 19:28:38] /a
[04/08/2021 19:28:38] /a
[04/08/2021 19:28:38] /a
[04/08/2021 19:28:38] /a
[04/08/2021 19:28:38] /a
[04/08/2021 19:28:38] /a
[04/08/2021 19:28:38] /a
[04/08/2021 19:28:38] /a
[04/08/2021 19:28:38] /a
[04/08/2021 19:28:38] /a
[04/08/2021 19:28:38] /a
[04/08/2021 19:28:38] /a
[04/08/2021 19:28:38] /a
[04/08/2021 19:28:38] /a
[04/08/2021 19:28:38] /a
[04/08/2021 19:28:38] /a
[04/08/2021 19:28:38] /a
[04/08/2021 19:28:38] /a
[04/08/2021 19:28:38] /a
[04/08/2021 19:28:38] /a
[04/08/2021 19:28:38] /a
[04/08/2021 19:28:38] /a
[04/08/2021 19:28:38] /a
[04/08/2021 19:28:39] /a
[04/08/2021 19:28:39] /a
[04/08/2021 19:28:39] /a
[04/08/2021 19:28:39] /a
[04/08/2021 19:28:39] /a
[04/08/2021 19:28:39] /a
[04/08/2021 19:28:39] /a
[04/08/2021 19:28:39] /a
[04/08/2021 19:28:40] /a
[04/08/2021 19:28:40] /a
[04/08/2021 19:28:40] /a
[04/08/2021 19:28:40] /a
[04/08/2021 19:28:40] /a
[04/08/2021 19:28:40] /a
[04/08/2021 19:28:41] /a
[04/08/2021 19:28:41] /a
[04/08/2021 19:28:42] /a
[04/08/2021 19:29:07] /a
[04/08/2021 19:29:07] /a
[04/08/2021 19:29:07] /a
[04/08/2021 19:29:07] /a
[04/08/2021 19:29:07] /a
[04/08/2021 19:29:08] /a
[04/08/2021 19:29:08] /a
[04/08/2021 19:29:08] /a
[04/08/2021 19:29:08] /a
[04/08/2021 19:29:08] /a
[04/08/2021 19:29:08] /a
[04/08/2021 19:29:08] /a
[04/08/2021 19:29:08] /a
[04/08/2021 19:29:08] /a
[04/08/2021 19:29:08] /a
[04/08/2021 19:29:09] /a
[04/08/2021 19:29:09] /a
[04/08/2021 19:29:09] /a
[04/08/2021 19:29:09] /a
[04/08/2021 19:29:09] /a
[04/08/2021 19:29:09] /a
[04/08/2021 19:29:10] /a
[04/08/2021 19:29:10] /a
[04/08/2021 19:29:11] /a
[04/08/2021 19:29:11] /a
[04/08/2021 19:29:11] /a
[04/08/2021 19:29:11] /a
[04/08/2021 19:29:11] /a
[04/08/2021 19:29:11] /a
[04/08/2021 19:29:11] /a
[04/08/2021 19:29:11] /a
[04/08/2021 19:29:11] /a
[04/08/2021 19:29:11] /a
[04/08/2021 19:29:11] /a
[04/08/2021 19:29:11] /a
[04/08/2021 19:29:11] /a
[04/08/2021 19:29:11] /a
[04/08/2021 19:29:12] /a
[04/08/2021 19:29:12] /a
[04/08/2021 19:29:12] /a
[04/08/2021 19:29:12] /a
[04/08/2021 19:29:12] /a
[04/08/2021 19:29:12] /a
[04/08/2021 19:29:12] /a
[04/08/2021 19:29:12] /a
[04/08/2021 19:29:13] /a
[04/08/2021 19:29:14] /a
[04/08/2021 19:29:19] /a
[04/08/2021 19:29:20] /a
[04/08/2021 19:29:27] /goto rei pally
[04/08/2021 19:29:34] /a
[04/08/2021 19:29:34] /a
[04/08/2021 19:29:34] /a
[04/08/2021 19:29:35] /a
[04/08/2021 19:29:35] /a
[04/08/2021 19:29:35] /a
[04/08/2021 19:29:36] /a
[04/08/2021 19:29:36] /a
[04/08/2021 19:29:37] /a
[04/08/2021 19:29:37] /a
[04/08/2021 19:30:14] /a
[04/08/2021 19:30:15] /a
[04/08/2021 19:30:16] /a
[04/08/2021 19:30:17] /a
[04/08/2021 19:30:17] /a
[04/08/2021 19:30:18] /a
[04/08/2021 19:30:18] /a
[04/08/2021 19:30:18] /a
[04/08/2021 19:30:18] /a
[04/08/2021 19:30:31] /a
[04/08/2021 19:32:19] /a
[04/08/2021 19:32:19] /a
[04/08/2021 19:32:32] /goto kaio pally
[04/08/2021 19:32:34] /goto kaio pally
[04/08/2021 19:32:35] /goto kaio pally
[04/08/2021 19:32:36] /goto kaio pally
[04/08/2021 19:32:37] /goto kaio pally
[04/08/2021 19:32:44] /goto kaio pally
[04/08/2021 19:32:46] /goto kaio pally
[04/08/2021 19:32:49] /goto kaio pally
[04/08/2021 19:33:05] /goto kaio pally
[04/08/2021 19:33:10] /goto kaio pally
[04/08/2021 19:33:34] /goto Harbout Kina
[04/08/2021 19:34:09] /goto Harbout Kina
[04/08/2021 19:34:24] /goto Harbout Kina
[04/08/2021 19:34:26] /goto Harbout Kina
[04/08/2021 19:34:27] /goto Harbout Kina
[04/08/2021 19:34:29] /goto Harbout Kina
[04/08/2021 19:34:30] /goto Harbout Kina
[04/08/2021 19:34:33] /goto Harbout Kina
[04/08/2021 19:34:36] /goto Harbout Kina
[04/08/2021 19:34:38] /goto Harbout Kina
[04/08/2021 19:34:52] /goto Harbout Kina
[04/08/2021 19:34:54] /goto Harbout Kina
[04/08/2021 19:34:58] /goto Harbout Kina
[04/08/2021 19:35:01] /goto Harbout Kina
[04/08/2021 19:35:03] /goto Harbout Kina
[04/08/2021 19:53:06] /a
[04/08/2021 20:10:46] /goto clasus
[04/08/2021 20:10:47] /a
[04/08/2021 20:10:47] /a
[04/08/2021 20:10:47] /a
[04/08/2021 20:10:56] /t
[04/08/2021 20:11:03] /up
[04/08/2021 20:11:04] /up
[05/08/2021 00:17:53] /goto druid master
[05/08/2021 00:17:56] /goto druid master
[05/08/2021 00:17:58] /goto druid master
[05/08/2021 00:18:07] /goto poderoso pally
[05/08/2021 00:18:15] /a
[05/08/2021 00:18:16] /a
[05/08/2021 00:18:33] /goto pestana pally
[05/08/2021 00:18:54] /goto morris
[05/08/2021 00:18:58] /up
[05/08/2021 17:54:43] /t
[05/08/2021 17:54:53] /goto Druid Master
[05/08/2021 17:55:04] /a
[05/08/2021 17:55:04] /a
[05/08/2021 17:55:05] /a
[05/08/2021 17:55:05] /a
[05/08/2021 17:55:05] /a
[05/08/2021 17:55:07] /up
[05/08/2021 18:45:35] /t
[05/08/2021 18:45:52] /up
[05/08/2021 18:45:53] /up
[05/08/2021 18:46:03] /t
[05/08/2021 18:46:15] /goto barbout kina
[05/08/2021 18:46:24] /goto harbout kina
[05/08/2021 18:46:27] /t
[05/08/2021 18:53:54] /t
[05/08/2021 18:54:01] /goto mister zika
[05/08/2021 18:54:10] /goto pestana paly
[05/08/2021 18:54:22] /a
[05/08/2021 18:54:22] /a
[05/08/2021 18:54:23] /a
[05/08/2021 18:54:23] /a
[05/08/2021 18:54:23] /a
[05/08/2021 18:54:23] /a
[05/08/2021 18:54:23] /a
[05/08/2021 18:54:23] /a
[05/08/2021 18:54:23] /a
[05/08/2021 18:54:23] /a
[05/08/2021 18:54:23] /a
[05/08/2021 18:54:24] /a
[05/08/2021 18:54:24] /a
[05/08/2021 18:54:24] /a
[05/08/2021 18:54:24] /a
[05/08/2021 18:54:25] /a
[05/08/2021 18:54:25] /a
[05/08/2021 18:54:25] /a
[05/08/2021 18:54:25] /a
[05/08/2021 18:54:25] /a
[05/08/2021 18:54:25] /a
[05/08/2021 18:54:25] /a
[05/08/2021 18:54:25] /a
[05/08/2021 18:54:25] /a
[05/08/2021 18:54:25] /a
[05/08/2021 18:54:25] /a
[05/08/2021 18:54:26] /a
[05/08/2021 18:54:26] /a
[05/08/2021 18:54:26] /a
[05/08/2021 18:54:26] /a
[05/08/2021 18:54:26] /a
[05/08/2021 18:54:26] /a
[05/08/2021 18:54:26] /a
[05/08/2021 18:54:26] /a
[05/08/2021 18:54:26] /a
[05/08/2021 18:54:26] /a
[05/08/2021 18:54:26] /a
[05/08/2021 18:54:26] /a
[05/08/2021 18:54:26] /a
[05/08/2021 18:54:27] /a
[05/08/2021 18:54:27] /a
[05/08/2021 18:54:27] /a
[05/08/2021 18:54:27] /a
[05/08/2021 18:54:27] /a
[05/08/2021 18:54:27] /a
[05/08/2021 18:54:27] /a
[05/08/2021 18:54:27] /a
[05/08/2021 18:54:27] /a
[05/08/2021 18:54:27] /a
[05/08/2021 18:54:28] /a
[05/08/2021 18:54:28] /a
[05/08/2021 18:54:28] /a
[05/08/2021 18:54:28] /a
[05/08/2021 18:54:30] /a
[05/08/2021 18:54:30] /a
[05/08/2021 18:54:30] /a
[05/08/2021 18:54:30] /a
[05/08/2021 18:54:30] /a
[05/08/2021 18:54:30] /a
[05/08/2021 18:54:30] /a
[05/08/2021 18:54:30] /a
[05/08/2021 18:54:30] /a
[05/08/2021 18:54:32] /t
[05/08/2021 18:54:49] /up
[05/08/2021 18:54:50] /up
[05/08/2021 18:54:55] /save
[05/08/2021 19:04:48] /t
[05/08/2021 19:04:51] /a
[05/08/2021 19:04:51] /a
[05/08/2021 19:04:51] /a
[05/08/2021 19:40:27] /t
[05/08/2021 19:40:54] /a
[05/08/2021 19:40:56] /a
[05/08/2021 19:40:56] /a
[05/08/2021 19:40:58] /a
[05/08/2021 19:42:38] /a
[05/08/2021 19:42:38] /a
[05/08/2021 19:43:14] /down
[05/08/2021 19:43:30] /a
[05/08/2021 19:43:58] /mc
[05/08/2021 19:49:33] /mc
[05/08/2021 20:33:56] /a
[05/08/2021 20:33:56] /a
[05/08/2021 20:33:56] /a
[05/08/2021 20:33:56] /a
[05/08/2021 20:33:57] /a
[05/08/2021 20:33:58] /a
[05/08/2021 20:33:58] /a
[05/08/2021 20:33:58] /a
[05/08/2021 20:33:58] /a
[05/08/2021 20:33:58] /a
[05/08/2021 20:33:58] /a
[05/08/2021 20:33:58] /a
[05/08/2021 20:33:58] /a
[05/08/2021 20:33:59] /a
[05/08/2021 20:33:59] /a
[05/08/2021 20:47:33] /reload globalevents
[05/08/2021 20:48:53] /reload globalevents
[05/08/2021 20:49:20] /reload globalevents
[05/08/2021 20:52:08] /reload globalevents
[05/08/2021 20:55:13] /reload globalevents
[05/08/2021 21:03:06] /goto pestana paly
[05/08/2021 21:03:12] /goto pestana paly
[05/08/2021 21:03:23] /t
[05/08/2021 21:05:35] /reload talkactions
[05/08/2021 21:06:01] /reload talkactions
[05/08/2021 21:06:36] /reload talkactions
[05/08/2021 21:06:57] /reload talkactions
[05/08/2021 21:07:47] /reload talkactions
[05/08/2021 21:08:11] /reload talkactions
[05/08/2021 21:08:56] /reload talkactions
[05/08/2021 21:09:15] /reload talkactions
[05/08/2021 21:10:15] /reload talkactions
[05/08/2021 21:10:33] /reload talkactions
[05/08/2021 21:11:35] /up
[05/08/2021 21:11:38] /up
[05/08/2021 21:15:48] /t
[05/08/2021 21:15:59] /goto pila
[05/08/2021 21:16:38] /t
[05/08/2021 21:42:29] /goto pila
[05/08/2021 21:42:39] /a
[05/08/2021 21:42:40] /a
[05/08/2021 21:42:40] /a
[05/08/2021 21:42:40] /a
[05/08/2021 21:42:41] /a
[05/08/2021 21:42:41] /a
[05/08/2021 21:42:41] /a
[05/08/2021 21:42:41] /a
[05/08/2021 21:42:42] /a
[05/08/2021 21:42:42] /a
[05/08/2021 21:42:42] /a
[05/08/2021 21:42:43] /a
[05/08/2021 21:42:43] /a
[05/08/2021 21:42:44] /a
[05/08/2021 21:42:44] /a
[05/08/2021 21:42:45] /a
[05/08/2021 21:42:45] /a
[05/08/2021 21:42:54] /c pila
[05/08/2021 21:43:53] /goto pila
[05/08/2021 21:44:01] /goto pila
[05/08/2021 21:44:07] /goto pila
[05/08/2021 21:44:11] /goto pila
[05/08/2021 21:44:13] /goto pila
[05/08/2021 21:44:18] /goto pila
[05/08/2021 21:44:21] /goto pila
[05/08/2021 21:44:23] /goto pila
[05/08/2021 21:44:40] /c pila
[05/08/2021 21:45:19] /reload spells
[05/08/2021 21:47:51] /reload spells
[05/08/2021 21:49:39] /i 3965
[05/08/2021 21:49:50] /goto pila
[05/08/2021 21:52:02] /goto pila
[05/08/2021 21:52:18] /t
[05/08/2021 21:52:31] /goto poderoso pally
[05/08/2021 21:52:38] /t
[05/08/2021 22:23:40] /t
[05/08/2021 22:23:42] /up
[05/08/2021 22:23:43] /up
[06/08/2021 16:51:25] /goto rei pally
[06/08/2021 16:51:44] /goto mister zika
[06/08/2021 16:51:46] /t
[06/08/2021 16:52:09] /up
[06/08/2021 16:52:10] /up
[06/08/2021 16:52:22] /save
[06/08/2021 18:23:37] /goto harbout kina
[06/08/2021 18:23:42] /a
[06/08/2021 18:23:42] /a
[06/08/2021 18:23:43] /a
[06/08/2021 18:23:43] /a
[06/08/2021 18:23:44] /a
[06/08/2021 18:23:44] /a
[06/08/2021 18:23:45] /a
[06/08/2021 18:23:45] /a
[06/08/2021 18:23:46] /a
[06/08/2021 18:28:19] /goto rei pally
[06/08/2021 18:28:29] /goto rei pally
[06/08/2021 18:28:42] /goto rei pally
[06/08/2021 18:28:45] /goto rei pally
[06/08/2021 18:28:51] /goto rei pally
[06/08/2021 18:28:52] /goto rei pally
[06/08/2021 18:29:05] /goto rei pally
[06/08/2021 18:29:15] /t
[06/08/2021 18:29:54] /t
[06/08/2021 18:29:56] /a
[06/08/2021 18:29:57] /a
[06/08/2021 18:32:51] /goto rei pally
[06/08/2021 18:33:20] /goto rei pally
[06/08/2021 18:34:11] /reload spells
[06/08/2021 18:36:34] /t
[06/08/2021 18:36:44] /up
[06/08/2021 18:36:45] /up
[06/08/2021 18:36:47] /up
[06/08/2021 18:50:58] /t
[06/08/2021 18:54:24] /up
[06/08/2021 18:54:25] /up
[06/08/2021 18:54:27] /ghost
[06/08/2021 18:55:24] /ghost
[06/08/2021 18:55:26] /t
[06/08/2021 18:57:16] /ghost
[06/08/2021 19:14:01] /t
[06/08/2021 19:14:13] /i 2300
[06/08/2021 19:14:50] /goto Max Power Rush
[06/08/2021 19:14:53] /a
[06/08/2021 19:14:53] /a
[06/08/2021 19:14:53] /a
[06/08/2021 19:14:54] /a
[06/08/2021 19:14:55] /a
[06/08/2021 19:14:56] /a
[06/08/2021 19:14:56] /a
[06/08/2021 19:16:41] /t
[06/08/2021 19:16:46] /a 10
[06/08/2021 19:16:51] /a
[06/08/2021 19:35:29] /a
[06/08/2021 19:35:31] /a
[06/08/2021 19:35:31] /a
[06/08/2021 19:35:32] /a
[06/08/2021 19:35:32] /a
[06/08/2021 19:35:33] /a
[06/08/2021 19:35:35] /a
[06/08/2021 19:35:36] /a
[06/08/2021 19:35:37] /a
[06/08/2021 19:35:39] /a
[06/08/2021 19:35:39] /a
[06/08/2021 19:35:40] /a
[06/08/2021 19:35:52] /a
[06/08/2021 19:35:53] /a
[06/08/2021 19:36:46] /mc
[06/08/2021 19:36:58] /a
[06/08/2021 19:36:59] /a
[06/08/2021 19:37:00] /a
[06/08/2021 19:37:00] /a
[06/08/2021 19:37:01] /a
[06/08/2021 19:37:01] /a
[06/08/2021 19:37:16] /t
[06/08/2021 19:37:17] /a
[06/08/2021 19:37:17] /a
[06/08/2021 19:37:35] /a
[06/08/2021 19:37:35] /a
[06/08/2021 19:37:35] /a
[06/08/2021 19:37:37] /a
[06/08/2021 19:37:37] /a
[06/08/2021 19:37:37] /a
[06/08/2021 19:37:38] /a
[06/08/2021 19:47:41] /a
[06/08/2021 19:52:51] /a
[06/08/2021 19:52:51] /a
[06/08/2021 19:52:52] /a
[06/08/2021 19:52:52] /a
[06/08/2021 19:52:54] /a
[06/08/2021 19:52:54] /a
[06/08/2021 19:59:03] /goto harbout kina
[06/08/2021 19:59:23] /goto clasus
[06/08/2021 19:59:41] /a
[06/08/2021 19:59:49] /c harbout kina
[06/08/2021 20:00:26] /reload spells
[06/08/2021 20:00:50] /reload spells
[06/08/2021 20:01:14] /reload spells
[06/08/2021 20:04:46] /reload spells
[06/08/2021 20:05:49] /c Harbout Kina
[06/08/2021 20:13:29] /ghost
[06/08/2021 20:13:30] /t
[06/08/2021 20:13:35] /a
[06/08/2021 20:21:31] /up
[06/08/2021 20:21:32] /up
[06/08/2021 20:21:37] /save
[06/08/2021 20:23:30] /reload spells
[06/08/2021 20:38:06] /t
[06/08/2021 20:38:12] /up
[06/08/2021 20:38:14] /up
[07/08/2021 10:14:44] /t
[07/08/2021 10:16:37] /i 2290
[07/08/2021 10:17:48] /i 2289
[07/08/2021 10:18:05] /t
[07/08/2021 10:18:06] /a
[07/08/2021 10:18:06] /a
[07/08/2021 10:18:07] /a
[07/08/2021 10:18:07] /a
[07/08/2021 10:18:08] /a
[07/08/2021 10:18:08] /a
[07/08/2021 10:18:08] /a
[07/08/2021 10:18:08] /a
[07/08/2021 10:18:08] /a
[07/08/2021 10:18:08] /a
[07/08/2021 10:18:08] /a
[07/08/2021 10:18:08] /a
[07/08/2021 10:18:08] /a
[07/08/2021 10:18:08] /a
[07/08/2021 10:18:08] /a
[07/08/2021 10:18:08] /a
[07/08/2021 10:18:08] /a
[07/08/2021 10:18:08] /a
[07/08/2021 10:18:08] /a
[07/08/2021 10:18:08] /a
[07/08/2021 10:18:08] /a
[07/08/2021 10:18:08] /a
[07/08/2021 10:18:08] /a
[07/08/2021 10:18:08] /a
[07/08/2021 10:18:09] /a
[07/08/2021 10:18:09] /a
[07/08/2021 10:18:09] /a
[07/08/2021 10:18:09] /a
[07/08/2021 10:18:09] /a
[07/08/2021 10:18:09] /a
[07/08/2021 10:18:09] /a
[07/08/2021 10:18:09] /a
[07/08/2021 10:18:09] /a
[07/08/2021 10:18:09] /a
[07/08/2021 10:18:09] /a
[07/08/2021 10:18:09] /a
[07/08/2021 10:18:09] /a
[07/08/2021 10:18:09] /a
[07/08/2021 10:18:10] /a
[07/08/2021 10:18:10] /a
[07/08/2021 10:18:10] /a
[07/08/2021 10:18:11] /a
[07/08/2021 10:18:12] /a
[07/08/2021 10:20:49] /t
[07/08/2021 10:20:50] /a
[07/08/2021 10:20:50] /a
[07/08/2021 10:20:51] /a
[07/08/2021 10:20:51] /a
[07/08/2021 10:20:51] /a
[07/08/2021 10:20:52] /a
[07/08/2021 10:20:52] /a
[07/08/2021 10:20:52] /a
[07/08/2021 10:20:52] /a
[07/08/2021 10:20:53] /a
[07/08/2021 10:20:54] /a
[07/08/2021 10:20:54] /a
[07/08/2021 10:20:54] /a
[07/08/2021 10:20:54] /a
[07/08/2021 10:20:54] /a
[07/08/2021 10:20:54] /a
[07/08/2021 10:20:54] /a
[07/08/2021 10:20:55] /a
[07/08/2021 10:20:56] /a
[07/08/2021 10:20:56] /a
[07/08/2021 10:20:56] /a
[07/08/2021 10:20:56] /a
[07/08/2021 10:20:56] /a
[07/08/2021 10:20:56] /a
[07/08/2021 10:20:56] /a
[07/08/2021 10:20:56] /a
[07/08/2021 10:20:56] /a
[07/08/2021 10:20:56] /a
[07/08/2021 10:20:56] /a
[07/08/2021 10:20:56] /a
[07/08/2021 10:20:57] /a
[07/08/2021 10:20:57] /a
[07/08/2021 10:20:57] /a
[07/08/2021 10:20:57] /a
[07/08/2021 10:20:57] /a
[07/08/2021 10:20:57] /a
[07/08/2021 10:21:38] /i 2308
[07/08/2021 10:24:08] /m Training Monk
[07/08/2021 10:24:10] /a
[07/08/2021 10:24:11] /a
[07/08/2021 10:24:12] /m Training Monk
[07/08/2021 10:24:14] /a
[07/08/2021 10:24:14] /a
[07/08/2021 10:24:59] /t
[07/08/2021 10:26:01] /up
[07/08/2021 10:26:02] /up
[07/08/2021 10:37:50] /m Training Monk
[07/08/2021 10:52:18] /reload spells
[07/08/2021 10:55:25] /reload spells
[07/08/2021 10:56:43] /reload spells
[07/08/2021 11:00:55] /reload spells
[07/08/2021 11:02:24] /reload spells
[07/08/2021 11:03:02] /reload spells
[07/08/2021 11:03:25] /reload spells
[07/08/2021 11:04:28] /reload spells
[07/08/2021 11:04:31] /t
[07/08/2021 11:04:38] /up
[07/08/2021 11:04:41] /a
[07/08/2021 11:06:03] /reload spells
[07/08/2021 11:06:36] /reload spells
[07/08/2021 11:12:25] /reload spells
[07/08/2021 11:24:40] /t
[07/08/2021 11:24:42] /up
[07/08/2021 11:24:43] /up
[07/08/2021 11:27:05] /reload spells
[07/08/2021 11:27:46] /reload spells
[07/08/2021 11:28:54] /reload spells
[07/08/2021 11:33:07] /reload spells
[07/08/2021 11:37:35] /t
[07/08/2021 11:40:50] /up
[07/08/2021 11:40:50] /up
[07/08/2021 11:40:57] /reload talkactions
[07/08/2021 11:41:37] /reload talkactions
[07/08/2021 11:43:19] /i 2140
[07/08/2021 11:43:58] /clean
[07/08/2021 11:44:01] /i 2160
[07/08/2021 11:45:05] /reload talkactions
[07/08/2021 11:46:32] /r
[07/08/2021 11:47:10] /reload talkactions
[07/08/2021 11:47:31] /reload talkactions
[07/08/2021 11:48:01] /reload talkactions
[07/08/2021 11:50:37] /reload talkactions
[07/08/2021 11:53:33] /goto caperoto
[07/08/2021 11:53:37] /goto brutos
[07/08/2021 11:53:48] /goto harbout kina
[07/08/2021 11:54:13] /goto harbout kina
[07/08/2021 11:57:50] /up
[07/08/2021 11:57:51] /up
[07/08/2021 12:04:36] /reload spells
[07/08/2021 12:07:27] /reload spells
[07/08/2021 12:10:06] /reload spells
[07/08/2021 12:16:42] /reload talkactions
[07/08/2021 12:16:45] /reload spells
[07/08/2021 12:32:35] /reload spells
[07/08/2021 12:33:29] /reload spells
[07/08/2021 12:34:55] /reload spells
[07/08/2021 12:38:07] /reload spells
[07/08/2021 12:39:18] /reload spells
[07/08/2021 12:41:05] /reload spells
[07/08/2021 12:41:11] /reload spells
[07/08/2021 12:41:28] /reload spells
[07/08/2021 12:41:50] /reload spells
[07/08/2021 12:47:34] /reload spells
[07/08/2021 12:48:09] /reload spells
[07/08/2021 12:48:57] /reload spells
[07/08/2021 12:50:01] /reload spells
[07/08/2021 12:50:25] /goto druid master
[07/08/2021 12:50:32] /t
[07/08/2021 12:50:37] /up
[07/08/2021 12:50:37] /up
[07/08/2021 12:51:16] /reload spells
[07/08/2021 12:51:53] /reload spells
[07/08/2021 12:53:56] /reload spells
[07/08/2021 12:54:55] /reload spells
[07/08/2021 12:55:19] /reload spells
[07/08/2021 12:57:59] /goto rei pally
[07/08/2021 12:59:17] /c druid master
[07/08/2021 13:00:37] /reload spells
[07/08/2021 13:01:18] /reload spells
[07/08/2021 13:03:26] /reload spells
[07/08/2021 13:05:13] /reload spells
[07/08/2021 13:05:57] /reload spells
[07/08/2021 13:06:46] /reload spells
[07/08/2021 13:07:11] /reload spells
[07/08/2021 13:07:25] /reload spells
[07/08/2021 13:08:00] /r
[07/08/2021 13:08:09] /i 1484
[07/08/2021 13:08:13] /r
[07/08/2021 13:08:26] /a
[07/08/2021 13:09:55] /r
[07/08/2021 13:09:57] /a
[07/08/2021 13:09:58] /a
[07/08/2021 13:09:59] /a
[07/08/2021 13:10:10] /m training monk
[07/08/2021 13:10:11] /t
[07/08/2021 13:10:12] /a
[07/08/2021 13:10:15] /up
[07/08/2021 13:10:16] /up
[07/08/2021 13:14:55] /reload spells
[07/08/2021 13:16:09] /reload talkactions
[07/08/2021 13:18:47] /goto pestana paly
[07/08/2021 13:18:59] /goto harbout kina
[07/08/2021 13:19:03] /goto harbout kina
[07/08/2021 13:19:05] /goto harbout kina
[07/08/2021 13:19:10] /t
[07/08/2021 13:19:56] /up
[07/08/2021 13:19:58] /up
[07/08/2021 13:29:34] /reload spells
[07/08/2021 13:30:35] /reload spells
[07/08/2021 13:31:22] /reload spells
[07/08/2021 13:33:29] /reload spells
[07/08/2021 13:34:15] /m training monk
[07/08/2021 13:36:23] /reload spells
[07/08/2021 13:36:30] /t
[07/08/2021 13:36:40] /goto rei pally
[07/08/2021 13:36:47] /goto pestana paly
[07/08/2021 13:36:54] /goto pestana paly
[07/08/2021 13:36:59] /goto pestana paly
[07/08/2021 13:37:02] /goto pestana paly
[07/08/2021 13:37:10] /t
[07/08/2021 13:39:16] /reload spells
[07/08/2021 13:39:37] /reload spells
[07/08/2021 13:41:01] /reload spells
[07/08/2021 13:41:18] /m training monk
[07/08/2021 13:42:35] /reload spells
[07/08/2021 13:44:22] /reload spells
[07/08/2021 13:49:01] /reload talkactions
[07/08/2021 13:49:39] /reload talkactions
[07/08/2021 13:50:00] /reload talkactions
[07/08/2021 13:50:36] /reload talkactions
[07/08/2021 14:16:04] /goto druidzera
[07/08/2021 14:16:32] /a
[07/08/2021 14:16:34] /a
[07/08/2021 14:16:42] /t
[07/08/2021 14:16:50] /up
[07/08/2021 14:16:50] /up
[07/08/2021 14:18:54] /reload spells
[07/08/2021 14:22:46] /reload spells
[07/08/2021 14:23:13] /reload spells
[07/08/2021 14:24:07] /goto clasus
[07/08/2021 14:24:08] /a 2
[07/08/2021 14:24:10] /a 2
[07/08/2021 14:24:26] /a
[07/08/2021 14:24:34] /c rei pally
[07/08/2021 14:24:47] /c druid master
[07/08/2021 14:29:04] /reload spells
[07/08/2021 14:32:22] /reload spells
[07/08/2021 14:35:53] /reload spells
[07/08/2021 14:36:42] /reload spells
[07/08/2021 14:37:21] /reload spells
[07/08/2021 14:37:34] /m training monk
[07/08/2021 14:37:35] /m training monk
[07/08/2021 14:37:38] /m training monk
[07/08/2021 14:37:41] /m training monk
[07/08/2021 14:37:44] /a
[07/08/2021 14:37:48] /a
[07/08/2021 14:37:52] /reload spells
[07/08/2021 14:38:47] /reload spells
[07/08/2021 14:39:48] /reload spells
[07/08/2021 14:41:20] /reload spells
[07/08/2021 14:42:36] /reload spells
[07/08/2021 14:42:53] /reload spells
[07/08/2021 14:43:10] /reload spells
[07/08/2021 14:43:31] /reload spells
[07/08/2021 14:44:05] /reload spells
[07/08/2021 14:44:17] /a
[07/08/2021 14:44:18] /a
[07/08/2021 14:44:19] /a
[07/08/2021 14:44:26] /m training monk
[07/08/2021 14:44:29] /a
[07/08/2021 14:44:30] /a
[07/08/2021 14:44:31] /m training monk
[07/08/2021 14:44:32] /a
[07/08/2021 14:44:32] /a
[07/08/2021 14:44:33] /m training monk
[07/08/2021 14:44:36] /m training monk
[07/08/2021 14:44:40] /a
[07/08/2021 14:44:40] /a
[07/08/2021 14:44:43] /a
[07/08/2021 14:45:10] /t
[07/08/2021 14:45:32] /goto druid master
[07/08/2021 14:45:35] /t
[07/08/2021 14:45:49] /goto max power rush
[07/08/2021 14:46:04] /goto artemis
[07/08/2021 14:46:11] /goto druidzera
[07/08/2021 14:46:13] /goto druidzera
[07/08/2021 14:46:14] /goto druidzera
[07/08/2021 14:46:16] /goto druidzera
[07/08/2021 14:46:18] /goto druidzera
[07/08/2021 14:46:37] /t
[07/08/2021 14:46:41] /up
[07/08/2021 14:46:48] /r
[07/08/2021 14:53:52] /t
[07/08/2021 14:54:04] /goto artemiis
[07/08/2021 14:54:17] /goto artemiis
[07/08/2021 14:54:26] /goto artemiis
[07/08/2021 14:54:30] /goto artemiis
[07/08/2021 14:54:32] /goto artemiis
[07/08/2021 14:54:34] /goto artemiis
[07/08/2021 14:54:43] /goto artemiis
[07/08/2021 14:54:47] /goto artemiis
[07/08/2021 14:54:51] /goto artemiis
[07/08/2021 14:54:53] /goto artemiis
[07/08/2021 14:54:58] /goto artemiis
[07/08/2021 14:55:02] /goto artemiis
[07/08/2021 14:55:12] /goto artemiis
[07/08/2021 14:55:51] /goto artemiis
[07/08/2021 14:55:56] /goto artemiis
[07/08/2021 14:57:15] /goto artemiis
[07/08/2021 14:58:17] /goto artemiis
[07/08/2021 14:58:23] /goto artemiis
[07/08/2021 14:58:25] /goto artemiis
[07/08/2021 14:58:27] /goto artemiis
[07/08/2021 14:58:29] /goto artemiis
[07/08/2021 14:58:31] /goto artemiis
[07/08/2021 14:58:32] /goto artemiis
[07/08/2021 14:59:01] /goto artemiis
[07/08/2021 14:59:31] /t
[07/08/2021 14:59:42] /goto max power rush
[07/08/2021 14:59:52] /goto loirah
[07/08/2021 14:59:58] /a
[07/08/2021 14:59:58] /a
[07/08/2021 15:11:03] /goto loirah
[07/08/2021 15:11:05] /goto max power rush
[07/08/2021 15:11:11] /goto artemiis
[07/08/2021 15:11:14] /t
[07/08/2021 15:58:30] /goto artemiis
[07/08/2021 15:58:55] /goto max power rush
[07/08/2021 15:58:58] /t
[07/08/2021 15:59:00] /goto artemiis
[07/08/2021 16:50:50] /goto artemiis
[07/08/2021 16:50:53] /goto max power rush
[07/08/2021 16:50:55] /t
[07/08/2021 16:51:05] /t
[07/08/2021 16:51:08] /up
[07/08/2021 16:51:12] /up
[07/08/2021 17:47:48] /goto druid naster
[07/08/2021 17:47:53] /goto druid master
[07/08/2021 17:47:56] /t
[07/08/2021 17:51:10] /up
[07/08/2021 17:51:11] /up
[07/08/2021 18:09:38] /goto pestana paly
[07/08/2021 18:09:45] /goto rei pally
[07/08/2021 18:09:49] /t
[07/08/2021 18:09:53] /up
[07/08/2021 18:09:54] /up
[07/08/2021 18:10:00] /save
[07/08/2021 20:23:13] /goto druid master
[07/08/2021 20:23:30] /goto max power rush
[07/08/2021 20:23:46] /t
[07/08/2021 20:23:53] /up
[07/08/2021 20:23:54] /up
[07/08/2021 21:22:27] /t
[07/08/2021 21:22:37] /i 10020
[07/08/2021 21:22:41] /up
[07/08/2021 21:22:42] /up
[08/08/2021 17:32:30] /goto druid master
[08/08/2021 17:32:36] /goto kaio pally
[08/08/2021 17:32:45] /goto muthcka
[08/08/2021 17:32:52] /t
[08/08/2021 17:33:21] /up
[08/08/2021 17:33:24] /up
[08/08/2021 20:05:08] /i stamina potion
[08/08/2021 21:53:30] /t
[08/08/2021 21:53:50] /goto druid master
[08/08/2021 21:55:51] /goto druid master
[08/08/2021 21:57:44] /goto druid master
[08/08/2021 21:57:56] /a
[08/08/2021 21:58:10] /ghost
[08/08/2021 22:10:36] /reload spells
[08/08/2021 22:12:12] /reload spells
[08/08/2021 22:15:06] /reload spells
[08/08/2021 22:20:41] /reload spells
[08/08/2021 22:21:40] /reload spells
[08/08/2021 22:24:39] /t
[08/08/2021 22:29:04] /reload spells
[08/08/2021 22:29:14] /ghost
[08/08/2021 22:29:16] /a 5
[08/08/2021 22:29:18] /up
[08/08/2021 22:30:58] /reload spells
[08/08/2021 22:32:27] /reload spells
[08/08/2021 22:32:57] /reload spells
[08/08/2021 22:32:59] /up
[08/08/2021 22:33:31] /reload spells
[08/08/2021 22:34:25] /reload spells
[08/08/2021 22:35:16] /reload spells
[08/08/2021 22:35:17] /t
[08/08/2021 22:35:27] /goto mage do caralho
[08/08/2021 22:35:37] /goto rodrigo
[08/08/2021 22:37:01] /goto rodrigo
[08/08/2021 22:37:48] /goto rodrigo
[08/08/2021 22:38:46] /goto rodrigo
[08/08/2021 22:38:52] /goto rodrigo
[08/08/2021 22:39:02] /goto rodrigo
[08/08/2021 22:39:08] /goto rodrigo
[08/08/2021 22:39:16] /up
[08/08/2021 22:39:46] /up
[08/08/2021 22:39:47] /up
[08/08/2021 22:43:00] /goto rodrigo
[08/08/2021 22:43:20] /t
[08/08/2021 22:43:23] /up
[08/08/2021 22:43:28] /up
[08/08/2021 22:46:08] /down
[08/08/2021 22:46:41] /up
[08/08/2021 22:57:32] /down
[08/08/2021 22:57:48] /goto rodrigo
[08/08/2021 22:57:55] /t
[08/08/2021 22:57:58] /up
[08/08/2021 22:57:58] /up
[09/08/2021 18:21:03] /t
[09/08/2021 18:21:11] /goto druid master
[09/08/2021 18:21:27] /goto harbout kina
[09/08/2021 18:21:35] /goto max power rush
[09/08/2021 18:21:47] /goto druidzera
[09/08/2021 18:21:51] /t
[09/08/2021 18:21:57] /up
[09/08/2021 18:21:57] /up
[09/08/2021 19:48:09] /t
[09/08/2021 19:48:12] /up
[09/08/2021 19:48:29] /goto rodrigo
[09/08/2021 19:48:34] /t
[09/08/2021 19:49:54] /goto mage do caralho
[09/08/2021 19:50:00] /t
[09/08/2021 19:50:02] /up
[09/08/2021 19:50:33] /up
[09/08/2021 19:50:35] /up
[09/08/2021 19:51:30] /t
[09/08/2021 19:51:33] /up
[09/08/2021 19:52:06] /t
[09/08/2021 19:52:36] /up
[09/08/2021 19:52:38] /up
[09/08/2021 19:52:46] /down
[09/08/2021 19:53:58] /reload spells
[09/08/2021 19:54:41] /reload spells
[09/08/2021 19:55:02] /reload spells
[09/08/2021 19:56:11] /goto druid master
[09/08/2021 19:56:13] /goto druid master
[09/08/2021 19:56:19] /goto druid master
[09/08/2021 19:56:35] /goto druid master
[09/08/2021 19:56:37] /goto druid master
[09/08/2021 19:56:39] /goto druid master
[09/08/2021 20:01:51] /t
[09/08/2021 20:01:53] /up
[09/08/2021 20:02:14] /goto clasus
[09/08/2021 20:02:18] /a 2
[09/08/2021 20:02:51] /reload spells
[09/08/2021 20:04:04] /reload spells
[09/08/2021 20:05:24] /goto druid master
[09/08/2021 20:05:37] /goto druid master
[09/08/2021 20:05:42] /goto druid master
[09/08/2021 20:05:46] /t
[09/08/2021 20:05:51] /up
[09/08/2021 20:05:52] /up
[09/08/2021 20:06:45] /goto flavin do pneu
[09/08/2021 20:06:48] /t
[09/08/2021 20:12:23] /reload spells
[09/08/2021 20:16:44] /reload spells
[09/08/2021 20:17:38] /reload spells
[09/08/2021 20:18:14] /reload spells
[09/08/2021 20:19:09] /reload spells
[09/08/2021 20:22:23] /reload spells
[09/08/2021 20:24:18] /reload spells
[09/08/2021 20:25:18] /reload spells
[09/08/2021 20:28:05] /reload spells
[09/08/2021 20:29:07] /reload spells
[09/08/2021 20:29:43] /reload spells
[09/08/2021 20:30:02] /reload spells
[09/08/2021 20:31:51] /reload spells
[09/08/2021 20:33:10] /reload spells
[09/08/2021 20:34:12] /reload spells
[09/08/2021 20:34:40] /reload spells
[09/08/2021 20:34:48] /reload spells
[09/08/2021 20:35:11] /reload spells
[09/08/2021 20:36:06] /reload spells
[09/08/2021 20:36:51] /reload spells
[09/08/2021 20:38:02] /reload spells
[09/08/2021 20:40:23] /reload spells
[09/08/2021 20:41:40] /reload spells
[09/08/2021 20:42:18] /reload spells
[09/08/2021 20:42:46] /reload spells
[09/08/2021 20:42:51] /reload spells
[09/08/2021 20:43:40] /reload spells
[09/08/2021 20:44:39] /reload spells
[09/08/2021 20:45:27] /reload spells
[09/08/2021 20:47:36] /reload spells
[09/08/2021 20:48:10] /reload spells
[09/08/2021 20:48:22] /reload spells
[09/08/2021 20:48:26] /reload spells
[09/08/2021 20:48:58] /reload spells
[09/08/2021 20:49:22] /reload spells
[09/08/2021 20:51:16] /reload talkactions
[09/08/2021 20:53:59] /reload talkactions
[09/08/2021 20:54:43] /reload talkactions
[09/08/2021 20:54:59] /reload talkactions
[09/08/2021 20:56:55] /reload talkactions
[09/08/2021 20:59:19] /reload spells
[09/08/2021 21:01:42] /reload spells
[09/08/2021 21:02:06] /reload spells
[09/08/2021 21:03:16] /reload spells
[09/08/2021 21:05:15] /reload spells
[09/08/2021 21:08:38] /reload spells
[09/08/2021 21:09:13] /reload spells
[09/08/2021 21:20:12] /t
[09/08/2021 21:22:28] /reload talkactions
[09/08/2021 21:22:35] /up
[09/08/2021 21:22:36] /up
[09/08/2021 21:23:33] /reload talkactions
[09/08/2021 21:27:37] /reload spells
[09/08/2021 21:32:28] /reload spells
[09/08/2021 21:32:38] /t
[09/08/2021 21:33:57] /goto druid master
[09/08/2021 21:34:03] /t
[09/08/2021 21:34:05] /up
[09/08/2021 21:34:06] /up
[09/08/2021 21:38:41] /reload creaturescripts
[09/08/2021 21:39:44] /reload creaturescripts
[09/08/2021 21:43:06] /t
[09/08/2021 21:43:09] /goto clasus
[09/08/2021 21:43:11] /a 2
[09/08/2021 21:43:22] /a
[09/08/2021 21:43:29] /c druid master
[09/08/2021 21:47:40] /a 5
[09/08/2021 21:48:03] /goto clasus
[09/08/2021 21:48:06] /a 2
[09/08/2021 21:48:11] /c druid master
[09/08/2021 21:48:25] /up
[09/08/2021 21:48:26] /up
[09/08/2021 21:49:07] /reload spells
[09/08/2021 21:50:19] /reload spells
[09/08/2021 21:50:29] /goto training monk
[09/08/2021 21:50:33] /c druid master
[09/08/2021 21:52:44] /reload monster
[09/08/2021 21:53:06] /reload monster
[09/08/2021 21:53:24] /reload monster
[09/08/2021 21:53:32] /goto clasus
[09/08/2021 21:53:35] /a 5
[09/08/2021 21:53:40] /c druid master
[09/08/2021 21:53:43] /t
[09/08/2021 21:53:46] /up
[09/08/2021 21:53:47] /up
[09/08/2021 21:58:21] /reload talkactions
[09/08/2021 22:01:23] /reload talkactions
[09/08/2021 22:02:34] /goto druid master
[09/08/2021 22:02:37] /t
[09/08/2021 22:03:05] /up
[09/08/2021 22:03:06] /up
[09/08/2021 22:04:58] /reload talkactions
[09/08/2021 22:05:35] /reload talkactions
[09/08/2021 22:06:33] /reload talkactions
[09/08/2021 22:07:09] /t
[09/08/2021 22:07:12] /up
[09/08/2021 22:07:14] /up
[09/08/2021 22:07:19] /save
[09/08/2021 22:24:59] /goto harbout kina
[09/08/2021 22:25:01] /goto harbout kina
[09/08/2021 22:25:06] /t
[09/08/2021 22:25:11] /up
[09/08/2021 22:25:12] /up
[09/08/2021 22:28:02] /reload spells
[09/08/2021 22:31:19] /reload spells
[09/08/2021 22:31:45] /reload spells
[09/08/2021 22:32:12] /reload spells
[09/08/2021 22:35:57] /reload spells
[09/08/2021 22:49:39] /reload spells
[09/08/2021 22:52:23] /reload spells
[09/08/2021 22:53:39] /goto Muthcka
[09/08/2021 22:54:06] /up
[09/08/2021 22:54:08] /up
[09/08/2021 22:59:03] /reload talkactions
[09/08/2021 23:03:49] /reload spells
[09/08/2021 23:05:08] /reload spells
[09/08/2021 23:07:07] /reload talkactions
[09/08/2021 23:08:01] /r
[09/08/2021 23:08:03] /t
[09/08/2021 23:08:11] /goto muthcka
[09/08/2021 23:08:15] /t
[09/08/2021 23:08:19] /up
[09/08/2021 23:08:20] /up
[09/08/2021 23:09:31] /goto Flavin do pneu
[09/08/2021 23:09:33] /t
[09/08/2021 23:09:37] /up
[09/08/2021 23:09:38] /up
[09/08/2021 23:15:54] /goto creilson
[09/08/2021 23:16:05] /up
[09/08/2021 23:16:08] /a 5
[09/08/2021 23:16:11] /up
[09/08/2021 23:16:15] /a
[09/08/2021 23:16:16] /a
[09/08/2021 23:17:08] /goto creilson
[09/08/2021 23:17:12] /goto creilson
[09/08/2021 23:17:16] /goto creilson
[09/08/2021 23:17:22] /goto creilson
[09/08/2021 23:17:51] /t
[09/08/2021 23:17:55] /up
[09/08/2021 23:17:59] /up
[09/08/2021 23:18:35] /save
[10/08/2021 18:32:40] /goto druid master
[10/08/2021 18:33:03] /goto pestana paly
[10/08/2021 18:33:13] /goto desalmado
[10/08/2021 18:33:18] /up
[10/08/2021 18:33:21] /t
[10/08/2021 18:33:23] /up
[10/08/2021 18:33:23] /up
[10/08/2021 19:25:40] /down
[10/08/2021 19:25:57] /goto druidzera
[10/08/2021 19:25:59] /t
[10/08/2021 19:26:01] /up
[10/08/2021 19:26:02] /up
[10/08/2021 23:55:20] /goto muthcka
[10/08/2021 23:59:26] /up
[10/08/2021 23:59:28] /up
[11/08/2021 00:01:56] /down
[11/08/2021 00:03:51] /goto druid master
[11/08/2021 00:03:54] /goto druid master
[11/08/2021 00:03:59] /goto druid master
[11/08/2021 00:04:02] /goto druid master
[11/08/2021 00:04:05] /goto druid master
[11/08/2021 00:04:07] /goto druid master
[11/08/2021 00:04:09] /goto druid master
[11/08/2021 00:04:11] /goto druid master
[11/08/2021 00:04:15] /goto druid master
[11/08/2021 00:05:42] /t
[11/08/2021 00:05:44] /up
[11/08/2021 00:05:44] /up
[11/08/2021 18:24:04] /goto harbout kina
[11/08/2021 18:24:15] /goto vibud mage
[11/08/2021 18:24:22] /goto kaio pally
[11/08/2021 18:24:26] /t
[11/08/2021 18:24:28] /up
[11/08/2021 18:24:29] /up
[11/08/2021 18:24:33] /save
[11/08/2021 19:43:12] /t
[11/08/2021 19:43:35] /goto pestana paly
[11/08/2021 19:43:49] /goto pestana paly
[11/08/2021 19:43:59] /goto pestana paly
[11/08/2021 19:44:00] /goto pestana paly
[11/08/2021 19:44:01] /goto pestana paly
[11/08/2021 19:44:04] /goto pestana paly
[11/08/2021 19:44:07] /goto pestana paly
[11/08/2021 19:44:10] /goto pestana paly
[11/08/2021 19:45:45] /t
[11/08/2021 19:45:50] /up
[11/08/2021 19:46:09] /up
[11/08/2021 19:46:10] /up
[11/08/2021 19:56:37] /reload spells
[11/08/2021 19:57:36] /reload spells
[11/08/2021 20:38:12] /goto muthcka
[11/08/2021 20:38:20] /t
[11/08/2021 20:38:23] /up
[11/08/2021 20:38:24] /up
[11/08/2021 20:38:30] /save
[11/08/2021 21:39:19] /t
[11/08/2021 21:39:42] /goto poderoso pally
[11/08/2021 21:39:54] /goto pestana paly
[11/08/2021 21:40:08] /a
[11/08/2021 21:40:09] /a
[11/08/2021 21:40:09] /a
[11/08/2021 21:40:09] /a
[11/08/2021 21:40:10] /a
[11/08/2021 21:40:10] /a
[11/08/2021 21:40:12] /a
[11/08/2021 21:40:13] /a
[11/08/2021 21:40:50] /a
[11/08/2021 21:41:13] /goto pestana paly
[11/08/2021 21:41:15] /a
[11/08/2021 21:41:15] /a
[11/08/2021 21:41:16] /a
[11/08/2021 21:41:16] /a
[11/08/2021 21:41:16] /a
[11/08/2021 21:41:30] /a
[11/08/2021 21:41:30] /a
[11/08/2021 21:41:31] /a
[11/08/2021 21:41:32] /a
[11/08/2021 21:41:34] /a
[11/08/2021 21:41:35] /a
[11/08/2021 21:41:36] /a
[11/08/2021 21:41:37] /a
[11/08/2021 21:41:38] /a
[11/08/2021 21:41:38] /a
[11/08/2021 21:41:45] /a
[11/08/2021 21:41:45] /a
[11/08/2021 21:41:45] /a
[11/08/2021 21:41:45] /a
[11/08/2021 21:41:45] /a
[11/08/2021 21:41:46] /a
[11/08/2021 21:41:46] /a
[11/08/2021 21:41:46] /a
[11/08/2021 21:41:46] /a
[11/08/2021 21:41:47] /a
[11/08/2021 21:41:47] /a
[11/08/2021 21:41:48] /a
[11/08/2021 21:41:48] /a
[11/08/2021 21:41:48] /a
[11/08/2021 21:41:48] /a
[11/08/2021 21:41:48] /a
[11/08/2021 21:41:48] /a
[11/08/2021 21:41:48] /a
[11/08/2021 21:41:49] /a
[11/08/2021 21:41:49] /a
[11/08/2021 21:41:50] /a
[11/08/2021 21:42:07] /a
[11/08/2021 21:42:07] /a
[11/08/2021 21:42:12] /a
[11/08/2021 21:42:21] /a
[11/08/2021 21:42:21] /a
[11/08/2021 21:42:21] /a
[11/08/2021 21:42:22] /a
[11/08/2021 21:42:22] /a
[11/08/2021 21:42:22] /a
[11/08/2021 21:42:22] /a
[11/08/2021 21:42:22] /a
[11/08/2021 21:42:22] /a
[11/08/2021 21:42:23] /a
[11/08/2021 21:42:23] /a
[11/08/2021 21:42:23] /a
[11/08/2021 21:42:24] /a
[11/08/2021 21:42:25] /a
[11/08/2021 21:42:28] /a
[11/08/2021 21:42:29] /a
[11/08/2021 21:42:29] /a
[11/08/2021 21:42:29] /a
[11/08/2021 21:42:29] /a
[11/08/2021 21:42:29] /a
[11/08/2021 21:42:29] /a
[11/08/2021 21:42:29] /a
[11/08/2021 21:42:29] /a
[11/08/2021 21:42:29] /a
[11/08/2021 21:42:29] /a
[11/08/2021 21:42:29] /a
[11/08/2021 21:42:29] /a
[11/08/2021 21:42:31] /a
[11/08/2021 21:42:32] /a
[11/08/2021 21:42:34] /a
[11/08/2021 21:42:34] /a
[11/08/2021 21:42:34] /a
[11/08/2021 21:42:34] /a
[11/08/2021 21:42:34] /a
[11/08/2021 21:42:35] /a
[11/08/2021 21:42:57] /a
[11/08/2021 21:42:57] /a
[11/08/2021 21:42:59] /a
[11/08/2021 21:43:00] /a
[11/08/2021 21:43:00] /a
[11/08/2021 21:43:00] /a
[11/08/2021 21:43:01] /a
[11/08/2021 21:43:01] /a
[11/08/2021 21:43:02] /a
[11/08/2021 21:43:02] /a
[11/08/2021 21:43:02] /a
[11/08/2021 21:43:02] /a
[11/08/2021 21:43:02] /a
[11/08/2021 21:43:02] /a
[11/08/2021 21:43:02] /a
[11/08/2021 21:43:03] /a
[11/08/2021 21:43:04] /a
[11/08/2021 21:43:04] /a
[11/08/2021 21:43:04] /a
[11/08/2021 21:43:04] /a
[11/08/2021 21:43:04] /a
[11/08/2021 21:43:05] /a
[11/08/2021 21:43:05] /a
[11/08/2021 21:43:05] /a
[11/08/2021 21:43:05] /a
[11/08/2021 21:43:05] /a
[11/08/2021 21:43:05] /a
[11/08/2021 21:43:05] /a
[11/08/2021 21:43:05] /a
[11/08/2021 21:43:06] /a
[11/08/2021 21:43:06] /a
[11/08/2021 21:43:06] /a
[11/08/2021 21:43:06] /a
[11/08/2021 21:43:06] /a
[11/08/2021 21:43:06] /a
[11/08/2021 21:43:06] /a
[11/08/2021 21:43:06] /a
[11/08/2021 21:43:06] /a
[11/08/2021 21:43:06] /a
[11/08/2021 21:43:07] /a
[11/08/2021 21:43:08] /a
[11/08/2021 21:43:08] /a
[11/08/2021 21:43:09] /a
[11/08/2021 21:43:16] /a
[11/08/2021 21:43:17] /a
[11/08/2021 21:43:17] /a
[11/08/2021 21:43:17] /a
[11/08/2021 21:43:17] /a
[11/08/2021 21:43:17] /a
[11/08/2021 21:43:17] /a
[11/08/2021 21:43:17] /a
[11/08/2021 21:43:17] /a
[11/08/2021 21:43:17] /a
[11/08/2021 21:43:17] /a
[11/08/2021 21:43:18] /a
[11/08/2021 21:43:18] /a
[11/08/2021 21:43:18] /a
[11/08/2021 21:43:18] /a
[11/08/2021 21:43:18] /a
[11/08/2021 21:43:18] /a
[11/08/2021 21:43:18] /a
[11/08/2021 21:43:18] /a
[11/08/2021 21:43:18] /a
[11/08/2021 21:43:18] /a
[11/08/2021 21:43:18] /a
[11/08/2021 21:43:18] /a
[11/08/2021 21:43:18] /a
[11/08/2021 21:43:19] /a
[11/08/2021 21:43:19] /a
[11/08/2021 21:43:19] /a
[11/08/2021 21:43:19] /a
[11/08/2021 21:43:19] /a
[11/08/2021 21:43:19] /a
[11/08/2021 21:43:19] /a
[11/08/2021 21:43:19] /a
[11/08/2021 21:43:19] /a
[11/08/2021 21:43:19] /a
[11/08/2021 21:43:19] /a
[11/08/2021 21:43:20] /a
[11/08/2021 21:43:20] /a
[11/08/2021 21:43:21] /a
[11/08/2021 21:43:24] /a
[11/08/2021 21:43:35] /a
[11/08/2021 21:43:36] /a
[11/08/2021 21:43:44] /a
[11/08/2021 21:43:45] /a
[11/08/2021 21:43:45] /a
[11/08/2021 21:43:45] /a
[11/08/2021 21:43:45] /a
[11/08/2021 21:43:47] /a
[11/08/2021 21:43:47] /a
[11/08/2021 21:43:49] /a
[11/08/2021 21:43:51] /a
[11/08/2021 21:43:57] /a
[11/08/2021 21:43:57] /a
[11/08/2021 21:43:57] /a
[11/08/2021 21:43:57] /a
[11/08/2021 21:43:57] /a
[11/08/2021 21:43:57] /a
[11/08/2021 21:43:57] /a
[11/08/2021 21:43:57] /a
[11/08/2021 21:43:57] /a
[11/08/2021 21:43:57] /a
[11/08/2021 21:43:57] /a
[11/08/2021 21:43:58] /a
[11/08/2021 21:43:58] /a
[11/08/2021 21:43:59] /a
[11/08/2021 21:43:59] /a
[11/08/2021 21:43:59] /a
[11/08/2021 21:43:59] /a
[11/08/2021 21:43:59] /a
[11/08/2021 21:43:59] /a
[11/08/2021 21:43:59] /a
[11/08/2021 21:43:59] /a
[11/08/2021 21:43:59] /a
[11/08/2021 21:43:59] /a
[11/08/2021 21:43:59] /a
[11/08/2021 21:43:59] /a
[11/08/2021 21:43:59] /a
[11/08/2021 21:43:59] /a
[11/08/2021 21:43:59] /a
[11/08/2021 21:43:59] /a
[11/08/2021 21:43:59] /a
[11/08/2021 21:43:59] /a
[11/08/2021 21:43:59] /a
[11/08/2021 21:43:59] /a
[11/08/2021 21:43:59] /a
[11/08/2021 21:43:59] /a
[11/08/2021 21:43:59] /a
[11/08/2021 21:43:59] /a
[11/08/2021 21:44:00] /a
[11/08/2021 21:44:00] /a
[11/08/2021 21:44:00] /a
[11/08/2021 21:44:01] /goto pestana paly
[11/08/2021 21:44:05] /goto pestana paly
[11/08/2021 21:44:08] /goto pestana paly
[11/08/2021 21:44:15] /a
[11/08/2021 21:44:16] /a
[11/08/2021 21:44:17] /a
[11/08/2021 21:44:17] /a
[11/08/2021 21:44:17] /a
[11/08/2021 21:44:18] /a
[11/08/2021 21:44:18] /a
[11/08/2021 21:44:18] /a
[11/08/2021 21:44:19] /a
[11/08/2021 21:44:20] /a
[11/08/2021 21:44:20] /a
[11/08/2021 21:44:20] /a
[11/08/2021 21:44:20] /a
[11/08/2021 21:44:20] /a
[11/08/2021 21:44:20] /a
[11/08/2021 21:44:20] /a
[11/08/2021 21:44:20] /a
[11/08/2021 21:44:20] /a
[11/08/2021 21:44:20] /a
[11/08/2021 21:44:21] /a
[11/08/2021 21:44:35] /a
[11/08/2021 21:44:35] /a
[11/08/2021 21:44:36] /a
[11/08/2021 21:44:37] /a
[11/08/2021 21:44:37] /a
[11/08/2021 21:44:37] /a
[11/08/2021 21:44:38] /a
[11/08/2021 21:44:43] /t
[11/08/2021 21:44:54] /a
[11/08/2021 21:44:54] /a
[11/08/2021 21:44:55] /a
[11/08/2021 21:45:05] /ghost
[11/08/2021 21:48:22] /m rat
[11/08/2021 21:48:55] /m hacker
[11/08/2021 21:53:22] /reload spells
[11/08/2021 21:53:45] /c pestana paly
[11/08/2021 21:54:14] /goto pestana paly
[11/08/2021 22:10:21] /r
[11/08/2021 22:23:39] /a 5
[11/08/2021 22:23:43] /ghost
[11/08/2021 22:24:12] /up
[11/08/2021 22:24:12] /up
[11/08/2021 22:24:16] /save
[12/08/2021 18:25:43] /goto rodrigo
[12/08/2021 18:25:54] /goto pestana paly
[12/08/2021 18:26:05] /goto arkoff
[12/08/2021 18:26:20] /goto harbout kina
[12/08/2021 18:26:23] /t
[12/08/2021 18:26:27] /up
[12/08/2021 18:26:27] /up
[14/08/2021 09:20:16] /i 2292
[14/08/2021 09:20:50] /i 8912
[14/08/2021 09:20:56] /i 8919
[14/08/2021 09:26:02] /reload spells
[14/08/2021 09:27:52] /i genki dama
[14/08/2021 09:28:04] /i genki dama
[14/08/2021 09:28:08] /i genki dama rune
[14/08/2021 09:28:17] /i genki dama rune
[14/08/2021 09:28:26] /i 8919
[14/08/2021 09:32:05] /i genki dama rune
[14/08/2021 09:33:11] /reload spells
[14/08/2021 09:33:38] /reload spells
[14/08/2021 09:33:55] /reload spells
[14/08/2021 09:37:52] /reload spells
[14/08/2021 09:38:22] /reload spells
[14/08/2021 09:38:53] /reload spells
[14/08/2021 09:39:32] /reload spells
[14/08/2021 09:39:47] /reload spells
[14/08/2021 09:40:43] /reload spells
[14/08/2021 09:40:51] /reload items
[14/08/2021 09:41:38] /i genki dama rune
[14/08/2021 09:43:40] /reload spells
[14/08/2021 09:45:49] /reload spells
[14/08/2021 09:46:24] /reload spells
[14/08/2021 09:46:44] /reload spells
[14/08/2021 09:47:19] /reload spells
[14/08/2021 09:48:17] /reload spells
[14/08/2021 09:48:40] /reload spells
[14/08/2021 09:48:54] /reload spells
[14/08/2021 09:49:17] /reload spells
[14/08/2021 09:49:41] /reload spells
[14/08/2021 09:49:56] /reload spells
[14/08/2021 09:50:15] /reload spells
[14/08/2021 09:50:59] /reload spells
[14/08/2021 09:51:05] /r
[14/08/2021 09:51:07] /r
[14/08/2021 09:51:17] /i 4397
[14/08/2021 09:51:40] /save
[14/08/2021 09:51:49] /i 8919
[14/08/2021 09:52:54] /reload spells
[14/08/2021 09:55:23] /i 6551
[14/08/2021 09:56:47] /i 2265
[14/08/2021 09:57:04] /i 2267
[14/08/2021 09:57:06] /i 2266
[14/08/2021 09:58:06] /t
[14/08/2021 09:58:48] /a
[14/08/2021 09:58:48] /a
[14/08/2021 09:58:49] /a
[14/08/2021 09:58:49] /a
[14/08/2021 09:58:49] /a
[14/08/2021 09:58:49] /a
[14/08/2021 09:58:49] /a
[14/08/2021 09:58:49] /a
[14/08/2021 09:58:49] /a
[14/08/2021 09:58:49] /a
[14/08/2021 09:58:49] /a
[14/08/2021 09:58:49] /a
[14/08/2021 09:58:49] /a
[14/08/2021 09:58:49] /a
[14/08/2021 09:58:49] /a
[14/08/2021 09:58:49] /a
[14/08/2021 09:58:49] /a
[14/08/2021 09:58:49] /a
[14/08/2021 09:58:49] /a
[14/08/2021 09:58:49] /a
[14/08/2021 09:58:49] /a
[14/08/2021 09:58:49] /a
[14/08/2021 09:58:49] /a
[14/08/2021 09:58:49] /a
[14/08/2021 09:58:49] /a
[14/08/2021 09:58:49] /a
[14/08/2021 09:58:49] /a
[14/08/2021 09:58:49] /a
[14/08/2021 09:58:49] /a
[14/08/2021 10:03:35] /i 8898
[14/08/2021 10:03:39] /r
[14/08/2021 10:03:53] /r 1
[14/08/2021 10:04:03] /r 98
[14/08/2021 10:04:27] /clean
[14/08/2021 10:05:11] /t
[14/08/2021 10:05:46] /i 6099
[14/08/2021 10:05:54] /i 6100
[14/08/2021 10:06:46] /i 7957
[14/08/2021 10:06:52] /up
[14/08/2021 10:06:54] /up
[14/08/2021 10:08:09] /i 5819
[14/08/2021 10:08:51] /i 5818
[14/08/2021 10:08:56] /r
[14/08/2021 10:08:57] /r
[14/08/2021 10:09:08] /i 5918
[14/08/2021 10:09:35] /i 5462
[14/08/2021 10:10:24] /i 7460
[14/08/2021 10:10:42] /i 3973
[14/08/2021 10:11:09] /i 6433
[14/08/2021 10:12:05] /clean
[14/08/2021 10:12:17] /i 4397
[14/08/2021 10:12:21] /t
[14/08/2021 10:19:52] /up
[14/08/2021 10:19:53] /up
[14/08/2021 10:21:25] /goto ryuku
[14/08/2021 10:21:29] /goto ryuku
[14/08/2021 10:21:34] /goto ryuuku
[14/08/2021 10:26:15] /i 5817
[14/08/2021 10:26:18] /r
[14/08/2021 10:36:13] /t
[14/08/2021 10:36:14] /up
[14/08/2021 10:36:16] /up
[14/08/2021 10:36:21] /goto Pirate Corsair
[14/08/2021 10:36:54] /goto Pirate Corsair
[14/08/2021 10:36:55] /goto Pirate Corsair
[14/08/2021 10:36:56] /goto Pirate Corsair
[14/08/2021 10:36:57] /goto Pirate Corsair
[14/08/2021 10:41:14] /goto Pirate Cutthroat
[14/08/2021 10:41:47] /goto Pirate Cutthroat
[14/08/2021 10:41:48] /goto Pirate Cutthroat
[14/08/2021 10:42:24] /goto Barbarian Brutetamer
[14/08/2021 10:43:02] /goto Barbarian Brutetamer
[14/08/2021 10:43:13] /goto Barbarian Brutetamer
[14/08/2021 10:43:19] /a
[14/08/2021 10:43:54] /goto Bloodback
[14/08/2021 10:45:47] /t
[14/08/2021 10:48:24] /up
[14/08/2021 10:48:25] /up
[14/08/2021 10:52:41] /goto ryuuku
[14/08/2021 11:15:26] /goto mage do caralho
[14/08/2021 11:15:28] /t
[14/08/2021 11:15:40] /t
[14/08/2021 11:15:42] /up
[14/08/2021 11:15:42] /up
[14/08/2021 11:15:48] /save
[14/08/2021 11:55:19] /t
[14/08/2021 11:56:14] /goto ryuuku
[14/08/2021 11:56:29] /a
[14/08/2021 11:56:29] /a
[14/08/2021 11:56:30] /a
[14/08/2021 11:56:30] /a
[14/08/2021 11:56:30] /a
[14/08/2021 11:56:30] /a
[14/08/2021 11:56:31] /a
[14/08/2021 11:56:31] /a
[14/08/2021 11:56:31] /a
[14/08/2021 11:56:31] /a
[14/08/2021 11:56:31] /a
[14/08/2021 11:56:31] /a
[14/08/2021 11:56:32] /a
[14/08/2021 11:56:32] /a
[14/08/2021 11:56:32] /a
[14/08/2021 11:56:32] /a
[14/08/2021 11:56:32] /a
[14/08/2021 11:56:32] /a
[14/08/2021 11:56:32] /a
[14/08/2021 11:56:32] /a
[14/08/2021 11:56:32] /a
[14/08/2021 11:56:32] /a
[14/08/2021 11:56:32] /a
[14/08/2021 11:56:32] /a
[14/08/2021 11:56:32] /a
[14/08/2021 11:56:32] /a
[14/08/2021 11:56:32] /a
[14/08/2021 11:56:32] /a
[14/08/2021 11:56:32] /a
[14/08/2021 11:56:32] /a
[14/08/2021 11:56:32] /a
[14/08/2021 11:56:32] /a
[14/08/2021 11:56:32] /a
[14/08/2021 11:56:32] /a
[14/08/2021 11:56:32] /a
[14/08/2021 11:56:32] /a
[14/08/2021 11:56:32] /a
[14/08/2021 11:56:32] /a
[14/08/2021 11:56:32] /a
[14/08/2021 11:56:32] /a
[14/08/2021 11:56:32] /a
[14/08/2021 11:56:34] /a
[14/08/2021 11:56:34] /a
[14/08/2021 11:56:34] /a
[14/08/2021 11:56:34] /a
[14/08/2021 11:56:34] /a
[14/08/2021 11:56:34] /a
[14/08/2021 11:56:34] /a
[14/08/2021 11:56:34] /a
[14/08/2021 11:56:34] /a
[14/08/2021 11:56:34] /a
[14/08/2021 11:56:34] /a
[14/08/2021 11:56:34] /a
[14/08/2021 11:56:34] /a
[14/08/2021 11:56:34] /a
[14/08/2021 11:56:34] /a
[14/08/2021 11:56:34] /a
[14/08/2021 11:56:34] /a
[14/08/2021 11:56:34] /a
[14/08/2021 11:56:34] /a
[14/08/2021 11:56:34] /a
[14/08/2021 11:56:34] /a
[14/08/2021 11:56:34] /a
[14/08/2021 11:56:34] /a
[14/08/2021 11:56:34] /a
[14/08/2021 11:56:35] /a
[14/08/2021 11:56:35] /a
[14/08/2021 11:56:35] /a
[14/08/2021 11:56:35] /a
[14/08/2021 11:56:35] /a
[14/08/2021 11:56:35] /a
[14/08/2021 11:56:35] /a
[14/08/2021 11:56:35] /a
[14/08/2021 11:56:36] /a
[14/08/2021 11:56:36] /a
[14/08/2021 11:56:36] /a
[14/08/2021 11:56:36] /a
[14/08/2021 11:56:36] /a
[14/08/2021 11:56:36] /a
[14/08/2021 11:56:37] /a
[14/08/2021 11:56:37] /a
[14/08/2021 11:56:37] /a
[14/08/2021 11:56:38] /a
[14/08/2021 11:56:38] /a
[14/08/2021 11:56:38] /a
[14/08/2021 11:56:38] /a
[14/08/2021 11:56:38] /a
[14/08/2021 11:56:38] /a
[14/08/2021 11:56:38] /a
[14/08/2021 11:56:39] /a
[14/08/2021 11:56:39] /a
[14/08/2021 11:56:39] /a
[14/08/2021 11:56:39] /a
[14/08/2021 11:56:39] /a
[14/08/2021 11:56:39] /a
[14/08/2021 11:56:39] /a
[14/08/2021 11:56:39] /a
[14/08/2021 11:56:39] /a
[14/08/2021 11:56:39] /a
[14/08/2021 11:56:39] /a
[14/08/2021 11:56:39] /a
[14/08/2021 11:56:40] /a
[14/08/2021 11:56:40] /a
[14/08/2021 11:56:40] /a
[14/08/2021 11:56:40] /a
[14/08/2021 11:56:40] /a
[14/08/2021 11:56:40] /a
[14/08/2021 11:56:40] /a
[14/08/2021 11:56:40] /a
[14/08/2021 11:56:40] /a
[14/08/2021 11:56:40] /a
[14/08/2021 11:56:40] /a
[14/08/2021 11:56:40] /a
[14/08/2021 11:56:40] /a
[14/08/2021 11:56:40] /a
[14/08/2021 11:56:40] /a
[14/08/2021 11:56:40] /a
[14/08/2021 11:56:40] /a
[14/08/2021 11:56:40] /a
[14/08/2021 11:56:40] /a
[14/08/2021 11:56:40] /a
[14/08/2021 11:56:40] /a
[14/08/2021 11:56:40] /a
[14/08/2021 11:56:41] /a
[14/08/2021 11:56:42] /a
[14/08/2021 11:56:42] /a
[14/08/2021 11:56:42] /a
[14/08/2021 11:56:42] /a
[14/08/2021 11:56:42] /a
[14/08/2021 11:56:42] /a
[14/08/2021 11:56:42] /a
[14/08/2021 11:56:42] /a
[14/08/2021 11:56:42] /a
[14/08/2021 11:56:42] /a
[14/08/2021 11:56:42] /a
[14/08/2021 11:56:42] /a
[14/08/2021 11:56:43] /a
[14/08/2021 11:56:43] /a
[14/08/2021 11:56:43] /a
[14/08/2021 11:56:44] /a
[14/08/2021 11:56:44] /a
[14/08/2021 11:56:54] /a
[14/08/2021 11:56:54] /a
[14/08/2021 11:56:54] /a
[14/08/2021 11:57:04] /a
[14/08/2021 11:57:04] /a
[14/08/2021 11:57:11] /a
[14/08/2021 11:57:12] /a
[14/08/2021 11:57:12] /a
[14/08/2021 11:57:12] /a
[14/08/2021 11:57:12] /a
[14/08/2021 11:57:12] /a
[14/08/2021 11:57:12] /a
[14/08/2021 11:57:12] /a
[14/08/2021 11:57:12] /a
[14/08/2021 11:57:12] /a
[14/08/2021 11:57:12] /a
[14/08/2021 11:57:12] /a
[14/08/2021 11:57:12] /a
[14/08/2021 11:57:18] /a
[14/08/2021 11:57:19] /a
[14/08/2021 11:57:19] /a
[14/08/2021 11:57:19] /a
[14/08/2021 11:57:19] /a
[14/08/2021 11:57:19] /a
[14/08/2021 11:57:19] /a
[14/08/2021 11:57:19] /a
[14/08/2021 11:57:19] /a
[14/08/2021 11:57:19] /a
[14/08/2021 11:57:19] /a
[14/08/2021 11:57:19] /a
[14/08/2021 11:57:19] /a
[14/08/2021 11:57:19] /a
[14/08/2021 11:57:19] /a
[14/08/2021 11:57:19] /a
[14/08/2021 11:57:19] /a
[14/08/2021 11:57:20] /a
[14/08/2021 11:57:20] /a
[14/08/2021 11:57:21] /a
[14/08/2021 11:57:30] /a
[14/08/2021 11:57:30] /a
[14/08/2021 11:57:31] /a
[14/08/2021 11:57:31] /a
[14/08/2021 11:57:31] /a
[14/08/2021 11:57:31] /a
[14/08/2021 11:57:31] /a
[14/08/2021 11:57:31] /a
[14/08/2021 11:57:31] /a
[14/08/2021 11:57:31] /a
[14/08/2021 11:57:31] /a
[14/08/2021 11:57:31] /a
[14/08/2021 11:57:31] /a
[14/08/2021 11:59:17] /i 6099
[14/08/2021 11:59:49] /i 6095
[14/08/2021 12:01:23] /i shinigami helmet
[14/08/2021 12:05:24] /i 11117
[14/08/2021 12:05:54] /i 11240
[14/08/2021 12:06:07] /i 11255
[14/08/2021 12:06:58] /i 11395
[14/08/2021 12:07:27] /i 11754
[14/08/2021 12:09:58] /i 2086
[14/08/2021 12:10:10] /i 2087
[14/08/2021 12:10:11] /i 2088
[14/08/2021 12:10:12] /i 2089
[14/08/2021 12:10:15] /i 2090
[14/08/2021 12:10:17] /i 2091
[14/08/2021 12:12:21] /a
[14/08/2021 12:12:22] /a
[14/08/2021 12:12:22] /a
[14/08/2021 12:12:22] /a
[14/08/2021 12:12:22] /a
[14/08/2021 12:12:22] /a
[14/08/2021 12:12:22] /a
[14/08/2021 12:12:22] /a
[14/08/2021 12:12:22] /a
[14/08/2021 12:12:22] /a
[14/08/2021 12:12:22] /a
[14/08/2021 12:12:22] /a
[14/08/2021 12:12:22] /a
[14/08/2021 12:12:22] /a
[14/08/2021 12:12:22] /a
[14/08/2021 12:12:22] /a
[14/08/2021 12:12:22] /a
[14/08/2021 12:12:23] /a
[14/08/2021 12:12:23] /a
[14/08/2021 12:12:24] /a
[14/08/2021 12:12:24] /a
[14/08/2021 12:12:24] /a
[14/08/2021 12:12:24] /a
[14/08/2021 12:12:24] /a
[14/08/2021 12:12:28] /t
[14/08/2021 12:14:46] /r
[14/08/2021 12:14:51] /r
[14/08/2021 12:14:55] /r
[14/08/2021 12:29:24] /goto harbout kina
[14/08/2021 12:30:12] /t
[14/08/2021 14:27:30] /goto morris
[14/08/2021 14:27:39] /t
[14/08/2021 14:27:49] /goto ryuuku
[14/08/2021 14:28:01] /a
[14/08/2021 14:28:01] /a
[14/08/2021 14:28:01] /a
[14/08/2021 14:28:01] /a
[14/08/2021 14:28:01] /a
[14/08/2021 14:28:01] /a
[14/08/2021 14:28:01] /a
[14/08/2021 14:28:01] /a
[14/08/2021 14:28:02] /a
[14/08/2021 14:28:02] /a
[14/08/2021 14:28:02] /a
[14/08/2021 14:28:02] /a
[14/08/2021 14:28:02] /a
[14/08/2021 14:28:02] /a
[14/08/2021 14:28:02] /a
[14/08/2021 14:28:02] /a
[14/08/2021 14:28:02] /a
[14/08/2021 14:28:02] /a
[14/08/2021 14:28:02] /a
[14/08/2021 14:28:02] /a
[14/08/2021 14:28:02] /a
[14/08/2021 14:28:02] /a
[14/08/2021 14:28:02] /a
[14/08/2021 14:28:02] /a
[14/08/2021 14:28:02] /a
[14/08/2021 14:28:02] /a
[14/08/2021 14:28:02] /a
[14/08/2021 14:28:02] /a
[14/08/2021 14:28:02] /a
[14/08/2021 14:28:02] /a
[14/08/2021 14:28:02] /a
[14/08/2021 14:28:02] /a
[14/08/2021 14:28:02] /a
[14/08/2021 14:28:02] /a
[14/08/2021 14:28:02] /a
[14/08/2021 14:28:02] /a
[14/08/2021 14:28:02] /a
[14/08/2021 14:28:02] /a
[14/08/2021 14:28:03] /a
[14/08/2021 14:28:03] /a
[14/08/2021 14:28:03] /a
[14/08/2021 14:28:03] /a
[14/08/2021 14:28:03] /a
[14/08/2021 14:28:03] /a
[14/08/2021 14:28:04] /a
[14/08/2021 14:28:04] /a
[14/08/2021 14:28:04] /a
[14/08/2021 14:28:04] /a
[14/08/2021 14:28:04] /a
[14/08/2021 14:28:04] /a
[14/08/2021 14:28:05] /a
[14/08/2021 14:28:05] /a
[14/08/2021 14:28:05] /a
[14/08/2021 14:28:05] /a
[14/08/2021 14:28:05] /a
[14/08/2021 14:28:05] /a
[14/08/2021 14:28:06] /a
[14/08/2021 14:28:06] /a
[14/08/2021 14:28:06] /a
[14/08/2021 14:28:06] /a
[14/08/2021 14:28:06] /a
[14/08/2021 14:28:06] /a
[14/08/2021 14:28:06] /a
[14/08/2021 14:28:06] /a
[14/08/2021 14:28:06] /a
[14/08/2021 14:28:06] /a
[14/08/2021 14:28:06] /a
[14/08/2021 14:28:06] /a
[14/08/2021 14:28:06] /a
[14/08/2021 14:28:06] /a
[14/08/2021 14:28:06] /a
[14/08/2021 14:28:06] /a
[14/08/2021 14:28:06] /a
[14/08/2021 14:28:06] /a
[14/08/2021 14:28:06] /a
[14/08/2021 14:28:06] /a
[14/08/2021 14:28:06] /a
[14/08/2021 14:28:06] /a
[14/08/2021 14:28:06] /a
[14/08/2021 14:28:06] /a
[14/08/2021 14:28:06] /a
[14/08/2021 14:28:06] /a
[14/08/2021 14:28:06] /a
[14/08/2021 14:28:06] /a
[14/08/2021 14:28:06] /a
[14/08/2021 14:28:07] /a
[14/08/2021 14:28:07] /a
[14/08/2021 14:28:07] /a
[14/08/2021 14:28:07] /a
[14/08/2021 14:28:07] /a
[14/08/2021 14:28:07] /a
[14/08/2021 14:28:07] /a
[14/08/2021 14:28:07] /a
[14/08/2021 14:28:07] /a
[14/08/2021 14:28:07] /a
[14/08/2021 14:28:07] /a
[14/08/2021 14:28:07] /a
[14/08/2021 14:28:07] /a
[14/08/2021 14:28:07] /a
[14/08/2021 14:28:07] /a
[14/08/2021 14:28:08] /a
[14/08/2021 14:28:08] /a
[14/08/2021 14:28:09] /a
[14/08/2021 14:28:09] /a
[14/08/2021 14:28:09] /a
[14/08/2021 14:28:09] /a
[14/08/2021 14:28:10] /a
[14/08/2021 14:28:10] /a
[14/08/2021 14:28:10] /a
[14/08/2021 14:28:11] /a
[14/08/2021 14:28:11] /a
[14/08/2021 14:28:12] /a
[14/08/2021 14:28:12] /a
[14/08/2021 14:28:12] /a
[14/08/2021 14:28:13] /a
[14/08/2021 14:29:20] /t
[14/08/2021 14:29:23] /up
[14/08/2021 14:29:24] /up
[14/08/2021 14:29:28] /save
[14/08/2021 15:01:34] /goto quara
[14/08/2021 15:01:36] /goto quara
[14/08/2021 15:02:11] /goto quara pincher
[14/08/2021 15:02:24] /goto quara constrictor scout
[14/08/2021 15:02:30] /m quara constrictor scout
[14/08/2021 15:02:37] /r
[14/08/2021 15:02:41] /goto quara constrictor scout
[14/08/2021 15:02:51] /goto quara constrictor
[14/08/2021 15:03:04] /goto quara hydromancer scout
[14/08/2021 15:03:07] /m quara hydromancer scout
[14/08/2021 15:03:11] /r
[14/08/2021 15:03:28] /goto quara hydromancer
[14/08/2021 15:03:43] /goto quara mantassin scout
[14/08/2021 15:03:46] /m quara mantassin scout
[14/08/2021 15:03:49] /r
[14/08/2021 15:04:22] /goto quara mantassin
[14/08/2021 15:04:36] /goto quara pincher scout
[14/08/2021 15:04:43] /m quara pincher scout
[14/08/2021 15:04:48] /r
[14/08/2021 15:05:04] /goto quara pincher
[14/08/2021 15:05:13] /goto quara predator scout
[14/08/2021 15:05:15] /m quara predator scout
[14/08/2021 15:05:18] /r
[14/08/2021 15:11:06] /goto ryukku
[14/08/2021 15:11:10] /goto ryuku
[14/08/2021 15:11:14] /goto ryuuku
[14/08/2021 15:11:21] /a
[14/08/2021 15:11:22] /a
[14/08/2021 15:11:22] /a
[14/08/2021 15:11:22] /a
[14/08/2021 15:11:22] /a
[14/08/2021 15:11:22] /a
[14/08/2021 15:11:22] /a
[14/08/2021 15:11:22] /a
[14/08/2021 15:11:22] /a
[14/08/2021 15:11:22] /a
[14/08/2021 15:11:22] /a
[14/08/2021 15:11:22] /a
[14/08/2021 15:11:22] /a
[14/08/2021 15:11:22] /a
[14/08/2021 15:11:22] /a
[14/08/2021 15:11:22] /a
[14/08/2021 15:11:22] /a
[14/08/2021 15:11:22] /a
[14/08/2021 15:11:23] /a
[14/08/2021 15:11:23] /a
[14/08/2021 15:11:23] /a
[14/08/2021 15:11:23] /a
[14/08/2021 15:11:23] /a
[14/08/2021 15:11:23] /a
[14/08/2021 15:11:23] /a
[14/08/2021 15:11:23] /a
[14/08/2021 15:11:23] /a
[14/08/2021 15:11:23] /a
[14/08/2021 15:11:23] /a
[14/08/2021 15:11:23] /a
[14/08/2021 15:11:23] /a
[14/08/2021 15:11:23] /a
[14/08/2021 15:11:23] /a
[14/08/2021 15:11:23] /a
[14/08/2021 15:11:23] /a
[14/08/2021 15:11:23] /a
[14/08/2021 15:11:23] /a
[14/08/2021 15:11:23] /a
[14/08/2021 15:11:23] /a
[14/08/2021 15:11:23] /a
[14/08/2021 15:11:23] /a
[14/08/2021 15:11:23] /a
[14/08/2021 15:11:23] /a
[14/08/2021 15:11:23] /a
[14/08/2021 15:11:23] /a
[14/08/2021 15:11:23] /a
[14/08/2021 15:11:24] /a
[14/08/2021 15:11:24] /a
[14/08/2021 15:11:24] /a
[14/08/2021 15:11:24] /a
[14/08/2021 15:11:24] /a
[14/08/2021 15:11:24] /a
[14/08/2021 15:11:24] /a
[14/08/2021 15:11:24] /a
[14/08/2021 15:11:24] /a
[14/08/2021 15:11:24] /a
[14/08/2021 15:11:24] /a
[14/08/2021 15:11:24] /a
[14/08/2021 15:11:24] /a
[14/08/2021 15:11:24] /a
[14/08/2021 15:11:25] /a
[14/08/2021 15:11:25] /a
[14/08/2021 15:11:25] /a
[14/08/2021 15:11:25] /a
[14/08/2021 15:11:25] /a
[14/08/2021 15:11:25] /a
[14/08/2021 15:11:25] /a
[14/08/2021 15:11:25] /a
[14/08/2021 15:11:25] /a
[14/08/2021 15:11:26] /a
[14/08/2021 15:11:26] /a
[14/08/2021 15:11:28] /a
[14/08/2021 15:11:28] /a
[14/08/2021 15:19:11] /t
[14/08/2021 15:19:14] /save
[14/08/2021 15:50:17] /goto quara
[14/08/2021 15:50:38] /goto quara predator
[14/08/2021 16:02:35] /goto ryukku
[14/08/2021 16:02:39] /goto ryuuku
[14/08/2021 16:03:14] /a
[14/08/2021 16:03:14] /a
[14/08/2021 16:03:14] /a
[14/08/2021 16:03:14] /a
[14/08/2021 16:03:14] /a
[14/08/2021 16:03:14] /a
[14/08/2021 16:03:14] /a
[14/08/2021 16:03:14] /a
[14/08/2021 16:03:14] /a
[14/08/2021 16:03:14] /a
[14/08/2021 16:03:14] /a
[14/08/2021 16:03:14] /a
[14/08/2021 16:03:14] /a
[14/08/2021 16:03:15] /a
[14/08/2021 16:03:15] /a
[14/08/2021 16:03:15] /a
[14/08/2021 16:03:15] /a
[14/08/2021 16:03:15] /a
[14/08/2021 16:03:15] /a
[14/08/2021 16:03:15] /a
[14/08/2021 16:03:15] /a
[14/08/2021 16:03:15] /a
[14/08/2021 16:03:15] /a
[14/08/2021 16:03:15] /a
[14/08/2021 16:03:15] /a
[14/08/2021 16:03:15] /a
[14/08/2021 16:03:15] /a
[14/08/2021 16:03:15] /a
[14/08/2021 16:03:15] /a
[14/08/2021 16:03:15] /a
[14/08/2021 16:03:15] /a
[14/08/2021 16:03:15] /a
[14/08/2021 16:03:15] /a
[14/08/2021 16:03:15] /a
[14/08/2021 16:03:15] /a
[14/08/2021 16:03:15] /a
[14/08/2021 16:03:16] /a
[14/08/2021 16:03:16] /a
[14/08/2021 16:03:16] /a
[14/08/2021 16:03:16] /a
[14/08/2021 16:03:16] /a
[14/08/2021 16:03:16] /a
[14/08/2021 16:03:16] /a
[14/08/2021 16:03:16] /a
[14/08/2021 16:03:16] /a
[14/08/2021 16:03:16] /a
[14/08/2021 16:03:16] /a
[14/08/2021 16:03:16] /a
[14/08/2021 16:03:16] /a
[14/08/2021 16:03:16] /a
[14/08/2021 16:03:16] /a
[14/08/2021 16:03:16] /a
[14/08/2021 16:03:17] /a
[14/08/2021 16:03:17] /a
[14/08/2021 16:03:17] /a
[14/08/2021 16:03:17] /a
[14/08/2021 16:03:17] /a
[14/08/2021 16:03:17] /a
[14/08/2021 16:03:17] /a
[14/08/2021 16:03:17] /a
[14/08/2021 16:03:17] /a
[14/08/2021 16:03:17] /a
[14/08/2021 16:03:17] /a
[14/08/2021 16:03:17] /a
[14/08/2021 16:03:17] /a
[14/08/2021 16:03:17] /a
[14/08/2021 16:03:18] /a
[14/08/2021 16:03:18] /a
[14/08/2021 16:03:18] /a
[14/08/2021 16:03:18] /a
[14/08/2021 16:03:18] /a
[14/08/2021 16:03:18] /a
[14/08/2021 16:03:18] /a
[14/08/2021 16:03:18] /a
[14/08/2021 16:03:18] /a
[14/08/2021 16:03:18] /a
[14/08/2021 16:03:18] /a
[14/08/2021 16:03:18] /a
[14/08/2021 16:03:18] /a
[14/08/2021 16:03:18] /a
[14/08/2021 16:03:18] /a
[14/08/2021 16:03:18] /a
[14/08/2021 16:03:18] /a
[14/08/2021 16:03:18] /a
[14/08/2021 16:03:18] /a
[14/08/2021 16:03:18] /a
[14/08/2021 16:03:18] /a
[14/08/2021 16:03:18] /a
[14/08/2021 16:03:19] /a
[14/08/2021 16:03:19] /a
[14/08/2021 16:03:19] /a
[14/08/2021 16:03:19] /a
[14/08/2021 16:35:19] /a
[14/08/2021 16:35:19] /a
[14/08/2021 16:35:19] /a
[14/08/2021 16:35:19] /a
[14/08/2021 16:35:19] /a
[14/08/2021 16:35:19] /a
[14/08/2021 16:35:19] /a
[14/08/2021 16:35:19] /a
[14/08/2021 16:35:20] /a
[14/08/2021 16:35:20] /a
[14/08/2021 16:35:20] /a
[14/08/2021 16:35:20] /a
[14/08/2021 16:35:20] /a
[14/08/2021 16:35:21] /a
[14/08/2021 16:35:21] /a
[14/08/2021 16:35:21] /a
[14/08/2021 16:35:21] /a
[14/08/2021 16:35:21] /a
[14/08/2021 16:35:21] /a
[14/08/2021 16:35:21] /a
[14/08/2021 16:35:21] /a
[14/08/2021 16:35:21] /a
[14/08/2021 16:35:21] /a
[14/08/2021 16:35:21] /a
[14/08/2021 16:35:21] /a
[14/08/2021 16:35:21] /a
[14/08/2021 16:35:21] /a
[14/08/2021 16:35:21] /a
[14/08/2021 16:35:21] /a
[14/08/2021 16:35:21] /a
[14/08/2021 16:35:21] /a
[14/08/2021 16:35:21] /a
[14/08/2021 16:35:22] /a
[14/08/2021 16:35:22] /a
[14/08/2021 16:35:22] /a
[14/08/2021 16:35:22] /a
[14/08/2021 16:35:22] /a
[14/08/2021 16:35:22] /a
[14/08/2021 16:35:22] /a
[14/08/2021 16:35:22] /a
[14/08/2021 16:35:22] /a
[14/08/2021 16:35:23] /a
[14/08/2021 16:35:23] /a
[14/08/2021 16:35:23] /a
[14/08/2021 16:35:23] /a
[14/08/2021 16:35:23] /a
[14/08/2021 16:35:23] /a
[14/08/2021 16:35:23] /a
[14/08/2021 16:35:24] /a
[14/08/2021 16:35:24] /a
[14/08/2021 16:35:25] /a
[14/08/2021 16:35:25] /a
[14/08/2021 16:35:25] /a
[14/08/2021 16:35:25] /a
[14/08/2021 16:35:25] /a
[14/08/2021 16:35:25] /a
[14/08/2021 16:35:25] /a
[14/08/2021 16:35:25] /a
[14/08/2021 16:35:25] /a
[14/08/2021 16:35:25] /a
[14/08/2021 16:35:25] /a
[14/08/2021 16:35:25] /a
[14/08/2021 16:35:25] /a
[14/08/2021 16:35:25] /a
[14/08/2021 16:35:25] /a
[14/08/2021 16:35:26] /a
[14/08/2021 16:36:24] /a
[14/08/2021 16:36:25] /a
[14/08/2021 16:36:25] /a
[14/08/2021 16:36:25] /a
[14/08/2021 16:36:25] /a
[14/08/2021 16:36:25] /a
[14/08/2021 16:36:25] /a
[14/08/2021 16:36:25] /a
[14/08/2021 16:36:25] /a
[14/08/2021 16:36:25] /a
[14/08/2021 16:36:25] /a
[14/08/2021 16:36:26] /a
[14/08/2021 16:36:26] /a
[14/08/2021 16:36:26] /a
[14/08/2021 16:36:26] /a
[14/08/2021 16:36:26] /a
[14/08/2021 16:36:26] /a
[14/08/2021 16:36:27] /a
[14/08/2021 16:36:28] /a
[14/08/2021 16:36:30] /a
[14/08/2021 16:36:30] /a
[14/08/2021 16:36:30] /a
[14/08/2021 16:36:30] /a
[14/08/2021 16:36:40] /a
[14/08/2021 16:36:40] /a
[14/08/2021 16:36:40] /a
[14/08/2021 16:36:40] /a
[14/08/2021 16:36:40] /a
[14/08/2021 16:36:40] /a
[14/08/2021 16:36:40] /a
[14/08/2021 16:36:40] /a
[14/08/2021 16:36:40] /a
[14/08/2021 16:36:40] /a
[14/08/2021 16:36:40] /a
[14/08/2021 16:36:40] /a
[14/08/2021 16:36:40] /a
[14/08/2021 16:36:40] /a
[14/08/2021 16:36:40] /a
[14/08/2021 16:36:40] /a
[14/08/2021 16:36:40] /a
[14/08/2021 16:36:41] /a
[14/08/2021 16:36:41] /a
[14/08/2021 16:36:41] /a
[14/08/2021 16:36:41] /a
[14/08/2021 16:36:41] /a
[14/08/2021 16:36:41] /a
[14/08/2021 16:36:41] /a
[14/08/2021 16:36:41] /a
[14/08/2021 16:36:41] /a
[14/08/2021 16:36:41] /a
[14/08/2021 16:36:41] /a
[14/08/2021 16:36:42] /a
[14/08/2021 16:36:42] /a
[14/08/2021 16:36:42] /a
[14/08/2021 16:36:42] /a
[14/08/2021 16:36:42] /a
[14/08/2021 16:36:42] /a
[14/08/2021 16:36:42] /a
[14/08/2021 16:36:42] /a
[14/08/2021 16:36:42] /a
[14/08/2021 16:36:42] /a
[14/08/2021 16:36:42] /a
[14/08/2021 16:36:42] /a
[14/08/2021 16:36:42] /a
[14/08/2021 16:36:42] /a
[14/08/2021 16:36:42] /a
[14/08/2021 16:36:42] /a
[14/08/2021 16:36:42] /a
[14/08/2021 16:36:42] /a
[14/08/2021 16:36:42] /a
[14/08/2021 16:36:42] /a
[14/08/2021 16:36:42] /a
[14/08/2021 16:36:42] /a
[14/08/2021 16:36:42] /a
[14/08/2021 16:36:42] /a
[14/08/2021 16:36:42] /a
[14/08/2021 16:36:42] /a
[14/08/2021 16:36:42] /a
[14/08/2021 16:36:42] /a
[14/08/2021 16:36:42] /a
[14/08/2021 16:36:44] /a
[14/08/2021 16:36:44] /a
[14/08/2021 16:36:44] /a
[14/08/2021 16:36:44] /a
[14/08/2021 16:36:44] /a
[14/08/2021 16:36:44] /a
[14/08/2021 16:36:44] /a
[14/08/2021 16:36:44] /a
[14/08/2021 16:36:44] /a
[14/08/2021 16:36:44] /a
[14/08/2021 16:36:45] /a
[14/08/2021 16:36:45] /a
[14/08/2021 16:36:45] /a
[14/08/2021 16:36:45] /a
[14/08/2021 16:36:45] /a
[14/08/2021 16:36:45] /a
[14/08/2021 16:36:45] /a
[14/08/2021 16:36:45] /a
[14/08/2021 16:36:45] /a
[14/08/2021 16:36:45] /a
[14/08/2021 16:36:45] /a
[14/08/2021 16:36:45] /a
[14/08/2021 16:36:45] /a
[14/08/2021 16:36:45] /a
[14/08/2021 16:36:45] /a
[14/08/2021 16:36:45] /a
[14/08/2021 16:36:45] /a
[14/08/2021 16:36:45] /a
[14/08/2021 16:36:46] /a
[14/08/2021 16:36:46] /a
[14/08/2021 16:36:46] /a
[14/08/2021 16:36:46] /a
[14/08/2021 16:36:46] /a
[14/08/2021 16:36:46] /a
[14/08/2021 16:36:46] /a
[14/08/2021 16:36:46] /a
[14/08/2021 16:36:46] /a
[14/08/2021 16:36:46] /a
[14/08/2021 16:36:48] /a
[14/08/2021 16:36:48] /a
[14/08/2021 16:36:48] /a
[14/08/2021 16:36:48] /a
[14/08/2021 16:36:48] /a
[14/08/2021 16:36:48] /a
[14/08/2021 16:36:48] /a
[14/08/2021 16:36:49] /a
[14/08/2021 16:36:49] /a
[14/08/2021 16:36:49] /a
[14/08/2021 16:36:49] /a
[14/08/2021 16:36:49] /a
[14/08/2021 16:36:49] /a
[14/08/2021 16:36:50] /a
[14/08/2021 16:36:50] /a
[14/08/2021 16:36:50] /a
[14/08/2021 16:37:33] /a
[14/08/2021 16:37:34] /a
[14/08/2021 16:37:34] /a
[14/08/2021 16:37:34] /a
[14/08/2021 16:37:34] /a
[14/08/2021 16:37:34] /a
[14/08/2021 16:37:34] /a
[14/08/2021 16:37:34] /a
[14/08/2021 16:37:34] /a
[14/08/2021 16:37:34] /a
[14/08/2021 16:37:34] /a
[14/08/2021 16:37:34] /a
[14/08/2021 16:37:35] /a
[14/08/2021 16:39:36] /reload monster
[14/08/2021 16:39:43] /r
[14/08/2021 16:39:45] /r
[14/08/2021 16:39:46] /r
[14/08/2021 16:39:48] /r
[14/08/2021 16:39:52] /r
[14/08/2021 16:39:55] /r
[14/08/2021 16:41:55] /reload monster
[14/08/2021 16:43:41] /reload monster
[14/08/2021 16:45:03] /reload monster
[14/08/2021 16:45:26] /reload monster
[14/08/2021 16:46:09] /reload monster
[14/08/2021 16:46:37] /reload monster
[14/08/2021 16:46:56] /reload monster
[14/08/2021 16:47:49] /reload monster
[14/08/2021 16:48:30] /reload monster
[14/08/2021 16:48:56] /reload monster
[14/08/2021 16:49:19] /m near
[14/08/2021 16:49:27] /t
[14/08/2021 16:49:49] /goto regenerator
[14/08/2021 16:49:54] /r
[14/08/2021 16:50:46] /reload monster
[14/08/2021 16:51:18] /reload monster
[14/08/2021 16:52:56] /reload monster
[14/08/2021 16:53:46] /reload monster
[14/08/2021 16:54:42] /reload monster
[14/08/2021 16:56:21] /reload monster
[14/08/2021 16:57:45] /reload monster
[14/08/2021 16:58:46] /reload monster
[14/08/2021 16:59:51] /reload monster
[14/08/2021 17:00:30] /reload monster
[14/08/2021 17:00:59] /reload monster
[14/08/2021 17:01:45] /reload monster
[14/08/2021 17:02:12] /a
[14/08/2021 17:02:12] /a
[14/08/2021 17:02:12] /a
[14/08/2021 17:02:13] /a
[14/08/2021 17:02:13] /a
[14/08/2021 17:02:13] /a
[14/08/2021 17:02:13] /a
[14/08/2021 17:02:13] /a
[14/08/2021 17:02:13] /a
[14/08/2021 17:02:13] /a
[14/08/2021 17:02:13] /a
[14/08/2021 17:02:13] /a
[14/08/2021 17:02:13] /a
[14/08/2021 17:02:13] /a
[14/08/2021 17:02:14] /a
[14/08/2021 17:02:14] /a
[14/08/2021 17:02:14] /a
[14/08/2021 17:02:14] /a
[14/08/2021 17:02:14] /a
[14/08/2021 17:03:43] /reload monster
[14/08/2021 17:04:51] /reload monster
[14/08/2021 17:05:12] /reload monster
[14/08/2021 17:06:40] /reload monster
[14/08/2021 17:06:52] /r
[14/08/2021 17:06:55] /a
[14/08/2021 17:06:55] /a
[14/08/2021 17:06:55] /a
[14/08/2021 17:06:55] /a
[14/08/2021 17:06:55] /a
[14/08/2021 17:06:56] /a
[14/08/2021 17:06:56] /a
[14/08/2021 17:06:56] /a
[14/08/2021 17:06:56] /a
[14/08/2021 17:06:56] /a
[14/08/2021 17:06:56] /a
[14/08/2021 17:06:56] /a
[14/08/2021 17:06:56] /a
[14/08/2021 17:06:56] /a
[14/08/2021 17:07:53] /reload monster
[14/08/2021 17:08:10] /reload monster
[14/08/2021 17:08:17] /a
[14/08/2021 17:08:18] /a
[14/08/2021 17:08:18] /a
[14/08/2021 17:08:18] /a
[14/08/2021 17:08:18] /a
[14/08/2021 17:08:18] /a
[14/08/2021 17:08:18] /a
[14/08/2021 17:08:18] /a
[14/08/2021 17:08:18] /a
[14/08/2021 17:08:18] /a
[14/08/2021 17:08:18] /a
[14/08/2021 17:08:18] /a
[14/08/2021 17:08:18] /a
[14/08/2021 17:08:19] /a
[14/08/2021 17:08:19] /a
[14/08/2021 17:08:20] /a
[14/08/2021 17:08:47] /reload monster
[14/08/2021 17:09:07] /reload monster
[14/08/2021 17:09:46] /reload monster
[14/08/2021 17:10:45] /reload monster
[14/08/2021 17:11:11] /reload monster
[14/08/2021 17:12:23] /reload monster
[14/08/2021 17:12:53] /reload monster
[14/08/2021 17:14:04] /reload monster
[14/08/2021 17:14:53] /reload monster
[14/08/2021 17:15:02] /r
[14/08/2021 17:15:04] /a
[14/08/2021 17:15:04] /a
[14/08/2021 17:15:04] /a
[14/08/2021 17:15:04] /a
[14/08/2021 17:15:04] /a
[14/08/2021 17:15:04] /a
[14/08/2021 17:15:04] /a
[14/08/2021 17:15:05] /a
[14/08/2021 17:15:05] /a
[14/08/2021 17:15:05] /a
[14/08/2021 17:15:05] /a
[14/08/2021 17:15:05] /a
[14/08/2021 17:15:05] /a
[14/08/2021 17:17:30] /reload monster
[14/08/2021 17:18:27] /r
[14/08/2021 17:19:09] /a
[14/08/2021 17:19:09] /a
[14/08/2021 17:19:09] /a
[14/08/2021 17:19:09] /a
[14/08/2021 17:19:10] /a
[14/08/2021 17:19:10] /a
[14/08/2021 17:19:10] /a
[14/08/2021 17:19:10] /a
[14/08/2021 17:19:10] /a
[14/08/2021 17:19:10] /a
[14/08/2021 17:19:10] /a
[14/08/2021 17:19:10] /a
[14/08/2021 17:19:10] /a
[14/08/2021 17:19:10] /a
[14/08/2021 17:19:10] /a
[14/08/2021 17:19:10] /a
[14/08/2021 17:19:10] /a
[14/08/2021 17:19:10] /a
[14/08/2021 17:19:10] /a
[14/08/2021 17:19:10] /a
[14/08/2021 17:19:10] /a
[14/08/2021 17:19:10] /a
[14/08/2021 17:19:10] /a
[14/08/2021 17:19:10] /a
[14/08/2021 17:19:10] /a
[14/08/2021 17:19:10] /a
[14/08/2021 17:19:11] /a
[14/08/2021 17:19:11] /a
[14/08/2021 17:19:11] /a
[14/08/2021 17:19:12] /a
[14/08/2021 17:19:12] /a
[14/08/2021 17:19:12] /a
[14/08/2021 17:19:12] /a
[14/08/2021 17:19:12] /a
[14/08/2021 17:19:12] /a
[14/08/2021 17:19:12] /a
[14/08/2021 17:19:12] /a
[14/08/2021 17:19:12] /a
[14/08/2021 17:19:12] /a
[14/08/2021 17:19:12] /a
[14/08/2021 17:19:12] /a
[14/08/2021 17:19:12] /a
[14/08/2021 17:19:13] /a
[14/08/2021 17:19:13] /a
[14/08/2021 17:19:13] /a
[14/08/2021 17:19:13] /a
[14/08/2021 17:22:40] /reload monster
[14/08/2021 17:23:08] /r
[14/08/2021 17:23:10] /r
[14/08/2021 17:23:12] /a
[14/08/2021 17:23:12] /a
[14/08/2021 17:23:12] /a
[14/08/2021 17:23:12] /a
[14/08/2021 17:23:12] /a
[14/08/2021 17:23:12] /a
[14/08/2021 17:23:12] /a
[14/08/2021 17:23:12] /a
[14/08/2021 17:23:12] /a
[14/08/2021 17:23:12] /a
[14/08/2021 17:23:12] /a
[14/08/2021 17:23:13] /a
[14/08/2021 17:23:13] /a
[14/08/2021 17:23:13] /a
[14/08/2021 17:23:13] /a
[14/08/2021 17:23:14] /a
[14/08/2021 17:23:14] /a
[14/08/2021 17:23:14] /a
[14/08/2021 17:23:14] /a
[14/08/2021 17:23:14] /a
[14/08/2021 17:23:14] /a
[14/08/2021 17:25:11] /reload monster
[14/08/2021 17:26:02] /reload monster
[14/08/2021 17:29:14] /reload monster
[14/08/2021 17:29:23] /r
[14/08/2021 17:29:28] /a
[14/08/2021 17:29:28] /a
[14/08/2021 17:29:28] /a
[14/08/2021 17:29:28] /a
[14/08/2021 17:29:28] /a
[14/08/2021 17:29:28] /a
[14/08/2021 17:29:28] /a
[14/08/2021 17:29:28] /a
[14/08/2021 17:29:28] /a
[14/08/2021 17:29:28] /a
[14/08/2021 17:29:28] /a
[14/08/2021 17:29:28] /a
[14/08/2021 17:29:28] /a
[14/08/2021 17:29:28] /a
[14/08/2021 17:29:30] /a
[14/08/2021 17:29:30] /a
[14/08/2021 17:29:30] /a
[14/08/2021 17:29:30] /a
[14/08/2021 17:29:30] /a
[14/08/2021 17:29:30] /a
[14/08/2021 17:29:30] /a
[14/08/2021 17:29:30] /a
[14/08/2021 17:29:30] /a
[14/08/2021 17:29:30] /a
[14/08/2021 17:29:31] /a
[14/08/2021 17:29:31] /a
[14/08/2021 17:29:31] /a
[14/08/2021 17:29:31] /a
[14/08/2021 17:29:31] /a
[14/08/2021 17:29:31] /a
[14/08/2021 17:29:31] /a
[14/08/2021 17:29:32] /a
[14/08/2021 17:29:32] /a
[14/08/2021 17:29:33] /a
[14/08/2021 17:29:33] /a
[14/08/2021 17:32:05] /t
[14/08/2021 17:33:21] /i 5492
[14/08/2021 17:33:30] /r
[14/08/2021 17:33:32] /r
[14/08/2021 17:33:41] /i 1662
[14/08/2021 17:33:44] /r
[14/08/2021 17:34:20] /i 1663
[14/08/2021 17:38:09] /i 7263
[14/08/2021 17:38:14] /r
[14/08/2021 17:38:15] /r
[14/08/2021 17:38:27] /i 1663
[14/08/2021 17:38:30] /up
[14/08/2021 17:38:31] /up
[14/08/2021 17:38:47] /i 7263
[14/08/2021 17:38:49] /r
[14/08/2021 17:38:55] /i 5468
[14/08/2021 17:52:33] /goto ryuuku
[14/08/2021 17:52:35] /a
[14/08/2021 17:52:40] /a
[14/08/2021 17:52:41] /a
[14/08/2021 17:52:41] /a
[14/08/2021 17:52:41] /a
[14/08/2021 17:52:41] /a
[14/08/2021 17:52:41] /a
[14/08/2021 17:52:41] /a
[14/08/2021 17:52:41] /a
[14/08/2021 17:52:41] /a
[14/08/2021 17:52:41] /a
[14/08/2021 17:52:41] /a
[14/08/2021 17:52:41] /a
[14/08/2021 17:52:41] /a
[14/08/2021 17:52:41] /a
[14/08/2021 17:52:41] /a
[14/08/2021 17:52:41] /a
[14/08/2021 17:52:41] /a
[14/08/2021 17:52:41] /a
[14/08/2021 17:52:41] /a
[14/08/2021 17:52:41] /a
[14/08/2021 17:52:41] /a
[14/08/2021 17:52:41] /a
[14/08/2021 17:52:41] /a
[14/08/2021 17:52:41] /a
[14/08/2021 17:52:41] /a
[14/08/2021 17:52:41] /a
[14/08/2021 17:52:41] /a
[14/08/2021 17:52:41] /a
[14/08/2021 17:52:41] /a
[14/08/2021 17:52:41] /a
[14/08/2021 17:52:41] /a
[14/08/2021 17:52:41] /a
[14/08/2021 17:52:42] /a
[14/08/2021 17:52:42] /a
[14/08/2021 17:52:42] /a
[14/08/2021 17:52:42] /a
[14/08/2021 17:52:42] /a
[14/08/2021 17:52:42] /a
[14/08/2021 17:52:42] /a
[14/08/2021 17:52:42] /a
[14/08/2021 17:52:42] /a
[14/08/2021 17:52:42] /a
[14/08/2021 17:52:42] /a
[14/08/2021 17:52:42] /a
[14/08/2021 17:52:42] /a
[14/08/2021 17:52:42] /a
[14/08/2021 17:52:42] /a
[14/08/2021 17:52:42] /a
[14/08/2021 17:52:42] /a
[14/08/2021 17:52:42] /a
[14/08/2021 17:52:42] /a
[14/08/2021 17:52:42] /a
[14/08/2021 17:52:42] /a
[14/08/2021 17:52:42] /a
[14/08/2021 17:52:42] /a
[14/08/2021 17:52:42] /a
[14/08/2021 17:52:42] /a
[14/08/2021 17:52:42] /a
[14/08/2021 17:52:42] /a
[14/08/2021 17:52:42] /a
[14/08/2021 17:52:42] /a
[14/08/2021 17:52:42] /a
[14/08/2021 17:52:43] /a
[14/08/2021 17:52:43] /a
[14/08/2021 17:52:43] /a
[14/08/2021 17:52:43] /a
[14/08/2021 17:52:43] /a
[14/08/2021 17:52:43] /a
[14/08/2021 17:52:44] /a
[14/08/2021 17:52:44] /a
[14/08/2021 17:52:45] /a
[14/08/2021 17:52:45] /a
[14/08/2021 17:52:45] /a
[14/08/2021 17:52:45] /a
[14/08/2021 17:52:45] /a
[14/08/2021 17:52:45] /a
[14/08/2021 17:52:45] /a
[14/08/2021 17:52:45] /a
[14/08/2021 17:52:46] /a
[14/08/2021 17:52:46] /a
[14/08/2021 17:52:46] /a
[14/08/2021 17:52:46] /a
[14/08/2021 17:52:56] /a
[14/08/2021 17:52:57] /a
[14/08/2021 17:52:57] /a
[14/08/2021 17:53:12] /clean
[14/08/2021 17:59:33] /t
[14/08/2021 18:36:11] /t
[14/08/2021 18:36:15] /up
[14/08/2021 18:36:16] /up
[14/08/2021 18:36:19] /save
[14/08/2021 19:10:42] /t
[14/08/2021 19:10:52] /goto ryuuku
[14/08/2021 19:10:59] /a
[14/08/2021 19:10:59] /a
[14/08/2021 19:10:59] /a
[14/08/2021 19:10:59] /a
[14/08/2021 19:10:59] /a
[14/08/2021 19:10:59] /a
[14/08/2021 19:10:59] /a
[14/08/2021 19:10:59] /a
[14/08/2021 19:10:59] /a
[14/08/2021 19:10:59] /a
[14/08/2021 19:10:59] /a
[14/08/2021 19:10:59] /a
[14/08/2021 19:10:59] /a
[14/08/2021 19:10:59] /a
[14/08/2021 19:10:59] /a
[14/08/2021 19:10:59] /a
[14/08/2021 19:11:00] /a
[14/08/2021 19:11:00] /a
[14/08/2021 19:11:00] /a
[14/08/2021 19:11:00] /a
[14/08/2021 19:11:00] /a
[14/08/2021 19:11:00] /a
[14/08/2021 19:11:00] /a
[14/08/2021 19:11:00] /a
[14/08/2021 19:11:00] /a
[14/08/2021 19:11:00] /a
[14/08/2021 19:11:00] /a
[14/08/2021 19:11:00] /a
[14/08/2021 19:11:00] /a
[14/08/2021 19:11:00] /a
[14/08/2021 19:11:00] /a
[14/08/2021 19:11:00] /a
[14/08/2021 19:11:00] /a
[14/08/2021 19:11:00] /a
[14/08/2021 19:11:00] /a
[14/08/2021 19:11:00] /a
[14/08/2021 19:11:00] /a
[14/08/2021 19:11:00] /a
[14/08/2021 19:11:00] /a
[14/08/2021 19:11:01] /a
[14/08/2021 19:11:01] /a
[14/08/2021 19:11:01] /a
[14/08/2021 19:11:01] /a
[14/08/2021 19:11:01] /a
[14/08/2021 19:11:01] /a
[14/08/2021 19:11:01] /a
[14/08/2021 19:11:01] /a
[14/08/2021 19:11:01] /a
[14/08/2021 19:11:01] /a
[14/08/2021 19:11:01] /a
[14/08/2021 19:11:01] /a
[14/08/2021 19:11:01] /a
[14/08/2021 19:11:01] /a
[14/08/2021 19:11:01] /a
[14/08/2021 19:11:01] /a
[14/08/2021 19:11:01] /a
[14/08/2021 19:11:01] /a
[14/08/2021 19:11:01] /a
[14/08/2021 19:11:02] /a
[14/08/2021 19:11:02] /a
[14/08/2021 19:11:02] /a
[14/08/2021 19:11:03] /a
[14/08/2021 19:11:03] /a
[14/08/2021 19:11:03] /a
[14/08/2021 19:11:03] /a
[14/08/2021 19:11:03] /a
[14/08/2021 19:11:04] /a
[14/08/2021 19:11:04] /a
[14/08/2021 19:11:04] /a
[14/08/2021 19:11:16] /a
[14/08/2021 19:11:16] /a
[14/08/2021 19:11:16] /a
[14/08/2021 19:11:17] /a
[14/08/2021 19:11:17] /a
[14/08/2021 19:11:33] /t
[14/08/2021 19:11:35] /up
[14/08/2021 19:11:36] /up
[14/08/2021 19:11:41] /save
[15/08/2021 15:18:52] /goto muthcka
[15/08/2021 15:18:59] /t
[15/08/2021 15:20:13] /t
[15/08/2021 15:20:19] /goto ryuuku
[15/08/2021 15:20:20] /a
[15/08/2021 15:20:21] /a
[15/08/2021 15:20:21] /a
[15/08/2021 15:20:21] /a
[15/08/2021 15:20:21] /a
[15/08/2021 15:20:21] /a
[15/08/2021 15:20:25] /a
[15/08/2021 15:20:26] /a
[15/08/2021 15:20:26] /a
[15/08/2021 15:20:26] /a
[15/08/2021 15:20:26] /a
[15/08/2021 15:20:26] /a
[15/08/2021 15:20:26] /a
[15/08/2021 15:20:26] /a
[15/08/2021 15:20:26] /a
[15/08/2021 15:20:26] /a
[15/08/2021 15:20:26] /a
[15/08/2021 15:20:26] /a
[15/08/2021 15:20:26] /a
[15/08/2021 15:20:26] /a
[15/08/2021 15:20:26] /a
[15/08/2021 15:20:26] /a
[15/08/2021 15:20:26] /a
[15/08/2021 15:20:26] /a
[15/08/2021 15:20:26] /a
[15/08/2021 15:20:26] /a
[15/08/2021 15:20:26] /a
[15/08/2021 15:20:26] /a
[15/08/2021 15:20:26] /a
[15/08/2021 15:20:26] /a
[15/08/2021 15:20:26] /a
[15/08/2021 15:20:27] /a
[15/08/2021 15:20:27] /a
[15/08/2021 15:20:27] /a
[15/08/2021 15:20:27] /a
[15/08/2021 15:20:27] /a
[15/08/2021 15:20:27] /a
[15/08/2021 15:20:27] /a
[15/08/2021 15:20:27] /a
[15/08/2021 15:20:27] /a
[15/08/2021 15:20:27] /a
[15/08/2021 15:20:27] /a
[15/08/2021 15:20:27] /a
[15/08/2021 15:20:27] /a
[15/08/2021 15:20:27] /a
[15/08/2021 15:20:27] /a
[15/08/2021 15:20:27] /a
[15/08/2021 15:20:27] /a
[15/08/2021 15:20:27] /a
[15/08/2021 15:20:27] /a
[15/08/2021 15:20:27] /a
[15/08/2021 15:20:27] /a
[15/08/2021 15:20:27] /a
[15/08/2021 15:20:27] /a
[15/08/2021 15:20:27] /a
[15/08/2021 15:20:27] /a
[15/08/2021 15:20:27] /a
[15/08/2021 15:20:27] /a
[15/08/2021 15:20:27] /a
[15/08/2021 15:20:27] /a
[15/08/2021 15:20:27] /a
[15/08/2021 15:20:27] /a
[15/08/2021 15:20:28] /a
[15/08/2021 15:20:28] /a
[15/08/2021 15:20:28] /a
[15/08/2021 15:20:28] /a
[15/08/2021 15:20:29] /a
[15/08/2021 15:20:29] /a
[15/08/2021 15:20:29] /a
[15/08/2021 15:20:29] /a
[15/08/2021 15:20:29] /a
[15/08/2021 15:20:30] /a
[15/08/2021 15:20:30] /a
[15/08/2021 15:20:30] /a
[15/08/2021 15:20:30] /a
[15/08/2021 15:20:30] /a
[15/08/2021 15:20:30] /a
[15/08/2021 15:20:30] /a
[15/08/2021 15:20:30] /a
[15/08/2021 15:20:32] /a
[15/08/2021 15:20:33] /a
[15/08/2021 15:20:33] /a
[15/08/2021 15:20:34] /a
[15/08/2021 15:20:34] /a
[15/08/2021 15:20:34] /a
[15/08/2021 15:20:34] /a
[15/08/2021 15:20:34] /a
[15/08/2021 15:20:34] /a
[15/08/2021 15:20:34] /a
[15/08/2021 15:20:34] /a
[15/08/2021 15:20:34] /a
[15/08/2021 15:20:34] /a
[15/08/2021 15:20:34] /a
[15/08/2021 15:20:34] /a
[15/08/2021 15:20:34] /a
[15/08/2021 15:20:34] /a
[15/08/2021 15:20:34] /a
[15/08/2021 15:20:35] /a
[15/08/2021 15:20:35] /a
[15/08/2021 15:20:35] /a
[15/08/2021 15:20:35] /a
[15/08/2021 15:20:35] /a
[15/08/2021 15:20:35] /a
[15/08/2021 15:20:35] /a
[15/08/2021 15:20:35] /a
[15/08/2021 15:20:35] /a
[15/08/2021 15:20:35] /a
[15/08/2021 15:20:35] /a
[15/08/2021 15:20:35] /a
[15/08/2021 15:20:36] /a
[15/08/2021 15:20:36] /a
[15/08/2021 15:20:36] /a
[15/08/2021 15:20:36] /a
[15/08/2021 15:20:36] /a
[15/08/2021 15:20:37] /a
[15/08/2021 15:20:37] /a
[15/08/2021 15:20:38] /a
[15/08/2021 15:20:38] /a
[15/08/2021 15:20:38] /a
[15/08/2021 15:20:38] /a
[15/08/2021 15:20:39] /a
[15/08/2021 15:20:39] /a
[15/08/2021 15:20:39] /a
[15/08/2021 15:20:39] /a
[15/08/2021 15:20:39] /a
[15/08/2021 15:20:39] /a
[15/08/2021 15:20:39] /a
[15/08/2021 15:20:39] /a
[15/08/2021 15:20:39] /a
[15/08/2021 15:20:40] /a
[15/08/2021 15:20:40] /a
[15/08/2021 15:20:40] /a
[15/08/2021 15:20:40] /a
[15/08/2021 15:20:46] /t
[15/08/2021 15:20:49] /up
[15/08/2021 15:20:50] /up
[15/08/2021 15:21:03] /save
[15/08/2021 20:52:37] /goto druid master
[15/08/2021 20:52:39] /t
[15/08/2021 20:52:52] /goto muthcka
[15/08/2021 20:52:58] /goto druid master
[15/08/2021 20:53:00] /goto druid master
[15/08/2021 20:53:03] /goto druid master
[15/08/2021 20:53:05] /goto druid master
[15/08/2021 20:53:06] /goto druid master
[15/08/2021 20:53:08] /goto druid master
[15/08/2021 20:53:09] /goto druid master
[15/08/2021 20:53:11] /goto druid master
[15/08/2021 20:53:13] /goto druid master
[15/08/2021 20:53:23] /t
[15/08/2021 20:53:26] /up
[15/08/2021 20:53:27] /up
[15/08/2021 20:53:31] /save
