[08/07/2021 21:25:44] /i 10000
[08/07/2021 21:25:49] /i 90000
[08/07/2021 21:27:16] /i 10029
[08/07/2021 21:29:00] /i backpack
[08/07/2021 21:29:16] /i 10064
[08/07/2021 21:37:10] /r
[08/07/2021 21:38:06] /i 10020
[08/07/2021 21:38:17] /i backpack
[08/07/2021 21:39:00] /i crown backpack
[08/07/2021 22:40:04] /i 12642
[08/07/2021 22:46:43] /i 9775
[08/07/2021 22:46:51] /i 9776
[08/07/2021 22:46:54] /i 9778
[08/07/2021 22:52:16] /i 12645
[08/07/2021 22:52:37] /i 12645
[08/07/2021 22:52:40] /i 12646
[08/07/2021 22:55:11] /i 8266
[08/07/2021 22:56:56] /a 5
[08/07/2021 22:57:04] /up
[08/07/2021 22:57:05] /up
[08/07/2021 22:57:12] /t
[08/07/2021 22:57:25] /goto clausus
[08/07/2021 22:57:27] /t
[08/07/2021 23:01:26] /i 7992
[08/07/2021 23:01:31] /i 7892
[08/07/2021 23:01:36] /r
[08/07/2021 23:11:22] /i 12642
[09/07/2021 19:29:26] /i shinigami helmet
[09/07/2021 19:29:40] /i shinigami shield
[09/07/2021 19:30:15] /i shinigami armor
[09/07/2021 19:30:24] /i shinigami legs
[09/07/2021 19:30:35] /i shinigami boots
[09/07/2021 19:32:09] /i golden fruits
[09/07/2021 19:32:16] /i golden fruits
[09/07/2021 19:32:22] /up
[09/07/2021 19:32:23] /up
[09/07/2021 19:32:24] /up
[09/07/2021 19:32:27] /a
[09/07/2021 19:32:28] /a
[09/07/2021 19:32:29] /a
[09/07/2021 19:32:29] /a
[09/07/2021 19:32:30] /a
[09/07/2021 19:32:31] /a
[09/07/2021 19:32:32] /a
[09/07/2021 19:32:34] /up
[09/07/2021 19:32:47] /t
[09/07/2021 19:32:59] /i 2137
[09/07/2021 19:33:13] /t
[09/07/2021 19:33:15] /a 50
[09/07/2021 19:33:20] /a 10
[09/07/2021 19:33:21] /a 10
[09/07/2021 19:33:23] /a 10
[09/07/2021 19:33:55] /i 2137
[09/07/2021 19:34:11] /i 2137
[09/07/2021 19:34:12] /i 2137
[09/07/2021 19:34:13] /i 2137
[09/07/2021 19:35:02] /i shinigami boots
[09/07/2021 19:35:04] /t
[09/07/2021 19:36:20] /t
[09/07/2021 19:36:38] /i shinigami shoes
[09/07/2021 19:36:52] /i shinigami sword
[09/07/2021 19:38:05] /i 12649
[09/07/2021 19:38:33] /i 12644
[09/07/2021 19:38:38] /i 12648
[09/07/2021 19:39:36] /i 2140
[10/07/2021 14:48:58] /i some golden fruits
[10/07/2021 14:49:07] /t
[10/07/2021 14:49:15] /i 2140
[10/07/2021 14:49:29] /goto clasus
[10/07/2021 14:49:30] /a
[10/07/2021 14:49:31] /a
[10/07/2021 15:41:23] /t
[10/07/2021 15:41:25] /i 2140
[10/07/2021 15:42:12] /i 2140
[10/07/2021 15:46:38] /t
[10/07/2021 16:00:33] /i 2160
[10/07/2021 16:36:47] /attr group 2
[10/07/2021 16:37:00] /attr attack 5000
[10/07/2021 16:37:13] /attr attack 5000
[10/07/2021 16:41:05] /attr
[10/07/2021 16:41:09] /attr group 6
[10/07/2021 16:41:12] /attr group 6
[10/07/2021 16:41:20] /i sword
[10/07/2021 16:41:28] /attr attack 500
[10/07/2021 16:42:43] /attr set number attack 20
[10/07/2021 16:43:44] /attr group 1
[10/07/2021 16:43:53] /i sword
[10/07/2021 16:44:17] /attr set attack, 20
[10/07/2021 16:44:31] /attr set number attack, 20
[10/07/2021 16:44:38] /attr set number attack 20
[10/07/2021 16:44:51] /attr set number attack 
[10/07/2021 16:44:58] /attr set number attack (20
[10/07/2021 16:45:01] /attr set number attack (20)
[10/07/2021 16:45:16] /attr set attack, 20, number
[10/07/2021 16:45:26] /attr set attack 20 number
[10/07/2021 16:45:31] /attr set attack 200
[10/07/2021 16:45:40] /attr set attack 20
[10/07/2021 16:45:44] /attr set attack 200000
[10/07/2021 16:45:52] /attr set group 6
[10/07/2021 16:45:54] /attr set group 6
[10/07/2021 16:59:58] /a
[10/07/2021 16:59:58] /a
[10/07/2021 16:59:59] /a
[10/07/2021 16:59:59] /a
[10/07/2021 16:59:59] /a
[10/07/2021 17:00:00] /a
[10/07/2021 17:00:00] /a
[10/07/2021 17:00:11] /i 2160
[10/07/2021 17:00:12] /i 2160
[10/07/2021 17:00:12] /i 2160
[10/07/2021 17:00:13] /i 2160
[10/07/2021 17:00:13] /i 2160
[10/07/2021 17:00:14] /i 2160
[10/07/2021 17:00:24] /i 2160
[10/07/2021 17:00:25] /i 2160
[10/07/2021 17:00:26] /i 2160
[10/07/2021 17:00:26] /i 2160
[10/07/2021 17:00:27] /i 2160
[10/07/2021 17:00:39] /i sword
[10/07/2021 17:22:57] /reload actions
[10/07/2021 17:23:27] /reload actions
[10/07/2021 17:24:24] /reload actions
[10/07/2021 17:25:05] /reload actions
[10/07/2021 17:27:34] /reload actions
[10/07/2021 17:28:40] /reload actions
[10/07/2021 17:29:17] /reload actions
[10/07/2021 17:30:07] /reload actions
[10/07/2021 17:30:30] /reload actions
[10/07/2021 17:33:37] /reload actions
[10/07/2021 17:33:55] /reload actions
[10/07/2021 17:35:01] /reload actions
[10/07/2021 17:35:52] /reload actions
[10/07/2021 17:36:12] /i shinigami sword
[10/07/2021 17:36:38] /i 8302
[10/07/2021 17:38:06] /reload actions
[10/07/2021 17:42:07] /reload actions
[10/07/2021 17:43:20] /reload actions
[10/07/2021 17:44:41] /reload actions
[10/07/2021 17:45:58] /reload actions
[10/07/2021 17:49:36] /reload actions
[10/07/2021 17:51:46] /reload actions
[10/07/2021 17:52:36] /reload actions
[10/07/2021 17:53:01] /reload actions
[10/07/2021 17:53:26] /reload actions
[10/07/2021 17:54:11] /reload actions
[10/07/2021 17:55:03] /reload actions
[10/07/2021 17:55:17] /reload actions
[10/07/2021 17:56:46] /reload actions
[10/07/2021 17:58:27] /a
[10/07/2021 17:58:29] /a
[10/07/2021 17:58:29] /a
[10/07/2021 17:58:30] /a
[10/07/2021 17:59:20] /reload actions
[10/07/2021 17:59:49] /reload actions
[10/07/2021 18:00:14] /reload actions
[10/07/2021 18:02:25] /i shinigami wand
[10/07/2021 18:05:45] /i ultimate wand
[10/07/2021 18:12:51] /t
[10/07/2021 21:13:06] /reload config
[10/07/2021 21:21:33] /i 2140
[10/07/2021 21:21:41] /i 2137
[10/07/2021 21:22:09] /i /i 8306
[10/07/2021 21:22:15] /i 8306
[10/07/2021 21:22:21] /r
[10/07/2021 21:22:39] /i 10020
[10/07/2021 21:22:49] /i 2137
[10/07/2021 22:01:26] /reload items
[10/07/2021 22:01:58] /i 2140
[10/07/2021 22:02:43] /i 2365
[10/07/2021 22:02:53] /i 2445
[10/07/2021 22:03:00] /i 3961
[10/07/2021 22:03:08] /i 2447
[10/07/2021 22:03:12] /a 5
[10/07/2021 22:03:29] /goto clasus
[10/07/2021 22:03:31] /a 5
[10/07/2021 22:04:00] /i 2137
[10/07/2021 22:04:35] /a 50
[10/07/2021 22:05:01] /a 10
[10/07/2021 22:05:05] /a 5
[10/07/2021 22:07:09] /i 7424
[10/07/2021 22:07:45] /i 7958
[10/07/2021 22:28:14] /i money
[10/07/2021 22:28:30] /i 2157
[10/07/2021 22:59:15] /i shinigami showrd
[10/07/2021 22:59:26] /i shinigami sword
[10/07/2021 22:59:35] /i ultimate shinigami sword
[10/07/2021 22:59:59] /i 12649
[10/07/2021 23:03:31] /reload items
[10/07/2021 23:16:25] /a 5
[10/07/2021 23:18:04] /i Egipcios shield
[10/07/2021 23:22:36] /i egipcio sword
[10/07/2021 23:22:51] /i egipcios sword
[10/07/2021 23:23:19] /t
[10/07/2021 23:23:44] /i 8867
[10/07/2021 23:35:53] /a 5
[10/07/2021 23:36:27] /i 2195
[10/07/2021 23:40:52] /goto hidan
[10/07/2021 23:41:10] /i shinigami spear
[10/07/2021 23:50:05] /t
[10/07/2021 23:50:48] /up
[10/07/2021 23:50:50] /down
[10/07/2021 23:51:01] /up
[10/07/2021 23:51:03] /a 5
[10/07/2021 23:51:34] /t
[10/07/2021 23:52:37] /a 4
[10/07/2021 23:53:03] /i spear
[10/07/2021 23:55:26] /i 2390
[11/07/2021 00:00:38] /t
[11/07/2021 00:03:09] /i red star
[11/07/2021 00:19:07] /i 5907
[11/07/2021 00:20:31] /i 7840
[11/07/2021 00:26:07] /i 7736
[11/07/2021 00:26:23] /i 7633
[11/07/2021 00:26:37] /i 7366
[11/07/2021 00:40:23] /i ice wand
[11/07/2021 00:40:32] /i ice wand
[11/07/2021 00:41:21] /t
[11/07/2021 00:42:38] /goto clasus
[11/07/2021 00:42:40] /a 5
[11/07/2021 00:43:08] /t
[11/07/2021 00:52:29] /reload items
[11/07/2021 00:57:45] /reload items
[11/07/2021 16:11:57] /newtype 264
[11/07/2021 16:12:04] /newtype 265
[11/07/2021 16:12:13] /newtype 255
[11/07/2021 16:12:21] /newtype 254
[11/07/2021 16:12:24] /newtype 253
[11/07/2021 16:12:27] /newtype 254
[11/07/2021 16:12:28] /newtype 253
[11/07/2021 16:12:30] /newtype 252
[11/07/2021 16:12:35] /newtype 251
[11/07/2021 16:47:16] /r
[11/07/2021 16:47:18] /i backpack
[13/07/2021 12:12:21] /m demon lord
[13/07/2021 12:14:11] /m demon lord
[13/07/2021 12:16:55] /reload talkactions
[13/07/2021 12:19:09] /m demon lord/r
[13/07/2021 12:19:11] /r
[13/07/2021 12:19:15] /m demon lord
[13/07/2021 12:20:06] /m demon lord
[13/07/2021 13:41:34] /mc
[13/07/2021 13:42:40] /save
[13/07/2021 13:45:31] /i 2160
[13/07/2021 13:45:34] /i 2160
[13/07/2021 13:49:03] /a
[13/07/2021 13:49:05] /a
[13/07/2021 18:49:51] /a
[13/07/2021 18:49:55] /a
[13/07/2021 18:49:57] /attr group 6
[13/07/2021 18:49:58] /t
[17/07/2021 18:00:10] /goto demon lor
[17/07/2021 18:00:12] /goto demon lord
[17/07/2021 18:00:14] /goto demon lord
[17/07/2021 18:00:14] /goto demon lord
[17/07/2021 18:00:22] /goto parede
[17/07/2021 18:00:26] /a 8
[17/07/2021 18:00:28] /a 5
[17/07/2021 18:01:30] /a 5
[17/07/2021 18:02:01] /c fakedoi
[17/07/2021 18:18:50] /c Lkeabc
[17/07/2021 18:22:28] /c leao
[17/07/2021 18:25:47] /c rato
[17/07/2021 18:37:56] /c pian
[17/07/2021 18:44:00] /c kaka
[17/07/2021 18:46:02] /c holanda
[18/07/2021 18:54:20] /i 2314
[18/07/2021 18:55:58] /r 100
[18/07/2021 18:55:59] /r 100
[18/07/2021 18:56:09] /r 100
[18/07/2021 18:56:29] /a
[18/07/2021 18:56:31] /a
[18/07/2021 18:56:32] /a
[18/07/2021 18:56:35] /a
[18/07/2021 18:56:36] /a
[18/07/2021 18:56:36] /a
[18/07/2021 19:07:21] /goto clasus
[18/07/2021 19:07:39] /i some golden fruits
[18/07/2021 19:07:55] /a 30
[18/07/2021 19:07:56] /a
[18/07/2021 19:07:57] /a
[18/07/2021 19:07:57] /a
[18/07/2021 19:07:57] /a
[18/07/2021 19:07:58] /a
[18/07/2021 19:07:58] /a
[18/07/2021 19:07:59] /a
[18/07/2021 19:08:17] /a 30
[18/07/2021 19:08:19] /a 30
[18/07/2021 19:08:28] /reload actions
[18/07/2021 19:09:52] /a
[18/07/2021 19:09:53] /a
[18/07/2021 19:09:53] /a
[18/07/2021 19:09:57] /c louco
[18/07/2021 19:18:33] /c Ulouco
[18/07/2021 19:19:03] /goto clasus
[18/07/2021 19:19:05] /a
[18/07/2021 19:19:06] /a
[18/07/2021 19:19:25] /a
[18/07/2021 19:19:26] /a
[18/07/2021 19:20:40] /a 50
[18/07/2021 19:20:40] /a 50
[18/07/2021 19:20:41] /a 50
[18/07/2021 19:20:43] /a
[18/07/2021 19:20:43] /a
[18/07/2021 19:20:44] /a
[18/07/2021 19:20:44] /a
[18/07/2021 19:20:44] /a
[18/07/2021 19:20:45] /a
[18/07/2021 19:20:45] /a
[18/07/2021 19:20:46] /a
[18/07/2021 19:20:46] /a
[18/07/2021 19:20:46] /a
[18/07/2021 19:20:47] /a
[18/07/2021 19:20:47] /a
[18/07/2021 19:20:49] /a
[18/07/2021 19:20:49] /a
[18/07/2021 19:20:49] /a
[18/07/2021 19:20:50] /a
[18/07/2021 19:20:50] /a
[18/07/2021 19:20:51] /a
[18/07/2021 19:25:15] /i 2296
[18/07/2021 19:33:49] /i 2275
[18/07/2021 19:35:23] /i 2294
[18/07/2021 19:38:06] /i 2316
[18/07/2021 19:38:14] /m training monk
[18/07/2021 19:39:07] /m hacker
[18/07/2021 19:39:44] /r
[18/07/2021 19:39:49] /m rat
[18/07/2021 19:40:06] /i 5964
[18/07/2021 19:40:40] /i 3073
[18/07/2021 19:44:23] /i 2300
[18/07/2021 19:44:34] /r
[18/07/2021 19:44:37] /i backpack
[18/07/2021 19:44:37] /i backpack
[18/07/2021 19:44:42] /r 100
[18/07/2021 19:44:45] /goto ryuuku
[18/07/2021 19:44:55] /i foot of the shinigami
[18/07/2021 19:45:11] /a 30
[18/07/2021 19:45:14] /a 30
[18/07/2021 19:45:15] /a 30
[18/07/2021 19:45:16] /a 15
[18/07/2021 19:45:18] /a 3
[18/07/2021 19:45:21] /a
[18/07/2021 19:45:34] /r
[18/07/2021 19:45:49] /i backpack
[18/07/2021 19:45:49] /i backpack
[18/07/2021 19:46:08] /i 2300
[18/07/2021 19:48:30] /i 7260
[18/07/2021 19:48:32] /r
[18/07/2021 19:52:33] /i ultimate epic mana rune
[18/07/2021 19:53:29] /i 2297
[18/07/2021 19:55:44] /i 2283
[18/07/2021 19:55:50] /a
[18/07/2021 19:55:51] /a
[18/07/2021 19:55:55] /a
[18/07/2021 19:55:55] /a
[18/07/2021 20:00:57] /i 2407
[18/07/2021 20:04:31] /a 50
[18/07/2021 20:04:32] /a 50
[18/07/2021 20:04:34] /a 20
[18/07/2021 20:04:36] /a
[18/07/2021 20:04:41] /a
[18/07/2021 20:04:42] /a
[18/07/2021 20:05:51] /a 20
[18/07/2021 20:05:53] /a 20
[18/07/2021 20:05:53] /a 20
[18/07/2021 20:05:54] /a 20
[18/07/2021 20:05:56] /a 20
[18/07/2021 20:05:56] /a 20
[18/07/2021 20:05:59] /a 20
[18/07/2021 20:06:00] /a 20
[18/07/2021 20:06:00] /a 20
[18/07/2021 20:06:02] /a 20
[18/07/2021 20:06:02] /a 20
[18/07/2021 20:06:03] /a 20
[18/07/2021 20:06:09] /a
[18/07/2021 20:06:09] /a
[18/07/2021 20:06:09] /a
[18/07/2021 20:06:09] /a
[18/07/2021 20:06:10] /a
[18/07/2021 20:06:10] /a
[18/07/2021 20:06:10] /a
[18/07/2021 20:06:11] /a
[18/07/2021 20:06:11] /a
[18/07/2021 20:06:11] /a
[18/07/2021 20:06:11] /a
[18/07/2021 20:06:11] /a
[18/07/2021 20:06:11] /a
[18/07/2021 20:06:12] /a
[18/07/2021 20:06:12] /a
[18/07/2021 20:06:12] /a
[18/07/2021 20:06:12] /a
[18/07/2021 20:06:13] /a
[18/07/2021 20:06:13] /a
[18/07/2021 20:06:14] /a
[18/07/2021 20:06:14] /a
[18/07/2021 20:06:14] /a
[18/07/2021 20:06:14] /a
[18/07/2021 20:06:14] /a
[18/07/2021 20:06:14] /a
[18/07/2021 20:06:14] /a
[18/07/2021 20:06:14] /a
[18/07/2021 20:06:14] /a
[18/07/2021 20:06:14] /a
[18/07/2021 20:06:14] /a
[18/07/2021 20:06:14] /a
[18/07/2021 20:06:14] /a
[18/07/2021 20:06:14] /a
[18/07/2021 20:06:14] /a
[18/07/2021 20:06:15] /a
[18/07/2021 20:06:15] /a
[18/07/2021 20:06:15] /a
[18/07/2021 20:06:15] /a
[18/07/2021 20:06:15] /a
[18/07/2021 20:06:15] /a
[18/07/2021 20:06:15] /a
[18/07/2021 20:06:15] /a
[18/07/2021 20:06:15] /a
[18/07/2021 20:06:15] /a
[18/07/2021 20:06:15] /a
[18/07/2021 20:06:15] /a
[18/07/2021 20:06:15] /a
[18/07/2021 20:06:15] /a
[18/07/2021 20:06:15] /a
[18/07/2021 20:06:15] /a
[18/07/2021 20:06:15] /a
[18/07/2021 20:06:15] /a
[18/07/2021 20:06:15] /a
[18/07/2021 20:06:16] /a
[18/07/2021 20:06:16] /a
[18/07/2021 20:06:16] /a
[18/07/2021 20:06:17] /a
[18/07/2021 20:06:17] /a
[18/07/2021 20:06:17] /a
[18/07/2021 20:06:17] /a
[18/07/2021 20:06:17] /a
[18/07/2021 20:06:17] /a
[18/07/2021 20:06:17] /a
[18/07/2021 20:06:18] /a
[18/07/2021 20:06:18] /a
[18/07/2021 20:06:18] /a
[18/07/2021 20:06:18] /a
[18/07/2021 20:06:18] /a
[18/07/2021 20:06:18] /a
[18/07/2021 20:06:18] /a
[18/07/2021 20:06:19] /a
[18/07/2021 20:06:19] /a
[18/07/2021 20:06:19] /a
[18/07/2021 20:06:19] /a
[18/07/2021 20:06:19] /a
[18/07/2021 20:06:19] /a
[18/07/2021 20:06:20] /a
[18/07/2021 20:06:20] /a
[18/07/2021 20:06:20] /a
[18/07/2021 20:06:20] /a
[18/07/2021 20:06:20] /a
[18/07/2021 20:06:21] /a
[18/07/2021 20:06:21] /a
[18/07/2021 20:06:21] /a
[18/07/2021 20:06:21] /a
[18/07/2021 20:06:21] /a
[18/07/2021 20:06:21] /a
[18/07/2021 20:06:21] /a
[18/07/2021 20:06:22] /a
[18/07/2021 20:06:22] /a
[18/07/2021 20:06:22] /a
[18/07/2021 20:06:22] /a
[18/07/2021 20:06:22] /a
[18/07/2021 20:06:22] /a
[18/07/2021 20:06:23] /a
[18/07/2021 20:06:23] /a
[18/07/2021 20:06:23] /a
[18/07/2021 20:06:23] /a
[18/07/2021 20:06:23] /a
[18/07/2021 20:06:24] /a
[18/07/2021 20:06:24] /a
[18/07/2021 20:06:24] /a
[18/07/2021 20:06:24] /a
[18/07/2021 20:06:25] /a
[18/07/2021 20:06:25] /a
[18/07/2021 20:06:25] /a
[18/07/2021 20:06:25] /a
[18/07/2021 20:06:25] /a
[18/07/2021 20:06:25] /a
[18/07/2021 20:06:25] /a
[18/07/2021 20:06:25] /a
[18/07/2021 20:06:25] /a
[18/07/2021 20:06:25] /a
[18/07/2021 20:06:25] /a
[18/07/2021 20:06:25] /a
[18/07/2021 20:06:25] /a
[18/07/2021 20:06:25] /a
[18/07/2021 20:06:25] /a
[18/07/2021 20:06:26] /a
[18/07/2021 20:06:26] /a
[18/07/2021 20:06:26] /a
[18/07/2021 20:06:26] /a
[18/07/2021 20:06:26] /a
[18/07/2021 20:06:26] /a
[18/07/2021 20:06:27] /a
[18/07/2021 20:06:27] /a
[18/07/2021 20:06:27] /a
[18/07/2021 20:06:27] /a
[18/07/2021 20:06:27] /a
[18/07/2021 20:06:27] /a
[18/07/2021 20:06:28] /a
[18/07/2021 20:06:28] /a
[18/07/2021 20:06:28] /a
[18/07/2021 20:06:28] /a
[18/07/2021 20:06:28] /a
[18/07/2021 20:06:28] /a
[18/07/2021 20:06:28] /a
[18/07/2021 20:06:28] /a
[18/07/2021 20:06:28] /a
[18/07/2021 20:06:28] /a
[18/07/2021 20:06:28] /a
[18/07/2021 20:06:28] /a
[18/07/2021 20:06:28] /a
[18/07/2021 20:06:28] /a
[18/07/2021 20:06:28] /a
[18/07/2021 20:06:28] /a
[18/07/2021 20:06:28] /a
[18/07/2021 20:06:28] /a
[18/07/2021 20:06:28] /a
[18/07/2021 20:06:28] /a
[18/07/2021 20:06:28] /a
[18/07/2021 20:06:29] /a
[18/07/2021 20:06:29] /a
[18/07/2021 20:06:29] /a
[18/07/2021 20:06:30] /a
[18/07/2021 20:06:30] /a
[18/07/2021 20:06:30] /a
[18/07/2021 20:06:30] /a
[18/07/2021 20:06:30] /a
[18/07/2021 20:06:30] /a
[18/07/2021 20:06:30] /a
[18/07/2021 20:06:30] /a
[18/07/2021 20:06:30] /a
[18/07/2021 20:06:30] /a
[18/07/2021 20:06:30] /a
[18/07/2021 20:06:30] /a
[18/07/2021 20:06:30] /a
[18/07/2021 20:06:30] /a
[18/07/2021 20:06:30] /a
[18/07/2021 20:06:30] /a
[18/07/2021 20:06:30] /a
[18/07/2021 20:06:30] /a
[18/07/2021 20:06:30] /a
[18/07/2021 20:06:30] /a
[18/07/2021 20:06:30] /a
[18/07/2021 20:06:30] /a
[18/07/2021 20:06:30] /a
[18/07/2021 20:06:30] /a
[18/07/2021 20:06:30] /a
[18/07/2021 20:06:30] /a
[18/07/2021 20:06:30] /a
[18/07/2021 20:06:31] /a
[18/07/2021 20:06:31] /a
[18/07/2021 20:06:31] /a
[18/07/2021 20:06:31] /a
[18/07/2021 20:06:31] /a
[18/07/2021 20:06:31] /a
[18/07/2021 20:06:31] /a
[18/07/2021 20:06:31] /a
[18/07/2021 20:06:31] /a
[18/07/2021 20:06:31] /a
[18/07/2021 20:06:31] /a
[18/07/2021 20:06:31] /a
[18/07/2021 20:06:32] /a
[18/07/2021 20:06:32] /a
[18/07/2021 20:06:32] /a
[18/07/2021 20:06:33] /a
[18/07/2021 20:06:57] /a 20
[18/07/2021 20:06:59] /a
[18/07/2021 20:06:59] /a
[18/07/2021 20:06:59] /a
[18/07/2021 20:06:59] /a
[18/07/2021 20:06:59] /a
[18/07/2021 20:07:00] /a
[18/07/2021 20:07:00] /a
[18/07/2021 20:07:00] /a
[18/07/2021 20:07:00] /a
[18/07/2021 20:07:00] /a
[18/07/2021 20:07:00] /a
[18/07/2021 20:07:01] /a
[18/07/2021 20:07:01] /a
[18/07/2021 20:07:22] /a
[18/07/2021 20:07:22] /a
[18/07/2021 20:07:22] /a
[18/07/2021 20:07:22] /a
[18/07/2021 20:07:23] /a
[18/07/2021 20:07:23] /a
[18/07/2021 20:07:23] /a
[18/07/2021 20:07:23] /a
[18/07/2021 20:07:23] /a
[18/07/2021 20:07:23] /a
[18/07/2021 20:07:23] /a
[18/07/2021 20:07:24] /a
[18/07/2021 20:07:24] /a
[18/07/2021 20:07:24] /a
[18/07/2021 20:07:24] /a
[18/07/2021 20:07:24] /a
[18/07/2021 20:07:24] /a
[18/07/2021 20:07:24] /a
[18/07/2021 20:07:25] /a
[18/07/2021 20:07:25] /a
[18/07/2021 20:07:25] /a
[18/07/2021 20:07:25] /a
[18/07/2021 20:07:25] /a
[18/07/2021 20:07:25] /a
[18/07/2021 20:07:25] /a
[18/07/2021 20:07:26] /a
[18/07/2021 20:07:26] /a
[18/07/2021 20:07:27] /a
[18/07/2021 20:07:27] /a
[18/07/2021 20:07:27] /a
[18/07/2021 20:07:27] /a
[18/07/2021 20:07:27] /a
[18/07/2021 20:07:27] /a
[18/07/2021 20:07:27] /a
[18/07/2021 20:07:27] /a
[18/07/2021 20:07:27] /a
[18/07/2021 20:07:27] /a
[18/07/2021 20:07:27] /a
[18/07/2021 20:07:27] /a
[18/07/2021 20:07:27] /a
[18/07/2021 20:07:27] /a
[18/07/2021 20:07:27] /a
[18/07/2021 20:07:27] /a
[18/07/2021 20:07:28] /a
[18/07/2021 20:07:28] /a
[18/07/2021 20:07:28] /a
[18/07/2021 20:07:28] /a
[18/07/2021 20:07:29] /a
[18/07/2021 20:07:29] /a
[18/07/2021 20:07:29] /a
[18/07/2021 20:07:30] /a
[18/07/2021 20:07:30] /a
[18/07/2021 20:07:30] /a
[18/07/2021 20:07:30] /a
[18/07/2021 20:07:30] /a
[18/07/2021 20:07:30] /a
[18/07/2021 20:07:30] /a
[18/07/2021 20:07:30] /a
[18/07/2021 20:07:30] /a
[18/07/2021 20:07:30] /a
[18/07/2021 20:07:30] /a
[18/07/2021 20:07:30] /a
[18/07/2021 20:07:30] /a
[18/07/2021 20:07:30] /a
[18/07/2021 20:07:31] /a
[18/07/2021 20:07:31] /a
[18/07/2021 20:07:31] /a
[18/07/2021 20:07:31] /a
[18/07/2021 20:07:31] /a
[18/07/2021 20:07:31] /a
[18/07/2021 20:07:32] /a
[18/07/2021 20:07:32] /a
[18/07/2021 20:07:32] /a
[18/07/2021 20:07:32] /a
[18/07/2021 20:07:32] /a
[18/07/2021 20:07:32] /a
[18/07/2021 20:07:32] /a
[18/07/2021 20:07:32] /a
[18/07/2021 20:07:32] /a
[18/07/2021 20:07:32] /a
[18/07/2021 20:07:32] /a
[18/07/2021 20:07:32] /a
[18/07/2021 20:07:33] /a
[18/07/2021 20:07:33] /a
[18/07/2021 20:07:33] /a
[18/07/2021 20:07:33] /a
[18/07/2021 20:07:33] /a
[18/07/2021 20:07:33] /a
[18/07/2021 20:07:33] /a
[18/07/2021 20:07:33] /a
[18/07/2021 20:07:33] /a
[18/07/2021 20:07:33] /a
[18/07/2021 20:07:34] /a
[18/07/2021 20:07:34] /a
[18/07/2021 20:07:34] /a
[18/07/2021 20:07:34] /a
[18/07/2021 20:07:34] /a
[18/07/2021 20:07:34] /a
[18/07/2021 20:07:35] /a
[18/07/2021 20:07:35] /a
[18/07/2021 20:07:35] /a
[18/07/2021 20:10:55] /a
[18/07/2021 20:10:55] /a
[18/07/2021 20:12:21] /i 2300
[18/07/2021 20:13:04] /i 2296
[18/07/2021 20:13:47] /i 2283
[18/07/2021 20:14:29] /i 2270
[18/07/2021 20:14:53] /i 2275
[18/07/2021 21:11:08] /t
[18/07/2021 21:11:11] /c jean
[18/07/2021 21:13:09] /ghost
[18/07/2021 21:13:18] /goto sacrano
[18/07/2021 21:13:19] /t
[18/07/2021 21:13:22] /goto sacrano
[18/07/2021 21:13:29] /t
[18/07/2021 21:22:54] /a
[18/07/2021 21:22:55] /a
[18/07/2021 21:22:58] /a
[18/07/2021 21:22:59] /a
[18/07/2021 21:25:37] /ghost
[18/07/2021 21:25:42] /ghost
[18/07/2021 21:26:32] /up
[18/07/2021 21:26:33] /up
[18/07/2021 21:26:38] /c Jean
[18/07/2021 21:26:48] /i 9445
[18/07/2021 21:26:50] /i 9445
[18/07/2021 21:27:02] /attr group 1
[18/07/2021 21:27:05] /r
[18/07/2021 21:27:14] /ghost
[18/07/2021 21:27:41] /attr group 4
[18/07/2021 21:27:43] /r
[18/07/2021 21:28:48] /bc green top
[18/07/2021 21:28:54] /bc top
[18/07/2021 21:29:02] /bc top
[18/07/2021 21:29:17] /bc 1
[18/07/2021 21:30:44] /bc green
[18/07/2021 21:30:48] /bc green, 
[18/07/2021 21:31:52] /attr group 6
[18/07/2021 21:31:53] /r
[18/07/2021 21:31:58] /bc white 
[18/07/2021 21:32:08] /bc white (a)
[18/07/2021 21:32:36] /bc green;
[18/07/2021 21:32:41] /bc green; ufa
[18/07/2021 21:32:50] /bc orange; a
[18/07/2021 21:33:00] /bc white; a
[18/07/2021 21:33:19] /goto sacrano
[18/07/2021 21:33:32] /goto jean
[18/07/2021 21:34:49] /r 100
[19/07/2021 19:41:53] /ghost
[19/07/2021 19:41:54] /t
[19/07/2021 19:41:55] /t
[19/07/2021 19:41:58] /ghost
[19/07/2021 19:43:56] /attr skull 0
[19/07/2021 19:51:26] /attr skull 0
[19/07/2021 19:52:47] /attr skull 0
[19/07/2021 19:59:18] /reload spells
[19/07/2021 19:59:27] /m training monk
[19/07/2021 20:00:45] /reload spells
[19/07/2021 20:00:47] /m training monk
[19/07/2021 20:01:34] /reload spells
[19/07/2021 20:02:47] /reload spells
[19/07/2021 20:02:52] /m training monk
[19/07/2021 20:04:14] /reload spells
[19/07/2021 20:15:01] /attr skull 0
[19/07/2021 20:16:24] /unban takinon
[19/07/2021 20:18:07] /unban Takinon
[19/07/2021 20:26:52] /reload talkactions
[19/07/2021 20:27:00] /unban Takinon
[19/07/2021 20:32:33] /reload talkactions
[19/07/2021 20:32:44] /unban Takinon
[19/07/2021 20:33:15] /attr skull 0
[19/07/2021 20:34:10] /attr skull 0
[19/07/2021 20:35:29] /attr skull 0
[19/07/2021 20:35:46] /attr skull 0
[19/07/2021 20:51:05] /reload config
[19/07/2021 21:01:52] /attr skull 0
[19/07/2021 21:14:47] /attr skull 1
[19/07/2021 21:14:52] /attr skull 2
[19/07/2021 21:14:55] /attr skull 0
[19/07/2021 21:43:57] /unban muthcka
[19/07/2021 21:50:43] /reload talkactions
[19/07/2021 21:54:33] /attr skull 0
[19/07/2021 21:57:18] /attr skull 0
[19/07/2021 21:57:19] /r
[19/07/2021 21:57:29] /attr skull 0
[19/07/2021 22:10:07] /attr skull white
[19/07/2021 22:10:18] /attr skull none
[19/07/2021 22:10:43] /attr skull none
[19/07/2021 22:10:49] /r
[19/07/2021 22:11:40] /attr skull none
[19/07/2021 22:13:17] /attr skull none
[19/07/2021 22:13:29] /t fakedoi
[19/07/2021 22:18:05] /i epic mana rune
[19/07/2021 22:18:10] /i epic mana
[19/07/2021 22:18:13] /i epic uh
[19/07/2021 22:18:16] /i backpack
[19/07/2021 22:20:39] /newtype Mutchka, 300
[19/07/2021 22:20:57] /newtype Muthcka, 300
[19/07/2021 22:21:05] /newtype Muthcka 300
[19/07/2021 22:23:33] /r
[19/07/2021 22:26:05] /reload spells
[19/07/2021 22:30:01] /reload spells
[20/07/2021 21:09:21] /ghost
[20/07/2021 21:09:27] /up
[20/07/2021 21:09:28] /up
[20/07/2021 21:09:48] /c demonic striker
[20/07/2021 21:13:20] /c demonic striker
[20/07/2021 21:24:16] /t
[20/07/2021 21:24:22] /goto taki
[20/07/2021 21:24:40] /goto poderoso knight
[20/07/2021 21:24:48] /goto covid
[20/07/2021 21:24:55] /goto kaio
[20/07/2021 21:25:05] /t
[20/07/2021 21:25:51] /goto taki
[20/07/2021 21:26:02] /goto taki
[20/07/2021 21:26:18] /goto taki
[20/07/2021 21:26:58] /goto taki
[20/07/2021 21:27:05] /goto taki
[20/07/2021 21:27:09] /goto taki
[20/07/2021 21:27:13] /goto taki
[20/07/2021 21:27:14] /goto taki
[20/07/2021 21:27:17] /goto taki
[20/07/2021 21:27:18] /goto taki
[20/07/2021 21:27:20] /goto taki
[20/07/2021 21:27:21] /goto taki
[20/07/2021 21:27:22] /goto taki
[20/07/2021 21:27:23] /goto taki
[20/07/2021 21:27:25] /goto taki
[20/07/2021 21:27:26] /goto taki
[20/07/2021 21:27:28] /goto taki
[20/07/2021 21:27:32] /goto taki
[20/07/2021 21:28:38] /goto taki
[20/07/2021 21:28:45] /goto taki
[20/07/2021 21:28:47] /goto taki
[20/07/2021 21:28:51] /t
[20/07/2021 21:29:43] /raid demon lord
[20/07/2021 21:29:44] /t
[20/07/2021 21:35:58] /reload spells
[20/07/2021 21:36:42] /goto covid
[20/07/2021 21:37:05] /t
[20/07/2021 21:38:21] /reload spells
[20/07/2021 21:38:40] /goto Poderoso Knight
[20/07/2021 21:40:41] /t
[20/07/2021 21:40:46] /up
[20/07/2021 21:40:47] /up
[20/07/2021 21:40:51] /save
[20/07/2021 21:46:34] /t
[20/07/2021 21:47:07] /up
[20/07/2021 21:47:08] /up
[21/07/2021 19:32:34] /t
[21/07/2021 19:34:24] /t
[21/07/2021 19:34:50] /up
[21/07/2021 19:34:51] /up
[21/07/2021 19:34:54] /c fakedoi
[21/07/2021 19:35:08] /c Demonic Striker]
[21/07/2021 19:35:11] /c Demonic Striker
[21/07/2021 19:35:36] /attr health -2330620
[21/07/2021 19:36:38] /i cristal sword
[21/07/2021 19:37:40] /c demonic striker
[21/07/2021 19:38:16] /attr health -2316070
[21/07/2021 19:38:56] /c demonic striker
[21/07/2021 19:39:19] /attr health -2291800
[21/07/2021 19:40:19] /m training monk
[21/07/2021 19:49:06] /c demonic striker
[21/07/2021 19:49:09] /m training monk
[21/07/2021 19:49:23] /attr health -2277525
[21/07/2021 19:49:36] /c demonic striker
[21/07/2021 19:49:54] /attr health -2253680
[21/07/2021 19:50:32] /c demonic stricker
[21/07/2021 19:50:35] /c demonic striker
[21/07/2021 19:51:31] /reload creaturescript
[21/07/2021 19:51:34] /reload creaturescripts
[21/07/2021 19:53:42] /attr health -2239580
[21/07/2021 19:55:35] /c demonic striker
[21/07/2021 19:55:54] /attr health -2216100
[21/07/2021 19:56:34] /reload creaturespript
[21/07/2021 19:56:36] /reload creaturespripts
[21/07/2021 19:56:41] /reload creaturescripts
[21/07/2021 19:57:56] /c demonic striker
[21/07/2021 19:58:12] /attr health -2202200
[21/07/2021 20:01:15] /c npc builder
[21/07/2021 20:01:27] /c queen eloise
[21/07/2021 20:01:37] /npc queen eloise
[21/07/2021 20:01:46] /i 2140
[21/07/2021 20:01:54] /i 2137
[21/07/2021 20:19:03] /c demonic striker
[21/07/2021 20:27:34] /c demonic striker
[21/07/2021 20:52:49] /t
[21/07/2021 20:52:57] /i 2137
[21/07/2021 20:53:03] /i 2140
[21/07/2021 20:53:32] /t
[21/07/2021 20:53:34] /a 50
[21/07/2021 20:53:43] /a 20
[21/07/2021 20:53:44] /a
[21/07/2021 20:53:45] /a
[21/07/2021 20:53:45] /a
[21/07/2021 20:53:46] /up
[21/07/2021 21:05:13] /t
[21/07/2021 21:05:14] /up
[21/07/2021 21:05:15] /up
[21/07/2021 21:05:19] /i corpse
[21/07/2021 21:11:28] /c demonic striker
[21/07/2021 21:11:44] /m clasus
[21/07/2021 21:13:46] /m clasus
[21/07/2021 21:30:34] /m clasus
[21/07/2021 21:32:30] /down 3
[21/07/2021 21:32:32] /t
[21/07/2021 21:32:48] /a
[21/07/2021 21:32:49] /a
[21/07/2021 21:36:35] /ghost
[21/07/2021 21:36:36] /t
[21/07/2021 21:36:48] /a
[21/07/2021 21:36:49] /a
[21/07/2021 21:37:18] /a
[21/07/2021 21:37:19] /a
[21/07/2021 21:37:20] /a
[21/07/2021 21:37:20] /a
[21/07/2021 21:37:20] /a
[21/07/2021 21:37:21] /a
[21/07/2021 21:37:21] /a
[21/07/2021 21:37:21] /a
[21/07/2021 21:37:22] /a
[21/07/2021 21:37:22] /a
[21/07/2021 21:38:01] /t
[21/07/2021 22:15:42] /up
[21/07/2021 22:15:43] /up
[21/07/2021 22:15:52] /attr skull none
[21/07/2021 22:19:10] /goto mutchka
[21/07/2021 22:19:15] /goto muthcka
[21/07/2021 22:19:23] /save
[21/07/2021 22:19:30] /shutdown
[21/07/2021 22:21:21] /goto taki
[21/07/2021 22:23:38] /m training monk
[21/07/2021 22:26:35] /reload spells
[21/07/2021 22:27:35] /reload spells
[21/07/2021 22:28:15] /reload spells
[21/07/2021 22:29:02] /a
[21/07/2021 22:29:02] /a
[21/07/2021 22:29:03] /a
[21/07/2021 22:29:03] /a
[21/07/2021 22:29:22] /attr skull none
[21/07/2021 22:29:31] /attr skull none
[21/07/2021 22:29:49] /attr skull 1
[21/07/2021 22:29:54] /attr skull 5
[21/07/2021 22:29:55] /attr skull 5
[21/07/2021 22:29:58] /attr skull 6
[21/07/2021 22:31:13] /save
[21/07/2021 22:31:16] /shutdown
[21/07/2021 22:34:14] /save
[21/07/2021 22:34:17] /shutdown
[21/07/2021 22:35:32] /up
[21/07/2021 22:35:33] /up
[21/07/2021 22:47:32] /save
[21/07/2021 22:47:37] /shutdown
[21/07/2021 22:55:32] /m training monk
[21/07/2021 23:05:48] /save
[21/07/2021 23:05:49] /shutdown
[21/07/2021 23:10:58] /attr skull none
[23/07/2021 20:34:15] /t
[25/07/2021 16:42:16] /attr group 6
[25/07/2021 16:42:39] /goto clasus
[25/07/2021 16:43:12] /c cquest
[25/07/2021 16:43:27] /attr group 6
[25/07/2021 16:43:28] /r
[25/07/2021 16:43:44] /goto jean
[25/07/2021 16:43:46] /goto jean
[25/07/2021 16:43:56] /goto jean
[25/07/2021 16:43:56] /c cquest
[25/07/2021 16:43:56] /goto jean
[25/07/2021 16:43:57] /c cquest
[25/07/2021 16:43:57] /goto jean
[25/07/2021 16:44:01] /goto jean
[25/07/2021 16:45:14] /c cquest
[25/07/2021 16:45:34] /goto jean
[25/07/2021 16:45:35] /goto jean
[25/07/2021 16:45:36] /goto jean
[25/07/2021 16:45:37] /goto jean
[25/07/2021 16:45:37] /goto jean
[25/07/2021 16:45:44] /goto jean
[25/07/2021 16:45:44] /c cquest
[25/07/2021 16:45:45] /c muita
[25/07/2021 16:45:45] /goto jean
[25/07/2021 16:45:46] /c cquest
[25/07/2021 16:45:46] /c muita
[25/07/2021 16:45:46] /c muita
[25/07/2021 16:45:47] /goto jean
[25/07/2021 16:45:47] /c cquest
[25/07/2021 16:45:47] /c muita
[25/07/2021 16:45:48] /goto jean
[25/07/2021 16:45:48] /c cquest
[25/07/2021 16:45:48] /c muita
[25/07/2021 16:45:49] /goto jean
[25/07/2021 16:45:49] /c cquest
[25/07/2021 16:45:49] /c muita
[25/07/2021 16:45:49] /goto jean
[25/07/2021 16:45:49] /c cquest
[25/07/2021 16:45:50] /c muita
[25/07/2021 16:45:50] /goto jean
[25/07/2021 16:45:50] /c cquest
[25/07/2021 16:45:50] /c muita
[25/07/2021 16:45:50] /goto jean
[25/07/2021 16:45:50] /c cquest
[25/07/2021 16:45:51] /c muita
[25/07/2021 16:45:51] /goto jean
[25/07/2021 16:45:51] /c cquest
[25/07/2021 16:45:51] /c muita
[25/07/2021 16:45:53] /goto jean
[25/07/2021 16:45:54] /c cquest
[25/07/2021 16:45:54] /c muita
[25/07/2021 16:45:54] /goto jean
[25/07/2021 16:45:55] /c cquest
[25/07/2021 16:45:55] /c muita
[25/07/2021 16:45:56] /goto jean
[25/07/2021 16:45:56] /c cquest
[25/07/2021 16:45:57] /c muita
[25/07/2021 16:46:12] /goto claus
[25/07/2021 16:46:15] /goto clasus
[25/07/2021 16:46:17] /a
[25/07/2021 16:46:44] /a
[25/07/2021 16:46:47] /c cquest
[25/07/2021 16:47:02] /goto jean
[25/07/2021 16:47:02] /c cquest
[25/07/2021 16:47:02] /c muita
[25/07/2021 16:47:02] /goto jean
[25/07/2021 16:47:03] /c cquest
[25/07/2021 16:47:03] /c muita
[25/07/2021 16:47:03] /goto jean
[25/07/2021 16:47:03] /c cquest
[25/07/2021 16:47:03] /c muita
[25/07/2021 16:47:04] /goto jean
[25/07/2021 16:47:04] /c cquest
[25/07/2021 16:47:04] /c muita
[25/07/2021 16:47:04] /goto jean
[25/07/2021 16:47:04] /c cquest
[25/07/2021 16:47:05] /c muita
[25/07/2021 16:47:05] /goto jean
[25/07/2021 16:47:05] /c cquest
[25/07/2021 16:47:05] /c muita
[25/07/2021 16:47:05] /goto jean
[25/07/2021 16:47:05] /c cquest
[25/07/2021 16:47:06] /c muita
[25/07/2021 16:47:06] /goto jean
[25/07/2021 16:47:06] /c cquest
[25/07/2021 16:47:06] /c muita
[25/07/2021 16:47:06] /goto jean
[25/07/2021 16:47:06] /c cquest
[25/07/2021 16:47:06] /c muita
[25/07/2021 16:47:07] /goto jean
[25/07/2021 16:47:07] /c cquest
[25/07/2021 16:47:07] /c muita
[25/07/2021 16:47:07] /goto jean
[25/07/2021 16:47:07] /c cquest
[25/07/2021 16:47:07] /c muita
[25/07/2021 16:47:07] /goto jean
[25/07/2021 16:47:07] /c cquest
[25/07/2021 16:47:08] /c muita
[25/07/2021 16:47:08] /goto jean
[25/07/2021 16:47:08] /c cquest
[25/07/2021 16:47:08] /c muita
[25/07/2021 16:47:08] /goto jean
[25/07/2021 16:47:08] /c cquest
[25/07/2021 16:47:08] /c muita
[25/07/2021 16:47:09] /goto jean
[25/07/2021 16:47:09] /c cquest
[25/07/2021 16:47:09] /c muita
[25/07/2021 16:47:09] /goto jean
[25/07/2021 16:47:09] /c cquest
[25/07/2021 16:47:09] /c muita
[25/07/2021 16:47:10] /goto jean
[25/07/2021 16:47:10] /c cquest
[25/07/2021 16:47:10] /c muita
[25/07/2021 16:47:10] /goto jean
[25/07/2021 16:47:10] /c cquest
[25/07/2021 16:47:10] /c muita
[25/07/2021 16:47:11] /goto jean
[25/07/2021 16:47:11] /c cquest
[25/07/2021 16:47:11] /c muita
[25/07/2021 16:47:11] /goto jean
[25/07/2021 16:47:11] /c cquest
[25/07/2021 16:47:11] /c muita
[25/07/2021 16:47:12] /goto jean
[25/07/2021 16:47:12] /c cquest
[25/07/2021 16:47:12] /c muita
[25/07/2021 16:47:25] /goto jean
[25/07/2021 16:47:25] /c cquest
[25/07/2021 16:47:25] /c muita
[25/07/2021 16:47:25] /goto jean
[25/07/2021 16:47:26] /c cquest
[25/07/2021 16:47:26] /c muita
[25/07/2021 16:47:27] /goto jean
[25/07/2021 16:47:27] /c cquest
[25/07/2021 16:47:27] /c muita
[25/07/2021 16:47:27] /goto jean
[25/07/2021 16:47:28] /c cquest
[25/07/2021 16:47:28] /c muita
[25/07/2021 16:47:28] /goto jean
[25/07/2021 16:47:29] /c cquest
[25/07/2021 16:47:29] /c muita
[25/07/2021 16:47:29] /goto jean
[25/07/2021 16:47:29] /c cquest
[25/07/2021 16:47:30] /c muita
[25/07/2021 16:47:30] /goto jean
[25/07/2021 16:47:30] /c cquest
[25/07/2021 16:47:30] /c muita
[25/07/2021 16:47:31] /goto jean
[25/07/2021 16:47:31] /c cquest
[25/07/2021 16:47:32] /c muita
[25/07/2021 16:47:32] /goto jean
[25/07/2021 16:47:32] /c cquest
[25/07/2021 16:47:32] /c muita
[25/07/2021 16:47:33] /goto jean
[25/07/2021 16:47:33] /c cquest
[25/07/2021 16:47:33] /c muita
[25/07/2021 16:47:34] /goto jean
[25/07/2021 16:47:34] /c cquest
[25/07/2021 16:47:34] /c muita
[25/07/2021 16:47:34] /goto jean
[25/07/2021 16:47:35] /c cquest
[25/07/2021 16:47:35] /c muita
[25/07/2021 16:47:35] /goto jean
[25/07/2021 16:47:36] /c cquest
[25/07/2021 16:47:36] /c muita
[25/07/2021 16:47:36] /goto jean
[25/07/2021 16:47:36] /c cquest
[25/07/2021 16:47:37] /c muita
[25/07/2021 16:47:37] /goto jean
[25/07/2021 16:47:37] /c cquest
[25/07/2021 16:47:37] /c muita
[25/07/2021 16:47:38] /goto jean
[25/07/2021 16:47:38] /c cquest
[25/07/2021 16:47:38] /c muita
[25/07/2021 16:47:38] /goto jean
[25/07/2021 16:47:38] /c cquest
[25/07/2021 16:47:38] /c muita
[25/07/2021 16:47:39] /goto jean
[25/07/2021 16:47:39] /c cquest
[25/07/2021 16:47:39] /c muita
[25/07/2021 16:47:39] /goto jean
[25/07/2021 16:47:39] /c cquest
[25/07/2021 16:47:40] /c muita
[25/07/2021 16:47:40] /goto jean
[25/07/2021 16:47:40] /c cquest
[25/07/2021 16:47:40] /c muita
[25/07/2021 16:47:40] /goto jean
[25/07/2021 16:47:40] /c cquest
[25/07/2021 16:47:41] /c muita
[25/07/2021 16:47:41] /goto jean
[25/07/2021 16:47:41] /c cquest
[25/07/2021 16:47:41] /c muita
[25/07/2021 16:47:41] /goto jean
[25/07/2021 16:47:42] /c cquest
[25/07/2021 16:47:42] /c muita
[25/07/2021 16:47:42] /goto jean
[25/07/2021 16:47:42] /c cquest
[25/07/2021 16:47:42] /c muita
[25/07/2021 16:47:42] /goto jean
[25/07/2021 16:47:43] /c cquest
[25/07/2021 16:47:43] /c muita
[25/07/2021 16:47:43] /goto jean
[25/07/2021 16:47:43] /c cquest
[25/07/2021 16:47:43] /c muita
[25/07/2021 16:47:44] /goto jean
[25/07/2021 16:47:44] /c cquest
[25/07/2021 16:47:45] /c muita
[25/07/2021 16:47:45] /c muita
[25/07/2021 16:47:46] /goto jean
[25/07/2021 16:47:46] /c cquest
[25/07/2021 16:47:46] /c muita
[25/07/2021 16:47:47] /goto jean
[25/07/2021 16:47:48] /goto jean
[25/07/2021 16:47:48] /c cquest
[25/07/2021 16:47:48] /c muita
[25/07/2021 16:47:49] /goto jean
[25/07/2021 16:47:49] /c cquest
[25/07/2021 16:47:49] /c muita
[25/07/2021 16:47:53] /goto jean
[25/07/2021 16:47:54] /c cquest
[25/07/2021 16:47:54] /c cquest
[25/07/2021 16:47:55] /c muita
[25/07/2021 16:49:14] /r
[26/07/2021 20:12:13] /t
[26/07/2021 20:12:18] /reload creaturescripts
[26/07/2021 20:17:24] /i cristal sword
[26/07/2021 20:17:40] /attr health -17970000
[28/07/2021 21:50:33] /reload creaturescripts
[28/07/2021 21:51:18] /reload creaturescripts
[29/07/2021 19:27:44] /ghost
[29/07/2021 19:29:10] /i 2140
[29/07/2021 19:29:16] /i 2137
[29/07/2021 19:30:10] /goto capitap slayer
[29/07/2021 19:30:21] /goto capitao slayer
[29/07/2021 19:30:28] /a
[29/07/2021 19:30:29] /a
[29/07/2021 19:30:53] /c jean
[29/07/2021 19:53:24] /a
[30/07/2021 17:59:26] /goto demonic striker
[30/07/2021 18:03:47] /goto queen eloise
[30/07/2021 18:03:54] /c demonic striker
[30/07/2021 18:27:53] /t
[30/07/2021 19:32:23] /mc
[30/07/2021 19:33:03] /goto demonic striker
[30/07/2021 19:35:32] /t
[30/07/2021 19:35:35] /t
[30/07/2021 19:38:33] /ghost
[30/07/2021 19:44:14] /mc
[30/07/2021 19:49:42] /goto knight master
[30/07/2021 19:49:49] /t
[30/07/2021 19:56:06] /m training monk
[30/07/2021 19:56:52] /r
[30/07/2021 20:08:31] /goto clasus
[30/07/2021 20:08:37] /c taki
[30/07/2021 20:14:45] /t taki
[30/07/2021 20:14:45] /t
[30/07/2021 20:29:53] /up
[30/07/2021 20:29:55] /up
[30/07/2021 20:30:00] /c taki
[30/07/2021 20:33:17] /t taki
[30/07/2021 20:33:17] /t
[30/07/2021 21:46:17] /ghost
[30/07/2021 21:46:28] /goto demonic striker
[30/07/2021 21:46:44] /i super epic mana rune
[30/07/2021 21:47:20] /i mega mana rune
[30/07/2021 21:47:30] /t
[30/07/2021 21:47:37] /a
[31/07/2021 14:03:34] /goto muthcka
[31/07/2021 14:03:47] /a
[31/07/2021 14:11:18] /mc
[31/07/2021 23:18:57] /up
[31/07/2021 23:19:09] /c demonic striker
[31/07/2021 23:25:01] /c demonic striker
[31/07/2021 23:28:13] /goto pestana mage
[31/07/2021 23:28:24] /goto mage do caralho
[31/07/2021 23:44:10] /a 10
[31/07/2021 23:44:11] /a
[31/07/2021 23:44:11] /a
[31/07/2021 23:44:12] /a
[31/07/2021 23:44:13] /a
[31/07/2021 23:44:13] /a
[31/07/2021 23:44:14] /a
[31/07/2021 23:44:14] /a
[31/07/2021 23:44:14] /a
[31/07/2021 23:44:14] /a
[31/07/2021 23:44:14] /a
[31/07/2021 23:44:14] /a
[31/07/2021 23:44:14] /a
[31/07/2021 23:44:14] /a
[31/07/2021 23:44:14] /a
[31/07/2021 23:44:14] /a
[31/07/2021 23:44:14] /a
[31/07/2021 23:44:14] /a
[31/07/2021 23:44:15] /a
[31/07/2021 23:44:15] /a
[31/07/2021 23:44:15] /a
[31/07/2021 23:44:15] /a
[31/07/2021 23:44:15] /a
[31/07/2021 23:44:15] /a
[31/07/2021 23:44:15] /a
[31/07/2021 23:44:15] /a
[31/07/2021 23:44:15] /a
[31/07/2021 23:44:15] /a
[31/07/2021 23:44:15] /a
[31/07/2021 23:44:15] /a
[31/07/2021 23:44:15] /a
[31/07/2021 23:44:15] /a
[31/07/2021 23:44:15] /a
[31/07/2021 23:44:15] /a
[31/07/2021 23:44:15] /a
[31/07/2021 23:44:15] /a
[31/07/2021 23:44:15] /a
[31/07/2021 23:44:15] /a
[31/07/2021 23:44:15] /a
[31/07/2021 23:44:15] /a
[31/07/2021 23:44:15] /a
[31/07/2021 23:44:16] /a
[31/07/2021 23:44:16] /a
[31/07/2021 23:44:16] /a
[31/07/2021 23:44:16] /a
[31/07/2021 23:44:16] /a
[31/07/2021 23:44:16] /a
[31/07/2021 23:44:16] /a
[31/07/2021 23:44:16] /a
[31/07/2021 23:44:16] /a
[31/07/2021 23:44:16] /a
[31/07/2021 23:44:16] /a
[31/07/2021 23:44:16] /a
[31/07/2021 23:44:16] /a
[31/07/2021 23:44:16] /a
[31/07/2021 23:44:17] /a
[31/07/2021 23:44:17] /a
[31/07/2021 23:44:17] /a
[31/07/2021 23:44:17] /a
[31/07/2021 23:44:17] /a
[31/07/2021 23:44:17] /a
[31/07/2021 23:44:17] /a
[31/07/2021 23:44:17] /a
[31/07/2021 23:44:17] /a
[31/07/2021 23:44:17] /a
[31/07/2021 23:44:17] /a
[31/07/2021 23:44:17] /a
[31/07/2021 23:44:17] /a
[31/07/2021 23:44:17] /a
[31/07/2021 23:44:17] /a
[31/07/2021 23:44:17] /a
[31/07/2021 23:44:17] /a
[31/07/2021 23:44:17] /a
[31/07/2021 23:44:17] /a
[31/07/2021 23:44:17] /a
[31/07/2021 23:44:17] /a
[31/07/2021 23:44:17] /a
[31/07/2021 23:44:17] /a
[31/07/2021 23:44:17] /a
[31/07/2021 23:44:17] /a
[31/07/2021 23:44:17] /a
[31/07/2021 23:44:17] /a
[31/07/2021 23:44:17] /a
[31/07/2021 23:44:17] /a
[31/07/2021 23:44:18] /a
[31/07/2021 23:44:18] /a
[31/07/2021 23:44:18] /a
[31/07/2021 23:44:18] /a
[31/07/2021 23:44:18] /a
[31/07/2021 23:44:18] /a
[31/07/2021 23:44:18] /a
[31/07/2021 23:44:18] /a
[31/07/2021 23:44:19] /a
[31/07/2021 23:44:19] /a
[31/07/2021 23:44:19] /a
[31/07/2021 23:44:19] /a
[31/07/2021 23:44:19] /a
[31/07/2021 23:44:19] /a
[31/07/2021 23:44:19] /a
[31/07/2021 23:44:19] /a
[31/07/2021 23:44:19] /a
[31/07/2021 23:44:19] /a
[31/07/2021 23:44:19] /a
[31/07/2021 23:44:19] /a
[31/07/2021 23:44:19] /a
[31/07/2021 23:44:19] /a
[31/07/2021 23:44:19] /a
[31/07/2021 23:44:19] /a
[31/07/2021 23:44:19] /a
[31/07/2021 23:44:19] /a
[31/07/2021 23:44:19] /a
[31/07/2021 23:44:19] /a
[31/07/2021 23:44:19] /a
[31/07/2021 23:44:19] /a
[31/07/2021 23:44:19] /a
[31/07/2021 23:44:19] /a
[31/07/2021 23:44:19] /a
[31/07/2021 23:44:19] /a
[31/07/2021 23:44:20] /a
[31/07/2021 23:44:20] /a
[31/07/2021 23:44:20] /a
[31/07/2021 23:44:20] /a
[31/07/2021 23:44:20] /a
[31/07/2021 23:44:20] /a
[31/07/2021 23:44:20] /a
[31/07/2021 23:44:20] /a
[31/07/2021 23:44:20] /a
[31/07/2021 23:44:20] /a
[31/07/2021 23:44:20] /a
[31/07/2021 23:44:20] /a
[31/07/2021 23:44:20] /a
[31/07/2021 23:44:20] /a
[31/07/2021 23:44:20] /a
[31/07/2021 23:44:20] /a
[31/07/2021 23:44:20] /a
[31/07/2021 23:44:20] /a
[31/07/2021 23:44:20] /a
[31/07/2021 23:44:20] /a
[31/07/2021 23:44:20] /a
[31/07/2021 23:44:20] /a
[31/07/2021 23:44:20] /a
[31/07/2021 23:44:20] /a
[31/07/2021 23:44:20] /a
[31/07/2021 23:44:20] /a
[31/07/2021 23:44:20] /a
[31/07/2021 23:44:21] /a
[31/07/2021 23:44:22] /a
[31/07/2021 23:44:22] /a
[31/07/2021 23:44:22] /a
[31/07/2021 23:44:22] /a
[31/07/2021 23:44:22] /a
[31/07/2021 23:44:22] /a
[31/07/2021 23:44:22] /a
[31/07/2021 23:44:22] /a
[31/07/2021 23:44:22] /a
[31/07/2021 23:44:22] /a
[31/07/2021 23:44:22] /a
[31/07/2021 23:44:22] /a
[31/07/2021 23:44:22] /a
[31/07/2021 23:44:22] /a
[31/07/2021 23:44:22] /a
[31/07/2021 23:44:23] /a
[31/07/2021 23:44:23] /a
[31/07/2021 23:44:23] /a
[31/07/2021 23:44:23] /a
[31/07/2021 23:44:23] /a
[31/07/2021 23:44:23] /a
[31/07/2021 23:44:23] /a
[31/07/2021 23:44:23] /a
[31/07/2021 23:44:24] /a
[31/07/2021 23:44:24] /a
[31/07/2021 23:44:24] /a
[31/07/2021 23:44:24] /a
[31/07/2021 23:44:24] /a
[31/07/2021 23:44:24] /a
[31/07/2021 23:44:24] /a
[31/07/2021 23:44:24] /a
[31/07/2021 23:44:24] /a
[31/07/2021 23:44:24] /a
[31/07/2021 23:44:24] /a
[31/07/2021 23:44:24] /a
[31/07/2021 23:44:24] /a
[31/07/2021 23:44:24] /a
[31/07/2021 23:44:24] /a
[31/07/2021 23:44:24] /a
[31/07/2021 23:44:24] /a
[31/07/2021 23:44:24] /a
[31/07/2021 23:44:24] /a
[31/07/2021 23:44:24] /a
[31/07/2021 23:44:24] /a
[31/07/2021 23:44:24] /a
[31/07/2021 23:44:24] /a
[31/07/2021 23:44:24] /a
[31/07/2021 23:44:24] /a
[31/07/2021 23:44:24] /a
[31/07/2021 23:44:24] /a
[31/07/2021 23:44:24] /a
[31/07/2021 23:44:24] /a
[31/07/2021 23:44:25] /a
[31/07/2021 23:44:25] /a
[31/07/2021 23:44:25] /a
[31/07/2021 23:44:25] /a
[31/07/2021 23:44:25] /a
[31/07/2021 23:44:25] /a
[31/07/2021 23:44:25] /a
[31/07/2021 23:44:26] /a
[31/07/2021 23:44:26] /a
[31/07/2021 23:44:26] /a
[31/07/2021 23:44:26] /a
[31/07/2021 23:44:26] /a
[31/07/2021 23:44:26] /a
[31/07/2021 23:44:26] /a
[31/07/2021 23:44:26] /a
[31/07/2021 23:44:26] /a
[31/07/2021 23:44:26] /a
[31/07/2021 23:44:26] /a
[31/07/2021 23:44:26] /a
[31/07/2021 23:44:26] /a
[31/07/2021 23:44:26] /a
[31/07/2021 23:44:26] /a
[31/07/2021 23:44:26] /a
[31/07/2021 23:44:26] /a
[31/07/2021 23:44:26] /a
[31/07/2021 23:44:26] /a
[31/07/2021 23:44:26] /a
[31/07/2021 23:44:26] /a
[31/07/2021 23:44:26] /a
[31/07/2021 23:44:26] /a
[31/07/2021 23:44:26] /a
[31/07/2021 23:44:26] /a
[31/07/2021 23:44:26] /a
[31/07/2021 23:44:26] /a
[31/07/2021 23:44:26] /a
[31/07/2021 23:44:27] /a
[31/07/2021 23:44:27] /a
[31/07/2021 23:44:27] /a
[31/07/2021 23:44:27] /a
[31/07/2021 23:44:27] /a
[31/07/2021 23:44:27] /a
[31/07/2021 23:44:27] /a
[31/07/2021 23:44:27] /a
[31/07/2021 23:44:28] /a
[31/07/2021 23:44:28] /a
[31/07/2021 23:44:28] /a
[31/07/2021 23:44:28] /a
[31/07/2021 23:44:28] /a
[31/07/2021 23:44:28] /a
[31/07/2021 23:44:28] /a
[31/07/2021 23:44:28] /a
[31/07/2021 23:44:28] /a
[31/07/2021 23:44:28] /a
[31/07/2021 23:44:28] /a
[31/07/2021 23:44:28] /a
[31/07/2021 23:44:28] /a
[31/07/2021 23:44:28] /a
[31/07/2021 23:44:28] /a
[31/07/2021 23:44:28] /a
[31/07/2021 23:44:28] /a
[31/07/2021 23:44:28] /a
[31/07/2021 23:44:29] /a
[31/07/2021 23:44:29] /a
[31/07/2021 23:44:29] /a
[31/07/2021 23:44:29] /a
[31/07/2021 23:44:29] /a
[31/07/2021 23:44:29] /a
[31/07/2021 23:44:29] /a
[31/07/2021 23:44:29] /a
[31/07/2021 23:44:29] /a
[31/07/2021 23:44:29] /a
[31/07/2021 23:44:29] /a
[31/07/2021 23:44:29] /a
[31/07/2021 23:44:29] /a
[31/07/2021 23:44:29] /a
[31/07/2021 23:44:29] /a
[31/07/2021 23:44:29] /a
[31/07/2021 23:44:29] /a
[31/07/2021 23:44:30] /a
[31/07/2021 23:44:30] /a
[31/07/2021 23:44:30] /a
[31/07/2021 23:44:30] /a
[31/07/2021 23:44:30] /a
[31/07/2021 23:44:30] /a
[31/07/2021 23:44:30] /a
[31/07/2021 23:44:30] /a
[31/07/2021 23:44:30] /a
[31/07/2021 23:44:30] /a
[31/07/2021 23:44:30] /a
[31/07/2021 23:44:30] /a
[31/07/2021 23:44:30] /a
[31/07/2021 23:44:30] /a
[31/07/2021 23:44:30] /a
[31/07/2021 23:44:30] /a
[31/07/2021 23:44:30] /a
[31/07/2021 23:44:30] /a
[31/07/2021 23:44:30] /a
[31/07/2021 23:44:30] /a
[31/07/2021 23:44:30] /a
[31/07/2021 23:44:30] /a
[31/07/2021 23:44:30] /a
[31/07/2021 23:44:30] /a
[31/07/2021 23:44:30] /a
[31/07/2021 23:44:30] /a
[31/07/2021 23:44:30] /a
[31/07/2021 23:44:30] /a
[31/07/2021 23:44:30] /a
[31/07/2021 23:44:30] /a
[31/07/2021 23:44:31] /a
[31/07/2021 23:44:31] /a
[31/07/2021 23:44:31] /a
[31/07/2021 23:44:31] /a
[31/07/2021 23:44:31] /a
[31/07/2021 23:44:31] /a
[31/07/2021 23:44:31] /a
[31/07/2021 23:44:31] /a
[31/07/2021 23:44:31] /a
[31/07/2021 23:44:31] /a
[31/07/2021 23:44:31] /a
[31/07/2021 23:44:31] /a
[31/07/2021 23:44:31] /a
[31/07/2021 23:44:31] /a
[31/07/2021 23:44:31] /a
[31/07/2021 23:44:31] /a
[31/07/2021 23:44:31] /a
[31/07/2021 23:44:31] /a
[31/07/2021 23:44:31] /a
[31/07/2021 23:44:31] /a
[31/07/2021 23:44:31] /a
[31/07/2021 23:44:31] /a
[31/07/2021 23:44:31] /a
[31/07/2021 23:44:31] /a
[31/07/2021 23:44:31] /a
[31/07/2021 23:44:31] /a
[31/07/2021 23:44:31] /a
[31/07/2021 23:44:31] /a
[31/07/2021 23:44:31] /a
[31/07/2021 23:44:31] /a
[31/07/2021 23:44:32] /a
[31/07/2021 23:44:32] /a
[31/07/2021 23:44:32] /a
[31/07/2021 23:44:32] /a
[31/07/2021 23:44:32] /a
[31/07/2021 23:44:32] /a
[31/07/2021 23:44:32] /a
[31/07/2021 23:44:32] /a
[31/07/2021 23:44:32] /a
[31/07/2021 23:44:32] /a
[31/07/2021 23:44:32] /a
[31/07/2021 23:44:32] /a
[31/07/2021 23:44:32] /a
[31/07/2021 23:44:32] /a
[31/07/2021 23:44:32] /a
[31/07/2021 23:44:32] /a
[31/07/2021 23:44:32] /a
[31/07/2021 23:44:32] /a
[31/07/2021 23:44:32] /a
[31/07/2021 23:44:32] /a
[31/07/2021 23:44:32] /a
[31/07/2021 23:44:32] /a
[31/07/2021 23:44:32] /a
[31/07/2021 23:44:32] /a
[31/07/2021 23:44:32] /a
[31/07/2021 23:44:32] /a
[31/07/2021 23:44:32] /a
[31/07/2021 23:44:32] /a
[31/07/2021 23:44:32] /a
[31/07/2021 23:44:32] /a
[31/07/2021 23:44:33] /a
[31/07/2021 23:44:33] /a
[31/07/2021 23:44:33] /a
[31/07/2021 23:44:33] /a
[31/07/2021 23:44:33] /a
[31/07/2021 23:44:33] /a
[31/07/2021 23:44:33] /a
[31/07/2021 23:44:33] /a
[31/07/2021 23:44:33] /a
[31/07/2021 23:44:33] /a
[31/07/2021 23:44:33] /a
[31/07/2021 23:44:33] /a
[31/07/2021 23:44:33] /a
[31/07/2021 23:44:33] /a
[31/07/2021 23:44:33] /a
[31/07/2021 23:44:33] /a
[31/07/2021 23:44:33] /a
[31/07/2021 23:44:33] /a
[31/07/2021 23:44:33] /a
[31/07/2021 23:44:33] /a
[31/07/2021 23:44:33] /a
[31/07/2021 23:44:33] /a
[31/07/2021 23:44:33] /a
[31/07/2021 23:44:33] /a
[31/07/2021 23:44:33] /a
[31/07/2021 23:44:33] /a
[31/07/2021 23:44:33] /a
[31/07/2021 23:44:34] /a
[31/07/2021 23:44:34] /a
[31/07/2021 23:44:34] /a
[31/07/2021 23:44:34] /a
[31/07/2021 23:44:34] /a
[31/07/2021 23:44:34] /a
[31/07/2021 23:44:34] /a
[31/07/2021 23:44:34] /a
[31/07/2021 23:44:34] /a
[31/07/2021 23:44:34] /a
[31/07/2021 23:44:34] /a
[31/07/2021 23:44:34] /a
[31/07/2021 23:44:34] /a
[31/07/2021 23:44:34] /a
[31/07/2021 23:44:34] /a
[31/07/2021 23:44:34] /a
[31/07/2021 23:44:34] /a
[31/07/2021 23:44:34] /a
[31/07/2021 23:44:34] /a
[31/07/2021 23:44:34] /a
[31/07/2021 23:44:34] /a
[31/07/2021 23:44:34] /a
[31/07/2021 23:44:34] /a
[31/07/2021 23:44:34] /a
[31/07/2021 23:44:34] /a
[31/07/2021 23:44:34] /a
[31/07/2021 23:44:34] /a
[31/07/2021 23:44:34] /a
[31/07/2021 23:44:34] /a
[31/07/2021 23:44:35] /a
[31/07/2021 23:44:35] /a
[31/07/2021 23:44:35] /a
[31/07/2021 23:44:35] /a
[31/07/2021 23:44:35] /a
[31/07/2021 23:44:35] /a
[31/07/2021 23:44:35] /a
[31/07/2021 23:44:35] /a
[31/07/2021 23:44:35] /a
[31/07/2021 23:44:35] /a
[31/07/2021 23:44:35] /a
[31/07/2021 23:44:35] /a
[31/07/2021 23:44:35] /a
[31/07/2021 23:44:35] /a
[31/07/2021 23:44:35] /a
[31/07/2021 23:44:35] /a
[31/07/2021 23:44:35] /a
[31/07/2021 23:44:36] /a
[31/07/2021 23:44:36] /a
[31/07/2021 23:44:36] /a
[31/07/2021 23:44:36] /a
[31/07/2021 23:44:36] /a
[31/07/2021 23:44:36] /a
[31/07/2021 23:44:36] /a
[31/07/2021 23:44:37] /a
[31/07/2021 23:44:37] /a
[31/07/2021 23:44:37] /a
[31/07/2021 23:44:38] /a
[31/07/2021 23:44:38] /a
[31/07/2021 23:46:15] /a
[31/07/2021 23:46:15] /a
[31/07/2021 23:46:15] /a
[31/07/2021 23:46:16] /a
[31/07/2021 23:46:16] /a
[31/07/2021 23:46:16] /a
[31/07/2021 23:46:16] /a
[31/07/2021 23:46:16] /a
[31/07/2021 23:46:16] /a
[31/07/2021 23:46:16] /a
[31/07/2021 23:46:16] /a
[31/07/2021 23:46:16] /a
[31/07/2021 23:46:16] /a
[31/07/2021 23:46:16] /a
[31/07/2021 23:46:16] /a
[31/07/2021 23:46:16] /a
[31/07/2021 23:46:16] /a
[31/07/2021 23:46:16] /a
[31/07/2021 23:46:16] /a
[31/07/2021 23:46:16] /a
[31/07/2021 23:46:16] /a
[31/07/2021 23:46:16] /a
[31/07/2021 23:46:16] /a
[31/07/2021 23:46:16] /a
[31/07/2021 23:46:17] /a
[31/07/2021 23:46:17] /a
[31/07/2021 23:46:17] /a
[31/07/2021 23:46:17] /a
[31/07/2021 23:46:17] /a
[31/07/2021 23:46:17] /a
[31/07/2021 23:46:17] /a
[31/07/2021 23:46:17] /a
[31/07/2021 23:46:17] /a
[31/07/2021 23:46:17] /a
[31/07/2021 23:46:18] /a
[31/07/2021 23:46:18] /a
[31/07/2021 23:46:18] /a
[31/07/2021 23:46:18] /a
[31/07/2021 23:46:18] /a
[31/07/2021 23:46:19] /a
[31/07/2021 23:46:19] /a
[31/07/2021 23:46:19] /a
[31/07/2021 23:46:19] /a
[31/07/2021 23:46:19] /a
[31/07/2021 23:46:19] /a
[31/07/2021 23:46:19] /a
[31/07/2021 23:46:19] /a
[31/07/2021 23:46:19] /a
[31/07/2021 23:46:19] /a
[31/07/2021 23:46:19] /a
[31/07/2021 23:46:19] /a
[31/07/2021 23:46:19] /a
[31/07/2021 23:46:19] /a
[31/07/2021 23:46:19] /a
[31/07/2021 23:46:19] /a
[31/07/2021 23:46:19] /a
[31/07/2021 23:46:19] /a
[31/07/2021 23:46:20] /a
[31/07/2021 23:46:20] /a
[31/07/2021 23:46:20] /a
[31/07/2021 23:46:21] /a
[31/07/2021 23:46:21] /a
[31/07/2021 23:46:21] /a
[31/07/2021 23:46:21] /a
[31/07/2021 23:46:21] /a
[31/07/2021 23:46:21] /a
[31/07/2021 23:46:21] /a
[31/07/2021 23:46:21] /a
[31/07/2021 23:46:21] /a
[31/07/2021 23:46:21] /a
[31/07/2021 23:46:21] /a
[31/07/2021 23:46:21] /a
[31/07/2021 23:46:21] /a
[31/07/2021 23:46:21] /a
[31/07/2021 23:46:21] /a
[31/07/2021 23:46:22] /a
[31/07/2021 23:46:22] /a
[31/07/2021 23:46:22] /a
[31/07/2021 23:46:22] /a
[31/07/2021 23:46:22] /a
[31/07/2021 23:46:22] /a
[31/07/2021 23:46:22] /a
[31/07/2021 23:46:22] /a
[31/07/2021 23:46:22] /a
[31/07/2021 23:46:22] /a
[31/07/2021 23:46:22] /a
[31/07/2021 23:46:22] /a
[31/07/2021 23:46:22] /a
[31/07/2021 23:46:22] /a
[31/07/2021 23:46:22] /a
[31/07/2021 23:46:22] /a
[31/07/2021 23:46:22] /a
[31/07/2021 23:46:22] /a
[31/07/2021 23:46:22] /a
[31/07/2021 23:46:22] /a
[31/07/2021 23:46:22] /a
[31/07/2021 23:46:22] /a
[31/07/2021 23:46:22] /a
[31/07/2021 23:46:22] /a
[31/07/2021 23:46:22] /a
[31/07/2021 23:46:22] /a
[31/07/2021 23:46:22] /a
[31/07/2021 23:46:22] /a
[31/07/2021 23:46:22] /a
[31/07/2021 23:46:22] /a
[31/07/2021 23:46:23] /a
[31/07/2021 23:46:23] /a
[31/07/2021 23:46:23] /a
[31/07/2021 23:46:23] /a
[31/07/2021 23:46:23] /a
[31/07/2021 23:46:23] /a
[31/07/2021 23:46:23] /a
[31/07/2021 23:46:23] /a
[31/07/2021 23:46:23] /a
[31/07/2021 23:46:23] /a
[31/07/2021 23:46:23] /a
[31/07/2021 23:46:23] /a
[31/07/2021 23:46:24] /a
[31/07/2021 23:46:24] /a
[31/07/2021 23:46:24] /a
[31/07/2021 23:46:24] /a
[31/07/2021 23:46:24] /a
[31/07/2021 23:46:24] /a
[31/07/2021 23:46:24] /a
[31/07/2021 23:46:24] /a
[31/07/2021 23:46:24] /a
[31/07/2021 23:46:24] /a
[31/07/2021 23:46:24] /a
[31/07/2021 23:46:24] /a
[31/07/2021 23:46:24] /a
[31/07/2021 23:46:24] /a
[31/07/2021 23:46:24] /a
[31/07/2021 23:46:24] /a
[31/07/2021 23:46:24] /a
[31/07/2021 23:46:24] /a
[31/07/2021 23:46:24] /a
[31/07/2021 23:46:25] /a
[31/07/2021 23:46:25] /a
[31/07/2021 23:46:25] /a
[31/07/2021 23:46:25] /a
[31/07/2021 23:46:25] /a
[31/07/2021 23:46:25] /a
[31/07/2021 23:46:25] /a
[31/07/2021 23:46:25] /a
[31/07/2021 23:46:25] /a
[31/07/2021 23:46:25] /a
[31/07/2021 23:46:25] /a
[31/07/2021 23:46:25] /a
[31/07/2021 23:46:25] /a
[31/07/2021 23:46:25] /a
[31/07/2021 23:46:25] /a
[31/07/2021 23:46:25] /a
[31/07/2021 23:46:25] /a
[31/07/2021 23:46:25] /a
[31/07/2021 23:46:25] /a
[31/07/2021 23:46:25] /a
[31/07/2021 23:46:25] /a
[31/07/2021 23:46:25] /a
[31/07/2021 23:46:25] /a
[31/07/2021 23:46:25] /a
[31/07/2021 23:46:25] /a
[31/07/2021 23:46:25] /a
[31/07/2021 23:46:25] /a
[31/07/2021 23:46:26] /a
[31/07/2021 23:46:26] /a
[31/07/2021 23:46:27] /a
[31/07/2021 23:46:27] /a
[31/07/2021 23:46:27] /a
[31/07/2021 23:46:27] /a
[31/07/2021 23:46:27] /a
[31/07/2021 23:46:27] /a
[31/07/2021 23:46:28] /a
[31/07/2021 23:46:28] /a
[31/07/2021 23:46:28] /a
[31/07/2021 23:46:28] /a
[31/07/2021 23:46:28] /a
[31/07/2021 23:46:29] /a
[31/07/2021 23:46:29] /a
[31/07/2021 23:46:29] /a
[31/07/2021 23:46:29] /a
[31/07/2021 23:46:29] /a
[31/07/2021 23:46:29] /a
[31/07/2021 23:46:29] /a
[31/07/2021 23:46:30] /a
[31/07/2021 23:46:30] /a
[31/07/2021 23:46:30] /a
[31/07/2021 23:46:30] /a
[31/07/2021 23:46:30] /a
[31/07/2021 23:46:30] /a
[31/07/2021 23:46:30] /a
[31/07/2021 23:46:30] /a
[31/07/2021 23:46:32] /a
[31/07/2021 23:46:32] /a
[31/07/2021 23:46:32] /a
[31/07/2021 23:46:33] /a
[31/07/2021 23:46:33] /a
[31/07/2021 23:46:33] /a
[31/07/2021 23:46:34] /a
[31/07/2021 23:46:34] /a
[31/07/2021 23:46:34] /a
[31/07/2021 23:46:35] /a
[31/07/2021 23:46:35] /a
[31/07/2021 23:46:35] /a
[31/07/2021 23:46:35] /a
[31/07/2021 23:49:49] /reload actions
[31/07/2021 23:49:51] /t
[31/07/2021 23:50:08] /goto muthcka
[31/07/2021 23:53:29] /a 5
[31/07/2021 23:53:31] /up
[31/07/2021 23:53:36] /reload actions
[01/08/2021 00:42:15] /goto druid master
[01/08/2021 00:45:54] /goto druid master
[01/08/2021 00:46:46] /goto druid master
[01/08/2021 00:49:54] /goto druid master
[01/08/2021 00:51:11] /goto druid master
[01/08/2021 00:54:56] /goto druid master
[01/08/2021 00:56:01] /goto druid master
[01/08/2021 00:57:03] /goto druid master
[01/08/2021 00:59:15] /goto Palyduuu
[01/08/2021 00:59:20] /goto druid master
[01/08/2021 00:59:26] /goto Palyduuu
[01/08/2021 00:59:35] /goto druid master
[01/08/2021 01:01:12] /goto druid master
[01/08/2021 01:01:14] /goto Palyduuu
[01/08/2021 01:01:16] /goto druid master
[01/08/2021 01:02:25] /goto druid master
[01/08/2021 01:03:06] /goto Palyduuu
[01/08/2021 01:03:14] /goto druid master
[01/08/2021 01:05:59] /goto druid master
[01/08/2021 01:06:05] /goto Palyduuu
[01/08/2021 01:07:31] /goto druid master
[01/08/2021 01:09:26] /goto druid master
[01/08/2021 01:09:28] /goto Palyduuu
[01/08/2021 01:10:46] /goto Palyduuu
[01/08/2021 01:10:47] /goto druid master
[01/08/2021 01:10:51] /goto Palyduuu
[01/08/2021 01:10:56] /a 2
[01/08/2021 01:12:38] /goto Palyduuu
[01/08/2021 01:12:41] /goto druid master
[01/08/2021 01:12:43] /goto Palyduuu
[01/08/2021 01:14:30] /goto Palyduuu
[01/08/2021 01:14:33] /goto druid master
[01/08/2021 01:14:35] /t
[01/08/2021 01:14:42] /up
[01/08/2021 01:14:49] /up
[01/08/2021 01:20:01] /goto palyduuu
[01/08/2021 01:26:08] /goto palyduuu
[01/08/2021 01:26:28] /goto druid master
[01/08/2021 01:30:25] /goto palyduuu
[01/08/2021 01:30:27] /goto druid master
[01/08/2021 01:33:34] /goto palyduuu
[01/08/2021 01:33:37] /goto druid master
[01/08/2021 01:33:40] /t
[01/08/2021 01:34:04] /up
[01/08/2021 01:34:05] /up
[01/08/2021 01:34:15] /t
[01/08/2021 01:34:17] /a 10
[01/08/2021 01:34:18] /a 10
[01/08/2021 01:34:57] /t
[01/08/2021 01:34:59] /up
[01/08/2021 01:35:00] /up
[01/08/2021 01:35:12] /c demonic striker
[01/08/2021 01:42:16] /t
[01/08/2021 01:42:52] /goto mage of caos
[01/08/2021 01:43:54] /goto kaio pally
[01/08/2021 01:44:15] /goto kaio pally
[01/08/2021 01:44:25] /t
[01/08/2021 01:44:29] /up
[01/08/2021 12:32:22] /t
[01/08/2021 12:32:24] /a 20
[01/08/2021 12:32:26] /a 2
[01/08/2021 12:32:26] /a 2
[01/08/2021 12:32:27] /a 2
[01/08/2021 12:32:27] /a 2
[01/08/2021 12:32:27] /a 2
[01/08/2021 12:32:27] /a 2
[01/08/2021 12:32:28] /a 2
[01/08/2021 12:32:28] /a 2
[01/08/2021 12:32:28] /a 2
[01/08/2021 12:32:29] /a 2
[01/08/2021 12:32:35] /c demonic striker
[01/08/2021 12:33:19] /m hacker
[01/08/2021 15:03:38] /t
[01/08/2021 15:03:40] /up
[01/08/2021 15:03:41] /up
[01/08/2021 15:03:49] /c demonic striker
[01/08/2021 15:04:27] /goto druid master
[01/08/2021 15:04:35] /goto demonic striker
[01/08/2021 15:11:27] /goto druid master
[01/08/2021 15:11:33] /goto demonic striker
[01/08/2021 15:16:51] /goto druid master
[01/08/2021 15:16:53] /t
[01/08/2021 15:17:05] /up
[01/08/2021 15:17:16] /up
[01/08/2021 15:47:05] /raid demon lord
[01/08/2021 15:48:10] /t
[01/08/2021 15:49:26] /up
[01/08/2021 15:49:27] /up
[01/08/2021 15:58:28] /reload spells
[01/08/2021 15:58:43] /goto poderoso pally
[01/08/2021 15:59:04] /goto muthcka
[01/08/2021 15:59:12] /a 5
[01/08/2021 15:59:16] /t
[01/08/2021 15:59:35] /goto drui master
[01/08/2021 15:59:37] /t
[01/08/2021 15:59:46] /goto druid master
[01/08/2021 16:00:05] /goto druid master
[01/08/2021 16:00:07] /goto druid master
[01/08/2021 16:00:09] /goto druid master
[01/08/2021 16:00:12] /goto druid master
[01/08/2021 16:00:14] /goto druid master
[01/08/2021 16:00:15] /goto druid master
[01/08/2021 16:00:16] /goto druid master
[01/08/2021 16:00:17] /goto druid master
[01/08/2021 16:00:18] /goto druid master
[01/08/2021 16:00:19] /goto druid master
[01/08/2021 16:00:20] /goto druid master
[01/08/2021 16:00:22] /goto druid master
[01/08/2021 16:00:23] /goto druid master
[01/08/2021 16:00:25] /goto druid master
[01/08/2021 16:00:27] /goto druid master
[01/08/2021 16:00:28] /goto druid master
[01/08/2021 16:00:31] /goto druid master
[01/08/2021 16:01:02] /a
[01/08/2021 16:01:06] /c druid master
[01/08/2021 16:06:36] /a 5
[01/08/2021 16:06:51] /a 2
[01/08/2021 16:07:33] /a
[01/08/2021 16:07:35] /a
[01/08/2021 16:08:42] /c pallyuuu
[01/08/2021 16:08:58] /c palyduuu
[01/08/2021 16:12:08] /goto clasus
[01/08/2021 16:12:28] /c druid master
[01/08/2021 16:14:41] /goto muthcka
[01/08/2021 16:14:48] /goto druid master
[01/08/2021 16:14:54] /c muthcka
[01/08/2021 16:15:11] /c Mage Do Caralho
[01/08/2021 16:15:27] /c pestana mage
[01/08/2021 16:15:54] /goto druid master
[01/08/2021 16:16:25] /goto clasus
[01/08/2021 16:16:27] /a 
[01/08/2021 16:16:29] /a 
[01/08/2021 16:16:38] /c druid master
[01/08/2021 16:16:58] /c pestana mage
[01/08/2021 16:17:05] /c mage do caralho
[01/08/2021 16:17:18] /c Palyduuu
[01/08/2021 16:17:43] /goto druid master
[01/08/2021 16:18:02] /goto clasus
[01/08/2021 16:18:05] /a 2
[01/08/2021 16:18:08] /a 2
[01/08/2021 16:18:19] /c druid master
[01/08/2021 16:19:05] /c Palyduuu
[01/08/2021 16:19:09] /c mage do caralho
[01/08/2021 16:19:15] /c pestana mage
[01/08/2021 16:22:26] /goto druid master
[01/08/2021 16:22:35] /a
[01/08/2021 16:22:35] /a
[01/08/2021 16:22:35] /a
[01/08/2021 16:22:35] /a
[01/08/2021 16:22:35] /a
[01/08/2021 16:22:36] /a
[01/08/2021 16:22:36] /a
[01/08/2021 16:22:36] /a
[01/08/2021 16:22:36] /a
[01/08/2021 16:22:36] /a
[01/08/2021 16:22:36] /a
[01/08/2021 16:22:36] /a
[01/08/2021 16:22:36] /a
[01/08/2021 16:22:36] /a
[01/08/2021 16:22:36] /a
[01/08/2021 16:22:36] /a
[01/08/2021 16:22:36] /a
[01/08/2021 16:22:36] /a
[01/08/2021 16:22:36] /a
[01/08/2021 16:22:36] /a
[01/08/2021 16:22:36] /a
[01/08/2021 16:22:36] /a
[01/08/2021 16:22:36] /a
[01/08/2021 16:22:36] /a
[01/08/2021 16:22:36] /a
[01/08/2021 16:22:36] /a
[01/08/2021 16:22:36] /a
[01/08/2021 16:22:36] /a
[01/08/2021 16:22:36] /a
[01/08/2021 16:22:36] /a
[01/08/2021 16:22:36] /a
[01/08/2021 16:22:36] /a
[01/08/2021 16:22:36] /a
[01/08/2021 16:22:36] /a
[01/08/2021 16:22:36] /a
[01/08/2021 16:22:36] /a
[01/08/2021 16:22:37] /a
[01/08/2021 16:22:37] /a
[01/08/2021 16:22:37] /a
[01/08/2021 16:22:37] /a
[01/08/2021 16:22:37] /a
[01/08/2021 16:22:38] /a
[01/08/2021 16:22:38] /a
[01/08/2021 16:22:38] /a
[01/08/2021 16:22:38] /a
[01/08/2021 16:22:38] /a
[01/08/2021 16:22:38] /a
[01/08/2021 16:22:38] /a
[01/08/2021 16:22:38] /a
[01/08/2021 16:22:38] /a
[01/08/2021 16:22:38] /a
[01/08/2021 16:22:38] /a
[01/08/2021 16:22:38] /a
[01/08/2021 16:22:38] /a
[01/08/2021 16:22:39] /a
[01/08/2021 16:22:39] /a
[01/08/2021 16:22:39] /a
[01/08/2021 16:22:39] /a
[01/08/2021 16:22:39] /a
[01/08/2021 16:22:39] /a
[01/08/2021 16:22:39] /a
[01/08/2021 16:22:39] /a
[01/08/2021 16:22:39] /a
[01/08/2021 16:22:39] /a
[01/08/2021 16:22:39] /a
[01/08/2021 16:22:39] /a
[01/08/2021 16:22:39] /a
[01/08/2021 16:22:39] /a
[01/08/2021 16:22:39] /a
[01/08/2021 16:22:39] /a
[01/08/2021 16:22:39] /a
[01/08/2021 16:22:39] /a
[01/08/2021 16:22:39] /a
[01/08/2021 16:22:39] /a
[01/08/2021 16:22:39] /a
[01/08/2021 16:22:39] /a
[01/08/2021 16:22:39] /a
[01/08/2021 16:22:39] /a
[01/08/2021 16:22:39] /a
[01/08/2021 16:22:39] /a
[01/08/2021 16:22:39] /a
[01/08/2021 16:22:39] /a
[01/08/2021 16:22:39] /a
[01/08/2021 16:22:39] /a
[01/08/2021 16:22:39] /a
[01/08/2021 16:22:40] /a
[01/08/2021 16:22:40] /a
[01/08/2021 16:22:40] /a
[01/08/2021 16:22:40] /a
[01/08/2021 16:22:40] /a
[01/08/2021 16:22:40] /a
[01/08/2021 16:22:40] /a
[01/08/2021 16:22:40] /a
[01/08/2021 16:22:40] /a
[01/08/2021 16:22:40] /a
[01/08/2021 16:22:40] /a
[01/08/2021 16:22:40] /a
[01/08/2021 16:22:40] /a
[01/08/2021 16:22:40] /a
[01/08/2021 16:22:40] /a
[01/08/2021 16:22:40] /a
[01/08/2021 16:22:40] /a
[01/08/2021 16:22:40] /a
[01/08/2021 16:22:40] /a
[01/08/2021 16:22:40] /a
[01/08/2021 16:22:41] /a
[01/08/2021 16:22:41] /a
[01/08/2021 16:22:41] /a
[01/08/2021 16:22:41] /a
[01/08/2021 16:22:41] /a
[01/08/2021 16:22:41] /a
[01/08/2021 16:22:41] /a
[01/08/2021 16:22:41] /a
[01/08/2021 16:22:41] /a
[01/08/2021 16:22:41] /a
[01/08/2021 16:22:41] /a
[01/08/2021 16:22:41] /a
[01/08/2021 16:22:41] /a
[01/08/2021 16:22:41] /a
[01/08/2021 16:22:41] /a
[01/08/2021 16:22:41] /a
[01/08/2021 16:22:41] /a
[01/08/2021 16:22:41] /a
[01/08/2021 16:22:42] /a
[01/08/2021 16:22:42] /a
[01/08/2021 16:22:42] /a
[01/08/2021 16:22:42] /a
[01/08/2021 16:22:42] /a
[01/08/2021 16:22:42] /a
[01/08/2021 16:22:42] /a
[01/08/2021 16:22:42] /a
[01/08/2021 16:22:42] /a
[01/08/2021 16:22:42] /a
[01/08/2021 16:22:43] /a
[01/08/2021 16:22:43] /a
[01/08/2021 16:22:43] /a
[01/08/2021 16:22:43] /a
[01/08/2021 16:22:43] /a
[01/08/2021 16:22:43] /a
[01/08/2021 16:22:43] /a
[01/08/2021 16:22:43] /a
[01/08/2021 16:22:43] /a
[01/08/2021 16:22:43] /a
[01/08/2021 16:22:43] /a
[01/08/2021 16:22:43] /a
[01/08/2021 16:22:43] /a
[01/08/2021 16:22:43] /a
[01/08/2021 16:22:43] /a
[01/08/2021 16:22:43] /a
[01/08/2021 16:22:43] /a
[01/08/2021 16:22:43] /a
[01/08/2021 16:22:43] /a
[01/08/2021 16:22:43] /a
[01/08/2021 16:22:43] /a
[01/08/2021 16:22:43] /a
[01/08/2021 16:22:43] /a
[01/08/2021 16:22:43] /a
[01/08/2021 16:22:43] /a
[01/08/2021 16:22:43] /a
[01/08/2021 16:22:43] /a
[01/08/2021 16:22:43] /a
[01/08/2021 16:22:43] /a
[01/08/2021 16:22:43] /a
[01/08/2021 16:22:43] /a
[01/08/2021 16:22:44] /a
[01/08/2021 16:22:44] /a
[01/08/2021 16:22:44] /a
[01/08/2021 16:22:44] /a
[01/08/2021 16:22:44] /a
[01/08/2021 16:22:44] /a
[01/08/2021 16:22:44] /a
[01/08/2021 16:22:44] /a
[01/08/2021 16:22:44] /a
[01/08/2021 16:22:44] /a
[01/08/2021 16:22:44] /a
[01/08/2021 16:22:44] /a
[01/08/2021 16:22:44] /a
[01/08/2021 16:22:44] /a
[01/08/2021 16:22:44] /a
[01/08/2021 16:22:44] /a
[01/08/2021 16:22:44] /a
[01/08/2021 16:22:44] /a
[01/08/2021 16:22:44] /a
[01/08/2021 16:22:44] /a
[01/08/2021 16:22:44] /a
[01/08/2021 16:22:44] /a
[01/08/2021 16:22:44] /a
[01/08/2021 16:22:44] /a
[01/08/2021 16:22:44] /a
[01/08/2021 16:22:44] /a
[01/08/2021 16:22:45] /a
[01/08/2021 16:22:45] /a
[01/08/2021 16:22:46] /a
[01/08/2021 16:24:20] /a
[01/08/2021 16:24:41] /t pestana mage
[01/08/2021 16:25:14] /c pestana mage
[01/08/2021 16:25:35] /goto druid master
[01/08/2021 16:26:46] /c druid master
[01/08/2021 16:27:15] /a
[01/08/2021 16:27:15] /a
[01/08/2021 16:27:16] /a
[01/08/2021 16:27:16] /a
[01/08/2021 16:27:16] /a
[01/08/2021 16:27:16] /a
[01/08/2021 16:27:16] /a
[01/08/2021 16:27:16] /a
[01/08/2021 16:27:16] /a
[01/08/2021 16:27:16] /a
[01/08/2021 16:27:16] /a
[01/08/2021 16:27:16] /a
[01/08/2021 16:27:16] /a
[01/08/2021 16:27:16] /a
[01/08/2021 16:27:17] /a
[01/08/2021 16:27:17] /a
[01/08/2021 16:27:17] /a
[01/08/2021 16:27:19] /a
[01/08/2021 16:27:19] /a
[01/08/2021 16:27:19] /a
[01/08/2021 16:27:19] /a
[01/08/2021 16:27:20] /a
[01/08/2021 16:27:20] /a
[01/08/2021 16:27:20] /a
[01/08/2021 16:27:20] /a
[01/08/2021 16:27:20] /a
[01/08/2021 16:27:20] /a
[01/08/2021 16:27:20] /a
[01/08/2021 16:27:21] /a
[01/08/2021 16:27:21] /a
[01/08/2021 16:27:21] /a
[01/08/2021 16:27:22] /a
[01/08/2021 16:27:22] /a
[01/08/2021 16:27:22] /a
[01/08/2021 16:27:22] /a
[01/08/2021 16:27:22] /a
[01/08/2021 16:27:22] /a
[01/08/2021 16:27:22] /a
[01/08/2021 16:27:23] /a
[01/08/2021 16:27:23] /a
[01/08/2021 16:27:24] /a
[01/08/2021 16:27:24] /a
[01/08/2021 16:27:24] /a
[01/08/2021 16:27:24] /a
[01/08/2021 16:27:24] /a
[01/08/2021 16:27:24] /a
[01/08/2021 16:27:24] /a
[01/08/2021 16:27:26] /a
[01/08/2021 16:27:26] /a
[01/08/2021 16:27:26] /a
[01/08/2021 16:27:26] /a
[01/08/2021 16:27:26] /a
[01/08/2021 16:27:26] /a
[01/08/2021 16:27:26] /a
[01/08/2021 16:27:26] /a
[01/08/2021 16:27:26] /a
[01/08/2021 16:27:26] /a
[01/08/2021 16:27:27] /a
[01/08/2021 16:27:27] /a
[01/08/2021 16:27:27] /a
[01/08/2021 16:27:27] /a
[01/08/2021 16:27:27] /a
[01/08/2021 16:27:27] /a
[01/08/2021 16:27:27] /a
[01/08/2021 16:27:27] /a
[01/08/2021 16:27:27] /a
[01/08/2021 16:27:27] /a
[01/08/2021 16:27:27] /a
[01/08/2021 16:27:27] /a
[01/08/2021 16:27:27] /a
[01/08/2021 16:27:28] /a
[01/08/2021 16:27:29] /a
[01/08/2021 16:27:29] /a
[01/08/2021 16:27:30] /a
[01/08/2021 16:27:41] /a
[01/08/2021 16:27:41] /a
[01/08/2021 16:27:42] /a
[01/08/2021 16:27:43] /a
[01/08/2021 16:27:43] /a
[01/08/2021 16:27:43] /a
[01/08/2021 16:27:43] /a
[01/08/2021 16:27:44] /a
[01/08/2021 16:27:44] /a
[01/08/2021 16:27:44] /a
[01/08/2021 16:27:44] /a
[01/08/2021 16:27:45] /a
[01/08/2021 16:27:45] /a
[01/08/2021 16:27:45] /a
[01/08/2021 16:27:45] /a
[01/08/2021 16:27:46] /a
[01/08/2021 16:27:46] /a
[01/08/2021 16:27:46] /a
[01/08/2021 16:27:47] /a
[01/08/2021 16:27:47] /a
[01/08/2021 16:27:47] /a
[01/08/2021 16:27:47] /a
[01/08/2021 16:27:47] /a
[01/08/2021 16:27:47] /a
[01/08/2021 16:27:47] /a
[01/08/2021 16:27:47] /a
[01/08/2021 16:27:47] /a
[01/08/2021 16:27:48] /a
[01/08/2021 16:27:48] /a
[01/08/2021 16:27:48] /a
[01/08/2021 16:27:48] /a
[01/08/2021 16:27:48] /a
[01/08/2021 16:27:48] /a
[01/08/2021 16:27:48] /a
[01/08/2021 16:27:48] /a
[01/08/2021 16:27:48] /a
[01/08/2021 16:27:49] /a
[01/08/2021 16:27:49] /a
[01/08/2021 16:27:50] /a
[01/08/2021 16:27:50] /a
[01/08/2021 16:27:50] /a
[01/08/2021 16:27:50] /a
[01/08/2021 16:27:50] /a
[01/08/2021 16:27:51] /a
[01/08/2021 16:27:51] /a
[01/08/2021 16:27:51] /a
[01/08/2021 16:27:51] /a
[01/08/2021 16:27:51] /a
[01/08/2021 16:27:51] /a
[01/08/2021 16:27:53] /a
[01/08/2021 16:27:54] /a
[01/08/2021 16:27:54] /a
[01/08/2021 16:27:54] /a
[01/08/2021 16:27:54] /a
[01/08/2021 16:27:54] /a
[01/08/2021 16:27:54] /a
[01/08/2021 16:27:54] /a
[01/08/2021 16:27:55] /a
[01/08/2021 16:27:55] /a
[01/08/2021 16:27:55] /a
[01/08/2021 16:27:55] /a
[01/08/2021 16:27:55] /a
[01/08/2021 16:27:55] /a
[01/08/2021 16:27:56] /a
[01/08/2021 16:27:56] /a
[01/08/2021 16:27:56] /a
[01/08/2021 16:27:56] /a
[01/08/2021 16:27:56] /a
[01/08/2021 16:27:56] /a
[01/08/2021 16:27:56] /a
[01/08/2021 16:27:56] /a
[01/08/2021 16:27:56] /a
[01/08/2021 16:27:56] /a
[01/08/2021 16:27:56] /a
[01/08/2021 16:27:57] /a
[01/08/2021 16:27:57] /a
[01/08/2021 16:27:57] /a
[01/08/2021 16:27:57] /a
[01/08/2021 16:27:58] /a
[01/08/2021 16:27:58] /a
[01/08/2021 16:27:58] /a
[01/08/2021 16:27:58] /a
[01/08/2021 16:27:58] /a
[01/08/2021 16:27:58] /a
[01/08/2021 16:27:58] /a
[01/08/2021 16:27:59] /a
[01/08/2021 16:27:59] /a
[01/08/2021 16:27:59] /a
[01/08/2021 16:28:00] /a
[01/08/2021 16:28:00] /a
[01/08/2021 16:28:00] /a
[01/08/2021 16:28:01] /a
[01/08/2021 16:28:01] /a
[01/08/2021 16:28:01] /a
[01/08/2021 16:28:01] /a
[01/08/2021 16:28:02] /a
[01/08/2021 16:28:02] /a
[01/08/2021 16:28:02] /a
[01/08/2021 16:28:02] /a
[01/08/2021 16:28:02] /a
[01/08/2021 16:28:03] /a
[01/08/2021 16:28:03] /a
[01/08/2021 16:28:03] /a
[01/08/2021 16:28:03] /a
[01/08/2021 16:28:03] /a
[01/08/2021 16:28:03] /a
[01/08/2021 16:28:03] /a
[01/08/2021 16:28:05] /a
[01/08/2021 16:28:05] /a
[01/08/2021 16:28:05] /a
[01/08/2021 16:28:05] /a
[01/08/2021 16:28:05] /a
[01/08/2021 16:28:05] /a
[01/08/2021 16:28:05] /a
[01/08/2021 16:28:05] /a
[01/08/2021 16:28:05] /a
[01/08/2021 16:28:05] /a
[01/08/2021 16:28:05] /a
[01/08/2021 16:28:05] /a
[01/08/2021 16:28:05] /a
[01/08/2021 16:28:05] /a
[01/08/2021 16:28:05] /a
[01/08/2021 16:28:06] /a
[01/08/2021 16:28:06] /a
[01/08/2021 16:28:06] /a
[01/08/2021 16:28:06] /a
[01/08/2021 16:28:06] /a
[01/08/2021 16:28:06] /a
[01/08/2021 16:28:06] /a
[01/08/2021 16:28:06] /a
[01/08/2021 16:28:06] /a
[01/08/2021 16:28:06] /a
[01/08/2021 16:28:06] /a
[01/08/2021 16:28:06] /a
[01/08/2021 16:28:06] /a
[01/08/2021 16:28:06] /a
[01/08/2021 16:28:06] /a
[01/08/2021 16:28:06] /a
[01/08/2021 16:28:06] /a
[01/08/2021 16:28:06] /a
[01/08/2021 16:28:06] /a
[01/08/2021 16:28:06] /a
[01/08/2021 16:28:06] /a
[01/08/2021 16:28:06] /a
[01/08/2021 16:28:06] /a
[01/08/2021 16:28:06] /a
[01/08/2021 16:28:06] /a
[01/08/2021 16:28:06] /a
[01/08/2021 16:28:06] /a
[01/08/2021 16:28:06] /a
[01/08/2021 16:28:06] /a
[01/08/2021 16:28:06] /a
[01/08/2021 16:28:06] /a
[01/08/2021 16:28:07] /a
[01/08/2021 16:28:07] /a
[01/08/2021 16:28:07] /a
[01/08/2021 16:28:07] /a
[01/08/2021 16:28:07] /a
[01/08/2021 16:28:07] /a
[01/08/2021 16:28:07] /a
[01/08/2021 16:28:07] /a
[01/08/2021 16:28:07] /a
[01/08/2021 16:28:07] /a
[01/08/2021 16:28:07] /a
[01/08/2021 16:28:07] /a
[01/08/2021 16:28:07] /a
[01/08/2021 16:28:07] /a
[01/08/2021 16:28:08] /a
[01/08/2021 16:28:08] /a
[01/08/2021 16:28:08] /a
[01/08/2021 16:28:08] /a
[01/08/2021 16:28:08] /a
[01/08/2021 16:28:08] /a
[01/08/2021 16:28:08] /a
[01/08/2021 16:28:08] /a
[01/08/2021 16:28:08] /a
[01/08/2021 16:28:08] /a
[01/08/2021 16:28:08] /a
[01/08/2021 16:28:08] /a
[01/08/2021 16:28:08] /a
[01/08/2021 16:28:08] /a
[01/08/2021 16:28:08] /a
[01/08/2021 16:28:08] /a
[01/08/2021 16:28:08] /a
[01/08/2021 16:28:08] /a
[01/08/2021 16:28:08] /a
[01/08/2021 16:28:09] /a
[01/08/2021 16:28:09] /a
[01/08/2021 16:28:09] /a
[01/08/2021 16:28:10] /a
[01/08/2021 16:28:11] /a
[01/08/2021 16:28:11] /a
[01/08/2021 16:28:11] /a
[01/08/2021 16:28:11] /a
[01/08/2021 16:28:11] /a
[01/08/2021 16:28:11] /a
[01/08/2021 16:28:11] /a
[01/08/2021 16:28:11] /a
[01/08/2021 16:28:11] /a
[01/08/2021 16:28:12] /a
[01/08/2021 16:28:12] /a
[01/08/2021 16:28:12] /a
[01/08/2021 16:28:12] /a
[01/08/2021 16:28:12] /a
[01/08/2021 16:28:13] /a
[01/08/2021 16:28:13] /a
[01/08/2021 16:28:13] /a
[01/08/2021 16:28:13] /a
[01/08/2021 16:28:13] /a
[01/08/2021 16:28:13] /a
[01/08/2021 16:28:14] /a
[01/08/2021 16:28:14] /a
[01/08/2021 16:28:14] /a
[01/08/2021 16:28:14] /a
[01/08/2021 16:28:14] /a
[01/08/2021 16:28:14] /a
[01/08/2021 16:28:14] /a
[01/08/2021 16:28:14] /a
[01/08/2021 16:28:15] /a
[01/08/2021 16:28:15] /a
[01/08/2021 16:28:15] /a
[01/08/2021 16:28:15] /a
[01/08/2021 16:28:15] /a
[01/08/2021 16:28:15] /a
[01/08/2021 16:28:15] /a
[01/08/2021 16:28:15] /a
[01/08/2021 16:28:15] /a
[01/08/2021 16:28:15] /a
[01/08/2021 16:28:16] /a
[01/08/2021 16:28:16] /a
[01/08/2021 16:28:16] /a
[01/08/2021 16:28:16] /a
[01/08/2021 16:28:17] /a
[01/08/2021 16:28:21] /a
[01/08/2021 16:28:21] /a
[01/08/2021 16:28:22] /a
[01/08/2021 16:28:22] /a
[01/08/2021 16:28:22] /a
[01/08/2021 16:28:23] /a
[01/08/2021 16:28:23] /a
[01/08/2021 16:28:23] /a
[01/08/2021 16:28:23] /a
[01/08/2021 16:28:24] /a
[01/08/2021 16:28:24] /a
[01/08/2021 16:28:24] /a
[01/08/2021 16:28:24] /a
[01/08/2021 16:28:24] /a
[01/08/2021 16:28:25] /a
[01/08/2021 16:28:25] /a
[01/08/2021 16:28:25] /a
[01/08/2021 16:28:25] /a
[01/08/2021 16:28:25] /a
[01/08/2021 16:28:25] /a
[01/08/2021 16:28:26] /a
[01/08/2021 16:28:26] /a
[01/08/2021 16:28:26] /a
[01/08/2021 16:28:26] /a
[01/08/2021 16:28:26] /a
[01/08/2021 16:28:26] /a
[01/08/2021 16:28:26] /a
[01/08/2021 16:28:26] /a
[01/08/2021 16:28:27] /a
[01/08/2021 16:28:28] /a
[01/08/2021 16:28:28] /a
[01/08/2021 16:28:45] /a
[01/08/2021 16:28:45] /a
[01/08/2021 16:28:45] /a
[01/08/2021 16:28:45] /a
[01/08/2021 16:28:45] /a
[01/08/2021 16:28:46] /a
[01/08/2021 16:28:46] /a
[01/08/2021 16:28:46] /a
[01/08/2021 16:28:47] /a
[01/08/2021 16:28:47] /a
[01/08/2021 16:29:10] /a
[01/08/2021 16:29:25] /a
[01/08/2021 16:29:25] /a
[01/08/2021 16:29:26] /a
[01/08/2021 16:29:26] /a
[01/08/2021 16:29:26] /a
[01/08/2021 16:29:27] /a
[01/08/2021 16:29:27] /a
[01/08/2021 16:29:29] /t
[01/08/2021 16:29:37] /goto mutckuca
[01/08/2021 16:29:51] /goto muthcka
[01/08/2021 16:30:01] /goto pestana mage
[01/08/2021 16:30:03] /t
[01/08/2021 16:33:50] /goto clasus
[01/08/2021 16:33:54] /a 2
[01/08/2021 16:34:13] /save
[01/08/2021 16:44:15] /reload spells
[01/08/2021 16:48:32] /reload spells
[01/08/2021 16:51:01] /reload spells
[01/08/2021 16:51:12] /t
[01/08/2021 16:51:27] /goto palyduuu
[01/08/2021 16:51:34] /goto druid master
[01/08/2021 16:51:46] /goto druid master
[01/08/2021 16:54:52] /goto palyduuu
[01/08/2021 16:54:55] /goto druid master
[01/08/2021 16:55:32] /goto kaio pally
[01/08/2021 16:55:34] /goto kaio pally
[01/08/2021 16:55:40] /goto kaio pally
[01/08/2021 16:55:42] /goto kaio pally
[01/08/2021 16:55:43] /goto kaio pally
[01/08/2021 16:55:46] /t
[01/08/2021 16:55:49] /up
[01/08/2021 16:55:50] /up
[01/08/2021 16:55:54] /save
[01/08/2021 17:38:46] /goto druid master
[01/08/2021 17:38:48] /t
[01/08/2021 17:38:52] /goto clasus
[01/08/2021 17:38:54] /a 2
[01/08/2021 17:55:47] /t
[01/08/2021 17:56:11] /goto kaio pally
[01/08/2021 17:56:18] /goto pestana mage
[01/08/2021 18:03:32] /goto pestana mage
[01/08/2021 18:03:34] /goto kaio pally
[01/08/2021 18:03:36] /t
[01/08/2021 18:11:25] /goto druid master
[01/08/2021 18:11:40] /goto pestana mage
[01/08/2021 18:11:44] /t
[01/08/2021 18:14:26] /a
[01/08/2021 18:14:26] /a
[01/08/2021 18:14:27] /a
[01/08/2021 18:14:27] /a
[01/08/2021 18:14:27] /a
[01/08/2021 18:14:27] /a
[01/08/2021 18:14:28] /a
[01/08/2021 18:14:28] /a
[01/08/2021 18:14:31] /a
[01/08/2021 18:14:34] /a
[01/08/2021 18:14:34] /a
[01/08/2021 18:14:34] /a
[01/08/2021 18:14:35] /a
[01/08/2021 18:14:35] /a
[01/08/2021 18:18:52] /a
[01/08/2021 18:18:52] /a
[01/08/2021 18:18:52] /a
[01/08/2021 18:18:52] /a
[01/08/2021 18:18:53] /a
[01/08/2021 18:18:53] /a
[01/08/2021 18:18:53] /a
[01/08/2021 18:18:53] /a
[01/08/2021 18:18:53] /a
[01/08/2021 18:18:54] /a
[01/08/2021 18:18:54] /a
[01/08/2021 18:18:54] /a
[01/08/2021 18:18:54] /a
[01/08/2021 18:18:55] /a
[01/08/2021 18:18:55] /a
[01/08/2021 18:18:55] /a
[01/08/2021 18:18:56] /a
[01/08/2021 18:18:56] /a
[01/08/2021 18:18:56] /a
[01/08/2021 18:18:56] /a
[01/08/2021 18:18:56] /a
[01/08/2021 18:18:56] /a
[01/08/2021 18:18:56] /a
[01/08/2021 18:18:56] /a
[01/08/2021 18:18:56] /a
[01/08/2021 18:18:56] /a
[01/08/2021 18:18:57] /a
[01/08/2021 18:18:57] /a
[01/08/2021 18:18:58] /a
[01/08/2021 18:18:58] /a
[01/08/2021 18:18:59] /a
[01/08/2021 18:18:59] /a
[01/08/2021 18:18:59] /a
[01/08/2021 18:18:59] /a
[01/08/2021 18:18:59] /a
[01/08/2021 18:18:59] /a
[01/08/2021 18:18:59] /a
[01/08/2021 18:18:59] /a
[01/08/2021 18:18:59] /a
[01/08/2021 18:18:59] /a
[01/08/2021 18:18:59] /a
[01/08/2021 18:18:59] /a
[01/08/2021 18:19:00] /a
[01/08/2021 18:19:00] /a
[01/08/2021 18:19:00] /a
[01/08/2021 18:19:01] /a
[01/08/2021 18:19:01] /a
[01/08/2021 18:19:01] /a
[01/08/2021 18:19:01] /a
[01/08/2021 18:19:01] /a
[01/08/2021 18:19:02] /a
[01/08/2021 18:19:02] /a
[01/08/2021 18:19:02] /a
[01/08/2021 18:19:02] /a
[01/08/2021 18:23:45] /t
[01/08/2021 18:34:33] /a
[01/08/2021 18:34:33] /a
[01/08/2021 18:34:33] /a
[01/08/2021 18:34:34] /a
[01/08/2021 18:34:34] /a
[01/08/2021 18:34:34] /a
[01/08/2021 18:34:34] /a
[01/08/2021 18:34:34] /a
[01/08/2021 18:34:34] /a
[01/08/2021 18:34:35] /a
[01/08/2021 18:34:35] /a
[01/08/2021 18:34:35] /a
[01/08/2021 18:34:35] /a
[01/08/2021 18:34:36] /a
[01/08/2021 18:34:36] /a
[01/08/2021 18:34:36] /a
[01/08/2021 18:34:36] /a
[01/08/2021 18:34:36] /a
[01/08/2021 18:34:36] /a
[01/08/2021 18:34:36] /a
[01/08/2021 18:34:36] /a
[01/08/2021 18:34:36] /a
[01/08/2021 18:34:36] /a
[01/08/2021 18:35:37] /a
[01/08/2021 18:35:37] /a
[01/08/2021 18:35:37] /a
[01/08/2021 18:35:37] /a
[01/08/2021 18:35:38] /a
[01/08/2021 18:35:40] /a
[01/08/2021 18:35:40] /a
[01/08/2021 18:35:40] /a
[01/08/2021 18:35:41] /a
[01/08/2021 18:35:41] /a
[01/08/2021 18:35:41] /a
[01/08/2021 18:36:29] /a
[01/08/2021 18:36:30] /a
[01/08/2021 18:36:30] /a
[01/08/2021 18:36:30] /a
[01/08/2021 18:36:30] /a
[01/08/2021 18:36:30] /a
[01/08/2021 18:36:31] /a
[01/08/2021 18:36:31] /a
[01/08/2021 18:41:21] /reload actions
[01/08/2021 18:41:33] /goto clasus
[01/08/2021 18:41:40] /a 2
[01/08/2021 19:25:12] /goto jean
[01/08/2021 19:25:16] /a
[01/08/2021 19:25:19] /a
[01/08/2021 19:25:31] /r
[01/08/2021 19:25:37] /i 1945
[01/08/2021 19:25:52] /attr uniqueid 7007
[01/08/2021 19:26:01] /goto muthcka
[01/08/2021 19:26:08] /ghost
[01/08/2021 19:26:11] /a
[01/08/2021 19:27:57] /r
[01/08/2021 19:28:01] /i 1945
[01/08/2021 19:28:16] /attr uniqueid 7008
[01/08/2021 19:28:25] /goto mage do caralho
[01/08/2021 19:28:36] /a
[01/08/2021 19:28:46] /a
[01/08/2021 19:28:50] /a
[01/08/2021 19:28:51] /a
[01/08/2021 19:28:51] /a
[01/08/2021 19:29:02] /a
[01/08/2021 19:29:02] /a
[01/08/2021 19:29:05] /a
[01/08/2021 19:30:17] /goto mage do caralho
[01/08/2021 19:30:37] /mc
[01/08/2021 19:33:07] /r
[01/08/2021 19:33:10] /i 1945
[01/08/2021 19:33:14] /attr uniqueid 7009
[01/08/2021 19:36:18] /r
[01/08/2021 19:36:20] /i 1945
[01/08/2021 19:36:27] /attr uniqueid 7007
[01/08/2021 19:36:43] /goto poderoso pally
[01/08/2021 19:36:57] /a
[01/08/2021 19:37:02] /a
[01/08/2021 19:37:09] /a
[01/08/2021 19:37:09] /a
[01/08/2021 19:37:09] /a
[01/08/2021 19:37:09] /a
[01/08/2021 19:37:09] /a
[01/08/2021 19:37:09] /a
[01/08/2021 19:37:10] /a
[01/08/2021 19:37:11] /a
[01/08/2021 19:37:11] /a
[01/08/2021 19:37:11] /a
[01/08/2021 19:37:11] /a
[01/08/2021 19:37:11] /a
[01/08/2021 19:37:12] /a
[01/08/2021 19:37:12] /a
[01/08/2021 19:37:12] /a
[01/08/2021 19:37:12] /a
[01/08/2021 19:37:12] /a
[01/08/2021 19:37:12] /a
[01/08/2021 19:37:13] /a
[01/08/2021 19:37:13] /a
[01/08/2021 19:37:13] /a
[01/08/2021 19:37:13] /a
[01/08/2021 19:37:13] /a
[01/08/2021 19:37:14] /a
[01/08/2021 19:37:14] /a
[01/08/2021 19:37:14] /a
[01/08/2021 19:37:14] /a
[01/08/2021 19:37:15] /a
[01/08/2021 19:37:15] /a
[01/08/2021 19:37:15] /a
[01/08/2021 19:37:16] /a
[01/08/2021 19:37:16] /a
[01/08/2021 19:37:16] /a
[01/08/2021 19:37:16] /a
[01/08/2021 19:37:16] /a
[01/08/2021 19:37:17] /a
[01/08/2021 19:37:17] /a
[01/08/2021 19:37:17] /a
[01/08/2021 19:37:17] /a
[01/08/2021 19:37:18] /a
[01/08/2021 19:37:18] /a
[01/08/2021 19:37:18] /a
[01/08/2021 19:37:18] /a
[01/08/2021 19:37:18] /a
[01/08/2021 19:37:18] /a
[01/08/2021 19:37:19] /a
[01/08/2021 19:37:19] /a
[01/08/2021 19:37:19] /a
[01/08/2021 19:37:19] /a
[01/08/2021 19:37:19] /a
[01/08/2021 19:37:20] /a
[01/08/2021 19:37:20] /a
[01/08/2021 19:37:20] /a
[01/08/2021 19:37:20] /a
[01/08/2021 19:37:20] /a
[01/08/2021 19:37:21] /a
[01/08/2021 19:37:21] /a
[01/08/2021 19:37:21] /a
[01/08/2021 19:37:21] /a
[01/08/2021 19:37:21] /a
[01/08/2021 19:37:21] /a
[01/08/2021 19:37:22] /a
[01/08/2021 19:37:22] /a
[01/08/2021 19:37:22] /a
[01/08/2021 19:37:22] /a
[01/08/2021 19:37:22] /a
[01/08/2021 19:37:22] /a
[01/08/2021 19:37:23] /a
[01/08/2021 19:37:23] /a
[01/08/2021 19:37:23] /a
[01/08/2021 19:37:23] /a
[01/08/2021 19:37:23] /a
[01/08/2021 19:37:23] /a
[01/08/2021 19:37:23] /a
[01/08/2021 19:37:23] /a
[01/08/2021 19:37:23] /a
[01/08/2021 19:37:23] /a
[01/08/2021 19:37:23] /a
[01/08/2021 19:37:23] /a
[01/08/2021 19:37:23] /a
[01/08/2021 19:37:24] /a
[01/08/2021 19:37:24] /a
[01/08/2021 19:37:24] /a
[01/08/2021 19:37:24] /a
[01/08/2021 19:37:24] /a
[01/08/2021 19:37:24] /a
[01/08/2021 19:37:24] /a
[01/08/2021 19:37:24] /a
[01/08/2021 19:37:25] /a
[01/08/2021 19:37:25] /a
[01/08/2021 19:37:25] /a
[01/08/2021 19:37:25] /a
[01/08/2021 19:37:25] /a
[01/08/2021 19:37:25] /a
[01/08/2021 19:37:25] /a
[01/08/2021 19:37:25] /a
[01/08/2021 19:37:25] /a
[01/08/2021 19:37:25] /a
[01/08/2021 19:37:25] /a
[01/08/2021 19:37:25] /a
[01/08/2021 19:37:25] /a
[01/08/2021 19:37:25] /a
[01/08/2021 19:37:25] /a
[01/08/2021 19:37:25] /a
[01/08/2021 19:37:25] /a
[01/08/2021 19:37:25] /a
[01/08/2021 19:37:25] /a
[01/08/2021 19:37:26] /a
[01/08/2021 19:37:26] /a
[01/08/2021 19:37:26] /a
[01/08/2021 19:37:26] /a
[01/08/2021 19:37:26] /a
[01/08/2021 19:37:26] /a
[01/08/2021 19:37:26] /a
[01/08/2021 19:37:26] /a
[01/08/2021 19:37:26] /a
[01/08/2021 19:37:26] /a
[01/08/2021 19:37:26] /a
[01/08/2021 19:37:26] /a
[01/08/2021 19:37:26] /a
[01/08/2021 19:37:26] /a
[01/08/2021 19:37:26] /a
[01/08/2021 19:37:26] /a
[01/08/2021 19:37:26] /a
[01/08/2021 19:37:26] /a
[01/08/2021 19:37:26] /a
[01/08/2021 19:37:26] /a
[01/08/2021 19:37:27] /a
[01/08/2021 19:37:27] /a
[01/08/2021 19:37:27] /a
[01/08/2021 19:37:27] /a
[01/08/2021 19:37:27] /a
[01/08/2021 19:37:27] /a
[01/08/2021 19:37:27] /a
[01/08/2021 19:37:28] /a
[01/08/2021 19:37:28] /a
[01/08/2021 19:37:28] /a
[01/08/2021 19:37:28] /a
[01/08/2021 19:37:28] /a
[01/08/2021 19:37:28] /a
[01/08/2021 19:37:28] /a
[01/08/2021 19:37:28] /a
[01/08/2021 19:37:28] /a
[01/08/2021 19:37:28] /a
[01/08/2021 19:37:28] /a
[01/08/2021 19:37:28] /a
[01/08/2021 19:37:34] /a
[01/08/2021 19:37:34] /a
[01/08/2021 19:37:34] /a
[01/08/2021 19:37:34] /a
[01/08/2021 19:37:34] /a
[01/08/2021 19:37:34] /a
[01/08/2021 19:37:34] /a
[01/08/2021 19:37:34] /a
[01/08/2021 19:37:34] /a
[01/08/2021 19:37:35] /a
[01/08/2021 19:37:35] /a
[01/08/2021 19:37:35] /a
[01/08/2021 19:37:35] /a
[01/08/2021 19:37:35] /a
[01/08/2021 19:37:35] /a
[01/08/2021 19:37:36] /a
[01/08/2021 19:37:36] /a
[01/08/2021 19:37:36] /a
[01/08/2021 19:37:36] /a
[01/08/2021 19:37:36] /a
[01/08/2021 19:37:36] /a
[01/08/2021 19:37:36] /a
[01/08/2021 19:37:36] /a
[01/08/2021 19:37:36] /a
[01/08/2021 19:37:36] /a
[01/08/2021 19:37:36] /a
[01/08/2021 19:37:36] /a
[01/08/2021 19:37:37] /a
[01/08/2021 19:37:37] /a
[01/08/2021 19:37:37] /a
[01/08/2021 19:37:37] /a
[01/08/2021 19:37:37] /a
[01/08/2021 19:37:37] /a
[01/08/2021 19:37:37] /a
[01/08/2021 19:37:38] /a
[01/08/2021 19:37:38] /a
[01/08/2021 19:37:38] /a
[01/08/2021 19:37:38] /a
[01/08/2021 19:37:38] /a
[01/08/2021 19:37:38] /a
[01/08/2021 19:37:38] /a
[01/08/2021 19:37:38] /a
[01/08/2021 19:37:38] /a
[01/08/2021 19:37:38] /a
[01/08/2021 19:37:38] /a
[01/08/2021 19:37:38] /a
[01/08/2021 19:37:38] /a
[01/08/2021 19:37:38] /a
[01/08/2021 19:37:38] /a
[01/08/2021 19:37:38] /a
[01/08/2021 19:37:38] /a
[01/08/2021 19:37:39] /a
[01/08/2021 19:37:39] /a
[01/08/2021 19:37:39] /a
[01/08/2021 19:37:39] /a
[01/08/2021 19:37:39] /a
[01/08/2021 19:37:39] /a
[01/08/2021 19:37:39] /a
[01/08/2021 19:37:39] /a
[01/08/2021 19:37:39] /a
[01/08/2021 19:37:39] /a
[01/08/2021 19:37:40] /a
[01/08/2021 19:37:40] /a
[01/08/2021 19:37:40] /a
[01/08/2021 19:37:40] /a
[01/08/2021 19:37:40] /a
[01/08/2021 19:37:40] /a
[01/08/2021 19:37:40] /a
[01/08/2021 19:37:41] /a
[01/08/2021 19:37:41] /a
[01/08/2021 19:37:41] /a
[01/08/2021 19:37:41] /a
[01/08/2021 19:37:41] /a
[01/08/2021 19:37:41] /a
[01/08/2021 19:37:41] /a
[01/08/2021 19:37:42] /a
[01/08/2021 19:37:42] /a
[01/08/2021 19:37:42] /a
[01/08/2021 19:37:42] /a
[01/08/2021 19:37:42] /a
[01/08/2021 19:37:42] /a
[01/08/2021 19:37:42] /a
[01/08/2021 19:37:42] /a
[01/08/2021 19:37:42] /a
[01/08/2021 19:37:42] /a
[01/08/2021 19:37:42] /a
[01/08/2021 19:37:42] /a
[01/08/2021 19:37:42] /a
[01/08/2021 19:37:42] /a
[01/08/2021 19:37:42] /a
[01/08/2021 19:37:42] /a
[01/08/2021 19:37:42] /a
[01/08/2021 19:37:42] /a
[01/08/2021 19:37:42] /a
[01/08/2021 19:37:42] /a
[01/08/2021 19:37:42] /a
[01/08/2021 19:37:43] /a
[01/08/2021 19:37:43] /a
[01/08/2021 19:37:43] /a
[01/08/2021 19:37:43] /a
[01/08/2021 19:37:58] /r
[01/08/2021 19:38:02] /i 1945
[01/08/2021 19:38:04] /attr uniqueid 7008
[01/08/2021 19:38:10] /a
[01/08/2021 19:38:38] /mc
[01/08/2021 19:39:16] /a
[01/08/2021 19:39:16] /a
[01/08/2021 19:39:17] /a
[01/08/2021 19:39:17] /a
[01/08/2021 19:39:17] /a
[01/08/2021 19:39:17] /a
[01/08/2021 19:39:17] /a
[01/08/2021 19:39:17] /a
[01/08/2021 19:39:18] /a
[01/08/2021 19:39:18] /a
[01/08/2021 19:39:18] /a
[01/08/2021 19:39:19] /a
[01/08/2021 19:39:19] /a
[01/08/2021 19:39:19] /a
[01/08/2021 19:39:19] /a
[01/08/2021 19:39:19] /a
[01/08/2021 19:39:19] /a
[01/08/2021 19:39:19] /a
[01/08/2021 19:39:19] /a
[01/08/2021 19:39:19] /a
[01/08/2021 19:39:20] /a
[01/08/2021 19:39:20] /a
[01/08/2021 19:39:20] /a
[01/08/2021 19:39:21] /a
[01/08/2021 19:39:21] /a
[01/08/2021 19:39:21] /a
[01/08/2021 19:39:21] /a
[01/08/2021 19:39:21] /a
[01/08/2021 19:39:22] /a
[01/08/2021 19:39:22] /a
[01/08/2021 19:39:22] /a
[01/08/2021 19:39:22] /a
[01/08/2021 19:39:22] /a
[01/08/2021 19:39:23] /a
[01/08/2021 19:39:23] /a
[01/08/2021 19:39:23] /a
[01/08/2021 19:39:24] /a
[01/08/2021 19:39:25] /a
[01/08/2021 19:39:25] /a
[01/08/2021 19:39:26] /a
[01/08/2021 19:39:26] /a
[01/08/2021 19:40:01] /goto pestana paly
[01/08/2021 19:40:03] /goto pestana paly
[01/08/2021 19:40:26] /goto kaio pally
[01/08/2021 19:40:36] /a
[01/08/2021 19:40:56] /goto pestana paly
[01/08/2021 19:41:02] /goto jean
[01/08/2021 19:41:12] /a
[01/08/2021 19:41:29] /goto poderoso pally
[01/08/2021 19:42:16] /goto jean
[01/08/2021 19:42:20] /a
[01/08/2021 19:42:23] /a
[01/08/2021 19:42:23] /a
[01/08/2021 19:42:23] /a
[01/08/2021 19:42:24] /a
[01/08/2021 19:42:24] /a
[01/08/2021 19:42:24] /a
[01/08/2021 19:42:25] /a
[01/08/2021 19:42:26] /a
[01/08/2021 19:42:26] /a
[01/08/2021 19:42:26] /a
[01/08/2021 19:42:46] /a
[01/08/2021 19:42:49] /a
[01/08/2021 19:42:49] /a
[01/08/2021 19:42:53] /a
[01/08/2021 19:42:54] /a
[01/08/2021 19:42:56] /a
[01/08/2021 19:43:06] /a
[01/08/2021 19:43:08] /a
[01/08/2021 19:43:10] /a
[01/08/2021 19:43:10] /a
[01/08/2021 19:43:10] /a
[01/08/2021 19:44:10] /r
[01/08/2021 19:44:11] /a
[01/08/2021 19:44:17] /i 
[01/08/2021 19:44:23] /a
[01/08/2021 19:44:23] /a
[01/08/2021 19:44:24] /a
[01/08/2021 19:44:24] /a
[01/08/2021 19:44:24] /a
[01/08/2021 19:44:24] /a
[01/08/2021 19:44:24] /a
[01/08/2021 19:44:25] /a
[01/08/2021 19:44:25] /a
[01/08/2021 19:44:26] /a
[01/08/2021 19:44:27] /a
[01/08/2021 19:44:33] /i 2739
[01/08/2021 19:45:20] /t
[01/08/2021 19:45:30] /a
[01/08/2021 19:45:32] /a
[01/08/2021 19:45:33] /a
[01/08/2021 19:45:38] /a
[01/08/2021 19:47:15] /goto clasus
[01/08/2021 19:47:18] /a
[01/08/2021 19:47:21] /a 3
[01/08/2021 19:47:38] /r
[01/08/2021 19:47:40] /i 1945
[01/08/2021 19:47:43] /attr uniqueid 7009
[01/08/2021 19:48:02] /a
[01/08/2021 19:48:03] /a
[01/08/2021 19:48:03] /a
[01/08/2021 19:48:03] /a
[01/08/2021 19:48:03] /a
[01/08/2021 19:48:03] /a
[01/08/2021 19:48:03] /a
[01/08/2021 19:48:03] /a
[01/08/2021 19:48:03] /a
[01/08/2021 19:48:03] /a
[01/08/2021 19:48:03] /a
[01/08/2021 19:48:03] /a
[01/08/2021 19:48:03] /a
[01/08/2021 19:48:04] /a
[01/08/2021 19:48:04] /a
[01/08/2021 19:48:04] /a
[01/08/2021 19:48:04] /a
[01/08/2021 19:48:04] /a
[01/08/2021 19:48:05] /a
[01/08/2021 19:48:05] /a
[01/08/2021 19:48:05] /a
[01/08/2021 19:48:05] /a
[01/08/2021 19:48:05] /a
[01/08/2021 19:48:05] /a
[01/08/2021 19:48:05] /a
[01/08/2021 19:48:05] /a
[01/08/2021 19:48:05] /a
[01/08/2021 19:48:05] /a
[01/08/2021 19:48:05] /a
[01/08/2021 19:48:05] /a
[01/08/2021 19:48:05] /a
[01/08/2021 19:48:05] /a
[01/08/2021 19:48:05] /a
[01/08/2021 19:48:06] /a
[01/08/2021 19:48:06] /a
[01/08/2021 19:48:06] /a
[01/08/2021 19:48:06] /a
[01/08/2021 19:48:06] /a
[01/08/2021 19:48:06] /a
[01/08/2021 19:48:06] /a
[01/08/2021 19:48:06] /a
[01/08/2021 19:48:07] /a
[01/08/2021 19:48:07] /a
[01/08/2021 19:48:07] /a
[01/08/2021 19:48:07] /a
[01/08/2021 19:48:07] /a
[01/08/2021 19:48:07] /a
[01/08/2021 19:48:07] /a
[01/08/2021 19:48:07] /a
[01/08/2021 19:48:07] /a
[01/08/2021 19:48:07] /a
[01/08/2021 19:48:07] /a
[01/08/2021 19:48:07] /a
[01/08/2021 19:48:07] /a
[01/08/2021 19:48:07] /a
[01/08/2021 19:48:07] /a
[01/08/2021 19:48:07] /a
[01/08/2021 19:48:07] /a
[01/08/2021 19:48:07] /a
[01/08/2021 19:48:07] /a
[01/08/2021 19:48:07] /a
[01/08/2021 19:48:08] /a
[01/08/2021 19:48:08] /a
[01/08/2021 19:48:08] /a
[01/08/2021 19:48:08] /a
[01/08/2021 19:48:08] /a
[01/08/2021 19:48:08] /a
[01/08/2021 19:48:08] /a
[01/08/2021 19:48:08] /a
[01/08/2021 19:48:08] /a
[01/08/2021 19:48:08] /a
[01/08/2021 19:48:08] /a
[01/08/2021 19:48:09] /a
[01/08/2021 19:48:09] /a
[01/08/2021 19:48:09] /a
[01/08/2021 19:48:09] /a
[01/08/2021 19:48:09] /a
[01/08/2021 19:48:09] /a
[01/08/2021 19:48:09] /a
[01/08/2021 19:48:09] /a
[01/08/2021 19:48:09] /a
[01/08/2021 19:48:10] /a
[01/08/2021 19:48:10] /a
[01/08/2021 19:48:10] /a
[01/08/2021 19:48:10] /a
[01/08/2021 19:48:11] /a
[01/08/2021 19:48:11] /a
[01/08/2021 19:48:17] /a
[01/08/2021 19:48:18] /a
[01/08/2021 19:48:18] /a
[01/08/2021 19:48:18] /a
[01/08/2021 19:48:18] /a
[01/08/2021 19:48:18] /a
[01/08/2021 19:48:18] /a
[01/08/2021 19:48:18] /a
[01/08/2021 19:48:18] /a
[01/08/2021 19:48:18] /a
[01/08/2021 19:48:18] /a
[01/08/2021 19:48:18] /a
[01/08/2021 19:48:18] /a
[01/08/2021 19:48:18] /a
[01/08/2021 19:48:18] /a
[01/08/2021 19:48:18] /a
[01/08/2021 19:48:18] /a
[01/08/2021 19:48:18] /a
[01/08/2021 19:48:18] /a
[01/08/2021 19:48:18] /a
[01/08/2021 19:48:18] /a
[01/08/2021 19:48:19] /a
[01/08/2021 19:48:19] /a
[01/08/2021 19:48:19] /a
[01/08/2021 19:48:19] /a
[01/08/2021 19:48:19] /a
[01/08/2021 19:48:19] /a
[01/08/2021 19:48:19] /a
[01/08/2021 19:48:19] /a
[01/08/2021 19:48:19] /a
[01/08/2021 19:48:19] /a
[01/08/2021 19:48:19] /a
[01/08/2021 19:48:19] /a
[01/08/2021 19:48:19] /a
[01/08/2021 19:48:19] /a
[01/08/2021 19:48:19] /a
[01/08/2021 19:48:19] /a
[01/08/2021 19:48:19] /a
[01/08/2021 19:48:19] /a
[01/08/2021 19:48:19] /a
[01/08/2021 19:48:19] /a
[01/08/2021 19:48:19] /a
[01/08/2021 19:48:19] /a
[01/08/2021 19:48:19] /a
[01/08/2021 19:48:20] /a
[01/08/2021 19:48:20] /a
[01/08/2021 19:48:20] /a
[01/08/2021 19:48:20] /a
[01/08/2021 19:48:20] /a
[01/08/2021 19:48:20] /a
[01/08/2021 19:48:20] /a
[01/08/2021 19:48:20] /a
[01/08/2021 19:48:21] /a
[01/08/2021 19:48:21] /a
[01/08/2021 19:48:21] /a
[01/08/2021 19:48:21] /a
[01/08/2021 19:48:21] /a
[01/08/2021 19:48:21] /a
[01/08/2021 19:48:21] /a
[01/08/2021 19:48:21] /a
[01/08/2021 19:48:21] /a
[01/08/2021 19:48:21] /a
[01/08/2021 19:48:21] /a
[01/08/2021 19:48:22] /a
[01/08/2021 19:48:22] /a
[01/08/2021 19:48:23] /a
[01/08/2021 19:48:23] /a
[01/08/2021 19:48:23] /a
[01/08/2021 19:48:23] /a
[01/08/2021 19:48:23] /a
[01/08/2021 19:48:23] /a
[01/08/2021 19:48:23] /a
[01/08/2021 19:48:23] /a
[01/08/2021 19:48:23] /a
[01/08/2021 19:48:23] /a
[01/08/2021 19:48:23] /a
[01/08/2021 19:48:23] /a
[01/08/2021 19:48:23] /a
[01/08/2021 19:48:23] /a
[01/08/2021 19:48:23] /a
[01/08/2021 19:48:23] /a
[01/08/2021 19:48:23] /a
[01/08/2021 19:48:23] /a
[01/08/2021 19:48:24] /a
[01/08/2021 19:48:24] /a
[01/08/2021 19:48:24] /a
[01/08/2021 19:48:24] /a
[01/08/2021 19:48:24] /a
[01/08/2021 19:48:25] /a
[01/08/2021 19:48:25] /a
[01/08/2021 19:48:25] /a
[01/08/2021 19:48:26] /a
[01/08/2021 19:48:26] /a
[01/08/2021 19:48:26] /a
[01/08/2021 19:48:26] /a
[01/08/2021 19:48:26] /a
[01/08/2021 19:48:26] /a
[01/08/2021 19:48:26] /a
[01/08/2021 19:48:26] /a
[01/08/2021 19:48:26] /a
[01/08/2021 19:48:26] /a
[01/08/2021 19:48:26] /a
[01/08/2021 19:48:26] /a
[01/08/2021 19:48:26] /a
[01/08/2021 19:48:26] /a
[01/08/2021 19:48:26] /a
[01/08/2021 19:48:26] /a
[01/08/2021 19:48:26] /a
[01/08/2021 19:48:26] /a
[01/08/2021 19:48:26] /a
[01/08/2021 19:48:30] /goto jean
[01/08/2021 19:48:31] /goto jean
[01/08/2021 19:48:31] /goto jean
[01/08/2021 19:48:32] /goto jean
[01/08/2021 19:48:33] /goto jean
[01/08/2021 19:48:33] /goto jean
[01/08/2021 19:48:34] /goto jean
[01/08/2021 19:48:35] /goto jean
[01/08/2021 19:48:36] /a
[01/08/2021 19:48:36] /a
[01/08/2021 19:48:36] /a
[01/08/2021 19:48:36] /a
[01/08/2021 19:48:36] /a
[01/08/2021 19:48:36] /a
[01/08/2021 19:48:36] /a
[01/08/2021 19:48:36] /a
[01/08/2021 19:48:36] /a
[01/08/2021 19:48:36] /a
[01/08/2021 19:48:36] /a
[01/08/2021 19:48:37] /a
[01/08/2021 19:48:37] /a
[01/08/2021 19:48:37] /a
[01/08/2021 19:48:37] /a
[01/08/2021 19:48:37] /a
[01/08/2021 19:48:37] /a
[01/08/2021 19:48:37] /a
[01/08/2021 19:48:37] /a
[01/08/2021 19:48:37] /a
[01/08/2021 19:48:37] /a
[01/08/2021 19:48:37] /a
[01/08/2021 19:48:37] /a
[01/08/2021 19:48:37] /a
[01/08/2021 19:48:37] /a
[01/08/2021 19:48:38] /a
[01/08/2021 19:48:38] /a
[01/08/2021 19:48:38] /a
[01/08/2021 19:48:39] /a
[01/08/2021 19:48:39] /a
[01/08/2021 19:48:39] /a
[01/08/2021 19:48:39] /a
[01/08/2021 19:48:39] /a
[01/08/2021 19:48:39] /a
[01/08/2021 19:48:39] /a
[01/08/2021 19:48:39] /a
[01/08/2021 19:48:39] /a
[01/08/2021 19:48:39] /a
[01/08/2021 19:48:39] /a
[01/08/2021 19:48:39] /a
[01/08/2021 19:48:39] /a
[01/08/2021 19:48:39] /a
[01/08/2021 19:48:39] /a
[01/08/2021 19:48:39] /a
[01/08/2021 19:48:39] /a
[01/08/2021 19:48:39] /a
[01/08/2021 19:48:39] /a
[01/08/2021 19:48:39] /a
[01/08/2021 19:48:39] /a
[01/08/2021 19:48:39] /a
[01/08/2021 19:48:39] /a
[01/08/2021 19:48:40] /a
[01/08/2021 19:48:40] /a
[01/08/2021 19:48:40] /a
[01/08/2021 19:48:40] /a
[01/08/2021 19:48:40] /a
[01/08/2021 19:48:40] /a
[01/08/2021 19:48:40] /a
[01/08/2021 19:48:40] /a
[01/08/2021 19:48:40] /a
[01/08/2021 19:48:40] /a
[01/08/2021 19:48:40] /a
[01/08/2021 19:48:40] /a
[01/08/2021 19:48:40] /a
[01/08/2021 19:48:40] /a
[01/08/2021 19:48:40] /a
[01/08/2021 19:48:40] /a
[01/08/2021 19:48:40] /a
[01/08/2021 19:48:40] /a
[01/08/2021 19:48:40] /a
[01/08/2021 19:48:40] /a
[01/08/2021 19:48:40] /a
[01/08/2021 19:48:40] /a
[01/08/2021 19:48:40] /a
[01/08/2021 19:48:41] /a
[01/08/2021 19:48:41] /a
[01/08/2021 19:48:41] /a
[01/08/2021 19:48:41] /a
[01/08/2021 19:48:41] /a
[01/08/2021 19:48:41] /a
[01/08/2021 19:48:41] /a
[01/08/2021 19:48:41] /a
[01/08/2021 19:48:41] /a
[01/08/2021 19:48:41] /a
[01/08/2021 19:48:41] /a
[01/08/2021 19:48:41] /a
[01/08/2021 19:48:41] /a
[01/08/2021 19:48:42] /a
[01/08/2021 19:48:42] /a
[01/08/2021 19:48:42] /a
[01/08/2021 19:48:42] /a
[01/08/2021 19:48:43] /a
[01/08/2021 19:48:43] /a
[01/08/2021 19:48:43] /a
[01/08/2021 19:48:43] /a
[01/08/2021 19:48:43] /a
[01/08/2021 19:48:44] /a
[01/08/2021 19:48:44] /a
[01/08/2021 19:48:44] /a
[01/08/2021 19:48:44] /a
[01/08/2021 19:48:44] /a
[01/08/2021 19:48:44] /a
[01/08/2021 19:48:45] /a
[01/08/2021 19:48:45] /a
[01/08/2021 19:48:45] /a
[01/08/2021 19:48:45] /a
[01/08/2021 19:48:46] /a
[01/08/2021 19:48:46] /a
[01/08/2021 19:48:46] /a
[01/08/2021 19:48:54] /r
[01/08/2021 19:48:55] /i 1945
[01/08/2021 19:48:56] /attr uniqueid 7007
[01/08/2021 19:49:07] /goto jean
[01/08/2021 19:49:08] /goto jean
[01/08/2021 19:49:08] /goto jean
[01/08/2021 19:49:09] /goto jean
[01/08/2021 19:49:09] /goto jean
[01/08/2021 19:49:10] /goto jean
[01/08/2021 19:49:10] /goto jean
[01/08/2021 19:49:11] /goto jean
[01/08/2021 19:49:12] /goto jean
[01/08/2021 19:49:12] /goto jean
[01/08/2021 19:49:13] /goto jean
[01/08/2021 19:49:13] /goto jean
[01/08/2021 19:49:16] /a
[01/08/2021 19:49:16] /a
[01/08/2021 19:49:16] /a
[01/08/2021 19:49:16] /a
[01/08/2021 19:49:16] /a
[01/08/2021 19:49:17] /a
[01/08/2021 19:49:17] /a
[01/08/2021 19:49:17] /a
[01/08/2021 19:49:17] /a
[01/08/2021 19:49:17] /a
[01/08/2021 19:49:24] /r
[01/08/2021 19:49:24] /i 1945
[01/08/2021 19:49:27] /attr uniqueid 7008
[01/08/2021 19:49:36] /t
[01/08/2021 20:03:37] /a
[01/08/2021 20:03:40] /a
[01/08/2021 20:03:42] /r
[01/08/2021 20:03:45] /t
[01/08/2021 20:37:58] /goto jean
[01/08/2021 20:38:04] /up
[01/08/2021 20:38:04] /up
[01/08/2021 20:38:09] /c demonic striker
[01/08/2021 21:36:58] /mc
[02/08/2021 19:32:23] /t
[02/08/2021 19:32:38] /i stealth ring
[02/08/2021 19:32:58] /c demonic striker
[02/08/2021 19:33:04] /i stealth ring
[02/08/2021 19:33:30] /i ring
[02/08/2021 19:34:04] /i energy ring
[02/08/2021 19:34:19] /mc
[02/08/2021 19:35:57] /i 2204
[02/08/2021 19:39:50] /ghost
[02/08/2021 19:39:59] /t demonic striker
[02/08/2021 19:40:00] /t
[02/08/2021 19:40:09] /a
[02/08/2021 20:16:42] /t
[02/08/2021 20:16:44] /up
[02/08/2021 20:16:45] /up
[02/08/2021 20:16:52] /c demonic striker
[02/08/2021 20:18:03] /c demonic striker
[02/08/2021 21:29:21] /c demonic striker
[02/08/2021 21:29:52] /reload spells
[02/08/2021 21:30:43] /reload spells
[02/08/2021 21:32:55] /reload spells
[02/08/2021 21:32:57] /reload spells
[02/08/2021 21:32:58] /reload spells
[02/08/2021 21:33:06] /reload spells
[02/08/2021 21:34:30] /reload spells
[02/08/2021 21:35:05] /reload spells
[02/08/2021 21:36:29] /reload spells
[02/08/2021 21:36:58] /reload spells
[02/08/2021 21:37:42] /reload spells
[02/08/2021 21:38:17] /reload spells
[02/08/2021 21:39:26] /reload spells
[02/08/2021 21:39:52] /reload spells
[02/08/2021 21:40:18] /reload spells
[02/08/2021 21:42:24] /r
[02/08/2021 22:00:59] /goto muthcka
[02/08/2021 22:01:00] /goto muthcka
[02/08/2021 22:01:02] /goto muthcka
[02/08/2021 22:01:03] /goto muthcka
[02/08/2021 22:01:05] /goto muthcka
[02/08/2021 22:01:06] /goto muthcka
[02/08/2021 22:01:07] /goto muthcka
[02/08/2021 22:01:09] /goto muthcka
[02/08/2021 22:01:12] /goto muthcka
[02/08/2021 22:01:14] /goto muthcka
[02/08/2021 22:01:41] /t
[02/08/2021 22:01:45] /up
[02/08/2021 22:01:47] /up
[02/08/2021 22:05:04] /reload spells
[02/08/2021 22:06:04] /reload spells
[02/08/2021 22:06:27] /reload spells
[02/08/2021 22:07:13] /reload spells
[02/08/2021 22:08:06] /reload spells
[02/08/2021 22:09:26] /reload spells
[02/08/2021 22:09:52] /reload spells
[02/08/2021 22:10:19] /reload spells
[02/08/2021 22:10:37] /reload spells
[02/08/2021 22:10:47] /reload spells
[02/08/2021 22:11:05] /reload spells
[02/08/2021 22:11:18] /reload spells
[02/08/2021 22:11:34] /reload spells
[02/08/2021 22:11:45] /reload spells
[02/08/2021 22:13:02] /reload spells
[02/08/2021 22:13:43] /reload spells
[02/08/2021 22:14:28] /reload spells
[02/08/2021 22:15:55] /reload spells
[02/08/2021 22:17:06] /reload spells
[02/08/2021 22:17:50] /reload spells
[02/08/2021 22:18:35] /reload spells
[02/08/2021 22:19:35] /reload spells
[02/08/2021 22:21:14] /reload spells
[02/08/2021 22:22:06] /reload spells
[02/08/2021 22:23:17] /reload spells
[02/08/2021 22:23:39] /reload spells
[02/08/2021 22:25:31] /reload spells
[02/08/2021 22:26:12] /reload spells
[02/08/2021 22:27:49] /reload spells
[02/08/2021 22:28:24] /reload spells
[02/08/2021 22:30:02] /reload spells
[02/08/2021 22:30:58] /reload spells
[02/08/2021 22:34:49] /reload spells
[02/08/2021 22:36:22] /reload spells
[02/08/2021 22:38:12] /reload spells
[02/08/2021 22:39:19] /reload spells
[02/08/2021 22:39:55] /reload spells
[02/08/2021 22:41:08] /reload spells
[02/08/2021 22:42:42] /reload spells
[02/08/2021 22:43:20] /reload spells
[02/08/2021 22:44:03] /reload spells
[02/08/2021 22:44:28] /reload spells
[02/08/2021 22:44:59] /reload spells
[02/08/2021 22:45:42] /reload spells
[02/08/2021 22:49:16] /reload spells
[02/08/2021 22:51:32] /reload spells
[02/08/2021 22:52:01] /reload spells
[02/08/2021 22:52:20] /reload spells
[02/08/2021 22:52:52] /reload spells
[02/08/2021 22:54:43] /reload spells
[02/08/2021 22:55:47] /reload spells
[02/08/2021 22:57:48] /reload spells
[02/08/2021 22:58:46] /reload spells
[02/08/2021 22:59:59] /reload spells
[02/08/2021 23:00:37] /reload spells
[02/08/2021 23:01:01] /reload spells
[02/08/2021 23:01:54] /reload spells
[02/08/2021 23:02:48] /reload spells
[02/08/2021 23:03:16] /reload spells
[02/08/2021 23:03:48] /t
[02/08/2021 23:04:15] /goto rei pally
[02/08/2021 23:04:22] /goto palyduuu
[02/08/2021 23:04:39] /up
[02/08/2021 23:05:37] /reload spells
[02/08/2021 23:06:30] /save
[03/08/2021 20:13:13] /t
[03/08/2021 20:13:34] /ghost
[03/08/2021 20:13:52] /mc
[03/08/2021 20:21:36] /raid ice lord
[03/08/2021 20:44:52] /r
[03/08/2021 20:44:56] /i 1945
[03/08/2021 20:44:59] /attr uniqueid 7568
[03/08/2021 20:45:10] /goto muthcka
[03/08/2021 20:45:15] /a
[03/08/2021 20:45:17] /a
[03/08/2021 20:45:21] /a
[03/08/2021 20:45:22] /a
[03/08/2021 20:45:22] /a
[03/08/2021 20:45:22] /a
[03/08/2021 20:45:23] /a
[03/08/2021 20:45:24] /a
[03/08/2021 20:45:25] /a
[03/08/2021 21:40:46] /t
[03/08/2021 21:54:22] /mc
[05/08/2021 20:07:54] /ghost
[05/08/2021 20:35:10] /ban ip Poliana
[05/08/2021 20:35:17] /ban ip 177.192.11.58
[05/08/2021 20:35:29] /ban ip 177.192.11.58
[05/08/2021 20:35:37] /ban 177.192.11.58
[05/08/2021 20:35:46] /ban ip 177.192.11.58
[05/08/2021 20:35:53] /ban ip Account Manager
[05/08/2021 20:35:59] /ban ip 177.192.11.58
[05/08/2021 20:46:27] /goto mister zika
[05/08/2021 20:46:32] /a 6
[05/08/2021 20:46:35] /t
[05/08/2021 20:59:53] /reload talkactions
[06/08/2021 19:31:02] /mc
[06/08/2021 19:33:42] /ghost
[06/08/2021 20:04:40] /mc
[06/08/2021 20:07:34] /mc
[06/08/2021 21:32:49] /mc
[07/08/2021 20:29:12] /up
[07/08/2021 20:29:14] /up
[07/08/2021 20:29:18] /ghost
[07/08/2021 20:29:22] /c demonic striker
[08/08/2021 09:05:17] /c demonic striker
[08/08/2021 09:10:42] /t
[08/08/2021 09:11:47] /up
[08/08/2021 09:11:48] /up
[08/08/2021 09:18:00] /c demonic striker
[08/08/2021 11:10:59] /t
[08/08/2021 11:11:16] /goto kaio pally
[08/08/2021 11:11:29] /goto druid master
[08/08/2021 11:11:35] /goto rei pally
[08/08/2021 11:11:37] /t
[08/08/2021 11:12:27] /up
[08/08/2021 11:12:28] /up
[08/08/2021 11:14:09] /c demonic striker
[08/08/2021 11:25:47] /t
[08/08/2021 11:26:04] /up
[08/08/2021 11:28:19] /reload talkactions
[08/08/2021 11:30:21] /reload spells
[08/08/2021 11:33:29] /goto druid master
[08/08/2021 11:33:37] /t
[08/08/2021 11:33:39] /up
[08/08/2021 11:33:41] /up
[08/08/2021 11:35:48] /reload talkactions
[08/08/2021 13:11:48] /c demonic striker
[08/08/2021 13:23:14] /goto ryuuku
[08/08/2021 13:23:18] /a
[08/08/2021 13:23:18] /a
[08/08/2021 13:49:03] /t
[08/08/2021 13:49:12] /up
[08/08/2021 13:49:13] /up
[08/08/2021 13:49:16] /c demonic striker
[08/08/2021 14:18:45] /goto kaio pally
[08/08/2021 14:18:48] /goto kaio pally
[08/08/2021 14:18:59] /goto max power rush
[08/08/2021 14:19:06] /goto max power rush
[08/08/2021 14:19:30] /goto poderoso pally
[08/08/2021 14:19:50] /mc
[08/08/2021 14:20:22] /up
[08/08/2021 14:20:24] /up
[08/08/2021 14:20:40] /c demonic striker
[08/08/2021 14:25:05] /c demonic striker
[08/08/2021 17:44:22] /goto demonic striker
[08/08/2021 17:44:27] /reload spells
[08/08/2021 17:45:25] /reload spells
[08/08/2021 17:45:37] /m training monk
[08/08/2021 17:45:43] /a
[08/08/2021 17:45:45] /a
[08/08/2021 17:45:46] /m training monk
[08/08/2021 17:45:48] /m training monk
[08/08/2021 17:45:49] /a
[08/08/2021 17:45:50] /a
[08/08/2021 17:45:51] /m training monk
[08/08/2021 17:45:54] /a
[08/08/2021 17:49:17] /c Harbout Kina
[08/08/2021 17:52:25] /reload spells
[08/08/2021 17:53:01] /reload spells
[08/08/2021 17:53:30] /reload spells
[08/08/2021 17:54:19] /reload spells
[08/08/2021 17:56:24] /reload spells
[08/08/2021 17:59:10] /reload spells
[08/08/2021 18:01:25] /reload spells
[08/08/2021 18:04:18] /reload spells
[08/08/2021 18:07:39] /reload spells
[08/08/2021 18:07:55] /reload spells
[08/08/2021 18:08:25] /reload spells
[08/08/2021 18:10:49] /reload spells
[08/08/2021 18:12:24] /reload spells
[08/08/2021 18:12:47] /reload spells
[08/08/2021 18:13:49] /reload spells
[08/08/2021 18:15:04] /reload spells
[08/08/2021 18:17:35] /c Harbout Kina
[08/08/2021 18:19:20] /reload spells
[08/08/2021 18:20:15] /reload spells
[08/08/2021 18:21:26] /reload spells
[08/08/2021 18:23:32] /reload spells
[08/08/2021 18:26:34] /reload spells
[08/08/2021 18:36:51] /reload spells
[08/08/2021 18:38:31] /reload spells
[08/08/2021 18:40:28] /reload spells
[08/08/2021 18:40:42] /reload spells
[08/08/2021 18:42:12] /reload spells
[08/08/2021 18:45:27] /goto max power rush
[08/08/2021 18:45:44] /goto mage do caralho
[08/08/2021 18:46:02] /goto muthcka
[08/08/2021 18:46:08] /goto muthcka
[08/08/2021 18:46:11] /t
[08/08/2021 18:46:16] /up
[08/08/2021 18:46:18] /up
[08/08/2021 18:46:23] /save
[08/08/2021 18:57:17] /goto demonic striker
[08/08/2021 18:57:22] /reload spells
[08/08/2021 18:57:42] /reload spells
[08/08/2021 18:58:15] /reload spells
[08/08/2021 18:58:35] /reload spells
[08/08/2021 18:58:52] /reload spells
[08/08/2021 19:00:00] /reload spells
[08/08/2021 19:00:24] /reload spells
[08/08/2021 19:01:57] /reload spells
[08/08/2021 19:03:10] /reload spells
[08/08/2021 19:03:31] /reload spells
[08/08/2021 19:04:17] /reload spells
[08/08/2021 19:05:40] /reload spells
[08/08/2021 19:07:43] /reload spells
[08/08/2021 19:09:04] /reload spells
[08/08/2021 19:13:10] /reload spells
[08/08/2021 19:14:28] /t
[08/08/2021 19:14:36] /goto rei pally
[08/08/2021 19:14:50] /goto pestana paly
[08/08/2021 19:14:54] /goto pestana paly
[08/08/2021 19:14:56] /goto pestana paly
[08/08/2021 19:14:59] /goto pestana paly
[08/08/2021 19:15:02] /t
[08/08/2021 19:15:05] /up
[08/08/2021 19:15:05] /up
[08/08/2021 19:15:11] /save
[08/08/2021 19:19:41] /c demonic striker
[08/08/2021 19:46:35] /c demonic striker
[11/08/2021 19:01:04] /reload talkactions
[11/08/2021 19:01:47] /mc
[11/08/2021 19:02:01] /goto pestana paly
[11/08/2021 19:02:03] /a
[11/08/2021 19:03:11] /t
[11/08/2021 19:04:05] /goto muthcka
[14/08/2021 11:32:07] /a
[14/08/2021 11:33:27] /goto jean
[14/08/2021 11:33:28] /t
[14/08/2021 11:34:35] /addskill bogaot, level, 717217
[14/08/2021 11:34:52] /addskill bogaot, level, 717217
[14/08/2021 11:34:56] /addskill bogaot, level, 717217
[14/08/2021 11:34:56] /addskill bogaot, level, 717217
[14/08/2021 11:34:59] /addskill bogaot, level, 717217
[14/08/2021 11:34:59] /addskill bogaot, level, 717217
[14/08/2021 11:34:59] /addskill bogaot, level, 717217
[14/08/2021 11:35:00] /addskill bogaot, level, 717217
[14/08/2021 11:35:02] /addskill bogaot, level, 717217
[14/08/2021 11:35:04] /addskill bogaot, level, 717217
[14/08/2021 11:35:04] /addskill bogaot, level, 717217
[14/08/2021 11:36:25] /i mega mana rune
[14/08/2021 11:39:25] /i some golden fruits
[14/08/2021 11:47:24] /i boneco de teleport
[14/08/2021 11:47:26] /i boneco de teleporte
[14/08/2021 11:47:32] /c bogaot
[14/08/2021 11:47:52] /i foot of shinigami
[14/08/2021 11:48:03] /i Foot of the Shinigami
[14/08/2021 11:48:23] /kick jean
[14/08/2021 11:48:27] /goto jean
[14/08/2021 11:48:27] /r
[14/08/2021 11:48:37] /c bogaot
[14/08/2021 11:48:51] /t
[15/08/2026 22:01:28] /i holy scarab
[15/08/2026 22:08:02] /i holy scarab
[15/08/2026 22:09:50] /i some golden fruits
