[23/05/2011 18:47:18] /i utamo remover rune
[23/05/2011 18:47:24] /a
[23/05/2011 18:48:20] /attr action 13766
[23/05/2011 18:48:26] /attr action 13766
[23/05/2011 18:49:10] /reload movements
[23/05/2011 18:50:49] /closeserver
[23/05/2011 18:51:00] /a 5
[23/05/2011 18:51:04] /a 5
[23/05/2011 18:51:05] /a 5
[23/05/2011 18:51:17] /i 2140
[23/05/2011 19:08:14] /attr action 13766
[23/05/2011 19:08:16] /attr action 13766
[23/05/2011 19:14:02] /reload movements
[23/05/2011 19:14:31] /reload movements
[23/05/2011 19:14:48] /reload movements
[23/05/2011 19:15:08] /reload movements
[23/05/2011 19:15:44] /reload movements
[23/05/2011 19:16:26] /reload movements
[23/05/2011 19:17:42] /reload movements
[23/05/2011 19:28:42] /reload talkactions
[23/05/2011 19:29:54] /reload talkactions
[23/05/2011 19:30:39] /reload talkactions
[23/05/2011 19:30:45] /i 2140
[23/05/2011 19:31:03] /goto co bom
[23/05/2011 19:31:14] /t
[23/05/2011 19:31:23] /c co bom
[23/05/2011 19:31:28] /closeserver
[23/05/2011 19:31:46] /a 55
[23/05/2011 19:31:49] /a 10
[23/05/2011 19:32:45] /reload talkactions
[23/05/2011 19:32:48] /reload movements
[23/05/2011 19:32:52] /closeserver
[23/05/2011 19:33:12] /reload movements
[23/05/2011 19:33:14] /reload talkactions
[23/05/2011 19:33:15] /closeserver
[23/05/2011 19:33:22] /i 2137
[23/05/2011 19:33:44] /a 5
[23/05/2011 19:34:50] /a 50
[23/05/2011 19:34:51] /a 50
[23/05/2011 19:34:53] /a 50
[23/05/2011 19:34:57] /a 20
[24/05/2011 09:34:28] /attr action
[24/05/2011 09:34:30] /attr action
[24/05/2011 09:34:39] /save
[24/05/2011 11:29:43] /goto demon sky
[24/05/2011 11:30:40] /c demon sky
[24/05/2011 11:30:45] /ghost
[24/05/2011 11:31:19] /i 2407
[24/05/2011 11:31:27] /goto demo sky
[24/05/2011 11:31:28] /goto demo sky
[24/05/2011 11:31:30] /goto demo sky
[24/05/2011 11:31:34] /goto demo sky
[24/05/2011 11:31:35] /goto demo sky
[24/05/2011 11:32:06] /goto demo sky
[24/05/2011 11:32:10] /goto demon sky
[24/05/2011 11:32:30] /owner Demon Sky
[24/05/2011 11:35:18] /goto demon sky
[24/05/2011 11:36:22] /goto demon sky
[24/05/2011 11:36:50] /a
[24/05/2011 11:37:02] /c demon sky
[24/05/2011 11:37:23] /t
[24/05/2011 11:37:26] /ghost
[24/05/2011 11:38:01] /m max power rune
[24/05/2011 11:38:12] /m max power rune
[24/05/2011 11:38:13] /m max power rune
[24/05/2011 11:38:14] /m max power rune
[24/05/2011 11:38:14] /m max power rune
[24/05/2011 11:38:14] /m max power rune
[24/05/2011 11:38:15] /m max power rune
[24/05/2011 11:38:18] /i max power rune
[24/05/2011 11:38:53] /goto demon sky
[24/05/2011 11:39:49] /a 2
[24/05/2011 11:41:08] /reload spells
[24/05/2011 11:41:53] /reload spells
[24/05/2011 12:45:31] /goto demon sky
[24/05/2011 13:55:37] /goto Mage Of Black
[24/05/2011 13:55:40] /a
[24/05/2011 13:55:43] /a
[24/05/2011 13:55:44] /goto Mage Of Black
[24/05/2011 13:55:45] /a
[24/05/2011 13:55:46] /a
[24/05/2011 13:56:42] /t
[24/05/2011 13:58:13] /c mlk do point
[24/05/2011 14:02:43] /goto mage of black
[24/05/2011 14:03:12] /r
[24/05/2011 14:03:19] /a
[24/05/2011 14:04:47] /t
[24/05/2011 14:05:01] /mc
[24/05/2011 14:06:50] /a 55
[24/05/2011 14:06:52] /a 10
[24/05/2011 14:06:59] /a 2
[24/05/2011 14:07:04] /r
[24/05/2011 14:07:06] /r
[24/05/2011 14:07:08] /r
[24/05/2011 14:07:09] /r
[24/05/2011 14:07:36] /attr action 13767
[24/05/2011 14:07:37] /attr action 13767
[24/05/2011 14:07:37] /attr action 13767
[24/05/2011 14:07:38] /attr action 13767
[24/05/2011 14:07:39] /attr action 13767
[24/05/2011 14:07:40] /attr action 13767
[24/05/2011 14:07:41] /attr action 13767
[24/05/2011 14:07:43] /attr action 13767
[24/05/2011 14:07:44] /attr action 13767
[24/05/2011 14:07:45] /attr action 13767
[24/05/2011 14:07:47] /attr action 13767
[24/05/2011 14:07:51] /attr action 13767
[24/05/2011 14:07:54] /a 2
[24/05/2011 14:07:58] /attr action 13767
[24/05/2011 14:08:03] /a
[24/05/2011 14:08:04] /a
[24/05/2011 14:08:06] /a 2
[24/05/2011 14:08:14] /a 3
[24/05/2011 14:08:16] /a 3
[24/05/2011 14:08:18] /a 4
[24/05/2011 14:08:23] /a 5
[24/05/2011 14:08:26] /a 3
[24/05/2011 14:08:36] /a
[24/05/2011 14:08:38] /a 5
[24/05/2011 14:08:45] /a 5
[24/05/2011 14:08:50] /a 4
[24/05/2011 14:08:58] /a
[24/05/2011 14:09:00] /a 2
[24/05/2011 14:09:04] /a 3
[24/05/2011 14:09:08] /a 2
[24/05/2011 14:09:09] /a 2
[24/05/2011 14:09:10] /a 2
[24/05/2011 14:09:10] /a 2
[24/05/2011 14:09:13] /a 4
[24/05/2011 14:09:49] /goto mage of black
[24/05/2011 14:15:00] /a
[24/05/2011 14:15:00] /a
[24/05/2011 14:15:01] /a
[24/05/2011 14:15:01] /a
[24/05/2011 14:15:05] /a
[24/05/2011 14:17:35] /unban Devil Gyrl
[24/05/2011 14:17:37] /t
[24/05/2011 14:29:27] /goto mage of black
[24/05/2011 14:29:47] /a 2
[24/05/2011 14:30:29] /t
[24/05/2011 21:54:06] /goto knight
[24/05/2011 21:58:11] /a 10
[24/05/2011 22:01:37] /bc green; OT VAI CAIR E VOLTA
[24/05/2011 22:01:37] /bc green; OT VAI CAIR E VOLTA
[24/05/2011 22:01:38] /bc green; OT VAI CAIR E VOLTA
[24/05/2011 22:01:38] /bc green; OT VAI CAIR E VOLTA
[24/05/2011 22:01:39] /bc green; OT VAI CAIR E VOLTA
[24/05/2011 22:01:39] /bc green; OT VAI CAIR E VOLTA
[24/05/2011 22:01:40] /bc green; OT VAI CAIR E VOLTA
[24/05/2011 22:04:46] /a 5
[24/05/2011 22:05:25] /a 20
[24/05/2011 22:05:26] /a 20
[24/05/2011 22:05:27] /a 20
[24/05/2011 22:05:27] /a 20
[24/05/2011 22:05:48] /r
[24/05/2011 22:05:57] /r
[24/05/2011 22:05:58] /r
[24/05/2011 22:06:01] /t
[24/05/2011 22:06:03] /up
[24/05/2011 22:06:04] /up
[24/05/2011 22:06:11] /m dreener
[24/05/2011 22:06:13] /m dreener
[24/05/2011 22:06:32] /r
[24/05/2011 22:06:34] /r
[24/05/2011 22:06:37] /r
[24/05/2011 22:06:41] /mc
[24/05/2011 22:19:11] /reload monster
[24/05/2011 22:19:22] /m master of nature
[24/05/2011 22:19:39] /r
[24/05/2011 22:19:42] /r
[24/05/2011 22:20:07] /reload monster
[24/05/2011 22:20:09] /m master of nature
[24/05/2011 22:20:15] /r
[24/05/2011 22:20:16] /r
[24/05/2011 22:20:28] /r
[24/05/2011 22:20:44] /r
[24/05/2011 22:24:26] /reload monster
[24/05/2011 22:25:16] /reload monster
[24/05/2011 22:25:32] /r
[24/05/2011 22:25:35] /r
[24/05/2011 22:25:36] /r
[24/05/2011 22:25:38] /r
[24/05/2011 22:25:39] /r
[24/05/2011 22:25:40] /r
[24/05/2011 22:25:48] /r
[24/05/2011 22:25:51] /r
[24/05/2011 22:25:52] /r
[24/05/2011 22:25:55] /r
[24/05/2011 22:25:55] /r
[24/05/2011 22:26:02] /reload monster
[24/05/2011 22:26:05] /r
[24/05/2011 22:26:09] /a 5
[24/05/2011 22:31:36] /goto amauri
[24/05/2011 22:31:38] /goto amaurii
[24/05/2011 22:43:06] /a 5
[24/05/2011 22:43:07] /a 5
[24/05/2011 22:43:08] /a 5
[24/05/2011 22:43:09] /a 5
[24/05/2011 22:43:09] /a 5
[24/05/2011 22:43:10] /a 5
[24/05/2011 22:43:16] /down
[24/05/2011 22:43:19] /a
[24/05/2011 22:43:20] /a
[24/05/2011 22:43:23] /a
[24/05/2011 22:43:23] /a
[24/05/2011 22:43:25] /up
[24/05/2011 22:43:43] /m hacker
[24/05/2011 22:44:00] /r
[24/05/2011 22:44:02] /r
[24/05/2011 22:44:05] /r
[24/05/2011 22:44:06] /r
[24/05/2011 22:44:16] /m master of summons
[24/05/2011 22:44:22] /r
[24/05/2011 22:44:23] /r
[24/05/2011 22:45:33] /reload monster
[24/05/2011 22:46:06] /reload monster
[24/05/2011 22:46:38] /reload monster
[24/05/2011 22:47:53] /m master of nature
[24/05/2011 22:48:27] /reload monster
[24/05/2011 22:48:36] /r
[24/05/2011 22:48:56] /r
[24/05/2011 22:48:57] /r
[24/05/2011 22:49:05] /r
[24/05/2011 22:49:06] /r
[24/05/2011 22:49:08] /r
[24/05/2011 22:49:27] /i 1524
[24/05/2011 22:49:30] /r
[24/05/2011 22:49:31] /r
[24/05/2011 22:49:32] /r
[24/05/2011 22:49:33] /r
[24/05/2011 22:49:34] /r
[24/05/2011 22:49:35] /r
[24/05/2011 22:49:37] /r
[24/05/2011 22:49:38] /r
[24/05/2011 22:49:38] /r
[24/05/2011 22:49:39] /r
[24/05/2011 22:49:40] /r
[24/05/2011 22:49:41] /r
[24/05/2011 22:49:43] /r
[24/05/2011 22:49:45] /r
[24/05/2011 22:49:46] /r
[24/05/2011 22:49:48] /r
[24/05/2011 22:53:47] /i beach backpack
[24/05/2011 23:16:12] /reload monster
[24/05/2011 23:16:18] /m mulher maravilha
[24/05/2011 23:17:14] /r
[24/05/2011 23:17:14] /r
[24/05/2011 23:17:16] /t
[24/05/2011 23:18:31] /reload creature script
[24/05/2011 23:18:34] /reload creature
[24/05/2011 23:18:37] /reload creature event
[24/05/2011 23:18:39] /reload creature events
[24/05/2011 23:21:34] /reload spells
[24/05/2011 23:22:15] /reload spells
[24/05/2011 23:22:50] /reload spells
[24/05/2011 23:22:54] /reload spells
[24/05/2011 23:22:56] /reload spells
[24/05/2011 23:23:22] /reload spells
[24/05/2011 23:23:34] /reload spells
[24/05/2011 23:24:05] /reload spells
[24/05/2011 23:24:24] /reload spells
[24/05/2011 23:25:24] /reload spells
[24/05/2011 23:26:09] /reload spells
[24/05/2011 23:27:39] /reload spells
[24/05/2011 23:28:34] /m training monk
[24/05/2011 23:29:18] /r
[24/05/2011 23:29:56] /reload spells
[24/05/2011 23:30:35] /t
[24/05/2011 23:31:32] /a 10
[24/05/2011 23:32:02] /attr pz
[24/05/2011 23:32:06] /attr pz 1
[24/05/2011 23:32:13] /t
[24/05/2011 23:32:41] /a
[24/05/2011 23:32:45] /up
[24/05/2011 23:34:41] /goto sr velox
[24/05/2011 23:34:55] /t sr veloz
[24/05/2011 23:34:58] /t sr velox
[24/05/2011 23:35:07] /a 50
[24/05/2011 23:35:10] /a 50
[24/05/2011 23:35:11] /a 50
[24/05/2011 23:37:13] /mc
[24/05/2011 23:37:20] /goto Eliseu sz
[24/05/2011 23:37:38] /b TIREM MC
[24/05/2011 23:37:39] /b TIREM MC
[24/05/2011 23:37:40] /b TIREM MC
[24/05/2011 23:37:44] /b 1...
[24/05/2011 23:37:55] /b 2.....
[24/05/2011 23:38:00] /b 3
[24/05/2011 23:38:08] /b si eu ve alguem de mc
[24/05/2011 23:38:15] /b ban na hora
[24/05/2011 23:38:21] /mc
[24/05/2011 23:38:33] /b 23:38 Eliseu sz (187.45.21.149) 23:38 Zika Do Baile (187.45.21.149)
[24/05/2011 23:38:40] /b TIRA AGORA PORRA
[24/05/2011 23:38:46] /b Cansei
[24/05/2011 23:38:54] /b é Ban
[24/05/2011 23:38:56] /mc
[24/05/2011 23:39:11] /b vcs nao me escutam né
[24/05/2011 23:39:14] /b oks
[24/05/2011 23:39:28] /ban Eliseu sz
[24/05/2011 23:39:32] /kick Eliseu sz
[24/05/2011 23:39:37] /ban Zika Do Baile
[24/05/2011 23:39:39] /kick Zika Do Baile
[24/05/2011 23:39:45] /mc
[24/05/2011 23:40:17] /goto sr velox
[24/05/2011 23:40:49] /goto bobs sz prih
[24/05/2011 23:40:57] /goto Boby Sz Prih
[24/05/2011 23:41:37] /r
[24/05/2011 23:41:45] /r
[24/05/2011 23:42:08] /c Boby Sz Prih
[24/05/2011 23:42:59] /ghost
[24/05/2011 23:43:25] /a 5
[24/05/2011 23:43:26] /a 5
[24/05/2011 23:43:28] /a 5
[24/05/2011 23:43:30] /a 5
[24/05/2011 23:43:33] /c Knight sony
[24/05/2011 23:44:05] /bc green; GALERA NAO FALA !BUYEPIC COM O GOLDEN FRUITS PQ SE NAO VAI PERDER E NAO VAI GANHAR EPIC
[24/05/2011 23:44:05] /bc green; GALERA NAO FALA !BUYEPIC COM O GOLDEN FRUITS PQ SE NAO VAI PERDER E NAO VAI GANHAR EPIC
[24/05/2011 23:44:05] /bc green; GALERA NAO FALA !BUYEPIC COM O GOLDEN FRUITS PQ SE NAO VAI PERDER E NAO VAI GANHAR EPIC
[24/05/2011 23:44:05] /bc green; GALERA NAO FALA !BUYEPIC COM O GOLDEN FRUITS PQ SE NAO VAI PERDER E NAO VAI GANHAR EPIC
[24/05/2011 23:44:05] /bc green; GALERA NAO FALA !BUYEPIC COM O GOLDEN FRUITS PQ SE NAO VAI PERDER E NAO VAI GANHAR EPIC
[24/05/2011 23:44:05] /bc green; GALERA NAO FALA !BUYEPIC COM O GOLDEN FRUITS PQ SE NAO VAI PERDER E NAO VAI GANHAR EPIC
[24/05/2011 23:44:05] /bc green; GALERA NAO FALA !BUYEPIC COM O GOLDEN FRUITS PQ SE NAO VAI PERDER E NAO VAI GANHAR EPIC
[24/05/2011 23:44:05] /bc green; GALERA NAO FALA !BUYEPIC COM O GOLDEN FRUITS PQ SE NAO VAI PERDER E NAO VAI GANHAR EPIC
[24/05/2011 23:44:05] /bc green; GALERA NAO FALA !BUYEPIC COM O GOLDEN FRUITS PQ SE NAO VAI PERDER E NAO VAI GANHAR EPIC
[24/05/2011 23:44:05] /bc green; GALERA NAO FALA !BUYEPIC COM O GOLDEN FRUITS PQ SE NAO VAI PERDER E NAO VAI GANHAR EPIC
[24/05/2011 23:44:06] /bc green; GALERA NAO FALA !BUYEPIC COM O GOLDEN FRUITS PQ SE NAO VAI PERDER E NAO VAI GANHAR EPIC
[24/05/2011 23:44:06] /bc green; GALERA NAO FALA !BUYEPIC COM O GOLDEN FRUITS PQ SE NAO VAI PERDER E NAO VAI GANHAR EPIC
[24/05/2011 23:44:06] /bc green; GALERA NAO FALA !BUYEPIC COM O GOLDEN FRUITS PQ SE NAO VAI PERDER E NAO VAI GANHAR EPIC
[24/05/2011 23:44:06] /bc green; GALERA NAO FALA !BUYEPIC COM O GOLDEN FRUITS PQ SE NAO VAI PERDER E NAO VAI GANHAR EPIC
[24/05/2011 23:44:06] /bc green; GALERA NAO FALA !BUYEPIC COM O GOLDEN FRUITS PQ SE NAO VAI PERDER E NAO VAI GANHAR EPIC
[24/05/2011 23:44:06] /bc green; GALERA NAO FALA !BUYEPIC COM O GOLDEN FRUITS PQ SE NAO VAI PERDER E NAO VAI GANHAR EPIC
[24/05/2011 23:44:06] /bc green; GALERA NAO FALA !BUYEPIC COM O GOLDEN FRUITS PQ SE NAO VAI PERDER E NAO VAI GANHAR EPIC
[24/05/2011 23:44:06] /bc green; GALERA NAO FALA !BUYEPIC COM O GOLDEN FRUITS PQ SE NAO VAI PERDER E NAO VAI GANHAR EPIC
[24/05/2011 23:44:06] /bc green; GALERA NAO FALA !BUYEPIC COM O GOLDEN FRUITS PQ SE NAO VAI PERDER E NAO VAI GANHAR EPIC
[24/05/2011 23:44:06] /bc green; GALERA NAO FALA !BUYEPIC COM O GOLDEN FRUITS PQ SE NAO VAI PERDER E NAO VAI GANHAR EPIC
[24/05/2011 23:44:06] /bc green; GALERA NAO FALA !BUYEPIC COM O GOLDEN FRUITS PQ SE NAO VAI PERDER E NAO VAI GANHAR EPIC
[24/05/2011 23:44:06] /bc green; GALERA NAO FALA !BUYEPIC COM O GOLDEN FRUITS PQ SE NAO VAI PERDER E NAO VAI GANHAR EPIC
[24/05/2011 23:44:06] /bc green; GALERA NAO FALA !BUYEPIC COM O GOLDEN FRUITS PQ SE NAO VAI PERDER E NAO VAI GANHAR EPIC
[24/05/2011 23:44:06] /bc green; GALERA NAO FALA !BUYEPIC COM O GOLDEN FRUITS PQ SE NAO VAI PERDER E NAO VAI GANHAR EPIC
[24/05/2011 23:44:06] /bc green; GALERA NAO FALA !BUYEPIC COM O GOLDEN FRUITS PQ SE NAO VAI PERDER E NAO VAI GANHAR EPIC
[24/05/2011 23:44:08] /r
[24/05/2011 23:44:17] /t
[24/05/2011 23:44:25] /mc
[24/05/2011 23:44:49] /mc
[24/05/2011 23:45:23] /b SO HOSTER PORRA E NAO ADM
[24/05/2011 23:45:54] /mc
[24/05/2011 23:46:15] /mc
[24/05/2011 23:46:57] /ban Drako
[24/05/2011 23:46:58] /r
[24/05/2011 23:47:20] /r
[24/05/2011 23:47:53] /mc
[24/05/2011 23:47:58] /r
[24/05/2011 23:48:10] /ban account manager
[24/05/2011 23:48:12] /r
[24/05/2011 23:48:51] /a 5
[24/05/2011 23:49:19] /r
[24/05/2011 23:49:42] /mc
[24/05/2011 23:50:04] /mc
[24/05/2011 23:50:41] /t felips
[24/05/2011 23:50:52] /unban eliseu sz
[24/05/2011 23:51:10] /unban zika do baile
[24/05/2011 23:52:22] /ban felips
[24/05/2011 23:52:28] /kick felips
[24/05/2011 23:53:05] /ban Account Manager
[24/05/2011 23:53:09] /kick Account Manager
[24/05/2011 23:53:13] /ban Account Manager
[24/05/2011 23:53:23] /mc
[24/05/2011 23:53:38] /a 20
[24/05/2011 23:53:40] /c Eliseu sz
[24/05/2011 23:53:41] /c Eliseu sz
[24/05/2011 23:54:12] /mc
[24/05/2011 23:55:02] /mc
[24/05/2011 23:55:31] /mc
[24/05/2011 23:55:50] /m demon lord
[24/05/2011 23:56:18] /goto eliseu sz
[24/05/2011 23:57:15] /mc
[24/05/2011 23:58:21] /a 5
[24/05/2011 23:58:31] /a 5
[24/05/2011 23:58:33] /a 5
[24/05/2011 23:58:35] /a 5
[24/05/2011 23:58:37] /a 5
[24/05/2011 23:58:38] /a 5
[24/05/2011 23:58:40] /a 5
[24/05/2011 23:58:41] /a 5
[24/05/2011 23:58:43] /a 5
[24/05/2011 23:58:54] /goto eliseu sz
[24/05/2011 23:59:01] /t
[24/05/2011 23:59:16] /c eliseu sz
[24/05/2011 23:59:52] /a
[24/05/2011 23:59:55] /a
[25/05/2011 00:00:15] /bc green; amanha ot as 7:00
[25/05/2011 00:00:16] /bc green; amanha ot as 7:00
[25/05/2011 00:00:17] /bc green; amanha ot as 7:00
[25/05/2011 00:00:20] /bc amanha ot as 7:00
[25/05/2011 00:00:21] /bc amanha ot as 7:00
[25/05/2011 00:00:21] /bc amanha ot as 7:00
[25/05/2011 00:00:22] /bc amanha ot as 7:00
[25/05/2011 00:00:22] /bc amanha ot as 7:00
[25/05/2011 00:00:23] /bc amanha ot as 7:00
[25/05/2011 00:00:25] /bc amanha ot as 7:00
[25/05/2011 00:00:25] /bc amanha ot as 7:00
[25/05/2011 00:00:26] /bc amanha ot as 7:00
[25/05/2011 00:00:27] /bc amanha ot as 7:00
[25/05/2011 00:00:27] /bc amanha ot as 7:00
[25/05/2011 00:00:28] /bc amanha ot as 7:00
[25/05/2011 00:00:28] /bc amanha ot as 7:00
[25/05/2011 00:00:29] /bc amanha ot as 7:00
[25/05/2011 00:00:29] /bc amanha ot as 7:00
[25/05/2011 00:00:30] /bc amanha ot as 7:00
[25/05/2011 00:00:30] /bc amanha ot as 7:00
[25/05/2011 00:00:31] /bc amanha ot as 7:00
[25/05/2011 00:00:32] /bc amanha ot as 7:00
[25/05/2011 00:00:32] /bc amanha ot as 7:00
[25/05/2011 00:00:33] /bc amanha ot as 7:00
[25/05/2011 00:00:34] /bc amanha ot as 7:00
[25/05/2011 00:00:34] /bc amanha ot as 7:00
[25/05/2011 00:00:35] /bc amanha ot as 7:00
[25/05/2011 00:00:35] /bc amanha ot as 7:00
[25/05/2011 00:00:36] /bc amanha ot as 7:00
[25/05/2011 00:00:36] /bc amanha ot as 7:00
[25/05/2011 00:00:37] /bc amanha ot as 7:00
[25/05/2011 00:00:38] /bc amanha ot as 7:00
[25/05/2011 00:00:39] /bc amanha ot as 7:00
[25/05/2011 00:00:40] /bc amanha ot as 7:00
[25/05/2011 00:00:40] /bc amanha ot as 7:00
[25/05/2011 00:00:41] /bc amanha ot as 7:00
[25/05/2011 00:00:42] /bc amanha ot as 7:00
[25/05/2011 00:00:42] /bc amanha ot as 7:00
[25/05/2011 00:00:43] /bc amanha ot as 7:00
[25/05/2011 00:00:43] /bc amanha ot as 7:00
[25/05/2011 00:00:44] /bc amanha ot as 7:00
[25/05/2011 10:02:35] /i animate dead rune
[25/05/2011 10:02:49] /i 3058
[25/05/2011 10:03:41] /r
[25/05/2011 10:04:19] /ghost
[25/05/2011 10:04:51] /i 2128
[25/05/2011 10:05:00] /i 3128
[25/05/2011 10:05:10] /r
[25/05/2011 10:05:51] /i 3127
[25/05/2011 10:05:53] /r
[25/05/2011 10:05:59] /i 3128
[25/05/2011 10:06:01] /r
[25/05/2011 10:06:04] /i 3129
[25/05/2011 10:06:07] /r
[25/05/2011 10:06:11] /i 3130
[25/05/2011 10:06:21] /r
[25/05/2011 10:06:27] /i 3133
[25/05/2011 10:06:29] /i 3134
[25/05/2011 10:06:32] /i 3135
[25/05/2011 10:06:39] /up
[25/05/2011 10:06:42] /a
[25/05/2011 10:06:50] /r
[25/05/2011 10:08:51] /m yalahari
[25/05/2011 10:09:55] /r
[25/05/2011 10:10:15] /r
[25/05/2011 10:10:16] /r
[25/05/2011 10:10:25] /r
[25/05/2011 10:10:31] /r
[25/05/2011 10:10:39] /kick kina rulez
[25/05/2011 10:10:44] /kick kina rulez
[25/05/2011 10:10:50] /kick kina rulez
[25/05/2011 10:10:55] /kick kina rulez
[25/05/2011 10:11:02] /kick kina rulez
[25/05/2011 10:11:10] /t kina rulez
[25/05/2011 10:11:10] /kick kina rulez
[25/05/2011 10:11:21] /c kina rulez
[25/05/2011 10:11:22] /c kina rulez
[25/05/2011 10:11:23] /kick kina rulez
[25/05/2011 10:11:26] /c kina rulez
[25/05/2011 10:11:27] /kick kina rulez
[25/05/2011 10:11:32] /kick kina rulez
[25/05/2011 10:11:33] /kick kina rulez
[25/05/2011 10:11:35] /kick kina rulez
[25/05/2011 10:11:36] /kick kina rulez
[25/05/2011 10:11:37] /kick kina rulez
[25/05/2011 10:11:54] /kick kina rulez
[25/05/2011 10:23:46] /reload actions
[25/05/2011 10:27:05] /reload actions
[25/05/2011 10:27:12] /reload spells
[25/05/2011 10:29:13] /reload spells
[25/05/2011 10:29:17] /reload items
[25/05/2011 10:30:16] /i 255
[25/05/2011 10:30:46] /reload spells
[25/05/2011 10:30:57] /i 3058
[25/05/2011 10:31:03] /r
[25/05/2011 10:31:07] /m alma
[25/05/2011 10:31:13] /attr healt 20000000000000000000
[25/05/2011 10:31:19] /attr health 20000000000000000000
[25/05/2011 10:31:22] /attr health 20000000000000000000000000000000000000000000
[25/05/2011 10:31:27] /attr health 20000000000000000000000000000000000000000000
[25/05/2011 10:31:30] /r
[25/05/2011 10:31:40] /i 2290
[25/05/2011 10:34:45] /reload spells
[25/05/2011 10:35:51] /reload spells
[25/05/2011 10:37:02] /reload spells
[25/05/2011 10:37:21] /m alma
[25/05/2011 10:37:28] /r
[25/05/2011 10:45:40] /reload spells
[25/05/2011 10:45:55] /i 3058
[25/05/2011 10:46:09] /r
[25/05/2011 10:47:08] /c Kina rulez
[25/05/2011 10:47:39] /t
[25/05/2011 10:49:17] /addskill Mateus,Magic,80
[25/05/2011 10:52:51] /addskill Mage Of Black,level,40000
[25/05/2011 10:53:33] /r
[25/05/2011 10:53:34] /r
[25/05/2011 10:54:11] /c Kina rulez
[25/05/2011 10:54:18] /c Kina rulez
[25/05/2011 10:54:18] /c Kina rulez
[25/05/2011 10:54:19] /c Kina rulez
[25/05/2011 10:54:19] /c Kina rulez
[25/05/2011 10:54:20] /c Kina rulez
[25/05/2011 10:54:20] /c Kina rulez
[25/05/2011 10:54:20] /c Kina rulez
[25/05/2011 10:54:26] /c Kina rulez
[25/05/2011 10:54:27] /c Kina rulez
[25/05/2011 10:54:27] /c Kina rulez
[25/05/2011 10:54:28] /c Kina rulez
[25/05/2011 10:54:29] /c Kina rulez
[25/05/2011 10:54:30] /c Kina rulez
[25/05/2011 10:54:31] /c Kina rulez
[25/05/2011 10:54:31] /c Kina rulez
[25/05/2011 10:54:31] /c Kina rulez
[25/05/2011 10:54:31] /c Kina rulez
[25/05/2011 10:54:31] /c Kina rulez
[25/05/2011 10:54:31] /c Kina rulez
[25/05/2011 10:54:31] /c Kina rulez
[25/05/2011 10:54:31] /c Kina rulez
[25/05/2011 10:54:31] /c Kina rulez
[25/05/2011 10:54:31] /c Kina rulez
[25/05/2011 10:54:31] /c Kina rulez
[25/05/2011 10:54:31] /c Kina rulez
[25/05/2011 10:54:31] /c Kina rulez
[25/05/2011 10:54:31] /c Kina rulez
[25/05/2011 10:54:31] /c Kina rulez
[25/05/2011 10:54:31] /c Kina rulez
[25/05/2011 10:54:31] /c Kina rulez
[25/05/2011 10:54:31] /c Kina rulez
[25/05/2011 10:54:31] /c Kina rulez
[25/05/2011 10:54:31] /c Kina rulez
[25/05/2011 10:54:31] /c Kina rulez
[25/05/2011 10:54:32] /c Kina rulez
[25/05/2011 10:54:32] /c Kina rulez
[25/05/2011 10:54:32] /c Kina rulez
[25/05/2011 10:54:32] /c Kina rulez
[25/05/2011 10:54:32] /c Kina rulez
[25/05/2011 10:54:33] /c Kina rulez
[25/05/2011 10:54:33] /c Kina rulez
[25/05/2011 10:54:33] /c Kina rulez
[25/05/2011 10:54:33] /c Kina rulez
[25/05/2011 10:54:33] /c Kina rulez
[25/05/2011 10:54:33] /c Kina rulez
[25/05/2011 10:54:34] /c Kina rulez
[25/05/2011 10:54:34] /c Kina rulez
[25/05/2011 10:54:34] /c Kina rulez
[25/05/2011 10:54:49] /c Kina rulez
[25/05/2011 10:54:53] /c Kina rulez
[25/05/2011 10:54:53] /c Kina rulez
[25/05/2011 10:54:54] /c Kina rulez
[25/05/2011 10:54:54] /c Kina rulez
[25/05/2011 10:54:54] /c Kina rulez
[25/05/2011 10:54:54] /c Kina rulez
[25/05/2011 10:54:54] /c Kina rulez
[25/05/2011 10:54:54] /c Kina rulez
[25/05/2011 10:54:55] /c Kina rulez
[25/05/2011 10:54:55] /c Kina rulez
[25/05/2011 10:54:55] /c Kina rulez
[25/05/2011 10:54:55] /c Kina rulez
[25/05/2011 10:54:55] /c Kina rulez
[25/05/2011 10:54:56] /c Kina rulez
[25/05/2011 10:54:56] /c Kina rulez
[25/05/2011 10:54:56] /c Kina rulez
[25/05/2011 10:54:56] /c Kina rulez
[25/05/2011 10:54:56] /c Kina rulez
[25/05/2011 10:54:56] /c Kina rulez
[25/05/2011 10:54:57] /c Kina rulez
[25/05/2011 10:55:20] /c deus
[25/05/2011 10:55:21] /c deus
[25/05/2011 10:55:23] /c Kina rulez
[25/05/2011 10:55:34] /c Deus
[25/05/2011 10:55:39] /c Deus
[25/05/2011 10:55:41] /c Deus
[25/05/2011 10:55:41] /c Deus
[25/05/2011 10:55:42] /c Deus
[25/05/2011 10:55:43] /c Deus
[25/05/2011 10:55:43] /c Deus
[25/05/2011 10:55:44] /c Deus
[25/05/2011 10:55:45] /c Deus
[25/05/2011 10:55:45] /c Deus
[25/05/2011 10:55:46] /c Deus
[25/05/2011 10:55:46] /c Deus
[25/05/2011 10:55:47] /c Deus
[25/05/2011 10:55:47] /c Kina rulez
[25/05/2011 10:55:48] /c Kina rulez
[25/05/2011 10:55:48] /c Kina rulez
[25/05/2011 10:55:48] /c Kina rulez
[25/05/2011 10:55:49] /c Kina rulez
[25/05/2011 10:55:49] /c Kina rulez
[25/05/2011 10:55:49] /c Kina rulez
[25/05/2011 10:55:49] /c Kina rulez
[25/05/2011 10:56:13] /c Kina rulez
[25/05/2011 10:56:15] /c Deus
[25/05/2011 10:56:20] /t
[25/05/2011 10:58:53] /ban Deus,50
[25/05/2011 10:58:59] /ban Deus, 50
[25/05/2011 10:59:04] /ban Deus
[25/05/2011 10:59:12] /kick Deus
[25/05/2011 10:59:24] /ban Mateus
[25/05/2011 10:59:40] /c Kina rulez
[25/05/2011 11:00:02] /ban Lokoama
[25/05/2011 11:00:03] /kick Lokoama
[25/05/2011 11:00:27] /unban Mateus
[25/05/2011 11:00:48] /ban El Loko
[25/05/2011 11:00:50] /kick El Loko
[25/05/2011 11:02:10] /mc
[25/05/2011 11:14:32] /i 2314
[25/05/2011 11:15:46] /r
[25/05/2011 11:16:29] /bc gree; Demon Lord Esta Prestes A Takar
[25/05/2011 11:16:38] /bc green; Demon Lord Esta Prestes A Takar
[25/05/2011 11:16:40] /bc green; Demon Lord Esta Prestes A Takar
[25/05/2011 11:16:45] /bc green; Demon Lord Esta Prestes A Atakar
[25/05/2011 11:16:46] /bc green; Demon Lord Esta Prestes A Atakar
[25/05/2011 11:16:47] /bc green; Demon Lord Esta Prestes A Atakar
[25/05/2011 11:16:47] /bc green; Demon Lord Esta Prestes A Atakar
[25/05/2011 11:16:48] /bc green; Demon Lord Esta Prestes A Atakar
[25/05/2011 11:16:48] /bc green; Demon Lord Esta Prestes A Atakar
[25/05/2011 11:16:49] /bc green; Demon Lord Esta Prestes A Atakar
[25/05/2011 11:16:49] /bc green; Demon Lord Esta Prestes A Atakar
[25/05/2011 11:16:51] /bc green; Demon Lord Esta Prestes A Atakar
[25/05/2011 11:16:51] /bc green; Demon Lord Esta Prestes A Atakar
[25/05/2011 11:16:52] /bc green; Demon Lord Esta Prestes A Atakar
[25/05/2011 11:16:53] /bc green; Demon Lord Esta Prestes A Atakar
[25/05/2011 11:16:55] /bc green; Demon Lord Esta Prestes A Atakar
[25/05/2011 11:17:01] /m demon lord
[25/05/2011 11:17:50] /goto matador de pk
[25/05/2011 11:19:05] /t matador de pk
[25/05/2011 11:19:36] /t
[25/05/2011 12:10:00] /reload config.lua
[25/05/2011 12:14:24] /a 5
[25/05/2011 12:14:46] /a 5
[25/05/2011 12:17:03] /a 10
[25/05/2011 12:17:26] /ghost
[25/05/2011 12:17:28] /c Sir Mystic sorc
[25/05/2011 12:17:47] /c Second Douglas Ak
[25/05/2011 12:18:35] /r
[25/05/2011 12:18:36] /r
[25/05/2011 12:19:12] /goto sir mystic sorc
[25/05/2011 12:19:24] /a 5
[25/05/2011 12:19:28] /a 2
[25/05/2011 12:19:37] /a 2
[25/05/2011 12:19:41] /r
[25/05/2011 12:19:42] /r
[25/05/2011 12:21:40] /a 20
[25/05/2011 12:21:42] /a 20
[25/05/2011 12:24:08] /i 2157
[25/05/2011 12:24:26] /t
[25/05/2011 17:30:59] /ghost
[25/05/2011 17:32:37] /bc green; KEM SABER !BUYVIP E !BUYEPIC GANHA GM
[25/05/2011 17:32:37] /bc green; KEM SABER !BUYVIP E !BUYEPIC GANHA GM
[25/05/2011 17:32:38] /bc green; KEM SABER !BUYVIP E !BUYEPIC GANHA GM
[25/05/2011 17:32:38] /bc green; KEM SABER !BUYVIP E !BUYEPIC GANHA GM
[25/05/2011 17:32:39] /bc green; KEM SABER !BUYVIP E !BUYEPIC GANHA GM
[25/05/2011 17:32:39] /bc green; KEM SABER !BUYVIP E !BUYEPIC GANHA GM
[25/05/2011 17:32:40] /bc green; KEM SABER !BUYVIP E !BUYEPIC GANHA GM
[25/05/2011 17:32:40] /bc green; KEM SABER !BUYVIP E !BUYEPIC GANHA GM
[25/05/2011 17:32:45] /bc green; KEM SABER !BUYVIP E !BUYEPIC GANHA GM
[25/05/2011 17:32:45] /bc green; KEM SABER !BUYVIP E !BUYEPIC GANHA GM
[25/05/2011 17:32:46] /bc green; KEM SABER !BUYVIP E !BUYEPIC GANHA GM
[25/05/2011 17:32:46] /bc green; KEM SABER !BUYVIP E !BUYEPIC GANHA GM
[25/05/2011 17:32:47] /bc green; KEM SABER !BUYVIP E !BUYEPIC GANHA GM
[25/05/2011 17:32:47] /bc green; KEM SABER !BUYVIP E !BUYEPIC GANHA GM
[25/05/2011 17:32:48] /bc green; KEM SABER !BUYVIP E !BUYEPIC GANHA GM
[25/05/2011 17:32:49] /bc green; KEM SABER !BUYVIP E !BUYEPIC GANHA GM
[25/05/2011 17:32:49] /bc green; KEM SABER !BUYVIP E !BUYEPIC GANHA GM
[25/05/2011 17:32:50] /bc green; KEM SABER !BUYVIP E !BUYEPIC GANHA GM
[25/05/2011 17:32:51] /bc green; KEM SABER !BUYVIP E !BUYEPIC GANHA GM
[25/05/2011 17:32:51] /bc green; KEM SABER !BUYVIP E !BUYEPIC GANHA GM
[25/05/2011 17:32:52] /bc green; KEM SABER !BUYVIP E !BUYEPIC GANHA GM
[25/05/2011 17:32:53] /bc green; KEM SABER !BUYVIP E !BUYEPIC GANHA GM
[25/05/2011 17:32:54] /bc green; KEM SABER !BUYVIP E !BUYEPIC GANHA GM
[25/05/2011 17:32:54] /bc green; KEM SABER !BUYVIP E !BUYEPIC GANHA GM
[25/05/2011 17:32:55] /bc green; KEM SABER !BUYVIP E !BUYEPIC GANHA GM
[25/05/2011 17:32:56] /bc green; KEM SABER !BUYVIP E !BUYEPIC GANHA GM
[25/05/2011 17:32:56] /bc green; KEM SABER !BUYVIP E !BUYEPIC GANHA GM
[25/05/2011 17:32:57] /bc green; KEM SABER !BUYVIP E !BUYEPIC GANHA GM
[25/05/2011 17:32:58] /bc green; KEM SABER !BUYVIP E !BUYEPIC GANHA GM
[25/05/2011 17:32:58] /bc green; KEM SABER !BUYVIP E !BUYEPIC GANHA GM
[25/05/2011 17:32:59] /bc green; KEM SABER !BUYVIP E !BUYEPIC GANHA GM
[25/05/2011 17:33:00] /bc green; KEM SABER !BUYVIP E !BUYEPIC GANHA GM
[25/05/2011 17:33:01] /bc green; KEM SABER !BUYVIP E !BUYEPIC GANHA GM
[25/05/2011 17:33:01] /bc green; KEM SABER !BUYVIP E !BUYEPIC GANHA GM
[25/05/2011 17:33:02] /bc green; KEM SABER !BUYVIP E !BUYEPIC GANHA GM
[25/05/2011 17:33:03] /bc green; KEM SABER !BUYVIP E !BUYEPIC GANHA GM
[25/05/2011 17:33:03] /bc green; KEM SABER !BUYVIP E !BUYEPIC GANHA GM
[25/05/2011 17:33:17] /bc green; KEM SABER !BUYVIP E !BUYEPIC GANHA GM
[25/05/2011 17:33:18] /bc green; KEM SABER !BUYVIP E !BUYEPIC GANHA GM
[25/05/2011 17:33:18] /bc green; KEM SABER !BUYVIP E !BUYEPIC GANHA GM
[25/05/2011 17:33:19] /bc green; KEM SABER !BUYVIP E !BUYEPIC GANHA GM
[25/05/2011 17:33:20] /bc green; KEM SABER !BUYVIP E !BUYEPIC GANHA GM
[25/05/2011 17:33:21] /bc green; KEM SABER !BUYVIP E !BUYEPIC GANHA GM
[25/05/2011 17:33:21] /bc green; KEM SABER !BUYVIP E !BUYEPIC GANHA GM
[25/05/2011 17:33:22] /bc green; KEM SABER !BUYVIP E !BUYEPIC GANHA GM
[25/05/2011 17:33:35] /bc green; KEM SABER !buyvip E !buyepic GANHA GM
[25/05/2011 17:33:36] /bc green; KEM SABER !buyvip E !buyepic GANHA GM
[25/05/2011 17:33:37] /bc green; KEM SABER !buyvip E !buyepic GANHA GM
[25/05/2011 17:33:48] /bc green; KEM SABER FAZER O COMANDO !buyvip E !buyepic GANHA GM
[25/05/2011 17:33:49] /bc green; KEM SABER FAZER O COMANDO !buyvip E !buyepic GANHA GM
[25/05/2011 17:33:49] /bc green; KEM SABER FAZER O COMANDO !buyvip E !buyepic GANHA GM
[25/05/2011 17:33:50] /bc green; KEM SABER FAZER O COMANDO !buyvip E !buyepic GANHA GM
[25/05/2011 17:33:50] /bc green; KEM SABER FAZER O COMANDO !buyvip E !buyepic GANHA GM
[25/05/2011 17:33:51] /bc green; KEM SABER FAZER O COMANDO !buyvip E !buyepic GANHA GM
[25/05/2011 17:33:51] /bc green; KEM SABER FAZER O COMANDO !buyvip E !buyepic GANHA GM
[25/05/2011 17:33:52] /bc green; KEM SABER FAZER O COMANDO !buyvip E !buyepic GANHA GM
[25/05/2011 17:33:52] /bc green; KEM SABER FAZER O COMANDO !buyvip E !buyepic GANHA GM
[25/05/2011 17:33:53] /bc green; KEM SABER FAZER O COMANDO !buyvip E !buyepic GANHA GM
[25/05/2011 17:33:53] /bc green; KEM SABER FAZER O COMANDO !buyvip E !buyepic GANHA GM
[25/05/2011 17:33:54] /bc green; KEM SABER FAZER O COMANDO !buyvip E !buyepic GANHA GM
[25/05/2011 17:33:54] /bc green; KEM SABER FAZER O COMANDO !buyvip E !buyepic GANHA GM
[25/05/2011 17:33:54] /bc green; KEM SABER FAZER O COMANDO !buyvip E !buyepic GANHA GM
[25/05/2011 18:40:02] /goto elder mage
[25/05/2011 18:40:12] /ghost
[25/05/2011 18:42:01] /reload spells
[25/05/2011 18:43:35] /t Elder Mage
[25/05/2011 18:44:31] /c Elder Mage
[25/05/2011 18:44:45] /r
[25/05/2011 18:45:12] /r
[25/05/2011 18:45:37] /a 30
[25/05/2011 18:45:40] /a 10
[25/05/2011 18:46:10] /c elder mage
[25/05/2011 18:50:21] /ghost
[25/05/2011 18:50:27] /goto demon sky
[25/05/2011 18:50:36] /goto elder druid
[25/05/2011 18:51:12] /goto elder druid
[25/05/2011 18:51:20] /goto elder mage
[25/05/2011 18:51:22] /goto elder mage
[25/05/2011 18:51:25] /goto elder mage
[25/05/2011 18:51:26] /goto elder mage
[25/05/2011 18:51:33] /t demon sky
[26/05/2011 10:46:52] /unban Account Manager
[26/05/2011 10:59:03] /reload movements
[26/05/2011 10:59:09] /reload talkactions
[26/05/2011 10:59:12] /a 30
[26/05/2011 10:59:14] /a 10
[26/05/2011 10:59:27] /attr action 13540
[26/05/2011 11:00:09] /reload movements
[26/05/2011 11:00:11] /reload talkactions
[26/05/2011 11:00:59] /reload talkactions
[26/05/2011 11:01:57] /reload talkactions
[26/05/2011 11:02:13] /reload talkactions
[26/05/2011 11:02:42] /reload talkactions
[26/05/2011 11:06:37] /reload talkactions
[26/05/2011 11:07:15] /reload movements
[26/05/2011 11:07:33] /attr action 13767
[26/05/2011 11:08:21] /ghost
[26/05/2011 11:11:13] /r
[26/05/2011 11:11:14] /r
[26/05/2011 11:12:08] /c Bestaa
[26/05/2011 11:12:26] /r
[26/05/2011 11:12:27] /r
[26/05/2011 11:16:31] /a 55
[26/05/2011 11:16:34] /a 10
[26/05/2011 11:17:27] /reload movements
[26/05/2011 11:17:33] /reload talkactions
[26/05/2011 11:18:09] /goto maggot
[26/05/2011 11:26:29] /i 2296
[26/05/2011 11:26:36] /i 2299
[26/05/2011 11:26:45] /i 10026
[26/05/2011 11:27:00] /i 10064
[26/05/2011 11:27:23] /t Mage Rulesz aki
[26/05/2011 11:28:50] /t elder mage
[26/05/2011 11:29:53] /up
[26/05/2011 11:29:54] /up
[26/05/2011 11:29:55] /up
[26/05/2011 11:29:57] /c Bruno
[26/05/2011 11:37:15] /addskill Bruno,level,20000
[26/05/2011 11:37:22] /addskill Bruno,level,10000
[26/05/2011 11:37:48] /t bruno
[26/05/2011 11:37:48] /t
[26/05/2011 11:38:36] /r
[26/05/2011 11:38:36] /r
[26/05/2011 11:40:30] /m demon lord
[26/05/2011 11:47:08] /ban Emo Fdp
[26/05/2011 11:47:18] /r
[26/05/2011 11:53:06] /reload movements
[26/05/2011 11:53:15] /a 55
[26/05/2011 11:53:17] /a 10
[26/05/2011 11:53:25] /i 2137
[26/05/2011 11:54:09] /reload talkactions
[26/05/2011 11:54:12] /reload movements
[26/05/2011 11:54:26] /reload talkactions
[26/05/2011 11:54:31] /i 2137
[26/05/2011 11:56:03] /reload talkactions
[26/05/2011 11:57:06] /reload talkactions
[26/05/2011 11:57:35] /reload talkactions
[26/05/2011 11:58:03] /reload talkactions
[26/05/2011 12:05:45] /i ice sword
[26/05/2011 12:11:25] /reload talkactions
[26/05/2011 17:51:06] /ghost
[26/05/2011 19:02:31] /r
[26/05/2011 19:37:24] /reload monster
[26/05/2011 19:38:59] /reload monster
[26/05/2011 19:39:48] /reload spells
[26/05/2011 19:42:08] /reload spells
[26/05/2011 19:42:12] /reload monster
[26/05/2011 19:44:54] /i 2160
[26/05/2011 19:45:05] /t
[27/05/2011 09:43:45] /r
[27/05/2011 09:43:47] /r
[27/05/2011 09:53:02] /goto bruno
[27/05/2011 09:54:17] /ghost
[27/05/2011 09:58:25] /reload monster
[27/05/2011 09:59:35] /m exp bug
[27/05/2011 09:59:40] /m exp bug
[27/05/2011 09:59:40] /m exp bug
[27/05/2011 09:59:41] /m exp bug
[27/05/2011 10:00:33] /reload spells
[27/05/2011 10:00:36] /m clasus
[27/05/2011 10:00:47] /reload spells
[27/05/2011 10:02:06] /attr health 200000
[27/05/2011 10:02:32] /reload spells
[27/05/2011 10:02:48] /m clasus
[27/05/2011 10:03:03] /reload spells
[27/05/2011 10:03:20] /reload spells
[27/05/2011 10:03:22] /m clasus
[27/05/2011 10:04:24] /goto bruno
[27/05/2011 10:05:13] /reload spells
[27/05/2011 10:05:26] /reload spells
[27/05/2011 10:06:00] /reload spells
[27/05/2011 10:06:14] /reload spells
[27/05/2011 10:06:32] /a
[27/05/2011 10:06:46] /attr attack 6750
[27/05/2011 10:06:55] /attr defense 5500
[27/05/2011 10:07:13] /i 2707
[27/05/2011 10:07:16] /r
[27/05/2011 10:07:24] /i 7407
[27/05/2011 10:08:17] /a 55
[27/05/2011 10:08:20] /a 10
[27/05/2011 10:08:21] /a 10
[27/05/2011 10:08:22] /a 10
[27/05/2011 10:08:25] /a 5
[27/05/2011 10:09:27] /t
[27/05/2011 10:09:49] /bc green; Demon Lord Esta Prester ATAKAR
[27/05/2011 10:09:51] /bc green; Demon Lord Esta Prester ATAKAR
[27/05/2011 10:09:51] /bc green; Demon Lord Esta Prester ATAKAR
[27/05/2011 10:09:52] /bc green; Demon Lord Esta Prester ATAKAR
[27/05/2011 10:09:53] /bc green; Demon Lord Esta Prester ATAKAR
[27/05/2011 10:10:03] /m demon lord
[27/05/2011 10:10:54] /m yalahari
[27/05/2011 10:10:56] /r
[27/05/2011 10:11:08] /m ice lord
[27/05/2011 10:11:14] /r
[27/05/2011 10:11:17] /r
[27/05/2011 10:11:42] /r
[27/05/2011 10:12:04] /r
[27/05/2011 10:12:05] /r
[27/05/2011 10:12:06] /r
[27/05/2011 10:12:44] /i 4542
[27/05/2011 10:12:46] /r
[27/05/2011 10:12:48] /r
[27/05/2011 10:12:49] /r
[27/05/2011 10:12:51] /r
[27/05/2011 10:12:53] /r
[27/05/2011 10:12:55] /r
[27/05/2011 10:13:14] /m mulher maravilha
[27/05/2011 10:13:20] /r
[27/05/2011 10:13:21] /r
[27/05/2011 10:13:22] /r
[27/05/2011 10:13:40] /i 430
[27/05/2011 10:14:12] /c bruno
[27/05/2011 10:14:13] /c bruno
[27/05/2011 10:14:16] /c bruno
[27/05/2011 10:14:19] /c bruno
[27/05/2011 10:14:21] /a
[27/05/2011 10:14:22] /a
[27/05/2011 10:15:10] /reload spells
[27/05/2011 10:17:01] /reload spells
[27/05/2011 10:17:49] /reload spells
[27/05/2011 10:18:21] /reload spells
[27/05/2011 10:18:55] /a
[27/05/2011 10:18:56] /a
[27/05/2011 10:19:08] /mc
[27/05/2011 10:19:11] /a
[27/05/2011 10:19:14] /a 3
[27/05/2011 10:20:44] /reload spells
[27/05/2011 10:22:13] /a
[27/05/2011 10:22:14] /a
[27/05/2011 10:22:15] /a
[27/05/2011 10:22:17] /a
[27/05/2011 10:22:22] /m training monk
[27/05/2011 10:22:24] /m training monk
[27/05/2011 10:22:26] /ghost
[27/05/2011 10:22:27] /m training monk
[27/05/2011 10:22:28] /ghost
[27/05/2011 10:22:29] /a
[27/05/2011 10:22:32] /a
[27/05/2011 10:22:33] /a
[27/05/2011 10:24:26] /reload spells
[27/05/2011 10:25:44] /reload spells
[27/05/2011 10:26:10] /reload spells
[27/05/2011 10:26:43] /reload spells
[27/05/2011 10:27:04] /reload spells
[27/05/2011 10:27:16] /reload spells
[27/05/2011 10:27:37] /reload spells
[27/05/2011 10:28:05] /reload spells
[27/05/2011 10:29:26] /reload spells
[27/05/2011 10:29:46] /reload spells
[27/05/2011 10:35:04] /ban Lucas Sou Fosa
[27/05/2011 10:35:07] /r
[27/05/2011 10:36:58] /c bruno
[27/05/2011 10:38:39] /ban lol cuzao
[27/05/2011 10:38:40] /r
[27/05/2011 10:40:49] /goto bruno
[27/05/2011 10:41:06] /a 5
[27/05/2011 10:42:35] /goto bruno
[27/05/2011 10:59:46] /goto Julia I
[27/05/2011 11:00:11] /t
[27/05/2011 11:00:42] /goto adidas
[27/05/2011 11:00:50] /goto adidas
[27/05/2011 11:01:28] /r
[27/05/2011 11:01:30] /r
[27/05/2011 11:03:10] /goto adidas
[27/05/2011 11:03:38] /t
[27/05/2011 11:04:28] /a 55
[27/05/2011 11:04:31] /a 10
[27/05/2011 11:07:44] /i 2152
[27/05/2011 11:11:18] /a 5
[27/05/2011 11:11:26] /a 30
[27/05/2011 11:11:28] /a 10
[27/05/2011 11:15:14] /i 2157
[27/05/2011 11:15:52] /i scarab coins
[27/05/2011 11:15:55] /i scarab coins
[27/05/2011 11:15:58] /i scarab coin
[27/05/2011 11:21:46] /reload action
[27/05/2011 11:25:55] /reload ations
[27/05/2011 11:25:57] /reload ation
[27/05/2011 11:26:04] /reload action
[27/05/2011 11:30:35] /b trokando epic
[27/05/2011 11:30:36] /b trokando epic
[27/05/2011 11:30:45] /b trokando epic
[27/05/2011 11:30:47] /b trokando epic
[27/05/2011 11:30:52] /b trokando epic
[27/05/2011 11:30:52] /b trokando epic
[27/05/2011 11:30:53] /b trokando epic
[27/05/2011 11:30:53] /b trokando epic
[27/05/2011 11:30:59] /b trokando epic
[27/05/2011 11:31:00] /b trokando epic
[27/05/2011 11:31:01] /b trokando epic
[27/05/2011 11:31:02] /b trokando epic
[27/05/2011 11:31:03] /b trokando epic
[27/05/2011 11:31:04] /b trokando epic
[27/05/2011 11:31:05] /b trokando epic
[27/05/2011 11:31:19] /b PORRA SEIS TAO IRRITANDO AGR VEM PEGAR EPIC CARALHO
[27/05/2011 11:31:24] /b TO ESPERANDO
[27/05/2011 11:31:28] /b K7
[27/05/2011 11:31:31] /r
[27/05/2011 11:31:32] /r
[27/05/2011 11:31:59] /t Epic Knight
[27/05/2011 11:32:48] /t
[27/05/2011 11:33:30] /b trokando epic
[27/05/2011 11:34:08] /r
[27/05/2011 11:34:21] /bc green; GALERA NAO FALA !BUYEPIC COM O GOLDEN FRUITS PQ SE NAO VAI PERDER E NAO VAI GANHAR EPIC
[27/05/2011 11:34:21] /bc green; GALERA NAO FALA !BUYEPIC COM O GOLDEN FRUITS PQ SE NAO VAI PERDER E NAO VAI GANHAR EPIC
[27/05/2011 11:34:21] /bc green; GALERA NAO FALA !BUYEPIC COM O GOLDEN FRUITS PQ SE NAO VAI PERDER E NAO VAI GANHAR EPIC
[27/05/2011 11:34:21] /bc green; GALERA NAO FALA !BUYEPIC COM O GOLDEN FRUITS PQ SE NAO VAI PERDER E NAO VAI GANHAR EPIC
[27/05/2011 11:34:21] /bc green; GALERA NAO FALA !BUYEPIC COM O GOLDEN FRUITS PQ SE NAO VAI PERDER E NAO VAI GANHAR EPIC
[27/05/2011 11:34:22] /bc green; GALERA NAO FALA !BUYEPIC COM O GOLDEN FRUITS PQ SE NAO VAI PERDER E NAO VAI GANHAR EPIC
[27/05/2011 11:34:22] /bc green; GALERA NAO FALA !BUYEPIC COM O GOLDEN FRUITS PQ SE NAO VAI PERDER E NAO VAI GANHAR EPIC
[27/05/2011 11:34:22] /bc green; GALERA NAO FALA !BUYEPIC COM O GOLDEN FRUITS PQ SE NAO VAI PERDER E NAO VAI GANHAR EPIC
[27/05/2011 11:34:22] /bc green; GALERA NAO FALA !BUYEPIC COM O GOLDEN FRUITS PQ SE NAO VAI PERDER E NAO VAI GANHAR EPIC
[27/05/2011 11:34:22] /bc green; GALERA NAO FALA !BUYEPIC COM O GOLDEN FRUITS PQ SE NAO VAI PERDER E NAO VAI GANHAR EPIC
[27/05/2011 11:34:22] /bc green; GALERA NAO FALA !BUYEPIC COM O GOLDEN FRUITS PQ SE NAO VAI PERDER E NAO VAI GANHAR EPIC
[27/05/2011 11:34:22] /bc green; GALERA NAO FALA !BUYEPIC COM O GOLDEN FRUITS PQ SE NAO VAI PERDER E NAO VAI GANHAR EPIC
[27/05/2011 11:34:22] /bc green; GALERA NAO FALA !BUYEPIC COM O GOLDEN FRUITS PQ SE NAO VAI PERDER E NAO VAI GANHAR EPIC
[27/05/2011 11:34:22] /bc green; GALERA NAO FALA !BUYEPIC COM O GOLDEN FRUITS PQ SE NAO VAI PERDER E NAO VAI GANHAR EPIC
[27/05/2011 11:34:22] /bc green; GALERA NAO FALA !BUYEPIC COM O GOLDEN FRUITS PQ SE NAO VAI PERDER E NAO VAI GANHAR EPIC
[27/05/2011 11:34:22] /bc green; GALERA NAO FALA !BUYEPIC COM O GOLDEN FRUITS PQ SE NAO VAI PERDER E NAO VAI GANHAR EPIC
[27/05/2011 11:34:22] /bc green; GALERA NAO FALA !BUYEPIC COM O GOLDEN FRUITS PQ SE NAO VAI PERDER E NAO VAI GANHAR EPIC
[27/05/2011 11:34:22] /bc green; GALERA NAO FALA !BUYEPIC COM O GOLDEN FRUITS PQ SE NAO VAI PERDER E NAO VAI GANHAR EPIC
[27/05/2011 11:34:23] /bc green; GALERA NAO FALA !BUYEPIC COM O GOLDEN FRUITS PQ SE NAO VAI PERDER E NAO VAI GANHAR EPIC
[27/05/2011 11:34:23] /bc green; GALERA NAO FALA !BUYEPIC COM O GOLDEN FRUITS PQ SE NAO VAI PERDER E NAO VAI GANHAR EPIC
[27/05/2011 11:34:23] /bc green; GALERA NAO FALA !BUYEPIC COM O GOLDEN FRUITS PQ SE NAO VAI PERDER E NAO VAI GANHAR EPIC
[27/05/2011 11:34:23] /bc green; GALERA NAO FALA !BUYEPIC COM O GOLDEN FRUITS PQ SE NAO VAI PERDER E NAO VAI GANHAR EPIC
[27/05/2011 11:34:23] /bc green; GALERA NAO FALA !BUYEPIC COM O GOLDEN FRUITS PQ SE NAO VAI PERDER E NAO VAI GANHAR EPIC
[27/05/2011 11:34:23] /bc green; GALERA NAO FALA !BUYEPIC COM O GOLDEN FRUITS PQ SE NAO VAI PERDER E NAO VAI GANHAR EPIC
[27/05/2011 11:34:23] /bc green; GALERA NAO FALA !BUYEPIC COM O GOLDEN FRUITS PQ SE NAO VAI PERDER E NAO VAI GANHAR EPIC
[27/05/2011 11:34:23] /bc green; GALERA NAO FALA !BUYEPIC COM O GOLDEN FRUITS PQ SE NAO VAI PERDER E NAO VAI GANHAR EPIC
[27/05/2011 11:34:23] /bc green; GALERA NAO FALA !BUYEPIC COM O GOLDEN FRUITS PQ SE NAO VAI PERDER E NAO VAI GANHAR EPIC
[27/05/2011 11:34:23] /bc green; GALERA NAO FALA !BUYEPIC COM O GOLDEN FRUITS PQ SE NAO VAI PERDER E NAO VAI GANHAR EPIC
[27/05/2011 11:34:23] /bc green; GALERA NAO FALA !BUYEPIC COM O GOLDEN FRUITS PQ SE NAO VAI PERDER E NAO VAI GANHAR EPIC
[27/05/2011 11:34:23] /bc green; GALERA NAO FALA !BUYEPIC COM O GOLDEN FRUITS PQ SE NAO VAI PERDER E NAO VAI GANHAR EPIC
[27/05/2011 11:34:50] /a
[27/05/2011 11:35:20] /r
[27/05/2011 11:35:36] /i 1687
[27/05/2011 11:35:38] /i 1689
[27/05/2011 11:35:50] /i 1697
[27/05/2011 11:35:54] /r
[27/05/2011 11:35:58] /i 1699
[27/05/2011 11:36:06] /a 2
[27/05/2011 11:36:23] /a
[27/05/2011 11:36:25] /a
[27/05/2011 11:36:32] /r
[27/05/2011 11:36:33] /r
[27/05/2011 11:36:42] /a 2
[27/05/2011 11:37:16] /t
[27/05/2011 11:39:48] /c julia sz
[27/05/2011 11:42:26] /reload spells
[27/05/2011 11:47:03] /bc green; Estao Todos Prontos Para Orarmos
[27/05/2011 11:47:05] /bc green; Estao Todos Prontos Para Orarmos
[27/05/2011 11:47:05] /bc green; Estao Todos Prontos Para Orarmos
[27/05/2011 11:47:06] /bc green; Estao Todos Prontos Para Orarmos
[27/05/2011 11:47:06] /bc green; Estao Todos Prontos Para Orarmos
[27/05/2011 11:47:10] /bc green; Estao Todos Prontos Para Orarmos?
[27/05/2011 11:47:12] /bc green; Estao Todos Prontos Para Orarmos?
[27/05/2011 11:47:12] /bc green; Estao Todos Prontos Para Orarmos?
[27/05/2011 11:47:13] /bc green; Estao Todos Prontos Para Orarmos?
[27/05/2011 11:47:13] /bc green; Estao Todos Prontos Para Orarmos?
[27/05/2011 11:47:14] /bc green; Estao Todos Prontos Para Orarmos?
[27/05/2011 11:47:20] /bc green; tibia nosso que estais na interner, vem a nos o vosso vicio, Seja feita a vossa quest, Assim em carlin como em venore. A uh nossa de cada dia Perdoai as nossas pkalizaçoes, que nao deixe cair em trap, Livraimos do lag... AMEN
[27/05/2011 11:47:46] /mc
[27/05/2011 11:47:55] /goto Bruno
[27/05/2011 11:48:16] /goto epicknight
[27/05/2011 11:48:20] /goto epic knight
[27/05/2011 11:48:22] /t
[27/05/2011 11:52:32] /mc
[27/05/2011 17:47:41] /r
[27/05/2011 17:47:41] /r
[27/05/2011 17:48:26] /i 2199
[27/05/2011 17:49:27] /i 2196
[27/05/2011 17:49:32] /i 2999
[27/05/2011 17:50:02] /i 2296
[27/05/2011 17:50:04] /i 2299
[27/05/2011 17:58:48] /unban amarus
[27/05/2011 17:59:43] /mc
[27/05/2011 18:03:39] /unban Palazin
[27/05/2011 18:04:15] /ban Account Manager
[27/05/2011 18:04:18] /kick Account Manager
[27/05/2011 18:04:22] /kick Account Manager
[27/05/2011 18:04:23] /kick Account Manager
[27/05/2011 18:04:23] /kick Account Manager
[27/05/2011 18:04:24] /kick Account Manager
[27/05/2011 18:04:24] /kick Account Manager
[27/05/2011 18:04:28] /r
[27/05/2011 18:04:28] /r
[27/05/2011 18:04:29] /r
[27/05/2011 18:04:30] /r
[27/05/2011 18:04:30] /r
[27/05/2011 18:04:31] /r
[27/05/2011 18:04:32] /r
[27/05/2011 18:04:32] /r
[27/05/2011 18:04:33] /r
[27/05/2011 18:04:34] /r
[27/05/2011 18:04:34] /r
[27/05/2011 18:04:35] /r
[27/05/2011 18:04:35] /r
[27/05/2011 18:04:36] /r
[27/05/2011 18:04:36] /r
[27/05/2011 18:04:37] /r
[27/05/2011 18:24:00] /goto demon sky
[27/05/2011 18:24:01] /goto demon sky
[27/05/2011 18:24:54] /t
[27/05/2011 22:09:42] /b trokando epic
[27/05/2011 22:09:45] /b trokando epic
[27/05/2011 22:09:45] /b trokando epic
[27/05/2011 22:10:03] /r
[27/05/2011 22:10:04] /r
[27/05/2011 22:10:25] /r
[27/05/2011 22:10:26] /r
[27/05/2011 22:11:04] /r
[27/05/2011 22:11:04] /r
[27/05/2011 22:12:04] /r
[27/05/2011 22:12:04] /r
[27/05/2011 22:12:07] /mc
[27/05/2011 22:12:18] /goto Amarus
[27/05/2011 22:12:51] /goto Super Man
[27/05/2011 22:15:01] /reload monster
[27/05/2011 22:15:16] /mc
[27/05/2011 22:15:24] /mc
[27/05/2011 22:16:57] /reload monster
[27/05/2011 22:17:09] /goto paulo
[27/05/2011 22:17:11] /goto paulo
[27/05/2011 22:19:09] /up
[27/05/2011 22:19:10] /a
[27/05/2011 22:19:11] /a
[27/05/2011 22:19:13] /up
[27/05/2011 22:19:17] /c paulo
[27/05/2011 22:19:46] /i 2160
[27/05/2011 22:20:21] /i blue backpack
[27/05/2011 22:20:35] /i blue backpack
[27/05/2011 22:21:06] /i amulet of loss
[27/05/2011 22:21:06] /i amulet of loss
[27/05/2011 22:21:07] /i amulet of loss
[27/05/2011 22:21:08] /i amulet of loss
[27/05/2011 22:21:08] /i amulet of loss
[27/05/2011 22:21:15] /i amulet of loss
[27/05/2011 22:21:16] /i amulet of loss
[27/05/2011 22:21:19] /i amulet of loss
[27/05/2011 22:21:20] /i amulet of loss
[27/05/2011 22:21:21] /i amulet of loss
[27/05/2011 22:21:21] /i amulet of loss
[27/05/2011 22:21:21] /i amulet of loss
[27/05/2011 22:21:22] /i amulet of loss
[27/05/2011 22:21:22] /i amulet of loss
[27/05/2011 22:21:23] /i amulet of loss
[27/05/2011 22:21:23] /i amulet of loss
[27/05/2011 22:21:23] /i amulet of loss
[27/05/2011 22:21:24] /i amulet of loss
[27/05/2011 22:21:24] /i amulet of loss
[27/05/2011 22:21:25] /i amulet of loss
[27/05/2011 22:21:25] /i amulet of loss
[27/05/2011 22:21:26] /i amulet of loss
[27/05/2011 22:21:27] /i blue backpack
[27/05/2011 22:21:30] /i blue backpack
[27/05/2011 22:21:30] /i blue backpack
[27/05/2011 22:21:30] /i blue backpack
[27/05/2011 22:21:38] /i amulet of loss
[27/05/2011 22:21:39] /i amulet of loss
[27/05/2011 22:21:39] /i amulet of loss
[27/05/2011 22:21:40] /i amulet of loss
[27/05/2011 22:21:40] /i amulet of loss
[27/05/2011 22:21:41] /i amulet of loss
[27/05/2011 22:21:42] /i amulet of loss
[27/05/2011 22:21:42] /i amulet of loss
[27/05/2011 22:21:43] /i amulet of loss
[27/05/2011 22:21:43] /i amulet of loss
[27/05/2011 22:21:44] /i amulet of loss
[27/05/2011 22:21:44] /i amulet of loss
[27/05/2011 22:21:45] /i amulet of loss
[27/05/2011 22:21:45] /i amulet of loss
[27/05/2011 22:21:46] /i amulet of loss
[27/05/2011 22:21:46] /i amulet of loss
[27/05/2011 22:21:47] /i amulet of loss
[27/05/2011 22:21:47] /i amulet of loss
[27/05/2011 22:21:48] /i amulet of loss
[27/05/2011 22:21:50] /i amulet of loss
[27/05/2011 22:21:50] /i amulet of loss
[27/05/2011 22:21:51] /i amulet of loss
[27/05/2011 22:21:51] /i amulet of loss
[27/05/2011 22:21:52] /i amulet of loss
[27/05/2011 22:22:04] /i amulet of loss
[27/05/2011 22:22:13] /r
[27/05/2011 22:22:15] /i amulet of loss
[27/05/2011 22:22:16] /i amulet of loss
[27/05/2011 22:22:17] /i amulet of loss
[27/05/2011 22:22:17] /i amulet of loss
[27/05/2011 22:22:17] /i amulet of loss
[27/05/2011 22:22:18] /i amulet of loss
[27/05/2011 22:22:18] /i amulet of loss
[27/05/2011 22:22:19] /i amulet of loss
[27/05/2011 22:22:19] /i amulet of loss
[27/05/2011 22:22:19] /i amulet of loss
[27/05/2011 22:22:20] /i amulet of loss
[27/05/2011 22:22:20] /i amulet of loss
[27/05/2011 22:22:21] /i amulet of loss
[27/05/2011 22:22:22] /i amulet of loss
[27/05/2011 22:22:22] /i amulet of loss
[27/05/2011 22:22:23] /i amulet of loss
[27/05/2011 22:22:24] /i amulet of loss
[27/05/2011 22:22:25] /r
[27/05/2011 22:22:26] /r
[27/05/2011 22:22:27] /i amulet of loss
[27/05/2011 22:22:28] /i amulet of loss
[27/05/2011 22:22:28] /i amulet of loss
[27/05/2011 22:22:29] /i amulet of loss
[27/05/2011 22:22:30] /i amulet of loss
[27/05/2011 22:22:31] /i amulet of loss
[27/05/2011 22:22:31] /i amulet of loss
[27/05/2011 22:22:37] /i amulet of loss
[27/05/2011 22:22:37] /i amulet of loss
[27/05/2011 22:22:37] /i amulet of loss
[27/05/2011 22:22:37] /i amulet of loss
[27/05/2011 22:22:37] /i amulet of loss
[27/05/2011 22:22:37] /i amulet of loss
[27/05/2011 22:22:38] /i amulet of loss
[27/05/2011 22:22:38] /i amulet of loss
[27/05/2011 22:22:38] /i amulet of loss
[27/05/2011 22:22:38] /i amulet of loss
[27/05/2011 22:22:39] /i amulet of loss
[27/05/2011 22:22:39] /i amulet of loss
[27/05/2011 22:22:39] /i amulet of loss
[27/05/2011 22:22:39] /i amulet of loss
[27/05/2011 22:22:41] /i amulet of loss
[27/05/2011 22:22:41] /i amulet of loss
[27/05/2011 22:22:41] /i amulet of loss
[27/05/2011 22:22:41] /i amulet of loss
[27/05/2011 22:22:41] /i amulet of loss
[27/05/2011 22:22:41] /i amulet of loss
[27/05/2011 22:22:41] /i amulet of loss
[27/05/2011 22:22:41] /i amulet of loss
[27/05/2011 22:22:41] /i amulet of loss
[27/05/2011 22:22:57] /i amulet of loss
[27/05/2011 22:23:02] /i amulet of loss
[27/05/2011 22:23:05] /i amulet of loss
[27/05/2011 22:23:07] /i amulet of loss
[27/05/2011 22:23:10] /i amulet of loss
[27/05/2011 22:23:11] /i amulet of loss
[27/05/2011 22:23:16] /i amulet of loss
[27/05/2011 22:23:21] /i amulet of loss
[27/05/2011 22:23:22] /i amulet of loss
[27/05/2011 22:25:09] /i 2492
[27/05/2011 22:25:15] /i 2496
[27/05/2011 22:25:21] /i 2469
[27/05/2011 22:25:41] /i 7892
[27/05/2011 22:25:54] /i 2501
[27/05/2011 22:26:00] /i 2542
[27/05/2011 22:26:32] /i 2296
[27/05/2011 22:26:36] /i 2299
[27/05/2011 22:28:19] /goto harry potter
[27/05/2011 22:28:30] /c 
[27/05/2011 22:28:35] /c Harry Potter
[27/05/2011 22:28:42] /m exp bug
[27/05/2011 22:28:43] /m exp bug
[27/05/2011 22:28:44] /m exp bug
[27/05/2011 22:28:44] /m exp bug
[27/05/2011 22:28:45] /m exp bug
[27/05/2011 22:28:47] /m exp bug
[27/05/2011 22:28:49] /m exp bug
[27/05/2011 22:28:50] /m exp bug
[27/05/2011 22:28:53] /m exp bug
[27/05/2011 22:28:58] /r
[27/05/2011 22:28:59] /r
[27/05/2011 22:29:00] /r
[27/05/2011 22:29:01] /r
[27/05/2011 22:29:03] /r
[27/05/2011 22:29:04] /r
[27/05/2011 22:29:05] /r
[27/05/2011 22:29:06] /r
[27/05/2011 22:29:06] /r
[27/05/2011 22:29:07] /r
[27/05/2011 22:29:20] /goto paulo
[27/05/2011 22:30:00] /i blue backpack
[27/05/2011 22:30:02] /i blue backpack
[27/05/2011 22:30:07] /i ice helme
[27/05/2011 22:30:08] /i ice helmet
[27/05/2011 22:32:34] /i ice armor
[27/05/2011 22:32:40] /i ice legs
[27/05/2011 22:32:45] /i ice boots
[27/05/2011 22:32:50] /i ice shield
[27/05/2011 22:33:01] /i 7407
[27/05/2011 22:33:47] /i /i 2299
[27/05/2011 22:33:52] /i 2299
[27/05/2011 22:34:05] /i 2296
[27/05/2011 22:34:51] /i 2202
[27/05/2011 22:35:30] /i amulet of loss
[27/05/2011 22:37:19] /m homen aranha
[27/05/2011 22:37:33] /m clasus
[27/05/2011 22:38:05] /i 10064
[27/05/2011 22:38:07] /i 10064
[27/05/2011 22:38:25] /r
[27/05/2011 22:38:25] /r
[27/05/2011 22:38:27] /r
[27/05/2011 22:39:23] /c paulo
[27/05/2011 22:40:39] /m clasus
[27/05/2011 22:40:40] /m clasus
[27/05/2011 22:40:40] /m clasus
[27/05/2011 22:40:41] /m clasus
[27/05/2011 22:40:41] /m clasus
[27/05/2011 22:40:41] /m clasus
[27/05/2011 22:40:56] /r
[27/05/2011 22:40:57] /r
[27/05/2011 22:40:58] /r
[27/05/2011 22:40:59] /r
[27/05/2011 22:41:00] /r
[27/05/2011 22:41:01] /r
[27/05/2011 22:41:02] /r
[27/05/2011 22:41:04] /r
[27/05/2011 22:41:05] /r
[27/05/2011 22:41:06] /r
[27/05/2011 22:41:07] /r
[27/05/2011 22:41:07] /r
[27/05/2011 22:41:08] /r
[27/05/2011 22:41:09] /r
[27/05/2011 22:41:12] /r
[27/05/2011 22:41:14] /r
[27/05/2011 22:41:15] /r
[27/05/2011 22:42:24] /t
[27/05/2011 22:43:40] /r
[27/05/2011 22:43:40] /r
[27/05/2011 22:45:37] /t Pala Da Pohha
[27/05/2011 22:46:17] /t Pala Da Pohha
[27/05/2011 22:46:18] /a
[27/05/2011 22:47:32] /goto paulo
[27/05/2011 22:48:16] /a 3
[27/05/2011 22:49:51] /a 3
[27/05/2011 22:49:54] /a 3
[27/05/2011 22:51:35] /t Paladedistancefull
[27/05/2011 22:51:57] /c paulo
[27/05/2011 22:55:17] /t
[27/05/2011 22:55:40] /mc
[27/05/2011 22:55:48] /ghost
[27/05/2011 22:55:51] /b TIREM MC
[27/05/2011 22:55:56] /b 1.....
[27/05/2011 22:56:01] /b 2.....
[27/05/2011 22:56:05] /b 3
[27/05/2011 22:56:08] /mc
[27/05/2011 22:56:16] /goto lord kill
[27/05/2011 22:56:23] /mc
[27/05/2011 23:07:08] /mc
[28/05/2011 13:33:48] /goto [Tutor] Harry Potter
[28/05/2011 13:33:54] /t
[28/05/2011 13:33:55] /mc
[28/05/2011 13:43:07] /goto [Tutor] Harry Potter
[28/05/2011 13:43:12] /goto bruno
[28/05/2011 13:43:15] /goto bruno
[28/05/2011 13:44:46] /i dracon scale armor
[28/05/2011 13:44:51] /i dragon scale armor
[28/05/2011 14:19:53] /t
[28/05/2011 14:20:06] /goto [GM] Eduardo
[28/05/2011 14:20:33] /goto [GM] Eduardo
[28/05/2011 14:20:36] /goto [GM] Eduardo
[28/05/2011 14:20:46] /goto mage of black
[28/05/2011 14:20:59] /goto mage of black
[28/05/2011 14:21:09] /t
[28/05/2011 14:25:28] /goto mage of black
[28/05/2011 14:26:49] /goto mage of black
[28/05/2011 14:27:10] /goto mage of black
[28/05/2011 14:27:19] /goto mage of black
[28/05/2011 14:31:53] /goto mage of black
[28/05/2011 14:32:40] /r
[28/05/2011 14:32:41] /r
[28/05/2011 14:32:47] /t
[28/05/2011 14:36:51] /mc
[28/05/2011 15:12:27] /unban account manager
[28/05/2011 15:12:40] /ghost
[28/05/2011 15:14:09] /mc
[28/05/2011 15:17:29] /up
[28/05/2011 15:17:30] /up
[28/05/2011 15:17:31] /c Pally Of Mal
[28/05/2011 15:17:32] /c Pally Of Mal
[28/05/2011 15:17:34] /c Pally Of Mal
[28/05/2011 15:23:51] /c Pally Of Mal
[28/05/2011 15:23:52] /c Pally Of Mal
[28/05/2011 15:23:52] /c Pally Of Mal
[28/05/2011 15:23:53] /c Pally Of Mal
[28/05/2011 15:23:53] /c Pally Of Mal
[28/05/2011 15:23:54] /c Pally Of Mal
[28/05/2011 15:24:01] /c Pally Of Mal
[28/05/2011 15:24:02] /c Pally Of Mal
[28/05/2011 15:24:02] /c Pally Of Mal
[28/05/2011 15:24:02] /c Pally Of Mal
[28/05/2011 15:24:02] /c Pally Of Mal
[28/05/2011 15:24:02] /c Pally Of Mal
[28/05/2011 15:24:02] /c Pally Of Mal
[28/05/2011 15:24:02] /c Pally Of Mal
[28/05/2011 15:24:02] /c Pally Of Mal
[28/05/2011 15:24:02] /c Pally Of Mal
[28/05/2011 15:24:02] /c Pally Of Mal
[28/05/2011 15:24:02] /c Pally Of Mal
[28/05/2011 15:24:02] /c Pally Of Mal
[28/05/2011 15:24:02] /c Pally Of Mal
[28/05/2011 15:24:02] /c Pally Of Mal
[28/05/2011 15:24:02] /c Pally Of Mal
[28/05/2011 15:24:02] /c Pally Of Mal
[28/05/2011 15:24:02] /c Pally Of Mal
[28/05/2011 15:24:02] /c Pally Of Mal
[28/05/2011 15:24:03] /c Pally Of Mal
[28/05/2011 15:24:03] /c Pally Of Mal
[28/05/2011 15:24:03] /c Pally Of Mal
[28/05/2011 15:24:03] /c Pally Of Mal
[28/05/2011 15:24:03] /c Pally Of Mal
[28/05/2011 15:24:03] /c Pally Of Mal
[28/05/2011 15:24:03] /c Pally Of Mal
[28/05/2011 15:24:03] /c Pally Of Mal
[28/05/2011 15:24:03] /c Pally Of Mal
[28/05/2011 15:24:03] /c Pally Of Mal
[28/05/2011 15:24:03] /c Pally Of Mal
[28/05/2011 15:24:03] /c Pally Of Mal
[28/05/2011 15:24:03] /c Pally Of Mal
[28/05/2011 15:24:03] /c Pally Of Mal
[28/05/2011 15:24:03] /c Pally Of Mal
[28/05/2011 15:24:04] /c Pally Of Mal
[28/05/2011 15:24:04] /c Pally Of Mal
[28/05/2011 15:24:04] /c Pally Of Mal
[28/05/2011 15:24:04] /c Pally Of Mal
[28/05/2011 15:24:04] /c Pally Of Mal
[28/05/2011 15:24:04] /c Pally Of Mal
[28/05/2011 15:24:04] /c Pally Of Mal
[28/05/2011 15:24:04] /c Pally Of Mal
[28/05/2011 15:24:04] /c Pally Of Mal
[28/05/2011 15:24:04] /c Pally Of Mal
[28/05/2011 15:24:04] /c Pally Of Mal
[28/05/2011 15:24:04] /c Pally Of Mal
[28/05/2011 15:24:04] /c Pally Of Mal
[28/05/2011 15:24:04] /c Pally Of Mal
[28/05/2011 15:24:04] /c Pally Of Mal
[28/05/2011 15:24:04] /c Pally Of Mal
[28/05/2011 15:24:04] /c Pally Of Mal
[28/05/2011 15:24:04] /c Pally Of Mal
[28/05/2011 15:24:04] /c Pally Of Mal
[28/05/2011 15:24:04] /c Pally Of Mal
[28/05/2011 15:24:04] /c Pally Of Mal
[28/05/2011 15:24:04] /c Pally Of Mal
[28/05/2011 15:24:04] /c Pally Of Mal
[28/05/2011 15:24:04] /c Pally Of Mal
[28/05/2011 15:24:05] /c Pally Of Mal
[28/05/2011 15:24:05] /c Pally Of Mal
[28/05/2011 15:24:05] /c Pally Of Mal
[28/05/2011 15:24:05] /c Pally Of Mal
[28/05/2011 15:24:05] /c Pally Of Mal
[28/05/2011 15:24:05] /c Pally Of Mal
[28/05/2011 15:24:05] /c Pally Of Mal
[28/05/2011 15:24:05] /c Pally Of Mal
[28/05/2011 15:24:05] /c Pally Of Mal
[28/05/2011 15:24:05] /c Pally Of Mal
[28/05/2011 15:24:05] /c Pally Of Mal
[28/05/2011 15:24:05] /c Pally Of Mal
[28/05/2011 15:24:05] /c Pally Of Mal
[28/05/2011 15:24:05] /c Pally Of Mal
[28/05/2011 15:24:05] /c Pally Of Mal
[28/05/2011 15:24:05] /c Pally Of Mal
[28/05/2011 15:24:05] /c Pally Of Mal
[28/05/2011 15:24:05] /c Pally Of Mal
[28/05/2011 15:24:05] /c Pally Of Mal
[28/05/2011 15:24:06] /c Pally Of Mal
[28/05/2011 15:24:06] /c Pally Of Mal
[28/05/2011 15:24:06] /c Pally Of Mal
[28/05/2011 15:24:06] /c Pally Of Mal
[28/05/2011 15:24:06] /c Pally Of Mal
[28/05/2011 15:24:06] /c Pally Of Mal
[28/05/2011 15:24:06] /c Pally Of Mal
[28/05/2011 15:24:06] /c Pally Of Mal
[28/05/2011 15:24:06] /c Pally Of Mal
[28/05/2011 15:24:06] /c Pally Of Mal
[28/05/2011 15:24:06] /c Pally Of Mal
[28/05/2011 15:24:06] /c Pally Of Mal
[28/05/2011 15:24:06] /c Pally Of Mal
[28/05/2011 15:24:06] /c Pally Of Mal
[28/05/2011 15:24:06] /c Pally Of Mal
[28/05/2011 15:24:06] /c Pally Of Mal
[28/05/2011 15:24:06] /c Pally Of Mal
[28/05/2011 15:24:06] /c Pally Of Mal
[28/05/2011 15:24:06] /c Pally Of Mal
[28/05/2011 15:24:06] /c Pally Of Mal
[28/05/2011 15:24:06] /c Pally Of Mal
[28/05/2011 15:24:06] /c Pally Of Mal
[28/05/2011 15:24:06] /c Pally Of Mal
[28/05/2011 15:24:06] /c Pally Of Mal
[28/05/2011 15:24:07] /c Pally Of Mal
[28/05/2011 15:24:07] /c Pally Of Mal
[28/05/2011 15:24:07] /c Pally Of Mal
[28/05/2011 15:24:07] /c Pally Of Mal
[28/05/2011 15:24:07] /c Pally Of Mal
[28/05/2011 15:24:07] /c Pally Of Mal
[28/05/2011 15:24:07] /c Pally Of Mal
[28/05/2011 15:24:07] /c Pally Of Mal
[28/05/2011 15:24:07] /c Pally Of Mal
[28/05/2011 15:24:07] /c Pally Of Mal
[28/05/2011 15:24:07] /c Pally Of Mal
[28/05/2011 15:24:07] /c Pally Of Mal
[28/05/2011 15:24:07] /c Pally Of Mal
[28/05/2011 15:24:07] /c Pally Of Mal
[28/05/2011 15:25:06] /i max power runa
[28/05/2011 15:25:10] /i max power rune
[28/05/2011 15:25:36] /m clasus
[28/05/2011 15:25:48] /r
[28/05/2011 15:28:34] /a 3
[28/05/2011 15:28:45] /a 6
[28/05/2011 15:28:53] /goto mage of black
[28/05/2011 15:33:10] /a 3
[28/05/2011 15:33:18] /t
[28/05/2011 15:33:19] /up
[28/05/2011 15:33:20] /up
[28/05/2011 15:43:53] /goto [GM] Eduardo
[28/05/2011 15:45:19] /ban [GM] Eduardo
[28/05/2011 15:45:20] /kick [GM] Eduardo
[28/05/2011 15:46:09] /unban [GM] Eduardo
[28/05/2011 15:49:40] /ghost
[28/05/2011 15:54:16] /goto [gm] eduardo
[28/05/2011 15:54:55] /goto nintendo wii
[28/05/2011 15:55:07] /t
[28/05/2011 16:06:50] /up
[28/05/2011 16:06:50] /up
[28/05/2011 16:06:54] /t Pally Of Mal
[28/05/2011 16:06:55] /t
[28/05/2011 16:08:35] /mc
[28/05/2011 16:15:45] /mc
[28/05/2011 16:16:00] /a
[28/05/2011 16:16:00] /a
[28/05/2011 16:16:05] /c Mage Of Black
[28/05/2011 16:16:08] /a
[28/05/2011 16:16:09] /a
[28/05/2011 16:17:28] /c mage of black
[28/05/2011 16:17:50] /mc
[28/05/2011 16:18:16] /r
[28/05/2011 16:18:18] /r
[28/05/2011 16:18:19] /r
[28/05/2011 16:18:20] /r
[28/05/2011 16:19:47] /ghost
[28/05/2011 16:19:51] /ghost
[28/05/2011 16:19:52] /ghost
[28/05/2011 16:22:40] /c Hitsu
[28/05/2011 16:22:41] /c Hitsu
[28/05/2011 16:24:02] /a 20
[28/05/2011 16:24:23] /r
[28/05/2011 16:24:24] /r
[28/05/2011 16:24:42] /t Baiano
[28/05/2011 16:24:47] /r
[28/05/2011 16:24:47] /r
[28/05/2011 16:33:05] /t
[28/05/2011 16:35:36] /b trokando epic
[28/05/2011 16:35:47] /b trokando epic
[28/05/2011 16:35:47] /b trokando epic
[28/05/2011 16:35:47] /b trokando epic
[28/05/2011 16:35:47] /b trokando epic
[28/05/2011 16:36:01] /b tkem ke epic vem agora senao nao vo da masi hj
[28/05/2011 16:36:16] /r
[28/05/2011 16:36:17] /r
[28/05/2011 16:36:34] /a
[28/05/2011 16:36:35] /a
[28/05/2011 16:39:33] /r
[28/05/2011 16:39:55] /kick [GM] Eduardo
[28/05/2011 16:40:26] /r
[28/05/2011 16:41:04] /c [GM] Eduardo
[28/05/2011 16:41:16] /attr group 1
[28/05/2011 16:41:17] /r
[28/05/2011 16:41:39] /attr group 4
[28/05/2011 16:41:43] /attr group 4
[28/05/2011 16:41:46] /attr group 4
[28/05/2011 16:41:53] /attr group 4
[28/05/2011 16:42:48] /c Pally El Loko
[28/05/2011 16:43:06] /r
[28/05/2011 16:43:06] /r
[28/05/2011 16:43:21] /a
[28/05/2011 16:43:22] /a
[28/05/2011 16:45:05] /c [GM] Eduardo
[28/05/2011 16:45:08] /c [GM] Eduardo
[28/05/2011 16:45:08] /c [GM] Eduardo
[28/05/2011 16:45:09] /c [GM] Eduardo
[28/05/2011 16:45:09] /c [GM] Eduardo
[28/05/2011 16:45:09] /c [GM] Eduardo
[28/05/2011 16:45:10] /c [GM] Eduardo
[28/05/2011 16:45:10] /c [GM] Eduardo
[28/05/2011 16:45:11] /c [GM] Eduardo
[28/05/2011 16:45:11] /c [GM] Eduardo
[28/05/2011 16:46:35] /c [GM] Eduardo
[28/05/2011 16:46:35] /c [GM] Eduardo
[28/05/2011 16:46:35] /c [GM] Eduardo
[28/05/2011 16:46:35] /c [GM] Eduardo
[28/05/2011 16:46:36] /c [GM] Eduardo
[28/05/2011 16:46:36] /c [GM] Eduardo
[28/05/2011 16:46:36] /c [GM] Eduardo
[28/05/2011 16:46:36] /c [GM] Eduardo
[28/05/2011 16:46:36] /c [GM] Eduardo
[28/05/2011 16:46:36] /c [GM] Eduardo
[28/05/2011 16:46:36] /c [GM] Eduardo
[28/05/2011 16:46:36] /c [GM] Eduardo
[28/05/2011 16:46:36] /c [GM] Eduardo
[28/05/2011 16:46:36] /c [GM] Eduardo
[28/05/2011 16:46:36] /c [GM] Eduardo
[28/05/2011 16:46:58] /goto [GM] Eduardo
[28/05/2011 16:46:59] /goto [GM] Eduardo
[28/05/2011 16:46:59] /goto [GM] Eduardo
[28/05/2011 16:46:59] /goto [GM] Eduardo
[28/05/2011 16:46:59] /goto [GM] Eduardo
[28/05/2011 16:46:59] /goto [GM] Eduardo
[28/05/2011 16:46:59] /goto [GM] Eduardo
[28/05/2011 16:46:59] /goto [GM] Eduardo
[28/05/2011 16:46:59] /goto [GM] Eduardo
[28/05/2011 16:46:59] /goto [GM] Eduardo
[28/05/2011 16:46:59] /goto [GM] Eduardo
[28/05/2011 16:46:59] /goto [GM] Eduardo
[28/05/2011 16:46:59] /goto [GM] Eduardo
[28/05/2011 16:46:59] /goto [GM] Eduardo
[28/05/2011 16:46:59] /goto [GM] Eduardo
[28/05/2011 16:46:59] /goto [GM] Eduardo
[28/05/2011 16:47:00] /goto [GM] Eduardo
[28/05/2011 16:47:00] /goto [GM] Eduardo
[28/05/2011 16:47:00] /goto [GM] Eduardo
[28/05/2011 16:47:00] /goto [GM] Eduardo
[28/05/2011 16:47:00] /goto [GM] Eduardo
[28/05/2011 16:47:00] /goto [GM] Eduardo
[28/05/2011 16:47:00] /goto [GM] Eduardo
[28/05/2011 16:47:00] /goto [GM] Eduardo
[28/05/2011 16:47:00] /goto [GM] Eduardo
[28/05/2011 16:47:00] /goto [GM] Eduardo
[28/05/2011 16:47:00] /goto [GM] Eduardo
[28/05/2011 16:47:00] /goto [GM] Eduardo
[28/05/2011 16:47:00] /goto [GM] Eduardo
[28/05/2011 16:47:00] /goto [GM] Eduardo
[28/05/2011 16:47:00] /goto [GM] Eduardo
[28/05/2011 16:47:00] /goto [GM] Eduardo
[28/05/2011 16:47:00] /goto [GM] Eduardo
[28/05/2011 16:47:00] /goto [GM] Eduardo
[28/05/2011 16:47:00] /goto [GM] Eduardo
[28/05/2011 16:47:00] /goto [GM] Eduardo
[28/05/2011 16:47:00] /goto [GM] Eduardo
[28/05/2011 16:47:00] /goto [GM] Eduardo
[28/05/2011 16:47:00] /goto [GM] Eduardo
[28/05/2011 16:47:01] /goto [GM] Eduardo
[28/05/2011 16:47:01] /goto [GM] Eduardo
[28/05/2011 16:47:01] /goto [GM] Eduardo
[28/05/2011 16:47:01] /goto [GM] Eduardo
[28/05/2011 16:47:01] /goto [GM] Eduardo
[28/05/2011 16:47:01] /goto [GM] Eduardo
[28/05/2011 16:47:01] /goto [GM] Eduardo
[28/05/2011 16:47:01] /goto [GM] Eduardo
[28/05/2011 16:47:01] /goto [GM] Eduardo
[28/05/2011 16:47:01] /goto [GM] Eduardo
[28/05/2011 16:47:01] /goto [GM] Eduardo
[28/05/2011 16:47:01] /goto [GM] Eduardo
[28/05/2011 16:47:01] /goto [GM] Eduardo
[28/05/2011 16:47:01] /goto [GM] Eduardo
[28/05/2011 16:47:01] /goto [GM] Eduardo
[28/05/2011 16:47:01] /goto [GM] Eduardo
[28/05/2011 16:47:01] /goto [GM] Eduardo
[28/05/2011 16:47:01] /goto [GM] Eduardo
[28/05/2011 16:47:01] /goto [GM] Eduardo
[28/05/2011 16:47:01] /goto [GM] Eduardo
[28/05/2011 16:47:01] /goto [GM] Eduardo
[28/05/2011 16:47:01] /goto [GM] Eduardo
[28/05/2011 16:47:01] /goto [GM] Eduardo
[28/05/2011 16:47:01] /goto [GM] Eduardo
[28/05/2011 16:47:01] /goto [GM] Eduardo
[28/05/2011 16:47:02] /goto [GM] Eduardo
[28/05/2011 16:47:02] /goto [GM] Eduardo
[28/05/2011 16:47:02] /goto [GM] Eduardo
[28/05/2011 16:47:02] /goto [GM] Eduardo
[28/05/2011 16:47:02] /goto [GM] Eduardo
[28/05/2011 16:47:02] /goto [GM] Eduardo
[28/05/2011 16:47:02] /goto [GM] Eduardo
[28/05/2011 16:47:02] /goto [GM] Eduardo
[28/05/2011 16:47:02] /goto [GM] Eduardo
[28/05/2011 16:47:02] /goto [GM] Eduardo
[28/05/2011 16:47:02] /goto [GM] Eduardo
[28/05/2011 16:47:02] /goto [GM] Eduardo
[28/05/2011 16:47:02] /goto [GM] Eduardo
[28/05/2011 16:47:02] /goto [GM] Eduardo
[28/05/2011 16:47:02] /goto [GM] Eduardo
[28/05/2011 16:47:02] /goto [GM] Eduardo
[28/05/2011 16:47:02] /goto [GM] Eduardo
[28/05/2011 16:47:02] /goto [GM] Eduardo
[28/05/2011 16:47:02] /goto [GM] Eduardo
[28/05/2011 16:47:02] /goto [GM] Eduardo
[28/05/2011 16:47:02] /goto [GM] Eduardo
[28/05/2011 16:47:02] /goto [GM] Eduardo
[28/05/2011 16:47:02] /goto [GM] Eduardo
[28/05/2011 16:47:02] /goto [GM] Eduardo
[28/05/2011 16:47:02] /goto [GM] Eduardo
[28/05/2011 16:47:03] /goto [GM] Eduardo
[28/05/2011 16:47:03] /goto [GM] Eduardo
[28/05/2011 16:47:03] /goto [GM] Eduardo
[28/05/2011 16:47:03] /goto [GM] Eduardo
[28/05/2011 16:47:03] /goto [GM] Eduardo
[28/05/2011 16:47:03] /goto [GM] Eduardo
[28/05/2011 16:47:03] /goto [GM] Eduardo
[28/05/2011 16:47:03] /goto [GM] Eduardo
[28/05/2011 16:47:03] /goto [GM] Eduardo
[28/05/2011 16:47:03] /goto [GM] Eduardo
[28/05/2011 16:47:03] /goto [GM] Eduardo
[28/05/2011 16:47:03] /goto [GM] Eduardo
[28/05/2011 16:47:03] /goto [GM] Eduardo
[28/05/2011 16:47:03] /goto [GM] Eduardo
[28/05/2011 16:47:03] /goto [GM] Eduardo
[28/05/2011 16:47:03] /goto [GM] Eduardo
[28/05/2011 16:47:03] /goto [GM] Eduardo
[28/05/2011 16:47:03] /goto [GM] Eduardo
[28/05/2011 16:47:03] /goto [GM] Eduardo
[28/05/2011 16:47:03] /goto [GM] Eduardo
[28/05/2011 16:47:03] /goto [GM] Eduardo
[28/05/2011 16:47:03] /goto [GM] Eduardo
[28/05/2011 16:47:03] /goto [GM] Eduardo
[28/05/2011 16:47:03] /goto [GM] Eduardo
[28/05/2011 16:47:03] /goto [GM] Eduardo
[28/05/2011 16:47:04] /goto [GM] Eduardo
[28/05/2011 16:47:04] /goto [GM] Eduardo
[28/05/2011 16:47:04] /goto [GM] Eduardo
[28/05/2011 16:47:04] /goto [GM] Eduardo
[28/05/2011 16:47:04] /goto [GM] Eduardo
[28/05/2011 16:47:04] /goto [GM] Eduardo
[28/05/2011 16:47:04] /goto [GM] Eduardo
[28/05/2011 16:47:04] /goto [GM] Eduardo
[28/05/2011 16:47:04] /goto [GM] Eduardo
[28/05/2011 16:47:04] /goto [GM] Eduardo
[28/05/2011 16:47:04] /goto [GM] Eduardo
[28/05/2011 16:47:04] /goto [GM] Eduardo
[28/05/2011 16:47:04] /goto [GM] Eduardo
[28/05/2011 16:47:04] /goto [GM] Eduardo
[28/05/2011 16:47:04] /goto [GM] Eduardo
[28/05/2011 16:47:04] /goto [GM] Eduardo
[28/05/2011 16:47:04] /goto [GM] Eduardo
[28/05/2011 16:47:04] /goto [GM] Eduardo
[28/05/2011 16:47:04] /goto [GM] Eduardo
[28/05/2011 16:47:06] /goto [GM] Eduardo
[28/05/2011 16:47:06] /goto [GM] Eduardo
[28/05/2011 16:47:06] /goto [GM] Eduardo
[28/05/2011 16:47:06] /goto [GM] Eduardo
[28/05/2011 16:47:06] /goto [GM] Eduardo
[28/05/2011 16:47:06] /goto [GM] Eduardo
[28/05/2011 16:47:06] /goto [GM] Eduardo
[28/05/2011 16:47:06] /goto [GM] Eduardo
[28/05/2011 16:47:06] /goto [GM] Eduardo
[28/05/2011 16:47:07] /goto [GM] Eduardo
[28/05/2011 16:47:07] /goto [GM] Eduardo
[28/05/2011 16:47:07] /goto [GM] Eduardo
[28/05/2011 16:47:07] /goto [GM] Eduardo
[28/05/2011 16:47:07] /goto [GM] Eduardo
[28/05/2011 16:47:07] /goto [GM] Eduardo
[28/05/2011 16:47:07] /goto [GM] Eduardo
[28/05/2011 16:47:07] /goto [GM] Eduardo
[28/05/2011 16:47:07] /goto [GM] Eduardo
[28/05/2011 16:47:07] /goto [GM] Eduardo
[28/05/2011 16:47:07] /goto [GM] Eduardo
[28/05/2011 16:47:07] /goto [GM] Eduardo
[28/05/2011 16:47:07] /goto [GM] Eduardo
[28/05/2011 16:47:07] /goto [GM] Eduardo
[28/05/2011 16:47:07] /goto [GM] Eduardo
[28/05/2011 16:47:07] /goto [GM] Eduardo
[28/05/2011 16:47:07] /goto [GM] Eduardo
[28/05/2011 16:47:07] /goto [GM] Eduardo
[28/05/2011 16:47:07] /goto [GM] Eduardo
[28/05/2011 16:47:07] /goto [GM] Eduardo
[28/05/2011 16:47:07] /goto [GM] Eduardo
[28/05/2011 16:47:07] /goto [GM] Eduardo
[28/05/2011 16:47:07] /goto [GM] Eduardo
[28/05/2011 16:47:07] /goto [GM] Eduardo
[28/05/2011 16:47:08] /goto [GM] Eduardo
[28/05/2011 16:47:08] /goto [GM] Eduardo
[28/05/2011 16:47:08] /goto [GM] Eduardo
[28/05/2011 16:47:08] /goto [GM] Eduardo
[28/05/2011 16:47:08] /goto [GM] Eduardo
[28/05/2011 16:47:08] /goto [GM] Eduardo
[28/05/2011 16:47:08] /goto [GM] Eduardo
[28/05/2011 16:47:08] /goto [GM] Eduardo
[28/05/2011 16:47:08] /goto [GM] Eduardo
[28/05/2011 16:47:08] /goto [GM] Eduardo
[28/05/2011 16:47:08] /goto [GM] Eduardo
[28/05/2011 16:47:08] /goto [GM] Eduardo
[28/05/2011 16:47:08] /goto [GM] Eduardo
[28/05/2011 16:47:08] /goto [GM] Eduardo
[28/05/2011 16:47:08] /goto [GM] Eduardo
[28/05/2011 16:47:08] /goto [GM] Eduardo
[28/05/2011 16:47:08] /goto [GM] Eduardo
[28/05/2011 16:47:08] /goto [GM] Eduardo
[28/05/2011 16:47:08] /goto [GM] Eduardo
[28/05/2011 16:47:08] /goto [GM] Eduardo
[28/05/2011 16:47:08] /goto [GM] Eduardo
[28/05/2011 16:47:08] /goto [GM] Eduardo
[28/05/2011 16:47:08] /goto [GM] Eduardo
[28/05/2011 16:47:08] /goto [GM] Eduardo
[28/05/2011 16:47:09] /goto [GM] Eduardo
[28/05/2011 16:47:09] /goto [GM] Eduardo
[28/05/2011 16:47:09] /goto [GM] Eduardo
[28/05/2011 16:47:09] /goto [GM] Eduardo
[28/05/2011 16:47:09] /goto [GM] Eduardo
[28/05/2011 16:47:09] /goto [GM] Eduardo
[28/05/2011 16:47:09] /goto [GM] Eduardo
[28/05/2011 16:47:09] /goto [GM] Eduardo
[28/05/2011 16:47:09] /goto [GM] Eduardo
[28/05/2011 16:47:09] /goto [GM] Eduardo
[28/05/2011 16:47:09] /goto [GM] Eduardo
[28/05/2011 16:47:09] /goto [GM] Eduardo
[28/05/2011 16:47:09] /goto [GM] Eduardo
[28/05/2011 16:47:09] /goto [GM] Eduardo
[28/05/2011 16:47:09] /goto [GM] Eduardo
[28/05/2011 16:47:09] /goto [GM] Eduardo
[28/05/2011 16:47:09] /goto [GM] Eduardo
[28/05/2011 16:47:09] /goto [GM] Eduardo
[28/05/2011 16:47:09] /goto [GM] Eduardo
[28/05/2011 16:47:09] /goto [GM] Eduardo
[28/05/2011 16:47:09] /goto [GM] Eduardo
[28/05/2011 16:47:09] /goto [GM] Eduardo
[28/05/2011 16:47:10] /goto [GM] Eduardo
[28/05/2011 16:47:10] /goto [GM] Eduardo
[28/05/2011 16:47:10] /goto [GM] Eduardo
[28/05/2011 16:47:10] /goto [GM] Eduardo
[28/05/2011 16:47:11] /goto [GM] Eduardo
[28/05/2011 16:47:12] /goto [GM] Eduardo
[28/05/2011 16:47:12] /goto [GM] Eduardo
[28/05/2011 16:47:12] /goto [GM] Eduardo
[28/05/2011 16:47:12] /goto [GM] Eduardo
[28/05/2011 16:47:12] /goto [GM] Eduardo
[28/05/2011 16:47:12] /goto [GM] Eduardo
[28/05/2011 16:47:12] /goto [GM] Eduardo
[28/05/2011 16:47:12] /goto [GM] Eduardo
[28/05/2011 16:47:12] /goto [GM] Eduardo
[28/05/2011 16:47:13] /goto [GM] Eduardo
[28/05/2011 16:47:13] /goto [GM] Eduardo
[28/05/2011 16:47:13] /goto [GM] Eduardo
[28/05/2011 16:47:13] /goto [GM] Eduardo
[28/05/2011 16:47:13] /goto [GM] Eduardo
[28/05/2011 16:47:13] /goto [GM] Eduardo
[28/05/2011 16:47:13] /goto [GM] Eduardo
[28/05/2011 16:47:13] /goto [GM] Eduardo
[28/05/2011 16:47:13] /goto [GM] Eduardo
[28/05/2011 16:47:13] /goto [GM] Eduardo
[28/05/2011 16:47:13] /goto [GM] Eduardo
[28/05/2011 16:47:13] /goto [GM] Eduardo
[28/05/2011 16:47:13] /goto [GM] Eduardo
[28/05/2011 16:47:13] /goto [GM] Eduardo
[28/05/2011 16:47:13] /goto [GM] Eduardo
[28/05/2011 16:47:13] /goto [GM] Eduardo
[28/05/2011 16:47:13] /goto [GM] Eduardo
[28/05/2011 16:47:13] /goto [GM] Eduardo
[28/05/2011 16:47:13] /goto [GM] Eduardo
[28/05/2011 16:47:13] /goto [GM] Eduardo
[28/05/2011 16:47:13] /goto [GM] Eduardo
[28/05/2011 16:47:14] /goto [GM] Eduardo
[28/05/2011 16:47:14] /goto [GM] Eduardo
[28/05/2011 16:47:14] /goto [GM] Eduardo
[28/05/2011 16:47:14] /goto [GM] Eduardo
[28/05/2011 16:47:14] /goto [GM] Eduardo
[28/05/2011 16:47:14] /goto [GM] Eduardo
[28/05/2011 16:47:14] /goto [GM] Eduardo
[28/05/2011 16:47:14] /goto [GM] Eduardo
[28/05/2011 16:47:14] /goto [GM] Eduardo
[28/05/2011 16:47:14] /goto [GM] Eduardo
[28/05/2011 16:47:14] /goto [GM] Eduardo
[28/05/2011 16:47:14] /goto [GM] Eduardo
[28/05/2011 16:47:14] /goto [GM] Eduardo
[28/05/2011 16:47:14] /goto [GM] Eduardo
[28/05/2011 16:47:14] /goto [GM] Eduardo
[28/05/2011 16:47:14] /goto [GM] Eduardo
[28/05/2011 16:47:14] /goto [GM] Eduardo
[28/05/2011 16:47:15] /goto [GM] Eduardo
[28/05/2011 16:47:15] /goto [GM] Eduardo
[28/05/2011 16:47:15] /goto [GM] Eduardo
[28/05/2011 16:47:15] /goto [GM] Eduardo
[28/05/2011 16:47:15] /goto [GM] Eduardo
[28/05/2011 16:47:15] /goto [GM] Eduardo
[28/05/2011 16:47:15] /goto [GM] Eduardo
[28/05/2011 16:47:15] /goto [GM] Eduardo
[28/05/2011 16:47:15] /goto [GM] Eduardo
[28/05/2011 16:47:15] /goto [GM] Eduardo
[28/05/2011 16:47:15] /goto [GM] Eduardo
[28/05/2011 16:47:15] /goto [GM] Eduardo
[28/05/2011 16:47:15] /goto [GM] Eduardo
[28/05/2011 16:47:15] /goto [GM] Eduardo
[28/05/2011 16:47:15] /goto [GM] Eduardo
[28/05/2011 16:47:15] /goto [GM] Eduardo
[28/05/2011 16:47:15] /goto [GM] Eduardo
[28/05/2011 16:47:15] /goto [GM] Eduardo
[28/05/2011 16:47:15] /goto [GM] Eduardo
[28/05/2011 16:47:15] /goto [GM] Eduardo
[28/05/2011 16:47:15] /goto [GM] Eduardo
[28/05/2011 16:47:15] /goto [GM] Eduardo
[28/05/2011 16:47:15] /goto [GM] Eduardo
[28/05/2011 16:47:15] /goto [GM] Eduardo
[28/05/2011 16:47:15] /goto [GM] Eduardo
[28/05/2011 16:47:16] /goto [GM] Eduardo
[28/05/2011 16:47:16] /goto [GM] Eduardo
[28/05/2011 16:47:16] /goto [GM] Eduardo
[28/05/2011 16:47:16] /goto [GM] Eduardo
[28/05/2011 16:47:16] /goto [GM] Eduardo
[28/05/2011 16:47:16] /goto [GM] Eduardo
[28/05/2011 16:47:16] /goto [GM] Eduardo
[28/05/2011 16:47:16] /goto [GM] Eduardo
[28/05/2011 16:47:16] /goto [GM] Eduardo
[28/05/2011 16:47:16] /goto [GM] Eduardo
[28/05/2011 16:47:16] /goto [GM] Eduardo
[28/05/2011 16:47:16] /goto [GM] Eduardo
[28/05/2011 16:47:16] /goto [GM] Eduardo
[28/05/2011 16:47:16] /goto [GM] Eduardo
[28/05/2011 16:47:16] /goto [GM] Eduardo
[28/05/2011 16:47:16] /goto [GM] Eduardo
[28/05/2011 16:47:16] /goto [GM] Eduardo
[28/05/2011 16:47:16] /goto [GM] Eduardo
[28/05/2011 16:47:16] /goto [GM] Eduardo
[28/05/2011 16:47:17] /goto [GM] Eduardo
[28/05/2011 16:47:17] /goto [GM] Eduardo
[28/05/2011 16:47:17] /goto [GM] Eduardo
[28/05/2011 16:47:17] /goto [GM] Eduardo
[28/05/2011 16:47:17] /goto [GM] Eduardo
[28/05/2011 16:47:17] /goto [GM] Eduardo
[28/05/2011 16:47:17] /goto [GM] Eduardo
[28/05/2011 16:47:17] /goto [GM] Eduardo
[28/05/2011 16:47:17] /goto [GM] Eduardo
[28/05/2011 16:47:17] /goto [GM] Eduardo
[28/05/2011 16:47:17] /goto [GM] Eduardo
[28/05/2011 16:47:17] /goto [GM] Eduardo
[28/05/2011 16:47:17] /goto [GM] Eduardo
[28/05/2011 16:47:17] /goto [GM] Eduardo
[28/05/2011 16:47:17] /goto [GM] Eduardo
[28/05/2011 16:47:17] /goto [GM] Eduardo
[28/05/2011 16:47:17] /goto [GM] Eduardo
[28/05/2011 16:47:17] /goto [GM] Eduardo
[28/05/2011 16:47:17] /goto [GM] Eduardo
[28/05/2011 16:47:17] /goto [GM] Eduardo
[28/05/2011 16:47:17] /goto [GM] Eduardo
[28/05/2011 16:47:17] /goto [GM] Eduardo
[28/05/2011 16:47:18] /goto [GM] Eduardo
[28/05/2011 16:47:18] /goto [GM] Eduardo
[28/05/2011 16:47:18] /goto [GM] Eduardo
[28/05/2011 16:47:18] /goto [GM] Eduardo
[28/05/2011 16:47:18] /goto [GM] Eduardo
[28/05/2011 16:47:18] /goto [GM] Eduardo
[28/05/2011 16:47:18] /goto [GM] Eduardo
[28/05/2011 16:47:18] /goto [GM] Eduardo
[28/05/2011 16:47:18] /goto [GM] Eduardo
[28/05/2011 16:47:18] /goto [GM] Eduardo
[28/05/2011 16:47:18] /goto [GM] Eduardo
[28/05/2011 16:47:18] /goto [GM] Eduardo
[28/05/2011 16:47:18] /goto [GM] Eduardo
[28/05/2011 16:47:18] /goto [GM] Eduardo
[28/05/2011 16:47:18] /goto [GM] Eduardo
[28/05/2011 16:47:18] /goto [GM] Eduardo
[28/05/2011 16:47:18] /goto [GM] Eduardo
[28/05/2011 16:47:18] /goto [GM] Eduardo
[28/05/2011 16:47:18] /goto [GM] Eduardo
[28/05/2011 16:47:18] /goto [GM] Eduardo
[28/05/2011 16:47:18] /goto [GM] Eduardo
[28/05/2011 16:47:18] /goto [GM] Eduardo
[28/05/2011 16:47:18] /goto [GM] Eduardo
[28/05/2011 16:47:19] /goto [GM] Eduardo
[28/05/2011 16:47:19] /goto [GM] Eduardo
[28/05/2011 16:47:19] /goto [GM] Eduardo
[28/05/2011 16:47:19] /goto [GM] Eduardo
[28/05/2011 16:47:19] /goto [GM] Eduardo
[28/05/2011 16:47:19] /goto [GM] Eduardo
[28/05/2011 16:47:19] /goto [GM] Eduardo
[28/05/2011 16:47:19] /goto [GM] Eduardo
[28/05/2011 16:47:19] /goto [GM] Eduardo
[28/05/2011 16:47:19] /goto [GM] Eduardo
[28/05/2011 16:47:19] /goto [GM] Eduardo
[28/05/2011 16:47:19] /goto [GM] Eduardo
[28/05/2011 16:47:19] /goto [GM] Eduardo
[28/05/2011 16:47:19] /goto [GM] Eduardo
[28/05/2011 16:47:19] /goto [GM] Eduardo
[28/05/2011 16:47:19] /goto [GM] Eduardo
[28/05/2011 16:47:19] /goto [GM] Eduardo
[28/05/2011 16:47:19] /goto [GM] Eduardo
[28/05/2011 16:47:19] /goto [GM] Eduardo
[28/05/2011 16:47:19] /goto [GM] Eduardo
[28/05/2011 16:47:19] /goto [GM] Eduardo
[28/05/2011 16:47:20] /goto [GM] Eduardo
[28/05/2011 16:47:20] /goto [GM] Eduardo
[28/05/2011 16:47:20] /goto [GM] Eduardo
[28/05/2011 16:47:20] /goto [GM] Eduardo
[28/05/2011 16:47:20] /goto [GM] Eduardo
[28/05/2011 16:47:20] /goto [GM] Eduardo
[28/05/2011 16:47:20] /goto [GM] Eduardo
[28/05/2011 16:47:20] /goto [GM] Eduardo
[28/05/2011 16:47:20] /goto [GM] Eduardo
[28/05/2011 16:47:20] /goto [GM] Eduardo
[28/05/2011 16:47:20] /goto [GM] Eduardo
[28/05/2011 16:47:20] /goto [GM] Eduardo
[28/05/2011 16:47:20] /goto [GM] Eduardo
[28/05/2011 16:47:20] /goto [GM] Eduardo
[28/05/2011 16:47:20] /goto [GM] Eduardo
[28/05/2011 16:47:20] /goto [GM] Eduardo
[28/05/2011 16:47:20] /goto [GM] Eduardo
[28/05/2011 16:47:20] /goto [GM] Eduardo
[28/05/2011 16:47:20] /goto [GM] Eduardo
[28/05/2011 16:47:20] /goto [GM] Eduardo
[28/05/2011 16:47:20] /goto [GM] Eduardo
[28/05/2011 16:47:20] /goto [GM] Eduardo
[28/05/2011 16:47:21] /goto [GM] Eduardo
[28/05/2011 16:47:21] /goto [GM] Eduardo
[28/05/2011 16:47:21] /goto [GM] Eduardo
[28/05/2011 16:47:21] /goto [GM] Eduardo
[28/05/2011 16:47:21] /goto [GM] Eduardo
[28/05/2011 16:47:21] /goto [GM] Eduardo
[28/05/2011 16:47:21] /goto [GM] Eduardo
[28/05/2011 16:47:21] /goto [GM] Eduardo
[28/05/2011 16:47:21] /goto [GM] Eduardo
[28/05/2011 16:47:21] /goto [GM] Eduardo
[28/05/2011 16:47:21] /goto [GM] Eduardo
[28/05/2011 16:47:21] /goto [GM] Eduardo
[28/05/2011 16:47:21] /goto [GM] Eduardo
[28/05/2011 16:47:21] /goto [GM] Eduardo
[28/05/2011 16:47:21] /goto [GM] Eduardo
[28/05/2011 16:47:21] /goto [GM] Eduardo
[28/05/2011 16:47:21] /goto [GM] Eduardo
[28/05/2011 16:47:21] /goto [GM] Eduardo
[28/05/2011 16:47:21] /goto [GM] Eduardo
[28/05/2011 16:47:21] /goto [GM] Eduardo
[28/05/2011 16:47:21] /goto [GM] Eduardo
[28/05/2011 16:47:22] /goto [GM] Eduardo
[28/05/2011 16:47:22] /goto [GM] Eduardo
[28/05/2011 16:47:22] /goto [GM] Eduardo
[28/05/2011 16:47:22] /goto [GM] Eduardo
[28/05/2011 16:47:22] /goto [GM] Eduardo
[28/05/2011 16:47:22] /goto [GM] Eduardo
[28/05/2011 16:47:22] /goto [GM] Eduardo
[28/05/2011 16:47:22] /goto [GM] Eduardo
[28/05/2011 16:47:22] /goto [GM] Eduardo
[28/05/2011 16:47:22] /goto [GM] Eduardo
[28/05/2011 16:47:22] /goto [GM] Eduardo
[28/05/2011 16:47:22] /goto [GM] Eduardo
[28/05/2011 16:47:22] /goto [GM] Eduardo
[28/05/2011 16:47:22] /goto [GM] Eduardo
[28/05/2011 16:47:22] /goto [GM] Eduardo
[28/05/2011 16:47:22] /goto [GM] Eduardo
[28/05/2011 16:47:22] /goto [GM] Eduardo
[28/05/2011 16:47:22] /goto [GM] Eduardo
[28/05/2011 16:47:22] /goto [GM] Eduardo
[28/05/2011 16:47:22] /goto [GM] Eduardo
[28/05/2011 16:47:22] /goto [GM] Eduardo
[28/05/2011 16:47:22] /goto [GM] Eduardo
[28/05/2011 16:47:22] /goto [GM] Eduardo
[28/05/2011 16:47:23] /goto [GM] Eduardo
[28/05/2011 16:47:23] /goto [GM] Eduardo
[28/05/2011 16:47:23] /goto [GM] Eduardo
[28/05/2011 16:47:23] /goto [GM] Eduardo
[28/05/2011 16:47:23] /goto [GM] Eduardo
[28/05/2011 16:47:23] /goto [GM] Eduardo
[28/05/2011 16:47:23] /goto [GM] Eduardo
[28/05/2011 16:47:23] /goto [GM] Eduardo
[28/05/2011 16:47:23] /goto [GM] Eduardo
[28/05/2011 16:47:23] /goto [GM] Eduardo
[28/05/2011 16:47:23] /goto [GM] Eduardo
[28/05/2011 16:47:23] /goto [GM] Eduardo
[28/05/2011 16:47:23] /goto [GM] Eduardo
[28/05/2011 16:47:23] /goto [GM] Eduardo
[28/05/2011 16:47:23] /goto [GM] Eduardo
[28/05/2011 16:47:23] /goto [GM] Eduardo
[28/05/2011 16:47:23] /goto [GM] Eduardo
[28/05/2011 16:47:23] /goto [GM] Eduardo
[28/05/2011 16:47:23] /goto [GM] Eduardo
[28/05/2011 16:47:23] /goto [GM] Eduardo
[28/05/2011 16:47:23] /goto [GM] Eduardo
[28/05/2011 16:47:23] /goto [GM] Eduardo
[28/05/2011 16:47:23] /goto [GM] Eduardo
[28/05/2011 16:47:23] /goto [GM] Eduardo
[28/05/2011 16:47:24] /goto [GM] Eduardo
[28/05/2011 16:47:24] /goto [GM] Eduardo
[28/05/2011 16:47:24] /goto [GM] Eduardo
[28/05/2011 16:47:24] /goto [GM] Eduardo
[28/05/2011 16:47:24] /goto [GM] Eduardo
[28/05/2011 16:47:24] /goto [GM] Eduardo
[28/05/2011 16:47:24] /goto [GM] Eduardo
[28/05/2011 16:47:24] /goto [GM] Eduardo
[28/05/2011 16:47:24] /goto [GM] Eduardo
[28/05/2011 16:47:24] /goto [GM] Eduardo
[28/05/2011 16:47:24] /goto [GM] Eduardo
[28/05/2011 16:47:24] /goto [GM] Eduardo
[28/05/2011 16:47:24] /goto [GM] Eduardo
[28/05/2011 16:47:24] /goto [GM] Eduardo
[28/05/2011 16:47:24] /goto [GM] Eduardo
[28/05/2011 16:47:24] /goto [GM] Eduardo
[28/05/2011 16:47:24] /goto [GM] Eduardo
[28/05/2011 16:47:24] /goto [GM] Eduardo
[28/05/2011 16:47:24] /goto [GM] Eduardo
[28/05/2011 16:47:24] /goto [GM] Eduardo
[28/05/2011 16:47:24] /goto [GM] Eduardo
[28/05/2011 16:47:24] /goto [GM] Eduardo
[28/05/2011 16:47:24] /goto [GM] Eduardo
[28/05/2011 16:47:24] /goto [GM] Eduardo
[28/05/2011 16:47:24] /goto [GM] Eduardo
[28/05/2011 16:47:24] /goto [GM] Eduardo
[28/05/2011 16:47:25] /goto [GM] Eduardo
[28/05/2011 16:47:25] /goto [GM] Eduardo
[28/05/2011 16:47:25] /goto [GM] Eduardo
[28/05/2011 16:47:25] /goto [GM] Eduardo
[28/05/2011 16:47:25] /goto [GM] Eduardo
[28/05/2011 16:47:25] /goto [GM] Eduardo
[28/05/2011 16:47:25] /goto [GM] Eduardo
[28/05/2011 16:47:25] /goto [GM] Eduardo
[28/05/2011 16:47:25] /goto [GM] Eduardo
[28/05/2011 16:47:25] /goto [GM] Eduardo
[28/05/2011 16:47:25] /goto [GM] Eduardo
[28/05/2011 16:47:25] /goto [GM] Eduardo
[28/05/2011 16:47:25] /goto [GM] Eduardo
[28/05/2011 16:47:25] /goto [GM] Eduardo
[28/05/2011 16:47:25] /goto [GM] Eduardo
[28/05/2011 16:47:26] /goto [GM] Eduardo
[28/05/2011 16:47:26] /goto [GM] Eduardo
[28/05/2011 16:47:26] /goto [GM] Eduardo
[28/05/2011 16:47:26] /goto [GM] Eduardo
[28/05/2011 16:47:26] /goto [GM] Eduardo
[28/05/2011 16:47:26] /goto [GM] Eduardo
[28/05/2011 16:47:26] /goto [GM] Eduardo
[28/05/2011 16:47:26] /goto [GM] Eduardo
[28/05/2011 16:47:26] /goto [GM] Eduardo
[28/05/2011 16:47:26] /goto [GM] Eduardo
[28/05/2011 16:47:26] /goto [GM] Eduardo
[28/05/2011 16:47:26] /goto [GM] Eduardo
[28/05/2011 16:47:26] /goto [GM] Eduardo
[28/05/2011 16:47:26] /goto [GM] Eduardo
[28/05/2011 16:47:26] /goto [GM] Eduardo
[28/05/2011 16:47:26] /goto [GM] Eduardo
[28/05/2011 16:47:26] /goto [GM] Eduardo
[28/05/2011 16:47:26] /goto [GM] Eduardo
[28/05/2011 16:47:26] /goto [GM] Eduardo
[28/05/2011 16:47:26] /goto [GM] Eduardo
[28/05/2011 16:47:26] /goto [GM] Eduardo
[28/05/2011 16:47:26] /goto [GM] Eduardo
[28/05/2011 16:47:26] /goto [GM] Eduardo
[28/05/2011 16:47:26] /goto [GM] Eduardo
[28/05/2011 16:47:26] /goto [GM] Eduardo
[28/05/2011 16:47:26] /goto [GM] Eduardo
[28/05/2011 16:47:26] /goto [GM] Eduardo
[28/05/2011 16:47:26] /goto [GM] Eduardo
[28/05/2011 16:47:26] /goto [GM] Eduardo
[28/05/2011 16:47:26] /goto [GM] Eduardo
[28/05/2011 16:47:26] /goto [GM] Eduardo
[28/05/2011 16:47:26] /goto [GM] Eduardo
[28/05/2011 16:47:26] /goto [GM] Eduardo
[28/05/2011 16:47:26] /goto [GM] Eduardo
[28/05/2011 16:47:26] /goto [GM] Eduardo
[28/05/2011 16:47:26] /goto [GM] Eduardo
[28/05/2011 16:47:26] /goto [GM] Eduardo
[28/05/2011 16:47:26] /goto [GM] Eduardo
[28/05/2011 16:47:26] /goto [GM] Eduardo
[28/05/2011 16:47:27] /goto [GM] Eduardo
[28/05/2011 16:47:27] /goto [GM] Eduardo
[28/05/2011 16:47:27] /goto [GM] Eduardo
[28/05/2011 16:47:27] /goto [GM] Eduardo
[28/05/2011 16:47:27] /goto [GM] Eduardo
[28/05/2011 16:47:27] /goto [GM] Eduardo
[28/05/2011 16:47:27] /goto [GM] Eduardo
[28/05/2011 16:47:27] /goto [GM] Eduardo
[28/05/2011 16:47:27] /goto [GM] Eduardo
[28/05/2011 16:47:27] /goto [GM] Eduardo
[28/05/2011 16:47:27] /goto [GM] Eduardo
[28/05/2011 16:47:27] /goto [GM] Eduardo
[28/05/2011 16:47:27] /goto [GM] Eduardo
[28/05/2011 16:47:27] /goto [GM] Eduardo
[28/05/2011 16:47:27] /goto [GM] Eduardo
[28/05/2011 16:47:27] /goto [GM] Eduardo
[28/05/2011 16:47:27] /goto [GM] Eduardo
[28/05/2011 16:47:27] /goto [GM] Eduardo
[28/05/2011 16:47:27] /goto [GM] Eduardo
[28/05/2011 16:47:27] /goto [GM] Eduardo
[28/05/2011 16:47:27] /goto [GM] Eduardo
[28/05/2011 16:47:27] /goto [GM] Eduardo
[28/05/2011 16:47:27] /goto [GM] Eduardo
[28/05/2011 16:47:27] /goto [GM] Eduardo
[28/05/2011 16:47:27] /goto [GM] Eduardo
[28/05/2011 16:47:27] /goto [GM] Eduardo
[28/05/2011 16:47:28] /goto [GM] Eduardo
[28/05/2011 16:47:28] /goto [GM] Eduardo
[28/05/2011 16:47:28] /goto [GM] Eduardo
[28/05/2011 16:47:28] /goto [GM] Eduardo
[28/05/2011 16:47:28] /goto [GM] Eduardo
[28/05/2011 16:47:28] /goto [GM] Eduardo
[28/05/2011 16:47:28] /goto [GM] Eduardo
[28/05/2011 16:47:28] /goto [GM] Eduardo
[28/05/2011 16:47:28] /goto [GM] Eduardo
[28/05/2011 16:47:28] /goto [GM] Eduardo
[28/05/2011 16:47:28] /goto [GM] Eduardo
[28/05/2011 16:47:28] /goto [GM] Eduardo
[28/05/2011 16:47:28] /goto [GM] Eduardo
[28/05/2011 16:47:28] /goto [GM] Eduardo
[28/05/2011 16:47:28] /goto [GM] Eduardo
[28/05/2011 16:47:28] /goto [GM] Eduardo
[28/05/2011 16:47:28] /goto [GM] Eduardo
[28/05/2011 16:47:28] /goto [GM] Eduardo
[28/05/2011 16:47:28] /goto [GM] Eduardo
[28/05/2011 16:47:28] /goto [GM] Eduardo
[28/05/2011 16:47:28] /goto [GM] Eduardo
[28/05/2011 16:47:28] /goto [GM] Eduardo
[28/05/2011 16:47:28] /goto [GM] Eduardo
[28/05/2011 16:47:28] /goto [GM] Eduardo
[28/05/2011 16:47:29] /goto [GM] Eduardo
[28/05/2011 16:47:29] /goto [GM] Eduardo
[28/05/2011 16:47:29] /goto [GM] Eduardo
[28/05/2011 16:47:29] /goto [GM] Eduardo
[28/05/2011 16:47:29] /goto [GM] Eduardo
[28/05/2011 16:47:29] /goto [GM] Eduardo
[28/05/2011 16:47:29] /goto [GM] Eduardo
[28/05/2011 16:47:29] /goto [GM] Eduardo
[28/05/2011 16:47:29] /goto [GM] Eduardo
[28/05/2011 16:47:29] /goto [GM] Eduardo
[28/05/2011 16:47:29] /goto [GM] Eduardo
[28/05/2011 16:47:29] /goto [GM] Eduardo
[28/05/2011 16:47:29] /goto [GM] Eduardo
[28/05/2011 16:47:29] /goto [GM] Eduardo
[28/05/2011 16:47:29] /goto [GM] Eduardo
[28/05/2011 16:47:29] /goto [GM] Eduardo
[28/05/2011 16:47:29] /goto [GM] Eduardo
[28/05/2011 16:47:29] /goto [GM] Eduardo
[28/05/2011 16:47:29] /goto [GM] Eduardo
[28/05/2011 16:47:29] /goto [GM] Eduardo
[28/05/2011 16:47:29] /goto [GM] Eduardo
[28/05/2011 16:47:29] /goto [GM] Eduardo
[28/05/2011 16:47:29] /goto [GM] Eduardo
[28/05/2011 16:47:29] /goto [GM] Eduardo
[28/05/2011 16:47:30] /goto [GM] Eduardo
[28/05/2011 16:47:30] /goto [GM] Eduardo
[28/05/2011 16:47:30] /goto [GM] Eduardo
[28/05/2011 16:47:30] /goto [GM] Eduardo
[28/05/2011 16:47:30] /goto [GM] Eduardo
[28/05/2011 16:47:30] /goto [GM] Eduardo
[28/05/2011 16:47:30] /goto [GM] Eduardo
[28/05/2011 16:47:30] /goto [GM] Eduardo
[28/05/2011 16:47:30] /goto [GM] Eduardo
[28/05/2011 16:47:30] /goto [GM] Eduardo
[28/05/2011 16:47:30] /goto [GM] Eduardo
[28/05/2011 16:47:30] /goto [GM] Eduardo
[28/05/2011 16:47:30] /goto [GM] Eduardo
[28/05/2011 16:47:30] /goto [GM] Eduardo
[28/05/2011 16:47:30] /goto [GM] Eduardo
[28/05/2011 16:47:30] /goto [GM] Eduardo
[28/05/2011 16:47:30] /goto [GM] Eduardo
[28/05/2011 16:47:30] /goto [GM] Eduardo
[28/05/2011 16:47:30] /goto [GM] Eduardo
[28/05/2011 16:47:30] /goto [GM] Eduardo
[28/05/2011 16:47:30] /goto [GM] Eduardo
[28/05/2011 16:47:30] /goto [GM] Eduardo
[28/05/2011 16:47:30] /goto [GM] Eduardo
[28/05/2011 16:47:30] /goto [GM] Eduardo
[28/05/2011 16:47:31] /goto [GM] Eduardo
[28/05/2011 16:47:31] /goto [GM] Eduardo
[28/05/2011 16:47:31] /goto [GM] Eduardo
[28/05/2011 16:47:31] /goto [GM] Eduardo
[28/05/2011 16:47:31] /goto [GM] Eduardo
[28/05/2011 16:47:31] /goto [GM] Eduardo
[28/05/2011 16:47:31] /goto [GM] Eduardo
[28/05/2011 16:47:31] /goto [GM] Eduardo
[28/05/2011 16:47:31] /goto [GM] Eduardo
[28/05/2011 16:47:31] /goto [GM] Eduardo
[28/05/2011 16:47:31] /goto [GM] Eduardo
[28/05/2011 16:47:31] /goto [GM] Eduardo
[28/05/2011 16:47:31] /goto [GM] Eduardo
[28/05/2011 16:47:31] /goto [GM] Eduardo
[28/05/2011 16:47:31] /goto [GM] Eduardo
[28/05/2011 16:47:31] /goto [GM] Eduardo
[28/05/2011 16:47:31] /goto [GM] Eduardo
[28/05/2011 16:47:31] /goto [GM] Eduardo
[28/05/2011 16:47:31] /goto [GM] Eduardo
[28/05/2011 16:47:31] /goto [GM] Eduardo
[28/05/2011 16:47:31] /goto [GM] Eduardo
[28/05/2011 16:47:31] /goto [GM] Eduardo
[28/05/2011 16:47:31] /goto [GM] Eduardo
[28/05/2011 16:47:31] /goto [GM] Eduardo
[28/05/2011 16:47:32] /goto [GM] Eduardo
[28/05/2011 16:47:32] /goto [GM] Eduardo
[28/05/2011 16:47:32] /goto [GM] Eduardo
[28/05/2011 16:47:32] /goto [GM] Eduardo
[28/05/2011 16:47:32] /goto [GM] Eduardo
[28/05/2011 16:47:32] /goto [GM] Eduardo
[28/05/2011 16:47:32] /goto [GM] Eduardo
[28/05/2011 16:47:32] /goto [GM] Eduardo
[28/05/2011 16:47:32] /goto [GM] Eduardo
[28/05/2011 16:47:32] /goto [GM] Eduardo
[28/05/2011 16:47:32] /goto [GM] Eduardo
[28/05/2011 16:47:32] /goto [GM] Eduardo
[28/05/2011 16:47:32] /goto [GM] Eduardo
[28/05/2011 16:47:32] /goto [GM] Eduardo
[28/05/2011 16:47:32] /goto [GM] Eduardo
[28/05/2011 16:47:32] /goto [GM] Eduardo
[28/05/2011 16:47:32] /goto [GM] Eduardo
[28/05/2011 16:47:32] /goto [GM] Eduardo
[28/05/2011 16:47:32] /goto [GM] Eduardo
[28/05/2011 16:47:32] /goto [GM] Eduardo
[28/05/2011 16:47:32] /goto [GM] Eduardo
[28/05/2011 16:47:32] /goto [GM] Eduardo
[28/05/2011 16:47:32] /goto [GM] Eduardo
[28/05/2011 16:47:32] /goto [GM] Eduardo
[28/05/2011 16:47:32] /goto [GM] Eduardo
[28/05/2011 16:47:33] /goto [GM] Eduardo
[28/05/2011 16:47:33] /goto [GM] Eduardo
[28/05/2011 16:47:33] /goto [GM] Eduardo
[28/05/2011 16:47:33] /goto [GM] Eduardo
[28/05/2011 16:47:33] /goto [GM] Eduardo
[28/05/2011 16:47:33] /goto [GM] Eduardo
[28/05/2011 16:47:33] /goto [GM] Eduardo
[28/05/2011 16:47:33] /goto [GM] Eduardo
[28/05/2011 16:47:33] /goto [GM] Eduardo
[28/05/2011 16:47:33] /goto [GM] Eduardo
[28/05/2011 16:47:33] /goto [GM] Eduardo
[28/05/2011 16:47:33] /goto [GM] Eduardo
[28/05/2011 16:47:33] /goto [GM] Eduardo
[28/05/2011 16:47:33] /goto [GM] Eduardo
[28/05/2011 16:47:33] /goto [GM] Eduardo
[28/05/2011 16:47:33] /goto [GM] Eduardo
[28/05/2011 16:47:33] /goto [GM] Eduardo
[28/05/2011 16:47:33] /goto [GM] Eduardo
[28/05/2011 16:47:33] /goto [GM] Eduardo
[28/05/2011 16:47:33] /goto [GM] Eduardo
[28/05/2011 16:47:33] /goto [GM] Eduardo
[28/05/2011 16:47:33] /goto [GM] Eduardo
[28/05/2011 16:47:33] /goto [GM] Eduardo
[28/05/2011 16:47:33] /goto [GM] Eduardo
[28/05/2011 16:47:34] /goto [GM] Eduardo
[28/05/2011 16:47:34] /goto [GM] Eduardo
[28/05/2011 16:47:34] /goto [GM] Eduardo
[28/05/2011 16:47:34] /goto [GM] Eduardo
[28/05/2011 16:47:34] /goto [GM] Eduardo
[28/05/2011 16:47:34] /goto [GM] Eduardo
[28/05/2011 16:47:34] /goto [GM] Eduardo
[28/05/2011 16:47:34] /goto [GM] Eduardo
[28/05/2011 16:47:34] /goto [GM] Eduardo
[28/05/2011 16:47:34] /goto [GM] Eduardo
[28/05/2011 16:47:34] /goto [GM] Eduardo
[28/05/2011 16:47:34] /goto [GM] Eduardo
[28/05/2011 16:47:34] /goto [GM] Eduardo
[28/05/2011 16:47:34] /goto [GM] Eduardo
[28/05/2011 16:47:34] /goto [GM] Eduardo
[28/05/2011 16:47:34] /goto [GM] Eduardo
[28/05/2011 16:47:34] /goto [GM] Eduardo
[28/05/2011 16:47:34] /goto [GM] Eduardo
[28/05/2011 16:47:34] /goto [GM] Eduardo
[28/05/2011 16:47:34] /goto [GM] Eduardo
[28/05/2011 16:47:34] /goto [GM] Eduardo
[28/05/2011 16:47:34] /goto [GM] Eduardo
[28/05/2011 16:47:34] /goto [GM] Eduardo
[28/05/2011 16:47:34] /goto [GM] Eduardo
[28/05/2011 16:47:34] /goto [GM] Eduardo
[28/05/2011 16:47:35] /goto [GM] Eduardo
[28/05/2011 16:47:35] /goto [GM] Eduardo
[28/05/2011 16:47:35] /goto [GM] Eduardo
[28/05/2011 16:47:35] /goto [GM] Eduardo
[28/05/2011 16:47:35] /goto [GM] Eduardo
[28/05/2011 16:47:35] /goto [GM] Eduardo
[28/05/2011 16:47:35] /goto [GM] Eduardo
[28/05/2011 16:47:35] /goto [GM] Eduardo
[28/05/2011 16:47:35] /goto [GM] Eduardo
[28/05/2011 16:47:35] /goto [GM] Eduardo
[28/05/2011 16:47:35] /goto [GM] Eduardo
[28/05/2011 16:47:35] /goto [GM] Eduardo
[28/05/2011 16:47:35] /goto [GM] Eduardo
[28/05/2011 16:47:35] /goto [GM] Eduardo
[28/05/2011 16:47:35] /goto [GM] Eduardo
[28/05/2011 16:47:35] /goto [GM] Eduardo
[28/05/2011 16:47:35] /goto [GM] Eduardo
[28/05/2011 16:47:35] /goto [GM] Eduardo
[28/05/2011 16:47:35] /goto [GM] Eduardo
[28/05/2011 16:47:35] /goto [GM] Eduardo
[28/05/2011 16:47:35] /goto [GM] Eduardo
[28/05/2011 16:47:35] /goto [GM] Eduardo
[28/05/2011 16:47:35] /goto [GM] Eduardo
[28/05/2011 16:47:35] /goto [GM] Eduardo
[28/05/2011 16:47:35] /goto [GM] Eduardo
[28/05/2011 16:47:36] /goto [GM] Eduardo
[28/05/2011 16:47:36] /goto [GM] Eduardo
[28/05/2011 16:47:36] /goto [GM] Eduardo
[28/05/2011 16:47:36] /goto [GM] Eduardo
[28/05/2011 16:47:36] /goto [GM] Eduardo
[28/05/2011 16:47:36] /goto [GM] Eduardo
[28/05/2011 16:47:36] /goto [GM] Eduardo
[28/05/2011 16:47:36] /goto [GM] Eduardo
[28/05/2011 16:47:36] /goto [GM] Eduardo
[28/05/2011 16:47:36] /goto [GM] Eduardo
[28/05/2011 16:47:36] /goto [GM] Eduardo
[28/05/2011 16:47:36] /goto [GM] Eduardo
[28/05/2011 16:47:36] /goto [GM] Eduardo
[28/05/2011 16:47:36] /goto [GM] Eduardo
[28/05/2011 16:47:36] /goto [GM] Eduardo
[28/05/2011 16:47:36] /goto [GM] Eduardo
[28/05/2011 16:47:36] /goto [GM] Eduardo
[28/05/2011 16:47:36] /goto [GM] Eduardo
[28/05/2011 16:47:36] /goto [GM] Eduardo
[28/05/2011 16:47:36] /goto [GM] Eduardo
[28/05/2011 16:47:36] /goto [GM] Eduardo
[28/05/2011 16:47:37] /goto [GM] Eduardo
[28/05/2011 16:47:37] /goto [GM] Eduardo
[28/05/2011 16:47:37] /goto [GM] Eduardo
[28/05/2011 16:47:37] /goto [GM] Eduardo
[28/05/2011 16:47:37] /goto [GM] Eduardo
[28/05/2011 16:47:37] /goto [GM] Eduardo
[28/05/2011 16:47:37] /goto [GM] Eduardo
[28/05/2011 16:47:37] /goto [GM] Eduardo
[28/05/2011 16:47:37] /goto [GM] Eduardo
[28/05/2011 16:47:37] /goto [GM] Eduardo
[28/05/2011 16:47:37] /goto [GM] Eduardo
[28/05/2011 16:47:37] /goto [GM] Eduardo
[28/05/2011 16:47:37] /goto [GM] Eduardo
[28/05/2011 16:47:37] /goto [GM] Eduardo
[28/05/2011 16:47:37] /goto [GM] Eduardo
[28/05/2011 16:47:37] /goto [GM] Eduardo
[28/05/2011 16:47:37] /goto [GM] Eduardo
[28/05/2011 16:47:37] /goto [GM] Eduardo
[28/05/2011 16:47:37] /goto [GM] Eduardo
[28/05/2011 16:47:37] /goto [GM] Eduardo
[28/05/2011 16:47:37] /goto [GM] Eduardo
[28/05/2011 16:47:38] /goto [GM] Eduardo
[28/05/2011 16:47:38] /goto [GM] Eduardo
[28/05/2011 16:47:38] /goto [GM] Eduardo
[28/05/2011 16:47:38] /goto [GM] Eduardo
[28/05/2011 16:47:38] /goto [GM] Eduardo
[28/05/2011 16:47:38] /goto [GM] Eduardo
[28/05/2011 16:47:38] /goto [GM] Eduardo
[28/05/2011 16:47:38] /goto [GM] Eduardo
[28/05/2011 16:47:38] /goto [GM] Eduardo
[28/05/2011 16:47:38] /goto [GM] Eduardo
[28/05/2011 16:47:38] /goto [GM] Eduardo
[28/05/2011 16:47:38] /goto [GM] Eduardo
[28/05/2011 16:47:38] /goto [GM] Eduardo
[28/05/2011 16:47:38] /goto [GM] Eduardo
[28/05/2011 16:47:38] /goto [GM] Eduardo
[28/05/2011 16:47:38] /goto [GM] Eduardo
[28/05/2011 16:47:38] /goto [GM] Eduardo
[28/05/2011 16:47:38] /goto [GM] Eduardo
[28/05/2011 16:47:38] /goto [GM] Eduardo
[28/05/2011 16:47:38] /goto [GM] Eduardo
[28/05/2011 16:47:38] /goto [GM] Eduardo
[28/05/2011 16:47:38] /goto [GM] Eduardo
[28/05/2011 16:47:38] /goto [GM] Eduardo
[28/05/2011 16:47:38] /goto [GM] Eduardo
[28/05/2011 16:47:38] /goto [GM] Eduardo
[28/05/2011 16:47:39] /goto [GM] Eduardo
[28/05/2011 16:47:39] /goto [GM] Eduardo
[28/05/2011 16:47:39] /goto [GM] Eduardo
[28/05/2011 16:47:39] /goto [GM] Eduardo
[28/05/2011 16:47:39] /goto [GM] Eduardo
[28/05/2011 16:47:39] /goto [GM] Eduardo
[28/05/2011 16:47:39] /goto [GM] Eduardo
[28/05/2011 16:47:39] /goto [GM] Eduardo
[28/05/2011 16:47:39] /goto [GM] Eduardo
[28/05/2011 16:47:39] /goto [GM] Eduardo
[28/05/2011 16:47:39] /goto [GM] Eduardo
[28/05/2011 16:47:39] /goto [GM] Eduardo
[28/05/2011 16:47:39] /goto [GM] Eduardo
[28/05/2011 16:47:39] /goto [GM] Eduardo
[28/05/2011 16:47:39] /goto [GM] Eduardo
[28/05/2011 16:47:39] /goto [GM] Eduardo
[28/05/2011 16:47:39] /goto [GM] Eduardo
[28/05/2011 16:47:39] /goto [GM] Eduardo
[28/05/2011 16:47:39] /goto [GM] Eduardo
[28/05/2011 16:47:39] /goto [GM] Eduardo
[28/05/2011 16:47:39] /goto [GM] Eduardo
[28/05/2011 16:47:39] /goto [GM] Eduardo
[28/05/2011 16:47:39] /goto [GM] Eduardo
[28/05/2011 16:47:39] /goto [GM] Eduardo
[28/05/2011 16:47:39] /goto [GM] Eduardo
[28/05/2011 16:47:40] /goto [GM] Eduardo
[28/05/2011 16:47:40] /goto [GM] Eduardo
[28/05/2011 16:47:40] /goto [GM] Eduardo
[28/05/2011 16:47:40] /goto [GM] Eduardo
[28/05/2011 16:47:40] /goto [GM] Eduardo
[28/05/2011 16:47:40] /goto [GM] Eduardo
[28/05/2011 16:47:40] /goto [GM] Eduardo
[28/05/2011 16:47:40] /goto [GM] Eduardo
[28/05/2011 16:47:40] /goto [GM] Eduardo
[28/05/2011 16:47:40] /goto [GM] Eduardo
[28/05/2011 16:47:40] /goto [GM] Eduardo
[28/05/2011 16:47:40] /goto [GM] Eduardo
[28/05/2011 16:47:40] /goto [GM] Eduardo
[28/05/2011 16:47:40] /goto [GM] Eduardo
[28/05/2011 16:47:40] /goto [GM] Eduardo
[28/05/2011 16:47:40] /goto [GM] Eduardo
[28/05/2011 16:47:40] /goto [GM] Eduardo
[28/05/2011 16:47:40] /goto [GM] Eduardo
[28/05/2011 16:47:40] /goto [GM] Eduardo
[28/05/2011 16:47:40] /goto [GM] Eduardo
[28/05/2011 16:47:40] /goto [GM] Eduardo
[28/05/2011 16:47:40] /goto [GM] Eduardo
[28/05/2011 16:47:40] /goto [GM] Eduardo
[28/05/2011 16:47:40] /goto [GM] Eduardo
[28/05/2011 16:47:40] /goto [GM] Eduardo
[28/05/2011 16:47:40] /goto [GM] Eduardo
[28/05/2011 16:47:40] /goto [GM] Eduardo
[28/05/2011 16:47:41] /goto [GM] Eduardo
[28/05/2011 16:47:41] /goto [GM] Eduardo
[28/05/2011 16:47:41] /goto [GM] Eduardo
[28/05/2011 16:47:41] /goto [GM] Eduardo
[28/05/2011 16:47:41] /goto [GM] Eduardo
[28/05/2011 16:47:41] /goto [GM] Eduardo
[28/05/2011 16:47:41] /goto [GM] Eduardo
[28/05/2011 16:47:41] /goto [GM] Eduardo
[28/05/2011 16:47:41] /goto [GM] Eduardo
[28/05/2011 16:47:41] /goto [GM] Eduardo
[28/05/2011 16:47:41] /goto [GM] Eduardo
[28/05/2011 16:47:41] /goto [GM] Eduardo
[28/05/2011 16:47:41] /goto [GM] Eduardo
[28/05/2011 16:47:41] /goto [GM] Eduardo
[28/05/2011 16:47:41] /goto [GM] Eduardo
[28/05/2011 16:47:41] /goto [GM] Eduardo
[28/05/2011 16:47:41] /goto [GM] Eduardo
[28/05/2011 16:47:41] /goto [GM] Eduardo
[28/05/2011 16:47:41] /goto [GM] Eduardo
[28/05/2011 16:47:41] /goto [GM] Eduardo
[28/05/2011 16:47:41] /goto [GM] Eduardo
[28/05/2011 16:47:41] /goto [GM] Eduardo
[28/05/2011 16:47:41] /goto [GM] Eduardo
[28/05/2011 16:47:41] /goto [GM] Eduardo
[28/05/2011 16:47:41] /goto [GM] Eduardo
[28/05/2011 16:47:41] /goto [GM] Eduardo
[28/05/2011 16:47:41] /goto [GM] Eduardo
[28/05/2011 16:47:41] /goto [GM] Eduardo
[28/05/2011 16:47:41] /goto [GM] Eduardo
[28/05/2011 16:47:42] /goto [GM] Eduardo
[28/05/2011 16:47:42] /goto [GM] Eduardo
[28/05/2011 16:47:42] /goto [GM] Eduardo
[28/05/2011 16:47:42] /goto [GM] Eduardo
[28/05/2011 16:47:42] /goto [GM] Eduardo
[28/05/2011 16:47:42] /goto [GM] Eduardo
[28/05/2011 16:47:44] /goto [GM] Eduardo
[28/05/2011 16:47:44] /goto [GM] Eduardo
[28/05/2011 16:47:45] /goto [GM] Eduardo
[28/05/2011 16:47:45] /goto [GM] Eduardo
[28/05/2011 16:47:45] /goto [GM] Eduardo
[28/05/2011 16:47:45] /goto [GM] Eduardo
[28/05/2011 16:47:45] /goto [GM] Eduardo
[28/05/2011 16:47:45] /goto [GM] Eduardo
[28/05/2011 16:47:45] /goto [GM] Eduardo
[28/05/2011 16:47:45] /goto [GM] Eduardo
[28/05/2011 16:47:45] /goto [GM] Eduardo
[28/05/2011 16:47:45] /goto [GM] Eduardo
[28/05/2011 16:47:45] /goto [GM] Eduardo
[28/05/2011 16:47:45] /goto [GM] Eduardo
[28/05/2011 16:47:45] /goto [GM] Eduardo
[28/05/2011 16:47:45] /goto [GM] Eduardo
[28/05/2011 16:47:45] /goto [GM] Eduardo
[28/05/2011 16:47:45] /goto [GM] Eduardo
[28/05/2011 16:47:45] /goto [GM] Eduardo
[28/05/2011 16:47:45] /goto [GM] Eduardo
[28/05/2011 16:47:45] /goto [GM] Eduardo
[28/05/2011 16:47:45] /goto [GM] Eduardo
[28/05/2011 16:47:45] /goto [GM] Eduardo
[28/05/2011 16:47:45] /goto [GM] Eduardo
[28/05/2011 16:47:45] /goto [GM] Eduardo
[28/05/2011 16:47:45] /goto [GM] Eduardo
[28/05/2011 16:47:45] /goto [GM] Eduardo
[28/05/2011 16:47:46] /goto [GM] Eduardo
[28/05/2011 16:47:46] /goto [GM] Eduardo
[28/05/2011 16:47:46] /goto [GM] Eduardo
[28/05/2011 16:47:46] /goto [GM] Eduardo
[28/05/2011 16:47:46] /goto [GM] Eduardo
[28/05/2011 16:47:46] /goto [GM] Eduardo
[28/05/2011 16:47:46] /goto [GM] Eduardo
[28/05/2011 16:47:46] /goto [GM] Eduardo
[28/05/2011 16:47:46] /goto [GM] Eduardo
[28/05/2011 16:47:46] /goto [GM] Eduardo
[28/05/2011 16:47:46] /goto [GM] Eduardo
[28/05/2011 16:47:46] /goto [GM] Eduardo
[28/05/2011 16:47:46] /goto [GM] Eduardo
[28/05/2011 16:47:46] /goto [GM] Eduardo
[28/05/2011 16:47:46] /goto [GM] Eduardo
[28/05/2011 16:47:46] /goto [GM] Eduardo
[28/05/2011 16:47:46] /goto [GM] Eduardo
[28/05/2011 16:47:46] /goto [GM] Eduardo
[28/05/2011 16:47:46] /goto [GM] Eduardo
[28/05/2011 16:47:46] /goto [GM] Eduardo
[28/05/2011 16:47:46] /goto [GM] Eduardo
[28/05/2011 16:47:46] /goto [GM] Eduardo
[28/05/2011 16:47:46] /goto [GM] Eduardo
[28/05/2011 16:47:46] /goto [GM] Eduardo
[28/05/2011 16:47:46] /goto [GM] Eduardo
[28/05/2011 16:47:46] /goto [GM] Eduardo
[28/05/2011 16:47:46] /goto [GM] Eduardo
[28/05/2011 16:47:47] /goto [GM] Eduardo
[28/05/2011 16:47:47] /goto [GM] Eduardo
[28/05/2011 16:47:47] /goto [GM] Eduardo
[28/05/2011 16:47:47] /goto [GM] Eduardo
[28/05/2011 16:47:50] /goto [GM] Eduardo
[28/05/2011 16:47:50] /goto [GM] Eduardo
[28/05/2011 16:47:50] /goto [GM] Eduardo
[28/05/2011 16:47:51] /goto [GM] Eduardo
[28/05/2011 16:47:51] /goto [GM] Eduardo
[28/05/2011 16:47:51] /goto [GM] Eduardo
[28/05/2011 16:47:51] /goto [GM] Eduardo
[28/05/2011 16:47:51] /goto [GM] Eduardo
[28/05/2011 16:47:51] /goto [GM] Eduardo
[28/05/2011 16:47:51] /goto [GM] Eduardo
[28/05/2011 16:47:51] /goto [GM] Eduardo
[28/05/2011 16:47:51] /goto [GM] Eduardo
[28/05/2011 16:47:51] /goto [GM] Eduardo
[28/05/2011 16:47:51] /goto [GM] Eduardo
[28/05/2011 16:47:51] /goto [GM] Eduardo
[28/05/2011 16:47:51] /goto [GM] Eduardo
[28/05/2011 16:47:51] /goto [GM] Eduardo
[28/05/2011 16:47:51] /goto [GM] Eduardo
[28/05/2011 16:47:51] /goto [GM] Eduardo
[28/05/2011 16:47:51] /goto [GM] Eduardo
[28/05/2011 16:47:52] /goto [GM] Eduardo
[28/05/2011 16:47:53] /goto [GM] Eduardo
[28/05/2011 16:47:53] /goto [GM] Eduardo
[28/05/2011 16:48:00] /goto [GM] Eduardo
[28/05/2011 16:48:01] /goto [GM] Eduardo
[28/05/2011 16:48:01] /goto [GM] Eduardo
[28/05/2011 16:48:01] /goto [GM] Eduardo
[28/05/2011 16:48:01] /goto [GM] Eduardo
[28/05/2011 16:48:01] /goto [GM] Eduardo
[28/05/2011 16:48:01] /goto [GM] Eduardo
[28/05/2011 16:48:01] /goto [GM] Eduardo
[28/05/2011 16:48:03] /goto [GM] Eduardo
[28/05/2011 16:48:03] /goto [GM] Eduardo
[28/05/2011 16:48:03] /goto [GM] Eduardo
[28/05/2011 16:48:03] /goto [GM] Eduardo
[28/05/2011 16:48:03] /goto [GM] Eduardo
[28/05/2011 16:48:03] /goto [GM] Eduardo
[28/05/2011 16:48:03] /goto [GM] Eduardo
[28/05/2011 16:48:03] /goto [GM] Eduardo
[28/05/2011 16:48:03] /goto [GM] Eduardo
[28/05/2011 16:48:03] /goto [GM] Eduardo
[28/05/2011 16:48:04] /goto [GM] Eduardo
[28/05/2011 16:48:04] /goto [GM] Eduardo
[28/05/2011 16:48:04] /goto [GM] Eduardo
[28/05/2011 16:48:04] /goto [GM] Eduardo
[28/05/2011 16:48:04] /goto [GM] Eduardo
[28/05/2011 16:48:04] /goto [GM] Eduardo
[28/05/2011 16:48:04] /goto [GM] Eduardo
[28/05/2011 16:48:04] /goto [GM] Eduardo
[28/05/2011 16:48:04] /goto [GM] Eduardo
[28/05/2011 16:48:04] /goto [GM] Eduardo
[28/05/2011 16:48:04] /goto [GM] Eduardo
[28/05/2011 16:48:04] /goto [GM] Eduardo
[28/05/2011 16:48:04] /goto [GM] Eduardo
[28/05/2011 16:48:04] /goto [GM] Eduardo
[28/05/2011 16:48:04] /goto [GM] Eduardo
[28/05/2011 16:48:05] /goto [GM] Eduardo
[28/05/2011 16:48:05] /goto [GM] Eduardo
[28/05/2011 16:48:06] /goto [GM] Eduardo
[28/05/2011 16:48:06] /goto [GM] Eduardo
[28/05/2011 16:48:06] /goto [GM] Eduardo
[28/05/2011 16:48:07] /goto [GM] Eduardo
[28/05/2011 16:48:07] /goto [GM] Eduardo
[28/05/2011 16:48:07] /goto [GM] Eduardo
[28/05/2011 16:48:07] /goto [GM] Eduardo
[28/05/2011 16:48:07] /goto [GM] Eduardo
[28/05/2011 16:48:07] /goto [GM] Eduardo
[28/05/2011 16:48:08] /goto [GM] Eduardo
[28/05/2011 16:48:08] /goto [GM] Eduardo
[28/05/2011 16:48:08] /goto [GM] Eduardo
[28/05/2011 16:48:08] /goto [GM] Eduardo
[28/05/2011 16:48:08] /goto [GM] Eduardo
[28/05/2011 16:48:09] /goto [GM] Eduardo
[28/05/2011 16:48:09] /goto [GM] Eduardo
[28/05/2011 16:48:09] /goto [GM] Eduardo
[28/05/2011 16:48:09] /goto [GM] Eduardo
[28/05/2011 16:48:09] /goto [GM] Eduardo
[28/05/2011 16:48:09] /goto [GM] Eduardo
[28/05/2011 16:48:09] /goto [GM] Eduardo
[28/05/2011 16:48:09] /goto [GM] Eduardo
[28/05/2011 16:48:09] /goto [GM] Eduardo
[28/05/2011 16:48:09] /goto [GM] Eduardo
[28/05/2011 16:48:09] /goto [GM] Eduardo
[28/05/2011 16:48:09] /goto [GM] Eduardo
[28/05/2011 16:48:09] /goto [GM] Eduardo
[28/05/2011 16:48:09] /goto [GM] Eduardo
[28/05/2011 16:48:09] /goto [GM] Eduardo
[28/05/2011 16:48:09] /goto [GM] Eduardo
[28/05/2011 16:48:09] /goto [GM] Eduardo
[28/05/2011 16:48:09] /goto [GM] Eduardo
[28/05/2011 16:48:09] /goto [GM] Eduardo
[28/05/2011 16:48:09] /goto [GM] Eduardo
[28/05/2011 16:48:09] /goto [GM] Eduardo
[28/05/2011 16:48:09] /goto [GM] Eduardo
[28/05/2011 16:48:09] /goto [GM] Eduardo
[28/05/2011 16:48:10] /goto [GM] Eduardo
[28/05/2011 16:48:10] /goto [GM] Eduardo
[28/05/2011 16:48:10] /goto [GM] Eduardo
[28/05/2011 16:48:10] /goto [GM] Eduardo
[28/05/2011 16:48:10] /goto [GM] Eduardo
[28/05/2011 16:48:10] /goto [GM] Eduardo
[28/05/2011 16:48:10] /goto [GM] Eduardo
[28/05/2011 16:48:10] /goto [GM] Eduardo
[28/05/2011 16:48:10] /goto [GM] Eduardo
[28/05/2011 16:48:10] /goto [GM] Eduardo
[28/05/2011 16:48:10] /goto [GM] Eduardo
[28/05/2011 16:48:10] /goto [GM] Eduardo
[28/05/2011 16:48:10] /goto [GM] Eduardo
[28/05/2011 16:48:10] /goto [GM] Eduardo
[28/05/2011 16:48:10] /goto [GM] Eduardo
[28/05/2011 16:48:10] /goto [GM] Eduardo
[28/05/2011 16:48:10] /goto [GM] Eduardo
[28/05/2011 16:48:10] /goto [GM] Eduardo
[28/05/2011 16:48:10] /goto [GM] Eduardo
[28/05/2011 16:48:11] /goto [GM] Eduardo
[28/05/2011 16:48:13] /goto [GM] Eduardo
[28/05/2011 16:48:14] /goto [GM] Eduardo
[28/05/2011 16:48:14] /goto [GM] Eduardo
[28/05/2011 16:48:15] /goto [GM] Eduardo
[28/05/2011 16:48:15] /goto [GM] Eduardo
[28/05/2011 16:48:16] /goto [GM] Eduardo
[28/05/2011 16:48:16] /goto [GM] Eduardo
[28/05/2011 16:48:16] /goto [GM] Eduardo
[28/05/2011 16:48:16] /goto [GM] Eduardo
[28/05/2011 16:48:16] /goto [GM] Eduardo
[28/05/2011 16:48:16] /goto [GM] Eduardo
[28/05/2011 16:48:16] /goto [GM] Eduardo
[28/05/2011 16:48:16] /goto [GM] Eduardo
[28/05/2011 16:48:16] /goto [GM] Eduardo
[28/05/2011 16:48:16] /goto [GM] Eduardo
[28/05/2011 16:48:16] /goto [GM] Eduardo
[28/05/2011 16:48:16] /goto [GM] Eduardo
[28/05/2011 16:48:16] /goto [GM] Eduardo
[28/05/2011 16:48:16] /goto [GM] Eduardo
[28/05/2011 16:48:16] /goto [GM] Eduardo
[28/05/2011 16:48:16] /goto [GM] Eduardo
[28/05/2011 16:48:16] /goto [GM] Eduardo
[28/05/2011 16:48:16] /goto [GM] Eduardo
[28/05/2011 16:48:16] /goto [GM] Eduardo
[28/05/2011 16:48:16] /goto [GM] Eduardo
[28/05/2011 16:48:16] /goto [GM] Eduardo
[28/05/2011 16:48:33] /goto [GM] Eduardo
[28/05/2011 16:48:34] /goto [GM] Eduardo
[28/05/2011 16:48:34] /goto [GM] Eduardo
[28/05/2011 16:48:34] /goto [GM] Eduardo
[28/05/2011 16:48:34] /goto [GM] Eduardo
[28/05/2011 16:48:34] /goto [GM] Eduardo
[28/05/2011 16:48:34] /goto [GM] Eduardo
[28/05/2011 16:48:34] /goto [GM] Eduardo
[28/05/2011 16:48:34] /goto [GM] Eduardo
[28/05/2011 16:48:34] /goto [GM] Eduardo
[28/05/2011 16:48:34] /goto [GM] Eduardo
[28/05/2011 16:48:34] /goto [GM] Eduardo
[28/05/2011 16:48:34] /goto [GM] Eduardo
[28/05/2011 16:48:34] /goto [GM] Eduardo
[28/05/2011 16:48:34] /goto [GM] Eduardo
[28/05/2011 16:48:34] /goto [GM] Eduardo
[28/05/2011 16:48:34] /goto [GM] Eduardo
[28/05/2011 16:48:34] /goto [GM] Eduardo
[28/05/2011 16:48:34] /goto [GM] Eduardo
[28/05/2011 16:48:34] /goto [GM] Eduardo
[28/05/2011 16:48:34] /goto [GM] Eduardo
[28/05/2011 16:48:34] /goto [GM] Eduardo
[28/05/2011 16:48:34] /goto [GM] Eduardo
[28/05/2011 16:48:34] /goto [GM] Eduardo
[28/05/2011 16:48:34] /goto [GM] Eduardo
[28/05/2011 16:48:34] /goto [GM] Eduardo
[28/05/2011 16:48:34] /goto [GM] Eduardo
[28/05/2011 16:48:35] /goto [GM] Eduardo
[28/05/2011 16:48:35] /goto [GM] Eduardo
[28/05/2011 16:48:35] /goto [GM] Eduardo
[28/05/2011 16:48:35] /goto [GM] Eduardo
[28/05/2011 16:48:35] /goto [GM] Eduardo
[28/05/2011 16:48:35] /goto [GM] Eduardo
[28/05/2011 16:48:43] /t [GM] Eduardo
[28/05/2011 16:48:45] /goto [GM] Eduardo
[28/05/2011 16:48:46] /goto [GM] Eduardo
[28/05/2011 16:48:46] /goto [GM] Eduardo
[28/05/2011 16:48:46] /goto [GM] Eduardo
[28/05/2011 16:48:46] /goto [GM] Eduardo
[28/05/2011 16:48:46] /goto [GM] Eduardo
[28/05/2011 16:48:46] /goto [GM] Eduardo
[28/05/2011 16:48:46] /goto [GM] Eduardo
[28/05/2011 16:48:46] /goto [GM] Eduardo
[28/05/2011 16:48:46] /goto [GM] Eduardo
[28/05/2011 16:48:46] /goto [GM] Eduardo
[28/05/2011 16:48:46] /goto [GM] Eduardo
[28/05/2011 16:48:46] /goto [GM] Eduardo
[28/05/2011 16:48:46] /goto [GM] Eduardo
[28/05/2011 16:48:47] /goto [GM] Eduardo
[28/05/2011 16:48:47] /goto [GM] Eduardo
[28/05/2011 16:48:47] /goto [GM] Eduardo
[28/05/2011 16:48:47] /goto [GM] Eduardo
[28/05/2011 16:48:47] /goto [GM] Eduardo
[28/05/2011 16:48:47] /goto [GM] Eduardo
[28/05/2011 16:48:47] /goto [GM] Eduardo
[28/05/2011 16:48:47] /goto [GM] Eduardo
[28/05/2011 16:48:47] /goto [GM] Eduardo
[28/05/2011 16:49:03] /a
[28/05/2011 16:49:03] /a
[28/05/2011 16:49:10] /goto [GM] Eduardo
[28/05/2011 16:49:10] /goto [GM] Eduardo
[28/05/2011 16:49:10] /goto [GM] Eduardo
[28/05/2011 16:49:10] /goto [GM] Eduardo
[28/05/2011 16:49:10] /goto [GM] Eduardo
[28/05/2011 16:49:10] /goto [GM] Eduardo
[28/05/2011 16:49:10] /goto [GM] Eduardo
[28/05/2011 16:49:10] /goto [GM] Eduardo
[28/05/2011 16:49:10] /goto [GM] Eduardo
[28/05/2011 16:49:10] /goto [GM] Eduardo
[28/05/2011 16:49:10] /goto [GM] Eduardo
[28/05/2011 16:49:10] /goto [GM] Eduardo
[28/05/2011 16:49:11] /goto [GM] Eduardo
[28/05/2011 16:49:11] /goto [GM] Eduardo
[28/05/2011 16:49:11] /goto [GM] Eduardo
[28/05/2011 16:49:11] /goto [GM] Eduardo
[28/05/2011 16:49:11] /goto [GM] Eduardo
[28/05/2011 16:49:11] /goto [GM] Eduardo
[28/05/2011 16:49:11] /goto [GM] Eduardo
[28/05/2011 16:49:11] /goto [GM] Eduardo
[28/05/2011 16:49:11] /goto [GM] Eduardo
[28/05/2011 16:49:11] /goto [GM] Eduardo
[28/05/2011 16:49:11] /goto [GM] Eduardo
[28/05/2011 16:49:11] /goto [GM] Eduardo
[28/05/2011 16:49:11] /goto [GM] Eduardo
[28/05/2011 16:49:11] /goto [GM] Eduardo
[28/05/2011 16:49:11] /goto [GM] Eduardo
[28/05/2011 16:49:11] /goto [GM] Eduardo
[28/05/2011 16:49:11] /goto [GM] Eduardo
[28/05/2011 16:49:11] /goto [GM] Eduardo
[28/05/2011 16:49:11] /goto [GM] Eduardo
[28/05/2011 16:49:11] /goto [GM] Eduardo
[28/05/2011 16:49:11] /goto [GM] Eduardo
[28/05/2011 16:49:11] /goto [GM] Eduardo
[28/05/2011 16:49:11] /goto [GM] Eduardo
[28/05/2011 16:49:11] /goto [GM] Eduardo
[28/05/2011 16:49:12] /goto [GM] Eduardo
[28/05/2011 16:49:12] /goto [GM] Eduardo
[28/05/2011 16:49:12] /goto [GM] Eduardo
[28/05/2011 16:49:12] /goto [GM] Eduardo
[28/05/2011 16:49:12] /goto [GM] Eduardo
[28/05/2011 16:49:12] /goto [GM] Eduardo
[28/05/2011 16:49:12] /goto [GM] Eduardo
[28/05/2011 16:49:12] /goto [GM] Eduardo
[28/05/2011 16:49:12] /goto [GM] Eduardo
[28/05/2011 16:49:12] /goto [GM] Eduardo
[28/05/2011 16:49:12] /goto [GM] Eduardo
[28/05/2011 16:49:12] /goto [GM] Eduardo
[28/05/2011 16:49:12] /goto [GM] Eduardo
[28/05/2011 16:49:12] /goto [GM] Eduardo
[28/05/2011 16:49:12] /goto [GM] Eduardo
[28/05/2011 16:49:12] /goto [GM] Eduardo
[28/05/2011 16:49:12] /goto [GM] Eduardo
[28/05/2011 16:49:12] /goto [GM] Eduardo
[28/05/2011 16:49:12] /goto [GM] Eduardo
[28/05/2011 16:49:12] /goto [GM] Eduardo
[28/05/2011 16:49:12] /goto [GM] Eduardo
[28/05/2011 16:49:12] /goto [GM] Eduardo
[28/05/2011 16:49:12] /goto [GM] Eduardo
[28/05/2011 16:49:12] /goto [GM] Eduardo
[28/05/2011 16:49:13] /goto [GM] Eduardo
[28/05/2011 16:49:13] /goto [GM] Eduardo
[28/05/2011 16:49:13] /goto [GM] Eduardo
[28/05/2011 16:49:13] /goto [GM] Eduardo
[28/05/2011 16:49:13] /goto [GM] Eduardo
[28/05/2011 16:49:13] /goto [GM] Eduardo
[28/05/2011 16:49:13] /goto [GM] Eduardo
[28/05/2011 16:49:13] /goto [GM] Eduardo
[28/05/2011 16:49:13] /goto [GM] Eduardo
[28/05/2011 16:49:13] /goto [GM] Eduardo
[28/05/2011 16:49:13] /goto [GM] Eduardo
[28/05/2011 16:49:13] /goto [GM] Eduardo
[28/05/2011 16:49:13] /goto [GM] Eduardo
[28/05/2011 16:49:13] /goto [GM] Eduardo
[28/05/2011 16:49:13] /goto [GM] Eduardo
[28/05/2011 16:49:13] /goto [GM] Eduardo
[28/05/2011 16:49:13] /goto [GM] Eduardo
[28/05/2011 16:49:13] /goto [GM] Eduardo
[28/05/2011 16:49:13] /goto [GM] Eduardo
[28/05/2011 16:49:13] /goto [GM] Eduardo
[28/05/2011 16:49:13] /goto [GM] Eduardo
[28/05/2011 16:49:13] /goto [GM] Eduardo
[28/05/2011 16:49:13] /goto [GM] Eduardo
[28/05/2011 16:49:14] /goto [GM] Eduardo
[28/05/2011 16:49:14] /goto [GM] Eduardo
[28/05/2011 16:49:14] /goto [GM] Eduardo
[28/05/2011 16:49:14] /goto [GM] Eduardo
[28/05/2011 16:49:14] /goto [GM] Eduardo
[28/05/2011 16:49:14] /goto [GM] Eduardo
[28/05/2011 16:49:14] /goto [GM] Eduardo
[28/05/2011 16:49:14] /goto [GM] Eduardo
[28/05/2011 16:49:14] /goto [GM] Eduardo
[28/05/2011 16:49:14] /goto [GM] Eduardo
[28/05/2011 16:49:14] /goto [GM] Eduardo
[28/05/2011 16:49:14] /goto [GM] Eduardo
[28/05/2011 16:49:14] /goto [GM] Eduardo
[28/05/2011 16:49:14] /goto [GM] Eduardo
[28/05/2011 16:49:14] /goto [GM] Eduardo
[28/05/2011 16:49:14] /goto [GM] Eduardo
[28/05/2011 16:49:14] /goto [GM] Eduardo
[28/05/2011 16:49:14] /goto [GM] Eduardo
[28/05/2011 16:49:14] /goto [GM] Eduardo
[28/05/2011 16:49:14] /goto [GM] Eduardo
[28/05/2011 16:49:14] /goto [GM] Eduardo
[28/05/2011 16:49:14] /goto [GM] Eduardo
[28/05/2011 16:49:14] /goto [GM] Eduardo
[28/05/2011 16:49:14] /goto [GM] Eduardo
[28/05/2011 16:49:14] /goto [GM] Eduardo
[28/05/2011 16:49:14] /goto [GM] Eduardo
[28/05/2011 16:49:15] /goto [GM] Eduardo
[28/05/2011 16:49:15] /goto [GM] Eduardo
[28/05/2011 16:49:15] /goto [GM] Eduardo
[28/05/2011 16:49:15] /goto [GM] Eduardo
[28/05/2011 16:49:15] /goto [GM] Eduardo
[28/05/2011 16:49:15] /goto [GM] Eduardo
[28/05/2011 16:49:15] /goto [GM] Eduardo
[28/05/2011 16:49:15] /goto [GM] Eduardo
[28/05/2011 16:49:15] /goto [GM] Eduardo
[28/05/2011 16:49:15] /goto [GM] Eduardo
[28/05/2011 16:49:15] /goto [GM] Eduardo
[28/05/2011 16:49:15] /goto [GM] Eduardo
[28/05/2011 16:49:15] /goto [GM] Eduardo
[28/05/2011 16:49:15] /goto [GM] Eduardo
[28/05/2011 16:49:15] /goto [GM] Eduardo
[28/05/2011 16:49:15] /goto [GM] Eduardo
[28/05/2011 16:49:15] /goto [GM] Eduardo
[28/05/2011 16:49:15] /goto [GM] Eduardo
[28/05/2011 16:49:15] /goto [GM] Eduardo
[28/05/2011 16:49:15] /goto [GM] Eduardo
[28/05/2011 16:49:15] /goto [GM] Eduardo
[28/05/2011 16:49:15] /goto [GM] Eduardo
[28/05/2011 16:49:15] /goto [GM] Eduardo
[28/05/2011 16:49:15] /goto [GM] Eduardo
[28/05/2011 16:49:15] /goto [GM] Eduardo
[28/05/2011 16:49:16] /goto [GM] Eduardo
[28/05/2011 16:49:16] /goto [GM] Eduardo
[28/05/2011 16:49:16] /goto [GM] Eduardo
[28/05/2011 16:49:16] /goto [GM] Eduardo
[28/05/2011 16:49:16] /goto [GM] Eduardo
[28/05/2011 16:49:16] /goto [GM] Eduardo
[28/05/2011 16:49:16] /goto [GM] Eduardo
[28/05/2011 16:49:16] /goto [GM] Eduardo
[28/05/2011 16:49:16] /goto [GM] Eduardo
[28/05/2011 16:49:16] /goto [GM] Eduardo
[28/05/2011 16:49:16] /goto [GM] Eduardo
[28/05/2011 16:49:16] /goto [GM] Eduardo
[28/05/2011 16:49:16] /goto [GM] Eduardo
[28/05/2011 16:49:16] /goto [GM] Eduardo
[28/05/2011 16:49:16] /goto [GM] Eduardo
[28/05/2011 16:49:16] /goto [GM] Eduardo
[28/05/2011 16:49:16] /goto [GM] Eduardo
[28/05/2011 16:49:16] /goto [GM] Eduardo
[28/05/2011 16:49:16] /goto [GM] Eduardo
[28/05/2011 16:49:16] /goto [GM] Eduardo
[28/05/2011 16:49:16] /goto [GM] Eduardo
[28/05/2011 16:49:16] /goto [GM] Eduardo
[28/05/2011 16:49:16] /goto [GM] Eduardo
[28/05/2011 16:49:16] /goto [GM] Eduardo
[28/05/2011 16:49:16] /goto [GM] Eduardo
[28/05/2011 16:49:16] /goto [GM] Eduardo
[28/05/2011 16:49:17] /goto [GM] Eduardo
[28/05/2011 16:49:17] /goto [GM] Eduardo
[28/05/2011 16:49:17] /goto [GM] Eduardo
[28/05/2011 16:49:17] /goto [GM] Eduardo
[28/05/2011 16:49:17] /goto [GM] Eduardo
[28/05/2011 16:49:17] /goto [GM] Eduardo
[28/05/2011 16:49:17] /goto [GM] Eduardo
[28/05/2011 16:49:17] /goto [GM] Eduardo
[28/05/2011 16:49:17] /goto [GM] Eduardo
[28/05/2011 16:49:17] /goto [GM] Eduardo
[28/05/2011 16:49:17] /goto [GM] Eduardo
[28/05/2011 16:49:17] /goto [GM] Eduardo
[28/05/2011 16:49:17] /goto [GM] Eduardo
[28/05/2011 16:49:17] /goto [GM] Eduardo
[28/05/2011 16:49:17] /goto [GM] Eduardo
[28/05/2011 16:49:17] /goto [GM] Eduardo
[28/05/2011 16:49:17] /goto [GM] Eduardo
[28/05/2011 16:49:17] /goto [GM] Eduardo
[28/05/2011 16:49:17] /goto [GM] Eduardo
[28/05/2011 16:49:17] /goto [GM] Eduardo
[28/05/2011 16:49:17] /goto [GM] Eduardo
[28/05/2011 16:49:17] /goto [GM] Eduardo
[28/05/2011 16:49:17] /goto [GM] Eduardo
[28/05/2011 16:49:17] /goto [GM] Eduardo
[28/05/2011 16:49:17] /goto [GM] Eduardo
[28/05/2011 16:49:18] /goto [GM] Eduardo
[28/05/2011 16:49:18] /goto [GM] Eduardo
[28/05/2011 16:49:18] /goto [GM] Eduardo
[28/05/2011 16:49:18] /goto [GM] Eduardo
[28/05/2011 16:49:18] /goto [GM] Eduardo
[28/05/2011 16:49:18] /goto [GM] Eduardo
[28/05/2011 16:49:18] /goto [GM] Eduardo
[28/05/2011 16:49:18] /goto [GM] Eduardo
[28/05/2011 16:49:18] /goto [GM] Eduardo
[28/05/2011 16:49:18] /goto [GM] Eduardo
[28/05/2011 16:49:18] /goto [GM] Eduardo
[28/05/2011 16:49:18] /goto [GM] Eduardo
[28/05/2011 16:49:18] /goto [GM] Eduardo
[28/05/2011 16:49:18] /goto [GM] Eduardo
[28/05/2011 16:49:18] /goto [GM] Eduardo
[28/05/2011 16:49:18] /goto [GM] Eduardo
[28/05/2011 16:49:18] /goto [GM] Eduardo
[28/05/2011 16:49:18] /goto [GM] Eduardo
[28/05/2011 16:49:18] /goto [GM] Eduardo
[28/05/2011 16:49:18] /goto [GM] Eduardo
[28/05/2011 16:49:18] /goto [GM] Eduardo
[28/05/2011 16:49:18] /goto [GM] Eduardo
[28/05/2011 16:49:18] /goto [GM] Eduardo
[28/05/2011 16:49:18] /goto [GM] Eduardo
[28/05/2011 16:49:18] /goto [GM] Eduardo
[28/05/2011 16:49:19] /goto [GM] Eduardo
[28/05/2011 16:49:19] /goto [GM] Eduardo
[28/05/2011 16:49:19] /goto [GM] Eduardo
[28/05/2011 16:49:19] /goto [GM] Eduardo
[28/05/2011 16:49:19] /goto [GM] Eduardo
[28/05/2011 16:49:19] /goto [GM] Eduardo
[28/05/2011 16:49:19] /goto [GM] Eduardo
[28/05/2011 16:49:19] /goto [GM] Eduardo
[28/05/2011 16:49:19] /goto [GM] Eduardo
[28/05/2011 16:49:19] /goto [GM] Eduardo
[28/05/2011 16:49:19] /goto [GM] Eduardo
[28/05/2011 16:49:19] /goto [GM] Eduardo
[28/05/2011 16:49:19] /goto [GM] Eduardo
[28/05/2011 16:49:19] /goto [GM] Eduardo
[28/05/2011 16:49:19] /goto [GM] Eduardo
[28/05/2011 16:49:19] /goto [GM] Eduardo
[28/05/2011 16:49:19] /goto [GM] Eduardo
[28/05/2011 16:49:19] /goto [GM] Eduardo
[28/05/2011 16:49:19] /goto [GM] Eduardo
[28/05/2011 16:49:19] /goto [GM] Eduardo
[28/05/2011 16:49:19] /goto [GM] Eduardo
[28/05/2011 16:49:19] /goto [GM] Eduardo
[28/05/2011 16:49:19] /goto [GM] Eduardo
[28/05/2011 16:49:19] /goto [GM] Eduardo
[28/05/2011 16:49:19] /goto [GM] Eduardo
[28/05/2011 16:49:19] /goto [GM] Eduardo
[28/05/2011 16:49:20] /goto [GM] Eduardo
[28/05/2011 16:49:20] /goto [GM] Eduardo
[28/05/2011 16:49:20] /goto [GM] Eduardo
[28/05/2011 16:49:20] /goto [GM] Eduardo
[28/05/2011 16:49:20] /goto [GM] Eduardo
[28/05/2011 16:49:20] /goto [GM] Eduardo
[28/05/2011 16:49:20] /goto [GM] Eduardo
[28/05/2011 16:49:20] /goto [GM] Eduardo
[28/05/2011 16:49:20] /goto [GM] Eduardo
[28/05/2011 16:49:20] /goto [GM] Eduardo
[28/05/2011 16:49:20] /goto [GM] Eduardo
[28/05/2011 16:49:20] /goto [GM] Eduardo
[28/05/2011 16:49:20] /goto [GM] Eduardo
[28/05/2011 16:49:20] /goto [GM] Eduardo
[28/05/2011 16:49:20] /goto [GM] Eduardo
[28/05/2011 16:49:20] /goto [GM] Eduardo
[28/05/2011 16:49:20] /goto [GM] Eduardo
[28/05/2011 16:49:20] /goto [GM] Eduardo
[28/05/2011 16:49:20] /goto [GM] Eduardo
[28/05/2011 16:49:20] /goto [GM] Eduardo
[28/05/2011 16:49:20] /goto [GM] Eduardo
[28/05/2011 16:49:20] /goto [GM] Eduardo
[28/05/2011 16:49:20] /goto [GM] Eduardo
[28/05/2011 16:49:20] /goto [GM] Eduardo
[28/05/2011 16:49:20] /goto [GM] Eduardo
[28/05/2011 16:49:21] /goto [GM] Eduardo
[28/05/2011 16:49:21] /goto [GM] Eduardo
[28/05/2011 16:49:21] /goto [GM] Eduardo
[28/05/2011 16:49:21] /goto [GM] Eduardo
[28/05/2011 16:49:21] /goto [GM] Eduardo
[28/05/2011 16:49:21] /goto [GM] Eduardo
[28/05/2011 16:49:21] /goto [GM] Eduardo
[28/05/2011 16:49:21] /goto [GM] Eduardo
[28/05/2011 16:49:21] /goto [GM] Eduardo
[28/05/2011 16:49:21] /goto [GM] Eduardo
[28/05/2011 16:49:21] /goto [GM] Eduardo
[28/05/2011 16:49:21] /goto [GM] Eduardo
[28/05/2011 16:49:21] /goto [GM] Eduardo
[28/05/2011 16:49:21] /goto [GM] Eduardo
[28/05/2011 16:49:21] /goto [GM] Eduardo
[28/05/2011 16:49:21] /goto [GM] Eduardo
[28/05/2011 16:49:21] /goto [GM] Eduardo
[28/05/2011 16:49:21] /goto [GM] Eduardo
[28/05/2011 16:49:21] /goto [GM] Eduardo
[28/05/2011 16:49:21] /goto [GM] Eduardo
[28/05/2011 16:49:21] /goto [GM] Eduardo
[28/05/2011 16:49:21] /goto [GM] Eduardo
[28/05/2011 16:49:21] /goto [GM] Eduardo
[28/05/2011 16:49:21] /goto [GM] Eduardo
[28/05/2011 16:49:21] /goto [GM] Eduardo
[28/05/2011 16:49:22] /goto [GM] Eduardo
[28/05/2011 16:49:22] /goto [GM] Eduardo
[28/05/2011 16:49:22] /goto [GM] Eduardo
[28/05/2011 16:49:22] /goto [GM] Eduardo
[28/05/2011 16:49:22] /goto [GM] Eduardo
[28/05/2011 16:49:22] /goto [GM] Eduardo
[28/05/2011 16:49:22] /goto [GM] Eduardo
[28/05/2011 16:49:22] /goto [GM] Eduardo
[28/05/2011 16:49:22] /goto [GM] Eduardo
[28/05/2011 16:49:22] /goto [GM] Eduardo
[28/05/2011 16:49:22] /goto [GM] Eduardo
[28/05/2011 16:49:22] /goto [GM] Eduardo
[28/05/2011 16:49:22] /goto [GM] Eduardo
[28/05/2011 16:49:22] /goto [GM] Eduardo
[28/05/2011 16:49:22] /goto [GM] Eduardo
[28/05/2011 16:49:22] /goto [GM] Eduardo
[28/05/2011 16:49:22] /goto [GM] Eduardo
[28/05/2011 16:49:22] /goto [GM] Eduardo
[28/05/2011 16:49:22] /goto [GM] Eduardo
[28/05/2011 16:49:22] /goto [GM] Eduardo
[28/05/2011 16:49:22] /goto [GM] Eduardo
[28/05/2011 16:49:22] /goto [GM] Eduardo
[28/05/2011 16:49:22] /goto [GM] Eduardo
[28/05/2011 16:49:22] /goto [GM] Eduardo
[28/05/2011 16:49:22] /goto [GM] Eduardo
[28/05/2011 16:49:23] /goto [GM] Eduardo
[28/05/2011 16:49:23] /goto [GM] Eduardo
[28/05/2011 16:49:23] /goto [GM] Eduardo
[28/05/2011 16:49:23] /goto [GM] Eduardo
[28/05/2011 16:49:23] /goto [GM] Eduardo
[28/05/2011 16:49:23] /goto [GM] Eduardo
[28/05/2011 16:49:23] /goto [GM] Eduardo
[28/05/2011 16:49:23] /goto [GM] Eduardo
[28/05/2011 16:49:23] /goto [GM] Eduardo
[28/05/2011 16:49:23] /goto [GM] Eduardo
[28/05/2011 16:49:23] /goto [GM] Eduardo
[28/05/2011 16:49:23] /goto [GM] Eduardo
[28/05/2011 16:49:23] /goto [GM] Eduardo
[28/05/2011 16:49:23] /goto [GM] Eduardo
[28/05/2011 16:49:23] /goto [GM] Eduardo
[28/05/2011 16:49:23] /goto [GM] Eduardo
[28/05/2011 16:49:23] /goto [GM] Eduardo
[28/05/2011 16:49:23] /goto [GM] Eduardo
[28/05/2011 16:49:23] /goto [GM] Eduardo
[28/05/2011 16:49:23] /goto [GM] Eduardo
[28/05/2011 16:49:23] /goto [GM] Eduardo
[28/05/2011 16:49:23] /goto [GM] Eduardo
[28/05/2011 16:49:23] /goto [GM] Eduardo
[28/05/2011 16:49:23] /goto [GM] Eduardo
[28/05/2011 16:49:23] /goto [GM] Eduardo
[28/05/2011 16:49:24] /goto [GM] Eduardo
[28/05/2011 16:49:24] /goto [GM] Eduardo
[28/05/2011 16:49:24] /goto [GM] Eduardo
[28/05/2011 16:49:24] /goto [GM] Eduardo
[28/05/2011 16:49:24] /goto [GM] Eduardo
[28/05/2011 16:49:24] /goto [GM] Eduardo
[28/05/2011 16:49:24] /goto [GM] Eduardo
[28/05/2011 16:49:24] /goto [GM] Eduardo
[28/05/2011 16:49:24] /goto [GM] Eduardo
[28/05/2011 16:49:24] /goto [GM] Eduardo
[28/05/2011 16:49:24] /goto [GM] Eduardo
[28/05/2011 16:49:24] /goto [GM] Eduardo
[28/05/2011 16:49:24] /goto [GM] Eduardo
[28/05/2011 16:49:24] /goto [GM] Eduardo
[28/05/2011 16:49:24] /goto [GM] Eduardo
[28/05/2011 16:49:24] /goto [GM] Eduardo
[28/05/2011 16:49:24] /goto [GM] Eduardo
[28/05/2011 16:49:24] /goto [GM] Eduardo
[28/05/2011 16:49:24] /goto [GM] Eduardo
[28/05/2011 16:49:24] /goto [GM] Eduardo
[28/05/2011 16:49:24] /goto [GM] Eduardo
[28/05/2011 16:49:24] /goto [GM] Eduardo
[28/05/2011 16:49:24] /goto [GM] Eduardo
[28/05/2011 16:49:24] /goto [GM] Eduardo
[28/05/2011 16:49:24] /goto [GM] Eduardo
[28/05/2011 16:49:25] /goto [GM] Eduardo
[28/05/2011 16:49:25] /goto [GM] Eduardo
[28/05/2011 16:49:25] /goto [GM] Eduardo
[28/05/2011 16:49:25] /goto [GM] Eduardo
[28/05/2011 16:49:25] /goto [GM] Eduardo
[28/05/2011 16:49:25] /goto [GM] Eduardo
[28/05/2011 16:49:25] /goto [GM] Eduardo
[28/05/2011 16:49:25] /goto [GM] Eduardo
[28/05/2011 16:49:25] /goto [GM] Eduardo
[28/05/2011 16:49:25] /goto [GM] Eduardo
[28/05/2011 16:49:25] /goto [GM] Eduardo
[28/05/2011 16:49:25] /goto [GM] Eduardo
[28/05/2011 16:49:25] /goto [GM] Eduardo
[28/05/2011 16:49:25] /goto [GM] Eduardo
[28/05/2011 16:49:25] /goto [GM] Eduardo
[28/05/2011 16:49:25] /goto [GM] Eduardo
[28/05/2011 16:49:25] /goto [GM] Eduardo
[28/05/2011 16:49:25] /goto [GM] Eduardo
[28/05/2011 16:49:25] /goto [GM] Eduardo
[28/05/2011 16:49:25] /goto [GM] Eduardo
[28/05/2011 16:49:25] /goto [GM] Eduardo
[28/05/2011 16:49:25] /goto [GM] Eduardo
[28/05/2011 16:49:25] /goto [GM] Eduardo
[28/05/2011 16:49:25] /goto [GM] Eduardo
[28/05/2011 16:49:26] /goto [GM] Eduardo
[28/05/2011 16:49:26] /goto [GM] Eduardo
[28/05/2011 16:49:26] /goto [GM] Eduardo
[28/05/2011 16:49:26] /goto [GM] Eduardo
[28/05/2011 16:49:26] /goto [GM] Eduardo
[28/05/2011 16:49:26] /goto [GM] Eduardo
[28/05/2011 16:49:27] /goto [GM] Eduardo
[28/05/2011 16:49:27] /goto [GM] Eduardo
[28/05/2011 16:49:27] /goto [GM] Eduardo
[28/05/2011 16:49:27] /goto [GM] Eduardo
[28/05/2011 16:49:27] /goto [GM] Eduardo
[28/05/2011 16:49:27] /goto [GM] Eduardo
[28/05/2011 16:49:27] /goto [GM] Eduardo
[28/05/2011 16:49:27] /goto [GM] Eduardo
[28/05/2011 16:49:28] /goto [GM] Eduardo
[28/05/2011 16:49:28] /goto [GM] Eduardo
[28/05/2011 16:49:28] /goto [GM] Eduardo
[28/05/2011 16:49:28] /goto [GM] Eduardo
[28/05/2011 16:49:28] /goto [GM] Eduardo
[28/05/2011 16:49:29] /goto [GM] Eduardo
[28/05/2011 16:49:29] /goto [GM] Eduardo
[28/05/2011 16:49:29] /goto [GM] Eduardo
[28/05/2011 16:49:29] /goto [GM] Eduardo
[28/05/2011 16:49:29] /goto [GM] Eduardo
[28/05/2011 16:49:29] /goto [GM] Eduardo
[28/05/2011 16:49:30] /goto [GM] Eduardo
[28/05/2011 16:49:30] /goto [GM] Eduardo
[28/05/2011 16:49:30] /goto [GM] Eduardo
[28/05/2011 16:49:30] /goto [GM] Eduardo
[28/05/2011 16:49:30] /goto [GM] Eduardo
[28/05/2011 16:49:30] /goto [GM] Eduardo
[28/05/2011 16:49:30] /goto [GM] Eduardo
[28/05/2011 16:49:30] /goto [GM] Eduardo
[28/05/2011 16:49:30] /goto [GM] Eduardo
[28/05/2011 16:49:30] /goto [GM] Eduardo
[28/05/2011 16:49:30] /goto [GM] Eduardo
[28/05/2011 16:49:30] /goto [GM] Eduardo
[28/05/2011 16:49:30] /goto [GM] Eduardo
[28/05/2011 16:49:30] /goto [GM] Eduardo
[28/05/2011 16:49:31] /goto [GM] Eduardo
[28/05/2011 16:49:31] /goto [GM] Eduardo
[28/05/2011 16:49:31] /goto [GM] Eduardo
[28/05/2011 16:49:31] /goto [GM] Eduardo
[28/05/2011 16:49:31] /goto [GM] Eduardo
[28/05/2011 16:49:31] /goto [GM] Eduardo
[28/05/2011 16:49:31] /goto [GM] Eduardo
[28/05/2011 16:49:31] /goto [GM] Eduardo
[28/05/2011 16:49:31] /goto [GM] Eduardo
[28/05/2011 16:49:31] /goto [GM] Eduardo
[28/05/2011 16:49:31] /goto [GM] Eduardo
[28/05/2011 16:49:31] /goto [GM] Eduardo
[28/05/2011 16:49:31] /goto [GM] Eduardo
[28/05/2011 16:49:31] /goto [GM] Eduardo
[28/05/2011 16:49:31] /goto [GM] Eduardo
[28/05/2011 16:49:31] /goto [GM] Eduardo
[28/05/2011 16:49:31] /goto [GM] Eduardo
[28/05/2011 16:49:31] /goto [GM] Eduardo
[28/05/2011 16:49:31] /goto [GM] Eduardo
[28/05/2011 16:49:31] /goto [GM] Eduardo
[28/05/2011 16:49:31] /goto [GM] Eduardo
[28/05/2011 16:49:31] /goto [GM] Eduardo
[28/05/2011 16:49:31] /goto [GM] Eduardo
[28/05/2011 16:49:31] /goto [GM] Eduardo
[28/05/2011 16:49:31] /goto [GM] Eduardo
[28/05/2011 16:49:31] /goto [GM] Eduardo
[28/05/2011 16:49:32] /goto [GM] Eduardo
[28/05/2011 16:49:32] /goto [GM] Eduardo
[28/05/2011 16:49:32] /goto [GM] Eduardo
[28/05/2011 16:49:32] /goto [GM] Eduardo
[28/05/2011 16:49:32] /goto [GM] Eduardo
[28/05/2011 16:49:32] /goto [GM] Eduardo
[28/05/2011 16:49:32] /goto [GM] Eduardo
[28/05/2011 16:49:32] /goto [GM] Eduardo
[28/05/2011 16:49:32] /goto [GM] Eduardo
[28/05/2011 16:49:32] /goto [GM] Eduardo
[28/05/2011 16:49:32] /goto [GM] Eduardo
[28/05/2011 16:49:32] /goto [GM] Eduardo
[28/05/2011 16:49:32] /goto [GM] Eduardo
[28/05/2011 16:49:32] /goto [GM] Eduardo
[28/05/2011 16:49:32] /goto [GM] Eduardo
[28/05/2011 16:49:33] /goto [GM] Eduardo
[28/05/2011 16:49:33] /goto [GM] Eduardo
[28/05/2011 16:49:33] /goto [GM] Eduardo
[28/05/2011 16:49:33] /goto [GM] Eduardo
[28/05/2011 16:49:33] /goto [GM] Eduardo
[28/05/2011 16:49:33] /goto [GM] Eduardo
[28/05/2011 16:49:33] /goto [GM] Eduardo
[28/05/2011 16:49:33] /goto [GM] Eduardo
[28/05/2011 16:49:33] /goto [GM] Eduardo
[28/05/2011 16:49:33] /goto [GM] Eduardo
[28/05/2011 16:49:33] /goto [GM] Eduardo
[28/05/2011 16:49:34] /goto [GM] Eduardo
[28/05/2011 16:49:34] /goto [GM] Eduardo
[28/05/2011 16:49:34] /goto [GM] Eduardo
[28/05/2011 16:49:34] /goto [GM] Eduardo
[28/05/2011 16:49:34] /goto [GM] Eduardo
[28/05/2011 16:49:34] /goto [GM] Eduardo
[28/05/2011 16:49:34] /goto [GM] Eduardo
[28/05/2011 16:49:34] /goto [GM] Eduardo
[28/05/2011 16:49:34] /goto [GM] Eduardo
[28/05/2011 16:49:34] /goto [GM] Eduardo
[28/05/2011 16:49:34] /goto [GM] Eduardo
[28/05/2011 16:49:34] /goto [GM] Eduardo
[28/05/2011 16:49:34] /goto [GM] Eduardo
[28/05/2011 16:49:34] /goto [GM] Eduardo
[28/05/2011 16:49:35] /goto [GM] Eduardo
[28/05/2011 16:49:35] /goto [GM] Eduardo
[28/05/2011 16:49:35] /goto [GM] Eduardo
[28/05/2011 16:49:35] /goto [GM] Eduardo
[28/05/2011 16:49:35] /goto [GM] Eduardo
[28/05/2011 16:49:35] /goto [GM] Eduardo
[28/05/2011 16:49:35] /goto [GM] Eduardo
[28/05/2011 16:49:35] /goto [GM] Eduardo
[28/05/2011 16:49:35] /goto [GM] Eduardo
[28/05/2011 16:49:35] /goto [GM] Eduardo
[28/05/2011 16:49:35] /goto [GM] Eduardo
[28/05/2011 16:49:35] /goto [GM] Eduardo
[28/05/2011 16:49:35] /goto [GM] Eduardo
[28/05/2011 16:49:35] /goto [GM] Eduardo
[28/05/2011 16:49:35] /goto [GM] Eduardo
[28/05/2011 16:49:35] /goto [GM] Eduardo
[28/05/2011 16:49:35] /goto [GM] Eduardo
[28/05/2011 16:49:35] /goto [GM] Eduardo
[28/05/2011 16:49:35] /goto [GM] Eduardo
[28/05/2011 16:49:35] /goto [GM] Eduardo
[28/05/2011 16:49:35] /goto [GM] Eduardo
[28/05/2011 16:49:35] /goto [GM] Eduardo
[28/05/2011 16:49:36] /goto [GM] Eduardo
[28/05/2011 16:49:36] /goto [GM] Eduardo
[28/05/2011 16:49:36] /goto [GM] Eduardo
[28/05/2011 16:49:36] /goto [GM] Eduardo
[28/05/2011 16:49:36] /goto [GM] Eduardo
[28/05/2011 16:49:36] /goto [GM] Eduardo
[28/05/2011 16:49:36] /goto [GM] Eduardo
[28/05/2011 16:49:36] /goto [GM] Eduardo
[28/05/2011 16:49:36] /goto [GM] Eduardo
[28/05/2011 16:49:36] /goto [GM] Eduardo
[28/05/2011 16:49:36] /goto [GM] Eduardo
[28/05/2011 16:49:37] /goto [GM] Eduardo
[28/05/2011 16:49:37] /goto [GM] Eduardo
[28/05/2011 16:49:37] /goto [GM] Eduardo
[28/05/2011 16:49:37] /goto [GM] Eduardo
[28/05/2011 16:49:37] /goto [GM] Eduardo
[28/05/2011 16:49:37] /goto [GM] Eduardo
[28/05/2011 16:49:37] /goto [GM] Eduardo
[28/05/2011 16:49:37] /goto [GM] Eduardo
[28/05/2011 16:49:37] /goto [GM] Eduardo
[28/05/2011 16:49:37] /goto [GM] Eduardo
[28/05/2011 16:49:37] /goto [GM] Eduardo
[28/05/2011 16:49:37] /goto [GM] Eduardo
[28/05/2011 16:49:37] /goto [GM] Eduardo
[28/05/2011 16:49:37] /goto [GM] Eduardo
[28/05/2011 16:49:37] /goto [GM] Eduardo
[28/05/2011 16:49:37] /goto [GM] Eduardo
[28/05/2011 16:49:37] /goto [GM] Eduardo
[28/05/2011 16:49:37] /goto [GM] Eduardo
[28/05/2011 16:49:37] /goto [GM] Eduardo
[28/05/2011 16:49:37] /goto [GM] Eduardo
[28/05/2011 16:49:37] /goto [GM] Eduardo
[28/05/2011 16:49:37] /goto [GM] Eduardo
[28/05/2011 16:49:37] /goto [GM] Eduardo
[28/05/2011 16:49:37] /goto [GM] Eduardo
[28/05/2011 16:49:37] /goto [GM] Eduardo
[28/05/2011 16:49:37] /goto [GM] Eduardo
[28/05/2011 16:49:37] /goto [GM] Eduardo
[28/05/2011 16:49:38] /goto [GM] Eduardo
[28/05/2011 16:49:38] /goto [GM] Eduardo
[28/05/2011 16:49:38] /goto [GM] Eduardo
[28/05/2011 16:49:38] /goto [GM] Eduardo
[28/05/2011 16:49:38] /goto [GM] Eduardo
[28/05/2011 16:49:38] /goto [GM] Eduardo
[28/05/2011 16:49:38] /goto [GM] Eduardo
[28/05/2011 16:49:38] /goto [GM] Eduardo
[28/05/2011 16:49:38] /goto [GM] Eduardo
[28/05/2011 16:49:38] /goto [GM] Eduardo
[28/05/2011 16:49:38] /goto [GM] Eduardo
[28/05/2011 16:49:38] /goto [GM] Eduardo
[28/05/2011 16:49:38] /goto [GM] Eduardo
[28/05/2011 16:49:38] /goto [GM] Eduardo
[28/05/2011 16:49:38] /goto [GM] Eduardo
[28/05/2011 16:49:38] /goto [GM] Eduardo
[28/05/2011 16:49:38] /goto [GM] Eduardo
[28/05/2011 16:49:38] /goto [GM] Eduardo
[28/05/2011 16:49:38] /goto [GM] Eduardo
[28/05/2011 16:49:38] /goto [GM] Eduardo
[28/05/2011 16:49:38] /goto [GM] Eduardo
[28/05/2011 16:49:38] /goto [GM] Eduardo
[28/05/2011 16:49:38] /goto [GM] Eduardo
[28/05/2011 16:49:38] /goto [GM] Eduardo
[28/05/2011 16:49:38] /goto [GM] Eduardo
[28/05/2011 16:49:38] /goto [GM] Eduardo
[28/05/2011 16:49:39] /goto [GM] Eduardo
[28/05/2011 16:49:39] /goto [GM] Eduardo
[28/05/2011 16:49:39] /goto [GM] Eduardo
[28/05/2011 16:49:39] /goto [GM] Eduardo
[28/05/2011 16:49:39] /goto [GM] Eduardo
[28/05/2011 16:49:39] /goto [GM] Eduardo
[28/05/2011 16:49:39] /goto [GM] Eduardo
[28/05/2011 16:49:39] /goto [GM] Eduardo
[28/05/2011 16:49:39] /goto [GM] Eduardo
[28/05/2011 16:49:39] /goto [GM] Eduardo
[28/05/2011 16:49:39] /goto [GM] Eduardo
[28/05/2011 16:49:39] /goto [GM] Eduardo
[28/05/2011 16:49:39] /goto [GM] Eduardo
[28/05/2011 16:49:40] /goto [GM] Eduardo
[28/05/2011 16:49:40] /goto [GM] Eduardo
[28/05/2011 16:49:40] /goto [GM] Eduardo
[28/05/2011 16:49:40] /goto [GM] Eduardo
[28/05/2011 16:49:40] /goto [GM] Eduardo
[28/05/2011 16:49:40] /goto [GM] Eduardo
[28/05/2011 16:49:40] /goto [GM] Eduardo
[28/05/2011 16:49:40] /goto [GM] Eduardo
[28/05/2011 16:49:40] /t
[28/05/2011 16:49:55] /c [GM] Eduardo
[28/05/2011 16:49:56] /c [GM] Eduardo
[28/05/2011 16:49:56] /c [GM] Eduardo
[28/05/2011 16:49:56] /c [GM] Eduardo
[28/05/2011 16:49:56] /c [GM] Eduardo
[28/05/2011 16:49:56] /c [GM] Eduardo
[28/05/2011 16:49:56] /c [GM] Eduardo
[28/05/2011 16:49:56] /c [GM] Eduardo
[28/05/2011 16:49:56] /c [GM] Eduardo
[28/05/2011 16:49:56] /c [GM] Eduardo
[28/05/2011 16:49:56] /c [GM] Eduardo
[28/05/2011 16:49:56] /c [GM] Eduardo
[28/05/2011 16:49:56] /c [GM] Eduardo
[28/05/2011 16:49:56] /c [GM] Eduardo
[28/05/2011 16:49:56] /c [GM] Eduardo
[28/05/2011 16:49:56] /c [GM] Eduardo
[28/05/2011 16:49:56] /c [GM] Eduardo
[28/05/2011 16:49:56] /c [GM] Eduardo
[28/05/2011 16:49:57] /c [GM] Eduardo
[28/05/2011 16:49:57] /c [GM] Eduardo
[28/05/2011 16:49:57] /c [GM] Eduardo
[28/05/2011 16:49:57] /c [GM] Eduardo
[28/05/2011 16:49:57] /c [GM] Eduardo
[28/05/2011 16:49:57] /c [GM] Eduardo
[28/05/2011 16:49:57] /c [GM] Eduardo
[28/05/2011 16:49:57] /c [GM] Eduardo
[28/05/2011 16:49:57] /c [GM] Eduardo
[28/05/2011 16:49:57] /c [GM] Eduardo
[28/05/2011 16:49:57] /c [GM] Eduardo
[28/05/2011 16:49:57] /c [GM] Eduardo
[28/05/2011 16:49:57] /c [GM] Eduardo
[28/05/2011 16:49:57] /c [GM] Eduardo
[28/05/2011 16:49:57] /c [GM] Eduardo
[28/05/2011 16:49:57] /c [GM] Eduardo
[28/05/2011 16:49:57] /c [GM] Eduardo
[28/05/2011 16:49:57] /c [GM] Eduardo
[28/05/2011 16:49:57] /c [GM] Eduardo
[28/05/2011 16:49:57] /c [GM] Eduardo
[28/05/2011 16:49:57] /c [GM] Eduardo
[28/05/2011 16:49:57] /c [GM] Eduardo
[28/05/2011 16:49:57] /c [GM] Eduardo
[28/05/2011 16:49:57] /c [GM] Eduardo
[28/05/2011 16:49:57] /c [GM] Eduardo
[28/05/2011 16:49:57] /c [GM] Eduardo
[28/05/2011 16:49:58] /c [GM] Eduardo
[28/05/2011 16:49:58] /c [GM] Eduardo
[28/05/2011 16:49:58] /c [GM] Eduardo
[28/05/2011 16:49:58] /c [GM] Eduardo
[28/05/2011 16:49:58] /c [GM] Eduardo
[28/05/2011 16:49:58] /c [GM] Eduardo
[28/05/2011 16:49:58] /c [GM] Eduardo
[28/05/2011 16:49:58] /c [GM] Eduardo
[28/05/2011 16:49:58] /c [GM] Eduardo
[28/05/2011 16:49:58] /c [GM] Eduardo
[28/05/2011 16:49:58] /c [GM] Eduardo
[28/05/2011 16:49:58] /c [GM] Eduardo
[28/05/2011 16:49:58] /c [GM] Eduardo
[28/05/2011 16:49:58] /c [GM] Eduardo
[28/05/2011 16:49:58] /c [GM] Eduardo
[28/05/2011 16:49:58] /c [GM] Eduardo
[28/05/2011 16:49:58] /c [GM] Eduardo
[28/05/2011 16:49:58] /c [GM] Eduardo
[28/05/2011 16:49:58] /c [GM] Eduardo
[28/05/2011 16:49:58] /c [GM] Eduardo
[28/05/2011 16:49:58] /c [GM] Eduardo
[28/05/2011 16:49:58] /c [GM] Eduardo
[28/05/2011 16:49:58] /c [GM] Eduardo
[28/05/2011 16:49:58] /c [GM] Eduardo
[28/05/2011 16:49:58] /c [GM] Eduardo
[28/05/2011 16:49:58] /c [GM] Eduardo
[28/05/2011 16:49:59] /c [GM] Eduardo
[28/05/2011 16:49:59] /c [GM] Eduardo
[28/05/2011 16:49:59] /c [GM] Eduardo
[28/05/2011 16:49:59] /c [GM] Eduardo
[28/05/2011 16:49:59] /c [GM] Eduardo
[28/05/2011 16:49:59] /c [GM] Eduardo
[28/05/2011 16:49:59] /c [GM] Eduardo
[28/05/2011 16:49:59] /c [GM] Eduardo
[28/05/2011 16:49:59] /c [GM] Eduardo
[28/05/2011 16:49:59] /c [GM] Eduardo
[28/05/2011 16:49:59] /c [GM] Eduardo
[28/05/2011 16:49:59] /c [GM] Eduardo
[28/05/2011 16:49:59] /c [GM] Eduardo
[28/05/2011 16:49:59] /c [GM] Eduardo
[28/05/2011 16:49:59] /c [GM] Eduardo
[28/05/2011 16:49:59] /c [GM] Eduardo
[28/05/2011 16:49:59] /c [GM] Eduardo
[28/05/2011 16:49:59] /c [GM] Eduardo
[28/05/2011 16:49:59] /c [GM] Eduardo
[28/05/2011 16:49:59] /c [GM] Eduardo
[28/05/2011 16:49:59] /c [GM] Eduardo
[28/05/2011 16:49:59] /c [GM] Eduardo
[28/05/2011 16:49:59] /c [GM] Eduardo
[28/05/2011 16:49:59] /c [GM] Eduardo
[28/05/2011 16:49:59] /c [GM] Eduardo
[28/05/2011 16:50:00] /c [GM] Eduardo
[28/05/2011 16:50:00] /c [GM] Eduardo
[28/05/2011 16:50:00] /c [GM] Eduardo
[28/05/2011 16:50:00] /c [GM] Eduardo
[28/05/2011 16:50:00] /c [GM] Eduardo
[28/05/2011 16:50:00] /c [GM] Eduardo
[28/05/2011 16:50:00] /c [GM] Eduardo
[28/05/2011 16:50:00] /c [GM] Eduardo
[28/05/2011 16:50:00] /c [GM] Eduardo
[28/05/2011 16:50:00] /c [GM] Eduardo
[28/05/2011 16:50:00] /c [GM] Eduardo
[28/05/2011 16:50:00] /c [GM] Eduardo
[28/05/2011 16:50:00] /c [GM] Eduardo
[28/05/2011 16:50:00] /c [GM] Eduardo
[28/05/2011 16:50:00] /c [GM] Eduardo
[28/05/2011 16:50:00] /c [GM] Eduardo
[28/05/2011 16:50:00] /c [GM] Eduardo
[28/05/2011 16:50:00] /c [GM] Eduardo
[28/05/2011 16:50:00] /c [GM] Eduardo
[28/05/2011 16:50:00] /c [GM] Eduardo
[28/05/2011 16:50:00] /c [GM] Eduardo
[28/05/2011 16:50:00] /c [GM] Eduardo
[28/05/2011 16:50:00] /c [GM] Eduardo
[28/05/2011 16:50:00] /c [GM] Eduardo
[28/05/2011 16:50:00] /c [GM] Eduardo
[28/05/2011 16:50:01] /c [GM] Eduardo
[28/05/2011 16:50:01] /c [GM] Eduardo
[28/05/2011 16:50:01] /c [GM] Eduardo
[28/05/2011 16:50:01] /c [GM] Eduardo
[28/05/2011 16:50:01] /c [GM] Eduardo
[28/05/2011 16:50:01] /c [GM] Eduardo
[28/05/2011 16:50:01] /c [GM] Eduardo
[28/05/2011 16:50:01] /c [GM] Eduardo
[28/05/2011 16:50:01] /c [GM] Eduardo
[28/05/2011 16:50:01] /c [GM] Eduardo
[28/05/2011 16:50:01] /c [GM] Eduardo
[28/05/2011 16:50:01] /c [GM] Eduardo
[28/05/2011 16:50:01] /c [GM] Eduardo
[28/05/2011 16:50:01] /c [GM] Eduardo
[28/05/2011 16:50:01] /c [GM] Eduardo
[28/05/2011 16:50:01] /c [GM] Eduardo
[28/05/2011 16:50:01] /c [GM] Eduardo
[28/05/2011 16:50:01] /c [GM] Eduardo
[28/05/2011 16:50:01] /c [GM] Eduardo
[28/05/2011 16:50:01] /c [GM] Eduardo
[28/05/2011 16:50:01] /c [GM] Eduardo
[28/05/2011 16:50:01] /c [GM] Eduardo
[28/05/2011 16:50:01] /c [GM] Eduardo
[28/05/2011 16:50:01] /c [GM] Eduardo
[28/05/2011 16:50:01] /c [GM] Eduardo
[28/05/2011 16:50:01] /c [GM] Eduardo
[28/05/2011 16:50:02] /c [GM] Eduardo
[28/05/2011 16:50:02] /c [GM] Eduardo
[28/05/2011 16:50:02] /c [GM] Eduardo
[28/05/2011 16:50:02] /c [GM] Eduardo
[28/05/2011 16:50:02] /c [GM] Eduardo
[28/05/2011 16:50:02] /c [GM] Eduardo
[28/05/2011 16:50:02] /c [GM] Eduardo
[28/05/2011 16:50:02] /c [GM] Eduardo
[28/05/2011 16:50:02] /c [GM] Eduardo
[28/05/2011 16:50:02] /c [GM] Eduardo
[28/05/2011 16:50:02] /c [GM] Eduardo
[28/05/2011 16:50:02] /c [GM] Eduardo
[28/05/2011 16:50:02] /c [GM] Eduardo
[28/05/2011 16:50:02] /c [GM] Eduardo
[28/05/2011 16:50:02] /c [GM] Eduardo
[28/05/2011 16:50:02] /c [GM] Eduardo
[28/05/2011 16:50:02] /c [GM] Eduardo
[28/05/2011 16:50:02] /c [GM] Eduardo
[28/05/2011 16:50:02] /c [GM] Eduardo
[28/05/2011 16:50:02] /c [GM] Eduardo
[28/05/2011 16:50:02] /c [GM] Eduardo
[28/05/2011 16:50:02] /c [GM] Eduardo
[28/05/2011 16:50:02] /c [GM] Eduardo
[28/05/2011 16:50:02] /c [GM] Eduardo
[28/05/2011 16:50:02] /c [GM] Eduardo
[28/05/2011 16:50:02] /c [GM] Eduardo
[28/05/2011 16:50:03] /c [GM] Eduardo
[28/05/2011 16:50:03] /c [GM] Eduardo
[28/05/2011 16:50:03] /c [GM] Eduardo
[28/05/2011 16:50:03] /c [GM] Eduardo
[28/05/2011 16:50:03] /c [GM] Eduardo
[28/05/2011 16:50:03] /c [GM] Eduardo
[28/05/2011 16:50:03] /c [GM] Eduardo
[28/05/2011 16:50:03] /c [GM] Eduardo
[28/05/2011 16:50:03] /c [GM] Eduardo
[28/05/2011 16:50:03] /c [GM] Eduardo
[28/05/2011 16:50:03] /c [GM] Eduardo
[28/05/2011 16:50:03] /c [GM] Eduardo
[28/05/2011 16:50:03] /c [GM] Eduardo
[28/05/2011 16:50:03] /c [GM] Eduardo
[28/05/2011 16:50:03] /c [GM] Eduardo
[28/05/2011 16:50:03] /c [GM] Eduardo
[28/05/2011 16:50:03] /c [GM] Eduardo
[28/05/2011 16:50:03] /c [GM] Eduardo
[28/05/2011 16:50:03] /c [GM] Eduardo
[28/05/2011 16:50:03] /c [GM] Eduardo
[28/05/2011 16:50:03] /c [GM] Eduardo
[28/05/2011 16:50:03] /c [GM] Eduardo
[28/05/2011 16:50:03] /c [GM] Eduardo
[28/05/2011 16:50:03] /c [GM] Eduardo
[28/05/2011 16:50:03] /c [GM] Eduardo
[28/05/2011 16:50:04] /c [GM] Eduardo
[28/05/2011 16:50:04] /c [GM] Eduardo
[28/05/2011 16:50:04] /c [GM] Eduardo
[28/05/2011 16:50:04] /c [GM] Eduardo
[28/05/2011 16:50:04] /c [GM] Eduardo
[28/05/2011 16:50:04] /c [GM] Eduardo
[28/05/2011 16:50:04] /c [GM] Eduardo
[28/05/2011 16:50:04] /c [GM] Eduardo
[28/05/2011 16:50:04] /c [GM] Eduardo
[28/05/2011 16:50:04] /c [GM] Eduardo
[28/05/2011 16:50:04] /c [GM] Eduardo
[28/05/2011 16:50:04] /c [GM] Eduardo
[28/05/2011 16:50:04] /c [GM] Eduardo
[28/05/2011 16:50:04] /c [GM] Eduardo
[28/05/2011 16:50:04] /c [GM] Eduardo
[28/05/2011 16:50:04] /c [GM] Eduardo
[28/05/2011 16:50:04] /c [GM] Eduardo
[28/05/2011 16:50:04] /c [GM] Eduardo
[28/05/2011 16:50:04] /c [GM] Eduardo
[28/05/2011 16:50:04] /c [GM] Eduardo
[28/05/2011 16:50:04] /c [GM] Eduardo
[28/05/2011 16:50:04] /c [GM] Eduardo
[28/05/2011 16:50:04] /c [GM] Eduardo
[28/05/2011 16:50:04] /c [GM] Eduardo
[28/05/2011 16:50:04] /c [GM] Eduardo
[28/05/2011 16:50:05] /c [GM] Eduardo
[28/05/2011 16:50:05] /c [GM] Eduardo
[28/05/2011 16:50:05] /c [GM] Eduardo
[28/05/2011 16:50:05] /c [GM] Eduardo
[28/05/2011 16:50:05] /c [GM] Eduardo
[28/05/2011 16:50:05] /c [GM] Eduardo
[28/05/2011 16:50:05] /c [GM] Eduardo
[28/05/2011 16:50:05] /c [GM] Eduardo
[28/05/2011 16:50:05] /c [GM] Eduardo
[28/05/2011 16:50:05] /c [GM] Eduardo
[28/05/2011 16:50:05] /c [GM] Eduardo
[28/05/2011 16:50:05] /c [GM] Eduardo
[28/05/2011 16:50:05] /c [GM] Eduardo
[28/05/2011 16:50:05] /c [GM] Eduardo
[28/05/2011 16:50:05] /c [GM] Eduardo
[28/05/2011 16:50:05] /c [GM] Eduardo
[28/05/2011 16:50:05] /c [GM] Eduardo
[28/05/2011 16:50:05] /c [GM] Eduardo
[28/05/2011 16:50:05] /c [GM] Eduardo
[28/05/2011 16:50:05] /c [GM] Eduardo
[28/05/2011 16:50:05] /c [GM] Eduardo
[28/05/2011 16:50:05] /c [GM] Eduardo
[28/05/2011 16:50:05] /c [GM] Eduardo
[28/05/2011 16:50:05] /c [GM] Eduardo
[28/05/2011 16:50:05] /c [GM] Eduardo
[28/05/2011 16:50:05] /c [GM] Eduardo
[28/05/2011 16:50:06] /c [GM] Eduardo
[28/05/2011 16:50:06] /c [GM] Eduardo
[28/05/2011 16:50:06] /c [GM] Eduardo
[28/05/2011 16:50:06] /c [GM] Eduardo
[28/05/2011 16:50:06] /c [GM] Eduardo
[28/05/2011 16:50:06] /c [GM] Eduardo
[28/05/2011 16:50:06] /c [GM] Eduardo
[28/05/2011 16:50:06] /c [GM] Eduardo
[28/05/2011 16:50:06] /c [GM] Eduardo
[28/05/2011 16:50:06] /c [GM] Eduardo
[28/05/2011 16:50:06] /c [GM] Eduardo
[28/05/2011 16:50:06] /c [GM] Eduardo
[28/05/2011 16:50:06] /c [GM] Eduardo
[28/05/2011 16:50:06] /c [GM] Eduardo
[28/05/2011 16:50:06] /c [GM] Eduardo
[28/05/2011 16:50:06] /c [GM] Eduardo
[28/05/2011 16:50:06] /c [GM] Eduardo
[28/05/2011 16:50:06] /c [GM] Eduardo
[28/05/2011 16:50:06] /c [GM] Eduardo
[28/05/2011 16:50:06] /c [GM] Eduardo
[28/05/2011 16:50:06] /c [GM] Eduardo
[28/05/2011 16:50:06] /c [GM] Eduardo
[28/05/2011 16:50:06] /c [GM] Eduardo
[28/05/2011 16:50:06] /c [GM] Eduardo
[28/05/2011 16:50:07] /c [GM] Eduardo
[28/05/2011 16:50:07] /c [GM] Eduardo
[28/05/2011 16:50:07] /c [GM] Eduardo
[28/05/2011 16:50:07] /c [GM] Eduardo
[28/05/2011 16:50:07] /c [GM] Eduardo
[28/05/2011 16:50:07] /c [GM] Eduardo
[28/05/2011 16:50:07] /c [GM] Eduardo
[28/05/2011 16:50:07] /c [GM] Eduardo
[28/05/2011 16:50:07] /c [GM] Eduardo
[28/05/2011 16:50:07] /c [GM] Eduardo
[28/05/2011 16:50:07] /c [GM] Eduardo
[28/05/2011 16:50:07] /c [GM] Eduardo
[28/05/2011 16:50:07] /c [GM] Eduardo
[28/05/2011 16:50:07] /c [GM] Eduardo
[28/05/2011 16:50:07] /c [GM] Eduardo
[28/05/2011 16:50:07] /c [GM] Eduardo
[28/05/2011 16:50:07] /c [GM] Eduardo
[28/05/2011 16:50:07] /c [GM] Eduardo
[28/05/2011 16:50:07] /c [GM] Eduardo
[28/05/2011 16:50:07] /c [GM] Eduardo
[28/05/2011 16:50:07] /c [GM] Eduardo
[28/05/2011 16:50:07] /c [GM] Eduardo
[28/05/2011 16:50:07] /c [GM] Eduardo
[28/05/2011 16:50:07] /c [GM] Eduardo
[28/05/2011 16:50:07] /c [GM] Eduardo
[28/05/2011 16:50:07] /c [GM] Eduardo
[28/05/2011 16:50:08] /c [GM] Eduardo
[28/05/2011 16:50:08] /c [GM] Eduardo
[28/05/2011 16:50:08] /c [GM] Eduardo
[28/05/2011 16:50:08] /c [GM] Eduardo
[28/05/2011 16:50:08] /c [GM] Eduardo
[28/05/2011 16:50:08] /c [GM] Eduardo
[28/05/2011 16:50:08] /c [GM] Eduardo
[28/05/2011 16:50:08] /c [GM] Eduardo
[28/05/2011 16:50:08] /c [GM] Eduardo
[28/05/2011 16:50:08] /c [GM] Eduardo
[28/05/2011 16:50:08] /c [GM] Eduardo
[28/05/2011 16:50:08] /c [GM] Eduardo
[28/05/2011 16:50:08] /c [GM] Eduardo
[28/05/2011 16:50:08] /c [GM] Eduardo
[28/05/2011 16:50:08] /c [GM] Eduardo
[28/05/2011 16:50:08] /c [GM] Eduardo
[28/05/2011 16:50:08] /c [GM] Eduardo
[28/05/2011 16:50:08] /c [GM] Eduardo
[28/05/2011 16:50:08] /c [GM] Eduardo
[28/05/2011 16:50:08] /c [GM] Eduardo
[28/05/2011 16:50:08] /c [GM] Eduardo
[28/05/2011 16:50:08] /c [GM] Eduardo
[28/05/2011 16:50:08] /c [GM] Eduardo
[28/05/2011 16:50:08] /c [GM] Eduardo
[28/05/2011 16:50:08] /c [GM] Eduardo
[28/05/2011 16:50:08] /c [GM] Eduardo
[28/05/2011 16:50:09] /c [GM] Eduardo
[28/05/2011 16:50:09] /c [GM] Eduardo
[28/05/2011 16:50:09] /c [GM] Eduardo
[28/05/2011 16:50:09] /c [GM] Eduardo
[28/05/2011 16:50:09] /c [GM] Eduardo
[28/05/2011 16:50:09] /c [GM] Eduardo
[28/05/2011 16:50:09] /c [GM] Eduardo
[28/05/2011 16:50:09] /c [GM] Eduardo
[28/05/2011 16:50:09] /c [GM] Eduardo
[28/05/2011 16:50:09] /c [GM] Eduardo
[28/05/2011 16:50:09] /c [GM] Eduardo
[28/05/2011 16:50:09] /c [GM] Eduardo
[28/05/2011 16:50:09] /c [GM] Eduardo
[28/05/2011 16:50:09] /c [GM] Eduardo
[28/05/2011 16:50:09] /c [GM] Eduardo
[28/05/2011 16:50:09] /c [GM] Eduardo
[28/05/2011 16:50:09] /c [GM] Eduardo
[28/05/2011 16:50:09] /c [GM] Eduardo
[28/05/2011 16:50:09] /c [GM] Eduardo
[28/05/2011 16:50:09] /c [GM] Eduardo
[28/05/2011 16:50:09] /c [GM] Eduardo
[28/05/2011 16:50:09] /c [GM] Eduardo
[28/05/2011 16:50:09] /c [GM] Eduardo
[28/05/2011 16:50:09] /c [GM] Eduardo
[28/05/2011 16:50:09] /c [GM] Eduardo
[28/05/2011 16:50:09] /c [GM] Eduardo
[28/05/2011 16:50:10] /c [GM] Eduardo
[28/05/2011 16:50:10] /c [GM] Eduardo
[28/05/2011 16:50:10] /c [GM] Eduardo
[28/05/2011 16:50:10] /c [GM] Eduardo
[28/05/2011 16:50:10] /c [GM] Eduardo
[28/05/2011 16:50:10] /c [GM] Eduardo
[28/05/2011 16:50:10] /c [GM] Eduardo
[28/05/2011 16:50:10] /c [GM] Eduardo
[28/05/2011 16:50:10] /c [GM] Eduardo
[28/05/2011 16:50:10] /c [GM] Eduardo
[28/05/2011 16:50:10] /c [GM] Eduardo
[28/05/2011 16:50:10] /c [GM] Eduardo
[28/05/2011 16:50:10] /c [GM] Eduardo
[28/05/2011 16:50:10] /c [GM] Eduardo
[28/05/2011 16:50:10] /c [GM] Eduardo
[28/05/2011 16:50:10] /c [GM] Eduardo
[28/05/2011 16:50:10] /c [GM] Eduardo
[28/05/2011 16:50:10] /c [GM] Eduardo
[28/05/2011 16:50:10] /c [GM] Eduardo
[28/05/2011 16:50:10] /c [GM] Eduardo
[28/05/2011 16:50:10] /c [GM] Eduardo
[28/05/2011 16:50:10] /c [GM] Eduardo
[28/05/2011 16:50:10] /c [GM] Eduardo
[28/05/2011 16:50:10] /c [GM] Eduardo
[28/05/2011 16:50:10] /c [GM] Eduardo
[28/05/2011 16:50:10] /c [GM] Eduardo
[28/05/2011 16:50:11] /c [GM] Eduardo
[28/05/2011 16:50:11] /c [GM] Eduardo
[28/05/2011 16:50:11] /c [GM] Eduardo
[28/05/2011 16:50:11] /c [GM] Eduardo
[28/05/2011 16:50:11] /c [GM] Eduardo
[28/05/2011 16:50:11] /c [GM] Eduardo
[28/05/2011 16:50:11] /c [GM] Eduardo
[28/05/2011 16:50:11] /c [GM] Eduardo
[28/05/2011 16:50:11] /c [GM] Eduardo
[28/05/2011 16:50:11] /c [GM] Eduardo
[28/05/2011 16:50:11] /c [GM] Eduardo
[28/05/2011 16:50:11] /c [GM] Eduardo
[28/05/2011 16:50:11] /c [GM] Eduardo
[28/05/2011 16:50:11] /c [GM] Eduardo
[28/05/2011 16:50:11] /c [GM] Eduardo
[28/05/2011 16:50:11] /c [GM] Eduardo
[28/05/2011 16:50:11] /c [GM] Eduardo
[28/05/2011 16:50:11] /c [GM] Eduardo
[28/05/2011 16:50:11] /c [GM] Eduardo
[28/05/2011 16:50:11] /c [GM] Eduardo
[28/05/2011 16:50:11] /c [GM] Eduardo
[28/05/2011 16:50:11] /c [GM] Eduardo
[28/05/2011 16:50:11] /c [GM] Eduardo
[28/05/2011 16:50:11] /c [GM] Eduardo
[28/05/2011 16:50:11] /c [GM] Eduardo
[28/05/2011 16:50:11] /c [GM] Eduardo
[28/05/2011 16:50:12] /c [GM] Eduardo
[28/05/2011 16:50:12] /c [GM] Eduardo
[28/05/2011 16:50:12] /c [GM] Eduardo
[28/05/2011 16:50:12] /c [GM] Eduardo
[28/05/2011 16:50:12] /c [GM] Eduardo
[28/05/2011 16:50:12] /c [GM] Eduardo
[28/05/2011 16:50:12] /c [GM] Eduardo
[28/05/2011 16:50:12] /c [GM] Eduardo
[28/05/2011 16:50:12] /c [GM] Eduardo
[28/05/2011 16:50:12] /c [GM] Eduardo
[28/05/2011 16:50:12] /c [GM] Eduardo
[28/05/2011 16:50:12] /c [GM] Eduardo
[28/05/2011 16:50:12] /c [GM] Eduardo
[28/05/2011 16:50:12] /c [GM] Eduardo
[28/05/2011 16:50:12] /c [GM] Eduardo
[28/05/2011 16:50:12] /c [GM] Eduardo
[28/05/2011 16:50:12] /c [GM] Eduardo
[28/05/2011 16:50:12] /c [GM] Eduardo
[28/05/2011 16:50:12] /c [GM] Eduardo
[28/05/2011 16:50:12] /c [GM] Eduardo
[28/05/2011 16:50:12] /c [GM] Eduardo
[28/05/2011 16:50:12] /c [GM] Eduardo
[28/05/2011 16:50:12] /c [GM] Eduardo
[28/05/2011 16:50:12] /c [GM] Eduardo
[28/05/2011 16:50:13] /c [GM] Eduardo
[28/05/2011 16:50:13] /c [GM] Eduardo
[28/05/2011 16:50:13] /c [GM] Eduardo
[28/05/2011 16:50:13] /c [GM] Eduardo
[28/05/2011 16:50:13] /c [GM] Eduardo
[28/05/2011 16:50:13] /c [GM] Eduardo
[28/05/2011 16:50:13] /c [GM] Eduardo
[28/05/2011 16:50:13] /c [GM] Eduardo
[28/05/2011 16:50:13] /c [GM] Eduardo
[28/05/2011 16:50:13] /c [GM] Eduardo
[28/05/2011 16:50:13] /c [GM] Eduardo
[28/05/2011 16:50:13] /c [GM] Eduardo
[28/05/2011 16:50:13] /c [GM] Eduardo
[28/05/2011 16:50:13] /c [GM] Eduardo
[28/05/2011 16:50:13] /c [GM] Eduardo
[28/05/2011 16:50:13] /c [GM] Eduardo
[28/05/2011 16:50:13] /c [GM] Eduardo
[28/05/2011 16:50:13] /c [GM] Eduardo
[28/05/2011 16:50:13] /c [GM] Eduardo
[28/05/2011 16:50:13] /c [GM] Eduardo
[28/05/2011 16:50:13] /c [GM] Eduardo
[28/05/2011 16:50:13] /c [GM] Eduardo
[28/05/2011 16:50:13] /c [GM] Eduardo
[28/05/2011 16:50:13] /c [GM] Eduardo
[28/05/2011 16:50:13] /c [GM] Eduardo
[28/05/2011 16:50:13] /c [GM] Eduardo
[28/05/2011 16:50:14] /c [GM] Eduardo
[28/05/2011 16:50:14] /c [GM] Eduardo
[28/05/2011 16:50:14] /c [GM] Eduardo
[28/05/2011 16:50:14] /c [GM] Eduardo
[28/05/2011 16:50:14] /c [GM] Eduardo
[28/05/2011 16:50:14] /c [GM] Eduardo
[28/05/2011 16:50:14] /c [GM] Eduardo
[28/05/2011 16:50:14] /c [GM] Eduardo
[28/05/2011 16:50:14] /c [GM] Eduardo
[28/05/2011 16:50:14] /c [GM] Eduardo
[28/05/2011 16:50:14] /c [GM] Eduardo
[28/05/2011 16:50:14] /c [GM] Eduardo
[28/05/2011 16:50:14] /c [GM] Eduardo
[28/05/2011 16:50:14] /c [GM] Eduardo
[28/05/2011 16:50:14] /c [GM] Eduardo
[28/05/2011 16:50:14] /c [GM] Eduardo
[28/05/2011 16:50:14] /c [GM] Eduardo
[28/05/2011 16:50:14] /c [GM] Eduardo
[28/05/2011 16:50:14] /c [GM] Eduardo
[28/05/2011 16:50:14] /c [GM] Eduardo
[28/05/2011 16:50:14] /c [GM] Eduardo
[28/05/2011 16:50:14] /c [GM] Eduardo
[28/05/2011 16:50:14] /c [GM] Eduardo
[28/05/2011 16:50:14] /c [GM] Eduardo
[28/05/2011 16:50:14] /c [GM] Eduardo
[28/05/2011 16:50:15] /c [GM] Eduardo
[28/05/2011 16:50:15] /c [GM] Eduardo
[28/05/2011 16:50:15] /c [GM] Eduardo
[28/05/2011 16:50:15] /c [GM] Eduardo
[28/05/2011 16:50:15] /c [GM] Eduardo
[28/05/2011 16:50:15] /c [GM] Eduardo
[28/05/2011 16:50:15] /c [GM] Eduardo
[28/05/2011 16:50:15] /c [GM] Eduardo
[28/05/2011 16:50:15] /c [GM] Eduardo
[28/05/2011 16:50:15] /c [GM] Eduardo
[28/05/2011 16:50:15] /c [GM] Eduardo
[28/05/2011 16:50:15] /c [GM] Eduardo
[28/05/2011 16:50:15] /c [GM] Eduardo
[28/05/2011 16:50:15] /c [GM] Eduardo
[28/05/2011 16:50:15] /c [GM] Eduardo
[28/05/2011 16:50:15] /c [GM] Eduardo
[28/05/2011 16:50:15] /c [GM] Eduardo
[28/05/2011 16:50:15] /c [GM] Eduardo
[28/05/2011 16:50:15] /c [GM] Eduardo
[28/05/2011 16:50:15] /c [GM] Eduardo
[28/05/2011 16:50:15] /c [GM] Eduardo
[28/05/2011 16:50:15] /c [GM] Eduardo
[28/05/2011 16:50:15] /c [GM] Eduardo
[28/05/2011 16:50:15] /c [GM] Eduardo
[28/05/2011 16:50:15] /c [GM] Eduardo
[28/05/2011 16:50:16] /c [GM] Eduardo
[28/05/2011 16:50:16] /c [GM] Eduardo
[28/05/2011 16:50:16] /c [GM] Eduardo
[28/05/2011 16:50:16] /c [GM] Eduardo
[28/05/2011 16:50:16] /c [GM] Eduardo
[28/05/2011 16:50:16] /c [GM] Eduardo
[28/05/2011 16:50:16] /c [GM] Eduardo
[28/05/2011 16:50:16] /c [GM] Eduardo
[28/05/2011 16:50:16] /c [GM] Eduardo
[28/05/2011 16:50:16] /c [GM] Eduardo
[28/05/2011 16:50:16] /c [GM] Eduardo
[28/05/2011 16:50:16] /c [GM] Eduardo
[28/05/2011 16:50:16] /c [GM] Eduardo
[28/05/2011 16:50:16] /c [GM] Eduardo
[28/05/2011 16:50:16] /c [GM] Eduardo
[28/05/2011 16:50:16] /c [GM] Eduardo
[28/05/2011 16:50:16] /c [GM] Eduardo
[28/05/2011 16:50:16] /c [GM] Eduardo
[28/05/2011 16:50:16] /c [GM] Eduardo
[28/05/2011 16:50:16] /c [GM] Eduardo
[28/05/2011 16:50:16] /c [GM] Eduardo
[28/05/2011 16:50:16] /c [GM] Eduardo
[28/05/2011 16:50:16] /c [GM] Eduardo
[28/05/2011 16:50:16] /c [GM] Eduardo
[28/05/2011 16:50:16] /c [GM] Eduardo
[28/05/2011 16:50:17] /c [GM] Eduardo
[28/05/2011 16:50:17] /c [GM] Eduardo
[28/05/2011 16:50:17] /c [GM] Eduardo
[28/05/2011 16:50:17] /c [GM] Eduardo
[28/05/2011 16:50:17] /c [GM] Eduardo
[28/05/2011 16:50:17] /c [GM] Eduardo
[28/05/2011 16:50:17] /c [GM] Eduardo
[28/05/2011 16:50:17] /c [GM] Eduardo
[28/05/2011 16:50:17] /c [GM] Eduardo
[28/05/2011 16:50:17] /c [GM] Eduardo
[28/05/2011 16:50:17] /c [GM] Eduardo
[28/05/2011 16:50:17] /c [GM] Eduardo
[28/05/2011 16:50:17] /c [GM] Eduardo
[28/05/2011 16:50:17] /c [GM] Eduardo
[28/05/2011 16:50:17] /c [GM] Eduardo
[28/05/2011 16:50:17] /c [GM] Eduardo
[28/05/2011 16:50:17] /c [GM] Eduardo
[28/05/2011 16:50:17] /c [GM] Eduardo
[28/05/2011 16:50:17] /c [GM] Eduardo
[28/05/2011 16:50:17] /c [GM] Eduardo
[28/05/2011 16:50:17] /c [GM] Eduardo
[28/05/2011 16:50:17] /c [GM] Eduardo
[28/05/2011 16:50:17] /c [GM] Eduardo
[28/05/2011 16:50:17] /c [GM] Eduardo
[28/05/2011 16:50:17] /c [GM] Eduardo
[28/05/2011 16:50:17] /c [GM] Eduardo
[28/05/2011 16:50:18] /c [GM] Eduardo
[28/05/2011 16:50:18] /c [GM] Eduardo
[28/05/2011 16:50:18] /c [GM] Eduardo
[28/05/2011 16:50:18] /c [GM] Eduardo
[28/05/2011 16:50:18] /c [GM] Eduardo
[28/05/2011 16:50:18] /c [GM] Eduardo
[28/05/2011 16:50:18] /c [GM] Eduardo
[28/05/2011 16:50:18] /c [GM] Eduardo
[28/05/2011 16:50:18] /c [GM] Eduardo
[28/05/2011 16:50:18] /c [GM] Eduardo
[28/05/2011 16:50:18] /c [GM] Eduardo
[28/05/2011 16:50:18] /c [GM] Eduardo
[28/05/2011 16:50:18] /c [GM] Eduardo
[28/05/2011 16:50:18] /c [GM] Eduardo
[28/05/2011 16:50:18] /c [GM] Eduardo
[28/05/2011 16:50:18] /c [GM] Eduardo
[28/05/2011 16:50:18] /c [GM] Eduardo
[28/05/2011 16:50:18] /c [GM] Eduardo
[28/05/2011 16:50:18] /c [GM] Eduardo
[28/05/2011 16:50:18] /c [GM] Eduardo
[28/05/2011 16:50:18] /c [GM] Eduardo
[28/05/2011 16:50:18] /c [GM] Eduardo
[28/05/2011 16:50:18] /c [GM] Eduardo
[28/05/2011 16:50:18] /c [GM] Eduardo
[28/05/2011 16:50:18] /c [GM] Eduardo
[28/05/2011 16:50:19] /c [GM] Eduardo
[28/05/2011 16:50:19] /c [GM] Eduardo
[28/05/2011 16:50:19] /c [GM] Eduardo
[28/05/2011 16:50:19] /c [GM] Eduardo
[28/05/2011 16:50:19] /c [GM] Eduardo
[28/05/2011 16:50:19] /c [GM] Eduardo
[28/05/2011 16:50:19] /c [GM] Eduardo
[28/05/2011 16:50:19] /c [GM] Eduardo
[28/05/2011 16:50:19] /c [GM] Eduardo
[28/05/2011 16:50:19] /c [GM] Eduardo
[28/05/2011 16:50:19] /goto [GM] Eduardo
[28/05/2011 16:50:19] /goto [GM] Eduardo
[28/05/2011 16:50:19] /goto [GM] Eduardo
[28/05/2011 16:50:19] /goto [GM] Eduardo
[28/05/2011 16:50:19] /goto [GM] Eduardo
[28/05/2011 16:50:20] /goto [GM] Eduardo
[28/05/2011 16:50:20] /goto [GM] Eduardo
[28/05/2011 16:50:20] /goto [GM] Eduardo
[28/05/2011 16:50:20] /goto [GM] Eduardo
[28/05/2011 16:50:20] /goto [GM] Eduardo
[28/05/2011 16:50:20] /goto [GM] Eduardo
[28/05/2011 16:50:20] /goto [GM] Eduardo
[28/05/2011 16:50:20] /goto [GM] Eduardo
[28/05/2011 16:50:20] /goto [GM] Eduardo
[28/05/2011 16:50:20] /goto [GM] Eduardo
[28/05/2011 16:50:20] /goto [GM] Eduardo
[28/05/2011 16:50:20] /goto [GM] Eduardo
[28/05/2011 16:50:20] /goto [GM] Eduardo
[28/05/2011 16:50:20] /goto [GM] Eduardo
[28/05/2011 16:50:20] /c [GM] Eduardo
[28/05/2011 16:50:21] /c [GM] Eduardo
[28/05/2011 16:50:21] /c [GM] Eduardo
[28/05/2011 16:50:21] /c [GM] Eduardo
[28/05/2011 16:50:21] /c [GM] Eduardo
[28/05/2011 16:50:21] /c [GM] Eduardo
[28/05/2011 16:50:21] /c [GM] Eduardo
[28/05/2011 16:50:21] /c [GM] Eduardo
[28/05/2011 16:50:21] /c [GM] Eduardo
[28/05/2011 16:50:21] /c [GM] Eduardo
[28/05/2011 16:50:21] /c [GM] Eduardo
[28/05/2011 16:50:21] /c [GM] Eduardo
[28/05/2011 16:50:21] /c [GM] Eduardo
[28/05/2011 16:50:21] /c [GM] Eduardo
[28/05/2011 16:50:21] /c [GM] Eduardo
[28/05/2011 16:50:21] /c [GM] Eduardo
[28/05/2011 16:50:21] /c [GM] Eduardo
[28/05/2011 16:50:21] /c [GM] Eduardo
[28/05/2011 16:50:21] /c [GM] Eduardo
[28/05/2011 16:50:21] /c [GM] Eduardo
[28/05/2011 16:50:21] /c [GM] Eduardo
[28/05/2011 16:50:21] /c [GM] Eduardo
[28/05/2011 16:50:21] /c [GM] Eduardo
[28/05/2011 16:50:21] /c [GM] Eduardo
[28/05/2011 16:50:21] /c [GM] Eduardo
[28/05/2011 16:50:21] /c [GM] Eduardo
[28/05/2011 16:50:22] /c [GM] Eduardo
[28/05/2011 16:50:22] /c [GM] Eduardo
[28/05/2011 16:50:22] /c [GM] Eduardo
[28/05/2011 16:50:22] /c [GM] Eduardo
[28/05/2011 16:50:22] /c [GM] Eduardo
[28/05/2011 16:50:22] /c [GM] Eduardo
[28/05/2011 16:50:22] /c [GM] Eduardo
[28/05/2011 16:50:22] /c [GM] Eduardo
[28/05/2011 16:50:22] /c [GM] Eduardo
[28/05/2011 16:50:22] /c [GM] Eduardo
[28/05/2011 16:50:22] /c [GM] Eduardo
[28/05/2011 16:50:22] /c [GM] Eduardo
[28/05/2011 16:50:22] /c [GM] Eduardo
[28/05/2011 16:50:22] /c [GM] Eduardo
[28/05/2011 16:50:22] /c [GM] Eduardo
[28/05/2011 16:50:22] /c [GM] Eduardo
[28/05/2011 16:50:22] /c [GM] Eduardo
[28/05/2011 16:50:22] /c [GM] Eduardo
[28/05/2011 16:50:22] /c [GM] Eduardo
[28/05/2011 16:50:22] /c [GM] Eduardo
[28/05/2011 16:50:22] /c [GM] Eduardo
[28/05/2011 16:50:22] /c [GM] Eduardo
[28/05/2011 16:50:22] /c [GM] Eduardo
[28/05/2011 16:50:22] /c [GM] Eduardo
[28/05/2011 16:50:22] /c [GM] Eduardo
[28/05/2011 16:50:23] /c [GM] Eduardo
[28/05/2011 16:50:23] /c [GM] Eduardo
[28/05/2011 16:50:23] /c [GM] Eduardo
[28/05/2011 16:50:23] /c [GM] Eduardo
[28/05/2011 16:50:23] /c [GM] Eduardo
[28/05/2011 16:50:23] /c [GM] Eduardo
[28/05/2011 16:50:23] /c [GM] Eduardo
[28/05/2011 16:50:23] /c [GM] Eduardo
[28/05/2011 16:50:23] /c [GM] Eduardo
[28/05/2011 16:50:23] /c [GM] Eduardo
[28/05/2011 16:50:23] /c [GM] Eduardo
[28/05/2011 16:50:23] /c [GM] Eduardo
[28/05/2011 16:50:23] /c [GM] Eduardo
[28/05/2011 16:50:23] /c [GM] Eduardo
[28/05/2011 16:50:23] /c [GM] Eduardo
[28/05/2011 16:50:23] /c [GM] Eduardo
[28/05/2011 16:50:23] /c [GM] Eduardo
[28/05/2011 16:50:23] /c [GM] Eduardo
[28/05/2011 16:50:23] /c [GM] Eduardo
[28/05/2011 16:50:23] /c [GM] Eduardo
[28/05/2011 16:50:23] /c [GM] Eduardo
[28/05/2011 16:50:23] /c [GM] Eduardo
[28/05/2011 16:50:23] /c [GM] Eduardo
[28/05/2011 16:50:23] /c [GM] Eduardo
[28/05/2011 16:50:23] /c [GM] Eduardo
[28/05/2011 16:50:23] /c [GM] Eduardo
[28/05/2011 16:50:24] /c [GM] Eduardo
[28/05/2011 16:50:24] /c [GM] Eduardo
[28/05/2011 16:50:24] /c [GM] Eduardo
[28/05/2011 16:50:24] /c [GM] Eduardo
[28/05/2011 16:50:24] /c [GM] Eduardo
[28/05/2011 16:50:24] /c [GM] Eduardo
[28/05/2011 16:50:24] /c [GM] Eduardo
[28/05/2011 16:50:24] /c [GM] Eduardo
[28/05/2011 16:50:24] /c [GM] Eduardo
[28/05/2011 16:50:24] /c [GM] Eduardo
[28/05/2011 16:50:24] /c [GM] Eduardo
[28/05/2011 16:50:24] /c [GM] Eduardo
[28/05/2011 16:50:24] /c [GM] Eduardo
[28/05/2011 16:50:24] /c [GM] Eduardo
[28/05/2011 16:50:24] /c [GM] Eduardo
[28/05/2011 16:50:24] /c [GM] Eduardo
[28/05/2011 16:50:24] /c [GM] Eduardo
[28/05/2011 16:50:24] /c [GM] Eduardo
[28/05/2011 16:50:24] /c [GM] Eduardo
[28/05/2011 16:50:24] /c [GM] Eduardo
[28/05/2011 16:50:24] /c [GM] Eduardo
[28/05/2011 16:50:24] /c [GM] Eduardo
[28/05/2011 16:50:24] /c [GM] Eduardo
[28/05/2011 16:50:24] /c [GM] Eduardo
[28/05/2011 16:50:24] /c [GM] Eduardo
[28/05/2011 16:50:24] /c [GM] Eduardo
[28/05/2011 16:50:25] /c [GM] Eduardo
[28/05/2011 16:50:25] /c [GM] Eduardo
[28/05/2011 16:50:25] /c [GM] Eduardo
[28/05/2011 16:50:25] /c [GM] Eduardo
[28/05/2011 16:50:25] /c [GM] Eduardo
[28/05/2011 16:50:25] /c [GM] Eduardo
[28/05/2011 16:50:25] /c [GM] Eduardo
[28/05/2011 16:50:25] /c [GM] Eduardo
[28/05/2011 16:50:25] /c [GM] Eduardo
[28/05/2011 16:50:25] /c [GM] Eduardo
[28/05/2011 16:50:25] /c [GM] Eduardo
[28/05/2011 16:50:25] /c [GM] Eduardo
[28/05/2011 16:50:25] /c [GM] Eduardo
[28/05/2011 16:50:25] /c [GM] Eduardo
[28/05/2011 16:50:25] /c [GM] Eduardo
[28/05/2011 16:50:25] /c [GM] Eduardo
[28/05/2011 16:50:25] /c [GM] Eduardo
[28/05/2011 16:50:25] /c [GM] Eduardo
[28/05/2011 16:50:26] /c [GM] Eduardo
[28/05/2011 16:50:26] /c [GM] Eduardo
[28/05/2011 16:50:26] /c [GM] Eduardo
[28/05/2011 16:50:26] /c [GM] Eduardo
[28/05/2011 16:50:26] /c [GM] Eduardo
[28/05/2011 16:50:26] /c [GM] Eduardo
[28/05/2011 16:50:26] /c [GM] Eduardo
[28/05/2011 16:50:26] /c [GM] Eduardo
[28/05/2011 16:50:26] /c [GM] Eduardo
[28/05/2011 16:50:26] /c [GM] Eduardo
[28/05/2011 16:50:26] /c [GM] Eduardo
[28/05/2011 16:50:26] /c [GM] Eduardo
[28/05/2011 16:50:26] /c [GM] Eduardo
[28/05/2011 16:50:26] /c [GM] Eduardo
[28/05/2011 16:50:26] /c [GM] Eduardo
[28/05/2011 16:50:26] /c [GM] Eduardo
[28/05/2011 16:50:26] /c [GM] Eduardo
[28/05/2011 16:50:26] /c [GM] Eduardo
[28/05/2011 16:50:26] /c [GM] Eduardo
[28/05/2011 16:50:26] /c [GM] Eduardo
[28/05/2011 16:50:26] /c [GM] Eduardo
[28/05/2011 16:50:26] /c [GM] Eduardo
[28/05/2011 16:50:26] /c [GM] Eduardo
[28/05/2011 16:50:26] /c [GM] Eduardo
[28/05/2011 16:50:26] /c [GM] Eduardo
[28/05/2011 16:50:26] /c [GM] Eduardo
[28/05/2011 16:50:26] /c [GM] Eduardo
[28/05/2011 16:50:26] /c [GM] Eduardo
[28/05/2011 16:50:26] /c [GM] Eduardo
[28/05/2011 16:50:26] /c [GM] Eduardo
[28/05/2011 16:50:26] /c [GM] Eduardo
[28/05/2011 16:50:26] /c [GM] Eduardo
[28/05/2011 16:50:26] /c [GM] Eduardo
[28/05/2011 16:50:26] /c [GM] Eduardo
[28/05/2011 16:50:27] /c [GM] Eduardo
[28/05/2011 16:50:27] /c [GM] Eduardo
[28/05/2011 16:50:27] /c [GM] Eduardo
[28/05/2011 16:50:27] /c [GM] Eduardo
[28/05/2011 16:50:27] /c [GM] Eduardo
[28/05/2011 16:50:27] /c [GM] Eduardo
[28/05/2011 16:50:27] /c [GM] Eduardo
[28/05/2011 16:50:27] /c [GM] Eduardo
[28/05/2011 16:50:27] /c [GM] Eduardo
[28/05/2011 16:50:27] /c [GM] Eduardo
[28/05/2011 16:50:27] /c [GM] Eduardo
[28/05/2011 16:50:27] /c [GM] Eduardo
[28/05/2011 16:50:27] /c [GM] Eduardo
[28/05/2011 16:50:27] /c [GM] Eduardo
[28/05/2011 16:50:27] /c [GM] Eduardo
[28/05/2011 16:50:27] /c [GM] Eduardo
[28/05/2011 16:50:27] /c [GM] Eduardo
[28/05/2011 16:50:27] /c [GM] Eduardo
[28/05/2011 16:50:27] /c [GM] Eduardo
[28/05/2011 16:50:27] /c [GM] Eduardo
[28/05/2011 16:50:27] /c [GM] Eduardo
[28/05/2011 16:50:27] /c [GM] Eduardo
[28/05/2011 16:50:27] /c [GM] Eduardo
[28/05/2011 16:50:27] /c [GM] Eduardo
[28/05/2011 16:50:27] /c [GM] Eduardo
[28/05/2011 16:50:28] /c [GM] Eduardo
[28/05/2011 16:50:28] /c [GM] Eduardo
[28/05/2011 16:50:28] /c [GM] Eduardo
[28/05/2011 16:50:28] /c [GM] Eduardo
[28/05/2011 16:50:28] /c [GM] Eduardo
[28/05/2011 16:50:29] /goto [GM] Eduardo
[28/05/2011 16:50:30] /goto [GM] Eduardo
[28/05/2011 16:50:30] /goto [GM] Eduardo
[28/05/2011 16:50:30] /goto [GM] Eduardo
[28/05/2011 16:50:30] /goto [GM] Eduardo
[28/05/2011 16:50:30] /goto [GM] Eduardo
[28/05/2011 16:50:30] /goto [GM] Eduardo
[28/05/2011 16:50:30] /goto [GM] Eduardo
[28/05/2011 16:50:30] /goto [GM] Eduardo
[28/05/2011 16:50:30] /goto [GM] Eduardo
[28/05/2011 16:50:30] /goto [GM] Eduardo
[28/05/2011 16:50:30] /goto [GM] Eduardo
[28/05/2011 16:50:30] /goto [GM] Eduardo
[28/05/2011 16:50:30] /goto [GM] Eduardo
[28/05/2011 16:50:30] /goto [GM] Eduardo
[28/05/2011 16:50:30] /goto [GM] Eduardo
[28/05/2011 16:50:30] /goto [GM] Eduardo
[28/05/2011 16:50:30] /goto [GM] Eduardo
[28/05/2011 16:50:30] /goto [GM] Eduardo
[28/05/2011 16:50:31] /c [GM] Eduardo
[28/05/2011 16:50:31] /c [GM] Eduardo
[28/05/2011 16:50:31] /c [GM] Eduardo
[28/05/2011 16:50:31] /c [GM] Eduardo
[28/05/2011 16:50:31] /c [GM] Eduardo
[28/05/2011 16:50:31] /c [GM] Eduardo
[28/05/2011 16:50:31] /c [GM] Eduardo
[28/05/2011 16:50:31] /c [GM] Eduardo
[28/05/2011 16:50:31] /c [GM] Eduardo
[28/05/2011 16:50:32] /c [GM] Eduardo
[28/05/2011 16:50:32] /c [GM] Eduardo
[28/05/2011 16:50:32] /c [GM] Eduardo
[28/05/2011 16:50:32] /c [GM] Eduardo
[28/05/2011 16:50:32] /c [GM] Eduardo
[28/05/2011 16:50:32] /c [GM] Eduardo
[28/05/2011 16:50:32] /c [GM] Eduardo
[28/05/2011 16:50:32] /c [GM] Eduardo
[28/05/2011 16:50:32] /c [GM] Eduardo
[28/05/2011 16:50:32] /c [GM] Eduardo
[28/05/2011 16:50:32] /c [GM] Eduardo
[28/05/2011 16:50:32] /c [GM] Eduardo
[28/05/2011 16:50:32] /c [GM] Eduardo
[28/05/2011 16:50:32] /c [GM] Eduardo
[28/05/2011 16:50:32] /c [GM] Eduardo
[28/05/2011 16:50:32] /c [GM] Eduardo
[28/05/2011 16:50:32] /c [GM] Eduardo
[28/05/2011 16:50:32] /c [GM] Eduardo
[28/05/2011 16:50:32] /c [GM] Eduardo
[28/05/2011 16:50:32] /c [GM] Eduardo
[28/05/2011 16:50:32] /c [GM] Eduardo
[28/05/2011 16:50:33] /c [GM] Eduardo
[28/05/2011 16:50:33] /c [GM] Eduardo
[28/05/2011 16:50:33] /c [GM] Eduardo
[28/05/2011 16:50:33] /c [GM] Eduardo
[28/05/2011 16:50:33] /c [GM] Eduardo
[28/05/2011 16:50:33] /c [GM] Eduardo
[28/05/2011 16:50:33] /c [GM] Eduardo
[28/05/2011 16:50:33] /c [GM] Eduardo
[28/05/2011 16:50:33] /c [GM] Eduardo
[28/05/2011 16:50:33] /c [GM] Eduardo
[28/05/2011 16:50:33] /c [GM] Eduardo
[28/05/2011 16:50:33] /c [GM] Eduardo
[28/05/2011 16:50:33] /c [GM] Eduardo
[28/05/2011 16:50:33] /c [GM] Eduardo
[28/05/2011 16:50:33] /c [GM] Eduardo
[28/05/2011 16:50:33] /c [GM] Eduardo
[28/05/2011 16:50:33] /c [GM] Eduardo
[28/05/2011 16:50:33] /c [GM] Eduardo
[28/05/2011 16:50:33] /c [GM] Eduardo
[28/05/2011 16:50:33] /c [GM] Eduardo
[28/05/2011 16:50:33] /c [GM] Eduardo
[28/05/2011 16:50:33] /c [GM] Eduardo
[28/05/2011 16:50:33] /c [GM] Eduardo
[28/05/2011 16:50:33] /c [GM] Eduardo
[28/05/2011 16:50:33] /c [GM] Eduardo
[28/05/2011 16:50:34] /c [GM] Eduardo
[28/05/2011 16:50:34] /c [GM] Eduardo
[28/05/2011 16:50:34] /c [GM] Eduardo
[28/05/2011 16:50:34] /c [GM] Eduardo
[28/05/2011 16:50:34] /c [GM] Eduardo
[28/05/2011 16:50:34] /c [GM] Eduardo
[28/05/2011 16:50:34] /c [GM] Eduardo
[28/05/2011 16:50:34] /c [GM] Eduardo
[28/05/2011 16:50:34] /c [GM] Eduardo
[28/05/2011 16:50:34] /c [GM] Eduardo
[28/05/2011 16:50:34] /c [GM] Eduardo
[28/05/2011 16:50:34] /c [GM] Eduardo
[28/05/2011 16:50:34] /c [GM] Eduardo
[28/05/2011 16:50:34] /c [GM] Eduardo
[28/05/2011 16:50:34] /c [GM] Eduardo
[28/05/2011 16:50:34] /c [GM] Eduardo
[28/05/2011 16:50:34] /c [GM] Eduardo
[28/05/2011 16:50:34] /c [GM] Eduardo
[28/05/2011 16:50:35] /c [GM] Eduardo
[28/05/2011 16:50:35] /c [GM] Eduardo
[28/05/2011 16:50:35] /c [GM] Eduardo
[28/05/2011 16:50:35] /c [GM] Eduardo
[28/05/2011 16:50:35] /c [GM] Eduardo
[28/05/2011 16:50:35] /c [GM] Eduardo
[28/05/2011 16:50:35] /c [GM] Eduardo
[28/05/2011 16:50:35] /c [GM] Eduardo
[28/05/2011 16:50:35] /c [GM] Eduardo
[28/05/2011 16:50:35] /c [GM] Eduardo
[28/05/2011 16:50:35] /c [GM] Eduardo
[28/05/2011 16:50:35] /c [GM] Eduardo
[28/05/2011 16:50:35] /c [GM] Eduardo
[28/05/2011 16:50:35] /c [GM] Eduardo
[28/05/2011 16:50:35] /c [GM] Eduardo
[28/05/2011 16:50:35] /c [GM] Eduardo
[28/05/2011 16:50:35] /c [GM] Eduardo
[28/05/2011 16:50:35] /c [GM] Eduardo
[28/05/2011 16:50:35] /c [GM] Eduardo
[28/05/2011 16:50:35] /c [GM] Eduardo
[28/05/2011 16:50:35] /c [GM] Eduardo
[28/05/2011 16:50:35] /c [GM] Eduardo
[28/05/2011 16:50:35] /c [GM] Eduardo
[28/05/2011 16:50:40] /c [GM] Eduardo
[28/05/2011 16:50:45] /goto [GM] Eduardo
[28/05/2011 16:50:46] /goto [GM] Eduardo
[28/05/2011 16:50:47] /goto [GM] Eduardo
[28/05/2011 16:50:47] /goto [GM] Eduardo
[28/05/2011 16:50:55] /goto mage of black
[28/05/2011 16:51:22] /goto [GM] Eduardo
[28/05/2011 16:52:13] /a
[28/05/2011 16:52:14] /a
[28/05/2011 16:53:36] /i food
[28/05/2011 16:54:05] /i meat
[28/05/2011 16:54:10] /i meat
[28/05/2011 16:54:11] /i meat
[28/05/2011 16:54:11] /i meat
[28/05/2011 16:54:19] /i 10029
[28/05/2011 16:54:24] /a
[28/05/2011 16:54:36] /t [GM] Eduardo
[28/05/2011 16:54:45] /t [GM] Eduardo
[28/05/2011 16:55:07] /goto [GM] Eduardo
[28/05/2011 16:55:08] /c [GM] Eduardo
[28/05/2011 16:55:09] /c [GM] Eduardo
[28/05/2011 16:55:10] /c [GM] Eduardo
[28/05/2011 16:55:10] /c [GM] Eduardo
[28/05/2011 16:55:13] /t
[28/05/2011 16:55:14] /c [GM] Eduardo
[28/05/2011 16:55:15] /c [GM] Eduardo
[28/05/2011 16:55:16] /c [GM] Eduardo
[28/05/2011 16:55:17] /a
[28/05/2011 16:55:18] /a
[28/05/2011 16:55:18] /a
[28/05/2011 16:55:19] /goto [GM] Eduardo
[28/05/2011 16:55:20] /c [GM] Eduardo
[28/05/2011 16:56:24] /i scarab coin
[28/05/2011 16:56:44] /a
[28/05/2011 16:56:45] /a
[28/05/2011 16:56:55] /r 100
[28/05/2011 16:57:02] /r 99
[28/05/2011 16:57:06] /r 99
[28/05/2011 16:57:07] /r 99
[28/05/2011 16:57:10] /r 99
[28/05/2011 16:57:11] /r 99
[28/05/2011 16:57:14] /r 99
[28/05/2011 16:57:16] /r 99
[28/05/2011 16:57:18] /r 99
[28/05/2011 16:57:23] /r 99
[28/05/2011 16:57:28] /r 99
[28/05/2011 16:57:31] /r 99
[28/05/2011 16:57:33] /r 99
[28/05/2011 16:58:02] /reload action
[28/05/2011 16:58:46] /i scarab coin
[28/05/2011 16:58:55] /r 99
[28/05/2011 16:58:58] /r 99
[28/05/2011 16:59:00] /r 99
[28/05/2011 17:00:06] /reload action
[28/05/2011 17:00:54] /i scarab coin
[28/05/2011 17:01:05] /r 100
[28/05/2011 17:01:44] /reload spells
[28/05/2011 17:02:23] /a
[28/05/2011 17:02:49] /reload spells
[28/05/2011 17:04:47] /r
[28/05/2011 17:04:47] /r
[28/05/2011 17:07:05] /mc
[28/05/2011 17:07:17] /r
[28/05/2011 17:07:18] /r
[28/05/2011 17:07:27] /t
[28/05/2011 18:25:56] /mc
[28/05/2011 18:26:11] /goto Mlk Do Point
[28/05/2011 18:26:34] /mc
[28/05/2011 18:27:18] /mc
[28/05/2011 18:28:07] /mc
[28/05/2011 18:28:37] /c Bieel And Jaaque
[28/05/2011 18:28:47] /r
[28/05/2011 18:28:48] /r
[28/05/2011 18:29:15] /mc
[28/05/2011 18:30:47] /bc green; KEM SABE COMANDO !BUYVIP DO JEITO KE EU KERO GANHA TUTOR
[28/05/2011 18:30:53] /bc green; KEM SABER COMANDO !BUYVIP DO JEITO KE EU KERO GANHA TUTOR
[28/05/2011 18:30:54] /bc green; KEM SABER COMANDO !BUYVIP DO JEITO KE EU KERO GANHA TUTOR
[28/05/2011 18:30:54] /bc green; KEM SABER COMANDO !BUYVIP DO JEITO KE EU KERO GANHA TUTOR
[28/05/2011 18:30:54] /bc green; KEM SABER COMANDO !BUYVIP DO JEITO KE EU KERO GANHA TUTOR
[28/05/2011 18:30:55] /bc green; KEM SABER COMANDO !BUYVIP DO JEITO KE EU KERO GANHA TUTOR
[28/05/2011 18:30:55] /bc green; KEM SABER COMANDO !BUYVIP DO JEITO KE EU KERO GANHA TUTOR
[28/05/2011 18:30:56] /bc green; KEM SABER COMANDO !BUYVIP DO JEITO KE EU KERO GANHA TUTOR
[28/05/2011 18:30:56] /bc green; KEM SABER COMANDO !BUYVIP DO JEITO KE EU KERO GANHA TUTOR
[28/05/2011 18:30:57] /bc green; KEM SABER COMANDO !BUYVIP DO JEITO KE EU KERO GANHA TUTOR
[28/05/2011 18:30:57] /bc green; KEM SABER COMANDO !BUYVIP DO JEITO KE EU KERO GANHA TUTOR
[28/05/2011 18:30:58] /bc green; KEM SABER COMANDO !BUYVIP DO JEITO KE EU KERO GANHA TUTOR
[28/05/2011 18:30:58] /bc green; KEM SABER COMANDO !BUYVIP DO JEITO KE EU KERO GANHA TUTOR
[28/05/2011 18:30:59] /bc green; KEM SABER COMANDO !BUYVIP DO JEITO KE EU KERO GANHA TUTOR
[28/05/2011 18:30:59] /bc green; KEM SABER COMANDO !BUYVIP DO JEITO KE EU KERO GANHA TUTOR
[28/05/2011 18:31:18] /bc green; KEM SABER COMANDO !BUYVIP DO JEITO KE EU KERO GANHA TUTOR
[28/05/2011 18:31:19] /bc green; KEM SABER COMANDO !BUYVIP DO JEITO KE EU KERO GANHA TUTOR
[28/05/2011 18:31:19] /bc green; KEM SABER COMANDO !BUYVIP DO JEITO KE EU KERO GANHA TUTOR
[28/05/2011 18:31:28] /bc green; KEM SABER COMANDO !BUYVIP DO JEITO KE EU KERO GANHA TUTOR
[28/05/2011 18:31:29] /bc green; KEM SABER COMANDO !BUYVIP DO JEITO KE EU KERO GANHA TUTOR
[28/05/2011 18:31:29] /bc green; KEM SABER COMANDO !BUYVIP DO JEITO KE EU KERO GANHA TUTOR
[28/05/2011 18:31:30] /bc green; KEM SABER COMANDO !BUYVIP DO JEITO KE EU KERO GANHA TUTOR
[28/05/2011 18:31:37] /up
[28/05/2011 18:31:37] /up
[28/05/2011 18:31:43] /c Pally Of Mal
[28/05/2011 18:34:25] /t
[28/05/2011 18:34:33] /a 55
[28/05/2011 18:34:36] /a 10
[28/05/2011 18:34:48] /c pally of mal
[28/05/2011 18:35:32] /i 2137
[28/05/2011 18:36:04] /a 2
[28/05/2011 18:36:09] /c Pally Of Mal
[28/05/2011 18:36:15] /c Pally Of Mal
[28/05/2011 18:36:23] /c Pally Of Mal
[28/05/2011 18:37:03] /c Pally Of Mal
[28/05/2011 21:00:30] /a 2
[28/05/2011 21:05:42] /c pally of mal
[28/05/2011 21:08:37] /a
[28/05/2011 21:08:43] /i 965
[28/05/2011 21:09:15] /r
[28/05/2011 21:11:30] /t
[28/05/2011 21:16:36] /reload action
[28/05/2011 21:17:10] /i 406
[28/05/2011 21:17:35] /i 7620
[28/05/2011 21:18:05] /c Pally Of Death
[28/05/2011 21:20:12] /r
[28/05/2011 21:20:13] /r
[28/05/2011 21:20:13] /r
[28/05/2011 21:20:13] /r
[28/05/2011 21:20:14] /r
[28/05/2011 21:20:14] /r
[28/05/2011 21:20:22] /r
[28/05/2011 21:20:23] /r
[28/05/2011 21:20:23] /r
[28/05/2011 21:20:23] /r
[28/05/2011 21:20:23] /r
[28/05/2011 21:20:24] /r
[28/05/2011 21:20:24] /r
[28/05/2011 21:20:24] /r
[28/05/2011 21:20:24] /r
[28/05/2011 21:20:24] /r
[28/05/2011 21:20:24] /r
[28/05/2011 21:20:25] /r
[28/05/2011 21:20:25] /r
[28/05/2011 21:20:25] /r
[28/05/2011 21:20:25] /r
[28/05/2011 21:20:26] /r
[28/05/2011 21:20:26] /r
[28/05/2011 21:20:26] /r
[28/05/2011 21:20:26] /r
[28/05/2011 21:20:26] /r
[28/05/2011 21:20:27] /r
[28/05/2011 21:20:27] /r
[28/05/2011 21:20:27] /r
[28/05/2011 21:20:27] /r
[28/05/2011 21:20:27] /r
[28/05/2011 21:20:28] /r
[28/05/2011 21:20:28] /r
[28/05/2011 21:20:28] /r
[28/05/2011 21:20:28] /r
[28/05/2011 21:20:28] /r
[28/05/2011 21:20:29] /r
[28/05/2011 21:20:29] /r
[28/05/2011 21:20:29] /r
[28/05/2011 21:20:29] /r
[28/05/2011 21:20:29] /r
[28/05/2011 21:20:29] /r
[28/05/2011 21:20:30] /r
[28/05/2011 21:20:30] /r
[28/05/2011 21:20:30] /r
[28/05/2011 21:20:30] /r
[28/05/2011 21:20:31] /r
[28/05/2011 21:20:31] /r
[28/05/2011 21:20:31] /r
[28/05/2011 21:20:31] /r
[28/05/2011 21:20:31] /r
[28/05/2011 21:20:32] /r
[28/05/2011 21:20:32] /r
[28/05/2011 21:20:32] /r
[28/05/2011 21:20:32] /r
[28/05/2011 21:20:32] /r
[28/05/2011 21:20:33] /r
[28/05/2011 21:20:33] /r
[28/05/2011 21:20:33] /r
[28/05/2011 21:20:33] /r
[28/05/2011 21:20:34] /r
[28/05/2011 21:20:34] /r
[28/05/2011 21:20:34] /r
[28/05/2011 21:20:34] /r
[28/05/2011 21:20:34] /r
[28/05/2011 21:20:35] /r
[28/05/2011 21:20:35] /r
[28/05/2011 21:20:35] /r
[28/05/2011 21:20:35] /r
[28/05/2011 21:20:36] /r
[28/05/2011 21:20:36] /r
[28/05/2011 21:20:36] /r
[28/05/2011 21:20:37] /r
[28/05/2011 21:20:41] /ban Account Manager
[28/05/2011 21:20:44] /kick Account Manager
[28/05/2011 21:20:46] /kick Account Manager
[28/05/2011 21:20:46] /kick Account Manager
[28/05/2011 21:20:46] /kick Account Manager
[28/05/2011 21:20:47] /kick Account Manager
[28/05/2011 21:20:47] /kick Account Manager
[28/05/2011 21:20:48] /kick Account Manager
[28/05/2011 21:20:48] /kick Account Manager
[28/05/2011 21:20:48] /kick Account Manager
[28/05/2011 21:20:49] /kick Account Manager
[28/05/2011 21:20:56] /r
[28/05/2011 21:20:57] /r
[28/05/2011 21:20:57] /r
[28/05/2011 21:20:57] /r
[28/05/2011 21:20:58] /r
[28/05/2011 21:20:58] /r
[28/05/2011 21:20:58] /r
[28/05/2011 21:20:58] /r
[28/05/2011 21:20:58] /r
[28/05/2011 21:20:58] /r
[28/05/2011 21:20:59] /r
[28/05/2011 21:20:59] /r
[28/05/2011 21:20:59] /r
[28/05/2011 21:20:59] /r
[28/05/2011 21:20:59] /r
[28/05/2011 21:21:00] /r
[28/05/2011 21:21:00] /r
[28/05/2011 21:21:00] /r
[28/05/2011 21:21:12] /r
[28/05/2011 21:21:12] /r
[28/05/2011 21:21:12] /r
[28/05/2011 21:21:13] /r
[28/05/2011 21:21:13] /r
[28/05/2011 21:21:13] /r
[28/05/2011 21:21:13] /r
[28/05/2011 21:21:13] /r
[28/05/2011 21:21:13] /r
[28/05/2011 21:21:14] /r
[28/05/2011 21:21:14] /r
[28/05/2011 21:21:14] /r
[28/05/2011 21:21:14] /r
[28/05/2011 21:21:14] /r
[28/05/2011 21:21:15] /r
[28/05/2011 21:21:15] /r
[28/05/2011 21:21:15] /r
[28/05/2011 21:21:15] /r
[28/05/2011 21:21:15] /r
[28/05/2011 21:21:15] /r
[28/05/2011 21:21:16] /r
[28/05/2011 21:21:16] /r
[28/05/2011 21:21:16] /r
[28/05/2011 21:21:16] /r
[28/05/2011 21:21:16] /r
[28/05/2011 21:21:16] /r
[28/05/2011 21:21:16] /r
[28/05/2011 21:21:16] /r
[28/05/2011 21:21:16] /r
[28/05/2011 21:21:16] /r
[28/05/2011 21:21:16] /r
[28/05/2011 21:21:16] /r
[28/05/2011 21:21:16] /r
[28/05/2011 21:21:16] /r
[28/05/2011 21:21:16] /r
[28/05/2011 21:21:16] /r
[28/05/2011 21:21:16] /r
[28/05/2011 21:21:16] /r
[28/05/2011 21:21:16] /r
[28/05/2011 21:21:16] /r
[28/05/2011 21:21:16] /r
[28/05/2011 21:21:16] /r
[28/05/2011 21:21:16] /r
[28/05/2011 21:21:16] /r
[28/05/2011 21:21:16] /r
[28/05/2011 21:21:16] /r
[28/05/2011 21:21:21] /r
[28/05/2011 21:21:21] /r
[28/05/2011 21:21:21] /r
[28/05/2011 21:21:21] /r
[28/05/2011 21:21:21] /r
[28/05/2011 21:21:21] /r
[28/05/2011 21:21:21] /r
[28/05/2011 21:21:21] /r
[28/05/2011 21:21:21] /r
[28/05/2011 21:21:21] /r
[28/05/2011 21:21:21] /r
[28/05/2011 21:21:21] /r
[28/05/2011 21:21:22] /r
[28/05/2011 21:21:22] /r
[28/05/2011 21:21:22] /r
[28/05/2011 21:21:22] /r
[28/05/2011 21:21:22] /r
[28/05/2011 21:21:22] /r
[28/05/2011 21:21:22] /r
[28/05/2011 21:21:23] /r
[28/05/2011 21:21:23] /r
[28/05/2011 21:21:23] /r
[28/05/2011 21:21:23] /r
[28/05/2011 21:21:23] /r
[28/05/2011 21:21:23] /r
[28/05/2011 21:21:23] /r
[28/05/2011 21:21:23] /r
[28/05/2011 21:21:23] /r
[28/05/2011 21:21:23] /r
[28/05/2011 21:21:23] /r
[28/05/2011 21:21:23] /r
[28/05/2011 21:21:23] /r
[28/05/2011 21:21:23] /r
[28/05/2011 21:21:23] /r
[28/05/2011 21:21:24] /r
[28/05/2011 21:21:24] /r
[28/05/2011 21:21:24] /r
[28/05/2011 21:21:24] /r
[28/05/2011 21:21:24] /r
[28/05/2011 21:21:24] /r
[28/05/2011 21:21:24] /r
[28/05/2011 21:21:24] /r
[28/05/2011 21:21:24] /r
[28/05/2011 21:21:24] /r
[28/05/2011 21:21:24] /r
[28/05/2011 21:21:24] /r
[28/05/2011 21:21:24] /r
[28/05/2011 21:21:24] /r
[28/05/2011 21:21:24] /r
[28/05/2011 21:21:24] /r
[28/05/2011 21:21:24] /r
[28/05/2011 21:21:27] /r
[28/05/2011 21:21:27] /r
[28/05/2011 21:21:27] /r
[28/05/2011 21:21:28] /r
[28/05/2011 21:21:28] /r
[28/05/2011 21:21:28] /r
[28/05/2011 21:21:28] /r
[28/05/2011 21:21:32] /ban Account Manager
[28/05/2011 21:21:33] /r
[28/05/2011 21:21:34] /r
[28/05/2011 21:21:34] /r
[28/05/2011 21:21:34] /r
[28/05/2011 21:21:34] /r
[28/05/2011 21:21:34] /r
[28/05/2011 21:21:34] /r
[28/05/2011 21:21:35] /ban Account Manager
[28/05/2011 21:21:37] /r
[28/05/2011 21:21:38] /r
[28/05/2011 21:21:38] /r
[28/05/2011 21:21:38] /r
[28/05/2011 21:21:38] /r
[28/05/2011 21:21:38] /r
[28/05/2011 21:21:38] /r
[28/05/2011 21:21:38] /r
[28/05/2011 21:21:38] /r
[28/05/2011 21:21:38] /r
[28/05/2011 21:21:38] /r
[28/05/2011 21:21:38] /r
[28/05/2011 21:21:38] /r
[28/05/2011 21:21:38] /r
[28/05/2011 21:21:38] /r
[28/05/2011 21:21:39] /ban Account Manager
[28/05/2011 21:21:53] /r
[28/05/2011 21:21:58] /i 5576
[28/05/2011 21:22:25] /i 2314
[28/05/2011 21:31:53] /bc green; KEM SABER O SCRIPT DO !BUYVIP GANHA TUTOR
[28/05/2011 21:31:53] /bc green; KEM SABER O SCRIPT DO !BUYVIP GANHA TUTOR
[28/05/2011 21:31:54] /bc green; KEM SABER O SCRIPT DO !BUYVIP GANHA TUTOR
[28/05/2011 21:31:54] /bc green; KEM SABER O SCRIPT DO !BUYVIP GANHA TUTOR
[28/05/2011 21:31:55] /bc green; KEM SABER O SCRIPT DO !BUYVIP GANHA TUTOR
[28/05/2011 21:31:55] /bc green; KEM SABER O SCRIPT DO !BUYVIP GANHA TUTOR
[28/05/2011 21:31:56] /bc green; KEM SABER O SCRIPT DO !BUYVIP GANHA TUTOR
[28/05/2011 21:31:56] /bc green; KEM SABER O SCRIPT DO !BUYVIP GANHA TUTOR
[28/05/2011 21:31:57] /bc green; KEM SABER O SCRIPT DO !BUYVIP GANHA TUTOR
[28/05/2011 21:31:57] /bc green; KEM SABER O SCRIPT DO !BUYVIP GANHA TUTOR
[28/05/2011 21:31:57] /bc green; KEM SABER O SCRIPT DO !BUYVIP GANHA TUTOR
[28/05/2011 21:31:58] /bc green; KEM SABER O SCRIPT DO !BUYVIP GANHA TUTOR
[28/05/2011 21:32:19] /bc green; KEM SABER O SCRIPT DO !BUYVIP GANHA TUTOR
[28/05/2011 21:32:20] /bc green; KEM SABER O SCRIPT DO !BUYVIP GANHA TUTOR
[28/05/2011 21:32:20] /bc green; KEM SABER O SCRIPT DO !BUYVIP GANHA TUTOR
[28/05/2011 21:32:21] /bc green; KEM SABER O SCRIPT DO !BUYVIP GANHA TUTOR
[28/05/2011 21:32:21] /bc green; KEM SABER O SCRIPT DO !BUYVIP GANHA TUTOR
[28/05/2011 21:32:28] /bc green; KEM SABER O SCRIPT DO !BUYVIP GANHA TUTOR
[28/05/2011 21:32:29] /bc green; KEM SABER O SCRIPT DO !BUYVIP GANHA TUTOR
[28/05/2011 21:32:30] /bc green; KEM SABER O SCRIPT DO !BUYVIP GANHA TUTOR
[28/05/2011 21:32:31] /bc green; KEM SABER O SCRIPT DO !BUYVIP GANHA TUTOR
[28/05/2011 21:32:31] /bc green; KEM SABER O SCRIPT DO !BUYVIP GANHA TUTOR
[28/05/2011 21:32:32] /bc green; KEM SABER O SCRIPT DO !BUYVIP GANHA TUTOR
[28/05/2011 21:32:32] /bc green; KEM SABER O SCRIPT DO !BUYVIP GANHA TUTOR
[28/05/2011 21:32:33] /bc green; KEM SABER O SCRIPT DO !BUYVIP GANHA TUTOR
[28/05/2011 21:32:33] /bc green; KEM SABER O SCRIPT DO !BUYVIP GANHA TUTOR
[28/05/2011 21:32:34] /bc green; KEM SABER O SCRIPT DO !BUYVIP GANHA TUTOR
[28/05/2011 21:32:34] /bc green; KEM SABER O SCRIPT DO !BUYVIP GANHA TUTOR
[28/05/2011 21:32:35] /bc green; KEM SABER O SCRIPT DO !BUYVIP GANHA TUTOR
[28/05/2011 21:32:36] /bc green; KEM SABER O SCRIPT DO !BUYVIP GANHA TUTOR
[28/05/2011 21:32:36] /bc green; KEM SABER O SCRIPT DO !BUYVIP GANHA TUTOR
[28/05/2011 21:32:38] /bc green; KEM SABER O SCRIPT DO !BUYVIP GANHA TUTOR
[28/05/2011 21:33:01] /bc green; KEM SABER O SCRIPT DO !BUYVIP GANHA TUTOR
[28/05/2011 21:33:01] /bc green; KEM SABER O SCRIPT DO !BUYVIP GANHA TUTOR
[28/05/2011 21:33:02] /bc green; KEM SABER O SCRIPT DO !BUYVIP GANHA TUTOR
[28/05/2011 21:33:02] /bc green; KEM SABER O SCRIPT DO !BUYVIP GANHA TUTOR
[28/05/2011 21:33:03] /bc green; KEM SABER O SCRIPT DO !BUYVIP GANHA TUTOR
[28/05/2011 21:33:03] /bc green; KEM SABER O SCRIPT DO !BUYVIP GANHA TUTOR
[28/05/2011 21:33:03] /bc green; KEM SABER O SCRIPT DO !BUYVIP GANHA TUTOR
[28/05/2011 21:33:04] /bc green; KEM SABER O SCRIPT DO !BUYVIP GANHA TUTOR
[28/05/2011 21:33:04] /bc green; KEM SABER O SCRIPT DO !BUYVIP GANHA TUTOR
[28/05/2011 21:33:05] /bc green; KEM SABER O SCRIPT DO !BUYVIP GANHA TUTOR
[28/05/2011 21:33:05] /bc green; KEM SABER O SCRIPT DO !BUYVIP GANHA TUTOR
[28/05/2011 21:33:05] /bc green; KEM SABER O SCRIPT DO !BUYVIP GANHA TUTOR
[28/05/2011 21:33:06] /bc green; KEM SABER O SCRIPT DO !BUYVIP GANHA TUTOR
[28/05/2011 21:33:36] /bc green; KEM SABER O SCRIPT DO !BUYVIP GANHA TUTOR
[28/05/2011 21:33:36] /bc green; KEM SABER O SCRIPT DO !BUYVIP GANHA TUTOR
[28/05/2011 21:33:37] /bc green; KEM SABER O SCRIPT DO !BUYVIP GANHA TUTOR
[28/05/2011 21:33:37] /bc green; KEM SABER O SCRIPT DO !BUYVIP GANHA TUTOR
[28/05/2011 21:33:38] /bc green; KEM SABER O SCRIPT DO !BUYVIP GANHA TUTOR
[28/05/2011 21:33:38] /bc green; KEM SABER O SCRIPT DO !BUYVIP GANHA TUTOR
[28/05/2011 21:33:38] /bc green; KEM SABER O SCRIPT DO !BUYVIP GANHA TUTOR
[28/05/2011 21:33:39] /bc green; KEM SABER O SCRIPT DO !BUYVIP GANHA TUTOR
[28/05/2011 21:33:52] /bc green; KEM SABER O SCRIPT DO !BUYVIP GANHA TUTOR
[28/05/2011 21:33:54] /bc green; KEM SABER O SCRIPT DO !BUYVIP GANHA TUTOR
[28/05/2011 21:33:56] /bc green; KEM SABER O SCRIPT DO !BUYVIP GANHA TUTOR
[28/05/2011 21:33:56] /bc green; KEM SABER O SCRIPT DO !BUYVIP GANHA TUTOR
[28/05/2011 21:33:57] /bc green; KEM SABER O SCRIPT DO !BUYVIP GANHA TUTOR
[28/05/2011 21:33:59] /bc green; KEM SABER O SCRIPT DO !BUYVIP GANHA TUTOR
[28/05/2011 21:33:59] /bc green; KEM SABER O SCRIPT DO !BUYVIP GANHA TUTOR
[28/05/2011 21:36:53] /a 55
[28/05/2011 21:36:56] /a 10
[28/05/2011 21:37:08] /c konan
[28/05/2011 21:37:33] /i 2137
[28/05/2011 21:44:16] /reload globalevents
[28/05/2011 21:47:37] /reload globalevents
[28/05/2011 21:48:06] /reload globalevents
[28/05/2011 21:48:40] /reload globalevents
[28/05/2011 21:49:06] /reload globalevents
[28/05/2011 22:15:31] /reload talkactions
[28/05/2011 22:17:36] /goto konan
[28/05/2011 22:26:22] /reload movements
[28/05/2011 22:26:28] /reload talkactions
[28/05/2011 22:26:36] /attr action 13540
[28/05/2011 22:26:43] /i 13767
[28/05/2011 22:26:51] /attr action 13767
[29/05/2011 18:03:34] /mc
[29/05/2011 18:05:30] /b escutem o eduardo para nao me encher o saco dps
[29/05/2011 18:05:31] /b escutem o eduardo para nao me encher o saco dps
[29/05/2011 18:06:04] /mc
[29/05/2011 18:06:21] /ban Bad Killer
[29/05/2011 18:06:24] /kick Bad Killer
[29/05/2011 18:06:29] /ban Carol Kina
[29/05/2011 18:06:33] /kick Carol Kina
[29/05/2011 18:06:35] /mc
[29/05/2011 18:08:54] /reload talkactions
[29/05/2011 18:09:00] /ban Mage Of Balck
[29/05/2011 18:09:04] /ban Mage Of Balck
[29/05/2011 18:09:17] /ban Mage Of Balck
[29/05/2011 18:09:31] /ban Mage Of Black
[29/05/2011 18:10:14] /unban Mage Of Black
[29/05/2011 18:10:44] /a 3
[29/05/2011 18:10:53] /c [GM] Eduardo
[29/05/2011 18:11:18] /i 10064
[29/05/2011 18:14:03] /m skeleton
[29/05/2011 18:14:40] /m skeleton
[29/05/2011 18:15:44] /i 225
[29/05/2011 18:15:55] /i 255
[29/05/2011 18:27:53] /mc
[29/05/2011 18:30:32] /m alma
[29/05/2011 18:30:37] /r
[29/05/2011 18:30:40] /i 3058
[29/05/2011 18:30:47] /m alma
[29/05/2011 18:33:32] /r
[29/05/2011 18:33:33] /r
[29/05/2011 18:33:54] /m ice with
[29/05/2011 18:34:10] /r
[29/05/2011 18:34:18] /t
[29/05/2011 18:34:32] /t
[29/05/2011 18:38:04] /c [GM] Eduardo
[29/05/2011 18:38:05] /c [GM] Eduardo
[29/05/2011 18:38:10] /a 30
[29/05/2011 18:38:12] /a 10
[29/05/2011 18:38:14] /c [GM] Eduardo
[29/05/2011 18:42:00] /reload movements
[29/05/2011 18:43:17] /reload global events
[29/05/2011 18:44:22] /ban Couty
[29/05/2011 18:45:08] /reload movements
[29/05/2011 19:13:01] /i 7441
[29/05/2011 19:23:16] /bc green; KEM SABER SISTEMA !BUYEPIC GANHA TUTOR
[29/05/2011 19:23:17] /bc green; KEM SABER SISTEMA !BUYEPIC GANHA TUTOR
[29/05/2011 19:23:17] /bc green; KEM SABER SISTEMA !BUYEPIC GANHA TUTOR
[29/05/2011 19:23:18] /bc green; KEM SABER SISTEMA !BUYEPIC GANHA TUTOR
[29/05/2011 19:23:18] /bc green; KEM SABER SISTEMA !BUYEPIC GANHA TUTOR
[29/05/2011 19:23:19] /bc green; KEM SABER SISTEMA !BUYEPIC GANHA TUTOR
[29/05/2011 19:23:19] /bc green; KEM SABER SISTEMA !BUYEPIC GANHA TUTOR
[29/05/2011 19:23:19] /bc green; KEM SABER SISTEMA !BUYEPIC GANHA TUTOR
[29/05/2011 19:23:20] /bc green; KEM SABER SISTEMA !BUYEPIC GANHA TUTOR
[29/05/2011 19:23:21] /bc green; KEM SABER SISTEMA !BUYEPIC GANHA TUTOR
[29/05/2011 19:25:23] /a 55
[29/05/2011 19:25:26] /a 10
[29/05/2011 19:25:28] /c Monsters
[29/05/2011 19:26:57] /i 2137
[29/05/2011 19:27:54] /reload talkactions
[29/05/2011 19:31:30] /a 3
[29/05/2011 19:40:44] /a 3
[29/05/2011 20:42:10] /ban Couty
[29/05/2011 20:42:42] /i 13540
[29/05/2011 20:42:52] /attr action 13540
[29/05/2011 20:42:58] /attr action 13540
[29/05/2011 20:43:40] /reload talkactions
[29/05/2011 20:43:59] /reload movements
[29/05/2011 20:45:30] /c Sou Noob
[29/05/2011 20:45:59] /i 2137
[29/05/2011 20:48:16] /c Morreu Nob
[29/05/2011 20:51:48] /reload talkactions
[29/05/2011 20:52:17] /i 2137
[29/05/2011 20:52:22] /i 2137
[29/05/2011 20:53:21] /reload talkactions
[29/05/2011 20:58:43] /reload talkactions
[29/05/2011 20:58:54] /i 2137
[29/05/2011 20:59:43] /reload talkactions
[29/05/2011 20:59:48] /i 2137
[29/05/2011 21:01:34] /reload talkactions
[29/05/2011 21:03:45] /reload talkactions
[29/05/2011 21:03:55] /i 2137
[29/05/2011 21:05:24] /reload talkactions
[29/05/2011 21:06:05] /reload talkactions
[29/05/2011 21:07:33] /c Sou Epic Elder Druid
[29/05/2011 21:07:53] /i 2137
[29/05/2011 21:08:56] /i 2137
[29/05/2011 21:08:59] /reload talkactions
[29/05/2011 21:10:03] /c Gufdi
[29/05/2011 21:10:27] /i 2137
[29/05/2011 21:11:14] /i 2137
[29/05/2011 21:11:14] /i 2137
[29/05/2011 21:13:28] /goto Gufdi
[29/05/2011 21:13:56] /i 2137
[29/05/2011 21:13:58] /i 2137
[29/05/2011 21:14:50] /reload talkactions
[29/05/2011 21:15:28] /reload talkactions
[29/05/2011 21:15:52] /reload talkactions
[29/05/2011 21:16:40] /reload talkactions
[29/05/2011 21:18:11] /i 2137
[29/05/2011 21:19:37] /i 2137
[29/05/2011 21:19:39] /reload talkactions
[29/05/2011 21:20:44] /reload talkactions
[29/05/2011 21:20:58] /reload talkactions
[29/05/2011 21:21:01] /i 2137
[29/05/2011 23:43:50] /reload spells
[29/05/2011 23:44:38] /reload spells
[29/05/2011 23:45:07] /reload spells
[29/05/2011 23:48:58] /reload spells
[29/05/2011 23:50:44] /reload spells
[29/05/2011 23:53:34] /reload spells
[29/05/2011 23:55:05] /reload spells
[29/05/2011 23:56:28] /m training monk
[29/05/2011 23:57:49] /r
[30/05/2011 00:00:14] /reload spells
[30/05/2011 00:00:25] /i cristal wand
[30/05/2011 00:00:33] /m training monk
[30/05/2011 00:00:54] /m training monk
[30/05/2011 00:00:56] /reload spells
[30/05/2011 00:01:29] /reload spells
[30/05/2011 00:02:17] /i 2433
[30/05/2011 00:02:59] /mc
[30/05/2011 00:03:40] /reload spells
[30/05/2011 00:04:15] /reload spells
[30/05/2011 00:04:24] /m training monk
[30/05/2011 00:04:59] /reload spells
[30/05/2011 00:05:23] /reload spells
[30/05/2011 00:05:42] /reload spells
[30/05/2011 00:05:59] /reload spells
[30/05/2011 00:06:35] /reload spells
[30/05/2011 00:06:55] /reload spells
[30/05/2011 00:07:23] /reload spells
[30/05/2011 00:09:18] /reload spells
[30/05/2011 00:09:23] /reload spells
[30/05/2011 00:11:51] /i 1496
[30/05/2011 00:11:55] /r
[30/05/2011 00:13:30] /reload spells
[30/05/2011 00:13:58] /reload spells
[30/05/2011 00:14:44] /reload spells
[30/05/2011 00:18:23] /c King Dead
[30/05/2011 00:19:51] /ban King Dead
[30/05/2011 00:20:59] /c mage of black
[30/05/2011 07:33:16] /t
[30/05/2011 07:33:36] /attr action 13580
[30/05/2011 07:33:40] /attr action 13580
[30/05/2011 07:33:47] /a 55
[30/05/2011 07:33:50] /a 10
[30/05/2011 07:34:20] /attr aciotn 13540
[30/05/2011 07:34:29] /attr action 13540
[30/05/2011 07:34:33] /attr action 13540
[30/05/2011 07:34:35] /attr action 13540
[30/05/2011 07:34:37] /attr action 13540
[30/05/2011 07:34:38] /attr action 13540
[30/05/2011 07:35:17] /reload movements
[30/05/2011 07:35:35] /i holy scarab
[30/05/2011 07:36:45] /reload movements
[30/05/2011 07:36:51] /reload talkactions
[30/05/2011 07:40:59] /reload talkactions
[30/05/2011 07:42:17] /reload talkactions
[30/05/2011 07:42:20] /reload movements
[30/05/2011 07:42:28] /attr action 13541
[30/05/2011 07:42:30] /attr action 13541
[30/05/2011 07:44:06] /reload talkactions
[30/05/2011 07:45:58] /reload talkactions
[30/05/2011 07:46:37] /banplayer
[30/05/2011 07:46:50] /banplayer Mateus
[30/05/2011 07:46:56] /banplayer Mateus,30
[30/05/2011 07:49:05] /reload talkactions
[30/05/2011 07:52:34] /a 3
[30/05/2011 07:52:52] /t
[30/05/2011 08:08:20] /m death blob
[30/05/2011 08:08:31] /r
[30/05/2011 08:13:31] /i 9824
[30/05/2011 08:13:40] /r
[30/05/2011 08:17:24] /reload monster
[30/05/2011 08:17:34] /m undead gladietor
[30/05/2011 08:17:39] /m undead gladiator
[30/05/2011 08:17:46] /r
[30/05/2011 08:17:56] /m Undead Warrior
[30/05/2011 08:18:08] /r
[30/05/2011 08:18:09] /r
[30/05/2011 08:34:25] /reload monster
[30/05/2011 08:36:25] /reload monster
[30/05/2011 08:37:04] /reload monster
[30/05/2011 08:37:37] /r
[30/05/2011 08:37:38] /r
[30/05/2011 08:37:39] /r
[30/05/2011 08:37:40] /r
[30/05/2011 08:37:41] /r
[30/05/2011 08:37:41] /r
[30/05/2011 08:37:43] /r
[30/05/2011 08:37:44] /r
[30/05/2011 08:37:49] /r
[30/05/2011 08:37:51] /r
[30/05/2011 08:37:58] /r
[30/05/2011 08:37:58] /r
[30/05/2011 08:37:59] /r
[30/05/2011 08:38:00] /r
[30/05/2011 08:38:03] /r
[30/05/2011 08:38:03] /r
[30/05/2011 08:38:05] /r
[30/05/2011 08:38:06] /r
[30/05/2011 08:38:07] /r
[30/05/2011 08:38:07] /r
[30/05/2011 08:38:08] /r
[30/05/2011 08:38:09] /r
[30/05/2011 08:38:10] /r
[30/05/2011 08:38:11] /r
[30/05/2011 08:38:11] /r
[30/05/2011 08:38:12] /r
[30/05/2011 08:38:14] /r
[30/05/2011 08:38:17] /r
[30/05/2011 08:38:19] /r
[30/05/2011 08:38:20] /r
[30/05/2011 08:38:21] /r
[30/05/2011 08:38:21] /r
[30/05/2011 08:38:24] /r
[30/05/2011 08:38:24] /r
[30/05/2011 08:38:32] /r
[30/05/2011 08:38:33] /r
[30/05/2011 08:38:34] /r
[30/05/2011 08:38:34] /r
[30/05/2011 08:38:36] /r
[30/05/2011 08:38:37] /r
[30/05/2011 08:38:39] /r
[30/05/2011 08:38:40] /r
[30/05/2011 08:38:41] /r
[30/05/2011 08:38:43] /r
[30/05/2011 08:38:44] /r
[30/05/2011 08:38:44] /r
[30/05/2011 08:38:45] /r
[30/05/2011 08:38:46] /r
[30/05/2011 08:38:47] /r
[30/05/2011 08:38:47] /r
[30/05/2011 08:38:48] /r
[30/05/2011 08:38:53] /t
[30/05/2011 10:40:11] /mc
[30/05/2011 10:41:26] /a 5
[30/05/2011 10:41:28] /a 5
[30/05/2011 10:41:31] /a 5
[30/05/2011 10:41:33] /a 5
[30/05/2011 10:41:34] /a 5
[30/05/2011 10:41:39] /c Bruno
[30/05/2011 10:42:18] /c Bruno
[30/05/2011 10:43:18] /i 10064
[30/05/2011 10:43:36] /r 46
[30/05/2011 10:47:25] /goto [Tutor] Harry Potter
[30/05/2011 10:47:48] /a 3
[30/05/2011 10:47:50] /a
[30/05/2011 10:47:50] /a
[30/05/2011 10:49:12] /c [Tutor] Harry Potter
[30/05/2011 10:50:13] /t
[30/05/2011 10:50:48] /mc
[30/05/2011 10:51:04] /mc
[30/05/2011 10:51:30] /mc
[30/05/2011 10:52:02] /goto [Tutor] Harry Potter
[30/05/2011 10:52:42] /mc
[30/05/2011 10:53:17] /a
[30/05/2011 10:53:17] /a
[30/05/2011 10:53:17] /a
[30/05/2011 10:53:18] /a
[30/05/2011 10:54:52] /a 5
[30/05/2011 10:54:53] /c [Tutor] Harry Potter
[30/05/2011 10:55:47] /t
[30/05/2011 10:58:54] /goto bestaa
[30/05/2011 11:11:13] /mc
[30/05/2011 11:11:51] /a
[30/05/2011 11:11:58] /a
[30/05/2011 11:12:01] /r
[30/05/2011 11:13:49] /r
[30/05/2011 11:15:04] /mc
[30/05/2011 11:17:16] /mc
[30/05/2011 11:17:28] /bc Tirem Mc Ja Avisei
[30/05/2011 11:17:34] /bc Tirem Mc Ja Avisei
[30/05/2011 11:17:35] /bc Tirem Mc Ja Avisei
[30/05/2011 11:17:57] /bc Depois Ke For Ban Eu Ke So Culpado
[30/05/2011 11:18:02] /mc
[30/05/2011 19:05:45] /reload spells
[30/05/2011 19:06:23] /r
[30/05/2011 19:06:35] /closeserver
[30/05/2011 19:06:53] /i 7697
[30/05/2011 19:08:07] /reload spells
[30/05/2011 19:08:08] /closeserver
[30/05/2011 19:10:06] /reload spells
[30/05/2011 19:10:08] /closeserver
[30/05/2011 19:10:33] /reload spells
[30/05/2011 19:10:53] /reload spells
[30/05/2011 19:10:55] /closeserver
[30/05/2011 19:12:22] /reload spells
[30/05/2011 19:12:33] /reload spells
[30/05/2011 19:12:49] /reload spells
[30/05/2011 19:13:10] /reload spells
[30/05/2011 19:13:24] /reload spells
[30/05/2011 19:14:05] /reload spells
[30/05/2011 19:15:14] /reload spells
[30/05/2011 19:16:08] /reload spells
[30/05/2011 19:16:30] /reload spells
[30/05/2011 19:17:46] /ghost
[30/05/2011 19:45:52] /i 1397
[30/05/2011 19:45:53] /i 1397
[30/05/2011 19:45:53] /i 1397
[30/05/2011 19:45:54] /i 1397
[30/05/2011 19:45:55] /i 1397
[30/05/2011 19:45:56] /i 1397
[30/05/2011 19:45:56] /i 1397
[30/05/2011 19:45:57] /i 1397
[30/05/2011 19:46:02] /i ultimate devil
[30/05/2011 19:46:07] /m ultimate devil
[30/05/2011 19:46:27] /reload monster
[30/05/2011 19:46:30] /m Ultimate Angel
[30/05/2011 19:46:35] /m Ultimate Angel
[30/05/2011 19:46:38] /r
[30/05/2011 19:46:44] /m Ultimate devil
[30/05/2011 19:46:45] /m Ultimate devil
[30/05/2011 19:46:47] /m Ultimate devil
[30/05/2011 19:46:48] /m Ultimate devil
[30/05/2011 19:46:52] /m Ultimate devil
[30/05/2011 19:47:16] /r
[30/05/2011 19:48:26] /reload monster
[30/05/2011 19:48:34] /r
[30/05/2011 19:48:43] /m Ultimate devil
[30/05/2011 19:48:52] /r
[30/05/2011 19:49:03] /r
[30/05/2011 19:49:04] /r
[30/05/2011 19:49:05] /r
[30/05/2011 19:49:07] /r
[30/05/2011 19:49:08] /r
[30/05/2011 19:49:10] /r
[30/05/2011 19:49:11] /r
[30/05/2011 19:49:12] /r
[30/05/2011 19:49:13] /r
[30/05/2011 19:49:16] /t
[30/05/2011 19:49:41] /a 3
[30/05/2011 19:49:42] /a 3
[30/05/2011 19:49:45] /a 3
[30/05/2011 19:49:45] /a 3
[30/05/2011 19:49:45] /a 3
[30/05/2011 19:49:48] /a 1
[30/05/2011 19:49:51] /a
[30/05/2011 19:49:54] /a
[30/05/2011 19:50:05] /m Ultimate Devil
[30/05/2011 19:50:06] /a
[30/05/2011 19:50:06] /a
[30/05/2011 19:50:07] /a
[30/05/2011 19:50:07] /a
[30/05/2011 19:50:08] /a
[30/05/2011 19:50:08] /a
[30/05/2011 19:50:20] /m Ultimate Angel
[30/05/2011 19:50:22] /a
[30/05/2011 19:50:23] /a
[30/05/2011 19:50:25] /a
[30/05/2011 19:50:42] /a
[30/05/2011 19:50:43] /a
[30/05/2011 19:56:10] /attr action 13850
[30/05/2011 19:56:37] /c Morreu Nob
[30/05/2011 19:56:55] /reload movements
[30/05/2011 19:59:30] /reload action
[30/05/2011 20:02:21] /reload action
[30/05/2011 20:02:53] /i 13850
[30/05/2011 20:03:12] /mc
[30/05/2011 20:17:10] /c kit bengala
[30/05/2011 20:20:02] /r
[30/05/2011 20:27:24] /t kit bengala
[30/05/2011 20:29:51] /c kit bengala
[30/05/2011 20:29:55] /i 2407.
[30/05/2011 20:30:07] /t kit bengala
[30/05/2011 20:31:35] /c kit bengala
[30/05/2011 20:31:40] /i amulet of loss
[30/05/2011 20:31:44] /i amulet of loss
[30/05/2011 20:31:48] /i amulet of loss
[30/05/2011 20:31:50] /i amulet of loss
[30/05/2011 20:36:25] /t kit bengala
[30/05/2011 22:23:32] /t
[31/05/2011 12:32:00] /ghost
[31/05/2011 12:32:25] /reload spells
[31/05/2011 12:33:06] /reload spells
[31/05/2011 12:33:28] /reload spells
[31/05/2011 12:33:50] /reload spells
[31/05/2011 12:34:11] /reload spells
[31/05/2011 12:34:25] /reload spells
[31/05/2011 12:34:43] /reload spells
[31/05/2011 12:35:05] /reload spells
[31/05/2011 12:40:02] /reload spells
[31/05/2011 12:40:32] /reload spells
[31/05/2011 12:40:55] /reload spells
[31/05/2011 12:43:02] /t
[31/05/2011 12:43:07] /r
[31/05/2011 12:43:24] /c Sou Epic Elder Druid
[31/05/2011 12:43:26] /i 2160
[31/05/2011 12:44:19] /addskill Sou Epic Elder Druid,level,20900
[31/05/2011 12:51:28] /addskill Sou Epic Elder Druid,level,200000
[31/05/2011 12:51:39] /addskill Sou Epic Elder Druid,level,50000
[31/05/2011 12:52:06] /t Sou Epic Elder Druid
[31/05/2011 12:53:14] /reload spells
[31/05/2011 12:53:18] /ghost
[31/05/2011 12:53:19] /t
[31/05/2011 12:53:48] /reload spells
[31/05/2011 12:54:11] /reload spells
[31/05/2011 12:54:48] /reload spells
[31/05/2011 12:55:24] /reload spells
[31/05/2011 12:55:56] /reload spells
[31/05/2011 12:56:51] /reload spells
[31/05/2011 18:50:34] /addskill Pala Loko,level,70000
[31/05/2011 18:50:58] /addskill Pala Loko,level,1000
[31/05/2011 18:52:45] /i 2160
[31/05/2011 18:52:51] /c pala loko
[31/05/2011 18:54:53] /reload spells
[31/05/2011 18:55:20] /reload spells
[31/05/2011 18:56:41] /reload spells
[31/05/2011 18:57:12] /reload spells
[31/05/2011 18:57:48] /reload spells
[31/05/2011 18:58:17] /reload spells
[31/05/2011 18:58:47] /reload spells
[31/05/2011 18:59:52] /c Sou Epic Elder Druid
[31/05/2011 19:00:16] /a
[31/05/2011 19:01:34] /i max power rune
[31/05/2011 19:10:53] /t Mlk Do Point
[31/05/2011 19:14:15] /reload spells
[31/05/2011 19:14:58] /reload spells
[31/05/2011 19:19:04] /reload spells
[31/05/2011 19:21:30] /t
[31/05/2011 19:24:00] /t
[31/05/2011 19:26:51] /a 5
[31/05/2011 19:26:51] /a 5
[31/05/2011 19:26:53] /a 5
[31/05/2011 19:26:54] /a
[31/05/2011 19:26:58] /a
[31/05/2011 19:26:58] /a
[31/05/2011 19:27:05] /attr action 60001
[31/05/2011 19:27:25] /reload movements
[31/05/2011 19:27:30] /attr action 60001
[31/05/2011 19:28:03] /attr unique 60001
[31/05/2011 19:28:10] /attr unique 0
[31/05/2011 19:28:28] /reload movements
[31/05/2011 19:29:55] /i 9771
[31/05/2011 19:30:01] /r
[31/05/2011 19:36:04] /reload movements
[31/05/2011 19:37:14] /reload movements
[31/05/2011 19:37:58] /reload movements
[31/05/2011 19:50:25] /i 1386
[31/05/2011 19:50:32] /r
[31/05/2011 19:50:38] /r
[31/05/2011 19:50:41] /i 1386
[31/05/2011 19:50:45] /down
[31/05/2011 19:50:47] /down
[31/05/2011 19:50:51] /r
[31/05/2011 19:50:56] /i 1397
[31/05/2011 19:51:57] /attr action 13850
[31/05/2011 19:52:29] /i 4213
[31/05/2011 19:52:33] /r
[31/05/2011 19:52:35] /r
[31/05/2011 19:52:39] /i 1386
[31/05/2011 19:52:41] /r
[31/05/2011 19:52:46] /i 1397
[31/05/2011 19:53:01] /attr action 4214
[31/05/2011 19:53:51] /attr action 9328
[31/05/2011 19:54:53] /attr action 3003
[31/05/2011 19:55:06] /attr action 1
[31/05/2011 19:55:13] /attr action 3003
[31/05/2011 19:55:19] /attr action 3003
[31/05/2011 19:56:38] /attr unique 5007
[31/05/2011 19:56:55] /attr action 13850
[31/05/2011 19:57:04] /a
[31/05/2011 19:57:07] /a
[31/05/2011 19:57:10] /a
[31/05/2011 19:57:11] /a
[31/05/2011 19:57:14] /a
[31/05/2011 19:59:11] /attr unique 2345
[31/05/2011 19:59:15] /attr unique 2345
[31/05/2011 19:59:22] /attr unique 2345
[31/05/2011 20:00:12] /reload action
[31/05/2011 20:01:22] /a
[31/05/2011 20:13:29] /a
[31/05/2011 20:13:36] /mc
[31/05/2011 21:25:43] /a 10
[31/05/2011 21:25:47] /a 5
[31/05/2011 21:25:49] /a
[31/05/2011 21:25:55] /a
[31/05/2011 21:33:40] /a 15
[31/05/2011 21:33:41] /a
[31/05/2011 21:34:14] /a 15
[31/05/2011 21:34:31] /a
[31/05/2011 21:44:13] /a 10
[31/05/2011 21:44:59] /reload action
[31/05/2011 21:46:14] /a 15
[31/05/2011 21:46:17] /a
[31/05/2011 21:48:30] /reload talkactions
[31/05/2011 21:49:38] /up
[31/05/2011 21:51:35] /reload talkactions
[31/05/2011 21:51:40] /up
[31/05/2011 21:51:42] /up
[31/05/2011 21:52:05] /bc green; Demon Lord Na City
[31/05/2011 21:52:06] /bc green; Demon Lord Na City
[31/05/2011 21:52:06] /bc green; Demon Lord Na City
[31/05/2011 21:52:07] /bc green; Demon Lord Na City
[31/05/2011 21:52:07] /bc green; Demon Lord Na City
[31/05/2011 21:52:08] /bc green; Demon Lord Na City
[31/05/2011 21:52:16] /m democ lord
[31/05/2011 21:52:20] /m demon lord
[31/05/2011 21:53:40] /mc
[31/05/2011 21:53:57] /bc Tirem MC ou Ban
[31/05/2011 21:53:58] /bc Tirem MC ou Ban
[31/05/2011 21:53:59] /bc Tirem MC ou Ban
[31/05/2011 21:53:59] /bc Tirem MC ou Ban
[31/05/2011 21:54:00] /bc Tirem MC ou Ban
[31/05/2011 21:54:00] /bc Tirem MC ou Ban
[31/05/2011 21:54:01] /bc Tirem MC ou Ban
[31/05/2011 21:54:01] /bc Tirem MC ou Ban
[31/05/2011 21:54:02] /bc Tirem MC ou Ban
[31/05/2011 21:54:02] /bc Tirem MC ou Ban
[31/05/2011 21:54:03] /bc Tirem MC ou Ban
[31/05/2011 21:54:03] /bc Tirem MC ou Ban
[31/05/2011 21:54:04] /bc Tirem MC ou Ban
[31/05/2011 21:54:04] /bc Tirem MC ou Ban
[31/05/2011 21:54:05] /bc Tirem MC ou Ban
[31/05/2011 21:54:06] /bc Tirem MC ou Ban
[31/05/2011 21:54:06] /bc Tirem MC ou Ban
[31/05/2011 21:54:07] /bc Tirem MC ou Ban
[31/05/2011 21:54:08] /bc Tirem MC ou Ban
[31/05/2011 21:54:08] /bc Tirem MC ou Ban
[31/05/2011 21:54:09] /bc Tirem MC ou Ban
[31/05/2011 21:54:15] /mc
[31/05/2011 21:54:17] /mc
[31/05/2011 21:54:27] /b trokando epic
[31/05/2011 21:54:31] /b trokando epic
[31/05/2011 21:54:32] /b trokando epic
[31/05/2011 21:54:34] /b trokando epic
[31/05/2011 21:54:37] /b trokando epic
[31/05/2011 21:54:37] /b trokando epic
[31/05/2011 21:54:38] /b trokando epic
[31/05/2011 21:54:41] /b trokando epic
[31/05/2011 21:54:41] /b trokando epic
[31/05/2011 21:54:43] /b trokando epic
[31/05/2011 21:54:43] /b trokando epic
[31/05/2011 21:54:44] /b trokando epic
[31/05/2011 21:54:59] /r
[31/05/2011 21:54:59] /r
[31/05/2011 21:55:11] /r
[31/05/2011 21:55:12] /r
[31/05/2011 21:56:20] /mc
[31/05/2011 22:01:07] /reload talkactions
[31/05/2011 22:05:45] /reload talkactions
[31/05/2011 22:16:46] /ghost
[31/05/2011 22:16:50] /mc
[31/05/2011 22:17:32] /r
[31/05/2011 22:17:33] /r
[31/05/2011 22:18:28] /i 2160
[31/05/2011 22:19:40] /unban account manager
[31/05/2011 22:21:35] /t
[31/05/2011 23:13:59] /i 2140
[31/05/2011 23:14:02] /i 2137
[31/05/2011 23:50:46] /goto drakko
[31/05/2011 23:51:00] /goto drako
[31/05/2011 23:51:21] /goto drako
[31/05/2011 23:51:22] /goto drako
[31/05/2011 23:51:24] /goto drako
[31/05/2011 23:51:24] /goto drako
[31/05/2011 23:51:25] /goto drako
[31/05/2011 23:51:27] /goto drako
[31/05/2011 23:51:46] /save
[01/06/2011 07:39:33] /reload spells
[01/06/2011 08:32:36] /goto drako
[01/06/2011 08:32:51] /a 6
[01/06/2011 08:34:14] /reload monster
[01/06/2011 08:55:54] /t
[01/06/2011 08:56:18] /i 7441
[01/06/2011 08:56:29] /i 7441
[01/06/2011 08:56:30] /i 7441
[01/06/2011 08:56:30] /i 7441
[01/06/2011 08:56:31] /i 7441
[01/06/2011 08:56:32] /i 7441
[01/06/2011 08:56:32] /i 7441
[01/06/2011 08:56:33] /i 7441
[01/06/2011 08:56:33] /i 7441
[01/06/2011 08:56:35] /i 7441
[01/06/2011 08:56:36] /i 7441
[01/06/2011 08:56:36] /i 7441
[01/06/2011 08:56:41] /r
[01/06/2011 08:56:43] /i 7441
[01/06/2011 08:56:49] /r
[01/06/2011 08:57:06] /r
[01/06/2011 08:57:07] /r
[01/06/2011 08:57:07] /r
[01/06/2011 08:57:07] /r
[01/06/2011 08:57:08] /r
[01/06/2011 08:57:08] /r
[01/06/2011 08:57:09] /r
[01/06/2011 08:57:09] /r
[01/06/2011 08:57:10] /r
[01/06/2011 08:57:11] /r
[01/06/2011 08:57:18] /i 10029
[01/06/2011 08:58:15] /a 6
[01/06/2011 08:58:43] /r
[01/06/2011 08:58:45] /r
[01/06/2011 08:59:01] /i 2160
[01/06/2011 09:08:36] /goto tutor juninho
[01/06/2011 09:08:53] /t
[01/06/2011 09:14:32] /goto drako
[01/06/2011 09:14:35] /a
[01/06/2011 09:14:36] /a
[01/06/2011 09:14:40] /t
[01/06/2011 09:20:53] /i 10029
[01/06/2011 09:38:15] /B Juninho
[01/06/2011 09:38:34] /i 413
[01/06/2011 09:41:35] /i 10064
[01/06/2011 09:44:29] /goto drako
[01/06/2011 09:44:31] /a
[01/06/2011 09:44:36] /goto drako
[01/06/2011 09:44:38] /goto drako
[01/06/2011 09:45:12] /c drako
[01/06/2011 09:51:51] /reload monster
[01/06/2011 09:52:18] /i ring da mortalidade
[01/06/2011 09:52:48] /attr health 20000000
[01/06/2011 09:52:49] /attr health 200000000
[01/06/2011 09:52:53] /attr health 200000000
[01/06/2011 09:53:22] /reload monster
[01/06/2011 09:54:00] /goto drako
[01/06/2011 09:54:01] /goto drako
[01/06/2011 09:54:02] /goto drako
[01/06/2011 09:54:05] /goto drako
[01/06/2011 09:54:08] /goto drako
[01/06/2011 09:54:09] /goto drako
[01/06/2011 09:54:10] /goto drako
[01/06/2011 09:55:43] /reload monster
[01/06/2011 09:56:42] /reload monster
[01/06/2011 09:56:50] /a
[01/06/2011 09:56:50] /a
[01/06/2011 09:56:51] /a
[01/06/2011 09:58:41] /reload monster
[01/06/2011 09:59:40] /reload monster
[01/06/2011 10:00:28] /reload monster
[01/06/2011 10:01:26] /reload monster
[01/06/2011 10:03:04] /reload monster
[01/06/2011 10:03:36] /reload monster
[01/06/2011 10:06:06] /reload monster
[01/06/2011 10:06:36] /reload monster
[01/06/2011 10:07:18] /reload monster
[01/06/2011 10:08:40] /reload monster
[01/06/2011 10:08:54] /r
[01/06/2011 10:09:00] /t
[01/06/2011 10:15:37] /ghost
[01/06/2011 10:16:16] /attr group 3
[01/06/2011 10:16:18] /r
[01/06/2011 10:17:46] /i max power rune
[01/06/2011 11:00:33] /attr group 4
[01/06/2011 11:00:35] /r
[01/06/2011 11:01:23] /r
[01/06/2011 11:01:50] /r
[01/06/2011 11:01:56] /i 7441
[01/06/2011 11:02:06] /r
[01/06/2011 11:02:29] /goto [GM Eduardo
[01/06/2011 11:02:31] /goto [GM Eduardo
[01/06/2011 11:02:38] /goto [GM] Eduardo
[01/06/2011 11:03:07] /attr group 1
[01/06/2011 11:03:09] /r
[01/06/2011 11:03:11] /i 2137
[01/06/2011 11:03:14] /i 2140
[01/06/2011 11:04:28] /r
[01/06/2011 11:05:12] /c [gm] eduardo
[01/06/2011 11:05:16] /r
[01/06/2011 11:06:21] /attr group 3
[01/06/2011 11:06:23] /r
[01/06/2011 11:06:35] /attr group 4
[01/06/2011 11:06:36] /r
[01/06/2011 11:06:38] /r
[01/06/2011 11:06:55] /goto [gm] eduardo
[01/06/2011 11:07:13] /i 2314
[01/06/2011 11:18:28] /c mestre mago
[01/06/2011 11:18:29] /c mestre magos
[01/06/2011 11:18:32] /i 10064
[01/06/2011 11:19:00] /a
[01/06/2011 11:19:32] /i 2137
[01/06/2011 11:20:04] /i hunting spear
[01/06/2011 11:20:07] /i 2160
[01/06/2011 11:24:22] /mc
[01/06/2011 11:24:35] /mc
[01/06/2011 11:24:44] /bc Tirem M
[01/06/2011 11:24:45] /bc Tirem MC
[01/06/2011 11:24:45] /bc Tirem MC
[01/06/2011 11:24:46] /bc Tirem MC
[01/06/2011 11:24:47] /bc Tirem MC
[01/06/2011 11:24:47] /bc Tirem MC
[01/06/2011 11:24:48] /bc Tirem MC
[01/06/2011 11:24:49] /bc Tirem MC
[01/06/2011 11:24:49] /bc Tirem MC
[01/06/2011 11:24:50] /bc Tirem MC
[01/06/2011 11:24:50] /bc Tirem MC
[01/06/2011 11:24:51] /bc Tirem MC
[01/06/2011 11:24:51] /bc Tirem MC
[01/06/2011 11:24:56] /bc Tirem MC Ou BAN
[01/06/2011 11:24:58] /bc Tirem MC Ou BAN
[01/06/2011 11:24:58] /bc Tirem MC Ou BAN
[01/06/2011 11:24:59] /bc Tirem MC Ou BAN
[01/06/2011 11:25:00] /mc
[01/06/2011 11:31:08] /a 2
[01/06/2011 11:36:25] /i 10064
[01/06/2011 11:40:26] /reload spells
[01/06/2011 11:40:59] /reload spells
[01/06/2011 11:42:12] /reload spells
[01/06/2011 11:46:10] /goto gabriel dourado
[01/06/2011 11:46:21] /t 
[01/06/2011 11:46:25] /t Gabriel Dourado
[01/06/2011 12:00:46] /mc
[01/06/2011 12:01:21] /mc
[01/06/2011 12:01:26] /mc
[01/06/2011 12:01:27] /mc
[01/06/2011 12:01:28] /mc
[01/06/2011 12:01:29] /mc
[01/06/2011 12:01:29] /mc
[01/06/2011 12:01:30] /mc
[01/06/2011 12:01:44] /mc
[01/06/2011 12:07:41] /mc
[01/06/2011 12:08:41] /goto elite knight
[01/06/2011 12:08:52] /goto elite morte
[01/06/2011 12:09:11] /a 6
[01/06/2011 12:16:20] /mc
[01/06/2011 21:48:08] /ghost
[01/06/2011 21:51:32] /a
[01/06/2011 21:53:35] /reload talkactions
[01/06/2011 21:55:05] /i ring da mortalidade
[01/06/2011 21:55:33] /goto Matt
[01/06/2011 21:55:35] /goto Matt
[01/06/2011 21:55:36] /goto Matt
[01/06/2011 21:55:42] /goto Matt
[01/06/2011 21:55:43] /goto Matt
[01/06/2011 21:55:45] /goto Matt
[01/06/2011 21:55:48] /goto Matt
[01/06/2011 21:56:09] /goto Druid do capeta
[01/06/2011 21:56:21] /a 10
[01/06/2011 21:56:23] /a 10
[01/06/2011 21:56:24] /a 10
[01/06/2011 21:56:25] /a 10
[01/06/2011 21:56:26] /a 10
[01/06/2011 21:56:27] /a 10
[01/06/2011 21:58:15] /reload monster
[01/06/2011 21:58:28] /m master of summons
[01/06/2011 21:59:00] /reload monster
[01/06/2011 21:59:42] /r
[01/06/2011 21:59:44] /r
[01/06/2011 22:00:35] /reload monster
[01/06/2011 22:00:49] /t
[01/06/2011 22:02:15] /t
[01/06/2011 22:02:56] /mc
[01/06/2011 22:13:38] /i 2137
[01/06/2011 22:13:44] /mc
[01/06/2011 22:17:09] /goto Devil Jr
[01/06/2011 22:17:48] /i 2407
[01/06/2011 22:18:05] /i 2299
[01/06/2011 22:18:08] /i 2296
[01/06/2011 22:18:16] /i 2299
[01/06/2011 22:18:19] /t
[01/06/2011 22:22:51] /i 2160
[01/06/2011 22:22:52] /i 2160
[01/06/2011 22:22:53] /i 2160
[01/06/2011 22:24:08] /i 3705
[01/06/2011 22:24:09] /i 3705
[01/06/2011 22:24:13] /i 1515
[01/06/2011 22:24:15] /i 1515
[01/06/2011 22:24:31] /i 5025
[01/06/2011 22:24:32] /i 5025
[01/06/2011 22:40:55] /mc
[01/06/2011 22:43:24] /goto Drako
[01/06/2011 22:43:26] /goto Drako
[01/06/2011 22:43:36] /goto Drako
[01/06/2011 22:43:40] /goto Drako
[01/06/2011 22:43:46] /goto Drako
[01/06/2011 22:43:49] /ghost
[01/06/2011 22:44:56] /a
[01/06/2011 22:44:57] /a
[01/06/2011 22:44:57] /a
[01/06/2011 22:44:58] /a
[01/06/2011 22:45:00] /a
[01/06/2011 22:45:00] /a
[01/06/2011 22:45:01] /a
[01/06/2011 22:45:06] /r
[01/06/2011 22:45:10] /r
[01/06/2011 22:45:12] /r
[01/06/2011 22:45:13] /r
[01/06/2011 22:45:17] /r
[01/06/2011 22:45:19] /r
[01/06/2011 22:46:27] /r
[01/06/2011 22:46:27] /r
[01/06/2011 22:46:29] /r
[01/06/2011 22:46:38] /a
[01/06/2011 22:46:39] /a
[01/06/2011 22:46:42] /r
[01/06/2011 22:46:43] /r
[01/06/2011 22:47:31] /i ice helmet
[01/06/2011 22:47:35] /i ice sword
[01/06/2011 22:47:39] /r
[01/06/2011 22:47:49] /i enchanded spear
[01/06/2011 22:47:55] /i ice armor
[01/06/2011 22:47:59] /i ice shield
[01/06/2011 22:48:07] /i ice legs
[01/06/2011 22:48:11] /i ice boots
[01/06/2011 22:48:19] /i 2160
[01/06/2011 22:48:25] /i blue backpack
[01/06/2011 22:48:28] /i blue backpac
[01/06/2011 22:48:34] /i 2160
[01/06/2011 22:48:47] /i ring da mortalidade
[01/06/2011 22:49:24] /r 100
[01/06/2011 22:50:31] /goto drako
[01/06/2011 22:50:33] /a
[01/06/2011 22:51:06] /i 2314
[01/06/2011 22:51:10] /i 2299
[01/06/2011 22:51:15] /r
[01/06/2011 22:51:17] /i 2296
[01/06/2011 22:52:27] /mc
[01/06/2011 22:52:45] /c The Teleportener
[01/06/2011 22:53:55] /r
[01/06/2011 22:54:16] /r
[01/06/2011 22:54:29] /r
[01/06/2011 22:54:33] /r
[01/06/2011 22:55:05] /addskill [Hoster] Mateus,level,9900
[01/06/2011 22:57:41] /r
[01/06/2011 23:01:54] /reload config
[01/06/2011 23:02:03] /reload talkactions
[01/06/2011 23:06:16] /addskill Druid do capeta,level,9000
[01/06/2011 23:07:37] /addskill Pally Rusha,level,10000
[01/06/2011 23:07:41] /i 2137
[01/06/2011 23:08:26] /i hunting spear
[01/06/2011 23:08:43] /r 99
[01/06/2011 23:08:52] /r
[01/06/2011 23:11:22] /goto druid capeta
[01/06/2011 23:11:26] /goto druid capeta
[01/06/2011 23:11:31] /goto druid do capeta
[01/06/2011 23:12:11] /i max power rune
[01/06/2011 23:12:48] /c druid do capeta
[01/06/2011 23:15:39] /up
[01/06/2011 23:16:43] /reload monster
[01/06/2011 23:17:29] /up
[01/06/2011 23:17:48] /t Druid do capeta
[01/06/2011 23:17:53] /up
[01/06/2011 23:17:57] /c Druid do capeta
[01/06/2011 23:19:37] /t
[01/06/2011 23:21:41] /i 8306
[01/06/2011 23:21:54] /c Drako
[01/06/2011 23:22:20] /r
[01/06/2011 23:58:35] /goto drak
[01/06/2011 23:58:36] /goto drako
[01/06/2011 23:59:33] /t
[02/06/2011 00:02:37] /goto drako
[02/06/2011 00:18:40] /c drako
[02/06/2011 00:18:53] /mc
[02/06/2011 00:19:11] /mc
[02/06/2011 00:19:26] /bc amanha it as 7:00
[02/06/2011 00:19:32] /bc amanha ot as 7:00
[02/06/2011 00:19:33] /bc amanha ot as 7:00
[02/06/2011 00:19:35] /bc amanha ot as 7:00
[02/06/2011 00:19:36] /bc amanha ot as 7:00
[02/06/2011 00:19:36] /bc amanha ot as 7:00
[02/06/2011 00:19:37] /bc amanha ot as 7:00
[02/06/2011 00:19:37] /bc amanha ot as 7:00
[02/06/2011 00:19:37] /bc amanha ot as 7:00
[02/06/2011 00:19:38] /bc amanha ot as 7:00
[02/06/2011 00:19:38] /bc amanha ot as 7:00
[02/06/2011 00:19:39] /bc amanha ot as 7:00
[02/06/2011 00:19:39] /bc amanha ot as 7:00
[02/06/2011 00:19:40] /bc amanha ot as 7:00
[02/06/2011 00:19:40] /bc amanha ot as 7:00
[02/06/2011 00:19:41] /bc amanha ot as 7:00
[02/06/2011 00:19:42] /bc amanha ot as 7:00
[02/06/2011 00:19:42] /bc amanha ot as 7:00
[02/06/2011 00:19:43] /bc amanha ot as 7:00
[02/06/2011 00:19:43] /bc amanha ot as 7:00
[02/06/2011 00:19:44] /bc amanha ot as 7:00
[02/06/2011 00:19:52] /bc amanha ot as 7:00
[02/06/2011 00:19:53] /bc amanha ot as 7:00
[02/06/2011 00:19:53] /bc amanha ot as 7:00
[02/06/2011 00:19:53] /bc amanha ot as 7:00
[02/06/2011 00:19:53] /bc amanha ot as 7:00
[02/06/2011 00:19:53] /bc amanha ot as 7:00
[02/06/2011 00:19:53] /bc amanha ot as 7:00
[02/06/2011 00:19:53] /bc amanha ot as 7:00
[02/06/2011 00:19:53] /bc amanha ot as 7:00
[02/06/2011 00:19:53] /bc amanha ot as 7:00
[02/06/2011 00:19:53] /bc amanha ot as 7:00
[02/06/2011 00:19:53] /bc amanha ot as 7:00
[02/06/2011 00:19:53] /bc amanha ot as 7:00
[02/06/2011 00:19:53] /bc amanha ot as 7:00
[02/06/2011 00:19:53] /bc amanha ot as 7:00
[02/06/2011 00:19:53] /bc amanha ot as 7:00
[02/06/2011 00:19:53] /bc amanha ot as 7:00
[02/06/2011 00:19:54] /bc amanha ot as 7:00
[02/06/2011 00:19:54] /bc amanha ot as 7:00
[02/06/2011 00:19:54] /bc amanha ot as 7:00
[02/06/2011 00:19:54] /bc amanha ot as 7:00
[02/06/2011 00:19:54] /bc amanha ot as 7:00
[02/06/2011 00:19:54] /bc amanha ot as 7:00
[02/06/2011 00:19:54] /bc amanha ot as 7:00
[02/06/2011 00:19:54] /bc amanha ot as 7:00
[02/06/2011 00:19:54] /bc amanha ot as 7:00
[02/06/2011 00:19:54] /bc amanha ot as 7:00
[02/06/2011 00:19:54] /bc amanha ot as 7:00
[02/06/2011 00:19:54] /bc amanha ot as 7:00
[02/06/2011 00:19:54] /bc amanha ot as 7:00
[02/06/2011 00:19:54] /bc amanha ot as 7:00
[02/06/2011 00:19:54] /bc amanha ot as 7:00
[02/06/2011 00:19:54] /bc amanha ot as 7:00
[02/06/2011 00:19:54] /bc amanha ot as 7:00
[02/06/2011 00:19:54] /bc amanha ot as 7:00
[02/06/2011 00:19:54] /bc amanha ot as 7:00
[02/06/2011 00:19:54] /bc amanha ot as 7:00
[02/06/2011 00:19:54] /bc amanha ot as 7:00
[02/06/2011 00:19:54] /bc amanha ot as 7:00
[02/06/2011 00:19:54] /bc amanha ot as 7:00
[02/06/2011 00:19:54] /bc amanha ot as 7:00
[02/06/2011 00:19:54] /bc amanha ot as 7:00
[02/06/2011 00:19:54] /bc amanha ot as 7:00
[02/06/2011 00:19:54] /bc amanha ot as 7:00
[02/06/2011 00:19:54] /bc amanha ot as 7:00
[02/06/2011 00:19:55] /bc amanha ot as 7:00
[02/06/2011 00:19:55] /bc amanha ot as 7:00
[02/06/2011 00:19:55] /bc amanha ot as 7:00
[02/06/2011 00:19:55] /bc amanha ot as 7:00
[02/06/2011 00:20:18] /bc amanha ot as 7:00
[02/06/2011 00:20:19] /bc amanha ot as 7:00
[02/06/2011 00:20:19] /bc amanha ot as 7:00
[02/06/2011 00:20:19] /bc amanha ot as 7:00
[02/06/2011 00:20:19] /bc amanha ot as 7:00
[02/06/2011 00:20:19] /bc amanha ot as 7:00
[02/06/2011 00:20:19] /bc amanha ot as 7:00
[02/06/2011 00:20:19] /bc amanha ot as 7:00
[02/06/2011 00:20:19] /bc amanha ot as 7:00
[02/06/2011 00:20:19] /bc amanha ot as 7:00
[02/06/2011 00:20:19] /bc amanha ot as 7:00
[02/06/2011 00:20:19] /bc amanha ot as 7:00
[02/06/2011 00:20:19] /bc amanha ot as 7:00
[02/06/2011 00:20:19] /bc amanha ot as 7:00
[02/06/2011 00:20:19] /bc amanha ot as 7:00
[02/06/2011 00:20:19] /bc amanha ot as 7:00
[02/06/2011 00:20:19] /bc amanha ot as 7:00
[02/06/2011 00:20:20] /bc amanha ot as 7:00
[02/06/2011 00:20:20] /bc amanha ot as 7:00
[02/06/2011 00:20:20] /bc amanha ot as 7:00
[02/06/2011 00:20:20] /bc amanha ot as 7:00
[02/06/2011 00:20:20] /bc amanha ot as 7:00
[02/06/2011 00:20:20] /bc amanha ot as 7:00
[02/06/2011 00:20:20] /bc amanha ot as 7:00
[02/06/2011 00:20:20] /bc amanha ot as 7:00
[02/06/2011 00:20:20] /bc amanha ot as 7:00
[02/06/2011 00:20:20] /bc amanha ot as 7:00
[02/06/2011 00:20:20] /bc amanha ot as 7:00
[02/06/2011 00:20:20] /bc amanha ot as 7:00
[02/06/2011 00:20:20] /bc amanha ot as 7:00
[02/06/2011 00:20:20] /bc amanha ot as 7:00
[02/06/2011 00:20:20] /bc amanha ot as 7:00
[02/06/2011 00:20:20] /bc amanha ot as 7:00
[02/06/2011 00:20:20] /bc amanha ot as 7:00
[02/06/2011 00:20:20] /bc amanha ot as 7:00
[02/06/2011 00:20:20] /bc amanha ot as 7:00
[02/06/2011 00:20:20] /bc amanha ot as 7:00
[02/06/2011 00:20:20] /bc amanha ot as 7:00
[02/06/2011 00:20:20] /bc amanha ot as 7:00
[02/06/2011 00:20:20] /bc amanha ot as 7:00
[02/06/2011 00:20:20] /bc amanha ot as 7:00
[02/06/2011 00:20:20] /bc amanha ot as 7:00
[02/06/2011 00:20:20] /bc amanha ot as 7:00
[02/06/2011 00:20:20] /bc amanha ot as 7:00
[02/06/2011 00:20:20] /bc amanha ot as 7:00
[02/06/2011 00:20:20] /bc amanha ot as 7:00
[02/06/2011 00:20:20] /bc amanha ot as 7:00
[02/06/2011 00:20:21] /bc amanha ot as 7:00
[02/06/2011 00:20:21] /bc amanha ot as 7:00
[02/06/2011 00:20:21] /bc amanha ot as 7:00
[02/06/2011 00:20:21] /bc amanha ot as 7:00
[02/06/2011 00:20:21] /bc amanha ot as 7:00
[02/06/2011 00:20:21] /bc amanha ot as 7:00
[02/06/2011 00:20:21] /bc amanha ot as 7:00
[02/06/2011 00:20:21] /bc amanha ot as 7:00
[02/06/2011 00:20:21] /bc amanha ot as 7:00
[02/06/2011 00:20:21] /bc amanha ot as 7:00
[02/06/2011 00:20:21] /bc amanha ot as 7:00
[02/06/2011 00:20:21] /bc amanha ot as 7:00
[02/06/2011 00:20:21] /bc amanha ot as 7:00
[02/06/2011 00:20:21] /bc amanha ot as 7:00
[02/06/2011 00:20:21] /bc amanha ot as 7:00
[02/06/2011 00:20:21] /bc amanha ot as 7:00
[02/06/2011 00:20:21] /bc amanha ot as 7:00
[02/06/2011 00:20:21] /bc amanha ot as 7:00
[02/06/2011 00:20:21] /bc amanha ot as 7:00
[02/06/2011 00:20:21] /bc amanha ot as 7:00
[02/06/2011 00:20:21] /bc amanha ot as 7:00
[02/06/2011 00:20:21] /bc amanha ot as 7:00
[02/06/2011 00:20:21] /bc amanha ot as 7:00
[02/06/2011 00:20:21] /bc amanha ot as 7:00
[02/06/2011 00:20:21] /bc amanha ot as 7:00
[02/06/2011 00:20:21] /bc amanha ot as 7:00
[02/06/2011 00:20:21] /bc amanha ot as 7:00
[02/06/2011 00:20:21] /bc amanha ot as 7:00
[02/06/2011 00:20:21] /bc amanha ot as 7:00
[02/06/2011 00:20:22] /bc amanha ot as 7:00
[02/06/2011 00:20:22] /bc amanha ot as 7:00
[02/06/2011 00:20:22] /bc amanha ot as 7:00
[02/06/2011 00:20:22] /bc amanha ot as 7:00
[02/06/2011 00:20:22] /bc amanha ot as 7:00
[02/06/2011 00:20:22] /bc amanha ot as 7:00
[02/06/2011 00:21:11] /ghost
[02/06/2011 11:02:42] /ghost
[02/06/2011 11:04:33] /i 2296
[02/06/2011 11:04:54] /i 2299
[02/06/2011 11:11:57] /mc
[02/06/2011 11:38:20] /bc ot vai cai e volta
[02/06/2011 11:38:20] /bc ot vai cai e volta
[02/06/2011 11:38:21] /bc ot vai cai e volta
[02/06/2011 11:38:21] /bc ot vai cai e volta
[02/06/2011 11:38:22] /bc ot vai cai e volta
[02/06/2011 11:38:23] /bc ot vai cai e volta
[02/06/2011 11:38:23] /bc ot vai cai e volta
[02/06/2011 11:38:23] /bc ot vai cai e volta
[02/06/2011 11:38:24] /bc ot vai cai e volta
[02/06/2011 11:38:24] /bc ot vai cai e volta
[02/06/2011 11:38:25] /bc ot vai cai e volta
[02/06/2011 11:38:25] /bc ot vai cai e volta
[02/06/2011 11:38:26] /bc ot vai cai e volta
[02/06/2011 11:38:26] /bc ot vai cai e volta
[02/06/2011 11:48:16] /reload monster
[02/06/2011 11:49:28] /reload monster
[02/06/2011 12:11:07] /goto Kinazinhoo
[02/06/2011 12:11:38] /up
[02/06/2011 12:13:09] /reload monster
[02/06/2011 12:13:30] /reload monster
[02/06/2011 12:14:03] /reload monster
[02/06/2011 12:16:27] /reload monster
[02/06/2011 12:16:29] /up
[02/06/2011 12:18:28] /reload monster
[02/06/2011 12:19:15] /reload monster
[02/06/2011 12:19:45] /reload monster
[02/06/2011 12:22:13] /reload monster
[02/06/2011 12:22:43] /r
[02/06/2011 12:23:12] /ghost
[02/06/2011 12:23:34] /t
[02/06/2011 12:25:17] /goto Kinazinhoo
[02/06/2011 12:26:00] /t
[02/06/2011 15:46:25] /mc
[02/06/2011 15:46:32] /i 2160
[02/06/2011 15:46:33] /i 2160
[02/06/2011 15:46:33] /i 2160
[02/06/2011 18:09:19] /t
[02/06/2011 18:09:25] /i 10064
[02/06/2011 18:14:27] /a 3
[02/06/2011 18:14:37] /r
[02/06/2011 18:14:38] /r
[02/06/2011 18:14:47] /i 6891
[02/06/2011 18:14:57] /i 1448
[02/06/2011 18:14:57] /i 1448
[02/06/2011 18:14:59] /a
[02/06/2011 18:15:08] /t
[02/06/2011 18:15:35] /mc
[02/06/2011 18:15:47] /bc Tirem MC ou BANNNNNNNNNNN
[02/06/2011 18:15:56] /bc Tirem MC ou BAN
[02/06/2011 18:15:56] /bc Tirem MC ou BAN
[02/06/2011 18:15:57] /bc Tirem MC ou BAN
[02/06/2011 18:15:57] /bc Tirem MC ou BAN
[02/06/2011 18:15:58] /bc Tirem MC ou BAN
[02/06/2011 18:16:00] /mc
[02/06/2011 18:16:03] /bc Tirem MC ou BAN
[02/06/2011 18:16:03] /bc Tirem MC ou BAN
[02/06/2011 18:16:04] /bc Tirem MC ou BAN
[02/06/2011 18:16:04] /bc Tirem MC ou BAN
[02/06/2011 18:16:05] /mc
[02/06/2011 18:16:07] /mc
[02/06/2011 18:16:24] /bc depois ke for ban nao vem reclamar
[02/06/2011 18:16:26] /bc depois ke for ban nao vem reclamar
[02/06/2011 18:16:26] /bc depois ke for ban nao vem reclamar
[02/06/2011 18:16:27] /mc
[02/06/2011 18:16:28] /mc
[02/06/2011 18:16:35] /goto Mlk Do Point
[02/06/2011 18:16:47] /mc
[02/06/2011 18:16:53] /ban Mlk Do Point
[02/06/2011 18:17:06] /goto Nocturna Druid
[02/06/2011 18:17:18] /ban Nocturna Druid
[02/06/2011 18:17:19] /t
[02/06/2011 18:20:05] /mc
[02/06/2011 18:20:07] /mc
[02/06/2011 18:20:08] /mc
[02/06/2011 18:20:27] /mc
[02/06/2011 18:20:29] /mc
[02/06/2011 18:20:32] /mc
[02/06/2011 18:20:32] /mc
[02/06/2011 18:20:33] /mc
[02/06/2011 18:20:34] /mc
[02/06/2011 18:20:35] /mc
[02/06/2011 18:20:40] /mc
[02/06/2011 18:20:41] /mc
[02/06/2011 18:20:42] /mc
[02/06/2011 18:20:49] /B Poha Manow
[02/06/2011 18:20:52] /mc
[02/06/2011 18:35:54] /i ice helmet
[02/06/2011 18:36:01] /i ice shield
[02/06/2011 18:36:08] /i ice sword
[02/06/2011 18:36:13] /i armor
[02/06/2011 18:36:18] /i ice armor
[02/06/2011 18:36:22] /i 10064
[02/06/2011 18:44:22] /mc
[02/06/2011 18:44:29] /goto gabriel dourado
[02/06/2011 18:47:18] /m Yakchal
[02/06/2011 18:47:32] /r
[02/06/2011 18:47:34] /r
[02/06/2011 18:47:40] /i 2743
[02/06/2011 20:26:21] /i 7762
[02/06/2011 20:26:30] /i 7763
[02/06/2011 20:26:37] /i 7761
[02/06/2011 20:26:39] /i 7760
[02/06/2011 20:26:42] /i 7759
[02/06/2011 20:26:44] /i 7758
[02/06/2011 20:26:46] /i 7757
[02/06/2011 20:26:54] /r
[02/06/2011 20:26:56] /r
[02/06/2011 20:27:01] /r 43
[02/06/2011 20:27:07] /r
[02/06/2011 20:27:15] /i 413
[02/06/2011 20:28:15] /mc
[02/06/2011 20:28:30] /mc
[02/06/2011 20:47:14] /ghost
[02/06/2011 20:47:19] /mc
[02/06/2011 20:47:52] /mc
[02/06/2011 20:48:00] /mc
[02/06/2011 20:48:11] /ban Fael Neverdie
[02/06/2011 20:48:21] /mc
[02/06/2011 20:48:32] /B Lego Lego
[02/06/2011 20:48:36] /mc
[02/06/2011 20:50:56] /mc
[02/06/2011 20:56:32] /save
[02/06/2011 20:56:38] /reload creaturescript
[02/06/2011 20:56:42] /reload creature
[02/06/2011 20:57:08] /save
[02/06/2011 20:57:20] /reload creatureevents
[02/06/2011 21:01:20] /save
[02/06/2011 21:01:25] /reload creatureevents
[02/06/2011 21:21:07] /ghost
[02/06/2011 21:23:07] /mc
[02/06/2011 21:27:55] /B Lego Lego
[02/06/2011 21:28:24] /mc
[02/06/2011 21:28:31] /B Kamasutra
[02/06/2011 21:29:32] /B Kamasutra
[02/06/2011 21:57:15] /ghost
[02/06/2011 21:58:20] /r
[02/06/2011 21:58:20] /r
[02/06/2011 21:58:50] /mc
[02/06/2011 22:00:17] /mc
[02/06/2011 22:00:21] /r
[02/06/2011 22:01:06] /c Princesa Sexy
[02/06/2011 22:01:51] /r
[02/06/2011 22:01:53] /r
[02/06/2011 22:01:55] /r
[02/06/2011 22:02:17] /c /t Princesa Sexy
[02/06/2011 22:02:21] /t Princesa Sexy
[02/06/2011 22:03:01] /c princesa sexy
[02/06/2011 22:04:36] /r
[02/06/2011 22:04:54] /r
[02/06/2011 22:05:01] /t princesa sexy
[02/06/2011 22:07:02] /r
[02/06/2011 22:08:22] /i 4542
[02/06/2011 22:11:03] /a 3
[02/06/2011 22:36:48] /goto drako
[02/06/2011 22:37:11] /a
[02/06/2011 23:25:25] /a
[02/06/2011 23:51:53] /goto Druid do capeta
[02/06/2011 23:52:27] /a
[02/06/2011 23:52:28] /a
[02/06/2011 23:52:28] /a
[02/06/2011 23:52:29] /a
[02/06/2011 23:52:31] /r
[02/06/2011 23:52:32] /r
[02/06/2011 23:52:33] /r
[02/06/2011 23:52:33] /r
[02/06/2011 23:52:34] /r
[02/06/2011 23:52:35] /r
[02/06/2011 23:52:36] /r
[02/06/2011 23:52:37] /r
[02/06/2011 23:52:39] /r
[02/06/2011 23:52:41] /r
[02/06/2011 23:52:42] /r
[02/06/2011 23:52:43] /r
[02/06/2011 23:52:44] /r
[02/06/2011 23:52:45] /r
[02/06/2011 23:52:46] /r
[02/06/2011 23:52:47] /r
[02/06/2011 23:52:48] /r
[02/06/2011 23:52:49] /r
[02/06/2011 23:53:00] /goto Druid do capeta
[02/06/2011 23:54:50] /a 3
[02/06/2011 23:54:56] /a
[03/06/2011 00:19:34] /t
[03/06/2011 00:20:07] /bc red; OT Amanha As 7:00
[03/06/2011 00:20:10] /bc red; OT Amanha As 7:00
[03/06/2011 00:20:17] /bc OT Amanha As 7:00
[03/06/2011 00:20:18] /bc OT Amanha As 7:00
[03/06/2011 00:20:23] /bc OT Amanha As 7:00
[03/06/2011 00:20:26] /bc OT Amanha As 7:00
[03/06/2011 00:20:27] /bc OT Amanha As 7:00
[03/06/2011 00:20:58] /r
[03/06/2011 00:21:00] /r
[03/06/2011 00:21:11] /r
[03/06/2011 00:21:15] /m ice lord
[03/06/2011 00:21:29] /r
[03/06/2011 00:21:31] /r
[03/06/2011 00:21:32] /r
[03/06/2011 00:21:33] /r
[03/06/2011 00:21:33] /r
[03/06/2011 00:21:35] /r
[03/06/2011 00:21:37] /r
[03/06/2011 00:21:44] /i 4542
[03/06/2011 00:22:03] /r
[03/06/2011 00:22:05] /r
[03/06/2011 00:22:06] /r
[03/06/2011 00:22:19] /bc OT Amanha As 7:00
[03/06/2011 00:22:20] /bc OT Amanha As 7:00
[03/06/2011 00:22:20] /bc OT Amanha As 7:00
[03/06/2011 00:22:20] /bc OT Amanha As 7:00
[03/06/2011 00:22:22] /bc OT Amanha As 7:00
[03/06/2011 00:22:23] /bc OT Amanha As 7:00
[03/06/2011 00:22:23] /bc OT Amanha As 7:00
[03/06/2011 00:22:23] /bc OT Amanha As 7:00
[03/06/2011 00:22:23] /bc OT Amanha As 7:00
[03/06/2011 09:35:01] /goto drako
[03/06/2011 09:35:04] /goto drako
[03/06/2011 09:35:27] /t
[03/06/2011 09:46:27] /goto [tutor] bruno
[03/06/2011 09:47:03] /a 5
[03/06/2011 09:47:55] /t
[03/06/2011 09:48:07] /c [tutor] bruno
[03/06/2011 09:48:08] /c [tutor] bruno
[03/06/2011 09:48:09] /c [tutor] bruno
[03/06/2011 09:48:15] /c [tutor] bruno
[03/06/2011 09:48:23] /i 21.0
[03/06/2011 09:48:35] /i 1284
[03/06/2011 09:48:37] /a
[03/06/2011 09:48:38] /i 1284
[03/06/2011 09:48:55] /r
[03/06/2011 09:49:00] /c [tutor bruno
[03/06/2011 09:49:08] /i 2160
[03/06/2011 09:49:55] /t
[03/06/2011 09:50:21] /c [tutor] bruno
[03/06/2011 09:57:13] /owner [Tutor] Bruno
[03/06/2011 09:57:19] /owner [Tutor] Bruno
[03/06/2011 09:57:27] /a
[03/06/2011 09:57:27] /a
[03/06/2011 09:57:29] /owner [Tutor] Bruno
[03/06/2011 09:57:33] /a
[03/06/2011 09:57:33] /a
[03/06/2011 09:57:46] /i 407
[03/06/2011 09:57:53] /i 407
[03/06/2011 09:59:53] /t
[03/06/2011 09:59:55] /t
[03/06/2011 10:10:00] /goto drako
[03/06/2011 10:10:54] /t
[03/06/2011 10:19:12] /r
[03/06/2011 10:24:52] /goto drako
[03/06/2011 10:27:11] /t
[03/06/2011 10:28:02] /a
[03/06/2011 10:28:50] /goto gabriel
[03/06/2011 10:28:51] /goto gabriel
[03/06/2011 10:29:25] /i 1499
[03/06/2011 10:29:36] /t
[03/06/2011 10:30:31] /r
[03/06/2011 10:30:41] /r
[03/06/2011 10:30:50] /goto drako
[03/06/2011 10:31:34] /t
[03/06/2011 10:32:20] /mc
[03/06/2011 10:33:20] /goto drako
[03/06/2011 10:34:04] /t
[03/06/2011 10:35:45] /goto [tutor] bruno
[03/06/2011 10:35:48] /t
[03/06/2011 10:59:29] /ghost
[03/06/2011 10:59:43] /goto gabriel
[03/06/2011 11:00:04] /r
[03/06/2011 11:00:22] /ban Mlk Doido
[03/06/2011 11:00:37] /unban mlk doido
[03/06/2011 11:01:01] /goto drako
[03/06/2011 11:01:51] /r
[03/06/2011 11:01:54] /ghost
[03/06/2011 11:03:38] /a 5
[03/06/2011 11:05:06] /reload monster
[03/06/2011 11:05:15] /clean
[03/06/2011 11:07:13] /reload monste
[03/06/2011 11:07:14] /reload monster
[03/06/2011 11:08:30] /reload monster
[03/06/2011 11:09:33] /attr health 2000000
[03/06/2011 11:09:56] /attr health 20000000
[03/06/2011 11:10:00] /attr health 20000000
[03/06/2011 11:10:01] /attr health 20000000
[03/06/2011 11:10:03] /attr health 20000000
[03/06/2011 11:11:06] /attr health 20000000
[03/06/2011 11:11:12] /attr health 20000000
[03/06/2011 11:11:14] /attr health 20000000
[03/06/2011 11:11:15] /attr health 20000000
[03/06/2011 11:11:17] /attr health 20000000
[03/06/2011 11:11:25] /attr health 20000000
[03/06/2011 11:11:27] /attr health 20000000
[03/06/2011 11:11:29] /attr health 20000000
[03/06/2011 11:11:30] /attr health 20000000
[03/06/2011 11:11:31] /attr health 20000000
[03/06/2011 11:12:18] /reload monster
[03/06/2011 11:13:05] /reload monster
[03/06/2011 11:13:40] /reload spells
[03/06/2011 11:14:00] /reload monster
[03/06/2011 11:14:19] /reload monster
[03/06/2011 11:15:40] /i 10064
[03/06/2011 11:16:18] /reload monster
[03/06/2011 11:18:16] /r
[03/06/2011 11:28:50] /m the teleportener
[03/06/2011 11:28:55] /m the teleportener
[03/06/2011 11:28:56] /m the teleportener
[03/06/2011 11:30:01] /reload monster
[03/06/2011 11:30:14] /m the teleportener
[03/06/2011 11:31:27] /reload monster
[03/06/2011 11:31:29] /reload monster
[03/06/2011 11:31:31] /m the teleportener
[03/06/2011 11:34:15] /reload monster
[03/06/2011 11:34:30] /m the teleportener
[03/06/2011 11:36:04] /a 4
[03/06/2011 11:36:11] /r
[03/06/2011 11:36:13] /r
[03/06/2011 11:36:15] /r
[03/06/2011 11:36:20] /r
[03/06/2011 11:36:21] /r
[03/06/2011 11:36:21] /r
[03/06/2011 11:36:37] /reload monster
[03/06/2011 11:37:15] /m the teleportener
[03/06/2011 11:37:59] /reload monster
[03/06/2011 11:38:37] /reload monster
[03/06/2011 11:39:05] /reload monster
[03/06/2011 11:39:50] /r
[03/06/2011 11:39:51] /r
[03/06/2011 11:39:53] /r
[03/06/2011 11:39:54] /r
[03/06/2011 11:40:13] /t
[03/06/2011 11:43:24] /ban drako
[03/06/2011 11:44:16] /B Barcelonasz
[03/06/2011 11:45:37] /unban drako
[03/06/2011 11:54:37] /unban barcelonasz
[03/06/2011 11:54:45] /unban barcelonasz
[03/06/2011 11:54:57] /B barcelonasz
[03/06/2011 12:01:07] /ghost
[03/06/2011 12:01:12] /r
[03/06/2011 12:01:15] /r
[03/06/2011 12:01:24] /i 7144
[03/06/2011 12:01:41] /r
[03/06/2011 12:01:46] /goto gabriel
[03/06/2011 12:02:02] /a 5
[03/06/2011 12:02:18] /a
[03/06/2011 12:02:18] /a
[03/06/2011 12:02:19] /a
[03/06/2011 12:02:19] /a
[03/06/2011 12:02:21] /a
[03/06/2011 12:02:23] /a
[03/06/2011 12:02:26] /a
[03/06/2011 12:02:27] /a
[03/06/2011 12:02:59] /r
[03/06/2011 12:03:53] /t
[03/06/2011 12:07:00] /save
[03/06/2011 12:07:03] /reload talkactions
[03/06/2011 12:07:07] /reload config
[03/06/2011 19:14:38] /ghost
[03/06/2011 19:15:53] /mc
[03/06/2011 19:19:45] /t
[03/06/2011 21:17:44] /ghost
[03/06/2011 22:31:24] /ghost
[04/06/2011 12:18:21] /ghost
[04/06/2011 12:19:14] /t
[04/06/2011 12:29:20] /ghost
[04/06/2011 12:29:24] /save
[04/06/2011 12:29:29] /reload items
[04/06/2011 12:29:33] /i doll
[04/06/2011 12:30:09] /c supremo duid
[04/06/2011 12:30:14] /c supremo druid
[04/06/2011 12:30:16] /c supremo druid
[04/06/2011 12:30:17] /c supremo druid
[04/06/2011 12:30:35] /c supremo druid
[04/06/2011 12:31:48] /save
[04/06/2011 12:31:53] /reload items
[04/06/2011 12:33:07] /i 10543
[04/06/2011 12:33:18] /r
[04/06/2011 12:33:28] /save
[04/06/2011 12:33:34] /reload itemsexport
[04/06/2011 12:33:37] /reload items
[04/06/2011 12:36:11] /save
[04/06/2011 12:36:16] /reload action
[04/06/2011 12:41:11] /i 2140
[04/06/2011 12:41:16] /i 2137
[04/06/2011 12:44:07] /goto mestre magos
[04/06/2011 12:44:17] /mc
[04/06/2011 12:44:22] /goto kina loko
[04/06/2011 12:44:27] /t mestre magos
[04/06/2011 12:44:32] /mc
[04/06/2011 12:44:34] /goto mala
[04/06/2011 12:44:45] /bc Tirem MC
[04/06/2011 12:44:46] /bc Tirem MC
[04/06/2011 12:45:26] /a
[04/06/2011 12:46:26] /mc
[04/06/2011 12:46:38] /bc Tirem MC ou BAN
[04/06/2011 12:46:38] /bc Tirem MC ou BAN
[04/06/2011 12:46:39] /bc Tirem MC ou BAN
[04/06/2011 12:46:40] /bc Tirem MC ou BAN
[04/06/2011 12:46:40] /bc Tirem MC ou BAN
[04/06/2011 12:46:41] /bc Tirem MC ou BAN
[04/06/2011 12:47:04] /mc
[04/06/2011 12:47:09] /bc Tirem MC ou BAN
[04/06/2011 12:47:10] /bc Tirem MC ou BAN
[04/06/2011 12:47:11] /bc Tirem MC ou BAN
[04/06/2011 12:47:11] /bc Tirem MC ou BAN
[04/06/2011 12:47:11] /bc Tirem MC ou BAN
[04/06/2011 12:47:12] /bc Tirem MC ou BAN
[04/06/2011 12:47:12] /bc Tirem MC ou BAN
[04/06/2011 12:47:28] /bc Dps Ke FOREM BAN NAO VEM RECLAMA CMG
[04/06/2011 12:47:28] /bc Dps Ke FOREM BAN NAO VEM RECLAMA CMG
[04/06/2011 12:47:29] /bc Dps Ke FOREM BAN NAO VEM RECLAMA CMG
[04/06/2011 12:47:29] /bc Dps Ke FOREM BAN NAO VEM RECLAMA CMG
[04/06/2011 12:47:30] /bc Dps Ke FOREM BAN NAO VEM RECLAMA CMG
[04/06/2011 12:47:31] /bc Dps Ke FOREM BAN NAO VEM RECLAMA CMG
[04/06/2011 12:47:41] /i small amethysts
[04/06/2011 12:47:54] /i 7762
[04/06/2011 12:47:56] /i 7762
[04/06/2011 12:50:07] /r 100
[04/06/2011 12:52:28] /mc
[04/06/2011 12:52:34] /bc AVISEI
[04/06/2011 12:52:45] /bc VCS NAO OUVEM EU AGR VO BANI TO NEM AE
[04/06/2011 12:52:49] /mc
[04/06/2011 12:52:55] /ban small amethysts
[04/06/2011 12:52:59] /ban mala
[04/06/2011 12:53:01] /mc
[04/06/2011 12:53:15] /ghost
[04/06/2011 12:53:35] /goto [GM] Eduardo
[04/06/2011 12:53:42] /goto mestre magos
[04/06/2011 12:54:22] /c [GM] Eduardo
[04/06/2011 12:55:40] /t
[04/06/2011 12:55:42] /t
[04/06/2011 12:55:50] /goto [gm] eduardo
[04/06/2011 12:55:52] /goto [gm] eduardo
[04/06/2011 12:55:59] /goto [gm] eduardo
[04/06/2011 12:56:00] /goto [gm] eduardo
[04/06/2011 12:56:00] /goto [gm] eduardo
[04/06/2011 12:56:00] /goto [gm] eduardo
[04/06/2011 12:56:00] /goto [gm] eduardo
[04/06/2011 12:56:00] /goto [gm] eduardo
[04/06/2011 12:56:00] /goto [gm] eduardo
[04/06/2011 12:56:00] /goto [gm] eduardo
[04/06/2011 12:56:00] /goto [gm] eduardo
[04/06/2011 12:56:00] /goto [gm] eduardo
[04/06/2011 12:56:00] /goto [gm] eduardo
[04/06/2011 12:56:00] /goto [gm] eduardo
[04/06/2011 12:56:00] /goto [gm] eduardo
[04/06/2011 12:56:00] /goto [gm] eduardo
[04/06/2011 12:56:00] /goto [gm] eduardo
[04/06/2011 12:56:00] /goto [gm] eduardo
[04/06/2011 12:56:00] /goto [gm] eduardo
[04/06/2011 12:56:00] /goto [gm] eduardo
[04/06/2011 12:56:00] /goto [gm] eduardo
[04/06/2011 12:56:00] /goto [gm] eduardo
[04/06/2011 12:56:00] /goto [gm] eduardo
[04/06/2011 12:56:00] /goto [gm] eduardo
[04/06/2011 12:56:00] /goto [gm] eduardo
[04/06/2011 12:56:00] /goto [gm] eduardo
[04/06/2011 12:56:00] /goto [gm] eduardo
[04/06/2011 12:56:00] /goto [gm] eduardo
[04/06/2011 12:56:01] /goto [gm] eduardo
[04/06/2011 12:56:01] /goto [gm] eduardo
[04/06/2011 12:56:01] /goto [gm] eduardo
[04/06/2011 12:56:01] /goto [gm] eduardo
[04/06/2011 12:56:01] /goto [gm] eduardo
[04/06/2011 12:56:01] /goto [gm] eduardo
[04/06/2011 12:56:01] /goto [gm] eduardo
[04/06/2011 12:56:01] /goto [gm] eduardo
[04/06/2011 12:56:01] /goto [gm] eduardo
[04/06/2011 12:56:01] /goto [gm] eduardo
[04/06/2011 12:56:01] /goto [gm] eduardo
[04/06/2011 12:56:01] /goto [gm] eduardo
[04/06/2011 12:56:01] /goto [gm] eduardo
[04/06/2011 12:56:01] /goto [gm] eduardo
[04/06/2011 12:56:01] /goto [gm] eduardo
[04/06/2011 12:56:01] /goto [gm] eduardo
[04/06/2011 12:56:01] /goto [gm] eduardo
[04/06/2011 12:56:01] /goto [gm] eduardo
[04/06/2011 12:56:01] /goto [gm] eduardo
[04/06/2011 12:56:01] /goto [gm] eduardo
[04/06/2011 12:56:01] /goto [gm] eduardo
[04/06/2011 12:56:01] /goto [gm] eduardo
[04/06/2011 12:56:01] /goto [gm] eduardo
[04/06/2011 12:56:01] /goto [gm] eduardo
[04/06/2011 12:56:01] /goto [gm] eduardo
[04/06/2011 12:56:01] /goto [gm] eduardo
[04/06/2011 12:56:01] /goto [gm] eduardo
[04/06/2011 12:56:01] /goto [gm] eduardo
[04/06/2011 12:56:01] /goto [gm] eduardo
[04/06/2011 12:56:02] /goto [gm] eduardo
[04/06/2011 12:56:02] /goto [gm] eduardo
[04/06/2011 12:56:02] /goto [gm] eduardo
[04/06/2011 12:56:02] /goto [gm] eduardo
[04/06/2011 12:56:02] /goto [gm] eduardo
[04/06/2011 12:56:02] /goto [gm] eduardo
[04/06/2011 12:56:02] /goto [gm] eduardo
[04/06/2011 12:56:02] /goto [gm] eduardo
[04/06/2011 12:56:02] /goto [gm] eduardo
[04/06/2011 12:56:02] /goto [gm] eduardo
[04/06/2011 12:56:02] /goto [gm] eduardo
[04/06/2011 12:56:02] /goto [gm] eduardo
[04/06/2011 12:56:02] /goto [gm] eduardo
[04/06/2011 12:56:02] /goto [gm] eduardo
[04/06/2011 12:56:02] /goto [gm] eduardo
[04/06/2011 12:56:02] /goto [gm] eduardo
[04/06/2011 12:56:02] /goto [gm] eduardo
[04/06/2011 12:56:02] /goto [gm] eduardo
[04/06/2011 12:56:02] /goto [gm] eduardo
[04/06/2011 12:56:02] /goto [gm] eduardo
[04/06/2011 12:56:02] /goto [gm] eduardo
[04/06/2011 12:56:02] /goto [gm] eduardo
[04/06/2011 12:56:02] /goto [gm] eduardo
[04/06/2011 12:56:02] /goto [gm] eduardo
[04/06/2011 12:56:02] /goto [gm] eduardo
[04/06/2011 12:56:02] /goto [gm] eduardo
[04/06/2011 12:56:02] /goto [gm] eduardo
[04/06/2011 12:56:02] /goto [gm] eduardo
[04/06/2011 12:56:02] /goto [gm] eduardo
[04/06/2011 12:56:02] /goto [gm] eduardo
[04/06/2011 12:56:03] /goto [gm] eduardo
[04/06/2011 12:56:03] /goto [gm] eduardo
[04/06/2011 12:56:03] /goto [gm] eduardo
[04/06/2011 12:56:03] /goto [gm] eduardo
[04/06/2011 12:56:03] /goto [gm] eduardo
[04/06/2011 12:56:03] /goto [gm] eduardo
[04/06/2011 12:56:03] /goto [gm] eduardo
[04/06/2011 12:56:03] /goto [gm] eduardo
[04/06/2011 12:56:03] /goto [gm] eduardo
[04/06/2011 12:56:03] /goto [gm] eduardo
[04/06/2011 12:56:03] /goto [gm] eduardo
[04/06/2011 12:56:03] /goto [gm] eduardo
[04/06/2011 12:56:03] /goto [gm] eduardo
[04/06/2011 12:56:03] /goto [gm] eduardo
[04/06/2011 12:56:03] /goto [gm] eduardo
[04/06/2011 12:56:03] /goto [gm] eduardo
[04/06/2011 12:56:03] /goto [gm] eduardo
[04/06/2011 12:56:03] /goto [gm] eduardo
[04/06/2011 12:56:03] /goto [gm] eduardo
[04/06/2011 12:56:03] /goto [gm] eduardo
[04/06/2011 12:56:03] /goto [gm] eduardo
[04/06/2011 12:56:03] /goto [gm] eduardo
[04/06/2011 12:56:03] /goto [gm] eduardo
[04/06/2011 12:56:03] /goto [gm] eduardo
[04/06/2011 12:56:03] /goto [gm] eduardo
[04/06/2011 12:56:03] /goto [gm] eduardo
[04/06/2011 12:56:04] /goto [gm] eduardo
[04/06/2011 12:56:04] /goto [gm] eduardo
[04/06/2011 12:56:04] /goto [gm] eduardo
[04/06/2011 12:56:04] /goto [gm] eduardo
[04/06/2011 12:56:04] /goto [gm] eduardo
[04/06/2011 12:56:04] /goto [gm] eduardo
[04/06/2011 12:56:04] /goto [gm] eduardo
[04/06/2011 12:56:04] /goto [gm] eduardo
[04/06/2011 12:56:04] /goto [gm] eduardo
[04/06/2011 12:56:04] /goto [gm] eduardo
[04/06/2011 12:56:04] /goto [gm] eduardo
[04/06/2011 12:56:04] /goto [gm] eduardo
[04/06/2011 12:56:04] /goto [gm] eduardo
[04/06/2011 12:56:04] /goto [gm] eduardo
[04/06/2011 12:56:04] /goto [gm] eduardo
[04/06/2011 12:56:04] /goto [gm] eduardo
[04/06/2011 12:56:04] /goto [gm] eduardo
[04/06/2011 12:56:04] /goto [gm] eduardo
[04/06/2011 12:56:04] /goto [gm] eduardo
[04/06/2011 12:56:04] /goto [gm] eduardo
[04/06/2011 12:56:04] /goto [gm] eduardo
[04/06/2011 12:56:04] /goto [gm] eduardo
[04/06/2011 12:56:04] /goto [gm] eduardo
[04/06/2011 12:56:04] /goto [gm] eduardo
[04/06/2011 12:56:04] /goto [gm] eduardo
[04/06/2011 12:56:04] /goto [gm] eduardo
[04/06/2011 12:56:04] /goto [gm] eduardo
[04/06/2011 12:56:05] /goto [gm] eduardo
[04/06/2011 12:56:05] /goto [gm] eduardo
[04/06/2011 12:56:05] /goto [gm] eduardo
[04/06/2011 12:56:05] /goto [gm] eduardo
[04/06/2011 12:56:05] /goto [gm] eduardo
[04/06/2011 12:56:05] /goto [gm] eduardo
[04/06/2011 12:56:05] /goto [gm] eduardo
[04/06/2011 12:56:05] /goto [gm] eduardo
[04/06/2011 12:56:05] /goto [gm] eduardo
[04/06/2011 12:56:05] /goto [gm] eduardo
[04/06/2011 12:56:05] /goto [gm] eduardo
[04/06/2011 12:56:05] /goto [gm] eduardo
[04/06/2011 12:56:05] /goto [gm] eduardo
[04/06/2011 12:56:05] /goto [gm] eduardo
[04/06/2011 12:56:05] /goto [gm] eduardo
[04/06/2011 12:56:05] /goto [gm] eduardo
[04/06/2011 12:56:05] /goto [gm] eduardo
[04/06/2011 12:56:05] /goto [gm] eduardo
[04/06/2011 12:56:05] /goto [gm] eduardo
[04/06/2011 12:56:05] /goto [gm] eduardo
[04/06/2011 12:56:05] /goto [gm] eduardo
[04/06/2011 12:56:05] /goto [gm] eduardo
[04/06/2011 12:56:05] /goto [gm] eduardo
[04/06/2011 12:56:05] /goto [gm] eduardo
[04/06/2011 12:56:05] /goto [gm] eduardo
[04/06/2011 12:56:05] /goto [gm] eduardo
[04/06/2011 12:56:05] /goto [gm] eduardo
[04/06/2011 12:56:06] /goto [gm] eduardo
[04/06/2011 12:56:06] /goto [gm] eduardo
[04/06/2011 12:56:06] /goto [gm] eduardo
[04/06/2011 12:56:06] /goto [gm] eduardo
[04/06/2011 12:56:06] /goto [gm] eduardo
[04/06/2011 12:56:06] /goto [gm] eduardo
[04/06/2011 12:56:06] /goto [gm] eduardo
[04/06/2011 12:56:06] /goto [gm] eduardo
[04/06/2011 12:56:06] /goto [gm] eduardo
[04/06/2011 12:56:06] /goto [gm] eduardo
[04/06/2011 12:56:06] /goto [gm] eduardo
[04/06/2011 12:56:06] /goto [gm] eduardo
[04/06/2011 12:56:06] /goto [gm] eduardo
[04/06/2011 12:56:06] /goto [gm] eduardo
[04/06/2011 12:56:06] /goto [gm] eduardo
[04/06/2011 12:56:06] /goto [gm] eduardo
[04/06/2011 12:56:06] /goto [gm] eduardo
[04/06/2011 12:56:06] /goto [gm] eduardo
[04/06/2011 12:56:06] /goto [gm] eduardo
[04/06/2011 12:56:06] /goto [gm] eduardo
[04/06/2011 12:56:06] /goto [gm] eduardo
[04/06/2011 12:56:06] /goto [gm] eduardo
[04/06/2011 12:56:06] /goto [gm] eduardo
[04/06/2011 12:56:06] /goto [gm] eduardo
[04/06/2011 12:56:06] /goto [gm] eduardo
[04/06/2011 12:56:06] /goto [gm] eduardo
[04/06/2011 12:56:06] /goto [gm] eduardo
[04/06/2011 12:56:06] /goto [gm] eduardo
[04/06/2011 12:56:07] /goto [gm] eduardo
[04/06/2011 12:56:07] /goto [gm] eduardo
[04/06/2011 12:56:07] /goto [gm] eduardo
[04/06/2011 12:56:07] /goto [gm] eduardo
[04/06/2011 12:56:07] /goto [gm] eduardo
[04/06/2011 12:56:07] /goto [gm] eduardo
[04/06/2011 12:56:07] /goto [gm] eduardo
[04/06/2011 12:56:07] /goto [gm] eduardo
[04/06/2011 12:56:07] /goto [gm] eduardo
[04/06/2011 12:56:07] /goto [gm] eduardo
[04/06/2011 12:56:07] /goto [gm] eduardo
[04/06/2011 12:56:07] /goto [gm] eduardo
[04/06/2011 12:56:07] /goto [gm] eduardo
[04/06/2011 12:56:07] /goto [gm] eduardo
[04/06/2011 12:56:07] /goto [gm] eduardo
[04/06/2011 12:56:07] /goto [gm] eduardo
[04/06/2011 12:56:07] /goto [gm] eduardo
[04/06/2011 12:56:07] /goto [gm] eduardo
[04/06/2011 12:56:07] /goto [gm] eduardo
[04/06/2011 12:56:07] /goto [gm] eduardo
[04/06/2011 12:56:07] /goto [gm] eduardo
[04/06/2011 12:56:07] /goto [gm] eduardo
[04/06/2011 12:56:07] /goto [gm] eduardo
[04/06/2011 12:56:07] /goto [gm] eduardo
[04/06/2011 12:56:07] /goto [gm] eduardo
[04/06/2011 12:56:07] /goto [gm] eduardo
[04/06/2011 12:56:07] /goto [gm] eduardo
[04/06/2011 12:56:07] /goto [gm] eduardo
[04/06/2011 12:56:07] /goto [gm] eduardo
[04/06/2011 12:56:08] /goto [gm] eduardo
[04/06/2011 12:56:08] /goto [gm] eduardo
[04/06/2011 12:56:08] /goto [gm] eduardo
[04/06/2011 12:56:08] /goto [gm] eduardo
[04/06/2011 12:56:08] /goto [gm] eduardo
[04/06/2011 12:56:08] /goto [gm] eduardo
[04/06/2011 12:56:08] /goto [gm] eduardo
[04/06/2011 12:56:08] /goto [gm] eduardo
[04/06/2011 12:56:08] /goto [gm] eduardo
[04/06/2011 12:56:08] /goto [gm] eduardo
[04/06/2011 12:56:08] /goto [gm] eduardo
[04/06/2011 12:56:08] /goto [gm] eduardo
[04/06/2011 12:56:08] /goto [gm] eduardo
[04/06/2011 12:56:08] /goto [gm] eduardo
[04/06/2011 12:56:08] /goto [gm] eduardo
[04/06/2011 12:56:08] /goto [gm] eduardo
[04/06/2011 12:56:08] /goto [gm] eduardo
[04/06/2011 12:56:08] /goto [gm] eduardo
[04/06/2011 12:56:08] /goto [gm] eduardo
[04/06/2011 12:56:08] /goto [gm] eduardo
[04/06/2011 12:56:08] /goto [gm] eduardo
[04/06/2011 12:56:08] /goto [gm] eduardo
[04/06/2011 12:56:08] /goto [gm] eduardo
[04/06/2011 12:56:08] /goto [gm] eduardo
[04/06/2011 12:56:08] /goto [gm] eduardo
[04/06/2011 12:56:08] /goto [gm] eduardo
[04/06/2011 12:56:08] /goto [gm] eduardo
[04/06/2011 12:56:08] /goto [gm] eduardo
[04/06/2011 12:56:08] /goto [gm] eduardo
[04/06/2011 12:56:08] /goto [gm] eduardo
[04/06/2011 12:56:09] /goto [gm] eduardo
[04/06/2011 12:56:09] /goto [gm] eduardo
[04/06/2011 12:56:09] /goto [gm] eduardo
[04/06/2011 12:56:09] /goto [gm] eduardo
[04/06/2011 12:56:09] /goto [gm] eduardo
[04/06/2011 12:56:09] /goto [gm] eduardo
[04/06/2011 12:56:09] /goto [gm] eduardo
[04/06/2011 12:56:09] /goto [gm] eduardo
[04/06/2011 12:56:09] /goto [gm] eduardo
[04/06/2011 12:56:09] /goto [gm] eduardo
[04/06/2011 12:56:09] /goto [gm] eduardo
[04/06/2011 12:56:09] /goto [gm] eduardo
[04/06/2011 12:56:09] /goto [gm] eduardo
[04/06/2011 12:56:09] /goto [gm] eduardo
[04/06/2011 12:56:09] /goto [gm] eduardo
[04/06/2011 12:56:09] /goto [gm] eduardo
[04/06/2011 12:56:09] /goto [gm] eduardo
[04/06/2011 12:56:09] /goto [gm] eduardo
[04/06/2011 12:56:09] /goto [gm] eduardo
[04/06/2011 12:56:09] /goto [gm] eduardo
[04/06/2011 12:56:09] /goto [gm] eduardo
[04/06/2011 12:56:09] /goto [gm] eduardo
[04/06/2011 12:56:09] /goto [gm] eduardo
[04/06/2011 12:56:09] /goto [gm] eduardo
[04/06/2011 12:56:09] /goto [gm] eduardo
[04/06/2011 12:56:09] /goto [gm] eduardo
[04/06/2011 12:56:09] /goto [gm] eduardo
[04/06/2011 12:56:09] /goto [gm] eduardo
[04/06/2011 12:56:09] /goto [gm] eduardo
[04/06/2011 12:56:09] /goto [gm] eduardo
[04/06/2011 12:56:10] /goto [gm] eduardo
[04/06/2011 12:56:10] /goto [gm] eduardo
[04/06/2011 12:56:10] /goto [gm] eduardo
[04/06/2011 12:56:10] /goto [gm] eduardo
[04/06/2011 12:56:10] /goto [gm] eduardo
[04/06/2011 12:56:10] /goto [gm] eduardo
[04/06/2011 12:56:10] /goto [gm] eduardo
[04/06/2011 12:56:10] /goto [gm] eduardo
[04/06/2011 12:56:10] /goto [gm] eduardo
[04/06/2011 12:56:10] /goto [gm] eduardo
[04/06/2011 12:56:10] /goto [gm] eduardo
[04/06/2011 12:56:10] /goto [gm] eduardo
[04/06/2011 12:56:10] /goto [gm] eduardo
[04/06/2011 12:56:10] /goto [gm] eduardo
[04/06/2011 12:56:10] /goto [gm] eduardo
[04/06/2011 12:56:10] /goto [gm] eduardo
[04/06/2011 12:56:10] /goto [gm] eduardo
[04/06/2011 12:56:10] /goto [gm] eduardo
[04/06/2011 12:56:10] /goto [gm] eduardo
[04/06/2011 12:56:10] /goto [gm] eduardo
[04/06/2011 12:56:10] /goto [gm] eduardo
[04/06/2011 12:56:10] /goto [gm] eduardo
[04/06/2011 12:56:10] /goto [gm] eduardo
[04/06/2011 12:56:10] /goto [gm] eduardo
[04/06/2011 12:56:10] /goto [gm] eduardo
[04/06/2011 12:56:10] /goto [gm] eduardo
[04/06/2011 12:56:10] /goto [gm] eduardo
[04/06/2011 12:56:10] /goto [gm] eduardo
[04/06/2011 12:56:10] /goto [gm] eduardo
[04/06/2011 12:56:10] /goto [gm] eduardo
[04/06/2011 12:56:11] /goto [gm] eduardo
[04/06/2011 12:56:11] /goto [gm] eduardo
[04/06/2011 12:56:11] /goto [gm] eduardo
[04/06/2011 12:56:11] /goto [gm] eduardo
[04/06/2011 12:56:11] /goto [gm] eduardo
[04/06/2011 12:56:11] /goto [gm] eduardo
[04/06/2011 12:56:11] /goto [gm] eduardo
[04/06/2011 12:56:11] /goto [gm] eduardo
[04/06/2011 12:56:11] /goto [gm] eduardo
[04/06/2011 12:56:11] /goto [gm] eduardo
[04/06/2011 12:56:11] /goto [gm] eduardo
[04/06/2011 12:56:11] /goto [gm] eduardo
[04/06/2011 12:56:11] /goto [gm] eduardo
[04/06/2011 12:56:11] /goto [gm] eduardo
[04/06/2011 12:56:11] /goto [gm] eduardo
[04/06/2011 12:56:11] /goto [gm] eduardo
[04/06/2011 12:56:11] /goto [gm] eduardo
[04/06/2011 12:56:11] /goto [gm] eduardo
[04/06/2011 12:56:11] /goto [gm] eduardo
[04/06/2011 12:56:11] /goto [gm] eduardo
[04/06/2011 12:56:11] /goto [gm] eduardo
[04/06/2011 12:56:11] /goto [gm] eduardo
[04/06/2011 12:56:11] /goto [gm] eduardo
[04/06/2011 12:56:11] /goto [gm] eduardo
[04/06/2011 12:56:12] /goto [gm] eduardo
[04/06/2011 12:56:12] /goto [gm] eduardo
[04/06/2011 12:56:12] /goto [gm] eduardo
[04/06/2011 12:56:12] /goto [gm] eduardo
[04/06/2011 12:56:12] /goto [gm] eduardo
[04/06/2011 12:56:12] /goto [gm] eduardo
[04/06/2011 12:56:12] /goto [gm] eduardo
[04/06/2011 12:56:12] /goto [gm] eduardo
[04/06/2011 12:56:12] /goto [gm] eduardo
[04/06/2011 12:56:12] /goto [gm] eduardo
[04/06/2011 12:56:12] /goto [gm] eduardo
[04/06/2011 12:56:12] /goto [gm] eduardo
[04/06/2011 12:56:12] /goto [gm] eduardo
[04/06/2011 12:56:12] /goto [gm] eduardo
[04/06/2011 12:56:12] /goto [gm] eduardo
[04/06/2011 12:56:12] /goto [gm] eduardo
[04/06/2011 12:56:12] /goto [gm] eduardo
[04/06/2011 12:56:12] /goto [gm] eduardo
[04/06/2011 12:56:12] /goto [gm] eduardo
[04/06/2011 12:56:12] /goto [gm] eduardo
[04/06/2011 12:56:12] /goto [gm] eduardo
[04/06/2011 12:56:12] /goto [gm] eduardo
[04/06/2011 12:56:12] /goto [gm] eduardo
[04/06/2011 12:56:12] /goto [gm] eduardo
[04/06/2011 12:56:12] /goto [gm] eduardo
[04/06/2011 12:56:12] /goto [gm] eduardo
[04/06/2011 12:56:12] /goto [gm] eduardo
[04/06/2011 12:56:12] /goto [gm] eduardo
[04/06/2011 12:56:12] /goto [gm] eduardo
[04/06/2011 12:56:13] /goto [gm] eduardo
[04/06/2011 12:56:13] /goto [gm] eduardo
[04/06/2011 12:56:13] /goto [gm] eduardo
[04/06/2011 12:56:13] /goto [gm] eduardo
[04/06/2011 12:56:13] /goto [gm] eduardo
[04/06/2011 12:56:13] /goto [gm] eduardo
[04/06/2011 12:56:13] /goto [gm] eduardo
[04/06/2011 12:56:21] /goto [gm] eduardo
[04/06/2011 12:56:22] /goto [gm] eduardo
[04/06/2011 12:56:22] /goto [gm] eduardo
[04/06/2011 12:56:22] /goto [gm] eduardo
[04/06/2011 12:56:22] /goto [gm] eduardo
[04/06/2011 12:56:22] /goto [gm] eduardo
[04/06/2011 12:56:22] /goto [gm] eduardo
[04/06/2011 12:56:22] /goto [gm] eduardo
[04/06/2011 12:56:22] /goto [gm] eduardo
[04/06/2011 12:56:22] /goto [gm] eduardo
[04/06/2011 12:56:22] /goto [gm] eduardo
[04/06/2011 12:56:22] /goto [gm] eduardo
[04/06/2011 12:56:22] /goto [gm] eduardo
[04/06/2011 12:56:22] /goto [gm] eduardo
[04/06/2011 12:56:22] /goto [gm] eduardo
[04/06/2011 12:56:22] /goto [gm] eduardo
[04/06/2011 12:56:22] /goto [gm] eduardo
[04/06/2011 12:56:22] /goto [gm] eduardo
[04/06/2011 12:56:22] /goto [gm] eduardo
[04/06/2011 12:56:22] /goto [gm] eduardo
[04/06/2011 12:56:22] /goto [gm] eduardo
[04/06/2011 12:56:22] /goto [gm] eduardo
[04/06/2011 12:56:22] /goto [gm] eduardo
[04/06/2011 12:56:22] /goto [gm] eduardo
[04/06/2011 12:56:22] /goto [gm] eduardo
[04/06/2011 12:56:22] /goto [gm] eduardo
[04/06/2011 12:56:22] /goto [gm] eduardo
[04/06/2011 12:56:23] /goto [gm] eduardo
[04/06/2011 12:56:23] /goto [gm] eduardo
[04/06/2011 12:56:23] /goto [gm] eduardo
[04/06/2011 12:56:23] /goto [gm] eduardo
[04/06/2011 12:56:23] /goto [gm] eduardo
[04/06/2011 12:56:23] /goto [gm] eduardo
[04/06/2011 12:56:23] /goto [gm] eduardo
[04/06/2011 12:56:23] /goto [gm] eduardo
[04/06/2011 12:56:23] /goto [gm] eduardo
[04/06/2011 12:56:23] /goto [gm] eduardo
[04/06/2011 12:56:23] /goto [gm] eduardo
[04/06/2011 12:56:23] /goto [gm] eduardo
[04/06/2011 12:56:23] /goto [gm] eduardo
[04/06/2011 12:56:23] /goto [gm] eduardo
[04/06/2011 12:56:23] /goto [gm] eduardo
[04/06/2011 12:56:23] /goto [gm] eduardo
[04/06/2011 12:56:23] /goto [gm] eduardo
[04/06/2011 12:56:23] /goto [gm] eduardo
[04/06/2011 12:56:23] /goto [gm] eduardo
[04/06/2011 12:56:23] /goto [gm] eduardo
[04/06/2011 12:56:23] /goto [gm] eduardo
[04/06/2011 12:56:23] /goto [gm] eduardo
[04/06/2011 12:56:23] /goto [gm] eduardo
[04/06/2011 12:56:23] /goto [gm] eduardo
[04/06/2011 12:56:23] /goto [gm] eduardo
[04/06/2011 12:56:23] /goto [gm] eduardo
[04/06/2011 12:56:24] /goto [gm] eduardo
[04/06/2011 12:56:24] /goto [gm] eduardo
[04/06/2011 12:56:24] /goto [gm] eduardo
[04/06/2011 12:56:24] /goto [gm] eduardo
[04/06/2011 12:56:24] /goto [gm] eduardo
[04/06/2011 12:56:24] /goto [gm] eduardo
[04/06/2011 12:56:24] /goto [gm] eduardo
[04/06/2011 12:56:24] /goto [gm] eduardo
[04/06/2011 12:56:24] /goto [gm] eduardo
[04/06/2011 12:56:24] /goto [gm] eduardo
[04/06/2011 12:56:24] /goto [gm] eduardo
[04/06/2011 12:56:24] /goto [gm] eduardo
[04/06/2011 12:56:24] /goto [gm] eduardo
[04/06/2011 12:56:24] /goto [gm] eduardo
[04/06/2011 12:56:24] /goto [gm] eduardo
[04/06/2011 12:56:24] /goto [gm] eduardo
[04/06/2011 12:56:24] /goto [gm] eduardo
[04/06/2011 12:56:24] /goto [gm] eduardo
[04/06/2011 12:56:24] /goto [gm] eduardo
[04/06/2011 12:56:24] /goto [gm] eduardo
[04/06/2011 12:56:24] /goto [gm] eduardo
[04/06/2011 12:56:24] /goto [gm] eduardo
[04/06/2011 12:56:24] /goto [gm] eduardo
[04/06/2011 12:56:24] /goto [gm] eduardo
[04/06/2011 12:56:24] /goto [gm] eduardo
[04/06/2011 12:56:24] /goto [gm] eduardo
[04/06/2011 12:56:25] /goto [gm] eduardo
[04/06/2011 12:56:25] /goto [gm] eduardo
[04/06/2011 12:56:25] /goto [gm] eduardo
[04/06/2011 12:56:25] /goto [gm] eduardo
[04/06/2011 12:56:25] /goto [gm] eduardo
[04/06/2011 12:56:25] /goto [gm] eduardo
[04/06/2011 12:56:25] /goto [gm] eduardo
[04/06/2011 12:56:25] /goto [gm] eduardo
[04/06/2011 12:56:25] /goto [gm] eduardo
[04/06/2011 12:56:25] /goto [gm] eduardo
[04/06/2011 12:56:25] /goto [gm] eduardo
[04/06/2011 12:56:25] /goto [gm] eduardo
[04/06/2011 12:56:25] /goto [gm] eduardo
[04/06/2011 12:56:25] /goto [gm] eduardo
[04/06/2011 12:56:25] /goto [gm] eduardo
[04/06/2011 12:56:25] /goto [gm] eduardo
[04/06/2011 12:56:25] /goto [gm] eduardo
[04/06/2011 12:56:25] /goto [gm] eduardo
[04/06/2011 12:56:25] /goto [gm] eduardo
[04/06/2011 12:56:25] /goto [gm] eduardo
[04/06/2011 12:56:25] /goto [gm] eduardo
[04/06/2011 12:56:25] /goto [gm] eduardo
[04/06/2011 12:56:26] /goto [gm] eduardo
[04/06/2011 12:56:26] /goto [gm] eduardo
[04/06/2011 12:56:26] /goto [gm] eduardo
[04/06/2011 12:56:26] /goto [gm] eduardo
[04/06/2011 12:56:26] /goto [gm] eduardo
[04/06/2011 12:56:26] /goto [gm] eduardo
[04/06/2011 12:56:26] /goto [gm] eduardo
[04/06/2011 12:56:26] /goto [gm] eduardo
[04/06/2011 12:56:26] /goto [gm] eduardo
[04/06/2011 12:56:26] /goto [gm] eduardo
[04/06/2011 12:56:26] /goto [gm] eduardo
[04/06/2011 12:56:26] /goto [gm] eduardo
[04/06/2011 12:56:26] /goto [gm] eduardo
[04/06/2011 12:56:26] /goto [gm] eduardo
[04/06/2011 12:56:26] /goto [gm] eduardo
[04/06/2011 12:56:26] /goto [gm] eduardo
[04/06/2011 12:56:26] /goto [gm] eduardo
[04/06/2011 12:56:26] /goto [gm] eduardo
[04/06/2011 12:56:26] /goto [gm] eduardo
[04/06/2011 12:56:26] /goto [gm] eduardo
[04/06/2011 12:56:26] /goto [gm] eduardo
[04/06/2011 12:56:26] /goto [gm] eduardo
[04/06/2011 12:56:26] /goto [gm] eduardo
[04/06/2011 12:56:26] /goto [gm] eduardo
[04/06/2011 12:56:26] /goto [gm] eduardo
[04/06/2011 12:56:26] /goto [gm] eduardo
[04/06/2011 12:56:26] /goto [gm] eduardo
[04/06/2011 12:56:26] /goto [gm] eduardo
[04/06/2011 12:56:26] /goto [gm] eduardo
[04/06/2011 12:56:26] /goto [gm] eduardo
[04/06/2011 12:56:27] /goto [gm] eduardo
[04/06/2011 12:56:27] /goto [gm] eduardo
[04/06/2011 12:56:27] /goto [gm] eduardo
[04/06/2011 12:56:27] /goto [gm] eduardo
[04/06/2011 12:56:27] /goto [gm] eduardo
[04/06/2011 12:56:27] /goto [gm] eduardo
[04/06/2011 12:56:27] /goto [gm] eduardo
[04/06/2011 12:56:27] /goto [gm] eduardo
[04/06/2011 12:56:27] /goto [gm] eduardo
[04/06/2011 12:56:27] /goto [gm] eduardo
[04/06/2011 12:56:27] /goto [gm] eduardo
[04/06/2011 12:56:27] /goto [gm] eduardo
[04/06/2011 12:56:27] /goto [gm] eduardo
[04/06/2011 12:56:27] /goto [gm] eduardo
[04/06/2011 12:56:27] /goto [gm] eduardo
[04/06/2011 12:56:27] /goto [gm] eduardo
[04/06/2011 12:56:27] /goto [gm] eduardo
[04/06/2011 12:56:27] /goto [gm] eduardo
[04/06/2011 12:56:27] /goto [gm] eduardo
[04/06/2011 12:56:27] /goto [gm] eduardo
[04/06/2011 12:56:27] /goto [gm] eduardo
[04/06/2011 12:56:27] /goto [gm] eduardo
[04/06/2011 12:56:27] /goto [gm] eduardo
[04/06/2011 12:56:27] /goto [gm] eduardo
[04/06/2011 12:56:27] /goto [gm] eduardo
[04/06/2011 12:56:28] /goto [gm] eduardo
[04/06/2011 12:56:28] /goto [gm] eduardo
[04/06/2011 12:56:28] /goto [gm] eduardo
[04/06/2011 12:56:28] /goto [gm] eduardo
[04/06/2011 12:56:28] /goto [gm] eduardo
[04/06/2011 12:56:28] /goto [gm] eduardo
[04/06/2011 12:56:28] /goto [gm] eduardo
[04/06/2011 12:56:28] /goto [gm] eduardo
[04/06/2011 12:56:28] /goto [gm] eduardo
[04/06/2011 12:56:28] /goto [gm] eduardo
[04/06/2011 12:56:28] /goto [gm] eduardo
[04/06/2011 12:56:28] /goto [gm] eduardo
[04/06/2011 12:56:28] /goto [gm] eduardo
[04/06/2011 12:56:28] /goto [gm] eduardo
[04/06/2011 12:56:28] /goto [gm] eduardo
[04/06/2011 12:56:28] /goto [gm] eduardo
[04/06/2011 12:56:28] /goto [gm] eduardo
[04/06/2011 12:56:28] /goto [gm] eduardo
[04/06/2011 12:56:28] /goto [gm] eduardo
[04/06/2011 12:56:28] /goto [gm] eduardo
[04/06/2011 12:56:28] /goto [gm] eduardo
[04/06/2011 12:56:28] /goto [gm] eduardo
[04/06/2011 12:56:28] /goto [gm] eduardo
[04/06/2011 12:56:28] /goto [gm] eduardo
[04/06/2011 12:56:28] /goto [gm] eduardo
[04/06/2011 12:56:28] /goto [gm] eduardo
[04/06/2011 12:56:28] /goto [gm] eduardo
[04/06/2011 12:56:29] /goto [gm] eduardo
[04/06/2011 12:56:29] /goto [gm] eduardo
[04/06/2011 12:56:29] /goto [gm] eduardo
[04/06/2011 12:56:29] /goto [gm] eduardo
[04/06/2011 12:56:29] /goto [gm] eduardo
[04/06/2011 12:56:29] /goto [gm] eduardo
[04/06/2011 12:56:29] /goto [gm] eduardo
[04/06/2011 12:56:29] /goto [gm] eduardo
[04/06/2011 12:56:29] /goto [gm] eduardo
[04/06/2011 12:56:29] /goto [gm] eduardo
[04/06/2011 12:56:29] /goto [gm] eduardo
[04/06/2011 12:56:29] /goto [gm] eduardo
[04/06/2011 12:56:29] /goto [gm] eduardo
[04/06/2011 12:56:29] /goto [gm] eduardo
[04/06/2011 12:56:29] /goto [gm] eduardo
[04/06/2011 12:56:29] /goto [gm] eduardo
[04/06/2011 12:56:29] /goto [gm] eduardo
[04/06/2011 12:56:29] /goto [gm] eduardo
[04/06/2011 12:56:29] /goto [gm] eduardo
[04/06/2011 12:56:29] /goto [gm] eduardo
[04/06/2011 12:56:29] /goto [gm] eduardo
[04/06/2011 12:56:29] /goto [gm] eduardo
[04/06/2011 12:56:29] /goto [gm] eduardo
[04/06/2011 12:56:29] /goto [gm] eduardo
[04/06/2011 12:56:29] /goto [gm] eduardo
[04/06/2011 12:56:29] /goto [gm] eduardo
[04/06/2011 12:56:30] /goto [gm] eduardo
[04/06/2011 12:56:30] /goto [gm] eduardo
[04/06/2011 12:56:30] /goto [gm] eduardo
[04/06/2011 12:56:30] /goto [gm] eduardo
[04/06/2011 12:56:30] /goto [gm] eduardo
[04/06/2011 12:56:30] /goto [gm] eduardo
[04/06/2011 12:56:30] /goto [gm] eduardo
[04/06/2011 12:56:30] /goto [gm] eduardo
[04/06/2011 12:56:30] /goto [gm] eduardo
[04/06/2011 12:56:30] /goto [gm] eduardo
[04/06/2011 12:56:30] /goto [gm] eduardo
[04/06/2011 12:56:30] /goto [gm] eduardo
[04/06/2011 12:56:30] /goto [gm] eduardo
[04/06/2011 12:56:30] /goto [gm] eduardo
[04/06/2011 12:56:30] /goto [gm] eduardo
[04/06/2011 12:56:30] /goto [gm] eduardo
[04/06/2011 12:56:30] /goto [gm] eduardo
[04/06/2011 12:56:30] /goto [gm] eduardo
[04/06/2011 12:56:30] /goto [gm] eduardo
[04/06/2011 12:56:30] /goto [gm] eduardo
[04/06/2011 12:56:30] /goto [gm] eduardo
[04/06/2011 12:56:30] /goto [gm] eduardo
[04/06/2011 12:56:30] /goto [gm] eduardo
[04/06/2011 12:56:30] /goto [gm] eduardo
[04/06/2011 12:56:30] /goto [gm] eduardo
[04/06/2011 12:56:30] /goto [gm] eduardo
[04/06/2011 12:56:31] /goto [gm] eduardo
[04/06/2011 12:56:31] /goto [gm] eduardo
[04/06/2011 12:56:31] /goto [gm] eduardo
[04/06/2011 12:56:31] /goto [gm] eduardo
[04/06/2011 12:56:31] /goto [gm] eduardo
[04/06/2011 12:56:31] /goto [gm] eduardo
[04/06/2011 12:56:31] /goto [gm] eduardo
[04/06/2011 12:56:31] /goto [gm] eduardo
[04/06/2011 12:56:31] /goto [gm] eduardo
[04/06/2011 12:56:31] /goto [gm] eduardo
[04/06/2011 12:56:31] /goto [gm] eduardo
[04/06/2011 12:56:31] /goto [gm] eduardo
[04/06/2011 12:56:31] /goto [gm] eduardo
[04/06/2011 12:56:31] /goto [gm] eduardo
[04/06/2011 12:56:31] /goto [gm] eduardo
[04/06/2011 12:56:31] /goto [gm] eduardo
[04/06/2011 12:56:31] /goto [gm] eduardo
[04/06/2011 12:56:31] /goto [gm] eduardo
[04/06/2011 12:56:31] /goto [gm] eduardo
[04/06/2011 12:56:31] /goto [gm] eduardo
[04/06/2011 12:56:31] /goto [gm] eduardo
[04/06/2011 12:56:31] /goto [gm] eduardo
[04/06/2011 12:56:31] /goto [gm] eduardo
[04/06/2011 12:56:31] /goto [gm] eduardo
[04/06/2011 12:56:31] /goto [gm] eduardo
[04/06/2011 12:56:32] /goto [gm] eduardo
[04/06/2011 12:56:32] /goto [gm] eduardo
[04/06/2011 12:56:32] /goto [gm] eduardo
[04/06/2011 12:56:32] /goto [gm] eduardo
[04/06/2011 12:56:32] /goto [gm] eduardo
[04/06/2011 12:56:32] /goto [gm] eduardo
[04/06/2011 12:56:32] /goto [gm] eduardo
[04/06/2011 12:56:32] /goto [gm] eduardo
[04/06/2011 12:56:32] /goto [gm] eduardo
[04/06/2011 12:56:32] /goto [gm] eduardo
[04/06/2011 12:56:32] /goto [gm] eduardo
[04/06/2011 12:56:32] /goto [gm] eduardo
[04/06/2011 12:56:32] /goto [gm] eduardo
[04/06/2011 12:56:32] /goto [gm] eduardo
[04/06/2011 12:56:32] /goto [gm] eduardo
[04/06/2011 12:56:32] /goto [gm] eduardo
[04/06/2011 12:56:32] /goto [gm] eduardo
[04/06/2011 12:56:32] /goto [gm] eduardo
[04/06/2011 12:56:32] /goto [gm] eduardo
[04/06/2011 12:56:32] /goto [gm] eduardo
[04/06/2011 12:56:32] /goto [gm] eduardo
[04/06/2011 12:56:32] /goto [gm] eduardo
[04/06/2011 12:56:32] /goto [gm] eduardo
[04/06/2011 12:56:32] /goto [gm] eduardo
[04/06/2011 12:56:33] /goto [gm] eduardo
[04/06/2011 12:56:33] /goto [gm] eduardo
[04/06/2011 12:56:33] /goto [gm] eduardo
[04/06/2011 12:56:33] /goto [gm] eduardo
[04/06/2011 12:56:33] /goto [gm] eduardo
[04/06/2011 12:56:33] /goto [gm] eduardo
[04/06/2011 12:56:33] /goto [gm] eduardo
[04/06/2011 12:56:33] /goto [gm] eduardo
[04/06/2011 12:56:33] /goto [gm] eduardo
[04/06/2011 12:56:33] /goto [gm] eduardo
[04/06/2011 12:56:33] /goto [gm] eduardo
[04/06/2011 12:56:33] /goto [gm] eduardo
[04/06/2011 12:56:33] /goto [gm] eduardo
[04/06/2011 12:56:33] /goto [gm] eduardo
[04/06/2011 12:56:33] /goto [gm] eduardo
[04/06/2011 12:56:33] /goto [gm] eduardo
[04/06/2011 12:56:33] /goto [gm] eduardo
[04/06/2011 12:56:33] /goto [gm] eduardo
[04/06/2011 12:56:33] /goto [gm] eduardo
[04/06/2011 12:56:33] /goto [gm] eduardo
[04/06/2011 12:56:33] /goto [gm] eduardo
[04/06/2011 12:56:33] /goto [gm] eduardo
[04/06/2011 12:56:33] /goto [gm] eduardo
[04/06/2011 12:56:33] /goto [gm] eduardo
[04/06/2011 12:56:33] /goto [gm] eduardo
[04/06/2011 12:56:33] /goto [gm] eduardo
[04/06/2011 12:56:33] /goto [gm] eduardo
[04/06/2011 12:56:34] /goto [gm] eduardo
[04/06/2011 12:56:34] /goto [gm] eduardo
[04/06/2011 12:56:34] /goto [gm] eduardo
[04/06/2011 12:56:34] /goto [gm] eduardo
[04/06/2011 12:56:34] /goto [gm] eduardo
[04/06/2011 12:56:34] /goto [gm] eduardo
[04/06/2011 12:56:34] /goto [gm] eduardo
[04/06/2011 12:56:34] /goto [gm] eduardo
[04/06/2011 12:56:34] /goto [gm] eduardo
[04/06/2011 12:56:34] /goto [gm] eduardo
[04/06/2011 12:56:34] /goto [gm] eduardo
[04/06/2011 12:56:34] /goto [gm] eduardo
[04/06/2011 12:56:34] /goto [gm] eduardo
[04/06/2011 12:56:34] /goto [gm] eduardo
[04/06/2011 12:56:34] /goto [gm] eduardo
[04/06/2011 12:56:34] /goto [gm] eduardo
[04/06/2011 12:56:34] /goto [gm] eduardo
[04/06/2011 12:56:34] /goto [gm] eduardo
[04/06/2011 12:56:34] /goto [gm] eduardo
[04/06/2011 12:56:34] /goto [gm] eduardo
[04/06/2011 12:56:34] /goto [gm] eduardo
[04/06/2011 12:56:34] /goto [gm] eduardo
[04/06/2011 12:56:34] /goto [gm] eduardo
[04/06/2011 12:56:34] /goto [gm] eduardo
[04/06/2011 12:56:34] /goto [gm] eduardo
[04/06/2011 12:56:35] /goto [gm] eduardo
[04/06/2011 12:56:35] /goto [gm] eduardo
[04/06/2011 12:56:35] /goto [gm] eduardo
[04/06/2011 12:56:35] /goto [gm] eduardo
[04/06/2011 12:56:35] /goto [gm] eduardo
[04/06/2011 12:56:35] /goto [gm] eduardo
[04/06/2011 12:56:35] /goto [gm] eduardo
[04/06/2011 12:56:35] /goto [gm] eduardo
[04/06/2011 12:56:35] /goto [gm] eduardo
[04/06/2011 12:56:35] /goto [gm] eduardo
[04/06/2011 12:56:35] /goto [gm] eduardo
[04/06/2011 12:56:35] /goto [gm] eduardo
[04/06/2011 12:56:35] /goto [gm] eduardo
[04/06/2011 12:56:35] /goto [gm] eduardo
[04/06/2011 12:56:35] /goto [gm] eduardo
[04/06/2011 12:56:35] /goto [gm] eduardo
[04/06/2011 12:56:35] /goto [gm] eduardo
[04/06/2011 12:56:35] /goto [gm] eduardo
[04/06/2011 12:56:35] /goto [gm] eduardo
[04/06/2011 12:56:35] /goto [gm] eduardo
[04/06/2011 12:56:35] /goto [gm] eduardo
[04/06/2011 12:56:35] /goto [gm] eduardo
[04/06/2011 12:56:35] /goto [gm] eduardo
[04/06/2011 12:56:35] /goto [gm] eduardo
[04/06/2011 12:56:35] /goto [gm] eduardo
[04/06/2011 12:56:35] /goto [gm] eduardo
[04/06/2011 12:56:35] /goto [gm] eduardo
[04/06/2011 12:56:35] /goto [gm] eduardo
[04/06/2011 12:56:36] /goto [gm] eduardo
[04/06/2011 12:56:36] /goto [gm] eduardo
[04/06/2011 12:56:36] /goto [gm] eduardo
[04/06/2011 12:56:36] /goto [gm] eduardo
[04/06/2011 12:56:36] /goto [gm] eduardo
[04/06/2011 12:56:36] /goto [gm] eduardo
[04/06/2011 12:56:36] /goto [gm] eduardo
[04/06/2011 12:56:37] /t
[04/06/2011 12:56:45] /mc
[04/06/2011 12:57:06] /goto kina loko
[04/06/2011 12:57:17] /goto lokko
[04/06/2011 12:57:25] /goto lokko
[04/06/2011 12:57:27] /goto kina loko
[04/06/2011 12:57:29] /mc
[04/06/2011 12:57:30] /t
[04/06/2011 12:57:43] /c [GM] EDUARDO
[04/06/2011 12:57:52] /r
[04/06/2011 12:58:02] /goto [GM] EDUARDo
[04/06/2011 12:58:58] /i 8905
[04/06/2011 13:00:13] /bc orange; UHASUHSAHUSA
[04/06/2011 13:00:21] /r
[04/06/2011 13:00:50] /mc
[04/06/2011 13:01:23] /save
[04/06/2011 13:01:28] /reload globalevents
[04/06/2011 13:02:05] /c mestre magos  
[04/06/2011 13:02:07] /c mestre magos 
[04/06/2011 13:02:11] /c mestre magos
[04/06/2011 13:02:53] /save
[04/06/2011 13:02:59] /reload globalevents
[04/06/2011 13:03:21] /reload globalevents
[04/06/2011 13:03:37] /reload globalevents
[04/06/2011 13:04:09] /reload globanevents
[04/06/2011 13:04:14] /reload globalevents
[04/06/2011 13:14:30] /goto mestre magos
[04/06/2011 13:15:48] /t
[04/06/2011 13:20:43] /i 2284
[04/06/2011 13:21:17] /c Mizimiz
[04/06/2011 13:21:19] /c Mizimiz
[04/06/2011 13:21:25] /c Mizimiz
[04/06/2011 13:21:37] /i 10029
[04/06/2011 13:22:57] /i 10029
[04/06/2011 13:24:10] /i 10029
[04/06/2011 13:25:19] /owner Mizimiz
[04/06/2011 13:25:26] /t
[04/06/2011 13:25:36] /mc
[04/06/2011 13:31:06] /save
[04/06/2011 13:31:14] /reload spells
[04/06/2011 13:32:25] /B Manos
[04/06/2011 13:34:39] /mc
[04/06/2011 13:34:58] /save
[04/06/2011 13:35:03] /reload spells
[04/06/2011 13:35:09] /reload items
[04/06/2011 13:36:38] /i 2264
[04/06/2011 13:36:44] /i 2263
[04/06/2011 13:37:08] /m ice lord
[04/06/2011 13:37:17] /r
[04/06/2011 13:37:19] /t
[04/06/2011 13:37:26] /goto mestre magos
[04/06/2011 13:38:08] /mc
[04/06/2011 13:39:41] /t
[04/06/2011 13:39:46] /r
[04/06/2011 13:39:50] /r
[04/06/2011 13:40:07] /r
[04/06/2011 13:40:47] /r
[04/06/2011 13:42:04] /r
[04/06/2011 13:42:05] /r
[04/06/2011 13:42:05] /r
[04/06/2011 13:42:14] /i 5573
[04/06/2011 13:43:33] /save
[04/06/2011 13:45:16] /r
[04/06/2011 13:46:30] /i ring da mortalidade
[04/06/2011 13:46:39] /i blue backacp
[04/06/2011 13:46:46] /i blue backapack
[04/06/2011 13:46:53] /i blue backpack
[04/06/2011 13:46:54] /i blue backpack
[04/06/2011 13:47:08] /i 10064
[04/06/2011 13:47:15] /i ice armor
[04/06/2011 13:47:23] /i ice helmet
[04/06/2011 13:47:36] /i ice legs
[04/06/2011 13:47:40] /i ice boots
[04/06/2011 13:49:31] /i 2137
[04/06/2011 13:49:34] /i 2140
[04/06/2011 13:49:45] /i 2160
[04/06/2011 13:49:47] /i 2160
[04/06/2011 13:49:47] /i 2160
[04/06/2011 13:49:48] /i 2160
[04/06/2011 13:50:18] /i 2433
[04/06/2011 13:50:42] /i amulet of loss
[04/06/2011 13:50:44] /i amulet of loss
[04/06/2011 13:50:46] /i amulet of loss
[04/06/2011 13:50:47] /i amulet of loss
[04/06/2011 13:50:47] /i amulet of loss
[04/06/2011 13:50:51] /i amulet of loss
[04/06/2011 13:50:52] /i amulet of loss
[04/06/2011 13:50:52] /i amulet of loss
[04/06/2011 13:51:22] /addskill [Hoster] Mateus,level,9900
[04/06/2011 13:51:41] /i ice shield
[04/06/2011 13:52:04] /i amulet of loss
[04/06/2011 13:52:06] /i amulet of loss
[04/06/2011 13:52:06] /i amulet of loss
[04/06/2011 13:52:07] /i amulet of loss
[04/06/2011 13:52:35] /t
[04/06/2011 13:52:46] /i amulet of loss
[04/06/2011 13:52:47] /i amulet of loss
[04/06/2011 13:52:47] /i amulet of loss
[04/06/2011 13:52:47] /i amulet of loss
[04/06/2011 13:52:48] /i amulet of loss
[04/06/2011 13:52:48] /i amulet of loss
[04/06/2011 13:52:48] /i amulet of loss
[04/06/2011 13:53:25] /i amulet of loss
[04/06/2011 13:56:04] /a 3
[04/06/2011 14:01:32] /goto mestre magos
[04/06/2011 14:04:47] /t
[04/06/2011 14:05:22] /i 6080
[04/06/2011 14:05:36] /i 3058
[04/06/2011 14:05:46] /i 3059
[04/06/2011 14:05:53] /r
[04/06/2011 14:05:56] /r
[04/06/2011 14:05:58] /r
[04/06/2011 14:06:49] /i 3128
[04/06/2011 14:06:58] /i 3129
[04/06/2011 14:07:00] /i 3129
[04/06/2011 14:07:05] /r
[04/06/2011 14:07:06] /r
[04/06/2011 14:07:09] /r
[04/06/2011 14:07:25] /reload monster
[04/06/2011 14:07:32] /goto mestre magos
[04/06/2011 14:07:41] /t
[04/06/2011 14:08:00] /m yalahari
[04/06/2011 14:09:36] /r
[04/06/2011 14:09:43] /r
[04/06/2011 14:09:44] /r
[04/06/2011 14:10:10] /r
[04/06/2011 14:10:11] /r
[04/06/2011 14:10:27] /a 3
[04/06/2011 14:10:31] /ghost
[04/06/2011 14:10:35] /up
[04/06/2011 14:10:36] /a
[04/06/2011 14:11:18] /a 6
[04/06/2011 14:11:25] /i 6081
[04/06/2011 14:12:06] /c mestre magos
[04/06/2011 14:12:17] /t Mestre Magos
[04/06/2011 14:12:39] /reload monster
[04/06/2011 14:12:45] /m ice lord
[04/06/2011 14:13:48] /r
[04/06/2011 14:13:50] /r
[04/06/2011 14:13:52] /r
[04/06/2011 14:13:53] /r
[04/06/2011 14:14:19] /a
[04/06/2011 14:14:20] /r
[04/06/2011 14:14:27] /t
[04/06/2011 14:14:51] /a 5
[04/06/2011 14:31:59] /mc
[04/06/2011 14:32:09] /bc TIREM MC OU BAN TO NEM VENO
[04/06/2011 14:32:10] /bc TIREM MC OU BAN TO NEM VENO
[04/06/2011 14:32:11] /bc TIREM MC OU BAN TO NEM VENO
[04/06/2011 14:32:11] /bc TIREM MC OU BAN TO NEM VENO
[04/06/2011 14:32:12] /bc TIREM MC OU BAN TO NEM VENO
[04/06/2011 14:32:12] /bc TIREM MC OU BAN TO NEM VENO
[04/06/2011 14:32:13] /bc TIREM MC OU BAN TO NEM VENO
[04/06/2011 14:32:13] /bc TIREM MC OU BAN TO NEM VENO
[04/06/2011 14:32:19] /bc 1...
[04/06/2011 14:32:28] /bc 2.....
[04/06/2011 14:32:40] /bc 3........
[04/06/2011 14:32:48] /mc
[04/06/2011 14:32:56] /ban Guinho
[04/06/2011 14:32:58] /mc
[04/06/2011 14:33:07] /ban Palmirinha
[04/06/2011 14:33:23] /ban Palmirinha
[04/06/2011 14:33:23] /ban Palmirinha
[04/06/2011 14:33:39] /a 3
[04/06/2011 14:33:52] /t
[04/06/2011 14:34:35] /mc
[04/06/2011 14:34:49] /B Recovery Key
[04/06/2011 14:34:53] /mc
[04/06/2011 14:35:21] /mc
[04/06/2011 14:35:28] /goto lokko
[04/06/2011 14:35:37] /goto darknes
[04/06/2011 14:36:00] /mc
[04/06/2011 14:36:24] /ghost
[04/06/2011 14:38:29] /mc
[04/06/2011 14:39:07] /mc
[04/06/2011 14:39:19] /goto couty
[04/06/2011 14:40:26] /t
[04/06/2011 14:40:31] /mc
[04/06/2011 14:56:38] /ghost
[04/06/2011 14:58:13] /r
[04/06/2011 14:58:34] /t
[04/06/2011 14:58:45] /t
[04/06/2011 14:59:06] /kick [Hoster] Jean
[04/06/2011 14:59:11] /r
[04/06/2011 15:00:11] /i 2263
[04/06/2011 15:00:21] /t
[04/06/2011 15:25:58] /i ring da mortalidade
[04/06/2011 15:26:58] /a
[04/06/2011 15:27:01] /a
[04/06/2011 15:27:04] /a
[04/06/2011 15:27:08] /ghost
[04/06/2011 15:27:12] /a
[04/06/2011 15:27:14] /a
[04/06/2011 15:27:16] /a
[04/06/2011 15:28:38] /r
[04/06/2011 15:28:57] /a
[04/06/2011 15:29:00] /a
[04/06/2011 15:29:01] /a
[04/06/2011 15:48:20] /goto [hoster] jean
[04/06/2011 15:48:33] /ghost
[04/06/2011 15:48:39] /a 5
[04/06/2011 15:48:44] /a 5
[04/06/2011 15:48:49] /a 5
[04/06/2011 15:48:52] /a
[04/06/2011 15:48:55] /a
[04/06/2011 15:48:57] /r
[04/06/2011 15:49:00] /r
[04/06/2011 15:49:01] /t
[04/06/2011 20:59:20] /mc
[04/06/2011 21:02:59] /save
[04/06/2011 21:03:04] /clean
[04/06/2011 21:04:29] /mc
[04/06/2011 21:06:07] /mc
[04/06/2011 21:06:15] /goto drako
[04/06/2011 21:07:03] /goto drako
[04/06/2011 21:07:10] /goto drako
[04/06/2011 21:07:12] /goto drako
[04/06/2011 21:07:14] /goto drako
[04/06/2011 21:07:16] /goto drako
[04/06/2011 21:07:17] /goto drako
[04/06/2011 21:07:17] /goto drako
[04/06/2011 21:07:19] /goto drako
[04/06/2011 21:07:33] /goto drako
[04/06/2011 21:07:36] /goto drako
[04/06/2011 21:07:39] /goto drako
[04/06/2011 21:07:43] /goto drako
[04/06/2011 21:09:56] /ghost
[04/06/2011 21:12:42] /i 2160
[04/06/2011 21:13:36] /r
[04/06/2011 21:13:50] /r
[04/06/2011 21:15:16] /i max power rune
[04/06/2011 21:15:59] /i 10029
[04/06/2011 21:16:19] /r
[04/06/2011 21:16:25] /i blue backpack
[04/06/2011 21:16:31] /i blue backpack
[04/06/2011 21:16:40] /i amulet of loss
[04/06/2011 21:16:42] /i amulet of loss
[04/06/2011 21:16:43] /i amulet of loss
[04/06/2011 21:16:53] /i amulet of loss
[04/06/2011 21:16:54] /i amulet of loss
[04/06/2011 21:16:55] /i amulet of loss
[04/06/2011 21:16:55] /i amulet of loss
[04/06/2011 21:17:20] /i amulet of loss
[04/06/2011 21:17:20] /i amulet of loss
[04/06/2011 21:17:21] /i amulet of loss
[04/06/2011 21:17:22] /i amulet of loss
[04/06/2011 21:17:52] /i amulet of loss
[04/06/2011 21:17:53] /i amulet of loss
[04/06/2011 21:17:54] /i amulet of loss
[04/06/2011 21:17:54] /i amulet of loss
[04/06/2011 21:17:57] /i amulet of loss
[04/06/2011 21:18:01] /i amulet of loss
[04/06/2011 21:18:02] /i amulet of loss
[04/06/2011 21:18:02] /i amulet of loss
[04/06/2011 21:18:03] /i amulet of loss
[04/06/2011 21:18:34] /c Druid Master
[04/06/2011 21:21:06] /i amulet of loss
[04/06/2011 21:21:07] /i amulet of loss
[04/06/2011 21:21:19] /r
[04/06/2011 21:21:28] /i 10064
[04/06/2011 21:21:36] /i ring da mortalidade
[04/06/2011 21:21:57] /i ice armor
[04/06/2011 21:22:03] /i ice helmet
[04/06/2011 21:22:08] /i ice shield
[04/06/2011 21:23:06] /i 2433
[04/06/2011 21:23:11] /i ice legs
[04/06/2011 21:23:17] /i ice boots
[04/06/2011 21:23:23] /i 2314
[04/06/2011 21:23:26] /i 2296
[04/06/2011 21:23:32] /r
[04/06/2011 21:24:08] /i max power rune
[04/06/2011 21:24:09] /r
[04/06/2011 21:26:07] /r
[04/06/2011 21:29:17] /r
[04/06/2011 21:29:27] /i ring da mortalidade
[04/06/2011 21:29:45] /r
[04/06/2011 21:36:28] /mc
[04/06/2011 21:51:44] /r
[04/06/2011 21:57:00] /goto dark angel
[04/06/2011 21:57:11] /mc
[04/06/2011 21:57:14] /r
[04/06/2011 21:58:26] /r
[04/06/2011 21:58:30] /r
[04/06/2011 22:01:33] /a 3
[04/06/2011 22:01:51] /a 2
[04/06/2011 22:01:58] /t
[04/06/2011 22:02:58] /t
[04/06/2011 22:04:21] /r
[04/06/2011 22:04:31] /r
[04/06/2011 22:04:36] /r
[04/06/2011 22:05:17] /r
[04/06/2011 22:06:59] /mc
[04/06/2011 22:07:01] /mc
[04/06/2011 22:11:54] /goto Kina Rullesz
[04/06/2011 22:13:02] /i 2293
[04/06/2011 22:19:20] /mc
[04/06/2011 22:21:40] /mc
[04/06/2011 22:22:48] /mc
[04/06/2011 22:23:40] /mc
[04/06/2011 22:25:28] /r
[04/06/2011 22:26:17] /B Drako
[04/06/2011 22:26:55] /ban Drako
[04/06/2011 22:27:25] /ban Rusho Muito
[04/06/2011 22:27:43] /ghost
[04/06/2011 22:27:47] /goto druid master
[04/06/2011 22:28:25] /ghost
[04/06/2011 22:29:35] /r
[04/06/2011 22:29:40] /r
[04/06/2011 22:29:52] /ghost
[04/06/2011 22:29:53] /t
[04/06/2011 22:30:05] /ban Babaca
[04/06/2011 22:30:26] /r
[04/06/2011 22:30:33] /r
[04/06/2011 22:30:39] /r
[04/06/2011 22:30:44] /r
[04/06/2011 22:30:54] /ban Account Manager
[04/06/2011 22:31:19] /ban Shinobi
[04/06/2011 22:31:57] /mc
[04/06/2011 22:33:08] /i 2169
[04/06/2011 22:33:13] /i 2206
[04/06/2011 22:33:21] /r
[04/06/2011 22:33:24] /r
[04/06/2011 22:34:05] /m rat
[04/06/2011 22:34:14] /m rat
[04/06/2011 22:34:14] /m rat
[04/06/2011 22:34:15] /m rat
[04/06/2011 22:34:15] /m rat
[04/06/2011 22:34:16] /m rat
[04/06/2011 22:34:16] /m rat
[04/06/2011 22:34:17] /m rat
[04/06/2011 22:34:17] /m rat
[04/06/2011 22:34:17] /m rat
[04/06/2011 22:34:18] /m rat
[04/06/2011 22:34:18] /m rat
[04/06/2011 22:34:19] /m rat
[04/06/2011 22:34:19] /m rat
[04/06/2011 22:34:19] /m rat
[04/06/2011 22:34:25] /save
[04/06/2011 22:34:29] /clean
[04/06/2011 22:34:33] /clean
[04/06/2011 22:34:35] /clean
[04/06/2011 22:34:36] /clean
[04/06/2011 22:34:37] /clean
[04/06/2011 22:34:38] /clean
[04/06/2011 22:34:39] /clean
[04/06/2011 22:34:40] /clean
[04/06/2011 22:34:41] /clean
[04/06/2011 22:34:41] /clean
[04/06/2011 22:34:42] /clean
[04/06/2011 22:34:43] /clean
[04/06/2011 22:34:45] /clean
[04/06/2011 22:34:49] /r
[04/06/2011 22:34:50] /r
[04/06/2011 22:34:51] /r
[04/06/2011 22:34:53] /r
[04/06/2011 22:34:55] /r
[04/06/2011 22:34:55] /r
[04/06/2011 22:34:56] /r
[04/06/2011 22:34:57] /r
[04/06/2011 22:34:58] /r
[04/06/2011 22:34:59] /r
[04/06/2011 22:35:00] /r
[04/06/2011 22:35:01] /r
[04/06/2011 22:35:01] /r
[04/06/2011 22:35:02] /r
[04/06/2011 22:35:03] /r
[04/06/2011 22:35:04] /r
[04/06/2011 22:35:05] /r
[04/06/2011 22:35:06] /r
[04/06/2011 22:35:07] /r
[04/06/2011 22:35:07] /r
[04/06/2011 22:35:08] /r
[04/06/2011 22:35:09] /r
[04/06/2011 22:35:11] /r
[04/06/2011 22:35:14] /r
[04/06/2011 22:35:15] /r
[04/06/2011 22:35:16] /r
[04/06/2011 22:35:17] /r
[04/06/2011 22:35:18] /r
[04/06/2011 22:35:20] /r
[04/06/2011 22:35:23] /clean
[04/06/2011 22:40:32] /ghost
[04/06/2011 23:33:10] /ghost
[04/06/2011 23:35:00] /save
[04/06/2011 23:35:04] /clean
[04/06/2011 23:35:06] /clean
[04/06/2011 23:35:07] /clean
[04/06/2011 23:36:35] /goto barcelonasz
[04/06/2011 23:37:40] /t
[05/06/2011 12:14:45] /a 2
[05/06/2011 12:14:48] /a 2
[05/06/2011 12:14:54] /a 2
[05/06/2011 12:19:44] /reload spells
[05/06/2011 13:05:16] /reload spells
[05/06/2011 13:06:04] /reload spells
[05/06/2011 13:06:39] /reload spells
[05/06/2011 13:07:10] /reload spells
[05/06/2011 13:08:06] /reload spells
[05/06/2011 13:12:34] /reload spells
[05/06/2011 13:15:11] /reload spells
[05/06/2011 13:15:49] /reload spells
[05/06/2011 13:17:05] /reload spells
[05/06/2011 13:17:36] /reload spells
[05/06/2011 13:18:07] /reload spells
[05/06/2011 13:18:36] /reload spells
[05/06/2011 13:21:47] /reload spells
[05/06/2011 13:29:06] /c Pallazin
[05/06/2011 13:29:48] /c Pallazin
[05/06/2011 13:30:12] /a 
[05/06/2011 13:30:14] /a 
[05/06/2011 13:30:33] /a
[05/06/2011 13:30:33] /a
[05/06/2011 13:30:34] /a
[05/06/2011 13:31:14] /a
[05/06/2011 13:31:15] /a
[05/06/2011 13:31:34] /m hacker
[05/06/2011 13:31:37] /m hacker
[05/06/2011 13:31:37] /m hacker
[05/06/2011 13:31:38] /m hacker
[05/06/2011 13:31:38] /m hacker
[05/06/2011 13:32:10] /r
[05/06/2011 13:32:12] /r
[05/06/2011 13:32:13] /r
[05/06/2011 13:32:17] /r
[05/06/2011 13:32:18] /r
[05/06/2011 13:32:20] /r
[05/06/2011 13:32:27] /c Mestre Magos
[05/06/2011 13:32:30] /c Pallazin
[05/06/2011 13:33:40] /c Mestre Magos
[05/06/2011 13:34:35] /c Mestre Magos
[05/06/2011 13:34:56] /c Mestre Magos
[05/06/2011 13:35:19] /c Mestre Magos
[05/06/2011 13:40:40] /c pallazin
[05/06/2011 13:40:42] /c Mestre Magos
[05/06/2011 13:41:57] /c pallazin
[05/06/2011 13:42:13] /c Mestre Magos
[05/06/2011 13:42:14] /c pallazin
[05/06/2011 13:42:15] /c pallazin
[05/06/2011 13:42:15] /c pallazin
[05/06/2011 13:42:16] /c pallazin
[05/06/2011 13:42:16] /c pallazin
[05/06/2011 13:42:17] /c pallazin
[05/06/2011 13:42:17] /c pallazin
[05/06/2011 13:42:18] /c pallazin
[05/06/2011 13:42:18] /c pallazin
[05/06/2011 13:42:19] /c pallazin
[05/06/2011 13:42:20] /c Mestre Magos
[05/06/2011 13:42:21] /c Mestre Magos
[05/06/2011 13:42:21] /c Mestre Magos
[05/06/2011 13:42:22] /c Mestre Magos
[05/06/2011 13:42:23] /c Mestre Magos
[05/06/2011 13:42:25] /c pallazin
[05/06/2011 13:42:25] /c pallazin
[05/06/2011 13:42:25] /c pallazin
[05/06/2011 13:44:09] /t
[05/06/2011 13:44:24] /goto pallazin
[05/06/2011 13:44:26] /ghost
[05/06/2011 13:45:23] /r
[05/06/2011 13:45:28] /r
[05/06/2011 13:45:33] /r
[05/06/2011 13:45:50] /ghost
[05/06/2011 13:45:51] /t
[05/06/2011 13:49:02] /t pallazyn
[05/06/2011 13:49:10] /t pallazin
[05/06/2011 13:50:47] /t pallazin
[05/06/2011 14:51:16] /goto couty
[05/06/2011 14:51:22] /ghost
[05/06/2011 14:53:33] /goto couty
[05/06/2011 14:56:10] /t
[05/06/2011 15:00:47] /t
[05/06/2011 18:49:00] /mc
[05/06/2011 18:51:00] /addskill Paulo,level,30000
[05/06/2011 18:51:13] /t
[05/06/2011 18:51:24] /i ultimate healing rune
[05/06/2011 18:51:37] /i super mana rune
[05/06/2011 18:52:13] /addskill Paulinho,level,30000
[05/06/2011 18:52:27] /i ultimate healing rune
[05/06/2011 18:52:43] /r 3
[05/06/2011 18:53:46] /i 2276
[05/06/2011 18:53:48] /i 2276
[05/06/2011 18:54:28] /i 10029
[05/06/2011 18:54:30] /i 10029
[05/06/2011 18:56:31] /goto paulinho
[05/06/2011 18:56:33] /i 2160
[05/06/2011 18:56:38] /t
[05/06/2011 18:59:56] /a
[05/06/2011 18:59:57] /a
[05/06/2011 19:00:01] /c paulinho
[05/06/2011 19:00:06] /i 2160
[05/06/2011 19:00:28] /c Paulo
[05/06/2011 19:01:11] /i 10029
[05/06/2011 19:01:30] /i amulet of loss
[05/06/2011 19:01:31] /i amulet of loss
[05/06/2011 19:01:31] /i amulet of loss
[05/06/2011 19:01:34] /i amulet of loss
[05/06/2011 19:01:34] /i amulet of loss
[05/06/2011 19:01:35] /i amulet of loss
[05/06/2011 19:01:37] /i amulet of loss
[05/06/2011 19:01:44] /i amulet of loss
[05/06/2011 19:01:45] /i amulet of loss
[05/06/2011 19:01:45] /i amulet of loss
[05/06/2011 19:01:46] /i amulet of loss
[05/06/2011 19:01:46] /i amulet of loss
[05/06/2011 19:01:47] /i amulet of loss
[05/06/2011 19:01:47] /i amulet of loss
[05/06/2011 19:01:47] /i amulet of loss
[05/06/2011 19:01:48] /i amulet of loss
[05/06/2011 19:01:48] /i amulet of loss
[05/06/2011 19:01:49] /i amulet of loss
[05/06/2011 19:02:04] /i amulet of loss
[05/06/2011 19:02:05] /i amulet of loss
[05/06/2011 19:02:05] /i amulet of loss
[05/06/2011 19:03:27] /i 2160
[05/06/2011 19:03:44] /i 10029
[05/06/2011 19:03:54] /i amulet of loss
[05/06/2011 19:03:55] /i amulet of loss
[05/06/2011 19:03:57] /i amulet of loss
[05/06/2011 19:04:03] /i amulet of loss
[05/06/2011 19:04:04] /i amulet of loss
[05/06/2011 19:04:04] /i amulet of loss
[05/06/2011 19:04:08] /i amulet of loss
[05/06/2011 19:04:08] /i amulet of loss
[05/06/2011 19:04:08] /i amulet of loss
[05/06/2011 19:04:08] /i amulet of loss
[05/06/2011 19:04:08] /i amulet of loss
[05/06/2011 19:04:13] /i amulet of loss
[05/06/2011 19:04:13] /i amulet of loss
[05/06/2011 19:04:13] /i amulet of loss
[05/06/2011 19:04:14] /i amulet of loss
[05/06/2011 19:04:19] /i amulet of loss
[05/06/2011 19:04:19] /i amulet of loss
[05/06/2011 19:04:19] /i amulet of loss
[05/06/2011 19:04:19] /i amulet of loss
[05/06/2011 19:04:27] /i amulet of loss
[05/06/2011 19:04:28] /i amulet of loss
[05/06/2011 19:05:02] /goto paulinho
[05/06/2011 19:05:07] /c paulinho
[05/06/2011 19:05:37] /c paulo
[05/06/2011 19:06:13] /t
[05/06/2011 19:06:35] /a 10
[05/06/2011 19:06:36] /a 10
[05/06/2011 19:06:37] /a 10
[05/06/2011 19:06:37] /a 10
[05/06/2011 19:06:38] /a 10
[05/06/2011 19:06:47] /a 3
[05/06/2011 19:06:48] /up
[05/06/2011 19:06:54] /a 3
[05/06/2011 19:06:55] /up
[05/06/2011 19:06:58] /a 5
[05/06/2011 19:07:03] /a 10
[05/06/2011 19:08:07] /c paulo
[05/06/2011 19:08:11] /c paulinho
[05/06/2011 19:08:24] /t paulinho
[05/06/2011 19:08:37] /c paulo
[05/06/2011 19:09:12] /addskill Paulo,level,20000
[05/06/2011 19:09:31] /t paulo
[05/06/2011 19:09:38] /c paulinho
[05/06/2011 19:09:50] /addskill paulinho,level,20000
[05/06/2011 19:10:06] /t paulinho
[05/06/2011 19:12:21] /c paulinho
[05/06/2011 19:12:27] /i 2160
[05/06/2011 19:12:37] /t paulinho
[05/06/2011 19:14:49] /i cristal sword
[05/06/2011 19:15:34] /goto Paulo
[05/06/2011 19:16:06] /c Paulinho
[05/06/2011 19:16:50] /i 2160
[05/06/2011 19:17:10] /i 2124
[05/06/2011 19:17:28] /i 2160
[05/06/2011 19:19:05] /r
[05/06/2011 19:19:18] /goto druid master
[05/06/2011 19:20:32] /i amulet of loss
[05/06/2011 19:20:33] /i amulet of loss
[05/06/2011 19:20:33] /i amulet of loss
[05/06/2011 19:20:34] /i amulet of loss
[05/06/2011 19:20:34] /i amulet of loss
[05/06/2011 19:20:45] /i 10029
[05/06/2011 19:20:55] /r
[05/06/2011 19:21:03] /goto druid master
[05/06/2011 19:23:19] /t druid master
[05/06/2011 19:23:20] /t
[05/06/2011 19:23:33] /a
[05/06/2011 19:23:34] /a
[05/06/2011 19:28:16] /save
[05/06/2011 19:28:21] /reload spells
[05/06/2011 19:36:00] /goto kina of mall
[05/06/2011 19:36:02] /goto kina of mall
[05/06/2011 19:36:13] /goto Kina do Mall
[05/06/2011 19:37:01] /t dee santos
[05/06/2011 19:38:29] /t
[05/06/2011 19:38:37] /goto Kina do Mall
[05/06/2011 19:38:48] /t
[05/06/2011 19:39:38] /r
[05/06/2011 19:39:48] /t Chazze master kina
[05/06/2011 19:40:00] /r
[05/06/2011 19:42:43] /i 1540
[05/06/2011 19:43:07] /r
[05/06/2011 19:43:32] /i 1542
[05/06/2011 19:43:37] /r
[05/06/2011 19:43:46] /i 1539
[05/06/2011 19:43:58] /r
[05/06/2011 19:44:08] /r
[05/06/2011 19:44:12] /i 1539
[05/06/2011 19:44:15] /r
[05/06/2011 19:44:16] /r
[05/06/2011 19:44:34] /i 1538
[05/06/2011 19:44:40] /i 1539
[05/06/2011 19:44:44] /r
[05/06/2011 19:44:46] /r
[05/06/2011 19:44:58] /i 1533
[05/06/2011 19:45:08] /i 1539
[05/06/2011 19:45:15] /r
[05/06/2011 19:45:19] /i 1534
[05/06/2011 19:45:42] /t
[05/06/2011 19:45:45] /goto paulo
[05/06/2011 19:46:43] /t Bielzi
[05/06/2011 19:46:45] /t Bielzin
[05/06/2011 19:46:46] /t
[05/06/2011 19:46:59] /a
[05/06/2011 19:47:00] /a
[05/06/2011 19:47:41] /save
[05/06/2011 19:47:47] /reload spells
[05/06/2011 19:47:58] /save
[05/06/2011 19:48:03] /reload spells
[05/06/2011 19:48:16] /save
[05/06/2011 19:48:21] /reload spells
[05/06/2011 19:48:48] /r
[05/06/2011 19:49:23] /reload spells
[05/06/2011 19:49:52] /reload spells
[05/06/2011 19:50:13] /reload spells
[05/06/2011 19:50:46] /reload spells
[05/06/2011 19:51:09] /reload spells
[05/06/2011 19:51:32] /reload spells
[05/06/2011 19:51:54] /r
[05/06/2011 19:52:31] /reload spells
[05/06/2011 19:52:44] /reload spells
[05/06/2011 19:52:56] /reload spells
[05/06/2011 19:53:06] /reload spells
[05/06/2011 19:53:20] /r
[05/06/2011 19:53:50] /reload spells
[05/06/2011 19:54:07] /i epic mana
[05/06/2011 19:54:11] /i epic mana rune
[05/06/2011 19:54:22] /i 2276
[05/06/2011 19:54:52] /reload spells
[05/06/2011 19:55:10] /reload spells
[05/06/2011 19:55:25] /reload spells
[05/06/2011 19:55:41] /reload spells
[05/06/2011 19:55:58] /reload spells
[05/06/2011 19:56:21] /a 3
[05/06/2011 19:56:57] /r
[05/06/2011 19:56:59] /a 2
[05/06/2011 19:57:32] /a 3
[05/06/2011 20:03:06] /r
[05/06/2011 20:04:00] /i baby seal doll
[05/06/2011 20:05:03] /a
[05/06/2011 20:05:03] /a
[05/06/2011 20:05:09] /t
[05/06/2011 20:06:04] /up
[05/06/2011 20:06:07] /a 5
[05/06/2011 20:06:10] /t
[05/06/2011 20:07:10] /r
[05/06/2011 20:07:34] /goto druid master
[05/06/2011 20:07:39] /goto druid master
[05/06/2011 20:08:59] /a
[05/06/2011 20:09:00] /c druid master
[05/06/2011 20:12:11] /save
[05/06/2011 20:12:19] /reload spells
[05/06/2011 20:13:06] /save
[05/06/2011 20:13:12] /reload spells
[05/06/2011 20:14:12] /t
[05/06/2011 20:14:31] /c druid master
[05/06/2011 20:14:33] /c druid master
[05/06/2011 20:14:35] /c druid master
[05/06/2011 20:14:43] /c druid master
[05/06/2011 20:14:45] /c druid master
[05/06/2011 20:14:50] /c druid master
[05/06/2011 20:15:03] /r
[05/06/2011 20:17:28] /c druid master
[05/06/2011 20:17:30] /c druid master
[05/06/2011 20:17:31] /c druid master
[05/06/2011 20:18:19] /t Druid Master
[05/06/2011 20:18:35] /a 30
[05/06/2011 20:18:36] /a 30
[05/06/2011 20:18:37] /a 30
[05/06/2011 20:18:40] /a 3
[05/06/2011 20:18:52] /c druid master
[05/06/2011 20:18:54] /a 3
[05/06/2011 20:19:36] /t Druid Master
[05/06/2011 20:19:43] /goto [Hoster] Mateus
[05/06/2011 20:19:44] /goto [Hoster] Mateus
[05/06/2011 20:19:45] /goto [Hoster] Mateus
[05/06/2011 20:19:46] /goto [Hoster] Mateus
[05/06/2011 20:19:47] /goto [Hoster] Mateus
[05/06/2011 20:19:47] /goto [Hoster] Mateus
[05/06/2011 20:19:49] /up
[05/06/2011 20:19:52] /a
[05/06/2011 20:19:53] /a
[05/06/2011 20:19:56] /down
[05/06/2011 20:20:02] /a 40
[05/06/2011 20:20:03] /a 40
[05/06/2011 20:20:05] /a 10
[05/06/2011 20:20:07] /a
[05/06/2011 20:20:24] /c druid master
[05/06/2011 20:20:38] /c druid master
[05/06/2011 20:21:23] /a 30
[05/06/2011 20:21:24] /a 30
[05/06/2011 20:21:24] /a 30
[05/06/2011 20:21:29] /a 4
[05/06/2011 20:21:53] /a
[05/06/2011 20:21:56] /a
[05/06/2011 20:22:05] /c druid master
[05/06/2011 20:22:07] /a 3
[05/06/2011 20:22:08] /a 3
[05/06/2011 20:22:08] /a 3
[05/06/2011 20:22:09] /a 3
[05/06/2011 20:22:41] /t Druid Master
[05/06/2011 20:22:53] /goto Dee Santos
[05/06/2011 20:23:50] /reload monster
[05/06/2011 20:24:05] /c druid master
[05/06/2011 20:24:36] /reload monster
[05/06/2011 20:30:59] /reload monster
[05/06/2011 20:31:23] /ghost
[05/06/2011 20:31:39] /bc green; Invasao De Yalahari Na City
[05/06/2011 20:31:40] /bc green; Invasao De Yalahari Na City
[05/06/2011 20:31:40] /bc green; Invasao De Yalahari Na City
[05/06/2011 20:31:40] /bc green; Invasao De Yalahari Na City
[05/06/2011 20:31:41] /bc green; Invasao De Yalahari Na City
[05/06/2011 20:31:41] /bc green; Invasao De Yalahari Na City
[05/06/2011 20:31:42] /bc green; Invasao De Yalahari Na City
[05/06/2011 20:31:42] /bc green; Invasao De Yalahari Na City
[05/06/2011 20:31:42] /bc green; Invasao De Yalahari Na City
[05/06/2011 20:31:43] /bc green; Invasao De Yalahari Na City
[05/06/2011 20:31:43] /bc green; Invasao De Yalahari Na City
[05/06/2011 20:31:44] /bc green; Invasao De Yalahari Na City
[05/06/2011 20:31:44] /bc green; Invasao De Yalahari Na City
[05/06/2011 20:31:45] /bc green; Invasao De Yalahari Na City
[05/06/2011 20:31:45] /bc green; Invasao De Yalahari Na City
[05/06/2011 20:31:46] /bc green; Invasao De Yalahari Na City
[05/06/2011 20:31:54] /m yalahari
[05/06/2011 20:33:15] /reload monster
[05/06/2011 20:59:13] /ghost
[05/06/2011 20:59:19] /r
[05/06/2011 20:59:22] /r
[05/06/2011 20:59:54] /r
[05/06/2011 21:00:05] /r
[05/06/2011 21:00:50] /m golbin demon
[05/06/2011 21:00:51] /m golbin demon
[05/06/2011 21:00:57] /m globin demon
[05/06/2011 21:01:02] /m globin demon
[05/06/2011 21:01:13] /m Goblin Demon
[05/06/2011 21:01:21] /r
[05/06/2011 21:02:06] /ban Account Manager
[05/06/2011 21:02:06] /ban Account Manager
[05/06/2011 21:02:06] /ban Account Manager
[05/06/2011 21:02:06] /ban Account Manager
[05/06/2011 21:02:06] /ban Account Manager
[05/06/2011 21:02:06] /ban Account Manager
[05/06/2011 21:02:06] /ban Account Manager
[05/06/2011 21:02:07] /ban Account Manager
[05/06/2011 21:02:40] /ban Account Manager
[05/06/2011 21:03:22] /r
[05/06/2011 21:03:23] /c Couty
[05/06/2011 21:03:23] /c Couty
[05/06/2011 21:15:01] /r
[05/06/2011 21:22:13] /t
[05/06/2011 21:25:29] /ghost
[05/06/2011 21:25:33] /i 2137
[05/06/2011 21:27:31] /i 2160
[05/06/2011 21:33:42] /t
[05/06/2011 21:34:12] /c Bidu Knight
[05/06/2011 21:34:13] /c morri
[05/06/2011 21:34:14] /c morris
[05/06/2011 21:34:49] /c morris
[05/06/2011 21:34:53] /c Bidu Knight
[05/06/2011 21:35:52] /t morris
[05/06/2011 21:35:57] /t bidu knight
[05/06/2011 21:35:58] /t
[05/06/2011 21:36:06] /a 3
[05/06/2011 21:43:24] /i 10026
[05/06/2011 21:43:29] /i 10064
[05/06/2011 21:44:13] /i ring da mortalidade
[05/06/2011 21:49:58] /mc
[05/06/2011 21:50:03] /b Tirem MC
[05/06/2011 21:50:04] /b Tirem MC
[05/06/2011 21:50:04] /b Tirem MC
[05/06/2011 21:50:05] /b Tirem MC
[05/06/2011 21:50:05] /b Tirem MC
[05/06/2011 21:50:06] /b Tirem MC
[05/06/2011 21:50:06] /b Tirem MC
[05/06/2011 21:50:07] /b Tirem MC
[05/06/2011 21:50:19] /b Tirem MC
[05/06/2011 21:50:19] /b Tirem MC
[05/06/2011 21:50:20] /b Tirem MC
[05/06/2011 21:50:20] /b Tirem MC
[05/06/2011 21:50:21] /b Tirem MC
[05/06/2011 21:50:21] /b Tirem MC
[05/06/2011 21:50:27] /b 1.....
[05/06/2011 21:50:37] /b 2.......
[05/06/2011 21:50:42] /b 3
[05/06/2011 21:50:45] /mc
[05/06/2011 21:52:34] /mc
[05/06/2011 21:52:37] /mc
[05/06/2011 21:52:39] /mc
[05/06/2011 21:52:40] /mc
[05/06/2011 21:53:41] /mc
[05/06/2011 21:55:34] /mc
[05/06/2011 22:23:23] /up
[05/06/2011 22:34:43] /ban account manager
[05/06/2011 22:34:44] /t
[05/06/2011 22:35:12] /ban account manager
[05/06/2011 22:37:35] /save
[05/06/2011 22:37:39] /reload config
[05/06/2011 23:31:55] /r
[05/06/2011 23:32:05] /c knight of hell
[05/06/2011 23:32:26] /t
[06/06/2011 11:04:54] /i 6841
[06/06/2011 11:04:58] /r
[06/06/2011 11:05:05] /i 6840
[06/06/2011 11:05:09] /r
[06/06/2011 11:05:15] /i 6839
[06/06/2011 11:06:04] /t
[06/06/2011 11:06:20] /goto knight of master
[06/06/2011 12:05:19] /owner Jhony Walke
[06/06/2011 12:05:53] /ghost
[06/06/2011 12:05:54] /a
[06/06/2011 18:02:10] /a
[06/06/2011 18:03:01] /a
[06/06/2011 18:07:21] /t
[06/06/2011 18:08:00] /a
[06/06/2011 18:08:04] /i fire sword
[06/06/2011 18:08:41] /r
[06/06/2011 18:08:42] /r
[06/06/2011 18:08:54] /r
[06/06/2011 18:09:05] /r
[06/06/2011 18:15:25] /t
[06/06/2011 20:06:25] /save
[06/06/2011 20:06:39] /ghost
[06/06/2011 20:06:40] /save
[06/06/2011 20:13:38] /ghost
[06/06/2011 20:14:36] /r
[06/06/2011 20:16:42] /r
[06/06/2011 20:16:49] /r
[06/06/2011 20:17:27] /a
[06/06/2011 20:17:49] /a 4
[06/06/2011 20:17:51] /a 3
[06/06/2011 20:17:54] /up
[06/06/2011 20:17:58] /down
[06/06/2011 20:18:19] /r
[06/06/2011 20:18:54] /ghost
[06/06/2011 20:18:55] /a
[06/06/2011 20:43:23] /i 2160
[06/06/2011 20:48:16] /ghost
[06/06/2011 21:46:00] /ghost
[06/06/2011 21:46:05] /i 2314
[06/06/2011 23:09:52] /a
[06/06/2011 23:10:08] /r
[06/06/2011 23:10:10] /r
[06/06/2011 23:10:11] /r
[06/06/2011 23:10:43] /r
[06/06/2011 23:10:44] /r
[06/06/2011 23:10:45] /kick Vini the Dark
[06/06/2011 23:10:49] /a
[06/06/2011 23:23:12] /save
[06/06/2011 23:23:17] /reload talkactions
[06/06/2011 23:24:32] /save
[06/06/2011 23:24:36] /reload talkactions
[06/06/2011 23:26:35] /r 97
[06/06/2011 23:28:06] /save
[06/06/2011 23:28:13] /reload talkactions
[06/06/2011 23:30:16] /save
[06/06/2011 23:30:26] /reload talkactions
[06/06/2011 23:34:28] /save
[06/06/2011 23:34:34] /reload talkactions
[06/06/2011 23:34:53] /save
[06/06/2011 23:34:59] /reload talkactions
[06/06/2011 23:35:54] /save
[06/06/2011 23:35:57] /reload talkactions
[06/06/2011 23:36:14] /save
[06/06/2011 23:36:17] /reload talkactions
[06/06/2011 23:36:35] /save
[06/06/2011 23:36:42] /reload talkactions
[06/06/2011 23:37:01] /save
[06/06/2011 23:37:05] /reload talkactions
[06/06/2011 23:37:26] /save
[06/06/2011 23:37:30] /reload talkactions
[06/06/2011 23:38:02] /save
[06/06/2011 23:38:06] /reload talkactions
[06/06/2011 23:38:22] /save
[06/06/2011 23:38:28] /reload talkactions
[06/06/2011 23:38:57] /save
[06/06/2011 23:39:00] /reload talkactions
[06/06/2011 23:39:38] /save
[06/06/2011 23:39:41] /reload talkactions
[06/06/2011 23:40:30] /save
[06/06/2011 23:40:33] /reload talkactions
[06/06/2011 23:41:05] /reload talkactions
[06/06/2011 23:43:00] /reload talkactions
[06/06/2011 23:45:28] /reload talkactions
[06/06/2011 23:49:11] /reload talkactions
[06/06/2011 23:49:38] /reload talkactions
[06/06/2011 23:55:13] /reload talkactions
[06/06/2011 23:55:37] /reload talkactions
[06/06/2011 23:56:09] /reload talkactions
[06/06/2011 23:56:14] /reload talkactions
[07/06/2011 00:34:34] /save
[07/06/2011 09:31:07] /ghost
[07/06/2011 09:33:45] /save
[07/06/2011 09:33:55] /reload talkactions
[07/06/2011 09:40:45] /reload spells
[07/06/2011 09:40:51] /reload talkactions
[07/06/2011 09:44:11] /i 2160
[07/06/2011 09:44:19] /i 2160
[07/06/2011 09:44:30] /r
[07/06/2011 09:44:32] /r
[07/06/2011 09:44:32] /r
[07/06/2011 09:44:35] /i 2157
[07/06/2011 09:45:21] /i 10029
[07/06/2011 09:45:22] /i 10029
[07/06/2011 09:56:50] /a
[07/06/2011 09:56:55] /ghost
[07/06/2011 09:58:20] /save
[07/06/2011 09:58:25] /reload talkactions
[07/06/2011 09:58:54] /ghost
[07/06/2011 09:59:00] /c Knight Of Hell
[07/06/2011 10:01:46] /save
[07/06/2011 10:02:02] /reload talkactions
[07/06/2011 10:02:44] /reload talkactions
[07/06/2011 10:05:45] /i parcel
[07/06/2011 10:06:35] /i letter
[07/06/2011 10:13:19] /i label
[07/06/2011 10:16:00] /reload npc
[07/06/2011 10:23:14] /i 7904
[07/06/2011 10:23:31] /r
[07/06/2011 10:24:03] /i 7955
[07/06/2011 10:24:31] /i 2596
[07/06/2011 10:26:25] /bc green; OT Caira e Voltara E Tera Um Novo NPC E Um Novo System De !tutores/u 9081
[07/06/2011 10:26:33] /bc green; ERREI
[07/06/2011 10:26:42] /i 9081
[07/06/2011 10:32:30] /i 2175
[07/06/2011 10:32:49] /r
[07/06/2011 10:32:56] /bc green; OT Caira e Voltara E Tera Um Novo NPC E Um Novo System De !tutores
[07/06/2011 10:32:56] /bc green; OT Caira e Voltara E Tera Um Novo NPC E Um Novo System De !tutores
[07/06/2011 10:32:57] /bc green; OT Caira e Voltara E Tera Um Novo NPC E Um Novo System De !tutores
[07/06/2011 10:32:58] /bc green; OT Caira e Voltara E Tera Um Novo NPC E Um Novo System De !tutores
[07/06/2011 10:32:58] /bc green; OT Caira e Voltara E Tera Um Novo NPC E Um Novo System De !tutores
[07/06/2011 10:33:09] /bc green; OT Caira e Voltara E Tera Um Novo NPC E Um Novo System De !tutores
[07/06/2011 10:34:48] /i 2160
[07/06/2011 10:35:07] /i 2152
[07/06/2011 10:35:15] /t
[07/06/2011 10:37:10] /i 2160
[07/06/2011 10:37:14] /r 99
[07/06/2011 10:41:58] /i 2334
[07/06/2011 10:42:11] /r
[07/06/2011 10:42:12] /r
[07/06/2011 10:42:16] /r
[07/06/2011 10:42:20] /i letter
[07/06/2011 10:42:35] /i stanped letter
[07/06/2011 10:43:28] /b
[07/06/2011 10:44:13] /i 2333
[07/06/2011 10:44:37] /i 2329
[07/06/2011 10:44:54] /m demon lord
[07/06/2011 10:53:16] /save
[07/06/2011 10:57:10] /i 2598
[07/06/2011 10:57:38] /i 1953
[07/06/2011 10:59:11] /i 1953
[07/06/2011 10:59:37] /reload actions
[07/06/2011 11:00:27] /i 1954
[07/06/2011 11:00:31] /i 1955
[07/06/2011 11:00:33] /i 1956
[07/06/2011 11:00:34] /i 1957
[07/06/2011 11:00:37] /i 1958
[07/06/2011 11:00:38] /i 1959
[07/06/2011 11:01:02] /reload action
[07/06/2011 11:02:23] /i 2599
[07/06/2011 11:03:13] /i 5785
[07/06/2011 11:07:07] /save
[07/06/2011 11:07:12] /reload action
[07/06/2011 11:08:06] /i 100
[07/06/2011 11:08:11] /r
[07/06/2011 11:08:19] /a
[07/06/2011 11:08:22] /i 4526
[07/06/2011 11:08:24] /t
[07/06/2011 11:08:58] /i 1955
[07/06/2011 11:09:18] /save
[07/06/2011 11:09:20] /reload actions
[07/06/2011 11:42:10] /r
[07/06/2011 11:43:28] /r
[07/06/2011 11:43:42] /r
[07/06/2011 11:43:44] /r
[07/06/2011 11:43:46] /r
[07/06/2011 11:43:49] /r
[07/06/2011 11:43:52] /r
[07/06/2011 11:43:52] /r
[07/06/2011 11:43:55] /r
[07/06/2011 11:43:58] /r
[07/06/2011 11:44:04] /r
[07/06/2011 11:44:05] /r
[07/06/2011 11:44:05] /r
[07/06/2011 11:44:09] /r
[07/06/2011 11:44:12] /r
[07/06/2011 11:44:15] /r
[07/06/2011 11:44:50] /goto mlk do point
[07/06/2011 11:45:54] /t
[07/06/2011 13:03:30] /ghost
[07/06/2011 13:04:07] /goto epic hero hunter
[07/06/2011 13:04:16] /a 2
[07/06/2011 13:04:20] /a 2
[07/06/2011 13:04:58] /c epic hero hunter
[07/06/2011 13:05:02] /i 2160
[07/06/2011 13:10:42] /i 2002
[07/06/2011 13:10:49] /i 10064
[07/06/2011 13:10:56] /i 2314
[07/06/2011 13:11:02] /i 2296
[07/06/2011 13:11:10] /i 7697
[07/06/2011 13:11:31] /i 9932
[07/06/2011 13:11:38] /i 9777
[07/06/2011 13:11:49] /i 9776
[07/06/2011 13:11:52] /i 9775
[07/06/2011 13:11:56] /i 9774
[07/06/2011 13:11:59] /i 9773
[07/06/2011 13:12:02] /r
[07/06/2011 13:12:07] /r
[07/06/2011 13:12:10] /r
[07/06/2011 13:12:18] /i 9778
[07/06/2011 13:13:22] /i 8907
[07/06/2011 13:13:42] /i 2184
[07/06/2011 13:14:05] /i 2160
[07/06/2011 13:14:17] /c epic hero hunter
[07/06/2011 13:32:42] /t
[07/06/2011 13:33:14] /i 2002
[07/06/2011 13:33:36] /r
[07/06/2011 13:33:48] /i 9777
[07/06/2011 13:33:54] /i 9778
[07/06/2011 13:34:10] /i 9776
[07/06/2011 13:34:17] /i 9932
[07/06/2011 13:34:26] /i 7697
[07/06/2011 13:34:29] /i 2137
[07/06/2011 13:36:26] /i 2184
[07/06/2011 13:36:28] /t
[07/06/2011 13:36:51] /i 8907
[07/06/2011 13:37:45] /c 1000394639
[07/06/2011 13:37:55] /c epic hero hunter
[07/06/2011 13:53:58] /i 2002
[07/06/2011 13:54:04] /i 10064
[07/06/2011 13:54:24] /i 7697
[07/06/2011 13:54:34] /i 2314
[07/06/2011 13:54:41] /i 2296
[07/06/2011 13:54:51] /i 9932
[07/06/2011 13:54:57] /i 9777
[07/06/2011 13:55:01] /i 9776
[07/06/2011 13:55:05] /i 9778
[07/06/2011 13:55:11] /i 2137
[07/06/2011 13:55:14] /i 2160
[07/06/2011 13:56:07] /i 8907
[07/06/2011 13:56:29] /i 2184
[07/06/2011 13:59:08] /c Epic Hero Hunter
[07/06/2011 18:36:49] /addskill Epic Hero Hunter,level,10900
[07/06/2011 18:37:17] /addskill Epic Hero Hunter,level,100000
[07/06/2011 19:33:09] /c [tutor] bruno
[07/06/2011 19:37:28] /save
[07/06/2011 19:37:35] /reload talkactions
[07/06/2011 19:41:09] /i letter
[07/06/2011 19:41:54] /r
[07/06/2011 20:08:11] /mc
[07/06/2011 20:09:34] /bc gren; GALERA AINDA TEM UMA VAGA PARA TUTOR CORREM
[07/06/2011 20:09:37] /bc gren; GALERA AINDA TEM UMA VAGA PARA TUTOR CORREM
[07/06/2011 20:09:38] /bc gren; GALERA AINDA TEM UMA VAGA PARA TUTOR CORREM
[07/06/2011 20:09:39] /bc gren; GALERA AINDA TEM UMA VAGA PARA TUTOR CORREM
[07/06/2011 20:09:42] /bc gren; GALERA AINDA TEM UMA VAGA PARA TUTOR CORREM
[07/06/2011 20:09:45] /bc gren; GALERA AINDA TEM UMA VAGA PARA TUTOR CORREM
[07/06/2011 20:09:46] /bc gren; GALERA AINDA TEM UMA VAGA PARA TUTOR CORREM
[07/06/2011 20:09:47] /bc gren; GALERA AINDA TEM UMA VAGA PARA TUTOR CORREM
[07/06/2011 20:09:47] /bc gren; GALERA AINDA TEM UMA VAGA PARA TUTOR CORREM
[07/06/2011 20:09:52] /bc greEn; GALERA AINDA TEM UMA VAGA PARA TUTOR CORREM
[07/06/2011 20:09:59] /bc green; GALERA AINDA TEM UMA VAGA PARA TUTOR CORREM
[07/06/2011 20:09:59] /bc green; GALERA AINDA TEM UMA VAGA PARA TUTOR CORREM
[07/06/2011 20:09:59] /bc green; GALERA AINDA TEM UMA VAGA PARA TUTOR CORREM
[07/06/2011 20:09:59] /bc green; GALERA AINDA TEM UMA VAGA PARA TUTOR CORREM
[07/06/2011 20:09:59] /bc green; GALERA AINDA TEM UMA VAGA PARA TUTOR CORREM
[07/06/2011 20:09:59] /bc green; GALERA AINDA TEM UMA VAGA PARA TUTOR CORREM
[07/06/2011 20:10:22] /bc green; a pessoa tem que comprar e fazer sozinha
[07/06/2011 20:10:23] /bc green; a pessoa tem que comprar e fazer sozinha
[07/06/2011 20:10:23] /bc green; a pessoa tem que comprar e fazer sozinha
[07/06/2011 20:10:23] /bc green; a pessoa tem que comprar e fazer sozinha
[07/06/2011 20:10:24] /bc green; a pessoa tem que comprar e fazer sozinha
[07/06/2011 20:11:17] /bc green; a pessoa tem que comprar e fazer sozinha
[07/06/2011 20:11:17] /bc green; a pessoa tem que comprar e fazer sozinha
[07/06/2011 20:11:18] /bc green; a pessoa tem que comprar e fazer sozinha
[07/06/2011 20:11:18] /bc green; a pessoa tem que comprar e fazer sozinha
[07/06/2011 20:11:19] /bc green; a pessoa tem que comprar e fazer sozinha
[07/06/2011 20:11:19] /bc green; a pessoa tem que comprar e fazer sozinha
[07/06/2011 20:11:19] /bc green; a pessoa tem que comprar e fazer sozinha
[07/06/2011 20:12:05] /bc green; a pessoa tem que comprar e fazer sozinha
[07/06/2011 20:12:05] /bc green; a pessoa tem que comprar e fazer sozinha
[07/06/2011 20:12:06] /bc green; a pessoa tem que comprar e fazer sozinha
[07/06/2011 20:12:06] /bc green; a pessoa tem que comprar e fazer sozinha
[07/06/2011 20:15:25] /r
[07/06/2011 20:15:26] /r
[07/06/2011 20:19:02] /i blue backpack
[07/06/2011 20:19:03] /i blue backpack
[07/06/2011 20:19:11] /i amulet of loss
[07/06/2011 20:19:12] /i amulet of loss
[07/06/2011 20:19:12] /i amulet of loss
[07/06/2011 20:19:13] /i amulet of loss
[07/06/2011 20:19:13] /i amulet of loss
[07/06/2011 20:19:14] /i amulet of loss
[07/06/2011 20:19:14] /i amulet of loss
[07/06/2011 20:19:14] /i amulet of loss
[07/06/2011 20:19:15] /i amulet of loss
[07/06/2011 20:19:15] /i amulet of loss
[07/06/2011 20:19:16] /i amulet of loss
[07/06/2011 20:19:16] /i amulet of loss
[07/06/2011 20:19:31] /i amulet of loss
[07/06/2011 20:19:31] /i amulet of loss
[07/06/2011 20:19:31] /i amulet of loss
[07/06/2011 20:19:32] /i amulet of loss
[07/06/2011 20:19:32] /i amulet of loss
[07/06/2011 20:19:41] /i amulet of loss
[07/06/2011 20:19:41] /i amulet of loss
[07/06/2011 20:19:42] /i amulet of loss
[07/06/2011 20:19:52] /i 10064
[07/06/2011 20:20:01] /i ring da mortalidade
[07/06/2011 20:20:12] /i 2314
[07/06/2011 20:20:18] /i 2296
[07/06/2011 20:20:35] /r
[07/06/2011 20:20:49] /i ice helmet
[07/06/2011 20:20:53] /i ice armor
[07/06/2011 20:20:55] /i ice legs]
[07/06/2011 20:20:57] /i ice legs
[07/06/2011 20:21:02] /i ice boots
[07/06/2011 20:21:06] /i ice shield
[07/06/2011 20:21:32] /i 2140
[07/06/2011 20:21:34] /i 2137
[07/06/2011 20:23:23] /i 2160
[07/06/2011 20:23:32] /i 2160
[07/06/2011 20:26:53] /t
[07/06/2011 20:26:58] /ban Lord do Knight
[07/06/2011 21:10:57] /ghost
[07/06/2011 21:11:01] /goto druid do capeta
[07/06/2011 21:12:28] /a 4
[07/06/2011 21:12:32] /goto couty
[07/06/2011 21:12:38] /goto couty
[07/06/2011 21:12:40] /goto couty
[07/06/2011 21:13:53] /goto couty
[07/06/2011 21:14:36] /t
[07/06/2011 21:14:54] /a
[07/06/2011 21:14:55] /a
[07/06/2011 21:20:03] /up
[07/06/2011 21:20:07] /clean
[07/06/2011 21:43:56] /goto druid do capeta
[07/06/2011 21:45:12] /goto druid do capeta
[07/06/2011 21:45:27] /goto druid do capeta
[07/06/2011 21:45:28] /t
[07/06/2011 21:46:15] /i 2599
[07/06/2011 21:46:25] /r
[07/06/2011 22:32:47] /ghost
[08/06/2011 11:55:42] /reload spells
[08/06/2011 11:57:16] /reload spells
[08/06/2011 11:57:35] /reload spells
[08/06/2011 12:06:38] /goto palaziin
[08/06/2011 12:06:42] /goto pallazin
[08/06/2011 12:06:57] /t
[08/06/2011 12:13:07] /ghost
[08/06/2011 12:15:17] /r
[08/06/2011 12:15:54] /r
[08/06/2011 12:16:54] /r
[08/06/2011 23:05:44] /ghost
[08/06/2011 23:12:16] /save
[08/06/2011 23:12:22] /reload talkactions
[08/06/2011 23:13:03] /save
[08/06/2011 23:13:06] /reload talkactions
[08/06/2011 23:14:38] /save
[08/06/2011 23:14:42] /reload talkactions
[08/06/2011 23:15:36] /save
[08/06/2011 23:15:39] /reload talkactions
[08/06/2011 23:17:46] /save
[08/06/2011 23:17:49] /reload talkactions
[08/06/2011 23:22:38] /goto druid do capeta
[08/06/2011 23:25:12] /r
[08/06/2011 23:26:25] /a
[08/06/2011 23:27:18] /reload talkactions
[08/06/2011 23:40:34] /bc  AMANHA OT AS 7Hs
[08/06/2011 23:40:35] /bc  AMANHA OT AS 7Hs
[08/06/2011 23:40:35] /bc  AMANHA OT AS 7Hs
[08/06/2011 23:40:36] /bc  AMANHA OT AS 7Hs
[08/06/2011 23:40:37] /bc  AMANHA OT AS 7Hs
[08/06/2011 23:40:55] /bc Amanha OT as 7Hrs
[08/06/2011 23:40:56] /bc Amanha OT as 7Hrs
[08/06/2011 23:40:57] /bc Amanha OT as 7Hrs
[08/06/2011 23:40:57] /bc Amanha OT as 7Hrs
[08/06/2011 23:40:58] /bc Amanha OT as 7Hrs
[08/06/2011 23:40:58] /bc Amanha OT as 7Hrs
[08/06/2011 23:40:59] /bc Amanha OT as 7Hrs
[08/06/2011 23:40:59] /bc Amanha OT as 7Hrs
[08/06/2011 23:41:00] /bc Amanha OT as 7Hrs
[08/06/2011 23:41:00] /bc Amanha OT as 7Hrs
[08/06/2011 23:41:01] /bc Amanha OT as 7Hrs
[08/06/2011 23:41:02] /bc Amanha OT as 7Hrs
[08/06/2011 23:41:03] /t
[08/06/2011 23:41:06] /bc Amanha OT as 7Hrs
[08/06/2011 23:41:07] /bc Amanha OT as 7Hrs
[08/06/2011 23:41:28] /bc Amanha OT as 7Hrs
[08/06/2011 23:41:29] /bc Amanha OT as 7Hrs
[08/06/2011 23:41:29] /bc Amanha OT as 7Hrs
[08/06/2011 23:41:30] /bc Amanha OT as 7Hrs
[08/06/2011 23:55:47] /bc OT Amanha AS 7Hrs
[08/06/2011 23:55:47] /bc OT Amanha AS 7Hrs
[08/06/2011 23:55:48] /bc OT Amanha AS 7Hrs
[08/06/2011 23:55:48] /bc OT Amanha AS 7Hrs
[08/06/2011 23:55:48] /bc OT Amanha AS 7Hrs
[08/06/2011 23:55:49] /bc OT Amanha AS 7Hrs
[08/06/2011 23:55:49] /bc OT Amanha AS 7Hrs
[08/06/2011 23:55:50] /bc OT Amanha AS 7Hrs
[08/06/2011 23:55:50] /bc OT Amanha AS 7Hrs
[08/06/2011 23:55:50] /bc OT Amanha AS 7Hrs
[08/06/2011 23:55:51] /bc OT Amanha AS 7Hrs
[08/06/2011 23:55:51] /bc OT Amanha AS 7Hrs
[08/06/2011 23:55:52] /bc OT Amanha AS 7Hrs
[08/06/2011 23:55:52] /bc OT Amanha AS 7Hrs
[08/06/2011 23:55:52] /bc OT Amanha AS 7Hrs
[08/06/2011 23:55:53] /bc OT Amanha AS 7Hrs
[08/06/2011 23:55:53] /bc OT Amanha AS 7Hrs
[08/06/2011 23:55:54] /bc OT Amanha AS 7Hrs
[08/06/2011 23:55:55] /bc OT Amanha AS 7Hrs
[08/06/2011 23:55:55] /bc OT Amanha AS 7Hrs
[08/06/2011 23:55:56] /bc OT Amanha AS 7Hrs
[08/06/2011 23:55:56] /bc OT Amanha AS 7Hrs
[08/06/2011 23:55:57] /bc OT Amanha AS 7Hrs
[08/06/2011 23:55:58] /bc OT Amanha AS 7Hrs
[08/06/2011 23:55:59] /bc OT Amanha AS 7Hrs
[08/06/2011 23:55:59] /bc OT Amanha AS 7Hrs
[08/06/2011 23:56:00] /bc OT Amanha AS 7Hrs
[09/06/2011 09:25:06] /reload talkactions
[09/06/2011 09:25:48] /reload talkactions
[09/06/2011 09:26:39] /reload talkactions
[09/06/2011 09:38:23] /goto darkness
[09/06/2011 10:04:27] /goto alemao
[09/06/2011 10:04:31] /t
[09/06/2011 10:39:39] /bc ot vai cai e volta
[09/06/2011 10:39:39] /bc ot vai cai e volta
[09/06/2011 10:39:40] /bc ot vai cai e volta
[09/06/2011 10:39:41] /bc ot vai cai e volta
[09/06/2011 10:39:41] /bc ot vai cai e volta
[09/06/2011 10:39:41] /bc ot vai cai e volta
[09/06/2011 10:39:42] /bc ot vai cai e volta
[09/06/2011 11:00:38] /r
[09/06/2011 11:33:24] /goto Zabuza Swordmaster
[09/06/2011 11:33:28] /goto Zabuza Swordmaster
[09/06/2011 11:33:29] /goto Zabuza Swordmaster
[09/06/2011 11:33:32] /ghost
[09/06/2011 11:36:07] /goto Zabuza Swordmaster
[09/06/2011 11:36:55] /i ice legs
[09/06/2011 11:37:11] /i ice boots
[09/06/2011 11:37:41] /addskill Zabuza Swordmaster,level,20000
[09/06/2011 11:38:05] /i mana max
[09/06/2011 11:38:25] /i 2284
[09/06/2011 11:41:56] /r
[09/06/2011 11:41:57] /r
[09/06/2011 11:46:39] /ghost
[09/06/2011 11:46:51] /t
[09/06/2011 11:46:54] /t
[09/06/2011 11:47:01] /a 3
[09/06/2011 11:47:09] /i 2160
[09/06/2011 11:47:09] /i 2160
[09/06/2011 11:47:10] /i 2160
[09/06/2011 11:47:10] /i 2160
[09/06/2011 11:47:10] /i 2160
[09/06/2011 11:47:11] /i 2160
[09/06/2011 11:47:11] /i 2160
[09/06/2011 11:47:11] /i 2160
[09/06/2011 11:47:19] /i yalahari piece legs
[09/06/2011 11:47:24] /i ice armor
[09/06/2011 11:47:28] /i ice helmet
[09/06/2011 11:47:32] /i ice legs
[09/06/2011 11:47:36] /i ice boots
[09/06/2011 11:47:42] /i ice sword
[09/06/2011 11:47:45] /i 10064
[09/06/2011 11:48:11] /i 2157
[09/06/2011 11:48:12] /i 2157
[09/06/2011 11:48:13] /i 2157
[09/06/2011 11:48:13] /i 2157
[09/06/2011 11:48:14] /i 2157
[09/06/2011 11:48:14] /i 2157
[09/06/2011 11:48:15] /i 2157
[09/06/2011 11:48:15] /i 2157
[09/06/2011 11:48:16] /i 2157
[09/06/2011 11:49:11] /i 10064
[09/06/2011 11:49:11] /i 10064
[09/06/2011 11:49:23] /a 5
[09/06/2011 11:49:30] /a 3
[09/06/2011 11:49:50] /goto Zabuza Swordmaster
[09/06/2011 11:49:51] /t
[09/06/2011 11:49:57] /c Zabuza Swordmaster
[09/06/2011 11:50:07] /a
[09/06/2011 11:50:08] /a
[09/06/2011 11:50:09] /a
[09/06/2011 11:50:09] /a
[09/06/2011 11:50:12] /ghost
[09/06/2011 11:50:28] /bc green; GALERA EVENTO DE BAU
[09/06/2011 11:50:28] /bc green; GALERA EVENTO DE BAU
[09/06/2011 11:50:29] /bc green; GALERA EVENTO DE BAU
[09/06/2011 11:50:31] /bc green; GALERA EVENTO DE BAU
[09/06/2011 11:50:32] /bc green; GALERA EVENTO DE BAU
[09/06/2011 11:50:40] /bc green; GALERA EVENTO DE BAU
[09/06/2011 11:50:41] /bc green; GALERA EVENTO DE BAU
[09/06/2011 11:50:41] /bc green; GALERA EVENTO DE BAU
[09/06/2011 11:50:42] /bc green; GALERA EVENTO DE BAU
[09/06/2011 11:51:43] /r
[09/06/2011 11:52:02] /r
[09/06/2011 11:52:16] /r
[09/06/2011 11:52:31] /r
[09/06/2011 11:52:46] /r
[09/06/2011 11:53:26] /r
[09/06/2011 11:53:40] /r
[09/06/2011 11:53:49] /r
[09/06/2011 11:54:06] /r
[09/06/2011 11:54:14] /r
[09/06/2011 11:54:25] /r
[09/06/2011 11:54:38] /r
[09/06/2011 11:54:56] /r
[09/06/2011 11:55:08] /r
[09/06/2011 11:55:18] /r
[09/06/2011 11:55:29] /r
[09/06/2011 11:55:44] /r
[09/06/2011 11:55:54] /r
[09/06/2011 11:56:06] /r
[09/06/2011 11:56:20] /r
[09/06/2011 11:56:31] /r
[09/06/2011 11:56:44] /r
[09/06/2011 11:57:01] /r
[09/06/2011 11:57:13] /r
[09/06/2011 11:57:23] /r
[09/06/2011 11:57:46] /r
[09/06/2011 11:57:56] /r
[09/06/2011 11:58:05] /r
[09/06/2011 11:58:16] /r
[09/06/2011 11:58:28] /r
[09/06/2011 11:58:39] /r
[09/06/2011 11:58:53] /r
[09/06/2011 11:59:05] /r
[09/06/2011 11:59:16] /r
[09/06/2011 11:59:33] /r
[09/06/2011 11:59:55] /r
[09/06/2011 12:00:08] /r
[09/06/2011 12:00:19] /r
[09/06/2011 12:00:40] /r
[09/06/2011 12:00:56] /r
[09/06/2011 12:01:05] /i 2160
[09/06/2011 12:01:20] /r
[09/06/2011 12:01:28] /a 3
[09/06/2011 12:01:30] /a 3
[09/06/2011 12:01:36] /r
[09/06/2011 12:01:46] /a 6
[09/06/2011 12:01:53] /r
[09/06/2011 12:02:08] /r
[09/06/2011 12:02:17] /r
[09/06/2011 12:02:31] /r
[09/06/2011 12:02:42] /r
[09/06/2011 12:02:50] /a 6
[09/06/2011 12:03:08] /r
[09/06/2011 12:03:24] /r
[09/06/2011 12:03:34] /r
[09/06/2011 12:03:37] /i 2157
[09/06/2011 12:03:38] /i 2157
[09/06/2011 12:03:38] /i 2157
[09/06/2011 12:03:38] /i 2157
[09/06/2011 12:03:39] /i 2157
[09/06/2011 12:04:09] /r
[09/06/2011 12:04:24] /r
[09/06/2011 12:04:32] /r
[09/06/2011 12:04:43] /r
[09/06/2011 12:04:56] /r
[09/06/2011 12:05:12] /r
[09/06/2011 12:05:24] /r
[09/06/2011 12:05:34] /r
[09/06/2011 12:05:42] /r
[09/06/2011 12:05:55] /r
[09/06/2011 12:06:04] /r
[09/06/2011 12:06:18] /r
[09/06/2011 12:06:38] /a 3
[09/06/2011 12:06:46] /r
[09/06/2011 12:07:07] /r
[09/06/2011 12:07:16] /r
[09/06/2011 12:07:24] /r
[09/06/2011 12:07:45] /i 1484
[09/06/2011 12:07:46] /i 1484
[09/06/2011 12:07:49] /i 1484
[09/06/2011 12:07:49] /i 1484
[09/06/2011 12:07:50] /i 1484
[09/06/2011 12:07:51] /i 1484
[09/06/2011 12:07:58] /a
[09/06/2011 12:07:59] /a
[09/06/2011 12:08:01] /r
[09/06/2011 12:08:18] /r
[09/06/2011 12:08:19] /r
[09/06/2011 12:08:20] /r
[09/06/2011 12:08:22] /r
[09/06/2011 12:08:24] /r
[09/06/2011 12:08:28] /r
[09/06/2011 12:08:29] /r
[09/06/2011 12:08:30] /r
[09/06/2011 12:08:49] /goto Zabuza Swordmaster
[09/06/2011 12:12:55] /r
[09/06/2011 12:12:57] /r
[09/06/2011 12:13:06] /r
[09/06/2011 12:35:24] /ghost
[09/06/2011 19:31:46] /ghost
[09/06/2011 19:32:03] /goto [gm] bruno
[09/06/2011 19:32:16] /c [GM] Bruno
[09/06/2011 19:32:48] /ghost
[09/06/2011 19:32:56] /c [GM] Bruno
[09/06/2011 19:32:57] /c [GM] Bruno
[09/06/2011 20:06:47] /mc
[09/06/2011 20:13:06] /mc
[09/06/2011 20:14:02] /goto bruno
[09/06/2011 20:15:19] /goto Bruno
[09/06/2011 20:15:28] /goto Bruno
[09/06/2011 20:15:29] /goto Bruno
[09/06/2011 20:15:32] /ghost
[09/06/2011 20:15:32] /goto Bruno
[09/06/2011 20:15:34] /goto Bruno
[09/06/2011 20:15:38] /goto Bruno
[09/06/2011 20:16:12] /gethouse Bruno
[09/06/2011 20:17:17] /r
[09/06/2011 20:17:21] /r
[09/06/2011 20:17:22] /r
[09/06/2011 20:17:35] /i 6891
[09/06/2011 20:17:47] /owner Bruno
[09/06/2011 20:23:16] /c [gm] bruno
[09/06/2011 20:23:22] /c [gm] bruno
[09/06/2011 20:23:59] /r
[09/06/2011 20:29:44] /i 2160
[09/06/2011 20:29:45] /i 2160
[09/06/2011 20:29:46] /i 2160
[09/06/2011 20:29:48] /i 2160
[09/06/2011 20:29:48] /i 2160
[09/06/2011 20:31:49] /c bruno
[09/06/2011 20:31:59] /t
[09/06/2011 20:47:13] /ghost
[09/06/2011 23:42:27] /bc ot amanha as 7:00
[09/06/2011 23:42:27] /bc ot amanha as 7:00
[09/06/2011 23:42:28] /bc ot amanha as 7:00
[09/06/2011 23:42:28] /bc ot amanha as 7:00
[09/06/2011 23:42:29] /bc ot amanha as 7:00
[09/06/2011 23:42:30] /bc ot amanha as 7:00
[09/06/2011 23:42:31] /bc ot amanha as 7:00
[09/06/2011 23:42:32] /bc ot amanha as 7:00
[09/06/2011 23:42:33] /bc ot amanha as 7:00
[09/06/2011 23:42:33] /bc ot amanha as 7:00
[09/06/2011 23:42:33] /bc ot amanha as 7:00
[09/06/2011 23:42:34] /bc ot amanha as 7:00
[09/06/2011 23:42:34] /bc ot amanha as 7:00
[09/06/2011 23:42:35] /bc ot amanha as 7:00
[09/06/2011 23:42:58] /bc ot amanha as 7:00
[09/06/2011 23:42:58] /bc ot amanha as 7:00
[09/06/2011 23:42:59] /bc ot amanha as 7:00
[09/06/2011 23:42:59] /bc ot amanha as 7:00
[10/06/2011 15:08:58] /goto druid maste
[10/06/2011 15:09:02] /goto druid master
[10/06/2011 15:09:19] /ghost
[10/06/2011 15:09:21] /r
[10/06/2011 15:14:00] /ban Supremo Druid
[10/06/2011 15:21:37] /goto the teleportener
[10/06/2011 15:21:41] /up
[10/06/2011 15:21:45] /a
[10/06/2011 15:21:46] /a
[10/06/2011 15:21:46] /a
[10/06/2011 15:21:47] /a
[10/06/2011 15:21:47] /a
[10/06/2011 15:21:48] /a
[10/06/2011 15:21:48] /a
[10/06/2011 15:21:49] /a
[10/06/2011 15:21:49] /a
[10/06/2011 15:21:50] /a
[10/06/2011 15:21:50] /a
[10/06/2011 15:21:51] /a
[10/06/2011 15:21:51] /a
[10/06/2011 15:21:52] /a
[10/06/2011 15:21:52] /a
[10/06/2011 15:21:53] /a
[10/06/2011 15:21:55] /a 5
[10/06/2011 15:22:01] /c druid master
[10/06/2011 15:22:20] /c druid maste
[10/06/2011 15:22:22] /c druid master
[10/06/2011 15:23:26] /t Druid Master...
[10/06/2011 15:23:45] /t
[10/06/2011 15:24:03] /up
[10/06/2011 15:24:09] /c druid master
[10/06/2011 15:24:10] /addskill Druid Master,level,1000
[10/06/2011 15:25:28] /reload monster
[10/06/2011 15:25:32] /goto druid master
[10/06/2011 15:25:34] /goto druid master
[10/06/2011 15:25:35] /goto druid master
[10/06/2011 15:25:42] /goto druid master
[10/06/2011 15:25:45] /goto druid master
[10/06/2011 15:25:48] /goto druid master
[10/06/2011 15:25:51] /goto druid master
[10/06/2011 15:25:54] /goto druid master
[10/06/2011 15:25:55] /goto druid master
[10/06/2011 15:26:02] /goto druid master
[10/06/2011 15:26:17] /c druid master
[10/06/2011 15:26:35] /t druid master
[10/06/2011 15:27:17] /reload monster
[10/06/2011 15:27:42] /up
[10/06/2011 15:27:48] /down
[10/06/2011 15:27:52] /up
[10/06/2011 15:28:06] /a
[10/06/2011 15:28:06] /a
[10/06/2011 15:28:06] /a
[10/06/2011 15:28:06] /a
[10/06/2011 15:28:06] /a
[10/06/2011 15:28:06] /a
[10/06/2011 15:28:06] /a
[10/06/2011 15:28:06] /a
[10/06/2011 15:28:06] /a
[10/06/2011 15:28:06] /a
[10/06/2011 15:28:06] /a
[10/06/2011 15:28:06] /a
[10/06/2011 15:28:07] /a
[10/06/2011 15:28:07] /a
[10/06/2011 15:28:07] /a
[10/06/2011 15:28:07] /a
[10/06/2011 15:28:07] /a
[10/06/2011 15:28:07] /a
[10/06/2011 15:28:07] /a
[10/06/2011 15:28:07] /a
[10/06/2011 15:28:07] /a
[10/06/2011 15:28:07] /a
[10/06/2011 15:28:07] /a
[10/06/2011 15:28:07] /a
[10/06/2011 15:28:07] /a
[10/06/2011 15:28:07] /a
[10/06/2011 15:28:07] /a
[10/06/2011 15:28:07] /a
[10/06/2011 15:28:07] /a
[10/06/2011 15:28:07] /a
[10/06/2011 15:28:07] /a
[10/06/2011 15:28:07] /a
[10/06/2011 15:28:07] /a
[10/06/2011 15:28:07] /a
[10/06/2011 15:28:07] /a
[10/06/2011 15:28:07] /a
[10/06/2011 15:28:07] /a
[10/06/2011 15:28:07] /a
[10/06/2011 15:28:08] /a
[10/06/2011 15:28:08] /a
[10/06/2011 15:28:08] /a
[10/06/2011 15:28:08] /a
[10/06/2011 15:28:08] /a
[10/06/2011 15:28:08] /a
[10/06/2011 15:28:08] /a
[10/06/2011 15:28:08] /a
[10/06/2011 15:28:08] /a
[10/06/2011 15:28:08] /a
[10/06/2011 15:28:08] /a
[10/06/2011 15:28:08] /a
[10/06/2011 15:28:08] /a
[10/06/2011 15:28:08] /a
[10/06/2011 15:28:08] /a
[10/06/2011 15:28:08] /a
[10/06/2011 15:28:08] /a
[10/06/2011 15:28:08] /a
[10/06/2011 15:28:08] /a
[10/06/2011 15:28:08] /a
[10/06/2011 15:28:08] /a
[10/06/2011 15:28:08] /a
[10/06/2011 15:28:08] /a
[10/06/2011 15:28:08] /a
[10/06/2011 15:28:08] /a
[10/06/2011 15:28:09] /a
[10/06/2011 15:28:09] /a
[10/06/2011 15:28:09] /a
[10/06/2011 15:28:09] /a
[10/06/2011 15:28:09] /a
[10/06/2011 15:28:09] /a
[10/06/2011 15:28:09] /a
[10/06/2011 15:28:09] /a
[10/06/2011 15:28:09] /a
[10/06/2011 15:28:09] /a
[10/06/2011 15:28:09] /a
[10/06/2011 15:28:09] /a
[10/06/2011 15:28:09] /a
[10/06/2011 15:28:09] /a
[10/06/2011 15:28:09] /a
[10/06/2011 15:28:09] /a
[10/06/2011 15:28:09] /a
[10/06/2011 15:28:09] /a
[10/06/2011 15:28:09] /a
[10/06/2011 15:28:09] /a
[10/06/2011 15:28:09] /a
[10/06/2011 15:28:09] /a
[10/06/2011 15:28:09] /a
[10/06/2011 15:28:09] /a
[10/06/2011 15:28:09] /a
[10/06/2011 15:28:10] /a
[10/06/2011 15:28:10] /a
[10/06/2011 15:28:10] /a
[10/06/2011 15:28:10] /a
[10/06/2011 15:28:10] /a
[10/06/2011 15:28:10] /a
[10/06/2011 15:28:10] /a
[10/06/2011 15:28:10] /a
[10/06/2011 15:28:10] /a
[10/06/2011 15:28:10] /a
[10/06/2011 15:28:10] /a
[10/06/2011 15:28:10] /a
[10/06/2011 15:28:10] /a
[10/06/2011 15:28:10] /a
[10/06/2011 15:28:10] /a
[10/06/2011 15:28:10] /a
[10/06/2011 15:28:10] /a
[10/06/2011 15:28:10] /a
[10/06/2011 15:28:10] /a
[10/06/2011 15:28:10] /a
[10/06/2011 15:28:10] /a
[10/06/2011 15:28:10] /a
[10/06/2011 15:28:10] /a
[10/06/2011 15:28:10] /a
[10/06/2011 15:28:10] /a
[10/06/2011 15:28:10] /a
[10/06/2011 15:28:10] /a
[10/06/2011 15:28:10] /a
[10/06/2011 15:28:10] /a
[10/06/2011 15:28:11] /a
[10/06/2011 15:28:11] /a
[10/06/2011 15:28:11] /a
[10/06/2011 15:28:11] /a
[10/06/2011 15:28:11] /a
[10/06/2011 15:28:11] /a
[10/06/2011 15:28:11] /a
[10/06/2011 15:28:11] /a
[10/06/2011 15:28:11] /a
[10/06/2011 15:28:11] /a
[10/06/2011 15:28:11] /a
[10/06/2011 15:28:11] /a
[10/06/2011 15:28:11] /a
[10/06/2011 15:28:11] /a
[10/06/2011 15:28:11] /a
[10/06/2011 15:28:11] /a
[10/06/2011 15:28:11] /a
[10/06/2011 15:28:11] /a
[10/06/2011 15:28:14] /up
[10/06/2011 15:28:15] /up
[10/06/2011 15:28:17] /a
[10/06/2011 15:28:17] /a
[10/06/2011 15:28:17] /a
[10/06/2011 15:28:18] /a
[10/06/2011 15:28:18] /a
[10/06/2011 15:28:18] /a
[10/06/2011 15:28:18] /a
[10/06/2011 15:28:18] /a
[10/06/2011 15:28:18] /a
[10/06/2011 15:28:18] /a
[10/06/2011 15:28:18] /a
[10/06/2011 15:28:18] /a
[10/06/2011 15:28:18] /a
[10/06/2011 15:28:18] /a
[10/06/2011 15:28:18] /a
[10/06/2011 15:28:18] /a
[10/06/2011 15:28:18] /a
[10/06/2011 15:28:18] /a
[10/06/2011 15:28:18] /a
[10/06/2011 15:28:18] /a
[10/06/2011 15:28:19] /up
[10/06/2011 15:28:20] /a
[10/06/2011 15:28:20] /a
[10/06/2011 15:28:20] /a
[10/06/2011 15:28:21] /a
[10/06/2011 15:28:21] /a
[10/06/2011 15:28:21] /a
[10/06/2011 15:28:21] /a
[10/06/2011 15:28:21] /a
[10/06/2011 15:28:21] /a
[10/06/2011 15:28:21] /a
[10/06/2011 15:28:21] /a
[10/06/2011 15:28:21] /a
[10/06/2011 15:28:21] /a
[10/06/2011 15:28:21] /a
[10/06/2011 15:28:21] /a
[10/06/2011 15:28:21] /a
[10/06/2011 15:28:21] /a
[10/06/2011 15:28:21] /a
[10/06/2011 15:28:21] /a
[10/06/2011 15:28:21] /a
[10/06/2011 15:28:21] /a
[10/06/2011 15:28:21] /a
[10/06/2011 15:28:21] /a
[10/06/2011 15:28:21] /a
[10/06/2011 15:28:21] /a
[10/06/2011 15:28:21] /a
[10/06/2011 15:28:21] /a
[10/06/2011 15:28:21] /a
[10/06/2011 15:28:22] /a
[10/06/2011 15:28:22] /a
[10/06/2011 15:28:22] /a
[10/06/2011 15:28:22] /a
[10/06/2011 15:28:22] /a
[10/06/2011 15:28:22] /a
[10/06/2011 15:28:22] /a
[10/06/2011 15:28:22] /a
[10/06/2011 15:28:22] /a
[10/06/2011 15:28:22] /a
[10/06/2011 15:28:22] /a
[10/06/2011 15:28:22] /a
[10/06/2011 15:28:22] /a
[10/06/2011 15:28:22] /a
[10/06/2011 15:28:22] /a
[10/06/2011 15:28:22] /a
[10/06/2011 15:28:22] /a
[10/06/2011 15:28:22] /a
[10/06/2011 15:28:22] /a
[10/06/2011 15:28:22] /a
[10/06/2011 15:28:22] /a
[10/06/2011 15:28:22] /a
[10/06/2011 15:28:22] /a
[10/06/2011 15:28:22] /a
[10/06/2011 15:28:22] /a
[10/06/2011 15:28:22] /a
[10/06/2011 15:28:22] /a
[10/06/2011 15:28:23] /a
[10/06/2011 15:28:23] /up
[10/06/2011 15:28:24] /a
[10/06/2011 15:28:25] /a
[10/06/2011 15:28:25] /a
[10/06/2011 15:28:25] /a
[10/06/2011 15:28:25] /a
[10/06/2011 15:28:25] /a
[10/06/2011 15:28:25] /a
[10/06/2011 15:28:25] /a
[10/06/2011 15:28:25] /a
[10/06/2011 15:28:25] /a
[10/06/2011 15:28:25] /a
[10/06/2011 15:28:25] /a
[10/06/2011 15:28:25] /a
[10/06/2011 15:28:25] /a
[10/06/2011 15:28:25] /a
[10/06/2011 15:28:25] /a
[10/06/2011 15:28:25] /a
[10/06/2011 15:28:25] /a
[10/06/2011 15:28:25] /a
[10/06/2011 15:28:25] /a
[10/06/2011 15:28:25] /a
[10/06/2011 15:28:25] /a
[10/06/2011 15:28:25] /a
[10/06/2011 15:28:25] /a
[10/06/2011 15:28:25] /a
[10/06/2011 15:28:25] /a
[10/06/2011 15:28:25] /a
[10/06/2011 15:28:26] /a
[10/06/2011 15:28:26] /a
[10/06/2011 15:28:26] /a
[10/06/2011 15:28:27] /up
[10/06/2011 15:28:28] /a
[10/06/2011 15:28:28] /a
[10/06/2011 15:28:28] /a
[10/06/2011 15:28:28] /a
[10/06/2011 15:28:28] /a
[10/06/2011 15:28:28] /a
[10/06/2011 15:28:29] /a
[10/06/2011 15:28:29] /a
[10/06/2011 15:28:29] /a
[10/06/2011 15:28:29] /a
[10/06/2011 15:28:29] /a
[10/06/2011 15:28:29] /a
[10/06/2011 15:28:29] /a
[10/06/2011 15:28:29] /a
[10/06/2011 15:28:29] /a
[10/06/2011 15:28:29] /a
[10/06/2011 15:28:29] /a
[10/06/2011 15:28:29] /a
[10/06/2011 15:28:29] /a
[10/06/2011 15:28:29] /a
[10/06/2011 15:28:29] /a
[10/06/2011 15:28:29] /a
[10/06/2011 15:28:29] /a
[10/06/2011 15:28:29] /a
[10/06/2011 15:28:29] /a
[10/06/2011 15:28:29] /a
[10/06/2011 15:28:29] /a
[10/06/2011 15:28:29] /a
[10/06/2011 15:28:29] /a
[10/06/2011 15:28:29] /a
[10/06/2011 15:28:29] /a
[10/06/2011 15:28:29] /a
[10/06/2011 15:28:30] /a
[10/06/2011 15:28:30] /a
[10/06/2011 15:28:30] /a
[10/06/2011 15:28:30] /a
[10/06/2011 15:28:30] /a
[10/06/2011 15:28:30] /a
[10/06/2011 15:28:30] /a
[10/06/2011 15:28:30] /a
[10/06/2011 15:28:30] /a
[10/06/2011 15:28:30] /a
[10/06/2011 15:28:30] /a
[10/06/2011 15:28:30] /a
[10/06/2011 15:28:30] /a
[10/06/2011 15:28:30] /a
[10/06/2011 15:28:30] /a
[10/06/2011 15:28:30] /a
[10/06/2011 15:28:30] /a
[10/06/2011 15:28:30] /a
[10/06/2011 15:28:30] /a
[10/06/2011 15:28:30] /a
[10/06/2011 15:28:30] /a
[10/06/2011 15:28:30] /a
[10/06/2011 15:28:30] /a
[10/06/2011 15:28:30] /a
[10/06/2011 15:28:30] /a
[10/06/2011 15:28:30] /a
[10/06/2011 15:28:31] /a
[10/06/2011 15:28:31] /a
[10/06/2011 15:28:31] /a
[10/06/2011 15:28:31] /a
[10/06/2011 15:28:31] /a
[10/06/2011 15:28:31] /a
[10/06/2011 15:28:31] /a
[10/06/2011 15:28:31] /a
[10/06/2011 15:28:31] /a
[10/06/2011 15:28:31] /a
[10/06/2011 15:28:31] /a
[10/06/2011 15:28:31] /a
[10/06/2011 15:28:31] /a
[10/06/2011 15:28:31] /a
[10/06/2011 15:28:31] /a
[10/06/2011 15:28:31] /a
[10/06/2011 15:28:31] /a
[10/06/2011 15:28:31] /a
[10/06/2011 15:28:31] /a
[10/06/2011 15:28:31] /a
[10/06/2011 15:28:31] /a
[10/06/2011 15:28:31] /a
[10/06/2011 15:28:31] /a
[10/06/2011 15:28:31] /a
[10/06/2011 15:28:31] /a
[10/06/2011 15:28:31] /a
[10/06/2011 15:28:31] /a
[10/06/2011 15:28:32] /up
[10/06/2011 15:28:34] /down
[10/06/2011 15:28:36] /t
[10/06/2011 15:28:41] /goto druid master
[10/06/2011 15:36:22] /addskill druid master,level,1000
[10/06/2011 15:36:50] /ghost
[10/06/2011 15:36:56] /goto druid do capeta
[10/06/2011 15:37:02] /a 4
[10/06/2011 15:37:33] /addskill druid master,level,1000
[10/06/2011 15:39:47] /reload spells
[10/06/2011 15:45:20] /reload actions
[10/06/2011 15:47:18] /attr unique 9875
[10/06/2011 15:47:49] /attr unique 5423
[10/06/2011 15:48:05] /attr unique 2552
[10/06/2011 15:48:20] /attr unique 7856
[10/06/2011 15:48:35] /attr unique 6578
[10/06/2011 15:49:09] /attr unique 5423
[10/06/2011 15:49:14] /attr unique 5423
[10/06/2011 15:49:24] /attr uniqueID 5423
[10/06/2011 15:50:53] /goto the teleportener
[10/06/2011 15:53:57] /reload monster
[10/06/2011 15:54:05] /r
[10/06/2011 15:54:53] /r
[10/06/2011 15:54:56] /reload monster
[10/06/2011 15:55:44] /reload monster
[10/06/2011 15:56:00] /r
[10/06/2011 23:33:28] /ban Hael
[10/06/2011 23:33:44] /r
[11/06/2011 00:30:27] /bc OT Amanha AS 7hrs!!!!!!!!
[11/06/2011 00:30:28] /bc OT Amanha AS 7hrs!!!!!!!!
[11/06/2011 00:30:29] /bc OT Amanha AS 7hrs!!!!!!!!
[11/06/2011 00:30:30] /bc OT Amanha AS 7hrs!!!!!!!!
[11/06/2011 00:30:31] /bc OT Amanha AS 7hrs!!!!!!!!
[11/06/2011 00:30:32] /bc OT Amanha AS 7hrs!!!!!!!!
[11/06/2011 00:30:38] /bc OT Amanha AS 7hrs !
[11/06/2011 00:30:39] /bc OT Amanha AS 7hrs !
[11/06/2011 00:30:40] /bc OT Amanha AS 7hrs !
[11/06/2011 00:30:42] /bc OT Amanha AS 7hrs !
[11/06/2011 00:30:43] /bc OT Amanha AS 7hrs !
[11/06/2011 00:30:44] /bc OT Amanha AS 7hrs !
[11/06/2011 00:30:45] /bc OT Amanha AS 7hrs !
[11/06/2011 00:30:45] /bc OT Amanha AS 7hrs !
[11/06/2011 00:30:55] /bc OT Amanha AS 7hrs !
[11/06/2011 00:30:56] /bc OT Amanha AS 7hrs !
[11/06/2011 00:30:57] /bc OT Amanha AS 7hrs !
[11/06/2011 00:30:58] /bc OT Amanha AS 7hrs !
[11/06/2011 00:30:58] /bc OT Amanha AS 7hrs !
[11/06/2011 00:31:08] /ghost
[11/06/2011 00:31:12] /r
[11/06/2011 11:11:07] /ghost
[11/06/2011 11:11:26] /goto pallazin
[11/06/2011 11:11:29] /r
[11/06/2011 11:22:48] /mc
[11/06/2011 11:26:43] /ghost
[11/06/2011 11:42:13] /kick mestre magos
[11/06/2011 11:44:05] /goto [hoster] jean
[11/06/2011 11:44:30] /ghost
[11/06/2011 12:03:39] /a
[11/06/2011 12:04:07] /r
[11/06/2011 12:04:10] /a
[11/06/2011 12:12:40] /a
[11/06/2011 12:14:12] /a
[11/06/2011 12:15:37] /ghost
[11/06/2011 12:17:01] /kick [GM] Eduardo
[11/06/2011 12:27:44] /r
[11/06/2011 12:27:45] /r
[11/06/2011 12:27:47] /r
[11/06/2011 12:27:49] /r
[11/06/2011 12:27:51] /r
[11/06/2011 12:27:52] /r
[11/06/2011 12:27:54] /r
[11/06/2011 12:27:56] /r
[11/06/2011 12:27:59] /r
[11/06/2011 12:28:00] /r
[11/06/2011 12:28:07] /r
[11/06/2011 12:28:09] /r
[11/06/2011 12:28:10] /r
[11/06/2011 12:28:20] /r
[11/06/2011 12:29:38] /ghost
[11/06/2011 12:30:48] /a
[11/06/2011 12:30:50] /a
[11/06/2011 12:30:51] /a
[11/06/2011 12:35:47] /mc
[11/06/2011 12:37:03] /t
[11/06/2011 12:38:27] /a
[11/06/2011 12:38:29] /a
[11/06/2011 12:38:29] /a
[11/06/2011 12:38:53] /bc green; EVENTO SALA DE BAU!!!
[11/06/2011 12:39:00] /bc green; EVENTO NA SALA DE BAU!!!
[11/06/2011 12:39:00] /bc green; EVENTO NA SALA DE BAU!!!
[11/06/2011 12:39:01] /bc green; EVENTO NA SALA DE BAU!!!
[11/06/2011 12:39:02] /bc green; EVENTO NA SALA DE BAU!!!
[11/06/2011 12:39:02] /bc green; EVENTO NA SALA DE BAU!!!
[11/06/2011 12:39:03] /bc green; EVENTO NA SALA DE BAU!!!
[11/06/2011 12:39:03] /bc green; EVENTO NA SALA DE BAU!!!
[11/06/2011 12:39:04] /bc green; EVENTO NA SALA DE BAU!!!
[11/06/2011 12:39:10] /ghost
[11/06/2011 12:39:23] /r
[11/06/2011 12:39:52] /r
[11/06/2011 12:39:59] /i 2160
[11/06/2011 12:40:06] /r
[11/06/2011 12:40:15] /i 1484
[11/06/2011 12:40:16] /r
[11/06/2011 12:40:25] /r
[11/06/2011 12:40:41] /r
[11/06/2011 12:41:12] /r
[11/06/2011 12:41:56] /r
[11/06/2011 12:42:23] /r
[11/06/2011 12:42:49] /r
[11/06/2011 12:43:04] /r
[11/06/2011 12:44:05] /r
[11/06/2011 12:44:21] /r
[11/06/2011 12:44:49] /r
[11/06/2011 12:45:05] /r
[11/06/2011 12:45:43] /t Lord evil
[11/06/2011 12:46:47] /r
[11/06/2011 12:47:01] /r
[11/06/2011 12:47:27] /r
[11/06/2011 12:47:44] /r
[11/06/2011 12:48:01] /r
[11/06/2011 12:48:24] /r
[11/06/2011 12:48:46] /r
[11/06/2011 12:49:35] /r
[11/06/2011 12:49:43] /t Lord evil
[11/06/2011 12:50:11] /r
[11/06/2011 12:50:31] /r
[11/06/2011 12:50:51] /r
[11/06/2011 12:51:02] /r
[11/06/2011 12:51:13] /r
[11/06/2011 12:51:24] /a 7
[11/06/2011 12:51:31] /r
[11/06/2011 12:51:52] /r
[11/06/2011 12:52:04] /r
[11/06/2011 12:52:20] /r
[11/06/2011 12:52:47] /r
[11/06/2011 12:53:01] /r
[11/06/2011 12:53:14] /r
[11/06/2011 12:53:25] /r
[11/06/2011 12:53:34] /r
[11/06/2011 12:53:44] /r
[11/06/2011 12:53:53] /r
[11/06/2011 12:54:08] /r
[11/06/2011 12:54:28] /r
[11/06/2011 12:54:41] /r
[11/06/2011 12:54:50] /r
[11/06/2011 12:55:13] /r
[11/06/2011 12:55:25] /r
[11/06/2011 12:55:44] /r
[11/06/2011 12:55:55] /r
[11/06/2011 12:56:07] /r
[11/06/2011 12:56:25] /r
[11/06/2011 12:56:38] /r
[11/06/2011 12:56:57] /r
[11/06/2011 12:57:20] /r
[11/06/2011 12:57:31] /r
[11/06/2011 12:57:50] /r
[11/06/2011 12:58:12] /r
[11/06/2011 12:58:23] /r
[11/06/2011 12:58:38] /r
[11/06/2011 12:59:06] /r
[11/06/2011 12:59:40] /r
[11/06/2011 13:00:18] /r
[11/06/2011 13:00:33] /r
[11/06/2011 13:00:48] /r
[11/06/2011 13:01:01] /r
[11/06/2011 13:01:15] /ghost
[11/06/2011 13:01:35] /a
[11/06/2011 13:05:35] /goto [hoster] jean
[11/06/2011 13:07:38] /ghost
[11/06/2011 13:13:28] /r
[11/06/2011 13:13:42] /i ice shield
[11/06/2011 13:13:50] /i ice boots
[11/06/2011 13:14:20] /i ice legs
[11/06/2011 13:14:55] /i ring da mortalidade
[11/06/2011 13:15:15] /i amulet of loss
[11/06/2011 13:15:24] /i blue backpack
[11/06/2011 13:16:01] /i 2314
[11/06/2011 13:16:07] /i 2296
[11/06/2011 13:16:13] /i 10064
[11/06/2011 13:16:33] /r
[11/06/2011 13:16:33] /r
[11/06/2011 13:16:34] /r
[11/06/2011 13:16:34] /r
[11/06/2011 13:16:34] /r
[11/06/2011 13:16:55] /i 
[11/06/2011 13:19:56] /a
[11/06/2011 13:20:01] /a
[11/06/2011 13:20:13] /r
[11/06/2011 13:20:16] /r
[11/06/2011 13:20:18] /r
[11/06/2011 13:20:18] /r
[11/06/2011 13:20:19] /r
[11/06/2011 13:20:20] /r
[11/06/2011 13:20:21] /r
[11/06/2011 13:20:22] /r
[11/06/2011 13:20:23] /r
[11/06/2011 13:20:23] /r
[11/06/2011 13:20:24] /r
[11/06/2011 13:20:25] /r
[11/06/2011 13:20:26] /r
[11/06/2011 13:20:26] /r
[11/06/2011 13:20:27] /r
[11/06/2011 13:20:28] /r
[11/06/2011 13:20:31] /r
[11/06/2011 13:20:31] /r
[11/06/2011 13:20:32] /r
[11/06/2011 13:20:32] /r
[11/06/2011 13:20:32] /r
[11/06/2011 13:20:32] /r
[11/06/2011 13:20:33] /r
[11/06/2011 13:20:33] /r
[11/06/2011 13:20:33] /r
[11/06/2011 13:20:34] /r
[11/06/2011 13:20:34] /r
[11/06/2011 13:20:34] /r
[11/06/2011 13:20:34] /r
[11/06/2011 13:20:35] /r
[11/06/2011 13:20:35] /r
[11/06/2011 13:20:35] /r
[11/06/2011 13:20:35] /r
[11/06/2011 13:20:36] /r
[11/06/2011 13:20:36] /r
[11/06/2011 13:20:36] /r
[11/06/2011 13:20:36] /r
[11/06/2011 13:20:36] /r
[11/06/2011 13:20:37] /r
[11/06/2011 13:20:37] /r
[11/06/2011 13:20:37] /r
[11/06/2011 13:20:37] /r
[11/06/2011 13:20:37] /r
[11/06/2011 13:20:38] /r
[11/06/2011 13:20:38] /r
[11/06/2011 13:20:38] /r
[11/06/2011 13:20:38] /r
[11/06/2011 13:20:38] /r
[11/06/2011 13:20:39] /r
[11/06/2011 13:20:39] /r
[11/06/2011 13:20:39] /r
[11/06/2011 13:20:39] /r
[11/06/2011 13:20:39] /r
[11/06/2011 13:20:39] /r
[11/06/2011 13:20:46] /r
[11/06/2011 13:20:46] /r
[11/06/2011 13:20:46] /r
[11/06/2011 13:20:47] /r
[11/06/2011 13:20:47] /r
[11/06/2011 13:20:47] /r
[11/06/2011 13:20:47] /r
[11/06/2011 13:33:55] /ban hael
[11/06/2011 13:40:41] /a
[11/06/2011 13:40:43] /ghost
[11/06/2011 13:42:27] /c mestre amagos
[11/06/2011 13:42:54] /c mestre amagos
[11/06/2011 13:43:59] /a
[11/06/2011 13:47:22] /r
[11/06/2011 13:49:27] /a
[11/06/2011 13:50:14] /r
[11/06/2011 13:50:41] /r
[11/06/2011 13:50:50] /r
[11/06/2011 13:50:55] /a
[11/06/2011 13:53:10] /a
[11/06/2011 14:16:07] /goto super herp hunter
[11/06/2011 14:16:11] /goto super hero hunter
[11/06/2011 14:16:13] /goto super hero hunter
[11/06/2011 14:16:14] /goto super hero hunter
[11/06/2011 14:16:15] /goto super hero hunter
[11/06/2011 14:16:16] /goto super hero hunter
[11/06/2011 14:16:17] /goto super hero hunter
[11/06/2011 14:16:19] /a
[11/06/2011 14:16:20] /a
[11/06/2011 14:16:22] /goto super hero hunter
[11/06/2011 14:16:24] /goto super hero hunter
[11/06/2011 14:16:33] /t
[11/06/2011 14:21:27] /goto epic hero hunter
[11/06/2011 14:39:32] /t
[11/06/2011 14:43:02] /a 6
[11/06/2011 14:43:35] /unban Mma Strit
[11/06/2011 14:49:48] /ban /ban Mestre Magos
[11/06/2011 20:40:26] /a
[11/06/2011 20:40:27] /a
[11/06/2011 21:20:31] /mc
[11/06/2011 21:33:14] /save
[11/06/2011 21:33:21] /reload talkactions
[11/06/2011 21:44:08] /reload spells
[12/06/2011 00:34:08] /save
[12/06/2011 13:53:24] /save
[12/06/2011 16:33:21] /ghost
[12/06/2011 16:39:15] /r
[12/06/2011 16:39:33] /ban Cowboy
[12/06/2011 16:39:35] /r
[12/06/2011 16:42:39] /B Ot Lixo
[12/06/2011 16:50:01] /t
[12/06/2011 16:58:06] /c [CM] Eduardo
[12/06/2011 16:59:05] /B Barcelonasz
[12/06/2011 17:02:54] /b KEM SABE CRIAR CLIENTE DE TIBIA
[12/06/2011 17:02:55] /b KEM SABE CRIAR CLIENTE DE TIBIA
[12/06/2011 17:02:56] /b KEM SABE CRIAR CLIENTE DE TIBIA
[12/06/2011 17:02:56] /b KEM SABE CRIAR CLIENTE DE TIBIA
[12/06/2011 17:02:57] /b KEM SABE CRIAR CLIENTE DE TIBIA
[12/06/2011 17:02:57] /b KEM SABE CRIAR CLIENTE DE TIBIA
[12/06/2011 17:02:59] /b KEM SABE CRIAR CLIENTE DE TIBIA?
[12/06/2011 17:02:59] /b KEM SABE CRIAR CLIENTE DE TIBIA?
[12/06/2011 17:02:59] /b KEM SABE CRIAR CLIENTE DE TIBIA?
[12/06/2011 17:03:00] /b KEM SABE CRIAR CLIENTE DE TIBIA?
[12/06/2011 17:03:28] /b KEM SABE CRIAR CLIENTE DE TIBIA?
[12/06/2011 17:03:28] /b KEM SABE CRIAR CLIENTE DE TIBIA?
[12/06/2011 17:03:29] /b KEM SABE CRIAR CLIENTE DE TIBIA?
[12/06/2011 17:03:29] /b KEM SABE CRIAR CLIENTE DE TIBIA?
[12/06/2011 17:03:30] /b KEM SABE CRIAR CLIENTE DE TIBIA?
[12/06/2011 17:03:30] /b KEM SABE CRIAR CLIENTE DE TIBIA?
[12/06/2011 17:03:31] /b KEM SABE CRIAR CLIENTE DE TIBIA?
[12/06/2011 17:03:44] /b KEM SABE CRIAR CLIENTE DE TIBIA?
[12/06/2011 17:03:44] /b KEM SABE CRIAR CLIENTE DE TIBIA?
[12/06/2011 17:04:07] /b KEM SABE CRIAR CLIENTE DE TIBIA?
[12/06/2011 17:04:08] /b KEM SABE CRIAR CLIENTE DE TIBIA?
[12/06/2011 17:04:09] /b KEM SABE CRIAR CLIENTE DE TIBIA?
[12/06/2011 17:05:28] /B Cabal Xgamer
[12/06/2011 17:06:47] /b KEM SABE CRIAR CLIENTE DE TIBIA?
[12/06/2011 17:06:47] /b KEM SABE CRIAR CLIENTE DE TIBIA?
[12/06/2011 17:06:48] /b KEM SABE CRIAR CLIENTE DE TIBIA?
[12/06/2011 17:06:48] /b KEM SABE CRIAR CLIENTE DE TIBIA?
[12/06/2011 17:09:34] /b Affz ninguem sabe
[12/06/2011 17:09:43] /b =]
[12/06/2011 18:09:42] /r
[12/06/2011 18:10:50] /ghost
[12/06/2011 18:11:00] /r
[12/06/2011 18:11:14] /r
[12/06/2011 18:12:03] /kick [CM] Eduardo
[12/06/2011 18:12:06] /kick [CM] Eduardo
[12/06/2011 18:12:54] /goto [CM] Eduardo
[12/06/2011 18:14:35] /c mestre magos
[12/06/2011 21:08:49] /mc
[12/06/2011 21:53:40] /ghost
[12/06/2011 22:11:04] /ghost
[12/06/2011 22:12:32] /ghost
[13/06/2011 10:38:35] /ghost
[13/06/2011 10:38:36] /t
[13/06/2011 21:33:00] /save
[13/06/2011 21:33:04] /reload config.lua
[13/06/2011 21:38:26] /save
[13/06/2011 21:38:35] /reload creaturescripts
[13/06/2011 21:39:02] /reload creaturescripts
[13/06/2011 21:39:37] /reload creaturescripts
[13/06/2011 21:40:05] /reload creaturescripts
[13/06/2011 21:40:33] /reload creaturescripts
[13/06/2011 21:40:47] /reload creaturescripts
[13/06/2011 21:42:14] /save
[13/06/2011 21:42:21] /reload global events
[13/06/2011 21:42:39] /reload global events
[13/06/2011 21:43:10] /reload global events
[13/06/2011 21:43:39] /reload global events
[13/06/2011 21:44:48] /save
[13/06/2011 21:44:51] /reload global events
[13/06/2011 21:45:44] /save
[13/06/2011 21:45:47] /reload global events
[13/06/2011 21:46:17] /reload global events
[13/06/2011 21:46:43] /reload global events
[13/06/2011 21:46:59] /reload global events
[13/06/2011 21:48:34] /reload global events
[13/06/2011 21:49:23] /reload global events
[13/06/2011 21:50:17] /reload global events
[13/06/2011 21:50:46] /reload global events
[13/06/2011 21:51:24] /reload global events
[13/06/2011 21:52:13] /reload global events
[13/06/2011 22:51:30] /clean
[13/06/2011 22:53:24] /reload globalevents
[13/06/2011 23:11:14] /i 2284
[14/06/2011 10:31:57] /bc O IP DESSE OT AGORA E blackpvp.no-ip.biz
[14/06/2011 10:31:58] /bc O IP DESSE OT AGORA E blackpvp.no-ip.biz
[14/06/2011 10:31:59] /bc O IP DESSE OT AGORA E blackpvp.no-ip.biz
[14/06/2011 10:31:59] /bc O IP DESSE OT AGORA E blackpvp.no-ip.biz
[14/06/2011 10:32:00] /bc O IP DESSE OT AGORA E blackpvp.no-ip.biz
[14/06/2011 10:35:19] /save
[14/06/2011 10:35:25] /reload globalevents
[14/06/2011 10:36:13] /reload globalevents
[14/06/2011 10:37:05] /reload globalevents
[14/06/2011 10:38:52] /i 7386
[14/06/2011 10:39:00] /r
[14/06/2011 10:41:09] /reload globalevents
[14/06/2011 10:41:32] /reload globalevents
[14/06/2011 10:42:32] /reload globalevents
[14/06/2011 10:43:03] /reload globalevents
[14/06/2011 10:43:51] /reload globalevents
[14/06/2011 10:44:39] /reload globalevents
[14/06/2011 11:06:40] /reload globalevents
[14/06/2011 11:07:02] /bc O IP DESSE OT AGORA E blackpvp.no-ip.biz
[14/06/2011 11:07:02] /bc O IP DESSE OT AGORA E blackpvp.no-ip.biz
[14/06/2011 11:07:03] /bc O IP DESSE OT AGORA E blackpvp.no-ip.biz
[14/06/2011 11:07:03] /bc O IP DESSE OT AGORA E blackpvp.no-ip.biz
[14/06/2011 11:07:04] /bc O IP DESSE OT AGORA E blackpvp.no-ip.biz
[14/06/2011 11:07:05] /bc O IP DESSE OT AGORA E blackpvp.no-ip.biz
[14/06/2011 11:07:05] /bc O IP DESSE OT AGORA E blackpvp.no-ip.biz
[14/06/2011 11:07:06] /bc O IP DESSE OT AGORA E blackpvp.no-ip.biz
[14/06/2011 11:07:06] /bc O IP DESSE OT AGORA E blackpvp.no-ip.biz
[14/06/2011 11:07:52] /ghost
[14/06/2011 11:11:38] /mc
[14/06/2011 11:11:49] /a 3
[14/06/2011 11:25:05] /ghost
[14/06/2011 11:25:06] /t
[14/06/2011 11:25:10] /goto heal
[14/06/2011 11:25:20] /goto halss
[14/06/2011 12:39:35] /t
[14/06/2011 19:26:35] /npc Promotion Seller
[14/06/2011 19:26:36] /npc Promotion Seller
[14/06/2011 19:26:37] /npc Promotion Seller
[14/06/2011 19:26:45] /npc Queen Eloise
[14/06/2011 19:26:50] /r
[14/06/2011 19:28:43] /npc The Oracle
[14/06/2011 19:29:35] /r
[14/06/2011 19:29:47] /reload npc
[14/06/2011 19:29:51] /npc Promotion Seller
[14/06/2011 19:30:13] /i 2160
[14/06/2011 19:30:22] /r 100
[14/06/2011 19:32:44] /reload npc
[14/06/2011 19:33:23] /r
[14/06/2011 21:29:10] /raid dragon
[14/06/2011 21:29:27] /raid Morgaroth
[14/06/2011 21:30:11] /raid Orshabaal
[14/06/2011 21:33:30] /save
[14/06/2011 21:33:34] /reload talkactions
[14/06/2011 22:21:43] /t
[14/06/2011 22:21:46] /t
[14/06/2011 22:21:51] /ghost
[14/06/2011 22:26:17] /reload raid
[14/06/2011 22:27:12] /raid Demon Lord
[14/06/2011 22:29:36] /reload raid
[14/06/2011 22:29:42] /raid demon lord
[14/06/2011 22:30:17] /r
[14/06/2011 22:36:49] /r
[14/06/2011 22:39:26] /a
[14/06/2011 22:39:27] /a
[14/06/2011 22:39:32] /a
[14/06/2011 22:39:33] /a
[14/06/2011 22:47:02] /c Mister Ziika
[14/06/2011 22:47:03] /c Mister Ziika
[14/06/2011 22:47:04] /c Mister Ziika
[14/06/2011 22:47:16] /a
[14/06/2011 22:47:17] /a
[14/06/2011 22:47:24] /a
[14/06/2011 22:47:26] /a
[14/06/2011 22:47:27] /a
[14/06/2011 22:47:49] /c Mister Ziika
[14/06/2011 22:47:51] /c Mister Ziika
[14/06/2011 22:47:52] /c Mister Ziika
[14/06/2011 22:47:53] /c Mister Ziika
[14/06/2011 22:47:54] /c Mister Ziika
[14/06/2011 22:49:13] /a
[14/06/2011 22:49:15] /a
[14/06/2011 22:49:15] /a
[14/06/2011 22:49:16] /a
[14/06/2011 22:49:18] /a
[14/06/2011 22:49:25] /a 4
[14/06/2011 22:54:43] /c Mister Ziika
[14/06/2011 22:54:44] /c Mister Ziika
[14/06/2011 22:54:44] /c Mister Ziika
[14/06/2011 22:54:45] /c Mister Ziika
[14/06/2011 22:54:46] /c Mister Ziika
[14/06/2011 22:54:47] /c Mister Ziika
[15/06/2011 01:14:39] /bc OT Amanha As 7:00
[15/06/2011 01:14:40] /bc OT Amanha As 7:00
[15/06/2011 01:14:41] /bc OT Amanha As 7:00
[15/06/2011 01:14:42] /bc OT Amanha As 7:00
[15/06/2011 01:14:43] /bc OT Amanha As 7:00
[15/06/2011 01:14:44] /bc OT Amanha As 7:00
[15/06/2011 01:14:44] /bc OT Amanha As 7:00
[15/06/2011 10:39:08] /r
[15/06/2011 10:50:54] /r
[15/06/2011 11:08:29] /t
[15/06/2011 11:12:19] /reload npc
[15/06/2011 11:32:30] /reload npc
[15/06/2011 11:33:44] /reload npc
[15/06/2011 18:35:37] /t
[15/06/2011 18:35:42] /save
[15/06/2011 18:35:49] /ghost
[15/06/2011 18:35:55] /ghost
[15/06/2011 19:02:05] /r
[15/06/2011 19:32:33] /addskill Bruno,level,20000
[15/06/2011 22:03:51] /r
[15/06/2011 22:08:39] /kick Druid Master
[15/06/2011 22:08:50] /ghost
[15/06/2011 22:09:15] /kick Druid Master
[15/06/2011 22:14:50] /mc
[16/06/2011 00:03:58] /t
[16/06/2011 00:06:20] /m Water Serpent
[16/06/2011 00:06:22] /r
[16/06/2011 00:20:36] /goto druid master
[16/06/2011 00:21:07] /i 8306
[16/06/2011 00:21:39] /c druid master
[16/06/2011 00:22:16] /r
[16/06/2011 00:23:02] /ghost
[16/06/2011 00:23:28] /a
[16/06/2011 00:23:29] /a
[16/06/2011 00:23:40] /a
[16/06/2011 00:24:16] /a 3
[16/06/2011 00:24:24] /a
[16/06/2011 00:25:19] /a
[16/06/2011 00:25:29] /i 2300
[16/06/2011 00:25:42] /r
[16/06/2011 00:25:48] /a
[16/06/2011 00:25:59] /i 2307
[16/06/2011 00:28:34] /a
[16/06/2011 00:28:57] /a
[16/06/2011 00:30:18] /a
[16/06/2011 00:30:19] /a
[16/06/2011 00:30:25] /a
[16/06/2011 00:30:27] /a
[16/06/2011 00:30:44] /i 1544
[16/06/2011 00:30:47] /r
[16/06/2011 00:30:55] /i 8293
[16/06/2011 00:31:00] /r
[16/06/2011 00:31:33] /i 7958
[16/06/2011 00:32:24] /r
[16/06/2011 00:33:05] /npc Mage Selle
[16/06/2011 00:33:06] /npc Mage Seller
[16/06/2011 00:33:56] /r
[16/06/2011 00:36:24] /t Druid Master
[16/06/2011 00:46:10] /goto druid master
[16/06/2011 00:50:26] /t
[16/06/2011 00:50:34] /goto druid master
[16/06/2011 00:56:19] /t Druid Master
[16/06/2011 00:56:19] /t Druid Master
[16/06/2011 00:56:20] /t Druid Master
[16/06/2011 00:56:20] /t Druid Master
[16/06/2011 00:56:20] /t Druid Master
[16/06/2011 00:56:20] /t Druid Master
[16/06/2011 00:56:20] /t Druid Master
[16/06/2011 00:56:20] /t Druid Master
[16/06/2011 00:56:20] /t Druid Master
[16/06/2011 00:56:20] /t Druid Master
[16/06/2011 00:56:20] /t Druid Master
[16/06/2011 00:56:20] /t Druid Master
[16/06/2011 00:56:20] /t Druid Master
[16/06/2011 00:56:20] /t Druid Master
[16/06/2011 00:56:20] /t Druid Master
[16/06/2011 00:56:20] /t Druid Master
[16/06/2011 00:56:20] /t Druid Master
[16/06/2011 00:56:20] /t Druid Master
[16/06/2011 00:56:20] /t Druid Master
[16/06/2011 00:56:20] /t Druid Master
[16/06/2011 00:56:20] /t Druid Master
[16/06/2011 00:56:20] /t Druid Master
[16/06/2011 00:56:20] /t Druid Master
[16/06/2011 00:56:21] /t Druid Master
[16/06/2011 00:56:21] /t Druid Master
[16/06/2011 00:56:21] /t Druid Master
[16/06/2011 00:56:21] /t Druid Master
[16/06/2011 00:56:21] /t Druid Master
[16/06/2011 00:56:21] /t Druid Master
[16/06/2011 00:56:21] /t Druid Master
[16/06/2011 00:56:21] /t Druid Master
[16/06/2011 00:56:21] /t Druid Master
[16/06/2011 00:56:21] /t Druid Master
[16/06/2011 00:56:21] /t Druid Master
[16/06/2011 00:56:21] /t Druid Master
[16/06/2011 00:56:21] /t Druid Master
[16/06/2011 00:56:21] /t Druid Master
[16/06/2011 00:56:21] /t Druid Master
[16/06/2011 00:56:21] /t Druid Master
[16/06/2011 00:56:21] /t Druid Master
[16/06/2011 00:56:21] /t Druid Master
[16/06/2011 00:56:21] /t Druid Master
[16/06/2011 00:56:21] /t Druid Master
[16/06/2011 00:56:21] /t Druid Master
[16/06/2011 00:56:21] /t Druid Master
[16/06/2011 00:56:21] /t Druid Master
[16/06/2011 00:56:21] /t Druid Master
[16/06/2011 00:56:21] /t Druid Master
[16/06/2011 00:56:21] /t Druid Master
[16/06/2011 00:56:21] /t Druid Master
[16/06/2011 00:56:21] /t Druid Master
[16/06/2011 00:56:21] /t Druid Master
[16/06/2011 00:56:21] /t Druid Master
[16/06/2011 00:56:22] /t Druid Master
[16/06/2011 00:56:22] /t Druid Master
[16/06/2011 00:56:22] /t Druid Master
[16/06/2011 00:56:22] /t Druid Master
[16/06/2011 00:56:22] /t Druid Master
[16/06/2011 00:56:22] /t Druid Master
[16/06/2011 00:56:22] /t Druid Master
[16/06/2011 00:56:22] /t Druid Master
[16/06/2011 00:56:22] /t Druid Master
[16/06/2011 00:56:22] /t Druid Master
[16/06/2011 00:56:22] /t Druid Master
[16/06/2011 00:56:22] /t Druid Master
[16/06/2011 00:56:22] /t Druid Master
[16/06/2011 00:56:22] /t Druid Master
[16/06/2011 00:56:22] /t Druid Master
[16/06/2011 00:56:22] /t Druid Master
[16/06/2011 00:56:22] /t Druid Master
[16/06/2011 00:56:22] /t Druid Master
[16/06/2011 00:56:28] /t
[16/06/2011 00:56:30] /t Druid Master
[16/06/2011 00:56:31] /t Druid Master
[16/06/2011 00:56:31] /t Druid Master
[16/06/2011 00:56:31] /t Druid Master
[16/06/2011 00:56:31] /t Druid Master
[16/06/2011 00:56:31] /t Druid Master
[16/06/2011 00:56:31] /t Druid Master
[16/06/2011 00:56:31] /t Druid Master
[16/06/2011 00:56:31] /t Druid Master
[16/06/2011 00:56:31] /t Druid Master
[16/06/2011 00:56:31] /t Druid Master
[16/06/2011 00:56:31] /t Druid Master
[16/06/2011 00:56:31] /t Druid Master
[16/06/2011 00:56:31] /t Druid Master
[16/06/2011 00:56:31] /t Druid Master
[16/06/2011 00:56:31] /t Druid Master
[16/06/2011 00:56:31] /t Druid Master
[16/06/2011 00:56:31] /t Druid Master
[16/06/2011 00:56:31] /t Druid Master
[16/06/2011 00:56:31] /t Druid Master
[16/06/2011 00:56:31] /t Druid Master
[16/06/2011 00:56:31] /t Druid Master
[16/06/2011 00:56:31] /t Druid Master
[16/06/2011 00:56:31] /t Druid Master
[16/06/2011 00:56:31] /t Druid Master
[16/06/2011 00:56:31] /t Druid Master
[16/06/2011 00:56:31] /t Druid Master
[16/06/2011 00:56:32] /t Druid Master
[16/06/2011 00:56:32] /t Druid Master
[16/06/2011 00:56:32] /t Druid Master
[16/06/2011 00:56:32] /t Druid Master
[16/06/2011 00:56:32] /t Druid Master
[16/06/2011 00:56:32] /t Druid Master
[16/06/2011 00:56:32] /t Druid Master
[16/06/2011 00:56:32] /t Druid Master
[16/06/2011 00:56:32] /t Druid Master
[16/06/2011 00:56:32] /t Druid Master
[16/06/2011 00:56:32] /t Druid Master
[16/06/2011 00:56:32] /t Druid Master
[16/06/2011 00:56:32] /t Druid Master
[16/06/2011 00:56:32] /t Druid Master
[16/06/2011 00:56:32] /t Druid Master
[16/06/2011 00:56:32] /t Druid Master
[16/06/2011 00:56:32] /t Druid Master
[16/06/2011 00:56:32] /t Druid Master
[16/06/2011 00:56:32] /t Druid Master
[16/06/2011 00:56:32] /t Druid Master
[16/06/2011 00:56:32] /t Druid Master
[16/06/2011 00:56:32] /t Druid Master
[16/06/2011 00:56:32] /t Druid Master
[16/06/2011 00:56:32] /t Druid Master
[16/06/2011 00:56:32] /t Druid Master
[16/06/2011 00:56:32] /t Druid Master
[16/06/2011 00:56:32] /t Druid Master
[16/06/2011 00:56:32] /t Druid Master
[16/06/2011 00:56:33] /t Druid Master
[16/06/2011 00:56:33] /t Druid Master
[16/06/2011 00:56:33] /t Druid Master
[16/06/2011 00:56:33] /t Druid Master
[16/06/2011 00:56:33] /t Druid Master
[16/06/2011 00:56:33] /t Druid Master
[16/06/2011 00:56:33] /t Druid Master
[16/06/2011 00:56:33] /t Druid Master
[16/06/2011 00:56:33] /t Druid Master
[16/06/2011 00:56:33] /t Druid Master
[16/06/2011 00:56:33] /t Druid Master
[16/06/2011 00:56:33] /t Druid Master
[16/06/2011 00:56:33] /t Druid Master
[16/06/2011 00:56:33] /t Druid Master
[16/06/2011 00:56:33] /t Druid Master
[16/06/2011 00:56:33] /t Druid Master
[16/06/2011 00:56:33] /t Druid Master
[16/06/2011 00:56:33] /t Druid Master
[16/06/2011 00:56:33] /t Druid Master
[16/06/2011 00:56:33] /t Druid Master
[16/06/2011 00:56:33] /t Druid Master
[16/06/2011 00:56:33] /t Druid Master
[16/06/2011 00:56:33] /t Druid Master
[16/06/2011 00:56:33] /t Druid Master
[16/06/2011 00:56:33] /t Druid Master
[16/06/2011 00:56:33] /t Druid Master
[16/06/2011 00:56:33] /t Druid Master
[16/06/2011 00:56:34] /t Druid Master
[16/06/2011 00:56:34] /t Druid Master
[16/06/2011 00:56:34] /t Druid Master
[16/06/2011 00:56:34] /t Druid Master
[16/06/2011 00:56:34] /t Druid Master
[16/06/2011 00:56:34] /t Druid Master
[16/06/2011 00:56:34] /t Druid Master
[16/06/2011 00:56:34] /t Druid Master
[16/06/2011 00:56:34] /t Druid Master
[16/06/2011 00:56:34] /t Druid Master
[16/06/2011 00:56:34] /t Druid Master
[16/06/2011 00:56:34] /t Druid Master
[16/06/2011 00:56:34] /t Druid Master
[16/06/2011 00:56:34] /t Druid Master
[16/06/2011 00:56:34] /t Druid Master
[16/06/2011 00:56:34] /t Druid Master
[16/06/2011 00:56:34] /t Druid Master
[16/06/2011 00:56:34] /t Druid Master
[16/06/2011 00:56:34] /t Druid Master
[16/06/2011 00:56:34] /t Druid Master
[16/06/2011 00:56:34] /t Druid Master
[16/06/2011 00:56:34] /t Druid Master
[16/06/2011 00:56:34] /t Druid Master
[16/06/2011 00:56:34] /t Druid Master
[16/06/2011 00:56:34] /t Druid Master
[16/06/2011 00:56:34] /t Druid Master
[16/06/2011 00:56:34] /t Druid Master
[16/06/2011 00:56:35] /t Druid Master
[16/06/2011 00:56:35] /t Druid Master
[16/06/2011 00:56:35] /t Druid Master
[16/06/2011 00:56:35] /t Druid Master
[16/06/2011 00:56:35] /t Druid Master
[16/06/2011 00:56:35] /t Druid Master
[16/06/2011 00:56:35] /t Druid Master
[16/06/2011 00:56:35] /t Druid Master
[16/06/2011 00:56:35] /t Druid Master
[16/06/2011 00:56:35] /t Druid Master
[16/06/2011 00:56:35] /t Druid Master
[16/06/2011 00:56:35] /t Druid Master
[16/06/2011 00:56:35] /t Druid Master
[16/06/2011 00:56:35] /t Druid Master
[16/06/2011 00:56:35] /t Druid Master
[16/06/2011 00:56:35] /t Druid Master
[16/06/2011 00:56:35] /t Druid Master
[16/06/2011 00:56:35] /t Druid Master
[16/06/2011 00:56:35] /t Druid Master
[16/06/2011 00:56:35] /t Druid Master
[16/06/2011 00:56:35] /t Druid Master
[16/06/2011 00:56:35] /t Druid Master
[16/06/2011 00:56:35] /t Druid Master
[16/06/2011 00:56:35] /t Druid Master
[16/06/2011 00:56:35] /t Druid Master
[16/06/2011 00:56:35] /t Druid Master
[16/06/2011 00:56:35] /t Druid Master
[16/06/2011 00:56:36] /t Druid Master
[16/06/2011 00:56:36] /t Druid Master
[16/06/2011 00:56:36] /t Druid Master
[16/06/2011 00:56:36] /t Druid Master
[16/06/2011 00:56:36] /t Druid Master
[16/06/2011 00:56:36] /t Druid Master
[16/06/2011 00:56:36] /t Druid Master
[16/06/2011 00:56:36] /t Druid Master
[16/06/2011 00:56:36] /t Druid Master
[16/06/2011 00:56:36] /t Druid Master
[16/06/2011 00:56:36] /t Druid Master
[16/06/2011 00:56:36] /t Druid Master
[16/06/2011 00:56:36] /t Druid Master
[16/06/2011 00:56:36] /t Druid Master
[16/06/2011 00:56:36] /t Druid Master
[16/06/2011 00:56:36] /t Druid Master
[16/06/2011 00:56:36] /t Druid Master
[16/06/2011 00:56:36] /t Druid Master
[16/06/2011 00:56:36] /t Druid Master
[16/06/2011 00:56:36] /t Druid Master
[16/06/2011 00:56:36] /t Druid Master
[16/06/2011 00:56:36] /t Druid Master
[16/06/2011 00:56:36] /t Druid Master
[16/06/2011 00:56:36] /t Druid Master
[16/06/2011 00:56:36] /t Druid Master
[16/06/2011 00:56:36] /t Druid Master
[16/06/2011 00:56:36] /t Druid Master
[16/06/2011 00:56:36] /t Druid Master
[16/06/2011 00:56:36] /t Druid Master
[16/06/2011 00:56:37] /t Druid Master
[16/06/2011 00:56:37] /t Druid Master
[16/06/2011 00:56:37] /t Druid Master
[16/06/2011 00:56:37] /t Druid Master
[16/06/2011 00:56:37] /t Druid Master
[16/06/2011 00:56:37] /t Druid Master
[16/06/2011 00:56:37] /t Druid Master
[16/06/2011 00:56:37] /t Druid Master
[16/06/2011 00:56:37] /t Druid Master
[16/06/2011 00:56:37] /t Druid Master
[16/06/2011 00:56:37] /t Druid Master
[16/06/2011 00:56:37] /t Druid Master
[16/06/2011 00:56:37] /t Druid Master
[16/06/2011 00:56:37] /t Druid Master
[16/06/2011 00:56:37] /t Druid Master
[16/06/2011 00:56:37] /t Druid Master
[16/06/2011 00:56:37] /t Druid Master
[16/06/2011 00:56:37] /t Druid Master
[16/06/2011 00:56:37] /t Druid Master
[16/06/2011 00:56:37] /t Druid Master
[16/06/2011 00:56:37] /t Druid Master
[16/06/2011 00:56:37] /t Druid Master
[16/06/2011 00:56:37] /t Druid Master
[16/06/2011 00:56:37] /t Druid Master
[16/06/2011 00:56:37] /t Druid Master
[16/06/2011 00:56:37] /t Druid Master
[16/06/2011 00:56:37] /t Druid Master
[16/06/2011 00:56:37] /t Druid Master
[16/06/2011 00:56:38] /t Druid Master
[16/06/2011 00:56:38] /t Druid Master
[16/06/2011 00:56:38] /t Druid Master
[16/06/2011 00:56:38] /t Druid Master
[16/06/2011 00:56:38] /t Druid Master
[16/06/2011 00:56:38] /t Druid Master
[16/06/2011 00:56:38] /t Druid Master
[16/06/2011 00:56:38] /t Druid Master
[16/06/2011 00:56:38] /t Druid Master
[16/06/2011 00:56:38] /t Druid Master
[16/06/2011 00:56:38] /t Druid Master
[16/06/2011 00:56:38] /t Druid Master
[16/06/2011 00:56:38] /t Druid Master
[16/06/2011 00:56:38] /t Druid Master
[16/06/2011 00:56:38] /t Druid Master
[16/06/2011 00:56:38] /t Druid Master
[16/06/2011 00:56:38] /t Druid Master
[16/06/2011 00:56:38] /t Druid Master
[16/06/2011 00:56:38] /t Druid Master
[16/06/2011 00:56:38] /t Druid Master
[16/06/2011 00:56:38] /t Druid Master
[16/06/2011 00:56:38] /t Druid Master
[16/06/2011 00:56:38] /t Druid Master
[16/06/2011 00:56:38] /t Druid Master
[16/06/2011 00:56:38] /t Druid Master
[16/06/2011 00:56:38] /t Druid Master
[16/06/2011 00:56:38] /t Druid Master
[16/06/2011 00:56:38] /t Druid Master
[16/06/2011 00:56:38] /t Druid Master
[16/06/2011 00:56:39] /t Druid Master
[16/06/2011 00:56:39] /t Druid Master
[16/06/2011 00:56:39] /t Druid Master
[16/06/2011 00:56:39] /t Druid Master
[16/06/2011 00:56:39] /t Druid Master
[16/06/2011 00:56:39] /t Druid Master
[16/06/2011 00:56:39] /t Druid Master
[16/06/2011 00:56:39] /t Druid Master
[16/06/2011 00:56:39] /t Druid Master
[16/06/2011 00:56:39] /t Druid Master
[16/06/2011 00:56:39] /t Druid Master
[16/06/2011 00:56:39] /t Druid Master
[16/06/2011 00:56:39] /t Druid Master
[16/06/2011 00:56:39] /t Druid Master
[16/06/2011 00:56:39] /t Druid Master
[16/06/2011 00:56:39] /t Druid Master
[16/06/2011 00:56:39] /t Druid Master
[16/06/2011 00:56:39] /t Druid Master
[16/06/2011 00:56:39] /t Druid Master
[16/06/2011 00:56:39] /t Druid Master
[16/06/2011 00:56:39] /t Druid Master
[16/06/2011 00:56:39] /t Druid Master
[16/06/2011 00:56:39] /t Druid Master
[16/06/2011 00:56:39] /t Druid Master
[16/06/2011 00:56:39] /t Druid Master
[16/06/2011 00:56:39] /t Druid Master
[16/06/2011 00:56:39] /t Druid Master
[16/06/2011 00:56:39] /t Druid Master
[16/06/2011 00:56:40] /t Druid Master
[16/06/2011 00:56:40] /t Druid Master
[16/06/2011 00:56:40] /t Druid Master
[16/06/2011 00:56:40] /t Druid Master
[16/06/2011 00:56:40] /t Druid Master
[16/06/2011 00:56:40] /t Druid Master
[16/06/2011 00:56:40] /t Druid Master
[16/06/2011 00:56:40] /t Druid Master
[16/06/2011 00:56:40] /t Druid Master
[16/06/2011 00:56:40] /t Druid Master
[16/06/2011 00:56:40] /t Druid Master
[16/06/2011 00:56:40] /t Druid Master
[16/06/2011 00:56:40] /t Druid Master
[16/06/2011 00:56:40] /t Druid Master
[16/06/2011 00:56:40] /t Druid Master
[16/06/2011 00:56:40] /t Druid Master
[16/06/2011 00:56:40] /t Druid Master
[16/06/2011 00:56:40] /t Druid Master
[16/06/2011 00:56:40] /t Druid Master
[16/06/2011 00:56:40] /t Druid Master
[16/06/2011 00:56:40] /t Druid Master
[16/06/2011 00:56:40] /t Druid Master
[16/06/2011 00:56:40] /t Druid Master
[16/06/2011 00:56:40] /t Druid Master
[16/06/2011 00:56:40] /t Druid Master
[16/06/2011 00:56:40] /t Druid Master
[16/06/2011 00:56:40] /t Druid Master
[16/06/2011 00:56:41] /t Druid Master
[16/06/2011 00:56:41] /t Druid Master
[16/06/2011 00:56:41] /t Druid Master
[16/06/2011 00:56:41] /t Druid Master
[16/06/2011 00:56:41] /t Druid Master
[16/06/2011 00:56:41] /t Druid Master
[16/06/2011 00:56:41] /t Druid Master
[16/06/2011 00:56:41] /t Druid Master
[16/06/2011 00:56:41] /t Druid Master
[16/06/2011 00:56:41] /t Druid Master
[16/06/2011 00:56:41] /t Druid Master
[16/06/2011 00:56:41] /t Druid Master
[16/06/2011 00:56:41] /t Druid Master
[16/06/2011 00:56:41] /t Druid Master
[16/06/2011 00:56:41] /t Druid Master
[16/06/2011 00:56:41] /t Druid Master
[16/06/2011 00:56:41] /t Druid Master
[16/06/2011 00:56:41] /t Druid Master
[16/06/2011 00:56:41] /t Druid Master
[16/06/2011 00:56:41] /t Druid Master
[16/06/2011 00:56:41] /t Druid Master
[16/06/2011 00:56:41] /t Druid Master
[16/06/2011 00:56:41] /t Druid Master
[16/06/2011 00:56:41] /t Druid Master
[16/06/2011 00:56:41] /t Druid Master
[16/06/2011 00:56:41] /t Druid Master
[16/06/2011 00:56:41] /t Druid Master
[16/06/2011 00:56:41] /t Druid Master
[16/06/2011 00:56:42] /t Druid Master
[16/06/2011 00:56:42] /t Druid Master
[16/06/2011 00:56:42] /t Druid Master
[16/06/2011 00:56:42] /t Druid Master
[16/06/2011 00:56:42] /t Druid Master
[16/06/2011 00:56:42] /t Druid Master
[16/06/2011 00:56:42] /t Druid Master
[16/06/2011 00:56:42] /t Druid Master
[16/06/2011 00:56:42] /t Druid Master
[16/06/2011 00:56:42] /t Druid Master
[16/06/2011 00:56:42] /t Druid Master
[16/06/2011 00:56:42] /t Druid Master
[16/06/2011 00:56:42] /t Druid Master
[16/06/2011 00:56:42] /t Druid Master
[16/06/2011 00:56:42] /t Druid Master
[16/06/2011 00:56:42] /t Druid Master
[16/06/2011 00:56:42] /t Druid Master
[16/06/2011 00:56:42] /t Druid Master
[16/06/2011 00:56:42] /t Druid Master
[16/06/2011 00:56:42] /t Druid Master
[16/06/2011 00:56:42] /t Druid Master
[16/06/2011 00:56:42] /t Druid Master
[16/06/2011 00:56:42] /t Druid Master
[16/06/2011 00:56:42] /t Druid Master
[16/06/2011 00:56:42] /t Druid Master
[16/06/2011 00:56:42] /t Druid Master
[16/06/2011 00:56:43] /t Druid Master
[16/06/2011 00:56:43] /t Druid Master
[16/06/2011 00:56:43] /t Druid Master
[16/06/2011 00:56:43] /t Druid Master
[16/06/2011 00:56:43] /t Druid Master
[16/06/2011 00:56:43] /t Druid Master
[16/06/2011 00:56:43] /t Druid Master
[16/06/2011 00:56:43] /t Druid Master
[16/06/2011 00:56:43] /t Druid Master
[16/06/2011 00:56:43] /t Druid Master
[16/06/2011 00:56:43] /t Druid Master
[16/06/2011 00:56:43] /t Druid Master
[16/06/2011 00:56:43] /t Druid Master
[16/06/2011 00:56:43] /t Druid Master
[16/06/2011 00:56:43] /t Druid Master
[16/06/2011 00:56:43] /t Druid Master
[16/06/2011 00:56:43] /t Druid Master
[16/06/2011 00:56:43] /t Druid Master
[16/06/2011 00:56:43] /t Druid Master
[16/06/2011 00:56:43] /t Druid Master
[16/06/2011 00:56:43] /t Druid Master
[16/06/2011 00:56:43] /t Druid Master
[16/06/2011 00:56:43] /t Druid Master
[16/06/2011 00:56:43] /t Druid Master
[16/06/2011 00:56:43] /t Druid Master
[16/06/2011 00:56:43] /t Druid Master
[16/06/2011 00:56:43] /t Druid Master
[16/06/2011 00:56:44] /t Druid Master
[16/06/2011 00:56:44] /t Druid Master
[16/06/2011 00:56:44] /t Druid Master
[16/06/2011 00:56:44] /t Druid Master
[16/06/2011 00:56:44] /t Druid Master
[16/06/2011 00:56:44] /t Druid Master
[16/06/2011 00:56:44] /t Druid Master
[16/06/2011 00:56:44] /t Druid Master
[16/06/2011 00:56:44] /t Druid Master
[16/06/2011 00:56:44] /t Druid Master
[16/06/2011 00:56:44] /t Druid Master
[16/06/2011 00:56:44] /t Druid Master
[16/06/2011 00:56:44] /t Druid Master
[16/06/2011 00:56:44] /t Druid Master
[16/06/2011 00:56:44] /t Druid Master
[16/06/2011 00:56:44] /t Druid Master
[16/06/2011 00:56:44] /t Druid Master
[16/06/2011 00:56:44] /t Druid Master
[16/06/2011 00:56:44] /t Druid Master
[16/06/2011 00:56:44] /t Druid Master
[16/06/2011 00:56:44] /t Druid Master
[16/06/2011 00:56:44] /t Druid Master
[16/06/2011 00:56:44] /t Druid Master
[16/06/2011 00:56:44] /t Druid Master
[16/06/2011 00:56:44] /t Druid Master
[16/06/2011 00:56:44] /t Druid Master
[16/06/2011 00:56:44] /t Druid Master
[16/06/2011 00:56:45] /t Druid Master
[16/06/2011 00:56:45] /t Druid Master
[16/06/2011 00:56:45] /t Druid Master
[16/06/2011 00:56:45] /t Druid Master
[16/06/2011 00:56:45] /t Druid Master
[16/06/2011 00:56:45] /t Druid Master
[16/06/2011 00:56:45] /t Druid Master
[16/06/2011 00:56:45] /t Druid Master
[16/06/2011 00:56:45] /t Druid Master
[16/06/2011 00:56:45] /t Druid Master
[16/06/2011 00:56:45] /t Druid Master
[16/06/2011 00:56:45] /t Druid Master
[16/06/2011 00:56:45] /t Druid Master
[16/06/2011 00:56:45] /t Druid Master
[16/06/2011 00:56:45] /t Druid Master
[16/06/2011 00:56:45] /t Druid Master
[16/06/2011 00:56:45] /t Druid Master
[16/06/2011 00:56:45] /t Druid Master
[16/06/2011 00:56:45] /t Druid Master
[16/06/2011 00:56:45] /t Druid Master
[16/06/2011 00:56:45] /t Druid Master
[16/06/2011 00:56:45] /t Druid Master
[16/06/2011 00:56:45] /t Druid Master
[16/06/2011 00:56:45] /t Druid Master
[16/06/2011 00:56:45] /t Druid Master
[16/06/2011 00:56:45] /t Druid Master
[16/06/2011 00:56:46] /t Druid Master
[16/06/2011 00:56:46] /t Druid Master
[16/06/2011 00:56:46] /t Druid Master
[16/06/2011 00:56:46] /t Druid Master
[16/06/2011 00:56:46] /t Druid Master
[16/06/2011 00:56:46] /t Druid Master
[16/06/2011 00:56:46] /t Druid Master
[16/06/2011 00:56:46] /t Druid Master
[16/06/2011 00:56:46] /t Druid Master
[16/06/2011 00:56:46] /t Druid Master
[16/06/2011 00:56:46] /t Druid Master
[16/06/2011 00:56:46] /t Druid Master
[16/06/2011 00:56:46] /t Druid Master
[16/06/2011 00:56:46] /t Druid Master
[16/06/2011 00:56:46] /t Druid Master
[16/06/2011 00:56:46] /t Druid Master
[16/06/2011 00:56:46] /t Druid Master
[16/06/2011 00:56:46] /t Druid Master
[16/06/2011 00:56:46] /t Druid Master
[16/06/2011 00:57:02] /t Druid Master
[16/06/2011 00:57:03] /t Druid Master
[16/06/2011 00:57:03] /t Druid Master
[16/06/2011 00:57:03] /t Druid Master
[16/06/2011 00:57:03] /t Druid Master
[16/06/2011 00:57:03] /t Druid Master
[16/06/2011 00:57:03] /t Druid Master
[16/06/2011 00:57:03] /t Druid Master
[16/06/2011 00:57:04] /t Druid Master
[16/06/2011 00:57:04] /t Druid Master
[16/06/2011 00:57:04] /t Druid Master
[16/06/2011 00:57:04] /t Druid Master
[16/06/2011 00:57:04] /t Druid Master
[16/06/2011 00:57:04] /t Druid Master
[16/06/2011 00:57:04] /t Druid Master
[16/06/2011 00:57:04] /t Druid Master
[16/06/2011 00:57:04] /t Druid Master
[16/06/2011 00:57:04] /t Druid Master
[16/06/2011 00:57:04] /t Druid Master
[16/06/2011 00:57:04] /t Druid Master
[16/06/2011 00:57:04] /t Druid Master
[16/06/2011 00:57:04] /t Druid Master
[16/06/2011 00:57:04] /t Druid Master
[16/06/2011 00:57:04] /t Druid Master
[16/06/2011 00:57:04] /t Druid Master
[16/06/2011 00:57:05] /t Druid Master
[16/06/2011 00:57:05] /t Druid Master
[16/06/2011 00:57:05] /t Druid Master
[16/06/2011 00:57:05] /t Druid Master
[16/06/2011 00:57:05] /t Druid Master
[16/06/2011 00:57:05] /t Druid Master
[16/06/2011 00:57:05] /t Druid Master
[16/06/2011 00:57:05] /t Druid Master
[16/06/2011 00:57:05] /t Druid Master
[16/06/2011 00:57:05] /t Druid Master
[16/06/2011 00:57:05] /t Druid Master
[16/06/2011 00:57:05] /t Druid Master
[16/06/2011 00:57:05] /t Druid Master
[16/06/2011 00:57:05] /t Druid Master
[16/06/2011 00:57:05] /t Druid Master
[16/06/2011 00:57:05] /t Druid Master
[16/06/2011 00:57:05] /t Druid Master
[16/06/2011 00:57:05] /t Druid Master
[16/06/2011 00:57:05] /t Druid Master
[16/06/2011 00:57:05] /t Druid Master
[16/06/2011 00:57:05] /t Druid Master
[16/06/2011 00:57:05] /t Druid Master
[16/06/2011 00:57:05] /t Druid Master
[16/06/2011 00:57:05] /t Druid Master
[16/06/2011 00:57:05] /t Druid Master
[16/06/2011 00:57:05] /t Druid Master
[16/06/2011 00:57:06] /t Druid Master
[16/06/2011 00:57:06] /t Druid Master
[16/06/2011 00:57:06] /t Druid Master
[16/06/2011 00:57:06] /t Druid Master
[16/06/2011 00:57:06] /t Druid Master
[16/06/2011 00:57:06] /t Druid Master
[16/06/2011 00:57:06] /t Druid Master
[16/06/2011 00:57:06] /t Druid Master
[16/06/2011 00:57:06] /t Druid Master
[16/06/2011 00:57:06] /t Druid Master
[16/06/2011 00:57:06] /t Druid Master
[16/06/2011 00:57:06] /t Druid Master
[16/06/2011 00:57:06] /t Druid Master
[16/06/2011 00:57:06] /t Druid Master
[16/06/2011 00:57:06] /t Druid Master
[16/06/2011 00:57:06] /t Druid Master
[16/06/2011 00:57:06] /t Druid Master
[16/06/2011 00:57:06] /t Druid Master
[16/06/2011 00:57:06] /t Druid Master
[16/06/2011 00:57:06] /t Druid Master
[16/06/2011 00:57:06] /t Druid Master
[16/06/2011 00:57:06] /t Druid Master
[16/06/2011 00:57:06] /t Druid Master
[16/06/2011 00:57:06] /t Druid Master
[16/06/2011 00:57:06] /t Druid Master
[16/06/2011 00:57:06] /t Druid Master
[16/06/2011 00:57:07] /t Druid Master
[16/06/2011 00:57:07] /t Druid Master
[16/06/2011 00:57:07] /t Druid Master
[16/06/2011 00:57:07] /t Druid Master
[16/06/2011 00:57:07] /t Druid Master
[16/06/2011 00:57:07] /t Druid Master
[16/06/2011 00:57:07] /t Druid Master
[16/06/2011 00:57:07] /t Druid Master
[16/06/2011 00:57:07] /t Druid Master
[16/06/2011 00:57:07] /t Druid Master
[16/06/2011 00:57:07] /t Druid Master
[16/06/2011 00:57:07] /t Druid Master
[16/06/2011 00:57:07] /t Druid Master
[16/06/2011 00:57:07] /t Druid Master
[16/06/2011 00:57:07] /t Druid Master
[16/06/2011 00:57:07] /t Druid Master
[16/06/2011 00:57:07] /t Druid Master
[16/06/2011 00:57:07] /t Druid Master
[16/06/2011 00:57:07] /t Druid Master
[16/06/2011 00:57:07] /t Druid Master
[16/06/2011 00:57:07] /t Druid Master
[16/06/2011 00:57:07] /t Druid Master
[16/06/2011 00:57:07] /t Druid Master
[16/06/2011 00:57:07] /t Druid Master
[16/06/2011 00:57:07] /t Druid Master
[16/06/2011 00:57:07] /t Druid Master
[16/06/2011 00:57:07] /t Druid Master
[16/06/2011 00:57:08] /t Druid Master
[16/06/2011 00:57:08] /t Druid Master
[16/06/2011 00:57:08] /t Druid Master
[16/06/2011 00:57:08] /t Druid Master
[16/06/2011 00:57:08] /t Druid Master
[16/06/2011 00:57:08] /t Druid Master
[16/06/2011 00:57:08] /t Druid Master
[16/06/2011 00:57:08] /t Druid Master
[16/06/2011 00:57:08] /t Druid Master
[16/06/2011 00:57:08] /t Druid Master
[16/06/2011 00:57:08] /t Druid Master
[16/06/2011 00:57:08] /t Druid Master
[16/06/2011 00:57:08] /t Druid Master
[16/06/2011 00:57:08] /t Druid Master
[16/06/2011 00:57:08] /t Druid Master
[16/06/2011 00:57:08] /t Druid Master
[16/06/2011 00:57:08] /t Druid Master
[16/06/2011 00:57:08] /t Druid Master
[16/06/2011 00:57:08] /t Druid Master
[16/06/2011 00:57:08] /t Druid Master
[16/06/2011 00:57:08] /t Druid Master
[16/06/2011 00:57:08] /t Druid Master
[16/06/2011 00:57:08] /t Druid Master
[16/06/2011 00:57:08] /t Druid Master
[16/06/2011 00:57:08] /t Druid Master
[16/06/2011 00:57:08] /t Druid Master
[16/06/2011 00:57:08] /t Druid Master
[16/06/2011 00:57:09] /t Druid Master
[16/06/2011 00:57:09] /t Druid Master
[16/06/2011 00:57:09] /t Druid Master
[16/06/2011 00:57:09] /t Druid Master
[16/06/2011 00:57:09] /t Druid Master
[16/06/2011 00:57:09] /t Druid Master
[16/06/2011 00:57:09] /t Druid Master
[16/06/2011 00:57:09] /t Druid Master
[16/06/2011 00:57:09] /t Druid Master
[16/06/2011 00:57:09] /t Druid Master
[16/06/2011 00:57:09] /t Druid Master
[16/06/2011 00:57:09] /t Druid Master
[16/06/2011 00:57:09] /t Druid Master
[16/06/2011 00:57:09] /t Druid Master
[16/06/2011 00:57:09] /t Druid Master
[16/06/2011 00:57:09] /t Druid Master
[16/06/2011 00:57:09] /t Druid Master
[16/06/2011 00:57:09] /t Druid Master
[16/06/2011 00:57:09] /t Druid Master
[16/06/2011 00:57:09] /t Druid Master
[16/06/2011 00:57:09] /t Druid Master
[16/06/2011 00:57:09] /t Druid Master
[16/06/2011 00:57:09] /t Druid Master
[16/06/2011 00:57:09] /t Druid Master
[16/06/2011 00:57:09] /t Druid Master
[16/06/2011 00:57:09] /t Druid Master
[16/06/2011 00:57:09] /t Druid Master
[16/06/2011 00:57:10] /t Druid Master
[16/06/2011 00:57:10] /t Druid Master
[16/06/2011 00:57:10] /t Druid Master
[16/06/2011 00:57:10] /t Druid Master
[16/06/2011 00:57:26] /goto mma strit
[16/06/2011 00:57:50] /t
[16/06/2011 00:58:05] /bc Amanha OT As :
[16/06/2011 00:58:12] /bc Amanha OT As 7:00
[16/06/2011 00:58:13] /bc Amanha OT As 7:00
[16/06/2011 00:58:13] /bc Amanha OT As 7:00
[16/06/2011 00:58:14] /bc Amanha OT As 7:00
[16/06/2011 00:58:14] /bc Amanha OT As 7:00
[16/06/2011 00:58:15] /bc Amanha OT As 7:00
[16/06/2011 00:58:23] /save
[16/06/2011 00:58:38] /bc Amanha OT As 7:00
[16/06/2011 00:58:39] /bc Amanha OT As 7:00
[16/06/2011 00:58:39] /bc Amanha OT As 7:00
[16/06/2011 10:56:26] /a
[16/06/2011 10:56:26] /a
[16/06/2011 10:57:27] /a
[16/06/2011 10:57:27] /a
[16/06/2011 11:00:08] /r
[16/06/2011 11:06:54] /t
[16/06/2011 20:11:19] /r
[16/06/2011 20:11:42] /a
[16/06/2011 20:11:42] /a
[16/06/2011 20:11:49] /a
[16/06/2011 20:11:50] /a
[16/06/2011 20:14:36] /i 2596
[16/06/2011 20:14:59] /a
[16/06/2011 20:20:34] /ghost
[16/06/2011 20:25:45] /r
[16/06/2011 20:35:35] /goto druid master
[16/06/2011 20:35:37] /r
[16/06/2011 20:48:22] /goto zabuza swordman
[16/06/2011 20:57:11] /t
[16/06/2011 20:57:17] /ghost
[16/06/2011 20:59:46] /goto Maysneey Hotengzou
[16/06/2011 21:00:37] /i 2307
[16/06/2011 21:00:50] /goto Maysneey Hotengzou
[16/06/2011 22:39:49] /ghost
[16/06/2011 22:50:08] /i 9971
[16/06/2011 23:34:46] /mc
[16/06/2011 23:35:00] /goto juninhooo
[16/06/2011 23:35:18] /c anju pk
[16/06/2011 23:35:26] /c juninhooo
[16/06/2011 23:35:35] /c anjo pk
[16/06/2011 23:35:37] /c juninhooo
[16/06/2011 23:35:42] /mc
[16/06/2011 23:35:46] /t
[17/06/2011 09:59:26] /reload raid
[17/06/2011 09:59:31] /raid demon lord
[17/06/2011 09:59:36] /r
[17/06/2011 11:06:53] /ban Pally of detonador
[17/06/2011 18:04:44] /goto druid master
[17/06/2011 18:04:45] /goto druid master
[17/06/2011 18:04:47] /goto druid master
[17/06/2011 18:04:50] /goto druid master
[17/06/2011 18:04:56] /r
[17/06/2011 18:07:11] /goto druid master
[17/06/2011 18:07:17] /r
[17/06/2011 18:07:33] /r
[17/06/2011 18:07:37] /r
[17/06/2011 18:11:51] /ban Lucas z
[17/06/2011 18:53:44] /reload spells
[17/06/2011 18:55:29] /reload spells
[17/06/2011 18:57:36] /reload spells
[17/06/2011 18:58:24] /reload spells
[17/06/2011 19:55:34] /save
[18/06/2011 00:45:32] /bc Amanha OT As 7:00
[18/06/2011 00:45:33] /bc Amanha OT As 7:00
[18/06/2011 00:45:34] /bc Amanha OT As 7:00
[18/06/2011 00:45:34] /bc Amanha OT As 7:00
[18/06/2011 00:45:35] /bc Amanha OT As 7:00
[18/06/2011 00:45:35] /bc Amanha OT As 7:00
[18/06/2011 14:13:54] /ghost
[18/06/2011 14:14:03] /attr group 6
[18/06/2011 14:14:05] /r
[18/06/2011 14:22:09] /reload npc
[18/06/2011 14:22:22] /npc promotion seller
[18/06/2011 14:22:27] /r
[18/06/2011 14:23:40] /i 2140
[18/06/2011 14:23:43] /i 2137
[18/06/2011 14:24:01] /i 2160
[18/06/2011 14:24:02] /i 2160
[18/06/2011 14:24:02] /i 2160
[18/06/2011 14:24:04] /i 2160
[18/06/2011 14:24:12] /r 46
[18/06/2011 14:28:08] /goto sub sub
[18/06/2011 14:28:19] /t
[18/06/2011 14:31:29] /goto sub sub
[18/06/2011 14:34:48] /goto mc maguinho
[18/06/2011 14:38:37] /reload npc
[18/06/2011 14:39:33] /i 2157
[18/06/2011 14:41:27] /reload items
[18/06/2011 14:43:28] /r 100
[18/06/2011 14:43:47] /goto sub sub
[18/06/2011 14:44:00] /goto sub sub
[18/06/2011 14:46:23] /reload monster
[18/06/2011 14:48:38] /reload monster
[18/06/2011 14:49:04] /reload monster
[18/06/2011 14:49:31] /t
[19/06/2011 01:10:17] /goto druid do capeta
[19/06/2011 09:54:33] /attr group 4
[19/06/2011 09:54:38] /r
[19/06/2011 09:55:55] /r
[19/06/2011 09:56:03] /r
[19/06/2011 09:56:05] /i 7144
[19/06/2011 09:56:54] /goto [gm] bruno
[19/06/2011 09:58:27] /goto [gm] bruno
[19/06/2011 09:58:49] /a 10
[19/06/2011 09:58:51] /a
[19/06/2011 10:23:35] /ban Ulquiorra
[19/06/2011 10:26:14] /mc
[19/06/2011 10:26:46] /goto Mc Maguinho
[19/06/2011 10:27:16] /goto [GM] Bruno
[19/06/2011 10:27:34] /t
[19/06/2011 10:27:46] /mc
[19/06/2011 10:35:58] /r
[19/06/2011 14:00:52] /i 2137
[19/06/2011 14:01:09] /i 2160
[19/06/2011 14:34:25] /a
[19/06/2011 16:21:51] /goto naruto uzumaki
[19/06/2011 16:21:57] /r
[19/06/2011 16:21:58] /r
[19/06/2011 16:21:59] /r
[19/06/2011 16:22:05] /r
[19/06/2011 16:22:13] /ghost
[19/06/2011 16:22:26] /r
[19/06/2011 16:22:30] /r
[19/06/2011 16:22:31] /r
[19/06/2011 16:41:38] /mc
[19/06/2011 16:41:45] /mc
[19/06/2011 16:46:47] /mc
[19/06/2011 16:46:56] /goto sem nime
[19/06/2011 16:47:02] /goto sem nome
[19/06/2011 16:47:36] /mc
[19/06/2011 16:47:42] /mc
[19/06/2011 16:47:48] /mc
[19/06/2011 16:47:58] /ghost
[19/06/2011 16:52:35] /mc
[19/06/2011 17:04:24] /mc
[19/06/2011 17:34:35] /i 10064
[19/06/2011 17:35:15] /i 2314
[19/06/2011 18:00:48] /goto mc maguinho
[19/06/2011 18:06:06] /goto mc maguinho
[19/06/2011 18:07:00] /goto mc maguinho
[19/06/2011 18:07:29] /a 50
[19/06/2011 18:09:04] /goto mc maguinho
[19/06/2011 18:09:12] /goto mc maguinho
[19/06/2011 18:16:32] /mc
[19/06/2011 18:16:33] /t
[19/06/2011 19:02:56] /send [Hoster] Mateus; 148, 62, 7
[19/06/2011 19:21:52] /send [Hoster] Mateus; 148, 62, 7
[19/06/2011 19:21:53] /send [Hoster] Mateus; 148, 62, 7
[19/06/2011 19:21:54] /send [Hoster] Mateus; 148, 62, 7
[19/06/2011 19:21:55] /send [Hoster] Mateus; 148, 62, 7
[19/06/2011 19:22:08] /send [Hoster] Mateus; 160, 65, 7
[19/06/2011 19:22:10] /send [Hoster] Mateus; 160, 65, 7
[19/06/2011 19:22:20] /send [Hoster] Mateus; 160, 54, 7
[19/06/2011 19:22:22] /send [Hoster] Mateus; 160, 54, 7
[19/06/2011 19:22:23] /send [Hoster] Mateus; 160, 54, 7
[19/06/2011 19:35:37] /ghost
[19/06/2011 19:36:45] /a
[19/06/2011 20:50:50] /ghost
[20/06/2011 11:26:13] /goto kina the kill
[20/06/2011 11:27:59] /t
[20/06/2011 12:29:24] /save
[20/06/2011 20:28:15] /i 2137
[20/06/2011 20:28:22] /t
[20/06/2011 21:57:53] /goto naruto uzumaki
[20/06/2011 22:05:14] /t
[20/06/2011 22:13:04] /goto druid master
[20/06/2011 22:13:09] /a 4
[20/06/2011 22:13:18] /r
[20/06/2011 22:13:20] /m Water Serpent
[20/06/2011 22:16:02] /a
[20/06/2011 22:16:06] /r
[20/06/2011 22:16:13] /r
[20/06/2011 22:16:16] /m 
[20/06/2011 22:16:22] /m water serpent
[20/06/2011 22:47:08] /goto druid master
[21/06/2011 00:14:15] /b AMANHA OT AS 7HRS
[21/06/2011 00:14:23] /bc AMANHA OT AS 7HRS
[21/06/2011 00:14:24] /bc AMANHA OT AS 7HRS
[21/06/2011 00:14:25] /bc AMANHA OT AS 7HRS
[21/06/2011 00:14:27] /bc AMANHA OT AS 7HRS
[21/06/2011 19:29:20] /reload spells
[21/06/2011 19:29:28] /goto naruto uzumaki
[21/06/2011 19:29:37] /goto sonic
[21/06/2011 19:29:40] /t
[21/06/2011 19:31:08] /reload spells
[21/06/2011 19:51:49] /a 30
[21/06/2011 19:51:53] /a
[21/06/2011 19:51:54] /a
[21/06/2011 19:51:55] /a
[21/06/2011 19:51:56] /up
[21/06/2011 19:52:04] /i 10064
[21/06/2011 19:52:54] /r
[21/06/2011 19:52:56] /t
[21/06/2011 22:58:39] /goto pAaladin master
[21/06/2011 22:58:41] /goto paladin master
[21/06/2011 22:58:44] /a
[21/06/2011 22:58:46] /a
[21/06/2011 22:58:47] /a
[21/06/2011 22:58:48] /a
[21/06/2011 22:58:50] /r
[21/06/2011 22:59:14] /r
[21/06/2011 22:59:16] /a
[21/06/2011 22:59:19] /a
[21/06/2011 22:59:22] /r
[21/06/2011 22:59:24] /r
[21/06/2011 23:12:23] /t
[21/06/2011 23:12:35] /i 2160
[21/06/2011 23:29:58] /ghost
[21/06/2011 23:31:49] /ghost
[22/06/2011 00:01:26] /goto mestra magas
[22/06/2011 00:01:28] /goto mestra magas
[22/06/2011 00:01:31] /goto mestra magas
[22/06/2011 00:01:38] /goto mestra magas
[22/06/2011 00:01:39] /goto mestra magas
[22/06/2011 00:01:42] /goto mestra magas
[22/06/2011 00:01:44] /goto mestra magas
[22/06/2011 00:04:17] /goto mr fiire
[22/06/2011 00:07:17] /goto mr fiir
[22/06/2011 00:07:18] /goto mr fiire
[22/06/2011 00:07:25] /a
[22/06/2011 00:07:27] /a 3
[22/06/2011 00:07:33] /c mr fiire
[22/06/2011 01:04:51] /t
[22/06/2011 01:13:32] /i ring
[22/06/2011 01:13:46] /r
[22/06/2011 01:13:51] /i 2124
[22/06/2011 01:13:53] /i 2124
[22/06/2011 01:14:20] /i max power rune
[22/06/2011 01:15:05] /r
[22/06/2011 01:15:07] /r
[22/06/2011 01:15:09] /r
[22/06/2011 01:15:11] /r
[22/06/2011 01:15:18] /r
[22/06/2011 01:15:21] /r
[22/06/2011 01:15:22] /r
[22/06/2011 01:15:27] /i 4542
[22/06/2011 01:15:31] /r
[22/06/2011 01:15:33] /r
[22/06/2011 01:15:35] /r
[22/06/2011 01:15:38] /r
[22/06/2011 01:15:43] /i blue backpack
[22/06/2011 01:15:47] /i blue backpack
[22/06/2011 01:15:52] /i ice shield
[22/06/2011 01:15:55] /i ice helmet
[22/06/2011 01:16:01] /i ice sword
[22/06/2011 01:16:05] /i ice legs
[22/06/2011 01:16:08] /i ice armor
[22/06/2011 01:16:11] /i ice boots
[22/06/2011 01:16:18] /i ring da mortalidade
[22/06/2011 01:16:26] /i amulet of loss
[22/06/2011 01:16:30] /i 10064
[22/06/2011 01:16:34] /i 2314
[22/06/2011 01:16:37] /i 2296
[22/06/2011 01:16:56] /i amulet of loss0
[22/06/2011 01:16:58] /i amulet of loss
[22/06/2011 01:16:58] /i amulet of loss
[22/06/2011 01:16:59] /i amulet of loss
[22/06/2011 01:16:59] /i amulet of loss
[22/06/2011 01:17:03] /i amulet of loss
[22/06/2011 01:17:03] /i amulet of loss
[22/06/2011 01:17:04] /i amulet of loss
[22/06/2011 01:17:04] /i amulet of loss
[22/06/2011 01:17:05] /i amulet of loss
[22/06/2011 01:17:05] /i amulet of loss
[22/06/2011 01:17:05] /i amulet of loss
[22/06/2011 01:17:06] /i amulet of loss
[22/06/2011 01:17:07] /i amulet of loss
[22/06/2011 01:17:07] /i amulet of loss
[22/06/2011 01:17:08] /i amulet of loss
[22/06/2011 01:17:08] /i amulet of loss
[22/06/2011 01:17:09] /i amulet of loss
[22/06/2011 01:17:09] /i amulet of loss
[22/06/2011 01:17:10] /i amulet of loss
[22/06/2011 01:17:10] /i amulet of loss
[22/06/2011 01:17:59] /i max power rune
[22/06/2011 01:18:08] /i drain mana stone
[22/06/2011 01:19:16] /addskill [Hoster] Mateus,level,9900
[22/06/2011 01:19:42] /addskill [Hoster] Mateus,magic,905
[22/06/2011 01:19:51] /addskill [Hoster] Mateus,magic,95
[22/06/2011 01:19:55] /addskill [Hoster] Mateus,magic,1
[22/06/2011 01:19:56] /addskill [Hoster] Mateus,magic,1
[22/06/2011 01:19:57] /addskill [Hoster] Mateus,magic,1
[22/06/2011 01:19:57] /addskill [Hoster] Mateus,magic,1
[22/06/2011 01:19:58] /addskill [Hoster] Mateus,magic,1
[22/06/2011 01:19:58] /addskill [Hoster] Mateus,magic,1
[22/06/2011 01:19:59] /addskill [Hoster] Mateus,magic,1
[22/06/2011 01:19:59] /addskill [Hoster] Mateus,magic,1
[22/06/2011 01:20:00] /addskill [Hoster] Mateus,magic,1
[22/06/2011 01:20:00] /addskill [Hoster] Mateus,magic,1
[22/06/2011 01:20:01] /addskill [Hoster] Mateus,magic,1
[22/06/2011 01:20:01] /addskill [Hoster] Mateus,magic,1
[22/06/2011 01:20:02] /addskill [Hoster] Mateus,magic,1
[22/06/2011 01:20:02] /addskill [Hoster] Mateus,magic,1
[22/06/2011 01:20:03] /addskill [Hoster] Mateus,magic,1
[22/06/2011 01:20:03] /addskill [Hoster] Mateus,magic,1
[22/06/2011 01:20:04] /addskill [Hoster] Mateus,magic,1
[22/06/2011 01:20:04] /addskill [Hoster] Mateus,magic,1
[22/06/2011 01:20:04] /addskill [Hoster] Mateus,magic,1
[22/06/2011 01:20:05] /addskill [Hoster] Mateus,magic,1
[22/06/2011 01:20:06] /addskill [Hoster] Mateus,magic,1
[22/06/2011 01:20:06] /addskill [Hoster] Mateus,magic,1
[22/06/2011 01:20:07] /addskill [Hoster] Mateus,magic,1
[22/06/2011 01:20:07] /addskill [Hoster] Mateus,magic,1
[22/06/2011 01:20:08] /addskill [Hoster] Mateus,magic,1
[22/06/2011 01:20:08] /addskill [Hoster] Mateus,magic,1
[22/06/2011 01:20:19] /addskill [Hoster] Mateus,magic,150
[22/06/2011 01:20:22] /addskill [Hoster] Mateus,magic,1
[22/06/2011 01:20:25] /addskill [Hoster] Mateus,magic,1
[22/06/2011 01:20:29] /addskill [Hoster] Mateus,magic,0
[22/06/2011 01:20:32] /addskill [Hoster] Mateus,magic,1
[22/06/2011 01:20:36] /addskill [Hoster] Mateus,magic,2
[22/06/2011 01:20:39] /addskill [Hoster] Mateus,magic,3
[22/06/2011 01:20:54] /addskill [Hoster] Mateus,first,1
[22/06/2011 01:20:56] /addskill [Hoster] Mateus,first,1
[22/06/2011 01:20:57] /addskill [Hoster] Mateus,first,1
[22/06/2011 01:20:58] /addskill [Hoster] Mateus,first,1
[22/06/2011 01:20:58] /addskill [Hoster] Mateus,first,1
[22/06/2011 01:20:59] /addskill [Hoster] Mateus,first,1
[22/06/2011 01:20:59] /addskill [Hoster] Mateus,first,1
[22/06/2011 01:21:00] /addskill [Hoster] Mateus,first,1
[22/06/2011 01:21:00] /addskill [Hoster] Mateus,first,1
[22/06/2011 01:21:01] /addskill [Hoster] Mateus,first,1
[22/06/2011 01:21:01] /addskill [Hoster] Mateus,first,1
[22/06/2011 01:21:02] /addskill [Hoster] Mateus,first,1
[22/06/2011 01:21:07] /addskill [Hoster] Mateus,first,1
[22/06/2011 01:21:07] /addskill [Hoster] Mateus,first,1
[22/06/2011 01:21:10] /addskill [Hoster] Mateus,first,30
[22/06/2011 01:21:12] /addskill [Hoster] Mateus,first,30
[22/06/2011 01:21:13] /addskill [Hoster] Mateus,first,30
[22/06/2011 01:21:16] /addskill [Hoster] Mateus,first,20
[22/06/2011 01:21:17] /addskill [Hoster] Mateus,first,20
[22/06/2011 01:21:18] /addskill [Hoster] Mateus,first,20
[22/06/2011 01:21:18] /addskill [Hoster] Mateus,first,20
[22/06/2011 01:21:19] /addskill [Hoster] Mateus,first,20
[22/06/2011 01:21:19] /addskill [Hoster] Mateus,first,20
[22/06/2011 01:21:20] /addskill [Hoster] Mateus,first,20
[22/06/2011 01:21:22] /addskill [Hoster] Mateus,first,1
[22/06/2011 01:21:28] /addskill [Hoster] Mateus,first, 1
[22/06/2011 01:21:30] /addskill [Hoster] Mateus,first, 1
[22/06/2011 01:21:31] /addskill [Hoster] Mateus,first, 1
[22/06/2011 01:21:31] /addskill [Hoster] Mateus,first, 1
[22/06/2011 01:21:32] /addskill [Hoster] Mateus,first, 1
[22/06/2011 01:21:33] /addskill [Hoster] Mateus,first, 1
[22/06/2011 01:21:35] /addskill [Hoster] Mateus,first, 2
[22/06/2011 01:22:02] /t
[22/06/2011 01:22:18] /t
[22/06/2011 01:22:22] /t
[22/06/2011 01:22:25] /t
[22/06/2011 01:22:30] /a
[22/06/2011 01:22:31] /a
[22/06/2011 01:22:33] /ghost
[22/06/2011 01:24:44] /a
[22/06/2011 01:24:45] /r
[22/06/2011 01:24:51] /a
[22/06/2011 01:24:52] /r
[22/06/2011 01:24:59] /m training monk
[22/06/2011 01:25:01] /m training monk
[22/06/2011 01:25:04] /ghost
[22/06/2011 01:25:04] /m training monk
[22/06/2011 01:25:06] /a
[22/06/2011 01:25:39] /a 3
[22/06/2011 01:25:48] /t
[22/06/2011 01:34:43] /ghost
[22/06/2011 01:34:45] /mc
[22/06/2011 01:35:10] /addskill [Hoster] Mateus,level,9900
[22/06/2011 01:36:24] /a
[22/06/2011 01:36:25] /r
[22/06/2011 01:36:34] /r
[22/06/2011 01:36:35] /r
[22/06/2011 01:36:37] /r
[22/06/2011 01:36:42] /i blue backpack
[22/06/2011 01:36:47] /i blue backpack
[22/06/2011 01:36:53] /i amulet of loss
[22/06/2011 01:36:59] /i ring da mortalidade
[22/06/2011 01:37:05] /i ice shield
[22/06/2011 01:37:09] /i ice sword
[22/06/2011 01:37:13] /i ice helmet
[22/06/2011 01:37:16] /i ice armor
[22/06/2011 01:37:20] /i ice legs
[22/06/2011 01:37:23] /i ice boots
[22/06/2011 01:37:32] /i 10064
[22/06/2011 01:37:35] /i 2314
[22/06/2011 01:37:37] /i 2296
[22/06/2011 01:37:46] /i amulet of loss
[22/06/2011 01:37:47] /i amulet of loss
[22/06/2011 01:37:47] /i amulet of loss
[22/06/2011 01:37:48] /i amulet of loss
[22/06/2011 01:37:48] /i amulet of loss
[22/06/2011 01:37:48] /i amulet of loss
[22/06/2011 01:37:49] /i amulet of loss
[22/06/2011 01:37:49] /i amulet of loss
[22/06/2011 01:37:50] /i amulet of loss
[22/06/2011 01:37:50] /i amulet of loss
[22/06/2011 01:37:51] /i amulet of loss
[22/06/2011 01:37:52] /i amulet of loss
[22/06/2011 01:37:52] /i amulet of loss
[22/06/2011 01:37:53] /i amulet of loss
[22/06/2011 01:37:53] /i amulet of loss
[22/06/2011 01:37:53] /i amulet of loss
[22/06/2011 01:37:54] /i amulet of loss
[22/06/2011 01:37:54] /i amulet of loss
[22/06/2011 01:37:55] /i amulet of loss
[22/06/2011 01:37:55] /i amulet of loss
[22/06/2011 01:38:43] /goto mestra magas
[22/06/2011 15:48:36] /t
[22/06/2011 16:15:54] /ghost
[22/06/2011 16:15:57] /ghost
[22/06/2011 16:29:09] /ghost
[22/06/2011 16:29:11] /ghost
[22/06/2011 17:06:42] /goto falcon buyer
[22/06/2011 20:25:13] /t
[22/06/2011 20:25:16] /a
[22/06/2011 20:33:00] /a
[22/06/2011 20:33:08] /a
[22/06/2011 20:41:37] /a
[22/06/2011 21:21:01] /closeserver
[22/06/2011 21:21:27] /openserver
[22/06/2011 21:21:57] /ghost
[22/06/2011 21:22:38] /c Mlk Do Putero
[22/06/2011 21:22:54] /i  1987
[22/06/2011 21:23:47] /i 2296
[22/06/2011 21:23:49] /i 2299
[22/06/2011 21:24:04] /a 2
[22/06/2011 21:26:52] /i 10064
[22/06/2011 21:35:34] /save
[22/06/2011 21:35:38] /reload spells
[22/06/2011 21:38:49] /reload spells
[22/06/2011 21:41:51] /ghost
[22/06/2011 21:41:54] /reload spells
[22/06/2011 21:42:48] /reload spells
[22/06/2011 21:46:56] /reload spells
[22/06/2011 21:47:28] /reload spells
[22/06/2011 21:48:18] /save
[22/06/2011 21:48:23] /reload spells
[22/06/2011 21:51:43] /reload spells
[22/06/2011 21:52:23] /reload spells
[22/06/2011 22:07:31] /reload spells
[22/06/2011 22:07:40] /goto paladin master
[22/06/2011 22:09:18] /reload spells
[22/06/2011 22:18:15] /reload spells
[22/06/2011 22:23:44] /reload spells
[22/06/2011 22:24:12] /reload spells
[22/06/2011 22:25:57] /reload spells
[22/06/2011 22:49:59] /i 7409
[22/06/2011 23:06:32] /a 3
[22/06/2011 23:06:34] /a
[23/06/2011 00:11:59] /goto Druid Master
[23/06/2011 00:13:41] /goto Druid Master
[23/06/2011 00:24:33] /t
[23/06/2011 00:24:44] /B News Boy
[23/06/2011 19:37:35] /mc
[23/06/2011 19:45:06] /up
[23/06/2011 19:45:11] /save
[23/06/2011 19:45:14] /reload spells
[23/06/2011 19:46:22] /reload spells
[23/06/2011 19:46:44] /reload spells
[23/06/2011 19:46:50] /r
[23/06/2011 19:46:51] /r
[23/06/2011 19:47:05] /r
[23/06/2011 19:47:16] /reload spells
[23/06/2011 19:47:44] /ghost
[23/06/2011 19:47:48] /ghost
[23/06/2011 19:49:19] /r
[23/06/2011 19:49:22] /r
[23/06/2011 19:49:29] /r
[23/06/2011 19:50:43] /i mega mana rune
[23/06/2011 19:51:10] /reload spells
[23/06/2011 19:52:29] /reload spells
[23/06/2011 19:52:34] /r
[23/06/2011 19:52:36] /r
[23/06/2011 19:52:54] /ghost
[23/06/2011 19:53:00] /ghost
[23/06/2011 19:53:03] /r
[23/06/2011 19:53:05] /t
[23/06/2011 19:55:12] /reload monster
[23/06/2011 19:55:17] /goto master of summons
[23/06/2011 19:55:19] /a
[23/06/2011 19:55:30] /a
[23/06/2011 19:56:13] /reload monster
[23/06/2011 19:58:04] /save
[23/06/2011 19:58:07] /reload monster
[23/06/2011 19:58:09] /a
[23/06/2011 19:58:10] /a
[23/06/2011 19:58:11] /r
[23/06/2011 19:58:17] /m master of summons
[23/06/2011 20:00:23] /reload monster
[23/06/2011 20:00:26] /r
[23/06/2011 20:00:28] /m master of summons
[23/06/2011 20:00:56] /reload monster
[23/06/2011 20:00:58] /m master of summons
[23/06/2011 20:01:17] /r
[23/06/2011 20:01:19] /a
[23/06/2011 20:01:21] /a
[23/06/2011 20:01:23] /r
[23/06/2011 20:01:25] /r
[23/06/2011 20:01:27] /r
[23/06/2011 20:01:29] /a 3
[23/06/2011 20:01:31] /r
[23/06/2011 20:01:33] /a
[23/06/2011 20:01:34] /r
[23/06/2011 20:01:35] /r
[23/06/2011 20:02:12] /reload monster
[23/06/2011 20:02:30] /a
[23/06/2011 20:02:38] /a
[23/06/2011 20:02:40] /a
[23/06/2011 20:02:42] /a
[23/06/2011 20:02:43] /a
[23/06/2011 20:02:43] /a
[23/06/2011 20:02:44] /a
[23/06/2011 20:02:45] /a
[23/06/2011 20:02:47] /a
[23/06/2011 20:02:53] /a
[23/06/2011 20:03:04] /r
[23/06/2011 20:03:16] /r
[23/06/2011 20:03:18] /r
[23/06/2011 20:03:38] /a
[23/06/2011 20:03:41] /r
[23/06/2011 20:06:43] /reload monster
[23/06/2011 20:06:48] /m super hero mage
[23/06/2011 20:06:55] /r
[23/06/2011 20:06:56] /r
[23/06/2011 20:07:33] /t
[23/06/2011 20:07:47] /i 2140
[23/06/2011 20:07:49] /i 2137
[23/06/2011 20:19:19] /t
[23/06/2011 20:19:25] /mc
[23/06/2011 20:19:49] /m vampire bright
[23/06/2011 20:19:59] /m Vampire Bride
[23/06/2011 20:20:15] /m Vampire Bride
[23/06/2011 20:20:24] /r
[23/06/2011 20:20:25] /r
[23/06/2011 20:20:25] /r
[23/06/2011 20:37:33] /mc
[23/06/2011 20:37:37] /t
[23/06/2011 20:38:23] /r
[23/06/2011 20:38:24] /r
[23/06/2011 20:38:38] /r
[23/06/2011 20:38:38] /r
[23/06/2011 20:38:42] /goto alma
[23/06/2011 20:38:43] /goto alma
[23/06/2011 20:38:43] /goto alma
[23/06/2011 20:38:44] /goto alma
[23/06/2011 20:38:44] /goto alma
[23/06/2011 20:38:46] /goto alma
[23/06/2011 20:38:46] /t
[23/06/2011 20:39:09] /reload spells
[23/06/2011 20:41:35] /r
[23/06/2011 20:41:47] /bc kem ta soltando alma?????????
[23/06/2011 20:41:59] /bc kem ta soltando alma?????????
[23/06/2011 20:41:59] /bc kem ta soltando alma?????????
[23/06/2011 20:42:00] /bc kem ta soltando alma?????????
[23/06/2011 20:42:17] /bc si eu descobri sem vcs falarem e ban ip
[23/06/2011 20:42:41] /bc kem e???
[23/06/2011 20:43:19] /bc num vao falarem nehh agr si eu descobri kem foi nunka mais joga nesse ot
[23/06/2011 20:43:58] /bc falem no help
[23/06/2011 20:44:19] /bc falem no help kem foi pq si eu descobri sem vcs falarem nunka + joga esse ot
[23/06/2011 20:44:27] /bc 1....
[23/06/2011 20:44:33] /bc 2......
[23/06/2011 20:44:39] /bc 3
[23/06/2011 20:45:01] /bc si eu descobri vo bani
[23/06/2011 20:45:24] /bc kem ta soltando alma avisa pq nao vai joga mas esse ot
[23/06/2011 20:46:11] /bc kem ta soltando alma avisa pq nao vai joga mas esse ot
[23/06/2011 20:46:11] /bc kem ta soltando alma avisa pq nao vai joga mas esse ot
[23/06/2011 20:47:56] /reload spells
[23/06/2011 20:49:07] /a
[23/06/2011 20:49:07] /a
[23/06/2011 20:49:08] /a
[23/06/2011 20:49:12] /r
[23/06/2011 20:49:16] /m mage seller
[23/06/2011 20:49:21] /npc mage seller
[23/06/2011 20:50:30] /reload npc
[23/06/2011 20:50:59] /reload npc
[23/06/2011 20:51:07] /t
[23/06/2011 21:15:32] /goto muleke do putero
[23/06/2011 21:15:43] /goto mlk do putero
[23/06/2011 21:15:47] /goto mlk do putero
[23/06/2011 21:15:48] /goto mlk do putero
[23/06/2011 21:16:37] /a 5
[23/06/2011 21:19:07] /t
[24/06/2011 12:37:03] /i 7409
[24/06/2011 12:37:08] /reload spells
[24/06/2011 12:37:44] /reload spells
[24/06/2011 12:38:34] /i 7406
[24/06/2011 12:39:04] /i 7405
[24/06/2011 12:39:07] /i 2390
[24/06/2011 12:39:32] /r
[24/06/2011 12:39:32] /r
[24/06/2011 12:39:32] /r
[24/06/2011 12:39:35] /r
[24/06/2011 12:39:38] /reload items
[24/06/2011 12:39:42] /i 7409
[24/06/2011 12:41:24] /reload spells
[24/06/2011 12:41:42] /i 2267
[24/06/2011 12:43:43] /save
[24/06/2011 12:43:58] /reload action
[24/06/2011 12:45:32] /reload action
[24/06/2011 12:46:50] /reload action
[24/06/2011 12:47:29] /reload action
[24/06/2011 12:48:18] /reload action
[24/06/2011 12:52:17] /reload action
[24/06/2011 12:53:55] /save
[24/06/2011 12:54:04] /reload globalevent
[24/06/2011 12:54:07] /reload globalevents
[24/06/2011 12:54:24] /reload globalevents
[24/06/2011 12:57:13] /reload globalevents
[24/06/2011 12:57:30] /reload globalevents
[24/06/2011 13:03:29] /i 7409
[24/06/2011 13:04:46] /clean
[24/06/2011 13:05:11] /reload globalevents
[24/06/2011 13:10:39] /reload action
[24/06/2011 13:21:35] /save
[24/06/2011 13:21:43] /reload talkactions
[24/06/2011 13:23:39] /reload talkactions
[24/06/2011 13:23:49] /i 2160
[24/06/2011 13:26:15] /reload talkactions
[24/06/2011 13:28:31] /reload talkactions
[24/06/2011 13:28:49] /reload talkactions
[24/06/2011 13:29:12] /reload talkactions
[24/06/2011 13:29:35] /reload talkactions
[24/06/2011 13:32:53] /goto mc maguinho
[24/06/2011 13:33:00] /ghost
[24/06/2011 13:33:07] /i 7409
[24/06/2011 13:38:19] /a
[24/06/2011 13:38:23] /a
[24/06/2011 13:38:26] /a
[24/06/2011 13:38:38] /ghost
[24/06/2011 13:42:43] /mc
[24/06/2011 13:58:20] /reload talkactions
[24/06/2011 13:58:53] /reload talkactions
[24/06/2011 13:59:29] /reload talkactions
[24/06/2011 13:59:47] /reload talkactions
[24/06/2011 14:00:53] /reload talkactions
[24/06/2011 14:01:03] /reload talkactions
[24/06/2011 14:01:17] /reload talkactions
[24/06/2011 14:01:36] /reload talkactions
[24/06/2011 14:02:44] /reload talkactions
[24/06/2011 14:06:03] /reload talkactions
[24/06/2011 14:06:43] /save
[24/06/2011 14:06:47] /reload action
[24/06/2011 14:07:58] /reload action
[24/06/2011 14:11:15] /reload talkactions
[24/06/2011 14:27:58] /reload globalevents
[24/06/2011 14:28:30] /reload globalevents
[24/06/2011 14:32:52] /reload globalevents
[24/06/2011 14:33:11] /reload globalevents
[24/06/2011 14:34:09] /reload globalevents
[24/06/2011 14:34:35] /reload globalevents
[24/06/2011 14:35:57] /reload globalevents
[24/06/2011 14:36:45] /reload globalevents
[24/06/2011 14:37:23] /reload globalevents
[24/06/2011 15:08:24] /goto m maguinho
[24/06/2011 15:08:33] /goto mc maguinho
[24/06/2011 15:10:58] /reload talkactions
[24/06/2011 15:18:52] /B Druid do capeta
[24/06/2011 15:19:00] /ghost
[24/06/2011 15:22:04] /reload talkactions
[24/06/2011 15:23:11] /reload talkactions
[24/06/2011 15:24:56] /i 2160
[24/06/2011 15:24:56] /t
[24/06/2011 15:25:07] /t
[24/06/2011 15:28:03] /reload talkactions
[24/06/2011 15:28:30] /reload talkactions
[24/06/2011 15:29:41] /reload talkactions
[24/06/2011 15:30:39] /reload talkactions
[24/06/2011 15:31:33] /reload talkaction
[24/06/2011 15:31:34] /reload talkactions
[24/06/2011 15:32:23] /reload talkactions
[24/06/2011 15:32:51] /goto mc maguinho
[24/06/2011 15:32:55] /a
[24/06/2011 15:33:25] /a 3
[24/06/2011 15:33:32] /a 6
[24/06/2011 15:33:34] /a 6
[24/06/2011 15:33:37] /a 6
[24/06/2011 15:33:44] /goto demon lord
[24/06/2011 15:33:46] /goto demon lord
[24/06/2011 15:33:46] /goto demon lord
[24/06/2011 15:33:47] /goto demon lord
[24/06/2011 15:34:14] /a 6
[24/06/2011 15:34:15] /a 6
[24/06/2011 15:34:35] /goto mc maguinho
[24/06/2011 15:34:38] /a
[24/06/2011 15:34:38] /a
[24/06/2011 15:34:41] /a
[24/06/2011 15:34:41] /a
[24/06/2011 15:34:45] /i 5744
[24/06/2011 15:34:48] /r
[24/06/2011 15:34:54] /i 3264
[24/06/2011 15:35:07] /a
[24/06/2011 15:35:23] /a 10
[24/06/2011 15:35:39] /i 5744
[24/06/2011 15:35:41] /i 5744
[24/06/2011 15:35:41] /i 5744
[24/06/2011 15:35:43] /i 5744
[24/06/2011 15:35:44] /i 5744
[24/06/2011 15:36:06] /a 6
[24/06/2011 15:36:08] /a
[24/06/2011 15:36:11] /a
[24/06/2011 15:36:12] /a
[24/06/2011 15:36:12] /a
[24/06/2011 15:36:13] /a
[24/06/2011 15:41:15] /i 405
[24/06/2011 15:41:16] /i 405
[24/06/2011 15:41:17] /i 405
[24/06/2011 15:41:17] /i 405
[24/06/2011 15:41:18] /i 405
[24/06/2011 15:41:36] /i 5744
[24/06/2011 15:41:41] /i 405
[24/06/2011 15:42:22] /i 9067
[24/06/2011 15:42:23] /i 9067
[24/06/2011 15:42:25] /i 9067
[24/06/2011 15:42:41] /a 6
[24/06/2011 15:42:42] /a 6
[24/06/2011 15:42:45] /i 9067
[24/06/2011 15:42:47] /i 9067
[24/06/2011 15:42:48] /a
[24/06/2011 15:42:49] /i 9067
[24/06/2011 15:42:53] /a
[24/06/2011 15:42:54] /i 9067
[24/06/2011 15:42:57] /a
[24/06/2011 15:43:01] /a
[24/06/2011 15:43:03] /a
[24/06/2011 15:43:08] /i 405
[24/06/2011 15:43:12] /a
[24/06/2011 15:43:14] /i 405
[24/06/2011 15:43:22] /a
[24/06/2011 15:43:24] /i 9067
[24/06/2011 15:43:54] /i 1284
[24/06/2011 15:44:01] /i 1284
[24/06/2011 15:44:48] /i 8597
[24/06/2011 15:44:48] /i 8597
[24/06/2011 15:46:12] /i 8597/i 598
[24/06/2011 15:46:15] /i 598
[24/06/2011 15:46:16] /i 598
[24/06/2011 15:46:17] /i 598
[24/06/2011 15:46:17] /i 598
[24/06/2011 15:46:19] /a
[24/06/2011 15:46:19] /a
[24/06/2011 15:46:20] /a
[24/06/2011 15:46:22] /i 598
[24/06/2011 15:46:22] /i 598
[24/06/2011 15:46:24] /a 6
[24/06/2011 15:46:25] /a 6
[24/06/2011 15:46:55] /i 5744
[24/06/2011 15:47:18] /i 5743
[24/06/2011 15:47:26] /i 5743
[24/06/2011 15:47:27] /i 5743
[24/06/2011 15:47:28] /i 5743
[24/06/2011 15:47:28] /i 5743
[24/06/2011 15:47:35] /i 5743
[24/06/2011 16:03:33] /unban Druid Do Capeta
[24/06/2011 16:22:15] /i 1480
[24/06/2011 16:22:16] /i 1480
[24/06/2011 16:22:16] /i 1480
[24/06/2011 16:22:18] /r
[24/06/2011 16:22:19] /r
[24/06/2011 16:22:20] /r
[24/06/2011 16:22:22] /a 3
[24/06/2011 16:22:24] /a 3
[24/06/2011 16:22:27] /r
[24/06/2011 16:22:28] /r
[24/06/2011 16:22:29] /r
[24/06/2011 16:22:31] /i 1480
[24/06/2011 16:22:32] /i 1480
[24/06/2011 16:22:33] /i 1480
[24/06/2011 16:24:17] /r
[24/06/2011 16:24:17] /r
[24/06/2011 16:24:20] /r
[24/06/2011 16:24:23] /a 5
[24/06/2011 16:24:24] /a 5
[24/06/2011 16:24:24] /a 5
[24/06/2011 16:24:31] /a 9
[24/06/2011 16:24:35] /a 1
[24/06/2011 16:24:36] /a 1
[24/06/2011 16:24:55] /m spider
[24/06/2011 16:25:01] /r
[24/06/2011 16:25:02] /r
[24/06/2011 16:25:03] /r
[24/06/2011 16:25:03] /r
[24/06/2011 16:25:04] /r
[24/06/2011 16:25:05] /r
[24/06/2011 16:25:06] /r
[24/06/2011 16:25:07] /r
[24/06/2011 16:25:07] /r
[24/06/2011 16:25:31] /m spider
[24/06/2011 16:25:35] /r
[24/06/2011 16:25:36] /r
[24/06/2011 16:25:38] /r
[24/06/2011 16:25:38] /r
[24/06/2011 16:25:39] /r
[24/06/2011 16:25:39] /r
[24/06/2011 16:25:41] /r
[24/06/2011 16:25:41] /r
[24/06/2011 16:25:52] /reload monster
[24/06/2011 16:26:01] /r
[24/06/2011 16:26:01] /r
[24/06/2011 16:27:08] /reload monster
[24/06/2011 16:28:43] /reload monster
[24/06/2011 16:33:05] /ghost
[24/06/2011 16:33:11] /goto druiddx
[24/06/2011 16:33:15] /goto druidx
[24/06/2011 16:33:16] /goto druidx
[24/06/2011 16:33:19] /goto druidx
[24/06/2011 16:33:21] /t
[24/06/2011 16:33:24] /mc
[24/06/2011 16:33:32] /goto kinaxd
[24/06/2011 16:33:36] /goto kinaxd
[24/06/2011 16:33:39] /goto druidx
[24/06/2011 16:33:42] /goto kinaxd
[24/06/2011 16:33:43] /goto druidx
[24/06/2011 16:33:47] /goto kinaxd
[24/06/2011 16:33:59] /goto druidx
[24/06/2011 16:34:12] /goto kinaxd
[24/06/2011 16:34:23] /goto kinaxd
[24/06/2011 16:34:28] /goto druidx
[24/06/2011 16:34:41] /c kinaxd
[24/06/2011 16:35:29] /t
[24/06/2011 21:25:58] /goto lokko
[24/06/2011 21:28:21] /goto lokko
[24/06/2011 21:28:29] /goto lokko
[24/06/2011 21:28:41] /c lokko
[24/06/2011 21:29:57] /r
[24/06/2011 21:29:58] /r
[24/06/2011 21:29:59] /r
[24/06/2011 21:29:59] /r
[24/06/2011 21:30:00] /r
[24/06/2011 21:30:01] /r
[24/06/2011 21:30:02] /r
[24/06/2011 21:30:03] /r
[24/06/2011 21:30:04] /r
[24/06/2011 21:30:05] /r
[24/06/2011 21:30:06] /r
[24/06/2011 21:30:07] /r
[24/06/2011 21:30:08] /r
[24/06/2011 21:30:09] /r
[24/06/2011 21:30:10] /r
[24/06/2011 21:30:11] /r
[24/06/2011 21:30:12] /r
[24/06/2011 21:30:13] /r
[24/06/2011 21:30:15] /r
[24/06/2011 21:38:39] /goto rafael
[24/06/2011 22:04:46] /i 10064
[24/06/2011 22:13:48] /mc
[24/06/2011 22:14:38] /B Adm Mateus
[24/06/2011 22:16:45] /reload talkactions
[24/06/2011 22:17:21] /reload talkactions
[24/06/2011 22:18:32] /reload talkactions
[24/06/2011 22:21:33] /reload creaturescript
[24/06/2011 22:21:34] /reload creaturescripts
[24/06/2011 22:23:57] /bc Desculpem OT Caiu Mais agr vai fika on divirtam-se
[24/06/2011 23:11:39] /r
[24/06/2011 23:14:31] /reload talkactions
[24/06/2011 23:16:28] /c [GM] Bruno
[24/06/2011 23:16:33] /a
[24/06/2011 23:16:33] /a
[24/06/2011 23:16:34] /a
[24/06/2011 23:16:43] /ghost
[24/06/2011 23:17:40] /a
[24/06/2011 23:17:46] /c [GM] Bruno
[24/06/2011 23:18:13] /a 3
[24/06/2011 23:18:50] /a
[24/06/2011 23:19:41] /a
[24/06/2011 23:21:33] /a
[24/06/2011 23:21:38] /a
[24/06/2011 23:22:19] /a
[24/06/2011 23:23:06] /a
[24/06/2011 23:23:40] /a
[24/06/2011 23:25:19] /a
[24/06/2011 23:25:27] /t Druidx
[24/06/2011 23:25:31] /t
[24/06/2011 23:25:40] /a
[24/06/2011 23:25:50] /a
[24/06/2011 23:25:51] /a
[24/06/2011 23:25:54] /t
[24/06/2011 23:26:01] /a
[24/06/2011 23:26:29] /a
[24/06/2011 23:27:40] /a
[24/06/2011 23:27:59] /a
[24/06/2011 23:28:00] /a
[24/06/2011 23:28:06] /t [GM] Bruno
[24/06/2011 23:28:08] /a
[24/06/2011 23:28:12] /a
[24/06/2011 23:28:22] /a
[24/06/2011 23:28:49] /a
[24/06/2011 23:30:52] /goto Skawaa
[24/06/2011 23:31:18] /a
[24/06/2011 23:31:21] /a
[24/06/2011 23:31:44] /a
[24/06/2011 23:31:52] /mc
[24/06/2011 23:40:29] /a
[24/06/2011 23:40:38] /m deus
[24/06/2011 23:40:42] /m deus
[24/06/2011 23:40:45] /a
[24/06/2011 23:40:52] /t
[24/06/2011 23:46:04] /newtype 292
[24/06/2011 23:46:17] /goto monster
[24/06/2011 23:46:19] /a
[24/06/2011 23:46:20] /a
[25/06/2011 00:10:33] /ghost
[25/06/2011 00:10:35] /r
[25/06/2011 00:10:46] /goto rato de kermesse
[25/06/2011 00:10:54] /goto rato de quermesse
[25/06/2011 00:11:32] /B Rato De Quermesse
[25/06/2011 00:12:13] /t
[25/06/2011 10:18:52] /i falcon buyer
[25/06/2011 10:19:01] /i golden falcon
[25/06/2011 10:19:07] /r 99
[25/06/2011 10:19:09] /r 99
[25/06/2011 10:24:48] /reload actions
[25/06/2011 10:33:52] /goto amaurii
[25/06/2011 10:34:15] /goto amaurii
[25/06/2011 10:34:28] /goto amaurii
[25/06/2011 10:34:45] /goto amaurii
[25/06/2011 10:35:02] /goto amaurii
[25/06/2011 10:35:05] /goto amaurii
[25/06/2011 10:35:09] /goto amaurii
[25/06/2011 10:35:10] /goto amaurii
[25/06/2011 10:35:10] /goto amaurii
[25/06/2011 10:35:11] /goto amaurii
[25/06/2011 10:35:11] /goto amaurii
[25/06/2011 10:35:12] /goto amaurii
[25/06/2011 10:35:13] /goto amaurii
[25/06/2011 10:35:14] /goto amaurii
[25/06/2011 10:35:21] /goto amaurii
[25/06/2011 10:35:24] /goto amaurii
[25/06/2011 10:35:25] /goto amaurii
[25/06/2011 10:35:33] /goto mc maguinho
[25/06/2011 10:35:46] /goto amaurii
[25/06/2011 11:57:16] /goto amaurii
[25/06/2011 11:57:40] /m yalahari
[25/06/2011 11:57:44] /r
[25/06/2011 11:57:50] /goto amaurii
[25/06/2011 11:58:15] /goto amaurii
[25/06/2011 11:58:50] /goto amaurii
[25/06/2011 11:58:51] /goto amaurii
[25/06/2011 11:58:52] /goto amaurii
[25/06/2011 11:59:39] /i 2157
[25/06/2011 12:00:01] /r 80
[25/06/2011 12:01:14] /i 2157
[25/06/2011 12:02:54] /r 70
[25/06/2011 12:03:01] /t
[25/06/2011 12:14:32] /mc
[25/06/2011 12:33:26] /ban Account Manager
[25/06/2011 12:33:37] /r
[25/06/2011 12:33:37] /r
[25/06/2011 12:33:38] /r
[25/06/2011 12:33:38] /r
[25/06/2011 12:33:39] /r
[25/06/2011 12:33:39] /r
[25/06/2011 12:33:39] /r
[25/06/2011 12:33:40] /r
[25/06/2011 12:33:41] /r
[25/06/2011 12:33:41] /r
[25/06/2011 12:33:42] /r
[25/06/2011 12:33:42] /r
[25/06/2011 12:33:42] /r
[25/06/2011 12:33:43] /r
[25/06/2011 12:33:43] /r
[25/06/2011 12:33:44] /r
[25/06/2011 12:33:44] /r
[25/06/2011 12:33:44] /r
[25/06/2011 12:33:45] /r
[25/06/2011 12:33:45] /r
[25/06/2011 12:33:46] /r
[25/06/2011 12:33:46] /r
[25/06/2011 12:33:46] /r
[25/06/2011 12:33:47] /r
[25/06/2011 12:33:47] /r
[25/06/2011 12:34:05] /i 5576
[25/06/2011 12:34:45] /goto amaurii
[25/06/2011 12:36:38] /ban Account manager, 2
[25/06/2011 12:36:42] /t
[25/06/2011 12:40:04] /mc
[25/06/2011 12:42:27] /unban Account manager
[25/06/2011 12:55:13] /save
[25/06/2011 12:55:23] /ghost
[25/06/2011 12:55:27] /save
[25/06/2011 12:55:35] /reload talkactions
[25/06/2011 12:55:49] /ban Tormuka, 10
[25/06/2011 12:55:55] /ban Tormuka,10
[25/06/2011 12:56:31] /ban Tormuka,10
[25/06/2011 12:57:02] /ban Torkuma,10,Tormuka
[25/06/2011 12:57:08] /ban Torkuma,10, Tormuka
[25/06/2011 12:57:12] /ban Torkuma, 10
[25/06/2011 12:57:20] /ban Torkuma, 10, Tormuka
[25/06/2011 12:58:24] /save
[25/06/2011 12:58:35] /reload talkactions
[25/06/2011 12:58:39] /ban Tormuka
[25/06/2011 12:58:51] /ban 10, Tormuka
[25/06/2011 12:59:00] /banplayer Tormuka,10
[25/06/2011 12:59:35] /ban Tormuka;10
[25/06/2011 12:59:54] /save
[25/06/2011 13:00:02] /reload talkactions
[25/06/2011 13:00:26] /ban Torkuma; 30; fez flood
[25/06/2011 13:01:43] /save
[25/06/2011 13:01:50] /reload talkactions
[25/06/2011 13:02:25] /ban Tormuka,35,
[25/06/2011 13:02:51] /unban Tormuka
[25/06/2011 13:05:21] /a
[25/06/2011 17:47:10] /goto amaurii
[25/06/2011 17:47:52] /a 6
[25/06/2011 18:39:47] /goto druid master
[25/06/2011 18:39:51] /t
[25/06/2011 18:57:17] /mc
[25/06/2011 18:57:32] /goto master
[25/06/2011 18:57:40] /goto girl of knight
[25/06/2011 18:58:01] /goto master
[25/06/2011 18:58:04] /c Girl of knight
[25/06/2011 18:58:14] /mc
[25/06/2011 18:59:05] /c master
[25/06/2011 18:59:32] /t
[25/06/2011 21:21:14] /save
[25/06/2011 21:21:25] /reload talkactions
[25/06/2011 21:24:07] /i 2160
[25/06/2011 21:27:45] /reload talkactions
[25/06/2011 21:28:56] /reload talkactions
[25/06/2011 21:36:38] /save
[25/06/2011 21:36:44] /reload talkactions
[25/06/2011 21:38:17] /save
[25/06/2011 21:38:24] /reload talkactions
[25/06/2011 21:39:27] /reload talkactions
[25/06/2011 21:40:16] /reload talkactions
[25/06/2011 21:43:24] /save
[25/06/2011 21:43:31] /reload talkactions
[25/06/2011 21:45:14] /save
[25/06/2011 21:45:21] /reload talkactions
[25/06/2011 21:51:39] /reload talkactions
[25/06/2011 23:16:17] /goto druid do capeta
[25/06/2011 23:16:48] /goto muleke doido
[25/06/2011 23:17:40] /goto druid do capeta
[25/06/2011 23:17:41] /goto druid do capeta
[25/06/2011 23:17:41] /goto druid do capeta
[25/06/2011 23:17:43] /goto druid do capeta
[25/06/2011 23:18:37] /goto druid do capeta
[26/06/2011 09:36:38] /reload monster
[26/06/2011 09:37:15] /reload monster
[26/06/2011 09:38:30] /reload monster
[26/06/2011 09:40:21] /goto amaurii
[26/06/2011 09:40:32] /ghost
[26/06/2011 09:40:34] /a
[26/06/2011 09:40:35] /a
[26/06/2011 09:40:36] /r
[26/06/2011 09:40:37] /r
[26/06/2011 09:40:38] /r
[26/06/2011 09:40:39] /r
[26/06/2011 09:40:41] /r
[26/06/2011 09:41:00] /r
[26/06/2011 09:41:01] /r
[26/06/2011 09:41:01] /r
[26/06/2011 09:41:02] /r
[26/06/2011 09:41:04] /r
[26/06/2011 09:41:05] /r
[26/06/2011 09:41:06] /r
[26/06/2011 09:41:07] /r
[26/06/2011 09:41:09] /r
[26/06/2011 09:41:10] /r
[26/06/2011 09:41:11] /r
[26/06/2011 09:41:12] /r
[26/06/2011 09:41:13] /r
[26/06/2011 09:41:14] /r
[26/06/2011 09:41:22] /a 6
[26/06/2011 09:41:42] /goto amaurii
[26/06/2011 09:41:56] /ghost
[26/06/2011 09:42:03] /r
[26/06/2011 09:43:57] /r
[26/06/2011 09:44:38] /kick Darknes
[26/06/2011 09:45:08] /goto Ulquiorra
[26/06/2011 09:45:35] /ban Ulquiorra
[26/06/2011 09:45:46] /ban Tormuka,30
[26/06/2011 09:46:11] /unban Tormuka
[26/06/2011 09:55:49] /i 10029
[26/06/2011 09:55:54] /i 10029
[26/06/2011 09:57:04] /i 10029
[26/06/2011 09:58:47] /i 2160
[26/06/2011 09:58:49] /i 2160
[26/06/2011 09:59:19] /owner [Hoster] Mateus
[26/06/2011 10:14:22] /a 5
[26/06/2011 10:14:41] /goto zarake
[26/06/2011 10:15:08] /r
[26/06/2011 10:15:10] /t
[26/06/2011 10:15:14] /a 50
[26/06/2011 10:15:18] /a 2
[26/06/2011 10:15:24] /c darkness
[26/06/2011 10:15:38] /goto Darknes
[26/06/2011 10:15:42] /c Darknes
[26/06/2011 10:15:44] /ghost
[26/06/2011 10:15:46] /c Darknes
[26/06/2011 10:15:46] /c Darknes
[26/06/2011 10:15:47] /c Darknes
[26/06/2011 10:15:48] /c Darknes
[26/06/2011 10:17:49] /i hunting spear
[26/06/2011 10:18:15] /r 99
[26/06/2011 10:19:05] /c Darknes
[26/06/2011 10:19:08] /c Darknes
[26/06/2011 10:19:09] /c Darknes
[26/06/2011 10:19:48] /ghost
[26/06/2011 18:19:24] /t
[26/06/2011 18:20:03] /a
[26/06/2011 18:20:04] /r
[26/06/2011 18:20:11] /r
[26/06/2011 18:20:15] /a
[26/06/2011 18:20:20] /i 6242
[26/06/2011 18:20:22] /i 6242
[26/06/2011 18:20:24] /r
[26/06/2011 18:20:28] /r
[26/06/2011 19:45:58] /a
[26/06/2011 19:46:14] /c druid do capeta
[26/06/2011 19:46:57] /goto muleke doido
[26/06/2011 19:47:07] /c muleke doido
[26/06/2011 19:48:33] /t
[26/06/2011 20:35:53] /a
[26/06/2011 20:36:24] /i 2160
[26/06/2011 20:36:29] /npc addon seller
[26/06/2011 20:36:46] /r
[26/06/2011 20:36:50] /t
[26/06/2011 20:36:53] /a
[26/06/2011 20:38:18] /ghost
[26/06/2011 20:57:08] /r 100
[26/06/2011 20:57:45] /a
[26/06/2011 21:50:49] /a
[26/06/2011 21:51:58] /mc
[26/06/2011 21:52:32] /a
[26/06/2011 21:53:24] /goto muleke doido
[26/06/2011 21:53:37] /a
[26/06/2011 21:53:40] /a
[26/06/2011 21:53:41] /a
[26/06/2011 21:54:29] /a
[26/06/2011 22:19:08] /kick Druid master
[26/06/2011 22:19:25] /kick Druid master
[26/06/2011 22:19:32] /kick Druid master
[26/06/2011 22:19:40] /kick Druid master
[26/06/2011 22:20:21] /a
[26/06/2011 22:20:53] /a
[26/06/2011 22:38:11] /a
[26/06/2011 22:39:16] /a
[26/06/2011 22:39:40] /goto druid master
[26/06/2011 22:39:49] /t
[26/06/2011 22:39:58] /a
[26/06/2011 22:42:07] /kick Fan Druid Master
[26/06/2011 22:43:23] /r
[26/06/2011 22:43:24] /r
[26/06/2011 22:43:28] /a
[26/06/2011 22:43:44] /a
[26/06/2011 22:43:54] /a
[27/06/2011 10:46:59] /ghost
[27/06/2011 10:47:01] /a
[27/06/2011 10:51:18] /save
[27/06/2011 10:51:21] /reload spells
[27/06/2011 10:52:56] /reload spells
[27/06/2011 10:53:59] /a
[27/06/2011 10:54:38] /reload spells
[27/06/2011 10:55:31] /reload spells
[27/06/2011 10:56:12] /reload spells
[27/06/2011 10:56:46] /reload spells
[27/06/2011 10:57:19] /reload spells
[27/06/2011 10:58:03] /reload spells
[27/06/2011 10:58:51] /reload spells
[27/06/2011 11:00:05] /reload talkactions
[27/06/2011 11:02:59] /reload spells
[27/06/2011 11:03:08] /a 3
[27/06/2011 11:03:46] /reload spells
[27/06/2011 11:05:44] /reload spells
[27/06/2011 11:06:16] /reload spells
[27/06/2011 11:07:01] /reload spells
[27/06/2011 11:08:22] /reload talkactions
[27/06/2011 11:08:26] /reload spells
[27/06/2011 11:10:24] /a
[27/06/2011 12:03:41] /r
[27/06/2011 12:03:42] /r
[27/06/2011 12:03:46] /a
[27/06/2011 12:04:49] /a
[27/06/2011 12:06:25] /a
[27/06/2011 19:09:44] /a
[27/06/2011 19:09:55] /ghost
[27/06/2011 19:12:18] /mc
[27/06/2011 19:12:34] /goto Dr Dreeew
[27/06/2011 19:12:37] /goto Druid da Porra
[27/06/2011 19:12:40] /goto Dr Dreeew
[27/06/2011 19:12:43] /goto Druid da Porra
[27/06/2011 19:13:05] /goto Druid vingador
[27/06/2011 19:13:10] /t
[27/06/2011 19:13:18] /a
[27/06/2011 19:13:21] /a
[27/06/2011 19:15:04] /a
[27/06/2011 19:15:05] /a
[27/06/2011 19:15:55] /a
[27/06/2011 19:16:27] /a
[27/06/2011 19:17:57] /save
[27/06/2011 19:18:01] /reload talkactions
[27/06/2011 19:18:48] /newtype 300
[27/06/2011 19:18:55] /newtype 213
[27/06/2011 19:19:01] /newtype 213]
[27/06/2011 19:19:30] /newtype 200
[27/06/2011 19:19:36] /newtype 30
[27/06/2011 19:19:47] /newtype 15
[27/06/2011 19:19:53] /a
[27/06/2011 19:20:01] /a
[27/06/2011 19:20:08] /newtype 120
[27/06/2011 19:20:24] /a
[27/06/2011 19:20:39] /kick ryudoo
[27/06/2011 19:20:46] /a
[27/06/2011 19:21:32] /a
[27/06/2011 19:23:30] /a
[27/06/2011 19:24:32] /r
[27/06/2011 19:24:43] /r
[27/06/2011 19:24:48] /a
[27/06/2011 19:24:50] /a
[27/06/2011 19:24:51] /a
[27/06/2011 19:24:51] /a
[27/06/2011 19:30:48] /save
[27/06/2011 19:31:03] /reload talkactions
[27/06/2011 19:31:54] /save
[27/06/2011 19:31:58] /reload talkactions
[27/06/2011 19:33:24] /reload talkactions
[27/06/2011 19:34:05] /save
[27/06/2011 19:34:09] /reload talkactions
[27/06/2011 19:34:32] /reload talkactions
[27/06/2011 19:36:56] /i 8305
[27/06/2011 19:37:08] /i 8306
[27/06/2011 19:37:19] /r
[27/06/2011 19:37:21] /r
[27/06/2011 19:37:29] /a
[27/06/2011 19:39:46] /save
[27/06/2011 19:39:51] /reload talkactions
[27/06/2011 19:42:57] /reload spells
[27/06/2011 19:43:14] /reload talkactions
[27/06/2011 19:47:54] /save
[27/06/2011 19:47:59] /reload talkactions
[27/06/2011 19:48:33] /save
[27/06/2011 19:48:38] /reload talkactions
[27/06/2011 19:48:58] /reload talkactions
[27/06/2011 19:49:31] /reload talkactions
[27/06/2011 19:50:06] /save
[27/06/2011 19:50:11] /reload actions
[27/06/2011 19:51:49] /reload actions
[27/06/2011 21:00:14] /mc
[27/06/2011 21:07:30] /mc
[27/06/2011 21:07:45] /goto amaurii
[27/06/2011 21:07:58] /t
[27/06/2011 21:11:00] /mc
[27/06/2011 21:11:20] /ghost
[27/06/2011 21:23:12] /ghost
[27/06/2011 21:28:07] /a
[27/06/2011 21:34:36] /r
[27/06/2011 21:34:49] /r
[27/06/2011 21:34:51] /a
[28/06/2011 19:32:27] /goto amaurii
[28/06/2011 19:32:36] /a 3
[28/06/2011 19:32:37] /a 3
[28/06/2011 19:32:40] /a
[28/06/2011 19:32:41] /a
[28/06/2011 19:40:54] /r
[28/06/2011 19:41:10] /r
[28/06/2011 19:41:10] /r
[28/06/2011 19:41:12] /closeserver
[28/06/2011 19:41:29] /ban acccount manager
[28/06/2011 19:41:39] /ban account manager,30
[28/06/2011 19:41:45] /openserver
[28/06/2011 19:45:25] /r
[28/06/2011 19:45:55] /a
[28/06/2011 19:47:04] /a
[28/06/2011 19:47:15] /a
[28/06/2011 19:48:11] /a 3
[28/06/2011 19:48:31] /a 5
[28/06/2011 19:48:48] /c anahh
[28/06/2011 19:48:53] /c anahh
[28/06/2011 19:50:36] /c anahh
[28/06/2011 19:50:47] /c anahh
[28/06/2011 19:51:31] /B Knightzinho
[28/06/2011 19:51:37] /a
[28/06/2011 19:52:47] /a
[28/06/2011 19:53:00] /goto anahh
[28/06/2011 19:53:04] /t
[28/06/2011 19:53:06] /a
[28/06/2011 19:53:35] /goto Black Skull Rox
[28/06/2011 19:55:30] /goto anahh
[28/06/2011 19:55:44] /a
[28/06/2011 19:55:46] /a
[28/06/2011 19:55:46] /a
[28/06/2011 19:56:19] /a
[28/06/2011 19:56:20] /a
[28/06/2011 19:57:29] /a
[28/06/2011 19:57:30] /a
[28/06/2011 19:57:32] /a
[28/06/2011 19:57:33] /a
[28/06/2011 19:57:34] /a
[28/06/2011 19:57:35] /a
[28/06/2011 19:57:45] /a
[28/06/2011 19:57:46] /a
[28/06/2011 19:59:47] /r
[28/06/2011 20:01:53] /B Anahh
[28/06/2011 20:02:04] /ban Anahh,100
[28/06/2011 20:02:20] /a
[28/06/2011 20:02:39] /goto Black Skull Rox
[28/06/2011 20:22:22] /a
[28/06/2011 20:22:25] /mc
[28/06/2011 20:23:05] /a
[28/06/2011 20:34:52] /goto amaurii
[28/06/2011 20:37:43] /i max power rune
[28/06/2011 20:38:58] /a
[28/06/2011 20:40:50] /save
[28/06/2011 20:40:54] /reload spells
[28/06/2011 20:43:54] /a
[28/06/2011 20:50:35] /save
[28/06/2011 20:50:39] /reload spells
[28/06/2011 20:51:30] /save
[28/06/2011 20:51:33] /reload spells
[28/06/2011 20:52:15] /reload spells
[28/06/2011 20:53:21] /a
[28/06/2011 20:55:37] /B Druid Do Terro
[28/06/2011 21:01:27] /a
[28/06/2011 21:02:35] /a
[28/06/2011 21:03:35] /a
[28/06/2011 21:03:35] /a
[28/06/2011 21:07:52] /a 4
[28/06/2011 21:07:56] /a 4
[28/06/2011 21:09:48] /goto druid master
[28/06/2011 21:09:58] /a 3
[28/06/2011 21:14:56] /r
[28/06/2011 22:23:06] /goto druid master
[28/06/2011 22:23:09] /t
[28/06/2011 23:37:35] /a
[28/06/2011 23:42:59] /a 6
[28/06/2011 23:43:06] /a 5
[28/06/2011 23:43:10] /a 5
[28/06/2011 23:43:45] /a 2
[28/06/2011 23:44:49] /t
[28/06/2011 23:59:54] /a 3
[29/06/2011 00:22:29] /attr health -99999
[29/06/2011 00:22:45] /attr health -999999
[29/06/2011 00:23:53] /attr health -999999
[29/06/2011 00:24:01] /attr health -99999
[29/06/2011 00:24:04] /attr health -99999
[29/06/2011 00:24:05] /attr health -99999
[29/06/2011 00:24:14] /attr health -999
[29/06/2011 00:24:41] /attr health -754824
[29/06/2011 00:24:58] /attr health 999
[29/06/2011 00:26:14] /attr health -754824
[29/06/2011 00:26:20] /attr health 754824
[29/06/2011 00:28:10] /a
[29/06/2011 00:34:21] /i 2157
[29/06/2011 00:41:48] /a
[29/06/2011 00:44:51] /name Mateus, Mateuss
[29/06/2011 00:45:17] /name Mateuss, Mateus
[29/06/2011 00:47:07] /t
[29/06/2011 00:47:12] /goto druid master
[29/06/2011 00:47:38] /a
[29/06/2011 00:47:39] /a
[29/06/2011 00:47:39] /a
[29/06/2011 00:50:50] /r
[29/06/2011 00:51:57] /bc OT Amanha As 7hrs
[29/06/2011 00:51:58] /bc OT Amanha As 7hrs
[29/06/2011 00:51:58] /bc OT Amanha As 7hrs
[29/06/2011 00:51:59] /bc OT Amanha As 7hrs
[29/06/2011 00:51:59] /bc OT Amanha As 7hrs
[29/06/2011 00:52:00] /bc OT Amanha As 7hrs
[29/06/2011 00:52:00] /bc OT Amanha As 7hrs
[29/06/2011 00:52:00] /bc OT Amanha As 7hrs
[29/06/2011 00:52:26] /bc OT Amanha As 7hrs
[29/06/2011 00:52:27] /bc OT Amanha As 7hrs
[29/06/2011 00:52:27] /bc OT Amanha As 7hrs
[29/06/2011 11:11:24] /t
[29/06/2011 11:13:18] /attr health 999
[29/06/2011 11:13:20] /attr health 9999
[29/06/2011 11:13:24] /attr health 99999
[29/06/2011 11:13:37] /attr health 10000
[29/06/2011 11:13:43] /attr health -10000
[29/06/2011 11:13:46] /attr health -100000
[29/06/2011 11:13:47] /attr health -100000
[29/06/2011 11:13:47] /attr health -100000
[29/06/2011 11:13:48] /attr health -100000
[29/06/2011 11:13:48] /attr health -100000
[29/06/2011 11:13:49] /attr health -100000
[29/06/2011 11:13:49] /attr health -100000
[29/06/2011 11:13:50] /attr health -100000
[29/06/2011 11:13:50] /attr health -100000
[29/06/2011 11:14:04] /attr health -91494
[29/06/2011 11:14:53] /attr health 91494
[29/06/2011 11:14:55] /attr health 9149410
[29/06/2011 11:17:03] /mc
[29/06/2011 11:22:42] /save
[29/06/2011 11:22:48] /reload spells
[29/06/2011 11:24:49] /attr health -1010684
[29/06/2011 11:25:45] /reload spells
[29/06/2011 11:28:17] /reload spells
[29/06/2011 11:31:22] /reload spells
[29/06/2011 11:37:59] /reload spells
[29/06/2011 11:39:12] /reload spells
[29/06/2011 11:40:08] /attr health -101654
[29/06/2011 11:40:31] /attr health -1001654
[29/06/2011 11:40:45] /attr health -14700
[29/06/2011 11:40:55] /attr health -200
[29/06/2011 11:42:29] /reload spells
[29/06/2011 11:42:56] /attr helath 1016554
[29/06/2011 11:43:00] /attr helath -1016554
[29/06/2011 11:43:04] /attr helath -1016554
[29/06/2011 11:43:11] /attr helath -1016554
[29/06/2011 11:43:17] /attr health -1016554
[29/06/2011 12:08:39] /mc
[29/06/2011 12:09:32] /mc
[29/06/2011 12:37:49] /t
[29/06/2011 20:54:45] /ghost
[29/06/2011 20:54:55] /kick lucas
[29/06/2011 20:55:21] /a
[29/06/2011 20:55:48] /goto druid master
[29/06/2011 20:55:59] /goto looo
[29/06/2011 20:56:34] /t
[29/06/2011 20:56:41] /a
[29/06/2011 20:58:25] /goto druid master
[29/06/2011 20:59:52] /a
[29/06/2011 20:59:52] /a
[29/06/2011 21:00:04] /t Pala Eu Xavo
[29/06/2011 21:00:07] /c Druid Master
[29/06/2011 21:00:10] /a 3
[29/06/2011 21:00:12] /t
[29/06/2011 21:00:28] /a
[29/06/2011 21:13:59] /goto bruno
[29/06/2011 21:14:53] /t
[29/06/2011 21:14:56] /a
[29/06/2011 21:16:39] /goto druid master
[29/06/2011 21:16:45] /a
[29/06/2011 21:16:47] /r
[29/06/2011 21:17:11] /r
[29/06/2011 21:17:28] /ghost
[29/06/2011 21:17:30] /ghost
[29/06/2011 21:17:37] /ghost
[29/06/2011 21:18:39] /attr helath -1072069
[29/06/2011 21:18:41] /attr helath -1072069
[29/06/2011 21:18:47] /attr helath -1072069
[29/06/2011 21:18:56] /attr health -1072069
[29/06/2011 21:19:12] /attr health -375
[29/06/2011 21:19:29] /attr health -1072069
[29/06/2011 21:19:54] /attr health -1072069
[29/06/2011 21:21:02] /attr health -1072069
[29/06/2011 21:21:19] /up
[29/06/2011 21:21:58] /attr health -107206
[29/06/2011 21:23:15] /a 6
[29/06/2011 21:23:16] /a 6
[29/06/2011 21:23:18] /a 6
[29/06/2011 21:23:23] /a 2
[29/06/2011 21:24:16] /a 6
[29/06/2011 21:30:41] /a 3
[29/06/2011 21:30:42] /a 3
[29/06/2011 21:30:53] /a
[29/06/2011 21:31:14] /a
[29/06/2011 21:31:15] /a
[29/06/2011 21:31:15] /a
[29/06/2011 21:42:47] /r
[29/06/2011 21:43:01] /mc
[29/06/2011 21:44:00] /mc
[29/06/2011 22:07:57] /a
[30/06/2011 10:10:41] /ghost
[30/06/2011 10:43:14] /a
[30/06/2011 10:43:14] /a
[30/06/2011 10:43:15] /a
[30/06/2011 10:43:16] /a
[30/06/2011 10:43:17] /a
[30/06/2011 10:43:17] /a
[30/06/2011 10:43:17] /a
[30/06/2011 10:47:42] /goto pala eu xavo
[30/06/2011 10:53:40] /mc
[30/06/2011 10:53:56] /mc
[30/06/2011 10:54:12] /mc
[30/06/2011 11:00:27] /i dragon scale armor
[30/06/2011 11:01:46] /i 2469
[30/06/2011 11:01:52] /i 2492
[30/06/2011 11:02:17] /i 2542
[30/06/2011 11:02:58] /i 2501
[30/06/2011 11:03:01] /i 2641
[30/06/2011 11:03:14] /t
[30/06/2011 11:11:48] /goto pala eu xavo
[30/06/2011 11:11:51] /t
[30/06/2011 11:13:40] /goto bruno
[30/06/2011 11:13:49] /mc
[30/06/2011 11:13:55] /goto lord
[30/06/2011 11:13:59] /goto bruno
[30/06/2011 11:14:06] /c lord
[30/06/2011 11:14:14] /c lord
[30/06/2011 11:14:16] /c lord
[30/06/2011 11:14:20] /c lord
[30/06/2011 11:14:21] /c lord
[30/06/2011 11:14:39] /c lord
[30/06/2011 11:14:47] /c lord
[30/06/2011 11:15:38] /goto pala eu xavo
[30/06/2011 11:15:41] /goto pala eu xavo
[30/06/2011 11:15:50] /goto adm mateus
[30/06/2011 11:16:00] /goto Adm Mateus
[30/06/2011 11:16:13] /mc
[30/06/2011 11:16:39] /goto pala eu xavo
[30/06/2011 11:21:34] /goto adm mateus
[30/06/2011 11:21:59] /goto adm mateus
[30/06/2011 11:23:26] /m demon lord
[30/06/2011 11:23:52] /ghost
[30/06/2011 11:26:04] /i 5949
[30/06/2011 11:26:10] /i 2314
[30/06/2011 11:26:13] /i epic uh
[30/06/2011 11:48:32] /ghost
[30/06/2011 11:59:36] /r
[30/06/2011 11:59:37] /r
[30/06/2011 11:59:59] /t
[30/06/2011 12:08:08] /a 6
[30/06/2011 12:08:09] /a 6
[30/06/2011 12:08:15] /closeserver
[30/06/2011 12:08:38] /openserver
[30/06/2011 12:08:44] /goto fan druid master
[30/06/2011 12:08:46] /goto fan druid master
[30/06/2011 12:08:49] /goto fan druid master
[30/06/2011 12:08:50] /goto fan druid master
[30/06/2011 12:08:51] /goto fan druid master
[30/06/2011 12:08:56] /goto fan druid master
[30/06/2011 12:10:15] /up
[30/06/2011 12:10:15] /up
[30/06/2011 12:10:20] /c fan druid master
[30/06/2011 12:10:23] /c fan druid master
[30/06/2011 12:11:43] /t Fan Druid Master
[30/06/2011 12:11:53] /t
[30/06/2011 13:02:08] /a
[30/06/2011 13:10:46] /a
[30/06/2011 13:11:53] /i epic mana
[30/06/2011 13:11:57] /i epic mana rune
[30/06/2011 13:12:00] /i 2296
[30/06/2011 13:12:03] /i 2299
[30/06/2011 13:17:38] /reload npc
[30/06/2011 13:17:50] /up
[30/06/2011 13:18:37] /a
[30/06/2011 13:18:37] /a
[30/06/2011 13:18:52] /npc epic runes seller
[30/06/2011 13:20:04] /reload npc
[30/06/2011 13:20:07] /r
[30/06/2011 13:20:10] /npc epic runes seller
[30/06/2011 13:21:16] /reload npc
[30/06/2011 13:21:18] /r
[30/06/2011 13:21:24] /npc epic runes seller
[30/06/2011 13:22:30] /reload npc
[30/06/2011 13:22:32] /r
[30/06/2011 13:22:37] /npc epic runes seller
[30/06/2011 13:24:41] /reload ncp
[30/06/2011 13:24:47] /reload npc
[30/06/2011 13:25:25] /reload npc
[30/06/2011 13:26:25] /reload npc
[30/06/2011 13:27:04] /reload npc
[30/06/2011 13:27:24] /i 2173
[30/06/2011 13:27:30] /r
[30/06/2011 13:27:32] /r
[30/06/2011 13:27:33] /r
[30/06/2011 13:27:36] /r
[30/06/2011 13:27:42] /r
[30/06/2011 13:27:46] /r
[30/06/2011 13:27:48] /r
[30/06/2011 13:27:51] /r
[30/06/2011 13:28:04] /ghost
[30/06/2011 13:30:50] /reload npc
[30/06/2011 13:31:22] /i 2661
[30/06/2011 13:34:41] /reload npc
[30/06/2011 13:35:38] /reload npc
[30/06/2011 13:36:47] /save
[30/06/2011 13:36:52] /reload items
[30/06/2011 13:36:57] /reload npc
[30/06/2011 13:37:43] /i 2157
[30/06/2011 13:38:44] /i 2157
[30/06/2011 13:38:44] /i 2157
[30/06/2011 13:38:45] /i 2157
[30/06/2011 13:38:45] /i 2157
[30/06/2011 13:38:46] /i 2157
[30/06/2011 13:38:47] /i 2157
[30/06/2011 13:38:47] /i 2157
[30/06/2011 13:38:49] /i 2157
[30/06/2011 13:38:49] /i 2157
[30/06/2011 13:38:50] /i 2157
[30/06/2011 13:38:50] /i 2157
[30/06/2011 13:38:50] /i 2157
[30/06/2011 13:38:51] /i 2157
[30/06/2011 13:38:53] /i 2157
[30/06/2011 13:38:53] /i 2157
[30/06/2011 13:38:54] /i 2157
[30/06/2011 13:38:55] /i 2157
[30/06/2011 13:38:55] /i 2157
[30/06/2011 13:38:55] /i 2157
[30/06/2011 13:39:03] /r
[30/06/2011 13:39:06] /i 2157
[30/06/2011 13:39:29] /r
[30/06/2011 13:39:35] /i blue backpack
[30/06/2011 13:39:45] /r
[30/06/2011 13:39:47] /i 2160
[30/06/2011 13:39:48] /i 2160
[30/06/2011 13:39:48] /i 2160
[30/06/2011 13:39:49] /i 2160
[30/06/2011 13:39:49] /i 2160
[30/06/2011 13:39:50] /i 2160
[30/06/2011 13:39:50] /i 2160
[30/06/2011 13:39:51] /i 2160
[30/06/2011 13:39:51] /i 2160
[30/06/2011 13:39:54] /i 2160
[30/06/2011 13:39:54] /i 2160
[30/06/2011 13:39:55] /i 2160
[30/06/2011 13:39:56] /i 2160
[30/06/2011 13:39:56] /i 2160
[30/06/2011 13:39:57] /i 2160
[30/06/2011 13:39:57] /i 2160
[30/06/2011 13:39:59] /i 2160
[30/06/2011 13:40:01] /i 2160
[30/06/2011 13:40:04] /i 2160
[30/06/2011 13:40:23] /i blue backpack
[30/06/2011 13:40:30] /i blue backpack
[30/06/2011 13:40:32] /i 2160
[30/06/2011 13:40:33] /i 2160
[30/06/2011 13:40:33] /i 2160
[30/06/2011 13:40:34] /i 2160
[30/06/2011 13:41:05] /i 2160
[30/06/2011 13:41:06] /i 2160
[30/06/2011 13:41:09] /i 2160
[30/06/2011 13:41:10] /i 2160
[30/06/2011 13:41:17] /i 2160
[30/06/2011 13:41:18] /i 2160
[30/06/2011 13:41:18] /i 2160
[30/06/2011 13:41:19] /i 2160
[30/06/2011 13:41:19] /i 2160
[30/06/2011 13:41:20] /i 2160
[30/06/2011 13:41:20] /i 2160
[30/06/2011 13:41:21] /i 2160
[30/06/2011 13:41:21] /i 2160
[30/06/2011 13:41:29] /i 2160
[30/06/2011 13:41:29] /i 2160
[30/06/2011 13:41:30] /i 2160
[30/06/2011 13:41:34] /i 2160
[30/06/2011 13:41:35] /i 2160
[30/06/2011 13:41:35] /i 2160
[30/06/2011 13:41:36] /i 2160
[30/06/2011 13:41:36] /i 2160
[30/06/2011 13:41:37] /i 2160
[30/06/2011 13:41:37] /i 2160
[30/06/2011 13:41:38] /i 2160
[30/06/2011 13:41:38] /i 2160
[30/06/2011 13:41:39] /i 2160
[30/06/2011 13:41:40] /i 2160
[30/06/2011 13:41:56] /r
[30/06/2011 13:42:57] /t 
[30/06/2011 13:43:04] /goto Epic Runes Seller
[30/06/2011 13:45:55] /i backpack
[30/06/2011 13:47:33] /reload npc
[30/06/2011 13:47:40] /npc medal buyer
[30/06/2011 13:47:50] /i 2160
[30/06/2011 13:48:52] /clean
[30/06/2011 21:08:29] /ghost
[30/06/2011 21:08:30] /t
[30/06/2011 23:25:25] /goto paladin master
[30/06/2011 23:26:13] /a
[30/06/2011 23:26:13] /a
[30/06/2011 23:26:14] /a
[30/06/2011 23:26:14] /a
[30/06/2011 23:27:17] /ghost
[30/06/2011 23:31:59] /a 4
[30/06/2011 23:54:09] /ghost
[30/06/2011 23:54:13] /goto penumbra
[30/06/2011 23:59:16] /goto penumbra
[01/07/2011 00:31:28] /t
[01/07/2011 00:31:35] /goto paladin master
[01/07/2011 00:32:16] /c mma strit
[01/07/2011 00:32:26] /c mma strit
[01/07/2011 00:33:41] /bc OT Amanha As 7:00
[01/07/2011 00:33:44] /bc OT Amanha As 7:00
[01/07/2011 00:33:44] /bc OT Amanha As 7:00
[01/07/2011 00:33:45] /bc OT Amanha As 7:00
[01/07/2011 00:33:45] /bc OT Amanha As 7:00
[01/07/2011 00:33:45] /bc OT Amanha As 7:00
[01/07/2011 00:33:46] /bc OT Amanha As 7:00
[01/07/2011 00:33:47] /bc OT Amanha As 7:00
[01/07/2011 21:24:44] /a
[02/07/2011 16:53:50] /up
[02/07/2011 16:53:51] /up
[02/07/2011 16:53:53] /c Paladin Master
[02/07/2011 16:55:04] /c Paladin Master
[02/07/2011 16:56:37] /r
[02/07/2011 16:56:45] /t Paladin Master
[02/07/2011 16:56:46] /t
[02/07/2011 17:48:44] /goto druid master
[02/07/2011 17:48:47] /r
[02/07/2011 17:51:11] /goto mendingo
[02/07/2011 17:51:16] /goto mendigo
[02/07/2011 17:51:42] /ghost
[02/07/2011 17:52:11] /a
[02/07/2011 17:52:12] /a
[02/07/2011 17:52:12] /a
[02/07/2011 17:52:12] /a
[02/07/2011 17:52:12] /a
[02/07/2011 17:52:12] /a
[02/07/2011 17:52:12] /a
[02/07/2011 17:52:12] /a
[02/07/2011 17:52:12] /a
[02/07/2011 17:52:12] /a
[02/07/2011 17:52:12] /a
[02/07/2011 17:52:12] /a
[02/07/2011 17:52:12] /a
[02/07/2011 17:52:12] /a
[02/07/2011 17:52:12] /a
[02/07/2011 17:52:12] /a
[02/07/2011 17:52:12] /a
[02/07/2011 17:52:14] /a
[02/07/2011 17:52:14] /a
[02/07/2011 17:52:15] /a
[02/07/2011 17:52:15] /a
[02/07/2011 17:52:15] /a
[02/07/2011 17:52:15] /a
[02/07/2011 17:52:16] /a
[02/07/2011 17:52:16] /a
[02/07/2011 17:52:16] /a
[02/07/2011 17:52:16] /a
[02/07/2011 17:52:17] /a
[02/07/2011 17:52:17] /a
[02/07/2011 17:52:17] /a
[02/07/2011 17:52:17] /a
[02/07/2011 17:52:18] /a
[02/07/2011 17:52:18] /a
[02/07/2011 17:52:18] /a
[02/07/2011 17:52:18] /a
[02/07/2011 17:52:44] /a
[02/07/2011 17:52:44] /a
[02/07/2011 17:52:44] /a
[02/07/2011 17:52:45] /a
[02/07/2011 17:52:45] /a
[02/07/2011 17:52:46] /a
[02/07/2011 17:52:46] /a
[02/07/2011 17:52:46] /a
[02/07/2011 17:52:46] /a
[02/07/2011 17:52:47] /a
[02/07/2011 17:52:47] /a
[02/07/2011 17:52:47] /a
[02/07/2011 17:52:47] /a
[02/07/2011 17:52:48] /a
[02/07/2011 17:52:48] /a
[02/07/2011 17:52:48] /a
[02/07/2011 17:52:59] /a
[02/07/2011 17:53:02] /a
[02/07/2011 17:53:03] /a
[02/07/2011 17:53:03] /a
[02/07/2011 17:53:03] /a
[02/07/2011 17:53:03] /a
[02/07/2011 17:53:04] /a
[02/07/2011 17:53:05] /a
[02/07/2011 17:53:10] /a
[02/07/2011 17:53:10] /a
[02/07/2011 17:53:11] /a
[02/07/2011 17:53:11] /a
[02/07/2011 17:53:11] /a
[02/07/2011 17:53:12] /a
[02/07/2011 17:53:12] /a
[02/07/2011 17:53:15] /a
[02/07/2011 17:53:16] /a
[02/07/2011 17:53:16] /a
[02/07/2011 17:53:17] /a
[02/07/2011 17:53:17] /a
[02/07/2011 17:53:17] /a
[02/07/2011 17:53:18] /a
[02/07/2011 17:53:18] /a
[02/07/2011 17:53:18] /a
[02/07/2011 17:53:18] /a
[02/07/2011 17:53:18] /a
[02/07/2011 17:53:18] /a
[02/07/2011 17:53:18] /a
[02/07/2011 17:53:18] /a
[02/07/2011 17:53:18] /a
[02/07/2011 17:53:18] /a
[02/07/2011 17:53:18] /a
[02/07/2011 17:53:18] /a
[02/07/2011 17:53:18] /a
[02/07/2011 17:53:18] /a
[02/07/2011 17:53:18] /a
[02/07/2011 17:53:18] /a
[02/07/2011 17:53:18] /a
[02/07/2011 17:53:18] /a
[02/07/2011 17:53:18] /a
[02/07/2011 17:53:18] /a
[02/07/2011 17:53:18] /a
[02/07/2011 17:53:18] /a
[02/07/2011 17:53:19] /a
[02/07/2011 17:53:19] /a
[02/07/2011 17:53:19] /a
[02/07/2011 17:53:20] /a
[02/07/2011 17:53:20] /a
[02/07/2011 17:53:20] /a
[02/07/2011 17:53:21] /a
[02/07/2011 17:53:21] /a
[02/07/2011 17:53:21] /a
[02/07/2011 17:53:21] /a
[02/07/2011 17:53:21] /a
[02/07/2011 17:53:22] /a
[02/07/2011 17:53:22] /a
[02/07/2011 17:53:22] /a
[02/07/2011 17:53:22] /a
[02/07/2011 17:53:23] /a
[02/07/2011 17:53:23] /a
[02/07/2011 17:53:23] /a
[02/07/2011 17:53:23] /a
[02/07/2011 17:53:23] /a
[02/07/2011 17:53:23] /a
[02/07/2011 17:53:24] /a
[02/07/2011 17:53:24] /a
[02/07/2011 17:53:24] /a
[02/07/2011 17:54:04] /t
[02/07/2011 17:54:07] /a
[02/07/2011 17:54:17] /r
[02/07/2011 17:54:25] /r
[02/07/2011 17:54:29] /r
[02/07/2011 17:54:32] /r
[02/07/2011 17:54:35] /r
[02/07/2011 17:54:38] /r
[02/07/2011 17:54:41] /r
[02/07/2011 17:54:43] /r
[02/07/2011 17:54:56] /name Mateus, Marceloo
[02/07/2011 17:55:20] /a
[02/07/2011 17:55:42] /r
[02/07/2011 17:55:51] /r
[02/07/2011 17:56:23] /kick marceloo
[02/07/2011 17:56:33] /kick marceloo
[02/07/2011 17:56:35] /kick marceloo
[02/07/2011 17:56:36] /kick marceloo
[02/07/2011 17:56:37] /kick marceloo
[02/07/2011 17:56:38] /kick marceloo
[02/07/2011 17:56:39] /kick marceloo
[02/07/2011 17:56:41] /kick marceloo
[02/07/2011 17:56:42] /kick marceloo
[02/07/2011 17:56:43] /kick marceloo
[02/07/2011 17:56:44] /kick marceloo
[02/07/2011 17:56:46] /kick marceloo
[02/07/2011 17:56:47] /kick marceloo
[02/07/2011 17:56:49] /kick marceloo
[02/07/2011 17:56:50] /kick marceloo
[02/07/2011 17:57:00] /kick marceloo
[02/07/2011 17:57:04] /kick marceloo
[02/07/2011 17:57:28] /kick druid master
[02/07/2011 17:57:34] /kick marceloo
[02/07/2011 17:58:37] /a
[02/07/2011 17:59:16] /kick marceloo
[02/07/2011 17:59:27] /a
[02/07/2011 18:00:27] /r
[02/07/2011 18:00:58] /kick Druid Master
[02/07/2011 18:01:02] /kick Druid Master
[02/07/2011 18:01:15] /kick paladin Master
[02/07/2011 18:01:18] /kick paladin Master
[02/07/2011 18:01:20] /kick Druid Master
[02/07/2011 18:01:23] /kick Druid Master
[02/07/2011 18:01:30] /kick marceloo
[02/07/2011 18:01:37] /kick paladin Master
[02/07/2011 18:01:41] /kick marceloo
[02/07/2011 18:01:45] /kick marceloo
[02/07/2011 18:01:58] /kick Druid Master
[02/07/2011 18:02:43] /kick marceloo
[02/07/2011 18:02:46] /kick marceloo
[02/07/2011 18:02:48] /kick paladin master
[02/07/2011 18:02:52] /kick marceloo
[02/07/2011 18:04:50] /kick paladin master
[02/07/2011 18:04:52] /kick marceloo
[02/07/2011 18:04:56] /kick druid master
[02/07/2011 18:05:02] /kick marceloo
[02/07/2011 18:05:06] /kick paladin master
[02/07/2011 18:05:29] /kick marceloo
[02/07/2011 18:05:40] /ghost
[02/07/2011 18:05:41] /t
[02/07/2011 18:05:51] /a
[02/07/2011 18:07:27] /kick druid master
[02/07/2011 18:07:53] /a
[02/07/2011 18:08:03] /a
[02/07/2011 18:08:21] /a
[02/07/2011 18:08:26] /ghost
[02/07/2011 18:09:31] /a 5
[02/07/2011 18:09:31] /a 5
[02/07/2011 18:09:35] /a
[02/07/2011 18:09:35] /a
[02/07/2011 18:09:43] /goto druid mster
[02/07/2011 18:09:47] /goto druid master
[02/07/2011 18:13:43] /kick druid master
[02/07/2011 18:13:47] /kick druid master
[02/07/2011 18:15:18] /kick druid master
[02/07/2011 18:15:59] /i 6893
[02/07/2011 18:16:01] /r
[02/07/2011 18:16:02] /r
[02/07/2011 18:16:05] /i 6893
[02/07/2011 18:16:08] /r
[02/07/2011 18:16:39] /kick druid master
[02/07/2011 18:17:48] /a
[02/07/2011 18:17:48] /a
[02/07/2011 18:17:49] /a
[02/07/2011 18:17:50] /a 5
[02/07/2011 18:17:50] /a 5
[02/07/2011 18:17:51] /a 5
[02/07/2011 18:17:52] /a 5
[02/07/2011 18:17:56] /a 6
[02/07/2011 18:17:57] /a 6
[02/07/2011 18:18:02] /a goto druid master
[02/07/2011 18:18:04] /a goto druid master
[02/07/2011 18:18:09] /goto druid master
[02/07/2011 18:18:10] /a
[02/07/2011 18:18:11] /a
[02/07/2011 18:19:15] /kick druid master
[02/07/2011 18:19:25] /t
[02/07/2011 18:19:54] /t
[02/07/2011 18:20:02] /goto druid master
[02/07/2011 18:20:04] /t
[02/07/2011 18:20:22] /goto druid master
[02/07/2011 18:20:45] /a
[02/07/2011 18:20:46] /a
[02/07/2011 18:20:46] /a
[02/07/2011 18:20:47] /a
[02/07/2011 18:20:47] /a
[02/07/2011 18:20:48] /a
[02/07/2011 18:21:19] /r
[02/07/2011 18:21:51] /r
[02/07/2011 18:21:53] /down
[02/07/2011 18:21:55] /down
[02/07/2011 18:21:57] /down
[02/07/2011 18:21:59] /a
[02/07/2011 18:21:59] /a
[02/07/2011 18:22:02] /a
[02/07/2011 18:22:11] /a
[02/07/2011 18:22:12] /a
[02/07/2011 18:22:12] /a
[02/07/2011 18:22:13] /a
[02/07/2011 18:22:13] /a
[02/07/2011 18:22:14] /a
[02/07/2011 18:22:15] /a
[02/07/2011 18:22:16] /a
[02/07/2011 18:22:19] /c rush
[02/07/2011 18:22:23] /goto druid master
[02/07/2011 18:22:30] /down
[02/07/2011 18:22:33] /up
[02/07/2011 18:22:38] /i 1387
[02/07/2011 18:22:56] /attr position 772 528 5
[02/07/2011 18:23:33] /goto rush
[02/07/2011 18:23:49] /c druid master
[02/07/2011 18:24:24] /a
[02/07/2011 18:24:25] /a
[02/07/2011 18:25:54] /c druid master
[02/07/2011 18:25:58] /r
[02/07/2011 18:25:59] /c druid master
[02/07/2011 18:27:08] /clean
[02/07/2011 18:27:23] /clean
[02/07/2011 18:27:26] /clean
[02/07/2011 18:27:37] /t druid master
[02/07/2011 18:27:38] /t
[02/07/2011 18:27:42] /a
[02/07/2011 18:29:54] /r
[02/07/2011 18:30:23] /a
[02/07/2011 18:31:45] /goto juninho
[02/07/2011 18:36:33] /a
[02/07/2011 18:36:40] /a
[02/07/2011 18:36:46] /a
[02/07/2011 18:38:12] /a
[02/07/2011 18:38:43] /a
[02/07/2011 18:38:45] /a
[02/07/2011 18:38:46] /a
[02/07/2011 18:39:11] /mc
[02/07/2011 18:41:41] /B Kina Das Sombras
[02/07/2011 18:43:18] /ban Kina Das Sombras
[02/07/2011 19:47:57] /ghost
[02/07/2011 20:28:03] /goto paladin of the mort
[02/07/2011 20:28:12] /c paladin of the mort
[02/07/2011 20:28:17] /c paladin of the mort
[02/07/2011 20:28:47] /goto druid master
[02/07/2011 20:28:51] /goto druid master
[03/07/2011 21:49:29] /goto mc maguinho
[03/07/2011 21:49:58] /t
[03/07/2011 21:50:09] /a
[04/07/2011 13:34:21] /goto mc maguinho
[04/07/2011 13:34:26] /t
[04/07/2011 14:20:14] /kick so so so
[04/07/2011 14:48:48] /goto mac maguinho
[04/07/2011 14:48:53] /goto mc maguinho
[04/07/2011 14:48:58] /goto mc maguinho
[04/07/2011 14:49:37] /t
[04/07/2011 18:41:09] /ban Boiiao,30
[04/07/2011 22:49:31] /r
[04/07/2011 22:49:37] /i 5573
[05/07/2011 11:49:33] /a
[05/07/2011 11:51:14] /goto mc maguinho
[05/07/2011 11:53:16] /r
[05/07/2011 12:13:13] /goto mc maguinho
[05/07/2011 12:14:08] /goto mc maguinho
[05/07/2011 12:14:10] /goto mc maguinho
[05/07/2011 12:14:11] /goto mc maguinho
[05/07/2011 12:14:12] /goto mc maguinho
[05/07/2011 12:14:13] /goto mc maguinho
[05/07/2011 12:14:15] /goto mc maguinho
[05/07/2011 12:14:16] /goto mc maguinho
[05/07/2011 12:14:17] /goto mc maguinho
[05/07/2011 12:14:18] /goto mc maguinho
[05/07/2011 12:14:19] /goto mc maguinho
[05/07/2011 12:14:20] /goto mc maguinho
[05/07/2011 12:14:22] /goto mc maguinho
[05/07/2011 12:14:26] /goto mc maguinho
[05/07/2011 12:16:08] /t
[05/07/2011 12:22:50] /goto mc maguinho
[05/07/2011 12:23:59] /t
[05/07/2011 12:24:04] /mc
[05/07/2011 12:31:51] /mc
[05/07/2011 12:59:33] /save
[05/07/2011 12:59:56] /goto mc maguinho
[05/07/2011 13:03:25] /goto mc maguinho
[05/07/2011 23:56:10] /a
[05/07/2011 23:57:57] /ghost
[05/07/2011 23:58:23] /a
[06/07/2011 12:45:29] /ghost
[06/07/2011 16:46:00] /goto druid master
[06/07/2011 16:47:05] /ghost
[06/07/2011 16:47:12] /t druid master
[06/07/2011 16:47:13] /t
[06/07/2011 16:47:27] /mc
[06/07/2011 16:47:43] /goto mc maguinho
[06/07/2011 16:47:50] /t mc maguinho
[06/07/2011 16:47:50] /t
[06/07/2011 16:49:34] /a
[06/07/2011 16:49:36] /a
[06/07/2011 16:49:58] /a
[06/07/2011 16:49:59] /a
[06/07/2011 16:49:59] /a
[06/07/2011 16:50:00] /a
[06/07/2011 16:50:02] /a
[06/07/2011 16:51:36] /a
[06/07/2011 16:51:41] /a
[06/07/2011 16:52:02] /t Muleke Bandido
[06/07/2011 16:52:02] /t
[06/07/2011 16:52:34] /a
[06/07/2011 16:52:37] /a
[06/07/2011 16:52:48] /a
[06/07/2011 16:53:31] /a
[06/07/2011 16:54:43] /a
[06/07/2011 16:55:01] /a
[06/07/2011 16:55:02] /a
[06/07/2011 16:55:52] /goto black skull rox
[06/07/2011 18:01:12] /ghost
[06/07/2011 18:01:29] /goto mc maguinho
[06/07/2011 18:01:37] /ghost
[06/07/2011 18:01:40] /goto mc maguinho
[06/07/2011 18:01:41] /goto mc maguinho
[06/07/2011 18:01:44] /goto mc maguinho
[06/07/2011 18:01:46] /goto mc maguinho
[06/07/2011 18:01:47] /goto mc maguinho
[06/07/2011 18:01:48] /goto mc maguinho
[06/07/2011 18:01:50] /goto mc maguinho
[06/07/2011 18:01:51] /goto mc maguinho
[06/07/2011 18:01:52] /goto mc maguinho
[06/07/2011 18:02:30] /c mc maguinho
[06/07/2011 18:03:10] /ghost
[06/07/2011 18:04:23] /t
[06/07/2011 18:14:28] /mc
[06/07/2011 18:14:40] /mc
[06/07/2011 18:14:52] /goto dr dreeew
[06/07/2011 18:14:55] /mc
[06/07/2011 18:14:57] /t
[06/07/2011 22:28:07] /goto mc maguinho
[06/07/2011 22:28:13] /ghost
[06/07/2011 22:29:59] /i copy wand
[06/07/2011 22:35:52] /npc mage seller
[06/07/2011 22:36:06] /i 2291
[06/07/2011 22:36:09] /r
[06/07/2011 22:39:53] /i 7267
[06/07/2011 22:39:58] /i 7267
[06/07/2011 22:40:07] /r
[06/07/2011 22:40:08] /r
[06/07/2011 22:40:33] /i /save
[06/07/2011 22:40:35] /save
[06/07/2011 22:40:42] /reload actions
[06/07/2011 22:43:04] /save
[06/07/2011 22:43:10] /reload talkactions
[06/07/2011 22:44:01] /reload talkactions
[06/07/2011 22:44:48] /reload talkactions
[06/07/2011 22:45:30] /i 7266
[06/07/2011 22:45:32] /r
[06/07/2011 22:46:02] /r
[06/07/2011 22:46:03] /r
[06/07/2011 22:46:05] /r
[06/07/2011 22:46:06] /r
[06/07/2011 22:46:08] /r
[06/07/2011 22:46:10] /r
[06/07/2011 22:46:11] /r
[06/07/2011 22:46:12] /r
[06/07/2011 22:46:13] /r
[06/07/2011 22:46:48] /ban Mc maguinho,30
[06/07/2011 22:47:02] /c [CM] Eduardo
[06/07/2011 22:47:40] /r
[06/07/2011 22:47:42] /r
[06/07/2011 22:47:43] /r
[06/07/2011 22:47:45] /r
[06/07/2011 22:48:38] /t
[06/07/2011 22:49:37] /r
[06/07/2011 22:49:42] /a
[06/07/2011 22:49:47] /goto Isa Druida
[06/07/2011 22:50:25] /c Isa Druida
[06/07/2011 22:50:26] /c Isa Druida
[06/07/2011 22:50:34] /c Isa Druida
[06/07/2011 22:50:35] /c Isa Druida
[06/07/2011 22:50:35] /c Isa Druida
[06/07/2011 22:50:36] /c Isa Druida
[06/07/2011 22:50:36] /c Isa Druida
[06/07/2011 23:17:16] /mc
[06/07/2011 23:27:12] /mc
[06/07/2011 23:27:30] /goto isa druida
[06/07/2011 23:29:11] /attr vocation 4
[06/07/2011 23:34:17] /goto mc maguinho
[06/07/2011 23:35:02] /i 2407
[06/07/2011 23:35:04] /i 2407
[06/07/2011 23:39:15] /a
[06/07/2011 23:42:29] /goto isa druida
[06/07/2011 23:43:31] /c Isa Kina
[06/07/2011 23:43:35] /m exp bug
[06/07/2011 23:43:36] /m exp bug
[06/07/2011 23:43:47] /r
[06/07/2011 23:43:47] /r
[06/07/2011 23:43:49] /r
[06/07/2011 23:43:49] /r
[06/07/2011 23:43:51] /r
[06/07/2011 23:43:52] /r
[06/07/2011 23:45:57] /t Isa Kina
[06/07/2011 23:45:58] /t
[07/07/2011 07:41:19] /ghost
[07/07/2011 09:37:06] /up
[07/07/2011 09:37:06] /up
[07/07/2011 09:37:47] /c Muleke Bandido
[07/07/2011 09:37:50] /ghost
[07/07/2011 09:38:10] /reload actions
[07/07/2011 09:38:28] /i 9743
[07/07/2011 09:42:36] /reload actions
[07/07/2011 09:44:41] /i 2488
[07/07/2011 09:44:52] /i 8881
[07/07/2011 09:46:30] /i 8306
[07/07/2011 09:47:25] /t Muleke Bandido
[07/07/2011 09:47:26] /t
[07/07/2011 09:47:32] /ghost
[07/07/2011 09:47:44] /i 8302
[07/07/2011 09:48:28] /reload actions
[07/07/2011 09:53:42] /goto skawaa
[07/07/2011 09:53:45] /t
[07/07/2011 09:55:55] /reload action
[07/07/2011 10:01:33] /save
[07/07/2011 10:01:42] /reload action
[07/07/2011 10:02:38] /reload action
[07/07/2011 10:04:02] /t
[07/07/2011 11:16:08] /goto mulek doido
[07/07/2011 11:47:46] /a
[07/07/2011 11:50:53] /ghost
[07/07/2011 11:59:51] /goto [cm] eduardo
[07/07/2011 12:02:50] /a
[07/07/2011 12:08:56] /reload talkactions
[07/07/2011 12:09:01] /ghost
[07/07/2011 12:09:04] /goto [cm] eduardo
[07/07/2011 12:09:09] /mc
[07/07/2011 12:09:19] /a
[07/07/2011 12:09:19] /a
[07/07/2011 12:09:20] /a
[07/07/2011 12:09:20] /a
[07/07/2011 12:10:00] /reload talkactions
[07/07/2011 12:10:17] /r
[07/07/2011 12:10:17] /r
[07/07/2011 12:10:21] /i 1397
[07/07/2011 12:10:44] /r
[07/07/2011 12:11:01] /r
[07/07/2011 12:11:37] /reload talkactions
[07/07/2011 12:11:40] /up
[07/07/2011 12:11:40] /up
[07/07/2011 12:12:16] /a
[07/07/2011 12:12:17] /r
[07/07/2011 12:12:20] /down
[07/07/2011 12:12:20] /down
[07/07/2011 12:12:38] /r
[07/07/2011 12:14:45] /goto mc maguinho
[07/07/2011 12:16:56] /reload talkactions
[07/07/2011 12:17:31] /t
[07/07/2011 12:17:36] /goto mc maguinho
[07/07/2011 12:18:11] /t
[07/07/2011 19:44:38] /goto dandan
[07/07/2011 19:44:45] /a
[07/07/2011 19:44:45] /a
[07/07/2011 19:44:48] /a
[07/07/2011 19:45:31] /t
[08/07/2011 10:51:02] /goto Skawaa
[08/07/2011 11:07:14] /t
[08/07/2011 11:16:38] /ban Account manager
[08/07/2011 11:16:41] /ban Account manager,30
[08/07/2011 11:19:55] /unban account manager
[08/07/2011 11:43:41] /B Rushomemo
[08/07/2011 11:45:16] /i 10064
[08/07/2011 11:59:33] /i 8306
[08/07/2011 11:59:42] /i 8302
[08/07/2011 12:05:41] /goto skawaa
[08/07/2011 12:05:56] /t
[08/07/2011 12:06:04] /a 3
[08/07/2011 12:09:26] /save
[08/07/2011 12:09:40] /reload action
[08/07/2011 12:09:50] /a
[08/07/2011 12:09:51] /a
[08/07/2011 12:09:54] /a
[08/07/2011 12:10:02] /i ice sword
[08/07/2011 12:10:56] /save
[08/07/2011 12:11:03] /reload action
[08/07/2011 12:11:32] /r
[08/07/2011 12:11:37] /r
[08/07/2011 12:11:40] /r 100
[08/07/2011 12:11:44] /r 100
[08/07/2011 12:11:46] /r 100
[08/07/2011 12:11:48] /r 100
[08/07/2011 12:11:50] /r 100
[08/07/2011 12:11:52] /r 100
[08/07/2011 12:11:59] /i ice sword
[08/07/2011 12:13:35] /save
[08/07/2011 12:13:41] /reload action
[08/07/2011 12:13:52] /i ice sword
[08/07/2011 12:14:15] /reload action
[08/07/2011 12:25:26] /save
[08/07/2011 12:25:32] /reload action
[08/07/2011 12:26:00] /r
[08/07/2011 12:26:04] /i ice sword
[08/07/2011 12:31:41] /reload action
[08/07/2011 12:32:19] /r
[08/07/2011 12:32:27] /i ice sword
[08/07/2011 12:33:01] /reload action
[08/07/2011 12:33:46] /reload action
[08/07/2011 12:34:20] /r
[08/07/2011 12:34:23] /i 7407
[08/07/2011 12:34:43] /r
[08/07/2011 12:34:46] /reload action
[08/07/2011 12:35:06] /i 7407
[08/07/2011 12:35:25] /reload action
[08/07/2011 12:36:03] /i 7407
[08/07/2011 12:36:32] /reload action
[08/07/2011 12:37:01] /i 7407
[08/07/2011 12:37:29] /reload action
[08/07/2011 12:37:54] /i 7407
[08/07/2011 12:39:01] /reload action
[08/07/2011 12:39:32] /i 7407
[08/07/2011 12:40:23] /save
[08/07/2011 12:40:33] /reload action
[08/07/2011 12:41:12] /i 7407
[08/07/2011 12:42:20] /reload action
[08/07/2011 12:42:44] /i 7407
[08/07/2011 12:44:27] /i 7407
[08/07/2011 12:47:25] /reload action
[08/07/2011 12:48:07] /i 7407
[08/07/2011 12:48:27] /i 8302
[08/07/2011 12:48:56] /i 7407
[08/07/2011 12:49:00] /reload action
[08/07/2011 12:54:12] /reload action
[08/07/2011 12:54:45] /i 7407
[08/07/2011 12:56:17] /reload action
[08/07/2011 12:56:52] /i 7407
[08/07/2011 14:08:21] /ghost
[08/07/2011 14:08:30] /i 7407
[08/07/2011 14:09:02] /r
[08/07/2011 14:09:07] /i 7407
[08/07/2011 14:09:54] /i
[08/07/2011 14:09:56] /r
[08/07/2011 14:10:00] /i blue backpack
[08/07/2011 14:10:04] /i 8302
[08/07/2011 14:10:09] /i 7407
[08/07/2011 14:11:10] /i 7407
[08/07/2011 14:11:49] /r
[08/07/2011 14:17:08] /ban account manager,30
[08/07/2011 14:18:02] /b se eu descobri quem foi nem vo avisa que vcs ja vao sabe oq vai acontecer
[08/07/2011 14:18:26] /b e tbm vo entra no pc da pessoa pq eu aprendi x=
[08/07/2011 14:18:31] /b e vo destrui o pc
[08/07/2011 14:19:17] /a
[08/07/2011 14:21:21] /reload action
[08/07/2011 14:21:28] /ban account manager,30
[08/07/2011 14:21:31] /ban account manager,30
[08/07/2011 14:21:58] /mc
[08/07/2011 14:22:04] /mc
[08/07/2011 14:22:13] /mc
[08/07/2011 14:22:37] /b se eu descobri quem foi nem vo avisa que vcs ja vao sabe oq vai acontecer
[08/07/2011 14:22:44] /b e tbm vo entra no pc da pessoa pq eu aprendi x=
[08/07/2011 14:22:47] /b e vo destrui o pc
[08/07/2011 14:27:35] /reload action
[08/07/2011 14:27:56] /i 7407
[08/07/2011 14:51:11] /reload action
[08/07/2011 14:51:38] /i 7407
[08/07/2011 14:55:28] /goto mateus
[08/07/2011 14:55:37] /t
[08/07/2011 14:57:54] /reload action
[08/07/2011 14:58:18] /mc
[08/07/2011 14:59:02] /i 7407
[08/07/2011 14:59:52] /reload action
[08/07/2011 15:00:08] /i 7407
[08/07/2011 15:00:35] /reload action
[08/07/2011 15:01:00] /i 7407
[08/07/2011 15:02:33] /reload action
[08/07/2011 15:03:09] /i 7407
[08/07/2011 15:03:39] /reload action
[08/07/2011 15:04:17] /i 7407
[08/07/2011 15:04:59] /reload action
[08/07/2011 15:05:28] /i 7407
[08/07/2011 16:26:23] /goto mc maguinho
[08/07/2011 16:27:50] /goto mc maguinho
[08/07/2011 16:28:18] /m ferumbras
[08/07/2011 16:28:19] /m ferumbras
[08/07/2011 16:28:21] /m ferumbras
[08/07/2011 16:28:21] /m ferumbras
[08/07/2011 16:28:22] /m ferumbras
[08/07/2011 16:28:22] /m ferumbras
[08/07/2011 16:28:22] /m ferumbras
[08/07/2011 16:28:23] /m ferumbras
[08/07/2011 16:28:23] /m ferumbras
[08/07/2011 16:28:23] /m ferumbras
[08/07/2011 16:28:24] /m ferumbras
[08/07/2011 16:28:24] /m ferumbras
[08/07/2011 16:28:24] /m ferumbras
[08/07/2011 16:28:25] /m ferumbras
[08/07/2011 16:28:25] /m ferumbras
[08/07/2011 16:28:26] /m ferumbras
[08/07/2011 16:29:18] /t
[08/07/2011 21:24:04] /a
[08/07/2011 21:24:52] /t Mc maguinho
[08/07/2011 21:25:09] /t Mc maguinho
[08/07/2011 21:25:55] /a
[09/07/2011 13:40:36] /ghost
[09/07/2011 13:41:29] /addskill Itachi Uchiha,level,60000
[09/07/2011 13:41:51] /addskill Itachi Uchiha,level,20000
[09/07/2011 13:41:55] /addskill Itachi Uchiha,level,20000
[09/07/2011 13:51:59] /r
[09/07/2011 13:52:43] /save
[09/07/2011 13:52:58] /goto Mc maguinho
[09/07/2011 13:53:01] /t
[09/07/2011 13:53:22] /r
[09/07/2011 13:54:59] /r
[09/07/2011 13:55:20] /t mc maguinho
[10/07/2011 13:14:38] /goto mc maguinho
[10/07/2011 13:15:01] /t
[10/07/2011 13:15:06] /a
[10/07/2011 13:22:30] /mc
[10/07/2011 18:02:31] /up
[10/07/2011 18:02:31] /up
[10/07/2011 18:02:35] /c bruninhio
[10/07/2011 18:02:43] /c bruninho
[10/07/2011 18:03:57] /ban Bruninho
[10/07/2011 18:05:28] /c [Hoster] Mateus
[10/07/2011 18:05:33] /c [CM] Eduardo
[10/07/2011 18:06:47] /c [CM] Eduardo
[10/07/2011 18:08:47] /c bruninho
[10/07/2011 18:12:52] /c [CM] Eduardo
[10/07/2011 18:13:15] /t [CM] Eduardo
[10/07/2011 18:15:53] /t Mc maguinho
[10/07/2011 18:17:08] /ban mc maguinho
[10/07/2011 18:17:31] /ban mc maguinho,30
[10/07/2011 18:25:39] /goto [cm] eduardo
[10/07/2011 18:26:24] /goto [cm] eduardo
[10/07/2011 18:28:00] /goto [cm] eduardo
[10/07/2011 18:33:20] /c skawaa
[10/07/2011 18:35:53] /attr group 1
[10/07/2011 18:35:54] /r
[10/07/2011 18:39:54] /goto [cm] bruno
[10/07/2011 18:40:08] /c [cm] bruno
[10/07/2011 18:40:21] /c skawaa
[10/07/2011 18:40:43] /t
[11/07/2011 11:43:29] /B Jean beiso
[11/07/2011 11:44:47] /a
[11/07/2011 11:44:48] /a
[11/07/2011 11:44:49] /a
[11/07/2011 11:45:06] /a
[11/07/2011 11:45:06] /a
[11/07/2011 11:45:06] /a
[11/07/2011 11:45:08] /a
[11/07/2011 11:45:09] /a
[11/07/2011 11:45:47] /goto mc maguinho
[11/07/2011 11:46:08] /goto mc maguinho
[11/07/2011 11:46:38] /ghost
[11/07/2011 18:01:36] /ghost
[11/07/2011 18:01:36] /r
[11/07/2011 21:37:31] /r
[11/07/2011 21:37:33] /a
[11/07/2011 21:37:34] /a
[11/07/2011 21:38:03] /goto [cm] bruno
[11/07/2011 21:41:21] /clean
[11/07/2011 21:41:43] /t
[11/07/2011 21:42:27] /i 1515
[11/07/2011 21:42:29] /ghost
[11/07/2011 21:42:31] /c Girl of Pala
[11/07/2011 21:42:31] /c Girl of Pala
[11/07/2011 21:42:32] /c Girl of Pala
[11/07/2011 21:42:33] /c Girl of Pala
[11/07/2011 21:42:35] /ghost
[11/07/2011 21:42:37] /c Girl of Pala
[11/07/2011 21:42:39] /c Girl of Pala
[11/07/2011 21:42:41] /c Girl of Pala
[11/07/2011 21:42:43] /c Girl of Pala
[11/07/2011 21:42:45] /c Girl of Pala
[11/07/2011 21:42:46] /ghost
[11/07/2011 21:45:38] /t Girl of Pala
[11/07/2011 21:46:25] /a
[11/07/2011 21:46:48] /a
[11/07/2011 21:49:52] /B Sr Da Night
[11/07/2011 21:51:20] /a
[11/07/2011 21:52:03] /a
[11/07/2011 21:52:32] /a
[12/07/2011 12:42:42] /a
[12/07/2011 12:47:43] /a
[12/07/2011 12:50:09] /a
[12/07/2011 12:51:02] /a
[12/07/2011 12:52:35] /a
[12/07/2011 12:53:16] /a
[12/07/2011 12:53:31] /a
[12/07/2011 12:54:32] /a
[12/07/2011 12:55:38] /a
[12/07/2011 12:56:32] /a
[12/07/2011 14:39:17] /a
[12/07/2011 14:39:32] /goto pedro
[12/07/2011 14:39:34] /goto pedro aki
[12/07/2011 14:40:45] /goto sr da night
[12/07/2011 14:42:36] /mc
[12/07/2011 22:21:45] /mc
[12/07/2011 22:22:03] /a
[12/07/2011 22:22:54] /i 2433
[12/07/2011 22:23:04] /i 2184
[12/07/2011 22:23:27] /a
[12/07/2011 22:29:13] /a
[12/07/2011 22:29:27] /a
[12/07/2011 22:29:34] /r
[12/07/2011 22:30:41] /reload actions
[12/07/2011 22:31:10] /i 1515
[12/07/2011 22:31:20] /i 7407
[12/07/2011 22:31:29] /i 8303
[12/07/2011 22:31:32] /i 8302
[12/07/2011 22:33:58] /i 7407
[12/07/2011 22:34:56] /r
[12/07/2011 22:35:39] /i 7407
[12/07/2011 22:36:03] /reload actions
[12/07/2011 22:37:11] /r
[12/07/2011 22:38:29] /save
[12/07/2011 22:38:47] /i 7801
[12/07/2011 22:38:51] /r
[12/07/2011 22:38:53] /i 7801
[12/07/2011 22:38:56] /r
[12/07/2011 22:39:42] /reload acti
[12/07/2011 22:39:45] /reload actions
[12/07/2011 22:40:27] /i 7407
[12/07/2011 22:41:21] /r
[12/07/2011 22:41:26] /i blue backpack
[12/07/2011 22:46:08] /save
[12/07/2011 22:46:15] /reload actions
[12/07/2011 22:46:38] /i 8302
[12/07/2011 22:46:40] /i 8303
[12/07/2011 22:46:43] /i 7407
[12/07/2011 22:47:16] /i 8303
[12/07/2011 22:47:20] /i 8302
[12/07/2011 22:50:08] /reload talkactions
[12/07/2011 22:51:03] /reload talkactions
[12/07/2011 22:51:19] /r
[12/07/2011 22:51:26] /a
[12/07/2011 22:51:30] /a
[12/07/2011 22:51:30] /a
[13/07/2011 11:33:03] /i 8302
[13/07/2011 11:33:06] /i 7407
[13/07/2011 11:34:22] /i 7407
[13/07/2011 11:35:21] /up
[13/07/2011 11:35:21] /up
[13/07/2011 11:35:30] /c Passione
[13/07/2011 11:35:36] /c [cm] bruno
[13/07/2011 11:35:50] /i 7407
[13/07/2011 11:37:05] /r
[13/07/2011 11:37:24] /t Passione
[13/07/2011 11:38:36] /r
[13/07/2011 11:38:45] /i 7390
[13/07/2011 11:38:55] /t
[13/07/2011 11:46:42] /goto skawaa
[13/07/2011 11:47:37] /t
[13/07/2011 12:08:24] /up
[13/07/2011 12:09:36] /save
[13/07/2011 12:09:43] /reload actions
[13/07/2011 12:10:41] /i 7407
[13/07/2011 12:11:34] /c skawaa
[13/07/2011 12:13:02] /r
[13/07/2011 12:14:16] /i 7407
[13/07/2011 12:15:50] /reload actions
[13/07/2011 12:16:57] /i 7407
[13/07/2011 12:19:15] /save
[13/07/2011 12:19:36] /reload actions
[13/07/2011 12:19:55] /i 7407
[13/07/2011 12:21:27] /reload action
[13/07/2011 12:22:42] /reload talkactions
[13/07/2011 12:24:17] /reload talkactions
[13/07/2011 12:25:16] /r 100
[13/07/2011 12:25:17] /r 100
[13/07/2011 12:25:17] /r 100
[13/07/2011 12:25:18] /r 100
[13/07/2011 12:25:19] /r 100
[13/07/2011 12:25:32] /r
[13/07/2011 12:25:36] /r
[13/07/2011 12:25:38] /r
[13/07/2011 12:25:40] /r
[13/07/2011 12:25:42] /r
[13/07/2011 12:26:35] /reload talkactions
[13/07/2011 12:27:26] /r
[13/07/2011 12:27:26] /r
[13/07/2011 12:27:27] /r
[13/07/2011 12:27:27] /r
[13/07/2011 12:27:32] /r 82
[13/07/2011 12:28:00] /goto mc maguinho
[13/07/2011 12:28:25] /a
[13/07/2011 12:32:09] /a
[13/07/2011 12:35:37] /t
[13/07/2011 12:35:40] /a
[13/07/2011 12:35:40] /a
[13/07/2011 12:36:20] /a
[13/07/2011 12:37:04] /a
[13/07/2011 12:40:04] /t
[13/07/2011 12:40:15] /a
[13/07/2011 15:26:35] /r
[13/07/2011 15:26:38] /r
[13/07/2011 15:26:41] /r
[13/07/2011 15:26:54] /r
[13/07/2011 15:31:57] /a
[13/07/2011 15:31:57] /a
[13/07/2011 15:32:08] /c Jhonys
[13/07/2011 15:32:27] /ghost
[13/07/2011 15:32:40] /c Jhonys
[13/07/2011 15:32:42] /a
[13/07/2011 15:32:44] /a 3
[13/07/2011 15:32:46] /c Jhonys
[13/07/2011 15:32:51] /c Druidinzin
[13/07/2011 15:32:57] /c Druidinzin
[13/07/2011 15:33:08] /c rafael
[13/07/2011 15:33:22] /i 1515
[13/07/2011 15:33:23] /i 1515
[13/07/2011 15:33:23] /i 1515
[13/07/2011 15:33:32] /m ice lord
[13/07/2011 15:33:33] /m ice lord
[13/07/2011 15:33:34] /m ice lord
[13/07/2011 15:33:34] /m ice lord
[13/07/2011 15:33:34] /m ice lord
[13/07/2011 15:33:34] /m ice lord
[13/07/2011 15:33:35] /m ice lord
[13/07/2011 15:33:35] /m ice lord
[13/07/2011 15:33:39] /c Druidinzin
[13/07/2011 15:33:51] /r
[13/07/2011 15:34:13] /c Jhonys
[13/07/2011 15:34:33] /c Druidinzin
[13/07/2011 15:34:40] /a
[13/07/2011 15:34:40] /a
[13/07/2011 15:34:42] /c rafael
[13/07/2011 15:35:16] /c Jhonys
[13/07/2011 15:35:35] /ghost
[13/07/2011 15:36:48] /a
[13/07/2011 15:36:49] /a
[13/07/2011 15:36:51] /r
[13/07/2011 15:36:59] /i max power rune
[13/07/2011 15:37:20] /r
[13/07/2011 15:38:09] /r
[13/07/2011 15:38:11] /r
[13/07/2011 15:38:13] /r
[13/07/2011 15:38:18] /r
[13/07/2011 15:38:23] /r
[13/07/2011 15:38:25] /r
[13/07/2011 15:38:26] /r
[13/07/2011 15:38:27] /r
[13/07/2011 15:38:28] /r
[13/07/2011 15:38:28] /r
[13/07/2011 15:38:29] /r
[13/07/2011 15:38:30] /r
[13/07/2011 15:38:31] /r
[13/07/2011 15:38:32] /r
[13/07/2011 15:38:34] /r
[13/07/2011 15:38:34] /r
[13/07/2011 15:38:35] /r
[13/07/2011 15:38:36] /r
[13/07/2011 15:38:37] /r
[13/07/2011 15:38:38] /r
[13/07/2011 15:38:38] /r
[13/07/2011 15:38:39] /r
[13/07/2011 15:38:40] /r
[13/07/2011 15:38:43] /r
[13/07/2011 15:38:44] /r
[13/07/2011 15:38:44] /r
[13/07/2011 15:38:45] /r
[13/07/2011 15:38:46] /r
[13/07/2011 15:38:47] /r
[13/07/2011 15:38:48] /r
[13/07/2011 15:38:48] /r
[13/07/2011 15:38:50] /t
[13/07/2011 17:07:42] /c skawaa
[13/07/2011 17:07:43] /c skawaa
[13/07/2011 17:08:26] /i 3858
[13/07/2011 17:08:33] /r
[13/07/2011 17:08:34] /r
[13/07/2011 17:08:34] /r
[13/07/2011 17:08:41] /r
[13/07/2011 17:08:42] /r
[13/07/2011 17:08:43] /r
[13/07/2011 17:08:44] /r
[13/07/2011 17:08:45] /r
[13/07/2011 17:08:45] /r
[13/07/2011 17:08:53] /r
[13/07/2011 17:09:01] /i 5573
[13/07/2011 17:09:12] /i 3858
[13/07/2011 17:09:14] /i 3858
[13/07/2011 17:09:14] /i 3858
[13/07/2011 17:09:15] /i 3858
[13/07/2011 17:09:15] /i 3858
[13/07/2011 17:09:15] /i 3858
[13/07/2011 17:09:18] /r
[13/07/2011 17:09:19] /r
[13/07/2011 17:09:19] /r
[13/07/2011 17:09:20] /r
[13/07/2011 17:09:21] /r
[13/07/2011 17:09:21] /r
[13/07/2011 17:09:22] /r
[13/07/2011 17:09:56] /i 5573
[13/07/2011 17:10:00] /i 3858
[13/07/2011 17:10:02] /r
[13/07/2011 17:10:05] /r
[13/07/2011 17:10:19] /i 5573
[13/07/2011 17:10:25] /i 3859
[13/07/2011 17:10:26] /i 3859
[13/07/2011 17:10:54] /bc green; vo reinicia ot ot
[13/07/2011 17:10:59] /bc green; vo reinicia o ot*
[13/07/2011 17:11:01] /bc green; vo reinicia o ot*
[13/07/2011 17:11:14] /bc green; fizeram coisa errada neeh bruno
[13/07/2011 17:14:15] /t
[13/07/2011 17:14:16] /up
[13/07/2011 17:14:17] /up
[13/07/2011 17:14:21] /c Bruunizin
[13/07/2011 17:14:53] /i 8303
[13/07/2011 17:14:56] /i 7407
[13/07/2011 17:15:17] /r
[13/07/2011 17:15:19] /r
[13/07/2011 17:15:28] /r
[13/07/2011 17:18:00] /goto skawaa
[13/07/2011 17:18:02] /goto Bruunizin
[13/07/2011 17:19:31] /down
[13/07/2011 17:19:42] /up
[13/07/2011 17:19:43] /up
[13/07/2011 17:20:36] /t
[13/07/2011 17:20:41] /a
[13/07/2011 17:22:03] /a
[13/07/2011 17:22:41] /up
[13/07/2011 17:22:43] /up
[13/07/2011 17:24:22] /attr healt -806675
[13/07/2011 17:24:28] /attr health -806675
[13/07/2011 17:24:37] /c Bruunizin
[13/07/2011 18:41:29] /c Bruunizin
[13/07/2011 18:45:13] /reload talkactions
[13/07/2011 18:45:42] /attr health - 857975
[13/07/2011 18:45:45] /attr health -857975
[13/07/2011 18:45:54] /c Bruunizin
[13/07/2011 18:49:27] /reload talkaction
[13/07/2011 18:49:29] /reload talkactions
[13/07/2011 18:49:50] /i 8302
[13/07/2011 18:49:52] /i 7407
[13/07/2011 18:50:12] /i 8302
[13/07/2011 18:50:14] /i 8303
[13/07/2011 18:50:53] /r
[13/07/2011 18:51:03] /i blue backpack
[13/07/2011 18:51:10] /r
[13/07/2011 18:51:14] /r
[13/07/2011 18:51:15] /r
[13/07/2011 18:57:13] /reload talkactions
[13/07/2011 18:57:28] /attr health -852845
[13/07/2011 18:57:34] /c Bruunizin
[13/07/2011 18:58:56] /i 7407
[13/07/2011 18:59:01] /i 8303
[13/07/2011 18:59:51] /r
[13/07/2011 18:59:58] /i 8303
[13/07/2011 19:03:56] /save
[13/07/2011 19:04:01] /reload talkactions
[13/07/2011 19:10:08] /reload talkactions
[13/07/2011 19:10:35] /attr health -847745
[13/07/2011 19:11:10] /c bruunizi
[13/07/2011 19:11:12] /c bruunizin
[13/07/2011 19:11:35] /r
[13/07/2011 19:11:38] /r
[13/07/2011 19:11:41] /r
[13/07/2011 19:14:37] /reload talkactions
[13/07/2011 19:14:56] /attr health - 842675
[13/07/2011 19:14:59] /attr health -842675
[13/07/2011 19:15:21] /c Bruunizin
[13/07/2011 19:15:24] /i 2160
[13/07/2011 19:16:20] /t Bruunizin
[13/07/2011 19:16:23] /reload talkactions
[15/07/2011 21:45:53] /ghost
[15/07/2011 21:45:55] /t
[15/07/2011 21:45:57] /a
[15/07/2011 21:46:09] /goto Black Skull Rox
[15/07/2011 21:46:36] /c Menina Do Knight
[15/07/2011 21:46:45] /ghost
[15/07/2011 21:50:41] /goto ranger
[15/07/2011 21:50:47] /a
[15/07/2011 21:51:18] /i 2140
[15/07/2011 21:51:59] /a
[15/07/2011 21:53:02] /up
[15/07/2011 21:55:38] /save
[15/07/2011 21:55:44] /reload talkactions
[15/07/2011 21:56:44] /reload talkactions
[15/07/2011 22:05:27] /t
[15/07/2011 22:12:31] /a
[15/07/2011 22:12:31] /a
[15/07/2011 22:12:32] /a
[15/07/2011 22:13:45] /goto holy paly
[16/07/2011 10:07:14] /t
[16/07/2011 10:43:28] /ghost
[16/07/2011 10:46:43] /t
[16/07/2011 10:52:05] /goto bruninho
[16/07/2011 10:52:53] /goto bruninho
[16/07/2011 10:52:58] /goto bruninho
[16/07/2011 10:53:02] /ghost
[16/07/2011 10:54:49] /r 100
[16/07/2011 10:54:51] /r 100
[16/07/2011 10:55:58] /a 6
[16/07/2011 10:57:01] /t
[16/07/2011 10:59:38] /i 2160
[16/07/2011 10:59:40] /i 2160
[16/07/2011 12:03:45] /b EDUARDO ON??????
[16/07/2011 12:05:30] /b eduardo on
[16/07/2011 12:05:41] /goto pedro l
[16/07/2011 12:06:05] /r
[16/07/2011 12:06:06] /r
[16/07/2011 12:06:07] /r
[16/07/2011 12:06:07] /r
[16/07/2011 12:06:08] /r
[16/07/2011 12:06:09] /r
[16/07/2011 12:06:09] /r
[16/07/2011 12:06:10] /r
[16/07/2011 12:06:17] /r
[16/07/2011 12:06:20] /r
[16/07/2011 12:06:22] /r
[16/07/2011 12:06:23] /r
[16/07/2011 12:06:24] /r
[16/07/2011 12:06:25] /r
[16/07/2011 12:06:26] /r
[16/07/2011 12:06:29] /r
[16/07/2011 12:06:29] /r
[16/07/2011 12:06:30] /r
[16/07/2011 12:06:30] /r
[16/07/2011 12:06:30] /r
[16/07/2011 12:06:34] /r
[16/07/2011 12:06:36] /r
[16/07/2011 12:06:37] /r
[16/07/2011 12:06:38] /r
[16/07/2011 12:06:39] /r
[16/07/2011 12:06:41] /r
[16/07/2011 12:06:46] /t
[16/07/2011 12:07:26] /mc
[16/07/2011 12:07:34] /goto romaoo
[16/07/2011 12:07:51] /mc
[16/07/2011 12:08:06] /mc
[16/07/2011 12:08:22] /goto hoster juninho
[16/07/2011 12:08:50] /mc
[16/07/2011 12:08:58] /goto Black Skull Rox
[16/07/2011 12:09:18] /t
[16/07/2011 12:10:24] /mc
[16/07/2011 12:10:42] /mc
[16/07/2011 12:10:46] /c cody
[16/07/2011 12:10:53] /mc
[16/07/2011 12:11:20] /mc
[16/07/2011 12:11:56] /mc
[16/07/2011 12:12:07] /c hoster juninho
[16/07/2011 12:12:10] /c lucaso
[16/07/2011 12:12:20] /mc
[16/07/2011 12:12:34] /mc
[16/07/2011 12:21:11] /r
[16/07/2011 12:42:52] /up
[16/07/2011 12:42:53] /up
[16/07/2011 12:42:54] /c Pally oz pinta
[16/07/2011 12:43:22] /m ice lord
[16/07/2011 12:43:22] /m ice lord
[16/07/2011 12:43:23] /m ice lord
[16/07/2011 12:43:23] /m ice lord
[16/07/2011 12:43:30] /c Pally oz pinta
[16/07/2011 12:43:33] /m ice lord
[16/07/2011 12:43:34] /m ice lord
[16/07/2011 12:43:34] /m ice lord
[16/07/2011 12:43:35] /c Pally oz pinta
[16/07/2011 12:43:35] /c Pally oz pinta
[16/07/2011 12:43:36] /c Pally oz pinta
[16/07/2011 12:43:36] /c Pally oz pinta
[16/07/2011 12:43:37] /c Pally oz pinta
[16/07/2011 12:43:37] /c Pally oz pinta
[16/07/2011 12:43:37] /c Pally oz pinta
[16/07/2011 12:43:53] /r
[16/07/2011 12:43:54] /r
[16/07/2011 12:43:58] /r
[16/07/2011 12:44:01] /r
[16/07/2011 12:44:03] /r
[16/07/2011 12:44:04] /r
[16/07/2011 12:44:07] /r
[16/07/2011 12:44:08] /r
[16/07/2011 12:44:09] /r
[16/07/2011 12:44:11] /r
[16/07/2011 12:44:14] /r
[16/07/2011 12:44:17] /r
[16/07/2011 12:44:18] /t
[16/07/2011 12:44:24] /c Pally oz pinta
[16/07/2011 12:47:00] /m
[16/07/2011 12:47:01] /mc
[16/07/2011 12:47:18] /i max power rune
[16/07/2011 21:14:17] /goto monster
[16/07/2011 21:14:19] /goto monster
[16/07/2011 21:14:34] /t
[16/07/2011 21:14:38] /t
[16/07/2011 21:14:41] /t
[16/07/2011 21:14:46] /t
[16/07/2011 21:14:48] /t
[16/07/2011 21:15:00] /t
[16/07/2011 21:15:01] /t
[16/07/2011 21:15:02] /t
[16/07/2011 21:18:56] /t
[16/07/2011 21:19:41] /i 2160
[16/07/2011 21:19:51] /up
[16/07/2011 21:23:55] /goto [hoster] jean
[16/07/2011 21:38:02] /addskill [Hoster] Mateus,level,9900
[16/07/2011 21:38:47] /r
[16/07/2011 21:38:53] /i blue backpack
[16/07/2011 21:38:55] /i blue backpack
[16/07/2011 21:39:01] /i ice helmet
[16/07/2011 21:39:05] /i ice armor
[16/07/2011 21:39:08] /i ice legs
[16/07/2011 21:39:14] /i ice boots
[16/07/2011 21:39:22] /i ice shield
[16/07/2011 21:39:34] /i ring da mortalidade
[16/07/2011 21:39:38] /t
[16/07/2011 21:39:46] /i 2137
[16/07/2011 21:39:48] /i 2140
[16/07/2011 21:40:08] /i 2184
[16/07/2011 21:40:11] /r
[16/07/2011 21:40:15] /i 2433
[16/07/2011 21:42:50] /a 6
[16/07/2011 21:42:51] /a 6
[16/07/2011 21:42:51] /a 6
[16/07/2011 21:42:52] /a 6
[16/07/2011 21:43:01] /c vancini
[16/07/2011 21:46:50] /goto master kina
[16/07/2011 21:47:01] /goto druid master
[16/07/2011 21:47:06] /goto lucasop
[16/07/2011 21:47:08] /goto druid master
[16/07/2011 21:47:10] /goto druid master
[16/07/2011 21:47:11] /goto druid master
[16/07/2011 21:47:13] /goto druid master
[16/07/2011 21:47:14] /goto druid master
[16/07/2011 21:47:42] /i 2160
[16/07/2011 21:47:44] /i 2160
[16/07/2011 21:47:45] /i 2160
[16/07/2011 21:47:46] /i 2160
[16/07/2011 21:48:19] /r
[16/07/2011 21:48:20] /r
[16/07/2011 21:48:26] /i 6893
[16/07/2011 21:48:28] /r
[16/07/2011 21:48:28] /r
[16/07/2011 21:48:30] /i 6893
[16/07/2011 21:48:35] /r
[16/07/2011 21:48:35] /r
[16/07/2011 21:48:37] /i 6893
[16/07/2011 21:48:45] /a 10
[16/07/2011 21:49:29] /t
[16/07/2011 21:52:37] /reload monster
[16/07/2011 21:53:27] /reload monster
[16/07/2011 21:54:02] /reload monster
[16/07/2011 21:54:41] /reload monster
[16/07/2011 21:55:08] /reload monster
[16/07/2011 21:55:37] /r
[16/07/2011 21:55:41] /r
[16/07/2011 21:56:08] /goto Deus
[16/07/2011 21:56:15] /a
[16/07/2011 21:56:58] /a
[16/07/2011 21:57:53] /reload monster
[16/07/2011 21:58:11] /r
[16/07/2011 21:58:13] /r
[16/07/2011 21:58:14] /t
[16/07/2011 22:03:33] /goto soufoda
[16/07/2011 22:03:40] /b Soufoda,30
[16/07/2011 22:03:48] /ban Soufoda,30
[16/07/2011 22:04:08] /goto Soufoda
[16/07/2011 22:05:39] /mc
[16/07/2011 22:05:46] /goto kina the kill
[16/07/2011 22:05:55] /c Earch Or Bye Kina
[16/07/2011 22:06:17] /c Earch Or Bye Kina 
[16/07/2011 22:06:47] /a
[16/07/2011 22:07:28] /mc
[16/07/2011 22:07:34] /goto Lord Samu
[16/07/2011 22:07:40] /goto lucasop
[16/07/2011 22:07:44] /a
[16/07/2011 22:07:44] /a
[16/07/2011 22:07:46] /ghost
[16/07/2011 22:07:51] /c lucasop
[16/07/2011 22:07:57] /c Lord Samu
[16/07/2011 22:09:10] /mc
[16/07/2011 22:09:25] /m homen aranha
[16/07/2011 22:09:26] /m homen aranha
[16/07/2011 22:09:27] /m homen aranha
[16/07/2011 22:09:29] /m homen aranha
[16/07/2011 22:09:30] /m homen aranha
[16/07/2011 22:10:07] /r
[16/07/2011 22:10:07] /r
[16/07/2011 22:10:08] /r
[16/07/2011 22:10:09] /r
[16/07/2011 22:10:10] /r
[16/07/2011 22:10:10] /r
[16/07/2011 22:10:11] /r
[16/07/2011 22:10:11] /r
[16/07/2011 22:10:12] /r
[16/07/2011 22:10:13] /r
[16/07/2011 22:10:18] /ghost
[16/07/2011 22:23:35] /t
[16/07/2011 22:23:37] /r
[17/07/2011 15:47:20] /goto [Tutor] Black Skull Rox
[17/07/2011 15:47:45] /c Kaah Bacatinhaa
[17/07/2011 15:48:02] /ghost
[17/07/2011 15:48:56] /c o mascarado
[17/07/2011 15:49:11] /c Mascarado
[17/07/2011 15:49:46] /t
[17/07/2011 15:49:48] /a
[17/07/2011 15:52:58] /t Demon Sky
[17/07/2011 15:58:00] /t Demon Sky
[17/07/2011 16:02:40] /t Demon Sky
[17/07/2011 16:23:56] /goto [Tutor] Black Skull Rox
[17/07/2011 16:24:45] /t Pedro I
[17/07/2011 16:24:53] /t
[17/07/2011 16:24:55] /t [Tutor] Black Skull Rox
[17/07/2011 16:26:21] /a
[17/07/2011 16:26:22] /a
[17/07/2011 16:26:22] /a
[17/07/2011 16:26:26] /a 
[17/07/2011 16:26:30] /a 5
[17/07/2011 16:26:35] /c pedro i
[17/07/2011 16:26:38] /c [Tutor] Black Skull Rox
[17/07/2011 16:27:29] /a
[17/07/2011 16:27:38] /t ?
[17/07/2011 16:27:49] /t pedro i
[17/07/2011 16:28:10] /t [Tutor] Black Skull Rox
[17/07/2011 16:28:12] /t
[17/07/2011 16:28:17] /a
[17/07/2011 17:27:55] /i 2160
[17/07/2011 17:28:10] /t
[17/07/2011 17:31:16] /i 2160
[17/07/2011 17:31:20] /i 2160
[17/07/2011 17:31:21] /i 2160
[17/07/2011 17:31:26] /i 2160
[17/07/2011 17:31:28] /t
[17/07/2011 17:31:30] /a
[17/07/2011 17:38:20] /ban Logroke
[17/07/2011 17:38:27] /ban Logroke,30
[17/07/2011 17:38:56] /goto [Tutor] Black Skull Rox
[17/07/2011 17:44:45] /ban Joguem Killzone Pvp,30
[17/07/2011 17:44:59] /ban Pq Banirao Soufoda,30
[17/07/2011 17:45:27] /ban Anjo Da Noite
[17/07/2011 22:13:44] /ghost
[19/07/2011 11:40:43] /a
[19/07/2011 11:41:13] /a
[19/07/2011 11:41:46] /a
[19/07/2011 11:46:58] /i 2160
[19/07/2011 11:47:15] /t
[19/07/2011 12:38:37] /a
[19/07/2011 12:38:43] /ghost
[19/07/2011 16:04:00] /ghost
[19/07/2011 16:12:24] /mc
[19/07/2011 21:56:26] /ghost
[19/07/2011 21:56:33] /a
[20/07/2011 18:05:31] /a
[23/07/2011 00:07:35] /a
[23/07/2011 11:15:44] /a
[25/07/2011 09:55:23] /reload npc
[25/07/2011 09:55:29] /npc crazy crystals
[25/07/2011 09:55:31] /npc crazy crystals
[25/07/2011 09:55:43] /npc Crazy Crystals
[25/07/2011 09:55:48] /closeserver
[25/07/2011 09:55:55] /goto falcon buyer
[25/07/2011 09:58:09] /reload ncp
[25/07/2011 09:58:13] /reload npc
[25/07/2011 09:58:20] /npc Crazy Crystals
[25/07/2011 09:58:27] /closeserver
[25/07/2011 09:58:29] /closeserver
[25/07/2011 09:58:33] /closeserver
[25/07/2011 10:02:14] /npc Crazy Crystals
[25/07/2011 10:02:17] /reload npc
[25/07/2011 10:02:19] /npc Crazy Crystals
[25/07/2011 10:06:42] /reload npc
[25/07/2011 10:06:44] /npc Crazy Crystals
[25/07/2011 10:08:01] /reload npc
[25/07/2011 10:09:34] /reload npc
[25/07/2011 10:10:27] /reload npc
[25/07/2011 10:11:08] /reload npc
[25/07/2011 10:11:31] /reload npc
[25/07/2011 10:12:52] /closeserver
[25/07/2011 10:12:59] /reload npc
[25/07/2011 10:13:00] /closeserver
[25/07/2011 10:13:18] /reload npc
[25/07/2011 10:13:19] /closeserver
[25/07/2011 10:14:44] /closeserver
[25/07/2011 10:14:49] /reload npc
[25/07/2011 10:14:50] /closeserver
[25/07/2011 10:15:41] /reload npc
[25/07/2011 10:15:42] /closeserver
[25/07/2011 10:15:57] /ghost
[25/07/2011 10:16:02] /ghost
[25/07/2011 10:16:20] /reload npc
[25/07/2011 10:16:22] /closeserver
[25/07/2011 10:17:25] /reload npc
[25/07/2011 10:17:28] /closeserver
[25/07/2011 10:17:31] /r
[25/07/2011 10:17:43] /npc crazy crystals
[25/07/2011 10:18:09] /reload npc
[25/07/2011 10:18:10] /closeserver
[25/07/2011 10:18:19] /npc crazy crystals
[25/07/2011 10:18:40] /reload npc
[25/07/2011 10:18:42] /closeserver
[25/07/2011 10:18:43] /npc crazy crystals
[25/07/2011 10:19:09] /reload npc
[25/07/2011 10:19:10] /closeserver
[25/07/2011 10:19:11] /npc crazy crystals
[25/07/2011 10:19:43] /reload npc
[25/07/2011 10:19:45] /closeserver
[25/07/2011 10:19:47] /npc crazy crystals
[25/07/2011 10:20:01] /npc Crazy Crystals
[25/07/2011 10:20:55] /reload npc
[25/07/2011 10:20:56] /closeserver
[25/07/2011 10:20:58] /npc Crazy Crystals
[25/07/2011 10:21:24] /reload npc
[25/07/2011 10:21:28] /closeserver
[25/07/2011 10:25:13] /reload npc
[25/07/2011 10:25:14] /closeserver
[25/07/2011 10:27:32] /reload npc
[25/07/2011 10:27:33] /closeserver
[25/07/2011 10:28:59] /reload npc
[25/07/2011 10:29:02] /closeserver
[25/07/2011 10:29:08] /r
[25/07/2011 10:29:23] /npc Crazy Crystals
[25/07/2011 21:04:23] /t
[25/07/2011 21:04:27] /a
[26/07/2011 12:57:35] /a
[26/07/2011 12:57:43] /reload npc
[26/07/2011 12:57:58] /up
[26/07/2011 12:58:10] /npc crazy crystal
[26/07/2011 13:00:34] /reload npc
[26/07/2011 13:00:36] /npc crazy crystal
[26/07/2011 13:01:00] /reload npc
[26/07/2011 13:01:02] /npc crazy crystal
[26/07/2011 13:01:26] /reload npc
[26/07/2011 13:01:27] /npc crazy crystal
[26/07/2011 13:03:34] /reload npc
[26/07/2011 13:03:35] /npc crazy crystal
[26/07/2011 13:04:03] /reload npc
[26/07/2011 13:04:04] /npc crazy crystal
[26/07/2011 13:04:35] /reload npc
[26/07/2011 13:04:36] /npc crazy crystal
[26/07/2011 13:04:46] /npc falcon buyer
[26/07/2011 13:04:57] /r
[26/07/2011 13:06:19] /reload npc
[26/07/2011 13:06:21] /npc crazy crystal
[26/07/2011 13:07:32] /reload npc
[26/07/2011 13:07:34] /npc crazy crystal
[26/07/2011 13:08:02] /reload npc
[26/07/2011 13:08:03] /npc crazy crystal
[26/07/2011 13:09:58] /reload npc
[26/07/2011 13:09:59] /npc crazy crystal
[26/07/2011 13:10:02] /npc crazy crystal
[26/07/2011 13:18:50] /reload npc
[26/07/2011 13:18:51] /npc crazy crystal
[26/07/2011 13:19:43] /reload npc
[26/07/2011 13:19:44] /npc crazy crystal
[26/07/2011 13:21:56] /reload npc
[26/07/2011 13:21:57] /npc crazy crystal
[26/07/2011 13:30:34] /reload npc
[26/07/2011 13:30:35] /npc crazy crystal
[26/07/2011 13:39:44] /reload npc
[26/07/2011 13:39:46] /npc crazy crystal
[26/07/2011 14:01:16] /t
[27/07/2011 14:48:23] /t
[27/07/2011 21:56:29] /i 4848
[27/07/2011 21:56:42] /r 100
[27/07/2011 21:56:43] /r 100
[27/07/2011 21:56:44] /r 100
[27/07/2011 21:56:45] /r 100
[27/07/2011 21:56:46] /r 100
[27/07/2011 21:56:46] /r 100
[27/07/2011 21:56:47] /r 100
[27/07/2011 21:58:22] /r 100
[27/07/2011 21:58:58] /a
[27/07/2011 21:58:59] /a
[27/07/2011 21:59:01] /ghost
[27/07/2011 21:59:43] /a
[27/07/2011 22:05:38] /a
[27/07/2011 22:06:43] /i cristal sword
[27/07/2011 22:06:45] /a
[27/07/2011 22:14:38] /a
[27/07/2011 22:24:16] /a
[27/07/2011 22:24:51] /a
[27/07/2011 22:25:03] /b SO CORINTHIANO ROXO
[27/07/2011 22:26:39] /a
[27/07/2011 22:27:33] /i 2160
[27/07/2011 22:29:45] /a
[27/07/2011 22:53:49] /t Kakashi Hatake
[27/07/2011 22:55:56] /ghost
[27/07/2011 22:56:06] /goto skaua
[27/07/2011 22:56:12] /goto skawa
[27/07/2011 22:56:22] /goto skawaa
[27/07/2011 22:59:05] /r
[27/07/2011 22:59:34] /goto skawaa
[27/07/2011 23:00:34] /r
[27/07/2011 23:00:35] /r
[27/07/2011 23:04:13] /t
[27/07/2011 23:05:14] /mc
[27/07/2011 23:05:43] /mc
[27/07/2011 23:08:06] /up
[27/07/2011 23:08:06] /up
[27/07/2011 23:08:09] /c Eron
[27/07/2011 23:08:13] /c skawaa
[27/07/2011 23:08:27] /mc
[27/07/2011 23:09:29] /t Eron
[27/07/2011 23:09:33] /t Skawaa
[27/07/2011 23:09:35] /t
[27/07/2011 23:09:40] /t Skawaa
[27/07/2011 23:10:52] /a
[27/07/2011 23:13:27] /t
[27/07/2011 23:14:34] /t
[28/07/2011 16:52:10] /t
[28/07/2011 16:52:13] /a
[29/07/2011 13:09:09] /i 10029
[29/07/2011 13:09:22] /i epic uh
[29/07/2011 13:09:27] /i epic mana
[29/07/2011 13:09:43] /i 2469
[29/07/2011 13:09:49] /i 2492
[29/07/2011 13:09:56] /i 2542
[29/07/2011 13:10:04] /i 2407
[29/07/2011 13:10:12] /i 2641
[29/07/2011 13:10:19] /i 2501
[29/07/2011 13:17:10] /reload monster
[29/07/2011 13:19:56] /reload monster
[29/07/2011 13:20:15] /reload monster
[30/07/2011 10:27:20] /i ice shiel
[30/07/2011 10:27:24] /i ice shield
[30/07/2011 10:27:33] /i tempest shield
[30/07/2011 10:28:06] /i /i 2535
[30/07/2011 10:28:10] /i 2535
[30/07/2011 10:28:18] /i ice sword
[30/07/2011 10:28:21] /i cristal sword
[30/07/2011 10:28:24] /i 2390
[30/07/2011 10:28:32] /i 8302
[30/07/2011 10:28:36] /i 8303
[30/07/2011 10:34:25] /ghost
[30/07/2011 10:36:17] /i bag
[30/07/2011 11:05:07] /a 10
[30/07/2011 11:05:17] /a 5
[30/07/2011 11:05:20] /t
[30/07/2011 11:52:06] /mc
[30/07/2011 14:47:46] /a
[30/07/2011 14:48:09] /goto sux sniper
[30/07/2011 14:48:18] /t sux sniper
[30/07/2011 14:48:19] /t sux sniper
[30/07/2011 14:48:20] /t sux sniper
[30/07/2011 14:48:20] /t sux sniper
[30/07/2011 14:48:57] /t juninhoo
[30/07/2011 14:49:06] /t juninhoo
[30/07/2011 14:49:07] /t juninhoo
[30/07/2011 14:49:18] /t juninhoo
[30/07/2011 14:49:19] /t juninhoo
[30/07/2011 14:49:19] /t juninhoo
[30/07/2011 14:49:20] /t juninhoo
[30/07/2011 14:49:20] /t juninhoo
[30/07/2011 14:49:21] /t juninhoo
[30/07/2011 14:49:26] /t juninhoo
[30/07/2011 14:49:26] /t juninhoo
[30/07/2011 14:49:27] /t juninhoo
[30/07/2011 14:49:27] /t juninhoo
[30/07/2011 14:49:28] /t juninhoo
[30/07/2011 14:49:29] /t juninhoo
[30/07/2011 14:49:29] /t juninhoo
[30/07/2011 14:49:36] /t
[30/07/2011 14:49:40] /a
[30/07/2011 14:49:48] /t juninhoo
[30/07/2011 14:49:50] /t juninho
[30/07/2011 14:50:25] /a
[30/07/2011 14:59:45] /ghost
[30/07/2011 14:59:58] /reload spells
[30/07/2011 15:00:25] /t
[30/07/2011 15:00:27] /up
[30/07/2011 15:00:28] /up
[30/07/2011 15:00:30] /down
[30/07/2011 15:00:33] /a
[30/07/2011 15:00:34] /a
[30/07/2011 15:00:38] /t
[30/07/2011 15:00:41] /a 20
[30/07/2011 15:01:36] /c Kakashi Hatake
[30/07/2011 15:01:56] /addskill Kakashi Hatake,level,50000
[30/07/2011 15:02:58] /reload spells
[30/07/2011 15:03:44] /reload spells
[30/07/2011 15:09:08] /reload spells
[30/07/2011 15:09:16] /reload talkaction
[30/07/2011 15:09:18] /reload talkactions
[30/07/2011 15:21:10] /reload spells
[30/07/2011 15:24:27] /reload spells
[30/07/2011 15:29:02] /reload monster
[30/07/2011 15:29:14] /m alma
[30/07/2011 15:29:25] /r
[30/07/2011 15:29:30] /c mc mguinho
[30/07/2011 15:29:34] /c mc maguinho
[30/07/2011 15:29:40] /ghost
[30/07/2011 15:30:37] /m alma
[30/07/2011 15:30:45] /r
[30/07/2011 15:30:47] /r
[30/07/2011 15:31:33] /reload monster
[30/07/2011 15:31:45] /m alma
[30/07/2011 15:32:59] /m training monk
[30/07/2011 15:38:04] /reload sells
[30/07/2011 15:38:07] /reload spells
[30/07/2011 15:38:49] /m cyclpos
[30/07/2011 15:39:09] /m cyclops
[30/07/2011 15:40:22] /t anjo pk
[30/07/2011 15:40:27] /c mc maguinho
[30/07/2011 15:40:30] /r
[30/07/2011 15:40:35] /r
[30/07/2011 15:40:37] /r
[30/07/2011 15:40:37] /r
[30/07/2011 15:40:50] /r
[30/07/2011 15:40:51] /r
[30/07/2011 15:41:01] /r
[30/07/2011 15:41:03] /r
[30/07/2011 15:41:18] /r
[30/07/2011 15:41:19] /r
[30/07/2011 15:41:21] /r
[30/07/2011 15:41:22] /r
[30/07/2011 15:41:25] /r
[30/07/2011 15:41:26] /r
[30/07/2011 15:41:28] /r
[30/07/2011 15:41:29] /r
[30/07/2011 15:41:30] /r
[30/07/2011 15:41:33] /ghost
[30/07/2011 15:41:47] /c [CM] Bruno
[30/07/2011 15:41:48] /c [CM] Bruno
[30/07/2011 15:41:50] /c [CM] Bruno
[30/07/2011 15:41:58] /c [CM] Bruno
[30/07/2011 15:42:02] /c [CM] Bruno
[30/07/2011 15:42:04] /c [CM] Bruno
[30/07/2011 15:42:06] /c [CM] Bruno
[30/07/2011 15:42:20] /m alma
[30/07/2011 15:42:30] /r
[30/07/2011 15:42:31] /r
[30/07/2011 15:42:39] /m training monk
[30/07/2011 15:42:57] /m training monk
[30/07/2011 15:43:10] /m training monk
[30/07/2011 15:43:17] /ghost
[30/07/2011 15:43:35] /m training monk
[30/07/2011 15:43:47] /r
[30/07/2011 15:43:49] /r
[30/07/2011 15:43:50] /r
[30/07/2011 15:43:56] /r
[30/07/2011 15:43:56] /r
[30/07/2011 15:43:58] /r
[30/07/2011 15:43:59] /r
[30/07/2011 15:44:19] /m training monk
[30/07/2011 15:44:40] /r
[30/07/2011 15:44:41] /r
[30/07/2011 15:44:49] /reload spells
[30/07/2011 15:45:11] /reload spells
[30/07/2011 15:45:36] /reload spells
[30/07/2011 15:45:55] /reload spells
[30/07/2011 15:46:57] /reload spells
[30/07/2011 15:47:16] /m training monk
[30/07/2011 15:48:07] /r
[30/07/2011 15:48:40] /reload talkactions
[30/07/2011 15:49:04] /c Skawaa
[30/07/2011 15:51:14] /reload talkactions
[30/07/2011 15:51:19] /t
[30/07/2011 15:52:49] /a 20
[30/07/2011 15:52:52] /up
[30/07/2011 15:52:53] /up
[30/07/2011 15:52:54] /up
[30/07/2011 15:52:55] /up
[30/07/2011 15:52:57] /up
[30/07/2011 15:53:07] /c mc maguinho
[30/07/2011 15:54:18] /r
[30/07/2011 15:55:11] /r
[30/07/2011 15:55:14] /r
[30/07/2011 15:55:18] /r
[30/07/2011 15:55:18] /r
[30/07/2011 15:55:19] /r
[30/07/2011 15:55:20] /r
[30/07/2011 15:55:50] /r
[30/07/2011 15:56:06] /r
[30/07/2011 15:56:06] /r
[30/07/2011 15:56:09] /i 6893
[30/07/2011 15:56:16] /i 6893
[30/07/2011 15:56:20] /i 6893
[30/07/2011 15:56:23] /r
[30/07/2011 15:56:24] /r
[30/07/2011 15:56:25] /i 6893
[30/07/2011 15:56:37] /a 3
[30/07/2011 15:56:47] /owner [Hoster] Mateus
[30/07/2011 15:57:10] /a 6
[30/07/2011 16:10:23] /t Bruninho
[30/07/2011 16:13:26] /reload talkactions
[30/07/2011 17:41:03] /ghost
[30/07/2011 17:41:50] /i animate dead rune
[30/07/2011 17:41:58] /i 2058
[30/07/2011 17:42:00] /r
[30/07/2011 17:42:26] /i 2/t
[30/07/2011 17:42:28] /t
[30/07/2011 17:42:42] /t
[30/07/2011 17:42:51] /t
[30/07/2011 17:43:01] /i 3058
[30/07/2011 17:43:09] /r
[30/07/2011 21:08:51] /t
[30/07/2011 21:11:17] /a 5
[30/07/2011 21:11:41] /ghost
[30/07/2011 21:17:15] /i 2300
[30/07/2011 21:17:25] /r
[30/07/2011 21:18:21] /reload actions
[30/07/2011 21:18:50] /up
[30/07/2011 21:18:52] /up
[30/07/2011 21:18:55] /i 3058
[30/07/2011 21:19:20] /m alma
[30/07/2011 21:19:21] /r
[30/07/2011 21:19:22] /a
[30/07/2011 21:19:44] /r
[30/07/2011 21:19:46] /r
[30/07/2011 21:22:41] /reload actions
[30/07/2011 21:22:56] /m demon
[30/07/2011 21:23:16] /r
[30/07/2011 21:23:26] /i 3058
[30/07/2011 21:23:42] /r
[30/07/2011 21:23:44] /r
[30/07/2011 21:23:45] /r
[30/07/2011 21:23:47] /r
[30/07/2011 21:23:50] /reload actions
[30/07/2011 21:26:08] /reload actions
[30/07/2011 21:26:49] /i 2316
[30/07/2011 21:29:01] /reload actions
[30/07/2011 21:29:45] /r
[30/07/2011 21:29:47] /r
[30/07/2011 21:29:48] /r
[30/07/2011 21:29:50] /r
[30/07/2011 21:32:08] /reload actions
[30/07/2011 21:32:28] /r
[30/07/2011 21:32:34] /r
[30/07/2011 21:32:35] /r
[30/07/2011 21:32:36] /r
[30/07/2011 21:32:37] /r
[30/07/2011 21:32:38] /r
[30/07/2011 21:32:40] /r
[30/07/2011 21:32:48] /i 3058
[30/07/2011 21:33:40] /reload action
[30/07/2011 21:34:18] /r
[30/07/2011 21:34:19] /r
[30/07/2011 21:34:19] /r
[30/07/2011 21:34:27] /r
[30/07/2011 21:34:28] /r
[30/07/2011 21:34:31] /r
[30/07/2011 21:35:07] /reload action
[30/07/2011 21:36:32] /i 2058
[30/07/2011 21:36:35] /r
[30/07/2011 21:36:38] /i 3058
[30/07/2011 21:36:46] /r
[30/07/2011 21:36:54] /m alma
[30/07/2011 21:37:20] /r
[30/07/2011 21:37:21] /r
[30/07/2011 21:47:34] /reload action
[30/07/2011 21:48:02] /i 3058
[30/07/2011 21:48:15] /r
[30/07/2011 21:51:02] /reload action
[30/07/2011 21:51:31] /i 3058
[30/07/2011 21:51:51] /reload action
[30/07/2011 21:52:21] /i 3058
[30/07/2011 21:53:25] /reload action
[30/07/2011 21:55:53] /r
[30/07/2011 21:55:54] /r
[30/07/2011 21:55:56] /r
[30/07/2011 21:55:57] /r
[30/07/2011 21:55:58] /r
[30/07/2011 22:00:06] /c druid master
[30/07/2011 22:01:14] /r
[30/07/2011 22:01:17] /r
[30/07/2011 22:01:18] /r
[30/07/2011 22:01:27] /c druid master
[30/07/2011 22:01:30] /r
[30/07/2011 22:01:31] /r
[30/07/2011 22:01:34] /r
[30/07/2011 22:01:37] /a 3
[30/07/2011 22:01:40] /r
[30/07/2011 22:01:43] /a 6
[30/07/2011 22:01:53] /r
[30/07/2011 22:01:55] /r
[30/07/2011 22:02:01] /c druid master
[30/07/2011 22:02:09] /r
[30/07/2011 22:03:55] /r
[30/07/2011 22:03:56] /r
[30/07/2011 22:04:39] /r
[30/07/2011 22:04:42] /reload actions
[30/07/2011 22:05:25] /reload actions.
[30/07/2011 22:07:26] /reload spells
[30/07/2011 22:08:31] /r
[30/07/2011 22:08:43] /r
[30/07/2011 22:33:12] /m skeleton
[30/07/2011 22:33:45] /r
[30/07/2011 22:35:55] /t r [15844: sauhhus
[30/07/2011 22:36:08] /t Druid Master
[30/07/2011 22:41:32] /reload spells
[30/07/2011 22:42:20] /r
[30/07/2011 22:42:22] /r
[30/07/2011 22:43:35] /clean
[30/07/2011 22:43:38] /clean
[30/07/2011 22:43:39] /clean
[30/07/2011 22:43:41] /clean
[30/07/2011 22:43:41] /clean
[30/07/2011 22:43:42] /clean
[30/07/2011 22:43:44] /clean
[30/07/2011 22:43:46] /clean
[30/07/2011 22:43:46] /clean
[30/07/2011 22:43:47] /clean
[30/07/2011 22:43:47] /clean
[30/07/2011 22:43:47] /clean
[30/07/2011 22:43:48] /clean
[30/07/2011 22:43:51] /clean
[30/07/2011 22:47:27] /r
[30/07/2011 22:47:27] /r
[30/07/2011 22:47:28] /r
[30/07/2011 22:47:29] /r
[30/07/2011 22:47:30] /r
[30/07/2011 22:47:31] /r
[30/07/2011 22:47:32] /r
[30/07/2011 22:47:34] /r
[30/07/2011 22:47:34] /r
[30/07/2011 22:47:35] /r
[30/07/2011 22:47:37] /r
[30/07/2011 22:47:38] /r
[30/07/2011 22:47:40] /r
[30/07/2011 22:47:42] /r
[30/07/2011 22:47:44] /r
[30/07/2011 22:49:15] /clean
[30/07/2011 22:49:16] /t
[30/07/2011 22:49:20] /ghost
[31/07/2011 16:29:12] /i 3031
[31/07/2011 16:29:15] /r
[31/07/2011 16:29:35] /i purple backpack
[31/07/2011 16:42:31] /t
[03/08/2011 12:11:14] /i 2194
[03/08/2011 12:12:27] /i 2203
[03/08/2011 12:12:39] /r
[03/08/2011 12:12:51] /r
[03/08/2011 12:13:50] /i 11191
[03/08/2011 12:14:11] /i 20001
[03/08/2011 12:14:41] /i 10498
[03/08/2011 12:14:46] /i 10498
[03/08/2011 12:14:51] /i 413
[03/08/2011 12:14:53] /i 413
[03/08/2011 12:15:10] /i 10440
[03/08/2011 12:15:22] /r
[03/08/2011 12:15:24] /r
[03/08/2011 12:15:25] /r
[03/08/2011 12:15:27] /r
[03/08/2011 12:15:41] /i 10430
[03/08/2011 12:15:45] /r
[03/08/2011 12:16:06] /i  3973
[03/08/2011 12:18:03] /save
[03/08/2011 12:18:08] /reload actions
[03/08/2011 12:19:07] /reload actions
[03/08/2011 12:20:03] /newtype 342
[03/08/2011 12:20:36] /newtype 300
[03/08/2011 12:21:11] /newtype 303
[03/08/2011 12:22:32] /reload actions
[03/08/2011 12:23:00] /i 3973
[03/08/2011 12:23:09] /i 3973
[03/08/2011 12:23:46] /c Kakashi Hatake
[03/08/2011 12:25:42] /c Kakashi Hatake
[03/08/2011 12:25:48] /t Kakashi Hatake
[03/08/2011 12:26:47] /save
[03/08/2011 12:26:53] /reload actions
[03/08/2011 12:27:49] /i 6009
[03/08/2011 12:28:02] /r
[04/08/2011 00:06:55] /goto [CM] Bruno
[04/08/2011 12:31:15] /t
[04/08/2011 21:32:06] /mc
[05/08/2011 21:29:09] /r
[06/08/2011 10:47:58] /m assasin
[06/08/2011 10:48:00] /m assasin
[06/08/2011 10:49:10] /t
[06/08/2011 11:06:24] /a
[06/08/2011 11:08:22] /a
[06/08/2011 20:41:24] /a
[06/08/2011 20:43:46] /i 2300
[06/08/2011 20:44:15] /r
[06/08/2011 20:44:39] /attr attack 99999
[06/08/2011 20:44:52] /attr defense 99999
[06/08/2011 20:45:05] /attr armor 99999
[06/08/2011 20:45:30] /attr ice 100
[06/08/2011 20:45:38] /attr armor 99999
[06/08/2011 20:45:45] /attr armor 99999
[06/08/2011 20:45:50] /attr armor 99999
[06/08/2011 20:45:54] /attr defense 99999
[06/08/2011 20:45:57] /attr armor 99999
[06/08/2011 20:46:02] /attr armor 99999
[06/08/2011 20:46:19] /i ice sword
[06/08/2011 20:46:26] /attr attack 99999
[06/08/2011 20:46:31] /attr defense 99999
[06/08/2011 20:52:11] /a
[06/08/2011 20:53:26] /t
[06/08/2011 20:54:05] /i 10064
[06/08/2011 20:56:38] /ghost
[06/08/2011 20:57:19] /t
[06/08/2011 20:57:21] /a
[06/08/2011 20:57:37] /goto [GOD] Bruno
[06/08/2011 20:58:58] /ghost
[06/08/2011 20:59:08] /t
[06/08/2011 20:59:10] /ghost
[06/08/2011 21:00:06] /a
[06/08/2011 21:00:54] /a 6
[06/08/2011 21:00:56] /up
[06/08/2011 21:00:57] /up
[06/08/2011 21:00:58] /c Patrick Horla
[06/08/2011 21:05:26] /t Patrick Horla
[06/08/2011 21:05:27] /t
[06/08/2011 21:05:31] /a
[06/08/2011 21:19:03] /reload talkactions
[06/08/2011 21:20:03] /a
[06/08/2011 21:20:03] /a
[06/08/2011 21:20:04] /a
[06/08/2011 21:20:05] /up
[06/08/2011 21:20:11] /a 6
[06/08/2011 21:20:13] /a 6
[06/08/2011 21:22:19] /reload talkactions
[06/08/2011 21:27:01] /save
[06/08/2011 21:27:06] /reload movements
[06/08/2011 21:28:31] /i 2127
[06/08/2011 21:29:08] /c Kakashi Hatake
[06/08/2011 22:12:26] /save
[06/08/2011 22:12:33] /reload globalevents
[06/08/2011 22:12:56] /reload globalevents
[06/08/2011 22:13:46] /reload globalevents
[06/08/2011 22:13:56] /ghost
[06/08/2011 22:14:00] /t
[06/08/2011 22:14:03] /a
[06/08/2011 22:15:01] /reload globalevents
[06/08/2011 22:16:10] /reload globalevents
[06/08/2011 22:16:54] /reload globalevents
[06/08/2011 22:17:20] /reload globalevents
[06/08/2011 22:18:23] /reload globalevents
[06/08/2011 22:42:38] /reload spells
[06/08/2011 22:42:45] /i animate dead rune
[06/08/2011 22:42:49] /a
[06/08/2011 22:43:14] /up
[06/08/2011 22:43:14] /up
[06/08/2011 22:43:37] /up
[06/08/2011 22:43:37] /up
[06/08/2011 22:44:39] /attr attack 100000000
[06/08/2011 22:44:46] /attr defense 100000000
[06/08/2011 22:45:00] /r
[06/08/2011 22:45:00] /r
[06/08/2011 22:45:03] /i 3058
[06/08/2011 22:46:32] /r
[06/08/2011 22:46:33] /r
[06/08/2011 22:46:34] /r
[06/08/2011 22:46:35] /r
[06/08/2011 22:46:42] /r
[06/08/2011 22:46:44] /r
[06/08/2011 22:46:47] /r
[06/08/2011 22:48:07] /reload spells
[06/08/2011 22:48:35] /r
[06/08/2011 22:48:36] /r
[06/08/2011 22:49:23] /reload spells
[06/08/2011 22:49:42] /r
[06/08/2011 22:49:43] /r
[06/08/2011 22:50:20] /reload spells
[06/08/2011 22:52:50] /reload spells
[06/08/2011 22:53:21] /r
[06/08/2011 22:53:28] /i 3058
[06/08/2011 22:54:36] /r
[06/08/2011 22:54:36] /r
[06/08/2011 22:54:39] /r
[06/08/2011 22:57:33] /reload spells
[06/08/2011 22:58:01] /r
[06/08/2011 22:58:01] /r
[06/08/2011 23:38:49] /r
[06/08/2011 23:38:50] /r
[06/08/2011 23:38:52] /t
[06/08/2011 23:38:58] /a
[07/08/2011 12:49:20] /i 3128
[07/08/2011 12:49:26] /r
[07/08/2011 12:50:22] /reload spells
[07/08/2011 12:50:28] /i 2300
[07/08/2011 12:50:32] /i 3058
[07/08/2011 12:51:21] /reload spells
[07/08/2011 12:51:44] /r
[07/08/2011 12:51:46] /r
[07/08/2011 12:51:48] /r
[07/08/2011 12:52:15] /r
[07/08/2011 12:52:15] /r
[07/08/2011 12:53:00] /reload spells
[07/08/2011 12:53:16] /r
[07/08/2011 12:53:17] /r
[07/08/2011 12:53:34] /i 3128
[07/08/2011 12:53:54] /clean
[07/08/2011 12:53:57] /i 3058
[07/08/2011 12:54:49] /reload spells
[07/08/2011 12:55:03] /r
[07/08/2011 12:55:04] /r
[07/08/2011 12:55:18] /reload spells
[07/08/2011 12:55:29] /r
[07/08/2011 12:55:30] /r
[07/08/2011 12:56:39] /i 2316
[07/08/2011 12:56:50] /i 2300
[07/08/2011 13:05:07] /reload actions
[07/08/2011 13:06:05] /i 3058
[07/08/2011 13:07:13] /reload spells
[07/08/2011 13:07:38] /r
[07/08/2011 13:07:41] /i 2316
[07/08/2011 13:07:48] /i 3058
[07/08/2011 13:10:14] /reload spells
[07/08/2011 13:11:27] /reload spells
[07/08/2011 13:16:52] /r
[07/08/2011 13:16:53] /r
[07/08/2011 13:17:01] /reload spells
[07/08/2011 13:17:45] /reload spells
[07/08/2011 13:17:56] /ghost
[07/08/2011 13:20:43] /i 2790
[07/08/2011 13:21:29] /reload actions
[07/08/2011 13:22:24] /r 100
[07/08/2011 17:02:23] /ghost
[07/08/2011 17:02:24] /t
[07/08/2011 20:07:38] /a
[07/08/2011 20:07:48] /i 2227
[07/08/2011 20:08:00] /r
[07/08/2011 20:08:02] /i meat
[07/08/2011 20:08:09] /ghost
[07/08/2011 20:08:14] /r
[07/08/2011 20:08:23] /i 2272
[07/08/2011 20:08:28] /a
[07/08/2011 20:13:53] /reload spells
[07/08/2011 20:14:39] /a
[07/08/2011 20:15:46] /r
[07/08/2011 20:15:51] /r
[07/08/2011 20:15:52] /r
[07/08/2011 20:15:56] /r
[07/08/2011 20:16:01] /r
[07/08/2011 20:16:03] /r
[07/08/2011 20:16:05] /a
[07/08/2011 20:16:08] /i 2272
[07/08/2011 20:16:14] /r
[07/08/2011 20:16:20] /i 2300
[07/08/2011 20:16:52] /a
[07/08/2011 20:16:57] /i spear
[07/08/2011 20:17:44] /r 100
[07/08/2011 20:17:53] /i 7367
[07/08/2011 20:18:02] /r 100
[07/08/2011 20:18:22] /attr attack 100000000
[07/08/2011 20:18:50] /a
[07/08/2011 20:19:45] /attr attack 100000000
[07/08/2011 20:19:58] /attr attack 100000000
[07/08/2011 20:21:00] /t So Flechada Violenta
[07/08/2011 20:21:04] /up
[07/08/2011 20:21:05] /up
[07/08/2011 20:21:08] /c So Flechada Violenta
[07/08/2011 20:24:29] /reload spells
[07/08/2011 20:25:43] /r
[07/08/2011 20:26:01] /r
[07/08/2011 20:26:07] /r
[07/08/2011 21:18:36] /i 10064
[07/08/2011 21:18:39] /i 2272
[07/08/2011 21:18:49] /i 2300
[07/08/2011 21:18:56] /i 10029
[07/08/2011 21:19:14] /c power royal
[07/08/2011 21:20:22] /reload spells
[07/08/2011 21:20:38] /t
[07/08/2011 21:23:30] /reload spells
[07/08/2011 21:24:23] /reload spells
[07/08/2011 21:25:58] /reload spells
[07/08/2011 21:27:32] /reload spells
[07/08/2011 21:42:49] /a
[07/08/2011 22:39:12] /t
[08/08/2011 11:04:15] /mc
[08/08/2011 11:08:48] /goto [GOD] BRUNO
[08/08/2011 11:08:54] /goto [GOD] BRUNO
[08/08/2011 11:08:56] /goto [GOD] BRUNO
[08/08/2011 11:09:09] /goto [GOD] BRUNO
[08/08/2011 11:09:29] /i 2316
[08/08/2011 11:09:42] /r
[08/08/2011 11:10:04] /ghost
[08/08/2011 11:25:05] /goto [GOD] Bruno
[08/08/2011 11:33:20] /ghost
[08/08/2011 11:33:22] /goto skawaa
[08/08/2011 12:13:41] /goto skawaa
[08/08/2011 18:46:08] /a 5
[08/08/2011 18:46:08] /a 5
[08/08/2011 18:46:09] /a 5
[08/08/2011 18:46:13] /a 5
[08/08/2011 18:46:14] /a 5
[08/08/2011 18:46:16] /a 5
[08/08/2011 18:46:41] /i 8908
[08/08/2011 18:46:58] /t
[08/08/2011 18:47:00] /a
[08/08/2011 18:51:04] /a 30
[08/08/2011 18:51:05] /a 30
[08/08/2011 18:51:07] /up
[08/08/2011 18:51:34] /i 20013
[08/08/2011 19:03:24] /t
[08/08/2011 19:03:37] /r
[08/08/2011 19:03:37] /r
[08/08/2011 19:03:41] /r
[08/08/2011 19:03:45] /r
[08/08/2011 19:21:17] /mc
[08/08/2011 21:58:04] /a
[08/08/2011 22:06:11] /goto [GOD] Bruno
[08/08/2011 22:06:41] /r
[08/08/2011 22:10:06] /c Skawaa
[08/08/2011 22:10:33] /a
[08/08/2011 22:10:34] /a
[08/08/2011 22:10:34] /a
[08/08/2011 22:10:37] /i sword of hell
[08/08/2011 22:10:41] /i sword of hell
[08/08/2011 22:10:56] /i sword of the hell
[08/08/2011 22:11:11] /i 8302
[08/08/2011 22:11:38] /a
[08/08/2011 22:11:39] /a
[08/08/2011 22:11:41] /a
[08/08/2011 22:11:55] /c gokuu
[08/08/2011 22:13:02] /c legends
[08/08/2011 22:13:30] /ghost
[08/08/2011 22:13:52] /i sword of the hell
[08/08/2011 22:13:56] /i 8303
[08/08/2011 22:14:43] /attr defense 1500
[08/08/2011 22:14:54] /attr defense 7000
[08/08/2011 22:15:32] /r
[08/08/2011 22:15:39] /r 100
[08/08/2011 22:18:58] /goto skawaa
[08/08/2011 22:19:00] /goto skawaa
[08/08/2011 22:19:07] /a
[08/08/2011 22:19:14] /goto skawaa
[08/08/2011 22:19:23] /goto gokuu
[08/08/2011 22:19:25] /a
[08/08/2011 22:19:32] /a
[08/08/2011 22:20:25] /goto sou foda
[08/08/2011 22:20:30] /a
[08/08/2011 22:21:48] /r
[08/08/2011 22:40:17] /goto sou foda
[09/08/2011 11:28:41] /ghost
[09/08/2011 11:28:47] /a
[09/08/2011 11:29:02] /a
[09/08/2011 11:29:05] /a
[09/08/2011 13:42:21] /goto demonic striker
[09/08/2011 13:42:40] /i 2002
[09/08/2011 13:42:54] /i 10064
[09/08/2011 13:43:07] /i 2137
[09/08/2011 13:43:59] /i 9932
[09/08/2011 13:44:01] /i 2140
[09/08/2011 13:44:52] /i 8867
[09/08/2011 13:44:54] /i 9777
[09/08/2011 13:45:14] /i 2272
[09/08/2011 13:45:24] /i 2300
[09/08/2011 13:45:29] /i 8907
[09/08/2011 13:45:45] /t
[09/08/2011 13:45:58] /i 2184
[09/08/2011 13:46:02] /goto demonic striker
[09/08/2011 13:46:53] /i 7902
[09/08/2011 13:47:00] /i 2160
[09/08/2011 13:55:21] /addskill Demonic Striker,level,300
[09/08/2011 13:55:36] /addskill Demonic Striker,level,40000
[09/08/2011 13:55:47] /addskill Demonic Striker,level,50000
[09/08/2011 13:55:50] /addskill Demonic Striker,level,50000
[09/08/2011 13:56:05] /addskill Demonic Striker,level,1000
[09/08/2011 13:56:08] /addskill Demonic Striker,level,1000
[09/08/2011 13:56:09] /addskill Demonic Striker,level,1000
[09/08/2011 13:56:11] /addskill Demonic Striker,level,1000
[09/08/2011 13:56:12] /addskill Demonic Striker,level,1000
[09/08/2011 13:56:13] /addskill Demonic Striker,level,1000
[09/08/2011 13:56:15] /addskill Demonic Striker,level,1000
[09/08/2011 13:56:16] /addskill Demonic Striker,level,1000
[09/08/2011 13:56:18] /addskill Demonic Striker,level,1000
[09/08/2011 13:56:19] /addskill Demonic Striker,level,1000
[09/08/2011 14:25:10] /goto mc pallinha
[09/08/2011 14:25:40] /goto mc pallinha
[09/08/2011 14:30:37] /goto demonic striker
[09/08/2011 14:31:15] /addskill Demonic Striker,level,1000
[09/08/2011 14:31:18] /addskill Demonic Striker,level,1000
[09/08/2011 14:31:19] /addskill Demonic Striker,level,1000
[09/08/2011 14:31:20] /addskill Demonic Striker,level,1000
[09/08/2011 14:31:22] /addskill Demonic Striker,level,1000
[09/08/2011 14:31:23] /addskill Demonic Striker,level,1000
[09/08/2011 14:31:24] /addskill Demonic Striker,level,1000
[09/08/2011 14:31:29] /goto mc pallinha
[09/08/2011 14:46:11] /t
[09/08/2011 16:33:39] /goto mc pallinha
[09/08/2011 16:36:34] /goto mc pallinha
[09/08/2011 16:36:37] /goto mc pallinha
[09/08/2011 16:38:06] /goto mc pallinha
[09/08/2011 16:40:59] /addskill Demonic Striker,level,1000
[09/08/2011 16:41:01] /addskill Demonic Striker,level,1000
[09/08/2011 16:41:08] /addskill Demonic Striker,level,1000
[09/08/2011 16:41:09] /addskill Demonic Striker,level,1000
[09/08/2011 16:41:09] /addskill Demonic Striker,level,1000
[09/08/2011 16:41:10] /addskill Demonic Striker,level,1000
[09/08/2011 16:41:11] /addskill Demonic Striker,level,1000
[09/08/2011 16:41:19] /addskill Demonic Striker,level,1000
[09/08/2011 16:41:20] /addskill Demonic Striker,level,1000
[09/08/2011 16:41:21] /addskill Demonic Striker,level,1000
[09/08/2011 16:44:21] /goto mc pallinha
[09/08/2011 16:45:04] /t
[09/08/2011 16:47:15] /goto druid master
[09/08/2011 16:48:39] /goto druid master
[09/08/2011 16:52:42] /goto druid master
[09/08/2011 16:53:12] /goto druid master
[09/08/2011 16:53:23] /r
[09/08/2011 16:55:17] /goto druid master
[09/08/2011 16:55:32] /kick Druid Master
[09/08/2011 16:56:15] /kick Druid Master
[09/08/2011 16:56:18] /goto druid master
[09/08/2011 16:56:37] /goto druid master
[09/08/2011 21:57:27] /a
[09/08/2011 21:57:28] /a
[09/08/2011 23:03:20] /up
[09/08/2011 23:03:21] /up
[09/08/2011 23:03:24] /c druid master
[09/08/2011 23:03:49] /ghost
[09/08/2011 23:04:26] /r
[09/08/2011 23:05:07] /c legends
[09/08/2011 23:06:27] /t Druid Master
[11/08/2011 16:01:28] /ghost
[11/08/2011 16:01:30] /t
[11/08/2011 16:03:51] /reload spells
[11/08/2011 16:04:00] /i 2316
[11/08/2011 16:04:06] /up
[11/08/2011 16:04:07] /up
[11/08/2011 16:05:04] /reload actions
[11/08/2011 16:05:54] /i 2316
[11/08/2011 16:06:26] /i 2316
[11/08/2011 16:06:27] /reload actions
[11/08/2011 16:07:08] /t
[11/08/2011 16:07:13] /up
[11/08/2011 16:07:14] /up
[11/08/2011 16:07:31] /r
[11/08/2011 16:08:19] /reload actions
[11/08/2011 16:10:51] /reload actions
[11/08/2011 16:11:40] /r
[11/08/2011 16:11:53] /r
[11/08/2011 16:12:46] /reload actions
[11/08/2011 16:13:29] /r
[11/08/2011 16:17:35] /bc desculpem pelas travadas to arruamndo um negoçio xD
[11/08/2011 16:17:43] /reload actions
[11/08/2011 16:19:04] /reload actions
[11/08/2011 16:19:48] /r
[11/08/2011 16:19:49] /i 2316
[11/08/2011 16:20:00] /ghost
[11/08/2011 16:20:04] /ghost
[11/08/2011 16:20:17] /reload actions
[11/08/2011 16:21:06] /i 3058
[11/08/2011 16:21:23] /reload actions
[11/08/2011 16:22:39] /reload actions
[11/08/2011 16:23:36] /m demon
[11/08/2011 16:24:01] /m nighmare
[11/08/2011 16:24:06] /m demon
[11/08/2011 16:24:08] /m demon
[11/08/2011 16:24:52] /r
[11/08/2011 16:24:53] /r
[11/08/2011 16:24:54] /r
[11/08/2011 16:24:55] /r
[11/08/2011 16:24:57] /r
[11/08/2011 16:24:59] /r
[11/08/2011 16:25:08] /r
[11/08/2011 16:25:11] /r
[11/08/2011 16:25:18] /reload actions
[11/08/2011 16:31:48] /reload actions
[11/08/2011 16:33:23] /reload actions
[11/08/2011 16:34:31] /r
[11/08/2011 16:34:32] /reload actions
[11/08/2011 16:35:24] /i 2390
[11/08/2011 16:35:30] /r
[11/08/2011 16:39:40] /i 2400
[11/08/2011 16:40:56] /i 3088
[11/08/2011 16:41:03] /r
[11/08/2011 16:42:40] /reload actions
[11/08/2011 16:46:39] /reload actions
[11/08/2011 16:48:02] /reload spells
[11/08/2011 16:55:09] /reload spells
[11/08/2011 16:55:48] /i 3058
[11/08/2011 16:56:15] /reload spells
[11/08/2011 16:56:43] /reload spells
[11/08/2011 16:57:32] /r
[11/08/2011 16:57:33] /r
[11/08/2011 16:57:34] /r
[11/08/2011 16:57:36] /r
[11/08/2011 16:57:37] /r
[11/08/2011 16:58:22] /r
[11/08/2011 16:58:23] /r
[11/08/2011 16:58:32] /r
[11/08/2011 16:58:33] /r
[11/08/2011 16:59:39] /r
[11/08/2011 16:59:40] /r
[11/08/2011 16:59:43] /r
[11/08/2011 16:59:44] /r
[11/08/2011 16:59:45] /r
[11/08/2011 16:59:47] /r
[11/08/2011 16:59:48] /r
[11/08/2011 16:59:49] /r
[11/08/2011 16:59:53] /clean
[11/08/2011 16:59:56] /r
[11/08/2011 17:00:00] /r
[11/08/2011 17:00:01] /r
[11/08/2011 17:00:02] /r
[11/08/2011 17:00:06] /i plate legs
[11/08/2011 17:00:11] /r
[11/08/2011 17:56:00] /t
[11/08/2011 17:56:14] /mc
[11/08/2011 17:56:17] /a
[11/08/2011 17:56:24] /a
[11/08/2011 17:56:32] /b preciso de um scriper
[11/08/2011 17:56:41] /b preciso de um scriper
[11/08/2011 17:56:48] /b preciso de um scriper
[11/08/2011 17:59:17] /b preciso de um scriper
[11/08/2011 17:59:18] /b preciso de um scriper
[11/08/2011 17:59:27] /ghost
[11/08/2011 17:59:28] /a
[11/08/2011 17:59:32] /b preciso de um scriper
[11/08/2011 17:59:56] /a
[11/08/2011 18:00:57] /r
[11/08/2011 23:25:33] /ghost
[11/08/2011 23:25:34] /r
[11/08/2011 23:25:37] /t
[11/08/2011 23:26:52] /m smile
[11/08/2011 23:26:57] /m smile
[11/08/2011 23:27:01] /m slime
[11/08/2011 23:28:13] /c Power Royal
[11/08/2011 23:28:26] /i small stone
[11/08/2011 23:29:28] /r
[11/08/2011 23:29:30] /r
[11/08/2011 23:29:34] /r
[11/08/2011 23:29:35] /r
[11/08/2011 23:29:37] /r
[11/08/2011 23:31:08] /a 5
[11/08/2011 23:31:09] /a 5
[11/08/2011 23:31:18] /a 5
[11/08/2011 23:31:25] /a 5
[11/08/2011 23:31:27] /a 5
[11/08/2011 23:32:10] /c Power Royal
[11/08/2011 23:32:29] /i smal stones
[11/08/2011 23:32:33] /i smal stone
[11/08/2011 23:32:43] /i small stone
[11/08/2011 23:32:44] /i small stone
[11/08/2011 23:32:44] /i small stone
[11/08/2011 23:33:07] /i 10029
[11/08/2011 23:33:15] /r
[11/08/2011 23:33:18] /r
[11/08/2011 23:33:20] /r
[11/08/2011 23:33:36] /i small stone
[11/08/2011 23:33:44] /i small stone
[11/08/2011 23:33:45] /i small stone
[11/08/2011 23:33:46] /i small stone
[11/08/2011 23:33:46] /i small stone
[11/08/2011 23:33:46] /i small stone
[11/08/2011 23:33:47] /i small stone
[11/08/2011 23:33:47] /i small stone
[11/08/2011 23:33:48] /i small stone
[11/08/2011 23:33:49] /i small stone
[11/08/2011 23:33:50] /i small stone
[11/08/2011 23:33:50] /i small stone
[11/08/2011 23:33:51] /i small stone
[11/08/2011 23:33:51] /i small stone
[11/08/2011 23:33:55] /i small stone
[11/08/2011 23:33:55] /i small stone
[11/08/2011 23:33:56] /i small stone
[11/08/2011 23:33:57] /i small stone
[11/08/2011 23:34:10] /r
[11/08/2011 23:34:14] /i blue backpack
[11/08/2011 23:35:45] /up
[11/08/2011 23:35:56] /c Power Royal
[11/08/2011 23:39:03] /t
[11/08/2011 23:39:11] /t
[11/08/2011 23:39:23] /goto Power Royal
[11/08/2011 23:39:29] /m training monk
[11/08/2011 23:39:48] /t
[11/08/2011 23:39:57] /unban druid master
[11/08/2011 23:42:58] /goto Power Royal
[11/08/2011 23:43:06] /i dragon scale armor
[11/08/2011 23:43:10] /ghost
[11/08/2011 23:43:14] /t
[11/08/2011 23:43:24] /i 2501
[11/08/2011 23:43:31] /i 2641
[11/08/2011 23:43:40] /i boots of haster
[11/08/2011 23:43:44] /i bots of haster
[11/08/2011 23:43:52] /i boots of haste
[11/08/2011 23:43:59] /i 2469
[11/08/2011 23:44:03] /i fire armor
[11/08/2011 23:44:07] /i 2542
[11/08/2011 23:44:10] /goto Power Royal
[11/08/2011 23:44:28] /i epic uh
[11/08/2011 23:44:34] /i epic mana
[11/08/2011 23:44:39] /i epic mana rune
[11/08/2011 23:47:53] /r 100
[11/08/2011 23:47:54] /r 100
[11/08/2011 23:47:56] /r 100
[11/08/2011 23:48:04] /r 
[11/08/2011 23:48:08] /r
[11/08/2011 23:48:44] /r 100
[11/08/2011 23:48:45] /r 100
[11/08/2011 23:48:45] /r 100
[11/08/2011 23:48:46] /r 100
[11/08/2011 23:48:46] /r 100
[11/08/2011 23:48:47] /r 100
[11/08/2011 23:48:48] /r 100
[11/08/2011 23:48:48] /r 100
[11/08/2011 23:48:49] /r 100
[11/08/2011 23:48:49] /r 100
[11/08/2011 23:48:50] /r 100
[11/08/2011 23:48:51] /r 100
[11/08/2011 23:48:56] /i 100644.
[11/08/2011 23:49:03] /i 10064
[11/08/2011 23:49:07] /i 10064
[11/08/2011 23:49:14] /r
[11/08/2011 23:49:44] /t
[12/08/2011 11:42:12] /ghost
[12/08/2011 11:42:13] /a
[12/08/2011 11:42:20] /bc green; GALERA OT VAI RESETAR AMANHA POR CONTA DE PLAYERS SER MUITO HACKEADO.
[12/08/2011 11:42:43] /ghost
[12/08/2011 11:43:57] /bc green; GALERA OT VAI RESETAR AMANHA POR CONTA DE PLAYERS SER MUITO HACKEADO.
[12/08/2011 11:43:59] /bc green; GALERA OT VAI RESETAR AMANHA POR CONTA DE PLAYERS SER MUITO HACKEADO.
[12/08/2011 11:44:39] /bc green; GALERA OT VAI RESETAR AMANHA POR CONTA DE PLAYERS SER MUITO HACKEADO.
[12/08/2011 11:45:18] /bc EU NAO SO O SAMU
[12/08/2011 11:45:35] /bc O SAMU NAO É GOD NAO
[12/08/2011 11:46:06] /a
[12/08/2011 11:46:06] /a
[12/08/2011 11:46:07] /a
[12/08/2011 11:46:07] /a
[12/08/2011 11:46:08] /up
[12/08/2011 11:46:09] /up
[12/08/2011 11:46:11] /c Lord Samu
[12/08/2011 11:47:10] /t Lord Samu
[12/08/2011 11:47:11] /t
[12/08/2011 11:47:16] /a
[12/08/2011 11:49:40] /a
[12/08/2011 11:50:41] /bc green; GALERA OT VAI RESETAR AMANHA POR CONTA DE PLAYERS SER MUITO HACKEADO.
[12/08/2011 11:50:54] /a
[12/08/2011 11:56:22] /a
[12/08/2011 11:56:54] /a 2
[12/08/2011 11:57:09] /a
[12/08/2011 11:57:36] /a
[12/08/2011 11:57:37] /a
[12/08/2011 11:58:48] /a
[12/08/2011 11:58:53] /a
[12/08/2011 11:59:03] /a
[12/08/2011 12:00:58] /a
[12/08/2011 12:02:40] /a
[12/08/2011 12:02:41] /a
[12/08/2011 12:02:42] /a
[12/08/2011 12:03:07] /a
[12/08/2011 12:03:20] /a 5
[12/08/2011 12:04:32] /clean
[12/08/2011 12:04:33] /clean
[12/08/2011 12:04:35] /r
[12/08/2011 12:04:35] /r
[12/08/2011 12:04:37] /r
[12/08/2011 12:04:39] /r
[12/08/2011 12:04:41] /r
[12/08/2011 12:04:42] /r
[12/08/2011 12:04:43] /r
[12/08/2011 12:04:45] /r
[12/08/2011 12:04:46] /r
[12/08/2011 12:04:49] /r
[12/08/2011 12:05:07] /r
[12/08/2011 12:05:24] /i rope
[12/08/2011 12:11:37] /r
[12/08/2011 12:11:40] /r
[12/08/2011 12:13:11] /m ice lord
[12/08/2011 12:13:26] /r
[12/08/2011 12:13:30] /r
[12/08/2011 12:13:39] /m morte
[12/08/2011 12:13:53] /r
[12/08/2011 12:14:34] /reload monster
[12/08/2011 12:14:46] /m morte
[12/08/2011 12:15:19] /r
[12/08/2011 12:16:48] /a
[12/08/2011 12:16:59] /t
[12/08/2011 12:17:01] /a
[12/08/2011 12:17:02] /a
[12/08/2011 12:22:21] /a
[12/08/2011 12:24:17] /clean
[12/08/2011 12:24:33] /r
[12/08/2011 12:24:35] /r
[12/08/2011 12:24:46] /r
[12/08/2011 12:24:54] /i 7710
[12/08/2011 12:24:58] /r
[12/08/2011 12:25:09] /i 4543
[12/08/2011 12:25:10] /i 4543
[12/08/2011 12:25:13] /r
[12/08/2011 12:25:14] /r
[12/08/2011 12:25:15] /r
[12/08/2011 12:26:09] /i 4545
[12/08/2011 12:26:18] /a
[12/08/2011 12:34:31] /bc green; GALERA OT VAI RESETAR AMANHA POR CONTA DE PLAYERS SER MUITO HACKEADO.
[12/08/2011 12:42:45] /r
[12/08/2011 12:44:21] /a
[12/08/2011 12:44:22] /a
[12/08/2011 15:25:12] /ghost
[12/08/2011 22:26:16] /a
[12/08/2011 22:26:22] /ghost
[12/08/2011 22:34:02] /a
[12/08/2011 22:39:25] /a
[12/08/2011 22:54:32] /c vitin
[12/08/2011 22:55:43] /a
[12/08/2011 22:56:48] /goto druid master
[12/08/2011 22:57:32] /a
[12/08/2011 22:57:32] /a
[12/08/2011 22:58:48] /attr health -800632
[12/08/2011 22:59:00] /c druid master
[12/08/2011 22:59:10] /i 2160
[12/08/2011 22:59:38] /c Duird master
[12/08/2011 22:59:40] /c Duird master
[12/08/2011 22:59:51] /c Druid master
[12/08/2011 23:00:14] /c Druid Master
[12/08/2011 23:00:21] /c Druid Master
[12/08/2011 23:00:29] /c Druid Master
[12/08/2011 23:00:43] /c Druid Master
[12/08/2011 23:01:43] /c Sasuke Uchiha
[12/08/2011 23:02:07] /c Power Royal
[12/08/2011 23:02:25] /c Power Royal
[12/08/2011 23:02:43] /c sasuke uchiha
[12/08/2011 23:02:55] /c sasuke uchiha
[12/08/2011 23:03:22] /c Power Royal
[12/08/2011 23:03:47] /c sasuke uchiha
[12/08/2011 23:03:52] /c sasuke uchiha
[12/08/2011 23:03:59] /c sasuke uchiha
[12/08/2011 23:04:28] /c Power Royal
[12/08/2011 23:04:30] /c sasuke uchiha
[12/08/2011 23:04:50] /c Druid Master
[12/08/2011 23:05:20] /c sasuke uchiha
[12/08/2011 23:05:27] /c sasuke uchiha
[12/08/2011 23:05:30] /c sasuke uchiha
[12/08/2011 23:05:37] /c Sasuke Uchiha
[12/08/2011 23:07:05] /addskill Power Royall,level,50000
[12/08/2011 23:07:16] /addskill Power Royal,level,50000
[12/08/2011 23:07:22] /addskill Power Royal,level,20000
[12/08/2011 23:07:37] /a
[12/08/2011 23:07:37] /a
[12/08/2011 23:09:45] /up
[12/08/2011 23:10:08] /m more
[12/08/2011 23:10:12] /m morte
[12/08/2011 23:10:14] /m morte
[12/08/2011 23:10:15] /m morte
[12/08/2011 23:10:15] /m morte
[12/08/2011 23:10:16] /m morte
[12/08/2011 23:10:26] /r
[12/08/2011 23:10:36] /r
[12/08/2011 23:10:37] /r
[12/08/2011 23:10:41] /r
[12/08/2011 23:10:43] /r
[12/08/2011 23:10:44] /r
[12/08/2011 23:10:45] /r
[12/08/2011 23:15:41] /r
[12/08/2011 23:18:57] /t
[12/08/2011 23:19:00] /a
[12/08/2011 23:20:14] /B Knight Of Death
[12/08/2011 23:23:21] /B Knight Of Death
[12/08/2011 23:23:22] /a
[12/08/2011 23:23:49] /a
[12/08/2011 23:24:58] /a
[13/08/2011 14:32:46] /ghost
[13/08/2011 14:32:48] /up
[13/08/2011 14:32:49] /up
[13/08/2011 14:32:53] /c [GOD] BRUNO
[13/08/2011 14:33:35] /c sasuke uchiha
[13/08/2011 14:33:41] /c [GOD] BRUNO
[13/08/2011 14:35:00] /c sasuke uchiha
[13/08/2011 14:35:02] /c sasuke uchiha
[13/08/2011 14:35:06] /c sasuke uchiha
[13/08/2011 14:35:11] /c sasuke uchiha
[13/08/2011 14:35:15] /r
[13/08/2011 14:35:17] /r
[13/08/2011 14:35:18] /r
[13/08/2011 14:35:19] /r
[13/08/2011 14:35:38] /m iet
[13/08/2011 14:35:45] /i yeti
[13/08/2011 14:35:50] /m yeti
[13/08/2011 14:35:56] /m yeti
[13/08/2011 14:35:59] /m yeti
[13/08/2011 14:36:00] /m yeti
[13/08/2011 14:36:00] /m yeti
[13/08/2011 14:36:01] /m yeti
[13/08/2011 14:36:01] /m yeti
[13/08/2011 14:36:01] /m yeti
[13/08/2011 14:36:22] /m yeti
[13/08/2011 14:36:22] /m yeti
[13/08/2011 14:36:23] /m yeti
[13/08/2011 14:36:23] /m yeti
[13/08/2011 14:36:41] /m yeti
[13/08/2011 14:36:42] /m yeti
[13/08/2011 14:36:42] /m yeti
[13/08/2011 14:36:42] /m yeti
[13/08/2011 14:36:43] /m yeti
[13/08/2011 14:38:01] /reload monster
[13/08/2011 14:38:17] /m yeti
[13/08/2011 14:38:18] /m yeti
[13/08/2011 14:38:18] /m yeti
[13/08/2011 14:38:19] /m yeti
[13/08/2011 14:38:19] /m yeti
[13/08/2011 14:38:19] /m yeti
[13/08/2011 14:38:20] /m yeti
[13/08/2011 14:38:20] /m yeti
[13/08/2011 14:38:20] /m yeti
[13/08/2011 14:38:21] /m yeti
[13/08/2011 14:38:21] /m yeti
[13/08/2011 14:38:22] /m yeti
[13/08/2011 14:38:22] /m yeti
[13/08/2011 14:38:22] /m yeti
[13/08/2011 14:38:47] /clean
[13/08/2011 14:38:49] /a 6
[13/08/2011 14:38:51] /down
[13/08/2011 14:38:53] /a 6
[13/08/2011 14:38:54] /down
[13/08/2011 14:38:55] /a 6
[13/08/2011 14:38:57] /up
[13/08/2011 14:38:58] /up
[13/08/2011 14:39:00] /up
[13/08/2011 14:40:12] /r
[13/08/2011 14:40:12] /r
[13/08/2011 14:40:16] /r 96
[13/08/2011 14:40:21] /r
[13/08/2011 14:40:23] /r
[13/08/2011 14:40:25] /r
[13/08/2011 14:40:28] /r
[13/08/2011 14:40:48] /i blue back pack
[13/08/2011 14:40:53] /i blue back pack
[13/08/2011 14:40:56] /i blue backpack
[13/08/2011 14:40:57] /i blue backpack
[13/08/2011 14:40:58] /i blue backpack
[13/08/2011 14:41:12] /i 4848
[13/08/2011 14:41:12] /i 4848
[13/08/2011 14:41:50] /r 100
[13/08/2011 14:41:50] /r 100
[13/08/2011 14:41:52] /r 100
[13/08/2011 14:41:53] /r 100
[13/08/2011 14:41:54] /r 100
[13/08/2011 14:41:54] /r 100
[13/08/2011 14:41:55] /r 100
[13/08/2011 14:41:56] /r 100
[13/08/2011 14:41:57] /r 100
[13/08/2011 14:41:57] /r 100
[13/08/2011 14:41:59] /r 100
[13/08/2011 14:42:00] /r 100
[13/08/2011 14:42:00] /r 100
[13/08/2011 14:42:01] /r 100
[13/08/2011 14:42:02] /r 100
[13/08/2011 14:42:03] /r 100
[13/08/2011 14:42:03] /r 100
[13/08/2011 14:42:04] /r 100
[13/08/2011 14:42:05] /r 100
[13/08/2011 14:42:06] /r 100
[13/08/2011 14:42:07] /r 100
[13/08/2011 14:42:11] /r 100
[13/08/2011 14:42:12] /r 100
[13/08/2011 14:42:13] /r 100
[13/08/2011 14:42:14] /r 100
[13/08/2011 14:42:15] /r 100
[13/08/2011 14:42:16] /r 100
[13/08/2011 14:45:42] /r 3
[13/08/2011 14:46:44] /r 100
[13/08/2011 14:46:46] /r 100
[13/08/2011 14:46:54] /t
[13/08/2011 14:46:59] /a
[13/08/2011 14:46:59] /a
[13/08/2011 14:47:01] /a
[13/08/2011 14:48:16] /ghost
[13/08/2011 14:51:13] /bc green;KILLZONE, KILLZONE VSF BLACK É MELHOR DOQ VC
[13/08/2011 14:51:21] /a
[13/08/2011 14:51:23] /bc green;KILLZONE, KILLZONE VSF BLACK É MELHOR DOQ VC
[13/08/2011 14:51:23] /bc green;KILLZONE, KILLZONE VSF BLACK É MELHOR DOQ VC
[13/08/2011 14:51:24] /bc green;KILLZONE, KILLZONE VSF BLACK É MELHOR DOQ VC
[13/08/2011 14:51:25] /bc green;KILLZONE, KILLZONE VSF BLACK É MELHOR DOQ VC
[13/08/2011 14:51:25] /bc green;KILLZONE, KILLZONE VSF BLACK É MELHOR DOQ VC
[13/08/2011 14:51:50] /bc green;KILLZONE, KILLZONE VSF BLACK É MELHOR DOQ VC
[13/08/2011 14:51:59] /a
[13/08/2011 18:35:53] /ghost
[14/08/2011 09:43:30] /a
[14/08/2011 09:43:37] /goto homen aranha
[14/08/2011 09:43:39] /a 3
[14/08/2011 09:43:48] /a 7
[14/08/2011 09:43:49] /a 7
[14/08/2011 09:43:51] /up
[14/08/2011 09:43:52] /up
[14/08/2011 09:43:54] /up
[14/08/2011 09:44:01] /a 10
[14/08/2011 09:44:03] /a 15
[14/08/2011 09:44:05] /a 20
[14/08/2011 09:44:25] /r
[14/08/2011 09:44:26] /r
[14/08/2011 09:44:30] /r
[14/08/2011 09:44:30] /r
[14/08/2011 09:44:44] /i beholder shield
[14/08/2011 09:45:03] /r
[14/08/2011 09:45:55] /i Dragon Necklace
[14/08/2011 09:46:05] /i life ring
[14/08/2011 09:46:37] /i Swamplair Armor
[14/08/2011 09:46:49] /i Terra Boots
[14/08/2011 09:47:04] /i Terra Legs
[14/08/2011 09:47:24] /i Terra Hood
[14/08/2011 09:47:40] /r
[14/08/2011 09:47:41] /r
[14/08/2011 09:48:56] /i Havoc Blade
[14/08/2011 09:50:00] /i 7407
[14/08/2011 09:50:05] /r
[14/08/2011 09:50:07] /reload items
[14/08/2011 09:50:21] /i Camouflage Backpack
[14/08/2011 09:50:25] /r 100
[14/08/2011 09:50:42] /i Camouflage Bag
[14/08/2011 09:51:02] /i Pharaoh Sword
[14/08/2011 09:51:10] /r
[14/08/2011 09:51:12] /goto Lord Paulistinha
[14/08/2011 09:52:14] /r
[14/08/2011 09:52:41] /t
[14/08/2011 09:52:49] /a
[14/08/2011 10:35:31] /a
[14/08/2011 10:35:44] /i boots of haste
[14/08/2011 16:43:55] /reload spells
[14/08/2011 16:44:12] /ghost
[14/08/2011 16:45:34] /reload splls
[14/08/2011 16:45:37] /reload spells
[14/08/2011 16:47:58] /reload spells
[14/08/2011 16:48:14] /mc
[14/08/2011 16:50:18] /reload spells
[14/08/2011 16:51:14] /a
[14/08/2011 16:52:12] /reload spells
[14/08/2011 16:55:45] /reload spells
[14/08/2011 16:55:58] /a
[14/08/2011 16:56:28] /reload spells
[14/08/2011 16:57:12] /reload spells
[14/08/2011 16:58:29] /i spear
[14/08/2011 16:58:34] /i spear
[14/08/2011 16:59:15] /reload spells
[14/08/2011 17:03:44] /reload spells
[14/08/2011 17:04:41] /addskill [Hoster] Mateus,distance,60
[14/08/2011 17:04:45] /addskill [Hoster] Mateus,distance,60
[14/08/2011 17:04:57] /addskill [Hoster] Mateus,distance,100
[14/08/2011 17:05:09] /addskill [Hoster] Mateus,distance ,100
[14/08/2011 17:24:11] /reload spells
[14/08/2011 17:24:31] /reload monster
[14/08/2011 18:13:49] /a
[14/08/2011 18:13:54] /a
[14/08/2011 18:14:08] /r 100
[14/08/2011 18:14:12] /r 100
[14/08/2011 18:14:25] /a
[14/08/2011 21:36:52] /i 2137
[14/08/2011 21:37:08] /a 2
[14/08/2011 21:37:11] /ghost
[14/08/2011 21:37:20] /a 2
[14/08/2011 21:37:23] /a 3
[14/08/2011 21:37:28] /a 2
[14/08/2011 21:37:40] /a 2
[14/08/2011 21:37:49] /a 3
[14/08/2011 21:37:51] /a 3
[14/08/2011 21:38:41] /t fran
[14/08/2011 21:38:45] /a
[14/08/2011 21:38:46] /a
[14/08/2011 21:38:55] /a
[14/08/2011 21:38:55] /a
[14/08/2011 21:38:59] /i 10064
[14/08/2011 21:39:01] /a 2
[14/08/2011 21:39:10] /t fran
[14/08/2011 21:39:24] /a 2
[14/08/2011 21:39:36] /i 2316
[14/08/2011 21:39:38] /t
[14/08/2011 21:39:40] /up
[14/08/2011 21:39:40] /up
[14/08/2011 21:39:47] /up
[14/08/2011 21:39:48] /up
[14/08/2011 21:41:23] /r
[14/08/2011 21:41:25] /r
[14/08/2011 21:41:55] /ghost
[15/08/2011 00:06:28] /t
[15/08/2011 00:06:32] /a
[16/08/2011 11:36:39] /a
[16/08/2011 11:37:20] /i 2266
[19/08/2011 23:46:08] /goto mosnter
[19/08/2011 23:48:02] /npc Captain Bluebear
[19/08/2011 23:48:14] /goto dragon lord
[19/08/2011 23:48:18] /a 2
[19/08/2011 23:50:00] /goto dragon
[19/08/2011 23:50:39] /i dragon shield
[19/08/2011 23:50:46] /r
[19/08/2011 23:51:24] /attr attack 9999999
[19/08/2011 23:51:33] /attr adefense 9999999
[19/08/2011 23:51:35] /attr defense 9999999
[19/08/2011 23:51:42] /attr defense 9999999
[19/08/2011 23:51:51] /attr armor 9999999
[19/08/2011 23:51:55] /attr armor 9999999
[19/08/2011 23:51:59] /attr armor 9999999
[19/08/2011 23:52:02] /attr armor 9999999
[19/08/2011 23:52:40] /attr armor 999999
[19/08/2011 23:52:44] /attr armor 999999
[19/08/2011 23:52:48] /attr armor 999999
[19/08/2011 23:52:58] /attr speed 999999
[19/08/2011 23:53:00] /attr speed 999999
[19/08/2011 23:53:10] /i boots of haste
[19/08/2011 23:53:19] /attr armor 999999
[19/08/2011 23:53:25] /attr armor 999999
[19/08/2011 23:53:35] /attr defense 999999
[19/08/2011 23:53:38] /attr defense 999999
[19/08/2011 23:53:50] /attr attack 999999
[19/08/2011 23:54:04] /i dragon lord
[19/08/2011 23:54:08] /m dragon lord
[19/08/2011 23:54:13] /m dragon lord
[19/08/2011 23:54:13] /m dragon lord
[19/08/2011 23:54:14] /m dragon lord
[19/08/2011 23:54:19] /t
[19/08/2011 23:54:37] /a
[19/08/2011 23:54:38] /r
[19/08/2011 23:54:38] /r
[19/08/2011 23:54:44] /m training monk
[19/08/2011 23:54:46] /a
[19/08/2011 23:54:48] /r
[19/08/2011 23:54:49] /r
[19/08/2011 23:54:52] /m training monk
[19/08/2011 23:55:38] /attr speedy
[19/08/2011 23:56:03] /a
[19/08/2011 23:57:18] /goto love
[19/08/2011 23:57:19] /goto love
[19/08/2011 23:57:35] /goto love
[19/08/2011 23:58:39] /goto love
[19/08/2011 23:58:42] /goto love
[19/08/2011 23:58:46] /goto love
[19/08/2011 23:59:35] /goto love
[20/08/2011 00:00:48] /goto love
[20/08/2011 00:00:53] /goto love
[20/08/2011 00:00:55] /goto love
[20/08/2011 00:00:59] /goto love
[20/08/2011 00:01:02] /goto love
[20/08/2011 00:01:07] /goto love
[20/08/2011 00:01:14] /goto love
[20/08/2011 00:02:03] /t
[20/08/2011 00:02:30] /goto Arcanobr
[20/08/2011 00:02:32] /goto Arcanobr
[20/08/2011 00:02:37] /goto Arcanobr
[20/08/2011 00:02:49] /mc
[20/08/2011 00:02:59] /goto juninho
[20/08/2011 00:03:02] /goto juninho
[20/08/2011 00:03:05] /t
[20/08/2011 00:03:42] /i 7591
[20/08/2011 00:03:54] /i 7590
[20/08/2011 00:03:59] /i 7590
[20/08/2011 00:04:05] /r
[20/08/2011 00:05:02] /ghost
[20/08/2011 00:05:22] /ghost
[20/08/2011 21:51:19] /ghost
[20/08/2011 21:51:20] /a
[20/08/2011 21:54:19] /a
[20/08/2011 21:55:34] /a 5
[20/08/2011 21:55:36] /a 5
[20/08/2011 21:55:37] /a 5
[20/08/2011 21:55:38] /a 5
[20/08/2011 21:55:39] /a 5
[20/08/2011 21:55:46] /t
[20/08/2011 21:55:51] /a
[20/08/2011 22:04:23] /a
[20/08/2011 22:04:38] /b green; INVASÃO DE ICE LORD NA CITY
[20/08/2011 22:04:47] /bc green; INVASÃO DE ICE LORD NA CITY
[20/08/2011 22:04:48] /bc green; INVASÃO DE ICE LORD NA CITY
[20/08/2011 22:04:50] /bc green; INVASÃO DE ICE LORD NA CITY
[20/08/2011 22:04:51] /bc green; INVASÃO DE ICE LORD NA CITY
[20/08/2011 22:04:52] /bc green; INVASÃO DE ICE LORD NA CITY
[20/08/2011 22:04:53] /bc green; INVASÃO DE ICE LORD NA CITY
[20/08/2011 22:04:54] /bc green; INVASÃO DE ICE LORD NA CITY
[20/08/2011 22:04:58] /m ice lord
[20/08/2011 22:04:58] /a
[20/08/2011 22:05:28] /a 4
[20/08/2011 22:05:31] /a
[20/08/2011 22:05:32] /a
[20/08/2011 22:05:35] /a 2
[20/08/2011 22:06:16] /reload monster
[20/08/2011 22:07:44] /goto Ramon Wayfarer
[20/08/2011 22:07:50] /goto Ramon Wayfarer
[20/08/2011 22:08:43] /a 2
[20/08/2011 22:11:09] /a 3
[20/08/2011 22:12:31] /goto Thor Assassino
[20/08/2011 22:13:40] /goto Thor Assassino
[20/08/2011 22:13:47] /goto Fenix power Kila nb
[20/08/2011 22:17:25] /a
[20/08/2011 22:20:28] /bc QUEEIN TEM CHAAR NO GLOBAAL
[20/08/2011 22:20:43] /b QUEEIN TEM CHAAR NO GLOBAAL
[20/08/2011 22:23:10] /goto Lord Paulistinha
[20/08/2011 22:26:16] /goto Love
[20/08/2011 22:26:29] /t
[20/08/2011 22:28:30] /b QUEM TEM CHAR NO GLOBAL???????
[20/08/2011 22:29:05] /b QUEM TEM CHAR NO GLOBAL???????
[20/08/2011 22:29:30] /goto Lord Paulistinha
[20/08/2011 22:29:34] /goto Lord Paulistinha
[20/08/2011 22:40:34] /t
[20/08/2011 22:40:37] /a
[22/08/2011 11:50:10] /ghost
[22/08/2011 11:50:23] /i minotaur leather
[22/08/2011 11:50:45] /m galinha
[22/08/2011 12:45:00] /goto lord samu
[22/08/2011 12:45:38] /t
[22/08/2011 12:45:41] /a
[22/08/2011 18:53:00] /a
[22/08/2011 23:31:56] /goto eremo
[22/08/2011 23:32:04] /npc eremo
[22/08/2011 23:32:09] /t
[22/08/2011 23:32:13] /a
[22/08/2011 23:32:24] /ghost
[22/08/2011 23:37:37] /i 5669
[22/08/2011 23:37:55] /i 3940
[22/08/2011 23:38:00] /r
[22/08/2011 23:38:11] /m demon lord
[22/08/2011 23:39:11] /i medal of honor
[22/08/2011 23:40:46] /name [Hoster] Mateus, Mateus
[22/08/2011 23:41:59] /goto Elite Paladina
[22/08/2011 23:42:04] /a
[22/08/2011 23:42:08] /a 2
[22/08/2011 23:42:16] /a 2
[22/08/2011 23:44:38] /i epic fire master rune
[22/08/2011 23:44:43] /i epic firemaster rune
[22/08/2011 23:45:24] /t
[22/08/2011 23:45:48] /i 2306
[22/08/2011 23:46:27] /t
[22/08/2011 23:49:25] /reload spells
[22/08/2011 23:50:47] /reload spells
[22/08/2011 23:53:48] /m demon lord
[22/08/2011 23:54:40] /i max power rune
[22/08/2011 23:55:06] /a
[22/08/2011 23:56:37] /r
[22/08/2011 23:56:38] /r
[22/08/2011 23:56:43] /r
[22/08/2011 23:56:44] /r
[22/08/2011 23:58:01] /t Love
[22/08/2011 23:58:14] /i 2296
[22/08/2011 23:58:45] /r
[22/08/2011 23:58:45] /r
[23/08/2011 00:01:36] /i 290
[23/08/2011 00:01:42] /i 2290
[23/08/2011 00:07:08] /c love
[23/08/2011 00:11:03] /goto julio aki
[23/08/2011 00:11:16] /a
[23/08/2011 00:11:18] /a
[23/08/2011 00:11:25] /a 2
[23/08/2011 00:11:38] /a 3
[23/08/2011 00:14:40] /a 5
[23/08/2011 00:14:59] /goto Mariah
[23/08/2011 00:15:01] /goto Mariah
[23/08/2011 00:15:09] /goto Mariah
[23/08/2011 00:37:36] /b FLW ATE AMANHA GALERA FUI
[23/08/2011 00:37:37] /b FLW ATE AMANHA GALERA FUI
[23/08/2011 00:37:37] /b FLW ATE AMANHA GALERA FUI
[23/08/2011 00:37:38] /b FLW ATE AMANHA GALERA FUI
[23/08/2011 00:37:46] /bc FLW ATE AMANHA GALERA FUI
[23/08/2011 00:37:46] /bc FLW ATE AMANHA GALERA FUI
[23/08/2011 00:37:47] /bc FLW ATE AMANHA GALERA FUI
[23/08/2011 00:37:48] /bc FLW ATE AMANHA GALERA FUI
[23/08/2011 00:37:49] /bc FLW ATE AMANHA GALERA FUI
[23/08/2011 00:37:49] /bc FLW ATE AMANHA GALERA FUI
[23/08/2011 20:34:12] /ghost
[23/08/2011 20:34:14] /goto love
[23/08/2011 20:34:16] /goto love
[23/08/2011 20:35:01] /ghost
[23/08/2011 20:44:41] /goto love
[23/08/2011 20:53:24] /goto love
[23/08/2011 21:36:01] /goto love
[23/08/2011 21:39:04] /goto love
[23/08/2011 21:45:57] /goto Fenix power Kila nb
[23/08/2011 21:46:07] /goto love
[23/08/2011 21:46:43] /a
[23/08/2011 21:57:19] /i Obsidian Knife
[23/08/2011 21:57:55] /i bag
[23/08/2011 21:59:56] /m minotaur
[23/08/2011 22:00:48] /m minotaur guard
[23/08/2011 22:01:22] /m minotaur mage
[23/08/2011 22:01:39] /r
[23/08/2011 22:01:40] /r
[23/08/2011 22:01:41] /r
[23/08/2011 22:02:57] /i Bast Skirts
[23/08/2011 22:11:53] /goto love
[23/08/2011 22:11:54] /t
[24/08/2011 09:09:17] /ghost
[24/08/2011 12:41:27] /ghost
[24/08/2011 12:41:46] /c Pala Caio Cat
[24/08/2011 12:42:28] /c Pala Caio Cat
[24/08/2011 12:42:57] /i hunting spear
[24/08/2011 12:43:16] /r 99
[24/08/2011 12:44:53] /c Pala Caio Cat
[24/08/2011 12:45:30] /t
[24/08/2011 12:45:31] /a
[24/08/2011 21:55:41] /ghost
[24/08/2011 21:56:08] /goto love
[28/08/2011 20:47:32] /ghost
[28/08/2011 20:48:40] /c Skort
[29/08/2011 12:34:21] /goto gostoso do ot
[29/08/2011 12:35:14] /raid demon lord
[29/08/2011 12:35:30] /m demon lord
[29/08/2011 12:46:12] /ghost
[29/08/2011 12:46:18] /c Juninho
[29/08/2011 12:46:19] /t
[29/08/2011 12:46:21] /ghost
[29/08/2011 12:47:51] /i 2195
[29/08/2011 12:48:24] /i 2307
[29/08/2011 12:48:30] /r
[31/08/2011 10:23:08] /ghost
[31/08/2011 11:14:50] /a 5
[31/08/2011 11:14:56] /a
[31/08/2011 11:15:01] /a
[31/08/2011 11:15:05] /a 5
[31/08/2011 11:15:45] /ghost
[31/08/2011 11:16:37] /goto bagulhao
[31/08/2011 11:19:26] /b galera vo reinicia pc
[31/08/2011 11:19:28] /b galera vo reinicia pc
[31/08/2011 11:19:29] /b galera vo reinicia pc
[31/08/2011 11:19:30] /b galera vo reinicia pc
[31/08/2011 11:19:30] /b galera vo reinicia pc
[31/08/2011 11:32:40] /i bag
[31/08/2011 11:34:08] /goto The Of Pala
[31/08/2011 11:36:49] /r
[31/08/2011 11:37:15] /r
[31/08/2011 11:39:45] /a
[31/08/2011 11:39:46] /a
[31/08/2011 11:39:48] /a
[31/08/2011 11:39:48] /a
[31/08/2011 11:39:48] /a
[31/08/2011 11:39:49] /a
[31/08/2011 11:39:49] /a
[31/08/2011 11:39:50] /a
[31/08/2011 11:39:51] /a
[31/08/2011 11:39:51] /a
[31/08/2011 11:39:52] /a
[31/08/2011 11:39:53] /a
[31/08/2011 11:39:56] /a
[31/08/2011 11:41:53] /i obsidan knife
[31/08/2011 22:43:51] /i 2307
[31/08/2011 22:44:21] /i bag
[31/08/2011 22:44:35] /r
[31/08/2011 22:46:33] /m clasus
[31/08/2011 22:49:59] /a
[31/08/2011 22:51:38] /m training monk
[31/08/2011 22:52:56] /goto folw
[31/08/2011 22:52:59] /goto fole
[31/08/2011 22:54:10] /t Sd Fly Noob
[31/08/2011 22:58:28] /attr health 561620
[31/08/2011 22:58:32] /attr health -561620
[31/08/2011 22:58:34] /attr health -561620
[31/08/2011 22:58:35] /attr health -561620
[31/08/2011 23:00:22] /attr skill,So Invesivel,level,671
[31/08/2011 23:00:27] /attr skill,So Invesivel,level,671
[31/08/2011 23:00:37] /attr skills,So Invesivel,level,671
[31/08/2011 23:01:13] /addskill So Invesivel,level,671
[31/08/2011 23:04:02] /r
[31/08/2011 23:08:09] /i 2160
[31/08/2011 23:08:15] /i 2160
[31/08/2011 23:08:15] /i 2160
[31/08/2011 23:08:16] /i 2160
[31/08/2011 23:08:16] /i 2160
[31/08/2011 23:08:16] /i 2160
[31/08/2011 23:08:17] /i 2160
[31/08/2011 23:08:22] /r
[31/08/2011 23:08:24] /r
[31/08/2011 23:08:24] /r
[31/08/2011 23:08:25] /r
[31/08/2011 23:08:25] /r
[04/09/2011 21:08:35] /ghost
[06/09/2011 21:02:07] /ghost
[06/09/2011 21:02:13] /mc
[06/09/2011 21:02:20] /goto gabriel
[06/09/2011 21:02:29] /c mil grau
[06/09/2011 21:02:34] /c mil gral
[06/09/2011 21:02:37] /mc
[06/09/2011 21:04:52] /goto Lord Paulistinha
[06/09/2011 21:05:20] /t
[06/09/2011 21:05:30] /goto Lord Paulistinha
[06/09/2011 21:05:32] /goto Lord Paulistinha
[06/09/2011 21:05:36] /goto Lord Paulistinha
[06/09/2011 21:05:38] /goto Lord Paulistinha
[06/09/2011 21:05:41] /goto Lord Paulistinha
[06/09/2011 21:05:42] /goto Lord Paulistinha
[06/09/2011 21:05:44] /goto Lord Paulistinha
[06/09/2011 21:05:45] /goto Lord Paulistinha
[06/09/2011 21:05:51] /goto Lord Paulistinha
[06/09/2011 21:06:35] /c da item
[06/09/2011 21:26:49] /goto Lord Paulistinha
[06/09/2011 21:31:50] /attr health- 99999999999
[06/09/2011 21:32:07] /attr health -99999999999
[06/09/2011 21:32:44] /c Lord Paulistinha
[07/09/2011 10:02:18] /t
[07/09/2011 10:07:51] /m the teleportener
[07/09/2011 10:08:17] /m morte
[07/09/2011 10:08:42] /m water serpent
[07/09/2011 10:10:06] /r
[07/09/2011 10:10:46] /r
[07/09/2011 10:14:21] /i 2299
[07/09/2011 10:34:25] /r
[07/09/2011 10:34:34] /r
[07/09/2011 10:34:56] /i boneco de teleporte
[07/09/2011 10:35:09] /i boneco de teleport
[07/09/2011 10:35:17] /a 2
[07/09/2011 10:37:22] /t
[07/09/2011 10:38:35] /ghost
[07/09/2011 10:48:30] /t
[07/09/2011 10:49:39] /mc
[07/09/2011 10:51:41] /a 20
[07/09/2011 10:51:45] /a 15
[07/09/2011 10:51:46] /a 15
[07/09/2011 11:39:26] /a 2
[07/09/2011 12:19:45] /mc
[07/09/2011 12:19:56] /goto Cannibal
[07/09/2011 12:20:14] /goto kill of palla
[07/09/2011 12:20:18] /goto kill of pala
[07/09/2011 12:20:30] /c cannibal
[07/09/2011 12:21:14] /ghost
[07/09/2011 12:21:53] /r
[07/09/2011 12:23:01] /c ninja foda
[07/09/2011 12:24:01] /r
[07/09/2011 12:25:22] /goto palladina
[07/09/2011 12:26:18] /a
[07/09/2011 12:27:17] /a
[07/09/2011 12:27:17] /a
[07/09/2011 12:27:40] /goto palladina
[07/09/2011 12:28:52] /r
[07/09/2011 12:32:52] /a
[07/09/2011 12:33:37] /goto palladina
[07/09/2011 12:35:23] /a
[07/09/2011 12:45:56] /r
[07/09/2011 12:46:15] /c druid master I
[07/09/2011 12:46:26] /mc
[07/09/2011 12:48:17] /a
[07/09/2011 12:54:19] /i utamo remover
[07/09/2011 12:54:24] /i utamo remover rune
[07/09/2011 12:55:07] /a
[07/09/2011 12:55:17] /a
[07/09/2011 12:55:51] /a
[07/09/2011 12:56:08] /a
[07/09/2011 12:56:26] /r
[07/09/2011 12:56:27] /r
[07/09/2011 12:56:33] /r
[07/09/2011 12:56:35] /r
[07/09/2011 12:56:41] /r
[07/09/2011 12:56:53] /r 100
[07/09/2011 12:57:01] /r 100
[07/09/2011 12:57:04] /r 100
[07/09/2011 12:57:13] /r 100
[07/09/2011 12:57:15] /r 100
[07/09/2011 12:57:17] /r 100
[07/09/2011 12:57:19] /r 100
[07/09/2011 12:57:27] /i super epic mana rune
[07/09/2011 12:57:31] /r
[07/09/2011 12:57:32] /t
[07/09/2011 12:57:36] /a
[07/09/2011 12:57:37] /a
[07/09/2011 12:58:41] /i 2300
[07/09/2011 12:58:44] /i 2372
[07/09/2011 12:58:47] /r
[07/09/2011 12:58:48] /r
[07/09/2011 12:58:59] /i 2272
[14/09/2011 08:57:52] /a 
[14/09/2011 09:30:35] /ghost
[14/09/2011 09:30:57] /goto juninho
[14/09/2011 09:31:40] /goto juninho
[14/09/2011 09:31:56] /goto Kiko Loureiro
[14/09/2011 09:32:09] /goto raposao
[14/09/2011 09:36:19] /i 5879
[14/09/2011 09:37:51] /i 7402
[14/09/2011 09:38:31] /a
[14/09/2011 09:38:33] /a
[14/09/2011 09:38:49] /t
[14/09/2011 09:39:25] /r
[14/09/2011 09:39:28] /r
[14/09/2011 09:39:49] /mc
[14/09/2011 09:39:52] /mc
[14/09/2011 09:39:58] /mc
[14/09/2011 09:40:13] /mc
[14/09/2011 09:40:58] /ghost
[14/09/2011 09:41:33] /goto Kiko Loureiro
[14/09/2011 09:41:35] /goto Kiko Loureiro
[14/09/2011 09:41:47] /goto Urra Ratinho
[14/09/2011 09:41:51] /mc
[14/09/2011 09:42:12] /ghost
[14/09/2011 09:42:25] /a
[14/09/2011 09:42:26] /a
[14/09/2011 09:44:08] /goto Urra Ratinho
[14/09/2011 09:44:09] /goto Urra Ratinho
[14/09/2011 09:44:19] /a
[14/09/2011 09:44:20] /a
[14/09/2011 09:44:50] /goto Urra Ratinho
[14/09/2011 09:44:56] /mc
[14/09/2011 09:45:19] /mc
[14/09/2011 09:45:32] /mc
[14/09/2011 11:33:38] /mc
[14/09/2011 11:33:47] /a
[14/09/2011 11:33:54] /ghost
[14/09/2011 11:34:14] /m
[14/09/2011 11:34:18] /mc
[14/09/2011 11:34:44] /m demom lord
[14/09/2011 11:34:52] /m demon lord
[14/09/2011 11:35:40] /r
[14/09/2011 11:36:56] /t
[14/09/2011 11:38:52] /bc green; INVASAO DE YALAHAR
[14/09/2011 11:38:54] /bc green; INVASAO DE YALAHAR
[14/09/2011 11:38:55] /bc green; INVASAO DE YALAHAR
[14/09/2011 11:38:58] /m demon lord
[14/09/2011 11:38:58] /m yalahar
[14/09/2011 11:38:59] /m demon lord
[14/09/2011 11:38:59] /m yalahar
[14/09/2011 11:39:00] /m yalahar
[14/09/2011 11:39:00] /m yalahar
[14/09/2011 11:39:01] /m yalahar
[14/09/2011 11:39:01] /m yalahar
[14/09/2011 11:39:01] /m yalahar
[14/09/2011 11:39:03] /m yalahari
[14/09/2011 11:39:11] /bc green; INVASAO DE YALAHARI NA CITY
[14/09/2011 11:39:13] /bc green; INVASAO DE YALAHARI NA CITY
[14/09/2011 11:39:13] /bc green; INVASAO DE YALAHARI NA CITY
[14/09/2011 11:39:13] /bc green; INVASAO DE YALAHARI NA CITY
[14/09/2011 11:39:14] /bc green; INVASAO DE YALAHARI NA CITY
[14/09/2011 11:39:53] /ghost
[14/09/2011 11:39:58] /a 10
[14/09/2011 11:39:58] /a 10
[14/09/2011 11:39:59] /a 10
[14/09/2011 11:40:01] /m yalahar
[14/09/2011 11:40:02] /m yalahar
[14/09/2011 11:40:02] /m yalahar
[14/09/2011 11:40:03] /m yalahar
[14/09/2011 11:40:04] /m yalahari
[14/09/2011 11:40:47] /r
[14/09/2011 11:40:49] /r
[14/09/2011 11:40:51] /r
[14/09/2011 11:41:06] /r
[14/09/2011 11:41:06] /r
[14/09/2011 11:41:07] /r
[14/09/2011 11:41:08] /r
[14/09/2011 11:41:10] /r
[14/09/2011 11:41:10] /r
[14/09/2011 11:41:11] /r
[14/09/2011 11:41:12] /r
[14/09/2011 11:41:13] /r
[14/09/2011 11:41:14] /r
[14/09/2011 11:41:14] /r
[14/09/2011 11:41:15] /r
[14/09/2011 11:41:16] /r
[14/09/2011 11:41:17] /r
[14/09/2011 11:41:18] /r
[14/09/2011 11:41:19] /r
[14/09/2011 11:41:20] /r
[14/09/2011 11:41:22] /ghost
[14/09/2011 11:41:23] /t
[14/09/2011 11:46:48] /a
[14/09/2011 11:50:46] /m training monk
[14/09/2011 11:51:49] /c Love Love
[14/09/2011 11:53:51] /m morte
[14/09/2011 11:54:39] /goto morte
[14/09/2011 11:54:46] /r
[14/09/2011 11:54:48] /r
[14/09/2011 11:55:37] /goto morte
[14/09/2011 11:57:13] /i 2293
[14/09/2011 11:58:21] /a 5
[14/09/2011 11:58:25] /goto morte
[14/09/2011 11:58:33] /r
[14/09/2011 11:58:46] /a
[17/09/2011 10:18:53] /ghost
[17/09/2011 10:18:55] /a
[17/09/2011 10:21:14] /a
[17/09/2011 10:25:55] /reload monster
[17/09/2011 10:26:08] /goto the teleportener
[17/09/2011 10:27:07] /reload monster
[17/09/2011 10:27:22] /r
[17/09/2011 10:27:27] /r
[17/09/2011 10:28:04] /reload monster
[17/09/2011 10:29:15] /r
[17/09/2011 10:29:19] /reload monster
[17/09/2011 10:29:21] /r
[17/09/2011 10:30:08] /reload monster
[17/09/2011 10:30:14] /r
[17/09/2011 10:30:16] /r
[17/09/2011 10:30:17] /r
[17/09/2011 10:30:20] /r
[17/09/2011 10:30:21] /r
[17/09/2011 10:30:21] /r
[17/09/2011 10:30:39] /reload monster
[17/09/2011 10:31:15] /reload monster
[17/09/2011 10:31:25] /reload monster
[17/09/2011 10:31:36] /reload monster
[17/09/2011 10:31:50] /reload monster
[17/09/2011 10:32:03] /reload monster
[17/09/2011 10:32:12] /r
[17/09/2011 10:32:17] /r
[17/09/2011 10:36:29] /reload monster
[17/09/2011 10:37:30] /r
[18/09/2011 10:09:33] /t Wilardede Off Pally
[18/09/2011 10:09:44] /t Wilardede Off Pally
[18/09/2011 10:10:30] /t Wilardede Off Pally
[18/09/2011 10:13:30] /ban Lord Paulistinha,24
[18/09/2011 10:15:24] /goto Mato Mesmo Se Bobia
[18/09/2011 10:15:47] /goto assas
[18/09/2011 10:16:09] /goto asass
[18/09/2011 10:16:23] /t asass
[18/09/2011 12:27:44] /goto Qualy Roxzin
[18/09/2011 12:29:14] /ban Qualy Roxzin, 96
[18/09/2011 12:33:29] /a
[18/09/2011 12:34:20] /mc
[18/09/2011 12:34:28] /goto Mlk Zika
[18/09/2011 12:34:39] /goto douglas ak
[18/09/2011 12:34:43] /t
[18/09/2011 12:34:52] /a
[18/09/2011 12:35:07] /goto clasus
[18/09/2011 12:37:15] /goto lord das trevas
[18/09/2011 12:38:06] /goto lord das trevas
[18/09/2011 12:38:50] /goto hacker
[18/09/2011 12:38:53] /a
[18/09/2011 12:39:16] /goto clasus
[18/09/2011 12:39:19] /a
[18/09/2011 12:40:27] /goto Love Love
[18/09/2011 12:40:34] /goto lord das trevas
[18/09/2011 12:40:40] /goto lord das trevas
[18/09/2011 12:40:42] /goto lord das trevas
[18/09/2011 12:40:45] /goto lord das trevas
[18/09/2011 12:40:49] /goto lord das trevas
[18/09/2011 12:41:42] /a 10
[18/09/2011 12:42:49] /a 
[18/09/2011 12:43:21] /goto lord das trevas
[18/09/2011 12:43:46] /goto lord das trevas
[18/09/2011 12:43:50] /goto lord das trevas
[18/09/2011 12:43:51] /goto lord das trevas
[18/09/2011 12:44:58] /ghost
[18/09/2011 12:45:15] /ghost
[18/09/2011 12:45:16] /t
[19/09/2011 21:00:43] /up
[19/09/2011 21:00:43] /up
[19/09/2011 21:00:51] /c Juliana
[19/09/2011 21:01:13] /c Juliana
[19/09/2011 21:01:17] /t
[20/09/2011 10:31:24] /i backpack of holding
[20/09/2011 10:31:27] /r
[20/09/2011 10:31:28] /r
[20/09/2011 10:31:36] /i 2157
[20/09/2011 10:34:23] /r 58
[20/09/2011 10:34:33] /r 100
[20/09/2011 10:34:46] /goto ferumbras
[20/09/2011 10:35:33] /goto clasus
[20/09/2011 10:35:36] /a 10
[20/09/2011 10:35:37] /a 10
[20/09/2011 10:35:38] /a 10
[20/09/2011 10:36:21] /i 7760
[20/09/2011 10:36:29] /i 7761
[20/09/2011 10:36:31] /i 7762
[20/09/2011 10:36:40] /r
[20/09/2011 11:37:44] /t
[20/09/2011 11:37:48] /reload spells
[20/09/2011 11:39:32] /reload spells
[20/09/2011 11:40:40] /reload spells
[20/09/2011 11:44:35] /reload spelles
[20/09/2011 11:44:37] /save
[20/09/2011 11:44:42] /reload spells
[20/09/2011 11:47:29] /reload spells
[20/09/2011 11:47:37] /reload spells
[20/09/2011 11:47:49] /reload spells
[20/09/2011 11:49:16] /reload spells
[20/09/2011 11:49:47] /reload spells
[20/09/2011 11:50:14] /reload spells
[20/09/2011 11:50:48] /reload spells
[20/09/2011 11:51:01] /reload spells
[20/09/2011 11:52:38] /reload spells
[20/09/2011 11:58:31] /t
[20/09/2011 11:58:47] /ghost
[20/09/2011 12:01:04] /a
[20/09/2011 12:01:04] /a
[20/09/2011 12:01:07] /a
[20/09/2011 12:01:08] /a
[20/09/2011 12:02:53] /reload talkactions
[21/09/2011 10:05:56] /ghost
[21/09/2011 10:06:01] /down
[21/09/2011 10:06:16] /i 8303
[21/09/2011 10:06:18] /t
[21/09/2011 10:06:27] /i cristal sword
[21/09/2011 10:07:07] /t
[21/09/2011 10:15:42] /goto lord paulistinha
[21/09/2011 10:16:36] /mc
[21/09/2011 10:22:40] /t
[21/09/2011 10:22:44] /ghost
[21/09/2011 10:24:42] /info lord paulistinha
[21/09/2011 10:25:31] /info [hoster] mateus
[21/09/2011 10:27:09] /reload talkactions
[22/09/2011 10:40:43] /reload spells
[22/09/2011 10:43:18] /ghost
[22/09/2011 10:43:27] /info [hoster] jean
[22/09/2011 10:43:35] /info [Hoster] Jean
[22/09/2011 10:43:44] /info [Hoster] Mateus
[22/09/2011 10:48:10] /reload spells
[22/09/2011 10:51:29] /reload spells
[22/09/2011 10:58:38] /reload monster
[22/09/2011 10:59:26] /reload monster
[22/09/2011 11:01:34] /reload monster
[22/09/2011 12:20:42] /attr health 513270
[22/09/2011 12:20:46] /attr health -513270
[23/09/2011 11:29:34] /up
[23/09/2011 11:29:35] /up
[23/09/2011 11:29:51] /c Morena Preciosa
[23/09/2011 11:33:43] /r
[23/09/2011 11:33:44] /r
[23/09/2011 11:33:58] /t
[23/09/2011 11:34:57] /i Thunderstorm Rune
[24/09/2011 11:13:22] /ban Infectedmushrooms,999
[24/09/2011 11:15:04] /goto juninho
[24/09/2011 11:55:29] /goto kinazin
[24/09/2011 11:55:37] /goto amy house
[24/09/2011 11:55:46] /goto luciana
[24/09/2011 11:56:01] /t luciana
[24/09/2011 11:56:07] /goto amy house
[24/09/2011 11:56:41] /ghost
[24/09/2011 11:58:12] /goto amy house
[24/09/2011 11:58:14] /goto amy house?
[24/09/2011 11:58:50] /a
[24/09/2011 12:00:35] /r
[24/09/2011 12:01:35] /c mc catraca
[24/09/2011 12:01:52] /a
[24/09/2011 12:03:17] /goto amy house
[24/09/2011 12:03:48] /a
[24/09/2011 12:05:15] /a
[24/09/2011 13:08:45] /ghost
[24/09/2011 13:31:35] /ban Neymar,48
[24/09/2011 13:31:42] /ban Kuduro,48
[24/09/2011 13:31:49] /ban lucass,48
[24/09/2011 13:31:55] /t Mais Uma Vez
[24/09/2011 13:31:59] /ban Mais Uma Vez,48.
[24/09/2011 13:32:01] /ban Mais Uma Vez,48
[24/09/2011 13:32:09] /t
[24/09/2011 13:32:38] /ghost
[24/09/2011 13:48:45] /ghost
[24/09/2011 13:48:53] /a 2
[24/09/2011 13:51:01] /ghost
[24/09/2011 13:57:57] /i ring da mortalidade
[24/09/2011 13:58:20] /i ring da mortalidade
[24/09/2011 13:58:23] /i ice armor
[24/09/2011 13:58:27] /i ice legs
[24/09/2011 13:58:30] /i ice sword
[24/09/2011 13:58:37] /i ice helmet
[24/09/2011 13:58:39] /ghost
[24/09/2011 13:58:52] /i ice boots
[24/09/2011 13:58:57] /i yalahari amor
[24/09/2011 13:59:01] /i yalahari armor
[24/09/2011 13:59:12] /i yalahari legs
[24/09/2011 13:59:16] /i yalahari piece legs
[24/09/2011 13:59:22] /i yalahari helmet
[24/09/2011 14:00:06] /i 9774
[24/09/2011 14:00:17] /i 10064
[24/09/2011 14:00:18] /i 10064
[24/09/2011 14:00:18] /i 10064
[24/09/2011 14:00:27] /i 9774
[24/09/2011 14:01:01] /i yalahari mask
[24/09/2011 14:01:36] /i yalahari legs piece
[24/09/2011 14:01:40] /i yalahari leg piece
[24/09/2011 14:01:52] /i 9933
[24/09/2011 14:02:01] /i 9932
[24/09/2011 14:02:53] /a
[24/09/2011 14:02:54] /a
[24/09/2011 14:02:55] /r
[24/09/2011 14:03:24] /r
[24/09/2011 14:05:32] /t
[24/09/2011 14:05:43] /a 5
[24/09/2011 14:05:57] /i doll
[24/09/2011 14:07:37] /a
[24/09/2011 14:07:37] /a
[24/09/2011 14:07:45] /a
[24/09/2011 14:07:46] /a
[24/09/2011 14:07:46] /a
[24/09/2011 14:08:04] /a
[24/09/2011 14:08:12] /a
[24/09/2011 14:08:41] /a
[24/09/2011 14:08:55] /m mimic
[24/09/2011 14:09:00] /a
[24/09/2011 14:09:01] /a
[24/09/2011 14:09:03] /m mimic
[24/09/2011 14:09:06] /a
[24/09/2011 14:09:18] /a 5
[24/09/2011 14:09:20] /a 5
[24/09/2011 14:09:52] /a
[24/09/2011 14:09:55] /a
[24/09/2011 14:10:37] /r
[24/09/2011 14:10:49] /r
[24/09/2011 14:11:17] /r
[24/09/2011 14:11:28] /r
[24/09/2011 14:12:47] /t Mage Vieira
[24/09/2011 14:13:00] /r
[24/09/2011 14:13:09] /i doll
[24/09/2011 14:13:16] /r
[24/09/2011 14:13:30] /r
[24/09/2011 14:13:39] /r
[24/09/2011 14:13:58] /r
[24/09/2011 14:14:17] /r
[24/09/2011 14:14:36] /r
[24/09/2011 14:14:57] /r
[24/09/2011 14:15:24] /r
[24/09/2011 14:15:56] /ban Ppsjn,600
[24/09/2011 14:16:01] /r
[24/09/2011 14:16:09] /r
[24/09/2011 14:16:25] /a
[24/09/2011 14:16:31] /r
[24/09/2011 14:16:39] /r
[24/09/2011 14:17:00] /r
[24/09/2011 14:17:12] /r
[24/09/2011 14:17:37] /r
[24/09/2011 14:17:44] /r
[24/09/2011 14:18:18] /t Mage Vieira
[24/09/2011 14:18:28] /r
[24/09/2011 14:18:40] /r
[24/09/2011 14:18:52] /r
[24/09/2011 14:19:00] /r
[24/09/2011 14:19:12] /r
[24/09/2011 14:19:29] /r
[24/09/2011 14:19:41] /r
[24/09/2011 14:20:06] /r
[24/09/2011 14:20:21] /t Mage Vieira
[24/09/2011 14:20:39] /r
[24/09/2011 14:20:49] /r
[24/09/2011 14:20:57] /r
[24/09/2011 14:21:09] /r
[24/09/2011 14:21:26] /r
[24/09/2011 14:21:44] /r
[24/09/2011 14:22:05] /r
[24/09/2011 14:22:46] /r
[24/09/2011 14:23:48] /i doll
[24/09/2011 14:24:09] /ban Mage Vieira,600
[24/09/2011 14:24:23] /r
[24/09/2011 14:24:41] /r
[24/09/2011 14:24:50] /r
[24/09/2011 14:25:50] /bc green; EVENTO CANCELADO
[24/09/2011 14:26:00] /bc green; EVENTO CANCELADO UNS TROXA NUM SABE RECEBE  EVENTO
[24/09/2011 14:26:26] /bc green; EVENTO CANCELADO UNS TROXA NUM SABE RECEBE  EVENTO
[24/09/2011 14:26:41] /r
[24/09/2011 14:26:42] /r
[24/09/2011 14:26:42] /r
[24/09/2011 14:26:43] /r
[24/09/2011 14:26:43] /r
[24/09/2011 14:26:44] /r
[24/09/2011 14:26:45] /r
[24/09/2011 14:26:46] /r
[24/09/2011 14:26:47] /r
[24/09/2011 14:26:48] /r
[24/09/2011 14:26:48] /r
[24/09/2011 14:26:49] /r
[24/09/2011 14:26:49] /r
[24/09/2011 14:26:49] /r
[24/09/2011 14:26:50] /r
[24/09/2011 14:26:52] /r
[24/09/2011 14:26:53] /r
[24/09/2011 14:26:53] /r
[24/09/2011 14:26:54] /r
[24/09/2011 14:26:56] /r
[24/09/2011 14:27:03] /r
[24/09/2011 14:27:04] /r
[24/09/2011 14:27:05] /r
[24/09/2011 14:27:30] /r
[24/09/2011 14:27:30] /r
[24/09/2011 14:27:30] /r
[24/09/2011 14:27:30] /r
[24/09/2011 14:27:30] /r
[24/09/2011 14:27:30] /r
[24/09/2011 14:27:30] /r
[24/09/2011 14:27:31] /r
[24/09/2011 14:27:31] /r
[24/09/2011 14:27:31] /r
[24/09/2011 14:27:31] /r
[24/09/2011 14:27:31] /r
[24/09/2011 14:27:31] /r
[24/09/2011 14:27:31] /r
[24/09/2011 14:27:31] /r
[24/09/2011 14:27:31] /r
[24/09/2011 14:27:31] /r
[24/09/2011 14:27:31] /r
[24/09/2011 14:27:31] /r
[24/09/2011 14:27:31] /r
[24/09/2011 14:27:31] /r
[24/09/2011 14:27:31] /r
[24/09/2011 14:27:31] /r
[24/09/2011 14:27:31] /r
[24/09/2011 14:27:31] /r
[24/09/2011 14:27:31] /r
[24/09/2011 14:27:31] /r
[24/09/2011 14:27:31] /r
[24/09/2011 14:27:31] /r
[24/09/2011 14:27:31] /r
[24/09/2011 14:27:31] /r
[24/09/2011 14:27:32] /r
[24/09/2011 14:27:32] /r
[24/09/2011 14:27:32] /r
[24/09/2011 14:27:32] /r
[24/09/2011 14:27:32] /r
[24/09/2011 14:27:32] /r
[24/09/2011 14:27:32] /r
[24/09/2011 14:27:32] /r
[24/09/2011 14:27:32] /r
[24/09/2011 14:27:32] /r
[24/09/2011 14:27:32] /r
[24/09/2011 14:27:32] /r
[24/09/2011 14:27:33] /r
[24/09/2011 14:27:33] /r
[24/09/2011 14:27:33] /r
[24/09/2011 14:27:33] /r
[24/09/2011 14:27:33] /r
[24/09/2011 14:27:33] /r
[24/09/2011 14:27:33] /r
[24/09/2011 14:27:33] /r
[24/09/2011 14:27:33] /r
[24/09/2011 14:27:33] /r
[24/09/2011 14:27:33] /r
[24/09/2011 14:27:36] /r
[24/09/2011 14:27:37] /r
[24/09/2011 14:27:37] /r
[24/09/2011 14:27:37] /r
[24/09/2011 14:27:37] /r
[24/09/2011 14:27:37] /r
[24/09/2011 14:27:37] /r
[24/09/2011 14:27:37] /r
[24/09/2011 14:27:37] /r
[24/09/2011 14:27:37] /r
[24/09/2011 14:27:37] /r
[24/09/2011 14:27:37] /r
[24/09/2011 14:27:37] /r
[24/09/2011 14:27:37] /r
[24/09/2011 14:27:38] /r
[24/09/2011 14:27:38] /r
[24/09/2011 14:27:38] /r
[24/09/2011 14:27:38] /r
[24/09/2011 14:27:38] /r
[24/09/2011 14:27:38] /r
[24/09/2011 14:27:38] /r
[24/09/2011 14:27:38] /r
[24/09/2011 14:27:38] /r
[24/09/2011 14:27:38] /r
[24/09/2011 14:27:38] /r
[24/09/2011 14:27:38] /r
[24/09/2011 14:27:38] /r
[24/09/2011 14:27:38] /r
[24/09/2011 14:27:39] /r
[24/09/2011 14:27:39] /r
[24/09/2011 14:27:39] /r
[24/09/2011 14:27:39] /r
[24/09/2011 14:27:39] /r
[24/09/2011 14:27:39] /r
[24/09/2011 14:27:54] /clean
[24/09/2011 14:28:19] /i 1484
[24/09/2011 14:28:20] /i 1484
[24/09/2011 14:28:21] /i 1484
[24/09/2011 14:28:22] /i 1484
[24/09/2011 14:28:35] /c Killer Of Shadow
[24/09/2011 14:28:55] /clean
[24/09/2011 14:29:18] /r
[24/09/2011 14:29:19] /r
[24/09/2011 14:29:20] /r
[24/09/2011 14:29:21] /r
[24/09/2011 14:29:41] /i 1484
[24/09/2011 14:29:44] /i 1484
[24/09/2011 14:29:46] /i 1484
[24/09/2011 14:29:46] /i 1484
[24/09/2011 14:29:53] /a 2
[24/09/2011 14:29:58] /i 1740
[24/09/2011 14:30:10] /i 1484
[24/09/2011 14:30:12] /r
[24/09/2011 14:30:14] /a 4
[24/09/2011 14:30:15] /a 4
[24/09/2011 14:30:24] /a 3
[24/09/2011 14:30:25] /a 3
[24/09/2011 14:30:35] /r
[24/09/2011 14:30:42] /i 1740
[24/09/2011 14:30:44] /i 1740
[24/09/2011 14:30:45] /i 1740
[24/09/2011 14:30:52] /i ice helmet
[24/09/2011 14:30:54] /i 1740
[24/09/2011 14:30:55] /i 1740
[24/09/2011 14:30:56] /i 1740
[24/09/2011 14:30:56] /i 1740
[24/09/2011 14:30:57] /i 1740
[24/09/2011 14:30:58] /i 1740
[24/09/2011 14:30:58] /i 1740
[24/09/2011 14:30:59] /i 1740
[24/09/2011 14:30:59] /i 1740
[24/09/2011 14:31:00] /i 1740
[24/09/2011 14:31:00] /i 1740
[24/09/2011 14:31:01] /i 1740
[24/09/2011 14:31:02] /i 1740
[24/09/2011 14:31:02] /i 1740
[24/09/2011 14:31:03] /i 1740
[24/09/2011 14:31:04] /i 1740
[24/09/2011 14:31:05] /i 1740
[24/09/2011 14:31:05] /i 1740
[24/09/2011 14:31:06] /i 1740
[24/09/2011 14:31:07] /i 1740
[24/09/2011 14:31:11] /i 1740
[24/09/2011 14:31:12] /i 1740
[24/09/2011 14:31:13] /i 1740
[24/09/2011 14:31:13] /i 1740
[24/09/2011 14:31:14] /i 1740
[24/09/2011 14:31:15] /i 1740
[24/09/2011 14:31:16] /i 1740
[24/09/2011 14:31:17] /i 1740
[24/09/2011 14:31:17] /i 1740
[24/09/2011 14:31:20] /i 1740
[24/09/2011 14:31:20] /i 1740
[24/09/2011 14:31:21] /i 1740
[24/09/2011 14:31:22] /i 1740
[24/09/2011 14:31:23] /i 1740
[24/09/2011 14:31:23] /i 1740
[24/09/2011 14:31:24] /i 1740
[24/09/2011 14:31:25] /i 1740
[24/09/2011 14:31:26] /i 1740
[24/09/2011 14:31:26] /i 1740
[24/09/2011 14:31:28] /i 1740
[24/09/2011 14:31:30] /i 1740
[24/09/2011 14:31:31] /i 1740
[24/09/2011 14:31:32] /i 1740
[24/09/2011 14:31:32] /i 1740
[24/09/2011 14:31:33] /i 1740
[24/09/2011 14:31:34] /i 1740
[24/09/2011 14:31:35] /i 1740
[24/09/2011 14:31:36] /i 1740
[24/09/2011 14:31:37] /i 1740
[24/09/2011 14:31:38] /i 1740
[24/09/2011 14:31:39] /i 1740
[24/09/2011 14:31:40] /i 1740
[24/09/2011 14:31:40] /i 1740
[24/09/2011 14:31:41] /i 1740
[24/09/2011 14:31:42] /i 1740
[24/09/2011 14:31:43] /i 1740
[24/09/2011 14:31:44] /i 1740
[24/09/2011 14:31:45] /i 1740
[24/09/2011 14:31:46] /i 1740
[24/09/2011 14:31:49] /clean
[24/09/2011 14:32:16] /clean
[24/09/2011 14:32:48] /clean
[24/09/2011 14:33:50] /attr health 1
[24/09/2011 14:37:25] /ban Mkkka,48
[24/09/2011 14:39:18] /i ring da moralidade
[24/09/2011 14:39:26] /i ring da mortalidade
[24/09/2011 14:39:38] /clean
[24/09/2011 14:39:44] /a
[24/09/2011 14:39:45] /a
[24/09/2011 14:39:55] /B Gode Mateus Fdp
[24/09/2011 14:42:32] /a 3
[24/09/2011 14:43:46] /a
[24/09/2011 14:43:47] /a
[24/09/2011 14:44:06] /attr health - 465024
[24/09/2011 14:44:11] /attr health -465024
[24/09/2011 14:44:33] /i epic uh
[24/09/2011 14:44:41] /a
[24/09/2011 14:44:43] /a
[24/09/2011 14:45:21] /ghost
[24/09/2011 14:45:25] /goto lord das trevas
[24/09/2011 14:47:50] /goto lord das trevas
[24/09/2011 14:49:59] /goto mago vieira
[24/09/2011 14:50:02] /goto mago viera
[24/09/2011 14:50:51] /goto mago dunga
[24/09/2011 15:11:27] /reload spells
[24/09/2011 15:16:20] /t
[24/09/2011 15:16:57] /ban Pala eu xavo,96
[24/09/2011 17:02:38] /ghost
[24/09/2011 22:01:18] /up
[24/09/2011 22:01:19] /up
[24/09/2011 22:02:02] /t Mage of hell
[24/09/2011 23:38:23] /goto borges
[24/09/2011 23:38:35] /goto borges
[24/09/2011 23:38:37] /goto borges
[24/09/2011 23:38:39] /goto borges
[24/09/2011 23:38:42] /goto borges
[24/09/2011 23:38:44] /goto borges
[24/09/2011 23:38:45] /goto borges
[24/09/2011 23:38:46] /goto borges
[24/09/2011 23:38:48] /goto borges
[24/09/2011 23:39:06] /goto borges
[24/09/2011 23:39:24] /goto borges
[24/09/2011 23:41:10] /goto borges
[24/09/2011 23:41:15] /goto borges
[24/09/2011 23:41:47] /goto borges
[24/09/2011 23:48:51] /t
[25/09/2011 13:07:15] /reload talkactions
[25/09/2011 13:16:39] /t
[26/09/2011 08:46:44] /goto juninho
[26/09/2011 08:46:50] /t
[26/09/2011 08:48:06] /reload monster
[26/09/2011 08:48:13] /goto the teleportener
[26/09/2011 08:49:14] /reload monster
[26/09/2011 08:49:49] /reload monster
[26/09/2011 08:59:59] /ghost
[26/09/2011 09:02:12] /attr health -481935
[26/09/2011 09:13:06] /t lorrd samu
[26/09/2011 09:50:59] /goto druid of hell
[26/09/2011 09:51:19] /m tuquino
[26/09/2011 09:51:23] /m tuquino
[26/09/2011 09:51:24] /m tuquino
[26/09/2011 09:51:42] /c druid o hell
[26/09/2011 09:52:02] /c druid of hell
[26/09/2011 09:52:04] /c druid of hell
[26/09/2011 09:52:08] /c The Lord Pally
[26/09/2011 09:52:15] /c Girl Of Druida
[26/09/2011 09:52:16] /c Girl Of Druida
[26/09/2011 09:52:21] /c Girl Of Druida
[26/09/2011 09:52:23] /c Girl Of Druida
[26/09/2011 09:52:26] /c Girl Of Druida
[26/09/2011 09:52:27] /c Girl Of Druida
[26/09/2011 09:52:27] /c Girl Of Druida
[26/09/2011 09:52:28] /c Girl Of Druida
[26/09/2011 09:52:28] /c Girl Of Druida
[26/09/2011 09:53:08] /r
[26/09/2011 09:53:10] /r
[26/09/2011 09:53:11] /r
[26/09/2011 09:53:11] /r
[26/09/2011 09:53:13] /r
[26/09/2011 09:53:14] /r
[26/09/2011 09:53:17] /r
[26/09/2011 09:56:11] /m tuquino
[26/09/2011 09:56:12] /m tuquino
[26/09/2011 09:56:13] /m tuquino
[26/09/2011 09:56:13] /m tuquino
[26/09/2011 09:56:21] /c druid of hell
[26/09/2011 09:56:23] /c druid of hell
[26/09/2011 09:56:25] /c druid of hell
[26/09/2011 09:56:28] /c druid of hell
[26/09/2011 09:56:29] /c druid of hell
[26/09/2011 09:56:31] /c druid of hell
[26/09/2011 09:56:32] /c druid of hell
[26/09/2011 09:56:35] /c druid of hell
[26/09/2011 09:56:35] /c druid of hell
[26/09/2011 09:56:37] /c druid of hell
[26/09/2011 09:56:38] /c druid of hell
[26/09/2011 09:56:38] /c druid of hell
[26/09/2011 09:56:38] /c druid of hell
[26/09/2011 09:56:54] /c druid of hell
[26/09/2011 09:56:55] /c druid of hell
[26/09/2011 09:56:56] /c druid of hell
[26/09/2011 09:57:21] /c Girl Of Druida
[26/09/2011 09:58:07] /r
[26/09/2011 09:58:08] /r
[26/09/2011 09:58:09] /r
[26/09/2011 09:58:09] /r
[26/09/2011 09:58:11] /r
[26/09/2011 10:40:31] /t
[26/09/2011 10:41:26] /i 10064
[26/09/2011 10:42:40] /i bag
[26/09/2011 10:43:29] /t
[26/09/2011 10:44:47] /i 10064
[26/09/2011 10:47:26] /up
[26/09/2011 10:47:27] /up
[26/09/2011 10:47:28] /c Odemolidor I
[26/09/2011 10:47:32] /i label
[26/09/2011 10:51:10] /t Odemolidor I
[26/09/2011 10:51:10] /t
[26/09/2011 10:51:16] /goto druid black
[26/09/2011 10:53:35] /goto The Lord Pally
[26/09/2011 10:54:37] /i ax power rune
[26/09/2011 10:54:42] /i max power rune
[26/09/2011 10:59:52] /ghost
[26/09/2011 11:04:11] /b quem joga ddtank manda pm
[26/09/2011 11:04:42] /b quem joga ddtank manda pm
[26/09/2011 11:04:50] /ghost
[26/09/2011 11:06:19] /a 3
[26/09/2011 14:07:49] /ghost
[26/09/2011 14:08:03] /up
[26/09/2011 14:08:04] /up
[26/09/2011 14:08:10] /c demonic striker
[26/09/2011 14:08:30] /attr vocation paladin
[26/09/2011 14:08:32] /r
[26/09/2011 14:08:55] /attr vocation 2
[26/09/2011 14:08:56] /r
[26/09/2011 14:09:08] /attr vocation 5
[26/09/2011 14:09:09] /r
[26/09/2011 14:09:19] /attr vocation 6
[26/09/2011 14:09:21] /r
[26/09/2011 14:09:32] /attr vocation 4
[26/09/2011 14:09:34] /r
[26/09/2011 14:09:43] /attr vocation 3
[26/09/2011 14:09:44] /r
[26/09/2011 14:28:48] /c demonic Striker
[26/09/2011 14:29:10] /t
[26/09/2011 14:29:31] /i 2365
[26/09/2011 14:29:32] /i 2365
[26/09/2011 14:29:32] /i 2365
[26/09/2011 14:29:41] /i 2365
[26/09/2011 14:29:42] /i 2365
[26/09/2011 14:30:11] /i 2137
[26/09/2011 14:30:18] /i 2140
[26/09/2011 14:30:22] /i 2160
[26/09/2011 14:30:23] /i 2160
[26/09/2011 14:30:37] /i 9777
[26/09/2011 14:30:40] /i 9778
[26/09/2011 14:30:44] /i 9776
[26/09/2011 14:30:51] /i 9932
[26/09/2011 14:30:56] /i 6392
[26/09/2011 14:31:00] /r
[26/09/2011 14:31:08] /i 2299
[26/09/2011 14:31:15] /i 2296
[26/09/2011 14:31:24] /i 10064
[26/09/2011 14:31:28] /up
[26/09/2011 14:31:29] /up
[26/09/2011 14:31:51] /t
[26/09/2011 14:32:02] /i 6391
[26/09/2011 14:32:43] /i 3965
[26/09/2011 14:32:45] /t
[26/09/2011 14:32:48] /up
[26/09/2011 14:32:48] /up
[26/09/2011 14:34:42] /addskill Demonic Striker,level,30000
[26/09/2011 14:34:46] /addskill Demonic Striker,level,30000
[26/09/2011 14:34:49] /addskill Demonic Striker,level,30000
[26/09/2011 14:34:51] /addskill Demonic Striker,level,30000
[26/09/2011 14:34:59] /addskill Demonic Striker,level,20000
[26/09/2011 14:35:06] /addskill Demonic Striker,level,10000
[26/09/2011 14:35:16] /t
[26/09/2011 14:35:33] /i 2294
[26/09/2011 14:35:40] /goto demonic Stiker
[26/09/2011 14:35:54] /goto demonic Stiker
[26/09/2011 14:35:57] /goto demonic Stiker
[26/09/2011 14:36:00] /up
[26/09/2011 14:36:00] /up
[26/09/2011 14:36:15] /r 100
[26/09/2011 14:36:32] /r
[26/09/2011 14:36:33] /t
[26/09/2011 22:41:57] /ghost
[26/09/2011 22:42:19] /b quem joga ddtank?
[26/09/2011 22:53:45] /a
[26/09/2011 22:53:45] /a
[26/09/2011 22:53:45] /a
[26/09/2011 22:53:45] /a
[26/09/2011 22:53:45] /a
[26/09/2011 22:53:45] /a
[26/09/2011 22:53:46] /a
[26/09/2011 22:53:46] /a
[26/09/2011 22:53:46] /a
[26/09/2011 22:53:46] /a
[26/09/2011 22:53:46] /a
[26/09/2011 22:53:46] /a
[26/09/2011 22:53:46] /a
[26/09/2011 22:53:46] /a
[26/09/2011 22:53:46] /a
[26/09/2011 22:53:46] /a
[26/09/2011 22:53:46] /a
[26/09/2011 22:53:46] /a
[26/09/2011 22:53:46] /a
[26/09/2011 22:53:46] /a
[26/09/2011 22:53:46] /a
[26/09/2011 22:53:46] /a
[26/09/2011 22:53:46] /a
[26/09/2011 22:53:46] /a
[26/09/2011 22:53:46] /a
[26/09/2011 22:53:46] /a
[26/09/2011 22:53:46] /a
[26/09/2011 22:53:46] /a
[26/09/2011 22:53:46] /a
[26/09/2011 22:53:46] /a
[26/09/2011 22:53:47] /a
[26/09/2011 22:53:47] /a
[26/09/2011 22:53:47] /a
[26/09/2011 22:53:47] /a
[26/09/2011 22:53:47] /a
[26/09/2011 22:53:47] /a
[26/09/2011 22:53:47] /a
[26/09/2011 22:53:47] /a
[26/09/2011 22:53:47] /a
[26/09/2011 22:53:47] /a
[26/09/2011 22:53:47] /a
[26/09/2011 22:53:47] /a
[26/09/2011 22:53:47] /a
[26/09/2011 22:53:47] /a
[26/09/2011 22:53:47] /a
[26/09/2011 22:53:47] /a
[26/09/2011 22:53:48] /a
[26/09/2011 22:53:48] /a
[26/09/2011 22:53:48] /a
[26/09/2011 22:53:48] /a
[26/09/2011 22:53:48] /a
[26/09/2011 22:53:48] /a
[26/09/2011 22:53:48] /a
[26/09/2011 22:53:48] /a
[26/09/2011 22:53:48] /a
[26/09/2011 22:53:48] /a
[26/09/2011 22:53:48] /a
[26/09/2011 22:53:48] /a
[26/09/2011 22:53:48] /a
[26/09/2011 22:53:48] /a
[26/09/2011 22:53:48] /a
[26/09/2011 22:53:48] /a
[26/09/2011 22:53:49] /a
[26/09/2011 22:53:49] /a
[26/09/2011 22:53:49] /a
[26/09/2011 22:53:49] /a
[26/09/2011 22:53:49] /a
[26/09/2011 22:53:49] /a
[26/09/2011 22:53:49] /a
[26/09/2011 22:53:49] /a
[26/09/2011 22:53:49] /a
[26/09/2011 22:53:49] /a
[26/09/2011 22:53:49] /a
[26/09/2011 22:53:49] /a
[26/09/2011 22:53:49] /a
[26/09/2011 22:53:49] /a
[26/09/2011 22:53:49] /a
[26/09/2011 22:53:49] /a
[26/09/2011 22:53:49] /a
[26/09/2011 22:53:49] /a
[26/09/2011 22:53:49] /a
[26/09/2011 22:53:49] /a
[26/09/2011 22:53:49] /a
[26/09/2011 22:53:49] /a
[26/09/2011 22:53:49] /a
[26/09/2011 22:53:49] /a
[26/09/2011 22:53:49] /a
[26/09/2011 22:53:49] /a
[26/09/2011 22:53:49] /a
[26/09/2011 22:53:50] /a
[26/09/2011 22:53:50] /a
[26/09/2011 22:53:50] /a
[26/09/2011 22:53:50] /a
[26/09/2011 22:53:50] /a
[26/09/2011 22:53:50] /a
[26/09/2011 22:53:50] /a
[26/09/2011 22:53:50] /a
[26/09/2011 22:53:50] /a
[26/09/2011 22:53:50] /a
[26/09/2011 22:53:50] /a
[26/09/2011 22:53:50] /a
[26/09/2011 22:53:50] /a
[26/09/2011 22:53:50] /a
[26/09/2011 22:53:51] /a
[26/09/2011 22:53:52] /a
[26/09/2011 22:53:52] /a
[26/09/2011 22:53:52] /a
[26/09/2011 22:53:52] /a
[26/09/2011 22:53:52] /a
[26/09/2011 22:53:52] /a
[26/09/2011 22:53:52] /a
[26/09/2011 22:53:52] /a
[26/09/2011 22:53:52] /a
[26/09/2011 22:53:52] /a
[26/09/2011 22:53:52] /a
[26/09/2011 22:53:52] /a
[26/09/2011 22:53:52] /a
[26/09/2011 22:53:52] /a
[26/09/2011 22:53:52] /a
[26/09/2011 22:53:52] /a
[26/09/2011 22:53:52] /a
[26/09/2011 22:53:52] /a
[26/09/2011 22:53:52] /a
[26/09/2011 22:53:52] /a
[26/09/2011 22:53:52] /a
[26/09/2011 22:53:52] /a
[26/09/2011 22:53:52] /a
[26/09/2011 22:53:52] /a
[26/09/2011 22:53:52] /a
[26/09/2011 22:53:52] /a
[26/09/2011 22:53:53] /a
[26/09/2011 22:53:53] /a
[26/09/2011 22:53:53] /a
[26/09/2011 22:53:53] /a
[26/09/2011 22:53:53] /a
[26/09/2011 22:53:53] /a
[26/09/2011 22:53:53] /a
[26/09/2011 22:53:53] /a
[26/09/2011 22:53:53] /a
[26/09/2011 22:53:53] /a
[26/09/2011 22:53:53] /a
[26/09/2011 22:53:53] /a
[26/09/2011 22:53:53] /a
[26/09/2011 22:53:53] /a
[26/09/2011 22:53:53] /a
[26/09/2011 22:53:54] /a
[26/09/2011 22:53:54] /a
[26/09/2011 22:53:54] /a
[26/09/2011 22:53:54] /a
[26/09/2011 22:53:54] /a
[26/09/2011 22:53:54] /a
[26/09/2011 22:53:54] /a
[26/09/2011 22:53:54] /a
[26/09/2011 22:53:54] /a
[26/09/2011 22:53:54] /a
[26/09/2011 22:53:54] /a
[26/09/2011 22:53:54] /a
[26/09/2011 22:53:54] /a
[26/09/2011 22:53:54] /a
[26/09/2011 22:53:55] /a
[26/09/2011 22:53:55] /a
[26/09/2011 22:53:55] /a
[26/09/2011 22:53:55] /a
[26/09/2011 22:53:55] /a
[26/09/2011 22:53:55] /a
[26/09/2011 22:53:55] /a
[26/09/2011 22:53:55] /a
[26/09/2011 22:53:55] /a
[26/09/2011 22:53:55] /a
[26/09/2011 22:53:55] /a
[26/09/2011 22:53:55] /a
[26/09/2011 22:53:55] /a
[26/09/2011 22:53:55] /a
[26/09/2011 22:53:55] /a
[26/09/2011 22:53:55] /a
[26/09/2011 22:53:55] /a
[26/09/2011 22:53:55] /a
[26/09/2011 22:53:55] /a
[26/09/2011 22:53:55] /a
[26/09/2011 22:53:55] /a
[26/09/2011 22:53:55] /a
[26/09/2011 22:53:55] /a
[26/09/2011 22:53:55] /a
[26/09/2011 22:53:55] /a
[26/09/2011 22:53:55] /a
[26/09/2011 22:53:55] /a
[26/09/2011 22:53:56] /a
[26/09/2011 22:53:56] /a
[26/09/2011 22:53:56] /a
[26/09/2011 22:53:56] /a
[26/09/2011 22:53:57] /a
[26/09/2011 22:53:57] /a
[26/09/2011 22:53:57] /a
[26/09/2011 22:53:57] /a
[26/09/2011 22:53:57] /a
[26/09/2011 22:53:57] /a
[26/09/2011 22:53:57] /a
[26/09/2011 22:53:57] /a
[26/09/2011 22:53:57] /a
[26/09/2011 22:53:57] /a
[26/09/2011 22:53:57] /a
[26/09/2011 22:53:57] /a
[26/09/2011 22:53:57] /a
[26/09/2011 22:53:57] /a
[26/09/2011 22:53:57] /a
[26/09/2011 22:53:57] /a
[26/09/2011 22:53:57] /a
[26/09/2011 22:53:57] /a
[26/09/2011 22:53:57] /a
[26/09/2011 22:53:57] /a
[26/09/2011 22:53:57] /a
[26/09/2011 22:53:57] /a
[26/09/2011 22:53:57] /a
[26/09/2011 22:53:57] /a
[26/09/2011 22:53:57] /a
[26/09/2011 22:53:57] /a
[26/09/2011 22:53:57] /a
[26/09/2011 22:53:57] /a
[26/09/2011 22:53:57] /a
[26/09/2011 22:53:58] /a
[26/09/2011 22:53:58] /a
[26/09/2011 22:53:59] /a
[26/09/2011 22:53:59] /a
[26/09/2011 22:53:59] /a
[26/09/2011 22:53:59] /a
[26/09/2011 22:53:59] /a
[26/09/2011 22:53:59] /a
[26/09/2011 22:53:59] /a
[26/09/2011 22:53:59] /a
[26/09/2011 22:53:59] /a
[26/09/2011 22:53:59] /a
[26/09/2011 22:53:59] /a
[26/09/2011 22:54:01] /a
[26/09/2011 22:54:02] /a
[26/09/2011 22:54:02] /a
[26/09/2011 22:54:03] /a
[26/09/2011 22:54:03] /a
[26/09/2011 22:54:03] /a
[26/09/2011 22:54:03] /a
[26/09/2011 22:54:03] /a
[26/09/2011 22:54:03] /a
[26/09/2011 22:54:03] /a
[26/09/2011 22:54:03] /a
[26/09/2011 22:54:03] /a
[26/09/2011 22:54:03] /a
[26/09/2011 22:54:03] /a
[26/09/2011 22:54:03] /a
[26/09/2011 22:54:03] /a
[26/09/2011 22:54:03] /a
[26/09/2011 22:54:03] /a
[26/09/2011 22:54:03] /a
[26/09/2011 22:54:03] /a
[26/09/2011 22:54:03] /a
[26/09/2011 22:54:04] /a
[26/09/2011 22:54:04] /a
[26/09/2011 22:54:04] /a
[26/09/2011 22:54:04] /a
[26/09/2011 22:54:04] /a
[26/09/2011 22:54:04] /a
[26/09/2011 22:54:04] /a
[26/09/2011 22:54:05] /a
[26/09/2011 22:54:05] /a
[26/09/2011 22:54:05] /a
[26/09/2011 22:54:05] /a
[26/09/2011 22:54:05] /a
[26/09/2011 22:54:05] /a
[26/09/2011 22:54:05] /a
[26/09/2011 22:54:05] /a
[26/09/2011 22:54:05] /a
[26/09/2011 22:54:05] /a
[26/09/2011 22:54:05] /a
[26/09/2011 22:54:05] /a
[26/09/2011 22:54:05] /a
[26/09/2011 22:54:05] /a
[26/09/2011 22:54:05] /a
[26/09/2011 22:54:05] /a
[26/09/2011 22:54:05] /a
[26/09/2011 22:54:05] /a
[26/09/2011 22:54:05] /a
[26/09/2011 22:54:05] /a
[26/09/2011 22:54:05] /a
[26/09/2011 22:54:05] /a
[26/09/2011 22:54:05] /a
[26/09/2011 22:54:07] /a
[26/09/2011 22:54:08] /a
[26/09/2011 22:54:08] /a
[26/09/2011 22:54:08] /a
[26/09/2011 22:54:08] /a
[26/09/2011 22:54:08] /a
[26/09/2011 22:54:08] /a
[26/09/2011 22:54:08] /a
[26/09/2011 22:54:08] /a
[26/09/2011 22:54:08] /a
[26/09/2011 22:54:08] /a
[26/09/2011 22:54:08] /a
[26/09/2011 22:54:08] /a
[26/09/2011 22:54:08] /a
[26/09/2011 22:54:08] /a
[26/09/2011 22:54:08] /a
[26/09/2011 22:54:08] /a
[26/09/2011 22:54:08] /a
[26/09/2011 22:54:08] /a
[26/09/2011 22:54:08] /a
[26/09/2011 22:54:08] /a
[26/09/2011 22:54:08] /a
[26/09/2011 22:54:09] /a
[26/09/2011 22:54:10] /a
[26/09/2011 22:54:10] /a
[26/09/2011 22:54:10] /a
[26/09/2011 22:54:10] /a
[26/09/2011 22:54:10] /a
[26/09/2011 22:54:10] /a
[26/09/2011 22:54:10] /a
[26/09/2011 22:54:10] /a
[26/09/2011 22:54:10] /a
[26/09/2011 22:54:10] /a
[26/09/2011 22:55:06] /b quem joga ddtank?
[26/09/2011 22:56:06] /a
[26/09/2011 22:56:07] /a
[26/09/2011 22:56:07] /a
[26/09/2011 22:56:07] /a
[26/09/2011 22:56:07] /a
[26/09/2011 22:56:07] /a
[26/09/2011 22:56:08] /a
[26/09/2011 22:56:08] /a
[26/09/2011 22:56:08] /a
[26/09/2011 22:56:08] /a
[26/09/2011 22:56:08] /a
[26/09/2011 22:56:09] /a
[26/09/2011 22:56:09] /a
[26/09/2011 22:56:09] /a
[26/09/2011 22:56:09] /a
[26/09/2011 22:56:09] /a
[26/09/2011 22:56:10] /a
[26/09/2011 22:56:10] /a
[26/09/2011 22:56:10] /a
[26/09/2011 22:56:10] /a
[26/09/2011 22:56:10] /a
[26/09/2011 22:56:11] /a
[26/09/2011 22:56:11] /a
[26/09/2011 22:56:11] /a
[26/09/2011 22:56:11] /a
[26/09/2011 22:56:11] /a
[26/09/2011 22:56:27] /b quem joga ddtank?
[26/09/2011 22:56:30] /b quem joga ddtank?
[26/09/2011 22:57:10] /m demon lord
[26/09/2011 22:57:11] /m demon lord
[26/09/2011 23:05:49] /a
[26/09/2011 23:08:14] /a
[26/09/2011 23:08:31] /a
[26/09/2011 23:09:37] /a
[26/09/2011 23:09:46] /a
[27/09/2011 12:05:34] /c druid of hell
[27/09/2011 12:05:38] /c druid of hell
[27/09/2011 12:05:59] /t druid of hell
[27/09/2011 12:06:00] /t
[27/09/2011 12:07:06] /c druid of hell
[27/09/2011 12:07:59] /r
[27/09/2011 12:08:12] /m demon lord
[27/09/2011 12:08:45] /up
[27/09/2011 12:08:46] /up
[27/09/2011 12:08:49] /c druid of hell
[27/09/2011 12:10:41] /c druid of hell
[27/09/2011 12:12:06] /c druid of hell
[27/09/2011 12:13:57] /t druid of hell
[27/09/2011 12:13:58] /t
[27/09/2011 20:57:06] /goto naruto uzumaki
[27/09/2011 20:57:25] /i 2160
[27/09/2011 20:57:30] /i 2160
[27/09/2011 20:57:38] /r
[27/09/2011 20:58:49] /t
[27/09/2011 20:59:02] /b kem joga ddtank manda pm
[27/09/2011 20:59:06] /b kem joga ddtank manda pm
[27/09/2011 20:59:07] /b kem joga ddtank manda pm
[27/09/2011 20:59:51] /goto Kwatty Guaranaa
[27/09/2011 21:01:22] /t
[27/09/2011 21:01:33] /b kein mais joga ddtank?
[27/09/2011 21:01:38] /a
[27/09/2011 21:05:23] /t
[27/09/2011 21:06:18] /a 10
[27/09/2011 21:06:19] /a 10
[27/09/2011 21:06:21] /a 10
[27/09/2011 21:06:22] /a 10
[27/09/2011 21:06:23] /a 10
[27/09/2011 21:06:49] /t
[27/09/2011 21:09:31] /t
[27/09/2011 21:09:40] /b KEM JOGAA DDTANKKKKKKKK
[27/09/2011 21:09:46] /b ??????????????????
[27/09/2011 21:10:16] /goto the of zika
[27/09/2011 21:10:25] /goto lord the ziika
[27/09/2011 21:10:58] /t
[27/09/2011 21:11:47] /a
[27/09/2011 21:12:57] /a
[27/09/2011 21:13:01] /a 5.
[27/09/2011 21:13:05] /a 4
[27/09/2011 21:14:34] /a
[27/09/2011 21:16:12] /goto exterminador
[27/09/2011 21:16:36] /t
[27/09/2011 21:16:42] /a
[27/09/2011 21:16:43] /a
[27/09/2011 21:16:44] /a
[27/09/2011 21:16:55] /b kem joga ddtank
[27/09/2011 21:17:43] /c Mago dunga
[27/09/2011 21:18:13] /b kem joga ddtank
[27/09/2011 21:18:13] /b kem joga ddtank
[27/09/2011 21:18:14] /b kem joga ddtank
[27/09/2011 21:18:14] /b kem joga ddtank
[27/09/2011 21:18:15] /b kem joga ddtank
[27/09/2011 21:18:18] /a
[27/09/2011 21:20:03] /b kem joga ddtank
[27/09/2011 21:20:04] /b kem joga ddtank
[27/09/2011 21:20:04] /b kem joga ddtank
[27/09/2011 21:20:05] /b kem joga ddtank
[27/09/2011 21:20:05] /b kem joga ddtank
[27/09/2011 21:20:06] /b kem joga ddtank
[27/09/2011 21:21:32] /b kem joga ddtank
[27/09/2011 21:21:32] /b kem joga ddtank
[27/09/2011 21:21:33] /b kem joga ddtank
[27/09/2011 21:27:05] /a
[27/09/2011 21:32:25] /closeserver
[27/09/2011 21:32:50] /closeserver
[27/09/2011 21:33:18] /ban account manager
[27/09/2011 21:33:25] /ban account manager,24
[27/09/2011 21:33:31] /openserver
[27/09/2011 21:40:14] /goto Naogostodebriga
[27/09/2011 21:40:20] /goto Naogostodebriga
[27/09/2011 21:40:21] /goto Naogostodebriga
[27/09/2011 21:40:48] /goto Naogostodebriga
[27/09/2011 21:40:50] /goto Naogostodebriga
[27/09/2011 21:40:58] /goto The Lord Daniel
[27/09/2011 22:25:42] /ghost
[28/09/2011 00:26:22] /reload talkactions
[28/09/2011 00:26:44] /i bag
[28/09/2011 00:26:48] /i 2160
[28/09/2011 00:27:19] /reload talkactions
[28/09/2011 00:42:29] /reload talkactions
[28/09/2011 10:29:32] /i max power rune
[28/09/2011 10:37:36] /reload spells
[28/09/2011 10:38:44] /reload spells
[28/09/2011 10:54:53] /reload spells
[28/09/2011 11:22:31] /goto lord das trevas
[28/09/2011 11:24:02] /t
[28/09/2011 12:38:42] /reload spells
[28/09/2011 22:29:52] /b keim joga tibia global akie?
[28/09/2011 22:30:00] /b keim joga tibia global akie?
[28/09/2011 22:39:21] /i ring da imortalidade
[28/09/2011 22:41:35] /goto Mago dii
[28/09/2011 22:42:19] /goto druid of hell
[28/09/2011 22:42:55] /t druid of hell
[28/09/2011 22:42:58] /t
[28/09/2011 22:44:51] /goto druid of hell
[28/09/2011 22:44:54] /goto druid of hell
[28/09/2011 22:44:55] /goto druid of hell
[28/09/2011 22:52:03] /goto druid of hell
[28/09/2011 22:53:08] /b kem joga ddtank?
[28/09/2011 22:56:55] /b kem joga ddtank?
[28/09/2011 22:56:55] /b kem joga ddtank?
[28/09/2011 22:56:56] /b kem joga ddtank?
[28/09/2011 22:56:56] /b kem joga ddtank?
[29/09/2011 22:09:15] /reload globalevents
[29/09/2011 22:28:23] /goto the teleportener
[29/09/2011 22:28:30] /reload monster
[29/09/2011 22:29:15] /reload monster
[29/09/2011 22:29:18] /r
[29/09/2011 22:29:20] /r
[29/09/2011 22:29:20] /r
[29/09/2011 22:29:22] /r
[29/09/2011 22:29:24] /r
[29/09/2011 22:29:26] /r
[29/09/2011 22:29:28] /r
[29/09/2011 22:29:30] /r
[29/09/2011 22:29:32] /r
[29/09/2011 22:29:46] /t
[29/09/2011 22:29:48] /a 50
[29/09/2011 22:29:52] /a
[29/09/2011 22:29:53] /a
[29/09/2011 22:29:53] /a
[29/09/2011 22:29:54] /a
[29/09/2011 22:29:56] /a 5
[29/09/2011 22:29:57] /a 5
[29/09/2011 22:30:03] /t
[29/09/2011 22:30:04] /up
[29/09/2011 22:30:05] /up
[29/09/2011 22:30:14] /m the teleportener
[29/09/2011 22:30:21] /r
[29/09/2011 22:30:22] /r
[29/09/2011 22:30:23] /r
[29/09/2011 22:30:31] /reload monster
[29/09/2011 22:30:33] /m the teleportener
[29/09/2011 22:31:27] /r
[29/09/2011 22:31:27] /r
[29/09/2011 22:31:28] /r
[29/09/2011 22:31:29] /r
[29/09/2011 22:31:29] /r
[29/09/2011 22:31:45] /reload monster
[29/09/2011 22:31:48] /m the teleportener
[29/09/2011 22:32:09] /r
[29/09/2011 22:32:11] /r
[29/09/2011 22:32:12] /r
[29/09/2011 22:32:12] /r
[29/09/2011 22:32:13] /r
[29/09/2011 22:32:14] /r
[29/09/2011 22:32:15] /r
[29/09/2011 22:32:15] /r
[29/09/2011 22:32:17] /r
[29/09/2011 22:32:17] /r
[29/09/2011 22:32:28] /r
[29/09/2011 22:32:30] /r
[29/09/2011 22:32:32] /t
[30/09/2011 09:49:17] /goto Naruto Uzumaki
[30/09/2011 09:49:20] /ghost
[30/09/2011 09:50:44] /a 20
[30/09/2011 09:50:51] /c naruto uzumaki
[30/09/2011 09:51:50] /r
[30/09/2011 09:51:50] /r
[30/09/2011 09:52:43] /c Naruto Uzumaki
[30/09/2011 11:21:31] /t
[30/09/2011 11:21:51] /mc
[30/09/2011 11:23:10] /reload config.lua
[30/09/2011 11:24:23] /a
[30/09/2011 11:24:24] /a
[30/09/2011 11:24:26] /up
[30/09/2011 11:24:26] /up
[30/09/2011 11:28:56] /reload spells
[30/09/2011 11:29:07] /reload spells
[30/09/2011 11:30:09] /reload spells
[30/09/2011 11:33:00] /reload spells
[30/09/2011 11:33:48] /reload spells
[30/09/2011 11:34:05] /m training monk
[30/09/2011 11:35:02] /reload spells
[30/09/2011 11:35:08] /r
[30/09/2011 11:35:48] /goto Josuee
[30/09/2011 11:36:07] /ban Josuee,12
[30/09/2011 11:36:21] /ban Mc dunha,12
[30/09/2011 11:36:26] /r
[30/09/2011 11:36:28] /r
[30/09/2011 11:36:29] /r
[30/09/2011 11:36:30] /r
[30/09/2011 11:36:41] /i 4542
[30/09/2011 11:36:44] /r
[30/09/2011 11:41:26] /t[30/09/2011 11:48:08] /clean
[01/10/2011 13:37:42] /reload spells
[01/10/2011 13:40:18] /reload spells
[01/10/2011 13:42:21] /reload spells
[01/10/2011 13:43:07] /reload spells
[01/10/2011 13:44:16] /reload spells
[01/10/2011 13:44:31] /b to arrumano o holy tiro espera ai genteee
[01/10/2011 13:45:48] /reload spells
[01/10/2011 13:46:43] /reload spells
[01/10/2011 13:47:44] /reload spells
[01/10/2011 13:55:26] /reload talkactions
[01/10/2011 13:59:01] /reload spells
[01/10/2011 14:00:24] /reload spells
[01/10/2011 14:01:25] /b to quase genteeee
[01/10/2011 14:01:36] /reload spells
[01/10/2011 14:02:37] /reload spells
[01/10/2011 14:03:31] /reload spells
[01/10/2011 14:06:13] /reload spells
[01/10/2011 14:07:24] /reload spells
[01/10/2011 14:08:02] /b ACABO OS RELOADS
[01/10/2011 14:08:13] /b e ja arrumei o holy tiro
[01/10/2011 14:08:54] /i 9771
[01/10/2011 14:08:58] /r
[01/10/2011 14:09:00] /r
[01/10/2011 14:09:02] /r
[01/10/2011 14:09:02] /r
[01/10/2011 14:09:03] /r
[01/10/2011 14:09:04] /r
[01/10/2011 14:09:05] /r
[01/10/2011 14:09:15] /i 6216
[01/10/2011 14:09:22] /i 4542
[01/10/2011 14:09:38] /i 9774
[01/10/2011 14:10:51] /b vcs num sabem nem mentir
[01/10/2011 14:12:30] /i ice sword
[01/10/2011 14:14:27] /a
[01/10/2011 14:14:34] /t Wilardede Off Pally
[01/10/2011 14:14:35] /a
[01/10/2011 14:14:36] /a
[01/10/2011 14:14:38] /ghost
[01/10/2011 14:14:41] /m training monk
[01/10/2011 14:14:43] /a
[01/10/2011 14:14:44] /a
[01/10/2011 14:21:08] /t
[01/10/2011 14:22:45] /reload spells
[01/10/2011 14:24:11] /reload spells
[01/10/2011 14:25:38] /reload spells
[01/10/2011 14:26:39] /reload spells
[01/10/2011 14:27:47] /reload spells
[01/10/2011 14:28:32] /reload spells
[01/10/2011 14:36:51] /reload monster
[01/10/2011 14:39:17] /reload spells
[01/10/2011 14:39:40] /reload monster
[01/10/2011 14:40:29] /a 20
[01/10/2011 14:40:32] /up
[01/10/2011 14:40:32] /up
[01/10/2011 14:40:34] /up
[01/10/2011 14:40:35] /up
[01/10/2011 14:40:47] /ban Polo druid,24
[01/10/2011 14:41:00] /ban Mago dunga,24
[01/10/2011 14:41:57] /reload monster
[01/10/2011 14:44:12] /goto mama eu mamama
[01/10/2011 14:44:26] /goto mama eu mamamama
[01/10/2011 14:44:46] /a
[01/10/2011 14:44:47] /a
[01/10/2011 14:45:18] /reload monster
[01/10/2011 14:45:46] /reload monster
[01/10/2011 15:16:18] /t
[01/10/2011 22:03:49] /a 5
[01/10/2011 22:22:52] /save
[01/10/2011 22:23:57] /a
[02/10/2011 09:32:46] /addskill Demonic Striker,level,20000
[02/10/2011 09:32:50] /addskill Demonic Striker,level,20000
[02/10/2011 09:32:51] /addskill Demonic Striker,level,20000
[02/10/2011 09:32:54] /addskill Demonic Striker,level,20000
[02/10/2011 09:33:01] /addskill Demonic Striker,level,1000
[02/10/2011 09:33:04] /addskill Demonic Striker,level,1000
[02/10/2011 09:33:05] /addskill Demonic Striker,level,1000
[02/10/2011 09:33:18] /addskill Demonic Striker,level,1000
[02/10/2011 09:33:23] /t
[02/10/2011 12:33:19] /a
[02/10/2011 12:33:35] /ghost
[02/10/2011 12:35:25] /mc
[02/10/2011 12:35:46] /b tirem mc ou ban
[02/10/2011 12:35:50] /b 5
[02/10/2011 12:35:54] /b 4
[02/10/2011 12:35:58] /b 3
[02/10/2011 12:36:03] /b 2
[02/10/2011 12:36:07] /b 1
[02/10/2011 12:36:15] /mc
[02/10/2011 12:36:51] /mc
[02/10/2011 12:38:04] /i 2532
[02/10/2011 12:39:12] /reload items
[02/10/2011 12:39:17] /r
[02/10/2011 12:39:20] /r
[02/10/2011 12:39:21] /i 2532
[02/10/2011 12:39:25] /r
[02/10/2011 12:39:44] /mc
[02/10/2011 12:39:59] /goto Dizalmada
[02/10/2011 12:40:06] /goto Dgabizinha
[02/10/2011 12:40:11] /goto Gabizinha
[02/10/2011 12:40:13] /t
[02/10/2011 12:41:58] /ghost
[03/10/2011 11:38:44] /mc
[03/10/2011 11:39:22] /a
[03/10/2011 11:39:49] /mc
[03/10/2011 11:39:59] /c Gbariel druid
[03/10/2011 11:40:00] /c Gbariel druid
[03/10/2011 11:40:14] /mc
[03/10/2011 11:40:21] /a
[03/10/2011 11:40:23] /ghost
[03/10/2011 11:41:11] /m demon lord
[03/10/2011 11:41:31] /m water serpent
[03/10/2011 11:41:46] /r
[03/10/2011 11:43:00] /clean
[03/10/2011 11:43:21] /mc
[03/10/2011 11:44:14] /mc
[03/10/2011 12:09:39] /goto Kwatty Guaranaa
[03/10/2011 12:10:04] /c Kwatty Guaranaa
[03/10/2011 12:12:07] /i 5785
[03/10/2011 12:16:36] /i 9777
[03/10/2011 12:16:40] /i 9778
[03/10/2011 12:16:47] /i 9776
[03/10/2011 12:17:05] /i 9933
[03/10/2011 12:17:22] /r
[03/10/2011 12:17:26] /r
[03/10/2011 12:17:32] /i ice shield
[03/10/2011 12:17:43] /i golden falcon
[03/10/2011 12:17:48] /i 9774
[03/10/2011 12:18:02] /i backpack
[03/10/2011 12:25:57] /save
[03/10/2011 12:27:40] /goto Kwatty Guaranaa
[03/10/2011 13:43:53] /mc
[03/10/2011 14:11:21] /ghost
[03/10/2011 14:11:26] /goto clasus
[03/10/2011 14:11:28] /a 2
[03/10/2011 14:11:29] /a 2
[03/10/2011 14:11:33] /i 10064
[03/10/2011 15:41:20] /t
[03/10/2011 15:41:47] /B Ravox,99
[03/10/2011 15:43:44] /ghost
[03/10/2011 15:45:11] /r
[03/10/2011 15:45:23] /ban account manager,1
[03/10/2011 15:46:00] /save
[03/10/2011 15:46:05] /reload creaturescript
[03/10/2011 15:46:28] /reload creaturescripts
[03/10/2011 16:14:35] /a
[03/10/2011 16:14:46] /i 5915
[03/10/2011 16:15:10] /ghost
[03/10/2011 16:15:46] /a
[03/10/2011 16:16:01] /i 5915
[03/10/2011 16:16:05] /r
[03/10/2011 16:16:06] /r
[03/10/2011 16:16:09] /a
[03/10/2011 16:16:10] /a
[03/10/2011 16:16:20] /i 5915
[03/10/2011 16:16:33] /r
[03/10/2011 16:16:34] /a
[03/10/2011 16:17:06] /i 5915
[03/10/2011 16:17:13] /r
[03/10/2011 16:17:16] /a
[03/10/2011 16:17:27] /r
[03/10/2011 16:17:33] /a
[03/10/2011 16:17:39] /a
[03/10/2011 16:17:41] /a
[03/10/2011 16:17:42] /a
[03/10/2011 16:17:42] /a
[03/10/2011 16:17:43] /a
[03/10/2011 16:19:15] /t
[04/10/2011 09:46:00] /unban account manager
[04/10/2011 10:21:51] /goto douglas ak
[04/10/2011 10:23:54] /t
[04/10/2011 10:23:58] /a
[04/10/2011 10:24:04] /ghost
[04/10/2011 10:54:23] /a 10
[04/10/2011 10:54:23] /a 10
[04/10/2011 10:54:25] /up
[04/10/2011 10:54:26] /up
[04/10/2011 10:54:27] /up
[04/10/2011 10:54:48] /ban Natanael,1
[04/10/2011 11:02:26] /goto polo play
[04/10/2011 11:50:25] /goto marciano
[04/10/2011 11:50:26] /a
[04/10/2011 11:50:30] /a
[04/10/2011 11:50:32] /a
[04/10/2011 11:50:33] /a
[04/10/2011 11:52:33] /goto amy house
[04/10/2011 11:52:43] /goto amy house
[04/10/2011 11:52:44] /goto amy house
[04/10/2011 11:52:45] /goto amy house
[04/10/2011 11:52:47] /goto amy house
[04/10/2011 11:52:48] /goto amy house
[04/10/2011 11:52:50] /goto amy house
[04/10/2011 11:52:51] /goto amy house
[04/10/2011 11:52:52] /goto amy house
[04/10/2011 11:52:54] /goto amy house
[04/10/2011 11:52:56] /goto amy house
[04/10/2011 11:52:59] /goto amy house
[04/10/2011 11:53:03] /goto amy house
[04/10/2011 11:53:08] /goto amy house
[04/10/2011 11:53:13] /goto amy house
[04/10/2011 11:53:16] /goto amy house
[04/10/2011 11:53:20] /goto amy house
[04/10/2011 11:54:32] /goto Girlany Bastos
[04/10/2011 12:07:17] /goto Girlany Bastos
[04/10/2011 12:13:12] /t
[04/10/2011 12:13:30] /ban Kings of Paladins,99
[04/10/2011 12:14:56] /ban Kiina of helll,99
[04/10/2011 12:15:07] /B You are deth
[04/10/2011 12:30:30] /c amy house
[04/10/2011 12:31:00] /i utamo remover rune
[04/10/2011 12:33:07] /ghost
[04/10/2011 12:39:45] /a
[04/10/2011 12:40:20] /a
[04/10/2011 14:28:40] /a
[04/10/2011 14:28:59] /a 2
[04/10/2011 14:29:02] /a 2
[04/10/2011 14:29:03] /a 2
[04/10/2011 14:29:06] /a 2
[04/10/2011 17:18:47] /t
[05/10/2011 11:01:25] /i 10064
[05/10/2011 11:06:29] /i super epic mana rune
[05/10/2011 11:06:55] /i 10064
[05/10/2011 11:09:13] /goto lord paulistinha
[05/10/2011 11:09:16] /goto lord paulistinha
[05/10/2011 11:09:38] /ghost
[05/10/2011 11:10:12] /goto lord paulistinha
[05/10/2011 11:10:13] /goto lord paulistinha
[05/10/2011 11:10:22] /a
[05/10/2011 11:10:23] /a
[05/10/2011 11:10:29] /c lord paulistinh
[05/10/2011 11:10:30] /c lord paulistinha
[05/10/2011 11:11:59] /c lord paulistinha
[05/10/2011 11:12:10] /c lord paulistinha
[05/10/2011 11:13:31] /t lord paulistinha
[05/10/2011 11:13:37] /t
[05/10/2011 11:13:40] /ghost
[05/10/2011 11:49:19] /goto douglas ak
[05/10/2011 11:49:57] /up
[05/10/2011 11:49:59] /c druid ak
[05/10/2011 11:50:03] /c druid ak
[05/10/2011 11:50:06] /goto douglas ak
[05/10/2011 11:50:12] /a 5
[05/10/2011 11:50:14] /up
[05/10/2011 11:50:18] /c douglas ak
[05/10/2011 11:51:13] /t douglas ak
[05/10/2011 21:44:40] /t
[05/10/2011 21:45:09] /B Natanael
[05/10/2011 21:45:38] /ghost
[05/10/2011 21:46:02] /goto Supreme Pally
[05/10/2011 21:57:15] /c exterminador ak
[05/10/2011 21:57:25] /c exterminador aki
[05/10/2011 21:57:26] /c exterminador aki
[05/10/2011 21:57:31] /c exterminador aki
[05/10/2011 21:59:04] /c exterminador aki
[05/10/2011 22:52:56] /t
[05/10/2011 22:53:08] /mc
[05/10/2011 22:53:14] /ban Kio Do Novo
[05/10/2011 22:53:19] /ban Kio Do Novo,99
[05/10/2011 22:53:26] /ban Picanha,99
[05/10/2011 22:58:29] /goto spartano
[05/10/2011 22:58:42] /t Kerolaynee
[05/10/2011 23:54:50] /goto spartano
[05/10/2011 23:55:15] /goto spartano
[05/10/2011 23:55:18] /goto spartano
[05/10/2011 23:55:23] /goto spartano
[05/10/2011 23:56:15] /goto spartano
[05/10/2011 23:57:30] /goto spartano
[05/10/2011 23:57:33] /goto spartano
[05/10/2011 23:59:57] /t
[06/10/2011 00:00:57] /goto spartano
[06/10/2011 00:00:59] /goto spartano
[06/10/2011 00:01:00] /goto spartano
[06/10/2011 00:01:01] /goto spartano
[06/10/2011 00:01:04] /goto spartano
[06/10/2011 00:01:05] /goto spartano
[06/10/2011 00:01:10] /goto spartano
[06/10/2011 00:03:17] /a 4
[06/10/2011 00:04:53] /goto spartano
[06/10/2011 00:04:55] /goto spartano
[06/10/2011 12:30:58] /goto spartano
[06/10/2011 12:30:59] /goto spartano
[06/10/2011 12:31:24] /goto spartano
[06/10/2011 12:31:25] /goto spartano
[06/10/2011 12:31:28] /goto spartano
[06/10/2011 12:32:19] /goto spartano
[06/10/2011 20:43:30] /t
[06/10/2011 20:43:33] /reload raids
[06/10/2011 20:45:02] /reload raids
[06/10/2011 20:46:11] /reload raids
[06/10/2011 20:46:52] /reload raids
[06/10/2011 20:53:32] /reload globalevents
[06/10/2011 20:53:52] /reload raids
[06/10/2011 20:54:23] /reload globalevents
[06/10/2011 20:54:40] /reload globalevents
[06/10/2011 21:09:40] /goto love io
[06/10/2011 21:10:47] /ban Nossa,1
[06/10/2011 21:10:54] /t
[06/10/2011 21:11:03] /r
[06/10/2011 21:11:04] /r
[06/10/2011 21:11:05] /r
[06/10/2011 21:11:06] /r
[06/10/2011 21:11:06] /r
[06/10/2011 21:11:08] /r
[06/10/2011 21:11:11] /r
[06/10/2011 21:32:38] /goto couty fdp
[06/10/2011 21:41:23] /goto Lukinhas Street
[06/10/2011 21:41:25] /a
[06/10/2011 21:41:26] /a
[06/10/2011 21:41:27] /r
[06/10/2011 21:41:28] /r
[06/10/2011 21:41:29] /r
[06/10/2011 21:41:34] /ban Lukinhas Street,99
[06/10/2011 21:47:50] /goto couty fdp
[06/10/2011 22:12:21] /t
[06/10/2011 22:12:23] /goto Poderosa
[06/10/2011 22:12:37] /ban Poderosa,24
[06/10/2011 22:28:18] /reload spells
[06/10/2011 22:29:02] /t
[06/10/2011 22:29:03] /up
[06/10/2011 22:29:04] /up
[06/10/2011 22:43:47] /m training monk
[06/10/2011 22:43:48] /m training monk
[06/10/2011 22:43:51] /m training monk
[06/10/2011 22:49:33] /r
[07/10/2011 07:56:31] /reload globalevents
[07/10/2011 08:07:28] /reload spells
[07/10/2011 08:09:06] /reload spells
[07/10/2011 08:09:34] /t
[07/10/2011 08:11:36] /reload spells
[07/10/2011 08:11:59] /m training monk
[07/10/2011 08:12:01] /m training monk
[07/10/2011 08:12:16] /r
[07/10/2011 08:12:17] /r
[07/10/2011 08:12:18] /r
[07/10/2011 08:12:19] /r
[07/10/2011 08:13:53] /reload spells
[07/10/2011 08:14:02] /reload spells
[07/10/2011 08:14:13] /m training monk
[07/10/2011 08:14:28] /r
[07/10/2011 08:14:29] /r
[07/10/2011 08:14:30] /r
[07/10/2011 08:16:15] /reload spells
[07/10/2011 08:17:02] /reload spells
[07/10/2011 08:18:01] /reload spells
[07/10/2011 08:18:38] /m training monk
[07/10/2011 08:22:27] /r
[07/10/2011 08:22:51] /goto fodex
[07/10/2011 08:30:49] /goto fodex
[07/10/2011 08:31:30] /goto fodex
[07/10/2011 08:33:11] /goto fodex
[07/10/2011 08:34:16] /goto love io
[07/10/2011 08:41:58] /goto love io
[07/10/2011 08:42:00] /goto love io
[07/10/2011 08:42:02] /goto love io
[07/10/2011 08:42:04] /goto love io
[07/10/2011 08:42:06] /goto love io
[07/10/2011 08:42:07] /goto love io
[07/10/2011 08:42:09] /goto love io
[07/10/2011 08:42:11] /goto love io
[07/10/2011 08:58:30] /t
[07/10/2011 09:14:58] /goto love io
[07/10/2011 09:15:00] /goto love io
[07/10/2011 09:15:02] /goto love io
[07/10/2011 09:15:17] /a
[07/10/2011 09:15:17] /a
[07/10/2011 09:15:18] /a
[07/10/2011 09:15:19] /r
[07/10/2011 09:15:34] /a 2
[07/10/2011 09:16:25] /goto Super Elite Matador
[07/10/2011 09:16:26] /goto Super Elite Matador
[07/10/2011 09:16:30] /goto Super Elite Matador
[07/10/2011 09:16:35] /goto Super Elite Matador
[07/10/2011 09:17:48] /ban Super Elite Matador,99
[07/10/2011 09:19:29] /B Noob Foda
[07/10/2011 12:46:59] /goto biel sz
[07/10/2011 12:51:07] /goto lord das trevas
[07/10/2011 12:52:00] /r
[07/10/2011 12:58:16] /t
[07/10/2011 12:58:23] /ban Muleke Zika,99
[07/10/2011 22:33:51] /goto spartano
[14/10/2011 16:52:58] /t
[14/10/2011 16:55:08] /t
[14/10/2011 16:55:10] /a
[14/10/2011 16:55:18] /mc
[14/10/2011 19:07:06] /addskill Demonic Striker,level,40000
[14/10/2011 19:07:09] /addskill Demonic Striker,level,40000
[14/10/2011 19:07:19] /addskill Demonic Striker,level,1000
[14/10/2011 19:07:23] /addskill Demonic Striker,level,10000
[14/10/2011 19:07:27] /addskill Demonic Striker,level,10000
[15/10/2011 17:18:14] /mc
[15/10/2011 17:18:26] /goto pala do malz
[15/10/2011 22:12:23] /t
[16/10/2011 15:00:28] /goto matheus zikinha
[16/10/2011 15:00:33] /a 5
[16/10/2011 15:00:34] /a 5
[16/10/2011 15:00:35] /a 5
[16/10/2011 15:00:36] /a 5
[16/10/2011 15:00:49] /r
[16/10/2011 15:00:54] /r
[16/10/2011 15:00:55] /r
[16/10/2011 15:03:18] /t
[16/10/2011 15:06:10] /i bag
[16/10/2011 15:06:47] /c Katy Perry
[16/10/2011 15:06:58] /c supremo psy
[16/10/2011 15:13:39] /i 2314
[16/10/2011 15:13:50] /i utamo remover rune
[16/10/2011 15:13:54] /i epic uh rune
[16/10/2011 15:14:01] /i epic uh rune
[16/10/2011 15:14:04] /i epic uh rune
[16/10/2011 15:14:11] /i epic uh
[16/10/2011 15:14:17] /i 10064
[16/10/2011 15:15:44] /i max power rune
[21/10/2011 22:08:00] /goto hallszin
[21/10/2011 22:08:18] /ban hallszin,9999
[21/10/2011 22:09:08] /save
[21/10/2011 22:09:12] /reload spells
[21/10/2011 22:09:37] /reload spells
[21/10/2011 22:09:56] /reload spells
[21/10/2011 22:26:52] /reload spells
[21/10/2011 22:28:49] /reload spells
[21/10/2011 22:33:06] /reload spells
[21/10/2011 22:34:16] /reload spells
[21/10/2011 22:37:03] /reload spells
[21/10/2011 22:37:27] /reload spells
[21/10/2011 22:37:56] /reload spells
[21/10/2011 22:39:43] /reload spells
[21/10/2011 22:40:11] /reload spells
[21/10/2011 22:40:27] /reload spells
[21/10/2011 22:41:02] /reload spells
[21/10/2011 22:43:01] /reload spells
[21/10/2011 22:47:07] /reload spells
[21/10/2011 22:47:39] /reload spells
[21/10/2011 22:47:57] /reload spells
[21/10/2011 22:48:57] /reload spells
[21/10/2011 22:49:40] /reload spells
[21/10/2011 22:56:00] /reload spells
[21/10/2011 22:57:34] /reload spells
[21/10/2011 22:57:51] /reload spells
[21/10/2011 23:02:03] /reload spells
[21/10/2011 23:03:34] /reload spells
[21/10/2011 23:04:39] /reload spells
[21/10/2011 23:05:31] /reload spells
[21/10/2011 23:05:57] /reload spells
[21/10/2011 23:07:32] /reload spells
[21/10/2011 23:08:00] /reload spells
[21/10/2011 23:10:34] /reload spells
[22/10/2011 10:55:42] /a 5
[22/10/2011 10:55:44] /a 5
[22/10/2011 10:55:52] /m training monk
[22/10/2011 11:02:27] /reload spells
[22/10/2011 11:04:57] /reload spells
[22/10/2011 11:06:25] /reload spells
[22/10/2011 11:08:08] /reload spells
[22/10/2011 11:09:31] /reload spells
[22/10/2011 11:10:35] /reload spells
[22/10/2011 11:12:57] /reload spells
[22/10/2011 13:53:45] /closeserver
[22/10/2011 14:02:22] /reload spells
[22/10/2011 14:04:15] /reload spells
[22/10/2011 14:04:37] /reload spells
[22/10/2011 14:06:34] /reload spells
[22/10/2011 14:06:57] /reload talkactions
[22/10/2011 14:09:25] /reload talkactions
[22/10/2011 14:10:38] /reload talkactions
[22/10/2011 14:12:38] /reload talkactions
[22/10/2011 14:13:51] /reload spells
[22/10/2011 14:14:01] /reload talkactions
[22/10/2011 14:16:17] /reload spells
[22/10/2011 14:16:24] /reload talkactions
[22/10/2011 14:16:34] /t
[22/10/2011 15:04:53] /goto pepsy
[22/10/2011 15:04:56] /goto pepsy
[22/10/2011 15:05:06] /goto druid master
[22/10/2011 15:05:19] /t
[22/10/2011 15:05:23] /a 10
[22/10/2011 15:05:36] /i 2137
[22/10/2011 15:05:39] /i 2140
[22/10/2011 15:05:51] /goto druid master
[22/10/2011 15:05:56] /goto pepsy
[22/10/2011 15:06:02] /goto druid master
[22/10/2011 15:06:07] /up
[22/10/2011 15:06:10] /a
[22/10/2011 15:06:53] /a 5
[22/10/2011 15:06:57] /a 3
[22/10/2011 15:07:05] /a 2
[22/10/2011 15:07:35] /t lord knight
[22/10/2011 15:07:39] /c lord knight
[22/10/2011 15:08:14] /a
[22/10/2011 15:08:15] /a
[22/10/2011 15:08:36] /t
[22/10/2011 15:08:58] /a 3
[22/10/2011 15:09:03] /i 2160
[22/10/2011 15:09:03] /i 2160
[22/10/2011 15:09:03] /i 2160
[22/10/2011 15:09:04] /i 2160
[22/10/2011 15:09:05] /i 2160
[22/10/2011 15:09:42] /a 10
[22/10/2011 15:09:43] /a 10
[22/10/2011 15:10:16] /goto lord knight
[22/10/2011 15:12:04] /a
[22/10/2011 15:12:05] /a
[22/10/2011 15:12:12] /a
[22/10/2011 15:12:12] /a
[22/10/2011 15:12:13] /a
[22/10/2011 15:13:03] /a 5
[22/10/2011 15:13:15] /a
[22/10/2011 15:13:57] /t
[22/10/2011 15:14:04] /up
[22/10/2011 15:14:06] /c Lord knight
[22/10/2011 15:15:29] /goto pepsy
[22/10/2011 15:16:56] /a 2
[22/10/2011 15:16:59] /a
[22/10/2011 15:17:00] /a
[22/10/2011 15:17:10] /a
[22/10/2011 15:17:11] /a
[22/10/2011 15:17:13] /a
[22/10/2011 15:17:14] /a
[22/10/2011 15:19:07] /a 5
[22/10/2011 15:25:02] /goto pepsy
[22/10/2011 15:25:06] /t
[22/10/2011 20:50:52] /goto bruo
[22/10/2011 20:50:55] /goto bruno
[22/10/2011 20:52:01] /attr group 3
[22/10/2011 20:52:04] /attr group 3
[22/10/2011 20:52:27] /goto bruno
[22/10/2011 20:53:37] /a
[22/10/2011 20:55:34] /attr group 3
[22/10/2011 20:55:48] /a
[22/10/2011 21:03:23] /t
[22/10/2011 21:03:26] /a
[22/10/2011 21:26:34] /a
[22/10/2011 21:27:23] /save
[22/10/2011 21:27:30] /reload weapons
[22/10/2011 21:29:33] /reload weapons
[22/10/2011 21:29:45] /i 7429
[22/10/2011 21:30:22] /i jester wand
[22/10/2011 21:30:34] /reload weapons
[22/10/2011 21:31:25] /reload weapons
[22/10/2011 21:31:29] /i 7958
[22/10/2011 21:32:31] /goto [Tutor] Bruno
[22/10/2011 21:32:33] /a
[22/10/2011 21:32:34] /a
[22/10/2011 21:34:39] /reload weapons
[22/10/2011 21:34:45] /i 7958
[22/10/2011 21:35:52] /a
[22/10/2011 21:35:53] /a 2
[22/10/2011 21:35:56] /a
[22/10/2011 21:35:57] /a
[22/10/2011 21:35:59] /a
[22/10/2011 21:36:00] /a
[22/10/2011 21:36:01] /a
[22/10/2011 21:36:03] /a
[22/10/2011 21:36:03] /a
[22/10/2011 21:36:04] /a
[22/10/2011 21:36:24] /i backpack
[22/10/2011 21:36:28] /i 9694
[22/10/2011 21:36:31] /i 9695
[22/10/2011 21:36:32] /i 9696
[22/10/2011 21:36:34] /i 9697
[22/10/2011 21:36:35] /i 9698
[22/10/2011 21:36:37] /i 9699
[22/10/2011 21:37:35] /r
[22/10/2011 21:37:36] /r
[22/10/2011 21:37:37] /r
[22/10/2011 21:37:39] /r
[22/10/2011 21:37:40] /r
[22/10/2011 21:37:41] /r
[22/10/2011 21:37:45] /i jester doll
[22/10/2011 21:38:00] /i 9693
[22/10/2011 21:39:25] /reload weapons
[22/10/2011 21:39:31] /goto [Tutor] Bruno
[22/10/2011 21:39:37] /a
[22/10/2011 21:41:14] /reload weapons
[22/10/2011 21:42:32] /i 7429
[22/10/2011 21:46:10] /reload weapons
[22/10/2011 21:47:57] /save
[22/10/2011 21:47:59] /reload items
[22/10/2011 21:49:22] /reload items
[22/10/2011 21:49:30] /reload weapons
[22/10/2011 21:50:02] /reload weapons
[22/10/2011 21:51:15] /r
[22/10/2011 21:51:16] /r
[23/10/2011 12:26:43] /a
[23/10/2011 18:29:42] /goto parede
[23/10/2011 18:29:48] /r
[23/10/2011 18:29:49] /r
[23/10/2011 18:29:50] /r
[23/10/2011 18:29:51] /r
[23/10/2011 18:29:52] /r
[23/10/2011 18:29:54] /r
[23/10/2011 18:29:55] /r
[23/10/2011 18:29:56] /r
[23/10/2011 18:29:57] /r
[23/10/2011 18:29:58] /r
[23/10/2011 18:29:59] /r
[23/10/2011 18:30:01] /r
[23/10/2011 18:30:03] /r
[23/10/2011 18:31:32] /a 5
[23/10/2011 18:31:33] /a 5
[23/10/2011 18:31:33] /a 5
[23/10/2011 18:31:43] /goto clasus
[23/10/2011 18:31:45] /a 5
[23/10/2011 18:31:50] /i 2314
[23/10/2011 18:31:59] /t
[23/10/2011 18:36:09] /goto parede
[23/10/2011 18:36:12] /a 5
[23/10/2011 18:36:40] /a 2
[23/10/2011 18:36:41] /r
[23/10/2011 18:36:43] /r
[23/10/2011 18:36:44] /r
[23/10/2011 18:36:44] /r
[23/10/2011 18:36:49] /a 5
[23/10/2011 18:36:50] /a 5
[23/10/2011 18:36:52] /r
[23/10/2011 18:36:54] /r
[23/10/2011 18:36:55] /r
[23/10/2011 18:36:56] /r
[23/10/2011 18:36:59] /r
[23/10/2011 18:37:00] /a 5
[23/10/2011 18:37:59] /a 5
[23/10/2011 18:38:00] /a 5
[23/10/2011 18:38:01] /a 5
[23/10/2011 18:38:20] /r
[23/10/2011 18:39:59] /goto alma
[23/10/2011 18:40:00] /goto alma
[23/10/2011 18:40:02] /a
[23/10/2011 18:40:16] /goto clasus
[23/10/2011 18:40:22] /a 5
[23/10/2011 22:27:46] /goto gilliard
[23/10/2011 22:29:56] /goto gilliard
[23/10/2011 22:30:01] /goto gilliard
[23/10/2011 22:30:03] /goto gilliard
[23/10/2011 22:30:06] /goto gilliard
[23/10/2011 22:30:07] /goto gilliard
[23/10/2011 22:30:14] /goto gilliard
[23/10/2011 22:30:16] /goto gilliard
[23/10/2011 22:30:17] /goto gilliard
[23/10/2011 22:31:00] /goto gilliard
[23/10/2011 22:31:04] /goto gilliard
[23/10/2011 22:31:13] /goto gilliard
[23/10/2011 22:31:14] /goto gilliard
[23/10/2011 22:31:15] /goto gilliard
[23/10/2011 22:31:17] /goto gilliard
[23/10/2011 22:31:18] /goto gilliard
[23/10/2011 22:31:19] /goto gilliard
[23/10/2011 22:31:21] /goto gilliard
[23/10/2011 22:31:22] /goto gilliard
[23/10/2011 22:31:23] /goto gilliard
[23/10/2011 22:31:26] /goto gilliard
[23/10/2011 22:31:30] /goto gilliard
[23/10/2011 22:31:43] /goto gilliard
[23/10/2011 22:31:45] /a
[23/10/2011 22:31:46] /a
[23/10/2011 22:31:50] /a
[23/10/2011 22:31:52] /a
[23/10/2011 22:31:52] /a
[23/10/2011 22:31:53] /a
[23/10/2011 22:35:00] /t
[23/10/2011 22:35:09] /goto gilliard
[23/10/2011 22:35:25] /a 2
[23/10/2011 22:35:30] /t
[23/10/2011 22:36:37] /goto gilliard
[23/10/2011 22:36:41] /a 2
[23/10/2011 22:36:59] /a 10
[23/10/2011 22:36:59] /a 10
[23/10/2011 22:37:06] /t
[23/10/2011 22:37:54] /goto gilliard
[23/10/2011 22:37:57] /a 20
[23/10/2011 22:38:00] /a
[23/10/2011 22:38:11] /t
[23/10/2011 22:38:45] /goto gilliard
[23/10/2011 22:38:59] /a
[23/10/2011 22:39:16] /a
[23/10/2011 22:39:17] /a
[23/10/2011 22:40:34] /a
[23/10/2011 22:40:34] /a
[23/10/2011 22:41:11] /goto gilliard
[23/10/2011 22:41:17] /a
[23/10/2011 22:41:18] /a
[23/10/2011 22:41:19] /a
[23/10/2011 22:41:24] /a
[23/10/2011 22:41:25] /a
[23/10/2011 22:41:28] /a
[23/10/2011 22:41:31] /a
[23/10/2011 22:41:32] /a
[23/10/2011 22:41:33] /a
[23/10/2011 22:41:36] /a 5
[23/10/2011 22:42:24] /i 2160
[23/10/2011 22:42:45] /goto gilliard
[23/10/2011 22:43:06] /goto knight bagulhao
[23/10/2011 22:43:24] /t
[23/10/2011 22:43:39] /i utamo remover rune
[24/10/2011 17:08:58] /mc
[24/10/2011 17:17:01] /goto pepsy
[24/10/2011 17:17:10] /t
[24/10/2011 17:19:23] /goto pepsy
[24/10/2011 17:19:35] /r
[24/10/2011 17:19:36] /r
[24/10/2011 17:19:37] /r
[24/10/2011 17:22:48] /t
[24/10/2011 17:38:39] /t
[24/10/2011 18:47:27] /goto pepsy
[24/10/2011 23:56:45] /goto [Tutor] Bruno
[24/10/2011 23:56:49] /goto [Tutor] Bruno
[24/10/2011 23:56:54] /c [Tutor] Bruno
[24/10/2011 23:57:25] /t
[25/10/2011 00:20:55] /up
[25/10/2011 00:20:57] /up
[25/10/2011 00:21:00] /c druid master I
[25/10/2011 00:23:35] /t druid master I
[25/10/2011 00:23:37] /t
[25/10/2011 00:23:59] /mc
[25/10/2011 00:24:04] /goto fole
[25/10/2011 00:24:16] /mc
[25/10/2011 00:26:53] /ban Fodex,24
[25/10/2011 00:27:01] /ban Fole,24
[25/10/2011 00:27:10] /r
[25/10/2011 00:27:12] /r
[25/10/2011 00:27:13] /r
[25/10/2011 00:27:14] /r
[25/10/2011 00:27:15] /r
[25/10/2011 00:28:04] /goto druid master I
[25/10/2011 00:30:19] /i 3938
[25/10/2011 00:30:41] /r
[25/10/2011 00:30:42] /r
[25/10/2011 00:31:04] /t
[25/10/2011 00:32:41] /mc
[25/10/2011 00:32:51] /goto Paladin Da Morte
[25/10/2011 00:33:14] /c Paladin Do Ceu
[25/10/2011 00:34:39] /goto fodinha
[25/10/2011 00:34:56] /goto druid master I
[25/10/2011 00:35:58] /unban fodex
[25/10/2011 00:36:08] /t
[25/10/2011 00:38:26] /r
[27/10/2011 11:44:09] /r
[27/10/2011 11:44:13] /i 3908
[27/10/2011 11:48:46] /goto Pepsy
[27/10/2011 11:48:49] /a
[27/10/2011 11:50:20] /t pepsy
[27/10/2011 11:50:22] /t
[27/10/2011 11:50:36] /goto papai chego
[27/10/2011 11:50:38] /goto papai chegou
[27/10/2011 11:50:53] /goto papai chegou
[27/10/2011 11:50:55] /goto papai chegou
[27/10/2011 11:51:29] /goto papai chegou
[27/10/2011 11:51:39] /a 2
[27/10/2011 11:51:44] /a 2
[27/10/2011 11:51:48] /a 2
[27/10/2011 11:51:51] /a 2
[27/10/2011 12:21:09] /goto pepsy
[27/10/2011 12:22:13] /t
[29/10/2011 18:50:10] /b quem joga ddtank?
[08/11/2011 11:54:46] /goto Sexe na praia
[08/11/2011 11:54:48] /goto Sexe na praia
[08/11/2011 11:54:51] /goto Sexe na praia
[08/11/2011 11:55:24] /t
[08/11/2011 11:55:28] /a
[08/11/2011 12:23:42] /a 3
[08/11/2011 12:47:35] /a 10
[08/11/2011 12:47:36] /a 10
[14/11/2011 10:42:18] /up
[14/11/2011 10:42:22] /up
[14/11/2011 10:42:54] /goto dezalmado
[14/11/2011 10:43:26] /goto dezalmado
[14/11/2011 10:43:41] /goto dezalmado
[14/11/2011 10:44:31] /t dezalmado
[14/11/2011 10:44:32] /t
[15/11/2011 13:23:30] /t
[15/11/2011 13:25:25] /mc
[15/11/2011 13:28:45] /B Lord Paulistinha
[15/11/2011 13:28:48] /a
[15/11/2011 13:29:07] /B Account Manager
[15/11/2011 13:29:37] /ban account manager
[15/11/2011 13:29:39] /ban account manager
[15/11/2011 13:29:40] /ban account manager
[16/11/2011 09:41:39] /goto mestre das sds
[16/11/2011 09:41:52] /i spear
[16/11/2011 09:42:08] /attr attack 99999
[16/11/2011 09:42:17] /attr attack 99999
[16/11/2011 09:42:17] /attr attack 99999
[16/11/2011 09:42:26] /attr attack 99999
[16/11/2011 09:42:27] /attr attack 99999
[16/11/2011 18:53:30] /mc
[16/11/2011 18:58:50] /i Dragon Slayer
[02/12/2011 21:06:11] /npc queen eloise
[02/12/2011 21:06:12] /npc queen eloise
[02/12/2011 21:06:14] /npc queen eloise
[02/12/2011 21:06:21] /closeserver
[02/12/2011 21:24:05] /t
[02/12/2011 21:24:24] /npc queen eloise
[02/12/2011 21:24:28] /m 2160
[02/12/2011 21:24:32] /i 2160
[02/12/2011 21:39:57] /closeserver
[02/12/2011 21:40:09] /openserver
[02/12/2011 21:54:08] /npc Queen Eloise
[02/12/2011 21:54:13] /i 2160
[02/12/2011 21:59:02] /reload npc
[02/12/2011 21:59:09] /npc ultimate epic
[02/12/2011 21:59:11] /r
[02/12/2011 21:59:21] /i 2160
[02/12/2011 21:59:28] /i 2160
[02/12/2011 21:59:28] /i 2160
[02/12/2011 22:00:15] /reload npc
[02/12/2011 22:00:18] /r
[02/12/2011 22:00:21] /npc Ultimate Epic
[02/12/2011 22:00:48] /i 21
[02/12/2011 22:00:56] /i 6590
[02/12/2011 22:01:00] /a
[02/12/2011 22:01:04] /i 6590
[02/12/2011 22:04:16] /r
[02/12/2011 22:04:52] /npc Ultimate Epic
[02/12/2011 22:05:02] /i 2157
[02/12/2011 22:05:29] /r
[02/12/2011 22:05:32] /reload npc
[02/12/2011 22:05:38] /npc Ultimate Epic
[02/12/2011 22:06:29] /i backpack
[02/12/2011 22:06:37] /r
[02/12/2011 22:06:41] /i 2160
[02/12/2011 22:06:41] /i 2160
[02/12/2011 22:06:42] /i 2160
[02/12/2011 22:06:42] /i 2160
[02/12/2011 22:06:42] /i 2160
[02/12/2011 22:06:45] /i 2160
[02/12/2011 22:06:45] /i 2160
[02/12/2011 22:06:45] /i 2160
[02/12/2011 22:06:46] /i 2160
[02/12/2011 22:06:46] /i 2160
[02/12/2011 22:06:46] /i 2160
[02/12/2011 22:06:47] /i 2160
[02/12/2011 22:06:47] /i 2160
[02/12/2011 22:06:48] /i 2160
[02/12/2011 22:06:48] /i 2160
[02/12/2011 22:06:48] /i 2160
[02/12/2011 22:06:49] /i 2160
[02/12/2011 22:06:49] /i 2160
[02/12/2011 22:06:50] /i 2160
[02/12/2011 22:06:50] /i 2160
[02/12/2011 22:08:44] /r
[02/12/2011 22:08:47] /i backpack
[02/12/2011 22:08:53] /i 2160
[02/12/2011 22:08:53] /i 2160
[02/12/2011 22:08:54] /i 2160
[02/12/2011 22:08:54] /i 2160
[02/12/2011 22:08:54] /i 2160
[02/12/2011 22:08:55] /i 2160
[02/12/2011 22:08:55] /i 2160
[02/12/2011 22:08:55] /i 2160
[02/12/2011 22:08:56] /i 2160
[02/12/2011 22:08:56] /i 2160
[02/12/2011 22:08:57] /i 2160
[02/12/2011 22:11:29] /reload npc
[02/12/2011 22:11:45] /npc Ultimeta epic
[02/12/2011 22:11:49] /npc Ultimeta Epic
[02/12/2011 22:11:59] /npc Ultimate Epic
[02/12/2011 22:12:04] /npc queen eloise
[02/12/2011 22:14:43] /r
[02/12/2011 22:25:56] /r
[02/12/2011 22:25:59] /reload npc
[02/12/2011 22:26:04] /npc ultimate epic
[02/12/2011 22:27:33] /reload npc
[02/12/2011 22:28:44] /reload npc
[02/12/2011 22:30:34] /reload npc
[02/12/2011 22:31:04] /reload npc
[02/12/2011 22:31:52] /reload npc
[02/12/2011 22:43:43] /reload npc
[02/12/2011 22:45:24] /npc promotion seller
[02/12/2011 22:49:39] /r
[02/12/2011 22:49:40] /r
[02/12/2011 22:49:41] /r
[02/12/2011 22:49:45] /reload npc
[02/12/2011 22:49:50] /npc ultimate epic
[02/12/2011 22:49:52] /npc ultimate epic
[02/12/2011 22:50:17] /reload npc
[02/12/2011 22:50:18] /npc ultimate epic
[02/12/2011 22:50:45] /reload npc
[02/12/2011 22:50:50] /npc ultimate epic
[02/12/2011 22:51:19] /reload npc
[02/12/2011 22:51:23] /npc ultimate epic
[02/12/2011 22:53:01] /reload npc
[02/12/2011 22:53:04] /npc ultimate epic
[02/12/2011 22:53:38] /reload npc
[02/12/2011 22:53:42] /npc ultimate epic
[02/12/2011 22:59:05] /reload npc
[02/12/2011 22:59:06] /npc ultimate epic
[02/12/2011 23:04:51] /reload all
[02/12/2011 23:06:20] /npc ultimate epic
[02/12/2011 23:09:02] /npc ultimate epi
[02/12/2011 23:09:04] /npc ultimate epic
[02/12/2011 23:11:03] /reload npc
[02/12/2011 23:11:07] /npc ultimate epic
[02/12/2011 23:17:42] /reload npc
[02/12/2011 23:17:47] /r
[02/12/2011 23:18:31] /npc ultimate epic
[02/12/2011 23:19:11] /r
[02/12/2011 23:21:57] /reload npc
[02/12/2011 23:22:07] /npc ultimate epic
[02/12/2011 23:23:11] /reload npc
[02/12/2011 23:23:46] /npc queen eloise
[02/12/2011 23:26:02] /reload npc
[02/12/2011 23:26:46] /reload npc
[02/12/2011 23:29:30] /reload npc
[02/12/2011 23:30:09] /reload npc
[02/12/2011 23:31:12] /reload npc
[02/12/2011 23:32:13] /reload npc
[02/12/2011 23:36:02] /reload npc
[02/12/2011 23:37:16] /reload npc
[02/12/2011 23:41:53] /reload npc
[02/12/2011 23:42:02] /m promote seller
[02/12/2011 23:42:06] /m promotion seller
[02/12/2011 23:42:25] /m Promotion Seller
[02/12/2011 23:43:18] /reload npc
[02/12/2011 23:43:27] /npc Promotion Seller
[02/12/2011 23:45:56] /reload npc
[02/12/2011 23:55:10] /reload vocATIONS
[03/12/2011 00:10:03] /reload npc
[03/12/2011 00:13:59] /reload npc
[03/12/2011 00:17:06] /reload vocations
[03/12/2011 00:17:12] /reload npc
[03/12/2011 00:17:44] /reload npc
[03/12/2011 00:18:49] /reload npc
[03/12/2011 00:18:52] /reload vocations
[03/12/2011 00:18:55] /reload npcs
[03/12/2011 00:23:13] /reload npcs
[03/12/2011 00:26:55] /reload VOCATIONS
[03/12/2011 00:43:38] /reload npc
[03/12/2011 09:11:50] /npc ultimate knight
[03/12/2011 09:11:56] /npc ultimate epic
[03/12/2011 09:13:08] /reload npc
[03/12/2011 09:13:37] /reload npc
[03/12/2011 09:15:24] /reload npc
[03/12/2011 09:17:55] /reload npc]
[03/12/2011 09:18:01] /r
[03/12/2011 09:18:11] /npc vocation
[03/12/2011 09:18:34] /reload npc
[03/12/2011 09:18:38] /npc vocation
[03/12/2011 09:28:38] /reload npc
[03/12/2011 09:28:42] /npc ultimate epic
[03/12/2011 09:50:13] /reload movements
[03/12/2011 09:50:39] /attr action 13500
[03/12/2011 09:59:53] /i 8001
[03/12/2011 09:59:55] /r
[03/12/2011 10:07:09] /reload actions
[03/12/2011 10:07:37] /attr action 2500
[03/12/2011 10:09:11] /reload actions
[03/12/2011 10:09:17] /reload movements
[03/12/2011 10:15:42] /attr action 2500
[03/12/2011 10:27:11] /attr action 2500
[03/12/2011 10:29:13] /npc ultimate epic
[03/12/2011 10:29:41] /npc queen eloise
[03/12/2011 10:32:03] /reload npc
[03/12/2011 10:32:48] /r
[03/12/2011 10:36:24] /reload action
[03/12/2011 10:36:45] /attr action 2500
[03/12/2011 10:43:55] /reload actions
[03/12/2011 10:51:10] /i 4828
[03/12/2011 10:51:13] /a
[03/12/2011 10:51:17] /i 412
[03/12/2011 10:51:21] /i 412
[03/12/2011 10:51:24] /a
[03/12/2011 10:51:27] /r
[03/12/2011 10:59:33] /npc queen eloise
[03/12/2011 11:00:59] /r
[03/12/2011 11:03:55] /npc ultimate epic
[03/12/2011 11:06:43] /reload npc
[03/12/2011 11:07:19] /npc queen eloise
[03/12/2011 11:07:21] /r
[03/12/2011 11:08:56] /i backpack
[03/12/2011 11:09:00] /i 2157
[03/12/2011 11:09:00] /i 2157
[03/12/2011 11:09:00] /i 2157
[03/12/2011 11:09:31] /i 2160
[03/12/2011 11:09:33] /i 2160
[03/12/2011 11:09:34] /i 2160
[03/12/2011 11:09:34] /i 2160
[03/12/2011 11:12:25] /reload npc
[03/12/2011 11:12:29] /npc ultimate epic
[03/12/2011 11:12:31] /r
[03/12/2011 11:13:48] /reload npc
[03/12/2011 11:15:52] /reload npc
[03/12/2011 11:15:54] /reload vocations
[03/12/2011 11:18:51] /reload npc
[03/12/2011 11:22:22] /reload npc
[03/12/2011 11:26:03] /npc ultimate epic
[03/12/2011 11:39:41] /reload npc
[03/12/2011 11:39:43] /r
[03/12/2011 11:39:47] /npc Ultimate Epic Sorcerer
[03/12/2011 11:39:52] /npc Ultimate Epic Druid
[03/12/2011 11:39:56] /npc Ultimate Epic knigh
[03/12/2011 11:39:57] /npc Ultimate Epic knight
[03/12/2011 11:40:04] /npc Ultimate Epic paladin
[03/12/2011 11:40:20] /r
[03/12/2011 11:40:21] /r
[03/12/2011 11:48:47] /npc Ultimate epic knight
[03/12/2011 11:48:54] /npc queen eloise
[03/12/2011 11:49:51] /i backpack
[03/12/2011 11:49:54] /i 2160
[03/12/2011 11:49:54] /i 2160
[03/12/2011 11:49:55] /i 2160
[03/12/2011 11:49:55] /i 2160
[03/12/2011 11:50:49] /r
[03/12/2011 11:51:05] /npc queen eloise
[03/12/2011 11:51:27] /r
[03/12/2011 11:52:12] /r
[03/12/2011 11:52:13] /r
[03/12/2011 11:53:26] /reload actions
[03/12/2011 11:53:32] /reload movements
[03/12/2011 11:53:54] /attr action 2502
[03/12/2011 11:55:37] /i 1946
[03/12/2011 11:55:41] /r
[03/12/2011 11:55:58] /i 1387
[03/12/2011 11:56:26] /attr position 539 530 6
[03/12/2011 11:56:34] /attr position 539 530 6
[03/12/2011 11:56:45] /attr position 539 530 6
[03/12/2011 11:56:54] /r
[03/12/2011 11:56:58] /attr position 539 530 6
[03/12/2011 11:57:14] /attr position 160 54 7
[03/12/2011 12:02:15] /reload actions
[03/12/2011 12:03:10] /r
[03/12/2011 12:03:45] /i 1228
[03/12/2011 12:04:01] /attr action 4211
[03/12/2011 12:04:37] /r
[03/12/2011 12:04:48] /i 1227
[03/12/2011 12:04:50] /i 1228
[03/12/2011 12:05:01] /r
[03/12/2011 12:05:02] /r
[03/12/2011 12:07:39] /attr action 2502
[03/12/2011 12:10:06] /reload actions
[03/12/2011 12:10:17] /attr action 2502
[03/12/2011 12:10:48] /attr action 2500
[03/12/2011 12:14:51] /reload movements
[03/12/2011 12:14:58] /attr action 2502
[03/12/2011 12:16:07] /reload movements
[03/12/2011 12:16:11] /attr action 2502
[03/12/2011 12:20:05] /reload movements
[03/12/2011 12:20:07] /attr action 2502
[03/12/2011 12:20:46] /reload movements
[03/12/2011 12:20:47] /attr action 2502
[03/12/2011 12:22:57] /reload movements
[03/12/2011 12:23:23] /reload movements
[03/12/2011 12:24:12] /reload movements
[03/12/2011 12:24:42] /attr action 2506
[03/12/2011 12:25:21] /attr action 2505
[03/12/2011 12:30:42] /reload movements
[03/12/2011 12:30:45] /reload actions
[03/12/2011 12:33:03] /attr action 2502
[03/12/2011 12:33:11] /a
[03/12/2011 12:33:12] /a
[03/12/2011 12:33:12] /a
[03/12/2011 12:33:14] /a
[03/12/2011 12:33:15] /a
[03/12/2011 12:33:15] /a
[03/12/2011 12:33:15] /a
[03/12/2011 12:33:18] /a
[03/12/2011 12:33:22] /attr action 2502
[03/12/2011 12:33:24] /a
[03/12/2011 12:33:26] /a
[03/12/2011 12:33:26] /a
[03/12/2011 12:33:27] /a
[03/12/2011 12:33:29] /a
[03/12/2011 12:33:31] /a
[03/12/2011 12:33:32] /a
[03/12/2011 12:33:34] /a
[03/12/2011 12:33:34] /a
[03/12/2011 12:33:38] /a
[03/12/2011 12:33:39] /a
[03/12/2011 12:35:21] /attr action
[03/12/2011 12:35:42] /mc
[03/12/2011 12:35:47] /goto druida
[03/12/2011 12:35:56] /goto dezalmado
[03/12/2011 12:36:03] /a
[03/12/2011 12:36:29] /mc
[03/12/2011 12:37:58] /t
[03/12/2011 12:39:20] /mc
[03/12/2011 12:48:12] /i 2127
[03/12/2011 12:48:43] /i 2141
[03/12/2011 12:48:45] /r
[03/12/2011 12:50:25] /reload talkactions
[03/12/2011 12:50:32] /i backpack
[03/12/2011 12:50:40] /i 2141
[03/12/2011 12:50:46] /reload movements
[03/12/2011 12:50:55] /attr action 13542
[03/12/2011 12:51:35] /reload movements
[03/12/2011 12:51:38] /reload talkactions
[03/12/2011 12:51:54] /attr action
[03/12/2011 12:54:26] /reload globalevents
[03/12/2011 12:55:28] /reload globalevents
[03/12/2011 12:57:33] /reload globalevents
[03/12/2011 12:57:53] /reload globalevents
[03/12/2011 13:12:41] /reload globalevents
[03/12/2011 13:13:51] /reload globalevents
[03/12/2011 13:16:35] /i 2160
[03/12/2011 13:16:37] /i 2160
[03/12/2011 13:16:46] /npc ultimate epic knight
[03/12/2011 13:17:48] /r
[03/12/2011 13:20:38] /ghost
[03/12/2011 13:20:43] /ghost
[03/12/2011 13:24:24] /reload globalevents
[03/12/2011 13:27:25] /mc
[03/12/2011 13:28:10] /attr action
[03/12/2011 13:28:27] /reload globalevents
[03/12/2011 13:29:11] /npc ultimate epic knight 
[03/12/2011 13:29:14] /npc ultimate epic knight
[03/12/2011 13:33:49] /reload npc
[03/12/2011 13:38:28] /reload npc
[04/12/2011 15:05:03] /reload globalevents
[04/12/2011 15:05:30] /npc ultimate epic sorcerer
[04/12/2011 15:12:30] /reload npc
[04/12/2011 15:13:44] /reload npc
[04/12/2011 15:14:11] /reload npc
[04/12/2011 15:16:10] /reload npc
[04/12/2011 15:16:28] /reload npc
[04/12/2011 15:17:06] /reload npc
[04/12/2011 15:18:31] /reload npc
[04/12/2011 15:19:15] /reload npc
[04/12/2011 15:20:27] /reload npc
[04/12/2011 15:22:40] /reload npc
[04/12/2011 15:27:25] /reload npc
[04/12/2011 15:27:31] /t blatter halls
[04/12/2011 15:29:48] /reload npc
[04/12/2011 15:29:49] /r
[04/12/2011 15:29:52] /r
[04/12/2011 15:30:01] /npc queen eloise
[04/12/2011 15:30:04] /t Blatter Halls
[04/12/2011 15:30:45] /npc promotion seller
[04/12/2011 15:31:36] /reload vocation
[04/12/2011 15:32:37] /r
[04/12/2011 15:35:04] /r
[04/12/2011 15:35:05] /r
[04/12/2011 15:35:10] /reload vocations
[04/12/2011 15:36:48] /reload vocations
[04/12/2011 15:39:59] /npc promotion seller
[04/12/2011 15:42:28] /reload npc
[04/12/2011 20:38:52] /c Muleke doido
[04/12/2011 20:38:58] /npc promotion seller
[04/12/2011 20:39:05] /i 2160
[04/12/2011 20:39:22] /r
[04/12/2011 20:39:25] /npc queen eloise
[04/12/2011 20:40:12] /reload npc
[04/12/2011 20:41:26] /reload npc
[04/12/2011 20:42:03] /i 2160
[04/12/2011 21:01:30] /reload npc
[04/12/2011 21:01:35] /r
[04/12/2011 21:01:37] /r
[04/12/2011 21:01:46] /npc ultimate epic knight
[04/12/2011 22:08:28] /npc queen eloise
[04/12/2011 22:08:39] /i 2160
[04/12/2011 22:41:58] /r
[04/12/2011 22:42:17] /reload npc
[04/12/2011 22:42:21] /reload vocations
[04/12/2011 22:42:42] /i 2160
[04/12/2011 22:43:30] /npc ultimate epic knight
[04/12/2011 22:44:47] /npc ultimate epic knight
[04/12/2011 22:44:56] /reload npc
[04/12/2011 22:46:53] /reload npc
[04/12/2011 22:52:34] /reload npc
[04/12/2011 22:53:15] /reload npc
[04/12/2011 22:55:02] /reload npc
[04/12/2011 22:56:12] /reload npc
[04/12/2011 22:57:23] /r
[04/12/2011 22:57:27] /npc queen eloise
[04/12/2011 22:58:36] /reload npc
[04/12/2011 23:04:44] /i 2160
[04/12/2011 23:05:08] /reload npc
[04/12/2011 23:05:13] /reload vocations
[04/12/2011 23:05:54] /r
[04/12/2011 23:05:56] /r
[04/12/2011 23:06:06] /npc Ultimate Epic Paladin
[04/12/2011 23:06:07] /npc Ultimate Epic Paladin
[04/12/2011 23:06:46] /reload npc
[04/12/2011 23:06:48] /npc Ultimate Epic Paladin
[04/12/2011 23:07:29] /reload npc
[04/12/2011 23:07:47] /i 2159
[04/12/2011 23:07:51] /i 2159
[04/12/2011 23:07:52] /i 2159
[04/12/2011 23:07:52] /i 2159
[04/12/2011 23:07:52] /i 2159
[04/12/2011 23:07:53] /i 2159
[04/12/2011 23:08:32] /reload npc
[04/12/2011 23:10:10] /reload npc
[04/12/2011 23:16:21] /npc queen eloise
[04/12/2011 23:16:44] /i 2160
[04/12/2011 23:17:08] /r
[04/12/2011 23:18:24] /npc ultimate epic paladin
[04/12/2011 23:39:06] /r
[04/12/2011 23:39:13] /up
[04/12/2011 23:39:14] /up
[04/12/2011 23:39:22] /i 1037
[04/12/2011 23:39:24] /i 1037
[04/12/2011 23:39:25] /i 1037
[04/12/2011 23:39:27] /i 1037
[04/12/2011 23:39:28] /i 1037
[04/12/2011 23:39:28] /i 1037
[04/12/2011 23:39:31] /down
[04/12/2011 23:39:32] /down
[04/12/2011 23:39:35] /up
[04/12/2011 23:39:37] /up
[04/12/2011 23:39:40] /i 1036
[04/12/2011 23:39:41] /i 1036
[04/12/2011 23:39:43] /a
[04/12/2011 23:39:45] /a
[04/12/2011 23:39:47] /i 1036
[04/12/2011 23:39:48] /i 1036
[04/12/2011 23:39:49] /i 1036
[04/12/2011 23:39:50] /i 1036
[04/12/2011 23:39:54] /i 1037
[04/12/2011 23:39:56] /i 1037
[04/12/2011 23:40:00] /a
[04/12/2011 23:40:02] /i 1037
[04/12/2011 23:40:08] /i 1036
[04/12/2011 23:40:08] /i 1036
[04/12/2011 23:40:09] /i 1036
[04/12/2011 23:40:15] /c mateus im
[04/12/2011 23:40:18] /c mateusim
[04/12/2011 23:40:23] /c mateuslim
[04/12/2011 23:40:27] /npc queen eloise
[04/12/2011 23:40:32] /i 2160
[04/12/2011 23:40:36] /i 2157
[04/12/2011 23:40:59] /r
[04/12/2011 23:41:08] /npc ultimate epic sorcerer
[04/12/2011 23:41:13] /reload npc
[04/12/2011 23:42:12] /c Matteus I
[04/12/2011 23:42:13] /r
[04/12/2011 23:42:19] /npc ultimate epic paladin
[04/12/2011 23:42:25] /i 2157
[04/12/2011 23:43:02] /reload vocations
[04/12/2011 23:43:18] /c Matteus
[04/12/2011 23:43:24] /i 2157
[04/12/2011 23:45:26] /npc ultimate epic druid
[04/12/2011 23:46:07] /c Mateuslim I
[04/12/2011 23:46:11] /i 2157
[04/12/2011 23:46:44] /r
[04/12/2011 23:46:49] /npc ultimate epic knigh
[04/12/2011 23:46:50] /npc ultimate epic knighT
[04/12/2011 23:50:12] /reload npc
[05/12/2011 00:09:55] /ghost
[05/12/2011 00:09:57] /ghost
[05/12/2011 00:10:12] /attr action 13542
[05/12/2011 00:10:48] /i 2141
[05/12/2011 00:11:55] /reload creaturescript
[05/12/2011 00:12:05] /reload creaturescript
[05/12/2011 00:12:18] /reload creaturescripts
[05/12/2011 00:12:41] /reload creaturescripts
[05/12/2011 00:13:00] /reload creaturescripts
[05/12/2011 00:13:13] /reload creaturescripts
[05/12/2011 00:13:40] /reload creaturescripts
[05/12/2011 00:15:45] /npc ultimate epic knight
[25/01/2013 18:29:57] /t
[25/01/2013 18:30:22] /a
[25/01/2013 18:30:22] /a
[25/01/2013 18:30:22] /a
[25/01/2013 18:30:23] /a
[25/01/2013 18:30:23] /a
[25/01/2013 18:30:23] /a
[25/01/2013 18:30:23] /a
[25/01/2013 18:30:23] /a
[25/01/2013 18:43:30] /reload spells
[25/01/2013 18:44:04] /reload spells
[25/01/2013 18:48:43] /reload spells
[25/01/2013 18:48:57] /reload spells
[25/01/2013 18:49:57] /reload spells
[25/01/2013 18:50:32] /reload spells
[25/01/2013 18:50:56] /reload spells
[25/01/2013 18:54:49] /reload spells
[25/01/2013 19:00:05] /reload spells
[25/01/2013 19:01:53] /reload spells
[25/01/2013 19:04:13] /reload spells
[25/01/2013 19:04:29] /i utamo remover rune
[25/01/2013 19:05:00] /reload spells
[25/01/2013 19:07:01] /reload spells
[25/01/2013 19:07:32] /reload spells
[25/01/2013 19:12:15] /reload spells
[25/01/2013 19:12:53] /reload spells
[25/01/2013 19:14:24] /reload spells
[25/01/2013 19:14:45] /reload spells
[25/01/2013 19:15:02] /reload spells
[25/01/2013 19:15:12] /reload spells
[25/01/2013 19:15:21] /reload spells
[25/01/2013 19:15:27] /reload spells
[25/01/2013 19:15:53] /reload spells
[25/01/2013 19:16:07] /reload spells
[25/01/2013 19:21:21] /i 8422
[25/01/2013 19:21:25] /r
[25/01/2013 19:21:57] /i 2790
[25/01/2013 19:38:40] /reload actions
[25/01/2013 19:38:56] /reload actions
[25/01/2013 19:54:08] /reload globalevents
[25/01/2013 19:59:00] /reload globalevents
[25/01/2013 20:05:21] /reload globalevents
[25/01/2013 20:05:30] /reload creaturescript
[25/01/2013 20:05:30] /reload creaturescripts
[25/01/2013 20:06:00] /reload creaturescripts
[25/01/2013 20:06:03] /reload creaturescripts
[25/01/2013 20:07:42] /reload creaturescripts
[25/01/2013 20:07:44] /reload globalevents
[25/01/2013 20:09:14] /reload globalevents
[25/01/2013 20:09:16] /reload creaturescripts
[25/01/2013 20:11:02] /reload creaturescripts
[25/01/2013 20:11:25] /reload creaturescripts
[25/01/2013 20:11:26] /reload globalevents
[25/01/2013 20:12:04] /reload globalevents
[25/01/2013 20:12:41] /reload globalevents
[25/01/2013 20:15:22] /reload creaturescripts
[25/01/2013 20:18:41] /reload globalevents
[25/01/2013 20:19:32] /reload monster
[25/01/2013 20:27:01] /reload monster
[25/01/2013 20:32:07] /reload monster
[25/01/2013 20:32:32] /reload monster
[25/01/2013 20:32:44] /reload monster
[25/01/2013 20:37:49] /reload monster
[26/01/2013 00:08:43] /reload raids
[26/01/2013 00:08:55] /raid demon lord
[26/01/2013 00:09:11] /reload raids
[26/01/2013 00:09:14] /raid demon lord
[26/01/2013 00:09:24] /raid Demon Lord
[26/01/2013 00:09:41] /raid Demon Lord
[26/01/2013 00:10:07] /reload raids
[26/01/2013 00:10:08] /raid Demon Lord
[26/01/2013 00:10:13] /raid demon lord
[26/01/2013 00:13:38] /reload raids
[26/01/2013 00:13:43] /raid demon lord
[26/01/2013 00:14:29] /reload raids
[26/01/2013 00:14:32] /raid demon lord
[26/01/2013 00:15:25] /reload raids
[26/01/2013 00:15:29] /raid demon lord
[26/01/2013 00:15:41] /r
[26/01/2013 00:15:42] /r
[26/01/2013 00:15:43] /r
[26/01/2013 00:16:23] /reload raids
[26/01/2013 00:16:26] /raid demon lord
[26/01/2013 00:17:10] /reload raids
[26/01/2013 00:17:14] /raid demon lord
[26/01/2013 00:17:56] /r
[26/01/2013 00:17:58] /raid demon lord
[26/01/2013 00:18:29] /r
[26/01/2013 00:18:46] /raid demon lord
[26/01/2013 00:19:19] /r
[26/01/2013 00:31:01] /reload globalevents
[26/01/2013 00:42:20] /reload globalevents
[26/01/2013 00:42:54] /reload globalevents
[26/01/2013 00:46:22] /reload globalevents
[26/01/2013 00:47:07] /reload globalevents
[26/01/2013 00:47:34] /reload globalevents
[26/01/2013 00:48:08] /reload globalevents
[26/01/2013 00:50:58] /reload globalevents
[26/01/2013 00:53:27] /a 20
[26/01/2013 00:53:40] /a
[26/01/2013 00:53:41] /a
[26/01/2013 00:53:41] /a
[26/01/2013 00:53:41] /a
[26/01/2013 00:53:41] /a
[26/01/2013 00:53:41] /a
[26/01/2013 00:53:42] /a
[26/01/2013 00:53:42] /a
[26/01/2013 00:53:45] /a
[26/01/2013 00:53:45] /a
[26/01/2013 00:53:45] /a
[26/01/2013 00:53:46] /a
[26/01/2013 00:53:46] /a
[26/01/2013 00:56:40] /m ferumbras
[26/01/2013 00:57:32] /i health potion
[26/01/2013 00:58:47] /addskill [Hoster] Mateus,level,99900
[26/01/2013 19:19:26] /a
[26/01/2013 19:23:16] /ghost
[26/01/2013 19:23:50] /attr group 3
[26/01/2013 19:24:29] /attr group 2
[26/01/2013 19:25:04] /reload talkactions
[26/01/2013 19:25:59] /reload talkactions
[26/01/2013 19:31:26] /reload talkactions
[26/01/2013 19:36:17] /save
[26/01/2013 19:36:24] /reload globalevents
[26/01/2013 19:36:32] /reload creaturescripts
[26/01/2013 19:38:33] /reload talkactions
[26/01/2013 22:38:08] /i epic statue
[26/01/2013 22:38:35] /attr action id 4569
[26/01/2013 22:38:41] /attr actionid 4569
[26/01/2013 22:38:58] /a 10
[26/01/2013 22:38:59] /a 10
[26/01/2013 22:39:00] /a 10
[26/01/2013 22:39:02] /a 10
[26/01/2013 22:39:03] /a 10
[26/01/2013 22:39:26] /attr uniqueid 4569
[27/01/2013 09:17:48] /t
[27/01/2013 09:17:49] /i dice
[27/01/2013 09:18:03] /i 5792
[27/01/2013 09:25:45] /i 1852
[27/01/2013 09:31:16] /r
[27/01/2013 09:31:32] /attr group 2
[27/01/2013 09:31:44] /attr group 3
[27/01/2013 09:32:05] /i epic statue
[27/01/2013 09:32:15] /attr actionid 8422
[27/01/2013 09:33:23] /t
[27/01/2013 09:34:29] /reload actions
[27/01/2013 09:36:01] /t
[27/01/2013 09:36:05] /reload actions
[27/01/2013 09:36:31] /reload actions
[27/01/2013 09:37:25] /reload actions
[27/01/2013 09:38:29] /reload actions
[27/01/2013 09:38:49] /reload actions
[27/01/2013 09:39:00] /r
[27/01/2013 09:39:02] /a 30
[27/01/2013 09:39:05] /a 30
[27/01/2013 09:39:14] /c test
[27/01/2013 09:39:16] /c test
[27/01/2013 09:40:10] /goto test
[27/01/2013 09:40:11] /t test
[27/01/2013 09:40:41] /t
[27/01/2013 09:43:03] /reload globalevents
[27/01/2013 09:44:19] /i golden fruits
[27/01/2013 09:44:24] /i some golden fruit
[27/01/2013 09:44:25] /i some golden fruits
[27/01/2013 09:44:45] /goto clasus
[27/01/2013 09:44:47] /a 2
[27/01/2013 09:46:06] /npc queen eloise
[27/01/2013 09:46:08] /i 2157
[27/01/2013 09:46:30] /i gold coins
[27/01/2013 09:46:32] /i gold coin
[27/01/2013 09:46:42] /i backpack
[27/01/2013 09:46:47] /i backpack
[27/01/2013 09:46:47] /i backpack
[27/01/2013 09:46:52] /i 2152
[27/01/2013 09:47:15] /i gold coin
[27/01/2013 09:47:16] /i gold coin
[27/01/2013 09:47:30] /i platium coin
[27/01/2013 09:47:38] /i platinum coin
[27/01/2013 09:47:39] /i platinum coin
[27/01/2013 09:47:55] /i 2160
[27/01/2013 09:47:58] /i 2160
[27/01/2013 09:48:04] /i 2157
[27/01/2013 09:48:51] /r
[27/01/2013 09:48:57] /clean
[27/01/2013 09:50:19] /i fireflanz
[27/01/2013 09:50:45] /i hacker
[27/01/2013 09:50:47] /m hacker
[27/01/2013 09:51:23] /i enchanted spear
[27/01/2013 09:51:40] /i hunting spear
[27/01/2013 09:52:45] /i coal bashing
[27/01/2013 09:52:48] /i coal bashing
[27/01/2013 09:52:57] /i 1481
[27/01/2013 09:52:58] /i 1481
[27/01/2013 09:52:58] /i 1481
[27/01/2013 09:53:00] /i 1481
[27/01/2013 09:53:01] /i 1481
[27/01/2013 09:53:05] /r
[27/01/2013 09:55:35] /m hacker
[27/01/2013 09:55:36] /m hacker
[27/01/2013 09:55:37] /m hacker
[27/01/2013 09:55:38] /m hacker
[27/01/2013 09:55:40] /ghost
[27/01/2013 09:55:41] /m hacker
[27/01/2013 09:55:43] /m hacker
[27/01/2013 09:55:44] /m hacker
[27/01/2013 09:55:49] /ghost
[27/01/2013 09:59:27] /a
[27/01/2013 10:00:09] /t
[27/01/2013 10:01:29] /attr skill Test,distance,10
[27/01/2013 10:01:40] /attr skill Test,distancefighting,10
[27/01/2013 10:01:49] /addskill Test,distancefighting,10
[27/01/2013 10:01:55] /addskill Test,distance,10
[27/01/2013 10:02:05] /addskill Test,distance,10
[27/01/2013 10:02:08] /addskill Test,distance,10
[27/01/2013 10:02:09] /addskill Test,distance,10
[27/01/2013 10:02:09] /addskill Test,distance,10
[27/01/2013 10:02:10] /addskill Test,distance,10
[27/01/2013 10:02:11] /addskill Test,distance,10
[27/01/2013 10:02:11] /addskill Test,distance,10
[27/01/2013 10:02:12] /addskill Test,distance,10
[27/01/2013 10:02:13] /addskill Test,distance,10
[27/01/2013 10:02:13] /addskill Test,distance,10
[27/01/2013 10:02:14] /addskill Test,distance,10
[27/01/2013 10:02:17] /addskill Test,distance,10
[27/01/2013 10:02:18] /addskill Test,distance,10
[27/01/2013 10:02:18] /addskill Test,distance,10
[27/01/2013 10:02:18] /addskill Test,distance,10
[27/01/2013 10:02:19] /addskill Test,distance,10
[27/01/2013 10:02:19] /addskill Test,distance,10
[27/01/2013 10:02:20] /addskill Test,distance,10
[27/01/2013 10:02:20] /addskill Test,distance,10
[27/01/2013 10:02:20] /addskill Test,distance,10
[27/01/2013 10:02:21] /addskill Test,distance,10
[27/01/2013 10:02:21] /addskill Test,distance,10
[27/01/2013 10:02:21] /addskill Test,distance,10
[27/01/2013 10:02:22] /addskill Test,distance,10
[27/01/2013 10:02:22] /addskill Test,distance,10
[27/01/2013 10:02:22] /addskill Test,distance,10
[27/01/2013 10:02:23] /addskill Test,distance,10
[27/01/2013 10:02:23] /addskill Test,distance,10
[27/01/2013 10:02:23] /addskill Test,distance,10
[27/01/2013 10:02:24] /addskill Test,distance,10
[27/01/2013 10:02:28] /addskill Test,distance,10
[27/01/2013 10:02:28] /addskill Test,distance,10
[27/01/2013 10:02:28] /addskill Test,distance,10
[27/01/2013 10:02:28] /addskill Test,distance,10
[27/01/2013 10:02:28] /addskill Test,distance,10
[27/01/2013 10:02:28] /addskill Test,distance,10
[27/01/2013 10:02:28] /addskill Test,distance,10
[27/01/2013 10:02:28] /addskill Test,distance,10
[27/01/2013 10:02:28] /addskill Test,distance,10
[27/01/2013 10:02:28] /addskill Test,distance,10
[27/01/2013 10:02:28] /addskill Test,distance,10
[27/01/2013 10:02:29] /addskill Test,distance,10
[27/01/2013 10:02:29] /addskill Test,distance,10
[27/01/2013 10:02:29] /addskill Test,distance,10
[27/01/2013 10:02:29] /addskill Test,distance,10
[27/01/2013 10:02:29] /addskill Test,distance,10
[27/01/2013 10:02:29] /addskill Test,distance,10
[27/01/2013 10:02:29] /addskill Test,distance,10
[27/01/2013 10:02:29] /addskill Test,distance,10
[27/01/2013 10:02:29] /addskill Test,distance,10
[27/01/2013 10:02:29] /addskill Test,distance,10
[27/01/2013 10:02:29] /addskill Test,distance,10
[27/01/2013 10:02:29] /addskill Test,distance,10
[27/01/2013 10:02:29] /addskill Test,distance,10
[27/01/2013 10:02:29] /addskill Test,distance,10
[27/01/2013 10:02:29] /addskill Test,distance,10
[27/01/2013 10:02:29] /addskill Test,distance,10
[27/01/2013 10:02:29] /addskill Test,distance,10
[27/01/2013 10:02:29] /addskill Test,distance,10
[27/01/2013 10:02:29] /addskill Test,distance,10
[27/01/2013 10:02:29] /addskill Test,distance,10
[27/01/2013 10:02:29] /addskill Test,distance,10
[27/01/2013 10:02:29] /addskill Test,distance,10
[27/01/2013 10:02:29] /addskill Test,distance,10
[27/01/2013 10:02:29] /addskill Test,distance,10
[27/01/2013 10:02:29] /addskill Test,distance,10
[27/01/2013 10:02:29] /addskill Test,distance,10
[27/01/2013 10:02:29] /addskill Test,distance,10
[27/01/2013 10:02:29] /addskill Test,distance,10
[27/01/2013 10:02:29] /addskill Test,distance,10
[27/01/2013 10:02:29] /addskill Test,distance,10
[27/01/2013 10:02:30] /addskill Test,distance,10
[27/01/2013 10:02:31] /addskill Test,distance,10
[27/01/2013 10:02:31] /addskill Test,distance,10
[27/01/2013 10:02:45] /addskill Test,defense,10
[27/01/2013 10:02:48] /addskill Test,defense,10
[27/01/2013 10:02:59] /addskill Test,shielding,10
[27/01/2013 10:03:07] /addskill Test,shielding,10
[27/01/2013 10:03:08] /addskill Test,shielding,10
[27/01/2013 10:03:08] /addskill Test,shielding,10
[27/01/2013 10:03:08] /addskill Test,shielding,10
[27/01/2013 10:03:08] /addskill Test,shielding,10
[27/01/2013 10:03:08] /addskill Test,shielding,10
[27/01/2013 10:03:08] /addskill Test,shielding,10
[27/01/2013 10:03:08] /addskill Test,shielding,10
[27/01/2013 10:03:08] /addskill Test,shielding,10
[27/01/2013 10:03:08] /addskill Test,shielding,10
[27/01/2013 10:03:08] /addskill Test,shielding,10
[27/01/2013 10:03:08] /addskill Test,shielding,10
[27/01/2013 10:03:08] /addskill Test,shielding,10
[27/01/2013 10:03:08] /addskill Test,shielding,10
[27/01/2013 10:03:08] /addskill Test,shielding,10
[27/01/2013 10:03:08] /addskill Test,shielding,10
[27/01/2013 10:03:08] /addskill Test,shielding,10
[27/01/2013 10:03:08] /addskill Test,shielding,10
[27/01/2013 10:03:08] /addskill Test,shielding,10
[27/01/2013 10:03:08] /addskill Test,shielding,10
[27/01/2013 10:03:09] /addskill Test,shielding,10
[27/01/2013 10:03:09] /addskill Test,shielding,10
[27/01/2013 10:03:09] /addskill Test,shielding,10
[27/01/2013 10:03:09] /addskill Test,shielding,10
[27/01/2013 10:03:09] /addskill Test,shielding,10
[27/01/2013 10:03:09] /addskill Test,shielding,10
[27/01/2013 10:03:09] /addskill Test,shielding,10
[27/01/2013 10:03:09] /addskill Test,shielding,10
[27/01/2013 10:03:09] /addskill Test,shielding,10
[27/01/2013 10:03:09] /addskill Test,shielding,10
[27/01/2013 10:03:09] /addskill Test,shielding,10
[27/01/2013 10:03:09] /addskill Test,shielding,10
[27/01/2013 10:03:09] /addskill Test,shielding,10
[27/01/2013 10:03:09] /addskill Test,shielding,10
[27/01/2013 10:03:09] /addskill Test,shielding,10
[27/01/2013 10:03:09] /addskill Test,shielding,10
[27/01/2013 10:03:09] /addskill Test,shielding,10
[27/01/2013 10:03:09] /addskill Test,shielding,10
[27/01/2013 10:03:09] /addskill Test,shielding,10
[27/01/2013 10:03:09] /addskill Test,shielding,10
[27/01/2013 10:03:09] /addskill Test,shielding,10
[27/01/2013 10:03:09] /addskill Test,shielding,10
[27/01/2013 10:03:09] /addskill Test,shielding,10
[27/01/2013 10:03:09] /addskill Test,shielding,10
[27/01/2013 10:03:09] /addskill Test,shielding,10
[27/01/2013 10:03:09] /addskill Test,shielding,10
[27/01/2013 10:03:09] /addskill Test,shielding,10
[27/01/2013 10:03:09] /addskill Test,shielding,10
[27/01/2013 10:03:09] /addskill Test,shielding,10
[27/01/2013 10:03:09] /addskill Test,shielding,10
[27/01/2013 10:03:09] /addskill Test,shielding,10
[27/01/2013 10:03:10] /addskill Test,shielding,10
[27/01/2013 10:03:10] /addskill Test,shielding,10
[27/01/2013 10:03:10] /addskill Test,shielding,10
[27/01/2013 10:03:10] /addskill Test,shielding,10
[27/01/2013 10:03:10] /addskill Test,shielding,10
[27/01/2013 10:03:10] /addskill Test,shielding,10
[27/01/2013 10:03:10] /addskill Test,shielding,10
[27/01/2013 10:03:10] /addskill Test,shielding,10
[27/01/2013 10:03:10] /addskill Test,shielding,10
[27/01/2013 10:03:10] /addskill Test,shielding,10
[27/01/2013 10:03:10] /addskill Test,shielding,10
[27/01/2013 10:03:10] /addskill Test,shielding,10
[27/01/2013 10:03:10] /addskill Test,shielding,10
[27/01/2013 10:03:10] /addskill Test,shielding,10
[27/01/2013 10:03:10] /addskill Test,shielding,10
[27/01/2013 10:03:10] /addskill Test,shielding,10
[27/01/2013 10:03:10] /addskill Test,shielding,10
[27/01/2013 10:03:10] /addskill Test,shielding,10
[27/01/2013 10:03:10] /addskill Test,shielding,10
[27/01/2013 10:03:10] /addskill Test,shielding,10
[27/01/2013 10:03:10] /addskill Test,shielding,10
[27/01/2013 10:03:10] /addskill Test,shielding,10
[27/01/2013 10:03:10] /addskill Test,shielding,10
[27/01/2013 10:03:10] /addskill Test,shielding,10
[27/01/2013 10:03:10] /addskill Test,shielding,10
[27/01/2013 10:03:10] /addskill Test,shielding,10
[27/01/2013 10:03:10] /addskill Test,shielding,10
[27/01/2013 10:03:10] /addskill Test,shielding,10
[27/01/2013 10:03:10] /addskill Test,shielding,10
[27/01/2013 10:03:10] /addskill Test,shielding,10
[27/01/2013 10:03:11] /addskill Test,shielding,10
[27/01/2013 10:03:11] /addskill Test,shielding,10
[27/01/2013 10:03:11] /addskill Test,shielding,10
[27/01/2013 10:03:11] /addskill Test,shielding,10
[27/01/2013 10:03:11] /addskill Test,shielding,10
[27/01/2013 10:03:11] /addskill Test,shielding,10
[27/01/2013 10:03:11] /addskill Test,shielding,10
[27/01/2013 10:03:11] /addskill Test,shielding,10
[27/01/2013 10:03:11] /addskill Test,shielding,10
[27/01/2013 10:03:11] /addskill Test,shielding,10
[27/01/2013 10:03:11] /addskill Test,shielding,10
[27/01/2013 10:03:11] /addskill Test,shielding,10
[27/01/2013 10:03:11] /addskill Test,shielding,10
[27/01/2013 10:03:11] /addskill Test,shielding,10
[27/01/2013 10:03:11] /addskill Test,shielding,10
[27/01/2013 10:03:11] /addskill Test,shielding,10
[27/01/2013 10:03:11] /addskill Test,shielding,10
[27/01/2013 10:03:11] /addskill Test,shielding,10
[27/01/2013 10:03:11] /addskill Test,shielding,10
[27/01/2013 10:03:11] /addskill Test,shielding,10
[27/01/2013 10:03:11] /addskill Test,shielding,10
[27/01/2013 10:03:11] /addskill Test,shielding,10
[27/01/2013 10:03:11] /addskill Test,shielding,10
[27/01/2013 10:03:11] /addskill Test,shielding,10
[27/01/2013 10:03:11] /addskill Test,shielding,10
[27/01/2013 10:03:11] /addskill Test,shielding,10
[27/01/2013 10:03:11] /addskill Test,shielding,10
[27/01/2013 10:03:11] /addskill Test,shielding,10
[27/01/2013 10:03:11] /addskill Test,shielding,10
[27/01/2013 10:03:11] /addskill Test,shielding,10
[27/01/2013 10:03:12] /addskill Test,shielding,10
[27/01/2013 10:03:12] /addskill Test,shielding,10
[27/01/2013 10:03:12] /addskill Test,shielding,10
[27/01/2013 10:03:12] /addskill Test,shielding,10
[27/01/2013 10:03:12] /addskill Test,shielding,10
[27/01/2013 10:03:12] /addskill Test,shielding,10
[27/01/2013 10:03:21] /addskill Test,shielding,10
[27/01/2013 10:03:21] /addskill Test,shielding,10
[27/01/2013 10:03:22] /addskill Test,shielding,10
[27/01/2013 10:03:27] /addskill Test,shielding,10
[27/01/2013 10:03:32] /addskill Test,shielding,20
[27/01/2013 10:03:34] /addskill Test,shielding,20
[27/01/2013 10:03:39] /addskill Test,shielding,30
[27/01/2013 10:03:40] /addskill Test,shielding,40
[27/01/2013 10:03:42] /addskill Test,shielding,10
[27/01/2013 10:03:44] /addskill Test,shielding,5
[27/01/2013 10:03:46] /addskill Test,shielding,6
[27/01/2013 10:03:47] /addskill Test,shielding,7
[27/01/2013 10:03:49] /addskill Test,shielding,8
[27/01/2013 10:03:56] /addskill Test,shielding,100
[27/01/2013 10:04:01] /addskill Test,shielding,100
[27/01/2013 10:04:03] /addskill Test,shielding,200
[27/01/2013 10:04:05] /addskill Test,shielding,150
[27/01/2013 10:04:08] /addskill Test,shielding,101
[27/01/2013 10:04:10] /addskill Test,shielding,102
[27/01/2013 10:04:12] /addskill Test,shielding,103
[27/01/2013 10:04:13] /addskill Test,shielding,150
[27/01/2013 10:04:24] /addskill Test,shielding,50
[27/01/2013 10:04:30] /addskill Test,shielding,50
[27/01/2013 10:04:33] /addskill Test,shielding,50
[27/01/2013 10:04:37] /addskill Test,shielding,51
[27/01/2013 10:04:39] /addskill Test,shielding,52
[27/01/2013 10:04:40] /addskill Test,shielding,53
[27/01/2013 10:04:41] /addskill Test,shielding,54
[27/01/2013 10:04:42] /addskill Test,shielding,55
[27/01/2013 10:04:43] /addskill Test,shielding,56
[27/01/2013 10:04:44] /addskill Test,shielding,57
[27/01/2013 10:04:52] /addskill Test,shielding,200
[27/01/2013 10:04:53] /addskill Test,shielding,201
[27/01/2013 10:04:57] /addskill Test,shielding,110
[27/01/2013 10:04:59] /addskill Test,shielding,111
[27/01/2013 10:05:00] /addskill Test,shielding,112
[27/01/2013 10:05:23] /m hacker
[27/01/2013 10:05:43] /addskill Test,shielding,112
[27/01/2013 10:05:45] /addskill Test,shielding,113
[27/01/2013 10:05:45] /addskill Test,shielding,114
[27/01/2013 10:05:47] /addskill Test,shielding,50
[27/01/2013 10:05:49] /addskill Test,shielding,60
[27/01/2013 10:05:50] /addskill Test,shielding,61
[27/01/2013 10:05:51] /addskill Test,shielding,62
[27/01/2013 10:05:52] /addskill Test,shielding,63
[27/01/2013 10:05:53] /addskill Test,shielding,64
[27/01/2013 10:05:54] /addskill Test,shielding,65
[27/01/2013 10:05:55] /addskill Test,shielding,66
[27/01/2013 10:05:56] /addskill Test,shielding,67
[27/01/2013 10:05:57] /addskill Test,shielding,68
[27/01/2013 10:05:58] /addskill Test,shielding,69
[27/01/2013 10:06:00] /addskill Test,shielding,70
[27/01/2013 10:06:02] /addskill Test,shielding,71
[27/01/2013 10:06:03] /addskill Test,shielding,72
[27/01/2013 10:06:04] /addskill Test,shielding,73
[27/01/2013 10:06:05] /addskill Test,shielding,74
[27/01/2013 10:06:06] /addskill Test,shielding,75
[27/01/2013 10:06:07] /addskill Test,shielding,76
[27/01/2013 10:06:09] /addskill Test,shielding,77
[27/01/2013 10:06:28] /save
[27/01/2013 10:51:46] /a
[27/01/2013 10:51:46] /a
[27/01/2013 10:51:47] /a
[27/01/2013 10:51:47] /a
[27/01/2013 10:51:47] /a
[27/01/2013 10:51:47] /a
[27/01/2013 10:51:47] /a
[27/01/2013 10:51:47] /a
[27/01/2013 10:51:47] /a
[27/01/2013 10:51:47] /a
[27/01/2013 10:51:47] /a
[27/01/2013 10:51:47] /a
[27/01/2013 10:51:47] /a
[27/01/2013 10:51:47] /a
[27/01/2013 10:51:47] /a
[27/01/2013 10:51:47] /a
[27/01/2013 10:51:47] /a
[27/01/2013 10:51:47] /a
[27/01/2013 10:51:47] /a
[27/01/2013 10:51:47] /a
[27/01/2013 10:51:47] /a
[27/01/2013 10:51:48] /a
[27/01/2013 10:51:49] /a
[27/01/2013 10:51:50] /a
[27/01/2013 10:51:50] /a
[27/01/2013 10:51:50] /a
[27/01/2013 10:51:50] /a
[27/01/2013 10:51:50] /a
[27/01/2013 10:51:50] /a
[27/01/2013 10:51:50] /a
[27/01/2013 10:51:50] /a
[27/01/2013 10:51:50] /a
[27/01/2013 10:51:50] /a
[27/01/2013 10:51:50] /a
[27/01/2013 10:51:51] /a
[27/01/2013 10:51:52] /a
[27/01/2013 10:51:52] /a
[27/01/2013 10:51:53] /a
[27/01/2013 10:51:53] /a
[27/01/2013 10:51:54] /a
[27/01/2013 10:51:54] /a
[27/01/2013 10:51:54] /a
[27/01/2013 10:51:54] /a
[27/01/2013 10:51:55] /a
[27/01/2013 10:51:56] /a
[27/01/2013 10:51:57] /a
[27/01/2013 10:51:59] /a
[27/01/2013 10:52:02] /a
[27/01/2013 10:52:03] /a
[27/01/2013 10:52:04] /a
[27/01/2013 10:52:07] /r
[27/01/2013 10:52:08] /r
[27/01/2013 10:57:49] /reload global events
[27/01/2013 11:08:58] /reload global events
[27/01/2013 11:09:23] /reload global events
[27/01/2013 11:09:49] /reload global events
[27/01/2013 11:13:57] /i hunting spear
[27/01/2013 11:16:15] /i magic forcield
[27/01/2013 11:16:26] /i magic forcefield
[27/01/2013 11:16:36] /attr position 99 34 7
[27/01/2013 11:16:56] /r
[27/01/2013 11:16:57] /r
[27/01/2013 11:16:58] /r
[27/01/2013 11:16:59] /r
[27/01/2013 11:16:59] /r
[27/01/2013 11:17:01] /r
[27/01/2013 11:17:03] /r
[27/01/2013 11:17:06] /r
[27/01/2013 11:17:06] /r
[27/01/2013 11:17:09] /r
[27/01/2013 11:17:10] /r
[27/01/2013 11:17:12] /r
[27/01/2013 11:17:14] /r
[27/01/2013 11:17:14] /r
[27/01/2013 11:17:15] /r
[27/01/2013 11:17:17] /r
[27/01/2013 11:17:19] /r
[27/01/2013 11:17:28] /down
[27/01/2013 11:17:33] /a
[27/01/2013 11:17:33] /a
[27/01/2013 11:17:34] /a
[27/01/2013 11:18:28] /r
[27/01/2013 11:18:37] /attr position 160 54 7
[27/01/2013 11:18:39] /attr position 160 54 7
[27/01/2013 11:18:41] /attr position 160 54 7
[27/01/2013 11:18:53] /attr position 160 54 7
[27/01/2013 11:18:55] /attr position 160 54 7
[27/01/2013 11:19:00] /attr position 160 54 7
[27/01/2013 11:19:10] /i 1387
[27/01/2013 11:19:13] /attr position 160 54 7
[27/01/2013 13:09:45] /r
[27/01/2013 13:09:46] /t
[27/01/2013 13:09:50] /i dice
[27/01/2013 17:21:10] /i 2157
[27/01/2013 17:21:20] /npc promotion seller
[27/01/2013 17:21:51] /r
[27/01/2013 17:21:55] /npc queen eloise
[27/01/2013 19:04:40] /npc promotion seller
[27/01/2013 19:05:48] /r
[27/01/2013 19:05:52] /npc queen eloise
[27/01/2013 19:05:56] /i 2160
[27/01/2013 19:10:18] /npc promotion seller
[27/01/2013 19:14:45] /npc promotion seller
[27/01/2013 19:14:59] /i 2160
[27/01/2013 19:15:07] /r
[27/01/2013 19:15:10] /npc queen eloise
[27/01/2013 19:25:53] /i 2160
[27/01/2013 19:26:03] /npc promotion seller
[27/01/2013 19:27:28] /r
[27/01/2013 19:27:31] /npc queen eloise
[27/01/2013 19:33:44] /reload creturescripts
[27/01/2013 19:33:52] /reload creaturescripts
[27/01/2013 19:33:57] /reload talkactions
[27/01/2013 19:34:01] /reload movements
[27/01/2013 19:34:12] /attr uniqueid 13542
[27/01/2013 19:34:31] /attr actionid 13542
[27/01/2013 19:34:46] /i paw amulet
[27/01/2013 19:35:31] /reload movements
[27/01/2013 19:36:42] /i 2141
[27/01/2013 19:37:02] /i 2140
[27/01/2013 19:37:24] /i some golden fruits
[27/01/2013 19:37:27] /i paw amulet
[27/01/2013 19:38:08] /reload talkactions
[27/01/2013 19:40:12] /reload movements
[27/01/2013 19:59:14] /mc
[27/01/2013 20:09:09] /m training monk
[28/01/2013 09:12:02] /a 30
[28/01/2013 09:12:05] /a 3
[28/01/2013 09:13:50] /i holy scarab
[28/01/2013 09:18:05] /r
[28/01/2013 09:18:19] /a
[28/01/2013 09:18:50] /a 3
[28/01/2013 09:19:14] /a 3
[28/01/2013 09:19:46] /a
[28/01/2013 09:19:47] /up
[28/01/2013 09:19:52] /a
[28/01/2013 09:19:52] /a
[28/01/2013 09:19:52] /a
[28/01/2013 09:19:52] /a
[28/01/2013 09:19:52] /a
[28/01/2013 09:19:53] /a
[28/01/2013 09:19:53] /a
[28/01/2013 09:19:53] /a
[28/01/2013 09:19:53] /a
[28/01/2013 09:19:53] /a
[28/01/2013 09:19:56] /a
[28/01/2013 09:19:57] /a
[28/01/2013 09:19:57] /a
[28/01/2013 09:19:57] /a
[28/01/2013 09:20:01] /a
[28/01/2013 09:20:02] /a
[28/01/2013 09:20:03] /a
[28/01/2013 09:20:03] /a
[28/01/2013 09:20:03] /a
[28/01/2013 09:20:04] /a
[28/01/2013 09:20:04] /a
[28/01/2013 09:20:05] /a
[28/01/2013 09:20:05] /a
[28/01/2013 09:20:05] /a
[28/01/2013 09:20:05] /a
[28/01/2013 09:20:05] /a
[28/01/2013 09:20:06] /a
[28/01/2013 09:20:06] /a
[28/01/2013 09:20:09] /a
[28/01/2013 09:20:09] /a
[28/01/2013 09:20:10] /a
[28/01/2013 09:20:10] /a
[28/01/2013 09:20:10] /a
[28/01/2013 09:20:11] /a
[28/01/2013 09:20:11] /a
[28/01/2013 09:20:13] /a
[28/01/2013 09:20:13] /a
[28/01/2013 09:20:13] /a
[28/01/2013 09:20:13] /a
[28/01/2013 09:20:13] /a
[28/01/2013 09:20:13] /a
[28/01/2013 09:20:14] /a
[28/01/2013 09:20:14] /a
[28/01/2013 09:20:14] /a
[28/01/2013 09:20:14] /a
[28/01/2013 09:20:14] /a
[28/01/2013 09:20:14] /a
[28/01/2013 09:20:14] /a
[28/01/2013 09:20:14] /a
[28/01/2013 09:20:14] /a
[28/01/2013 09:20:14] /a
[28/01/2013 09:20:14] /a
[28/01/2013 09:20:14] /a
[28/01/2013 09:20:14] /a
[28/01/2013 09:20:14] /a
[28/01/2013 09:20:14] /a
[28/01/2013 09:20:14] /a
[28/01/2013 09:20:14] /a
[28/01/2013 09:20:14] /a
[28/01/2013 09:20:14] /a
[28/01/2013 09:20:14] /a
[28/01/2013 09:20:14] /a
[28/01/2013 09:20:14] /a
[28/01/2013 09:20:14] /a
[28/01/2013 09:20:14] /a
[28/01/2013 09:20:14] /a
[28/01/2013 09:20:14] /a
[28/01/2013 09:20:14] /a
[28/01/2013 09:20:14] /a
[28/01/2013 09:20:14] /a
[28/01/2013 09:20:14] /a
[28/01/2013 09:20:15] /a
[28/01/2013 09:20:15] /a
[28/01/2013 09:20:15] /a
[28/01/2013 09:20:15] /a
[28/01/2013 09:20:15] /a
[28/01/2013 09:20:15] /a
[28/01/2013 09:20:15] /a
[28/01/2013 09:20:15] /a
[28/01/2013 09:20:15] /a
[28/01/2013 09:20:15] /a
[28/01/2013 09:20:15] /a
[28/01/2013 09:20:15] /a
[28/01/2013 09:20:15] /a
[28/01/2013 09:20:15] /a
[28/01/2013 09:20:15] /a
[28/01/2013 09:20:15] /a
[28/01/2013 09:20:15] /a
[28/01/2013 09:20:15] /a
[28/01/2013 09:20:15] /a
[28/01/2013 09:20:15] /a
[28/01/2013 09:20:15] /a
[28/01/2013 09:20:15] /a
[28/01/2013 09:20:15] /a
[28/01/2013 09:20:15] /a
[28/01/2013 09:20:15] /a
[28/01/2013 09:20:15] /a
[28/01/2013 09:20:15] /a
[28/01/2013 09:20:15] /a
[28/01/2013 09:20:15] /a
[28/01/2013 09:20:15] /a
[28/01/2013 09:20:16] /a
[28/01/2013 09:20:16] /a
[28/01/2013 09:20:16] /a
[28/01/2013 09:20:16] /a
[28/01/2013 09:20:16] /a
[28/01/2013 09:20:16] /a
[28/01/2013 09:20:16] /a
[28/01/2013 09:20:16] /a
[28/01/2013 09:20:16] /a
[28/01/2013 09:20:16] /a
[28/01/2013 09:20:16] /a
[28/01/2013 09:20:16] /a
[28/01/2013 09:20:16] /a
[28/01/2013 09:20:16] /a
[28/01/2013 09:20:16] /a
[28/01/2013 09:20:16] /a
[28/01/2013 09:20:16] /a
[28/01/2013 09:20:16] /a
[28/01/2013 09:20:16] /a
[28/01/2013 09:20:16] /a
[28/01/2013 09:20:16] /a
[28/01/2013 09:20:16] /a
[28/01/2013 09:20:16] /a
[28/01/2013 09:20:16] /a
[28/01/2013 09:20:16] /a
[28/01/2013 09:20:16] /a
[28/01/2013 09:20:16] /a
[28/01/2013 09:20:16] /a
[28/01/2013 09:20:16] /a
[28/01/2013 09:20:16] /a
[28/01/2013 09:20:16] /a
[28/01/2013 09:20:17] /a
[28/01/2013 09:20:17] /a
[28/01/2013 09:20:17] /a
[28/01/2013 09:20:17] /a
[28/01/2013 09:20:17] /a
[28/01/2013 09:20:17] /a
[28/01/2013 09:20:17] /a
[28/01/2013 09:20:17] /a
[28/01/2013 09:20:17] /a
[28/01/2013 09:20:17] /a
[28/01/2013 09:20:17] /a
[28/01/2013 09:20:17] /a
[28/01/2013 09:20:17] /a
[28/01/2013 09:20:17] /a
[28/01/2013 09:20:17] /a
[28/01/2013 09:20:17] /a
[28/01/2013 09:20:17] /a
[28/01/2013 09:20:17] /a
[28/01/2013 09:20:17] /a
[28/01/2013 09:20:17] /a
[28/01/2013 09:20:17] /a
[28/01/2013 09:20:17] /a
[28/01/2013 09:20:17] /a
[28/01/2013 09:20:17] /a
[28/01/2013 09:20:17] /a
[28/01/2013 09:20:17] /a
[28/01/2013 09:20:17] /a
[28/01/2013 09:20:17] /a
[28/01/2013 09:20:17] /a
[28/01/2013 09:20:17] /a
[28/01/2013 09:20:18] /a
[28/01/2013 09:20:18] /a
[28/01/2013 09:20:18] /a
[28/01/2013 09:20:18] /a
[28/01/2013 09:20:18] /a
[28/01/2013 09:20:18] /a
[28/01/2013 09:20:18] /a
[28/01/2013 09:20:18] /a
[28/01/2013 09:20:18] /a
[28/01/2013 09:20:18] /a
[28/01/2013 09:20:18] /a
[28/01/2013 09:20:18] /a
[28/01/2013 09:20:18] /a
[28/01/2013 09:20:18] /a
[28/01/2013 09:20:18] /a
[28/01/2013 09:20:18] /a
[28/01/2013 09:20:18] /a
[28/01/2013 09:20:18] /a
[28/01/2013 09:20:18] /a
[28/01/2013 09:20:18] /a
[28/01/2013 09:20:18] /a
[28/01/2013 09:20:18] /a
[28/01/2013 09:20:18] /a
[28/01/2013 09:20:18] /a
[28/01/2013 09:20:18] /a
[28/01/2013 09:20:18] /a
[28/01/2013 09:20:18] /a
[28/01/2013 09:20:18] /a
[28/01/2013 09:20:18] /a
[28/01/2013 09:20:18] /a
[28/01/2013 09:20:19] /a
[28/01/2013 09:20:19] /a
[28/01/2013 09:20:19] /a
[28/01/2013 09:20:19] /a
[28/01/2013 09:20:19] /a
[28/01/2013 09:20:19] /a
[28/01/2013 09:20:19] /a
[28/01/2013 09:20:19] /a
[28/01/2013 09:20:19] /a
[28/01/2013 09:20:19] /a
[28/01/2013 09:20:19] /a
[28/01/2013 09:20:19] /a
[28/01/2013 09:20:19] /a
[28/01/2013 09:20:19] /a
[28/01/2013 09:20:19] /a
[28/01/2013 09:20:19] /a
[28/01/2013 09:20:19] /a
[28/01/2013 09:20:19] /a
[28/01/2013 09:20:19] /a
[28/01/2013 09:20:19] /a
[28/01/2013 09:20:19] /a
[28/01/2013 09:20:19] /a
[28/01/2013 09:20:19] /a
[28/01/2013 09:20:19] /a
[28/01/2013 09:20:19] /a
[28/01/2013 09:20:19] /a
[28/01/2013 09:20:19] /a
[28/01/2013 09:20:19] /a
[28/01/2013 09:20:19] /a
[28/01/2013 09:20:19] /a
[28/01/2013 09:20:20] /a
[28/01/2013 09:20:20] /a
[28/01/2013 09:20:20] /a
[28/01/2013 09:20:20] /a
[28/01/2013 09:20:20] /a
[28/01/2013 09:20:20] /a
[28/01/2013 09:20:20] /a
[28/01/2013 09:20:20] /a
[28/01/2013 09:20:20] /a
[28/01/2013 09:20:20] /a
[28/01/2013 09:20:20] /a
[28/01/2013 09:20:20] /a
[28/01/2013 09:20:20] /a
[28/01/2013 09:20:20] /a
[28/01/2013 09:20:20] /a
[28/01/2013 09:20:20] /a
[28/01/2013 09:20:20] /a
[28/01/2013 09:20:20] /a
[28/01/2013 09:20:20] /a
[28/01/2013 09:20:20] /a
[28/01/2013 09:20:20] /a
[28/01/2013 09:20:20] /a
[28/01/2013 09:20:20] /a
[28/01/2013 09:20:20] /a
[28/01/2013 09:20:20] /a
[28/01/2013 09:20:20] /a
[28/01/2013 09:20:20] /a
[28/01/2013 09:20:20] /a
[28/01/2013 09:20:20] /a
[28/01/2013 09:20:20] /a
[28/01/2013 09:20:21] /a
[28/01/2013 09:20:21] /a
[28/01/2013 09:20:21] /a
[28/01/2013 09:20:21] /a
[28/01/2013 09:20:21] /a
[28/01/2013 09:20:21] /a
[28/01/2013 09:20:21] /a
[28/01/2013 09:20:21] /a
[28/01/2013 09:20:21] /a
[28/01/2013 09:20:21] /a
[28/01/2013 09:20:21] /a
[28/01/2013 09:20:21] /a
[28/01/2013 09:20:21] /a
[28/01/2013 09:20:21] /a
[28/01/2013 09:20:21] /a
[28/01/2013 09:20:21] /a
[28/01/2013 09:20:21] /a
[28/01/2013 09:20:21] /a
[28/01/2013 09:20:21] /a
[28/01/2013 09:20:21] /a
[28/01/2013 09:20:21] /a
[28/01/2013 09:20:21] /a
[28/01/2013 09:20:21] /a
[28/01/2013 09:20:21] /a
[28/01/2013 09:20:21] /a
[28/01/2013 09:20:21] /a
[28/01/2013 09:20:21] /a
[28/01/2013 09:20:21] /a
[28/01/2013 09:20:21] /a
[28/01/2013 09:20:21] /a
[28/01/2013 09:20:22] /a
[28/01/2013 09:20:23] /a
[28/01/2013 09:20:23] /a
[28/01/2013 09:20:24] /a
[28/01/2013 09:20:24] /a
[28/01/2013 09:20:37] /i chest
[28/01/2013 09:20:48] /attr uniqueid2137
[28/01/2013 09:20:51] /attr uniqueid 2137
[28/01/2013 09:22:54] /i 6587
[28/01/2013 09:22:56] /r
[28/01/2013 09:22:58] /i 6587
[28/01/2013 09:23:30] /i 9898
[28/01/2013 09:23:31] /i 9898
[28/01/2013 09:23:34] /r
[28/01/2013 09:23:37] /r
[28/01/2013 09:34:49] /a 20
[28/01/2013 09:34:52] /a 5
[28/01/2013 09:37:18] /a
[28/01/2013 09:37:20] /a
[28/01/2013 09:37:20] /a
[28/01/2013 09:37:21] /a
[28/01/2013 09:37:21] /a
[28/01/2013 09:37:22] /a
[28/01/2013 09:37:22] /a
[28/01/2013 09:37:22] /a
[28/01/2013 09:37:22] /a
[28/01/2013 09:37:22] /a
[28/01/2013 09:37:22] /a
[28/01/2013 09:37:22] /a
[28/01/2013 09:37:28] /a
[28/01/2013 09:37:28] /a
[28/01/2013 09:37:28] /a
[28/01/2013 09:37:28] /a
[28/01/2013 09:37:28] /a
[28/01/2013 09:37:29] /a
[28/01/2013 09:37:29] /a
[28/01/2013 09:37:29] /a
[28/01/2013 09:37:29] /a
[28/01/2013 09:37:29] /a
[28/01/2013 09:37:29] /a
[28/01/2013 09:37:29] /a
[28/01/2013 09:37:29] /a
[28/01/2013 09:37:29] /a
[28/01/2013 09:37:29] /a
[28/01/2013 09:37:29] /a
[28/01/2013 09:37:29] /a
[28/01/2013 09:37:29] /a
[28/01/2013 09:37:29] /a
[28/01/2013 09:37:29] /a
[28/01/2013 09:37:29] /a
[28/01/2013 09:37:29] /a
[28/01/2013 09:37:29] /a
[28/01/2013 09:37:29] /a
[28/01/2013 09:37:29] /a
[28/01/2013 09:37:29] /a
[28/01/2013 09:37:29] /a
[28/01/2013 09:37:29] /a
[28/01/2013 09:37:29] /a
[28/01/2013 09:37:29] /a
[28/01/2013 09:37:29] /a
[28/01/2013 09:37:29] /a
[28/01/2013 09:37:29] /a
[28/01/2013 09:37:29] /a
[28/01/2013 09:37:29] /a
[28/01/2013 09:37:30] /a
[28/01/2013 09:37:30] /a
[28/01/2013 09:37:30] /a
[28/01/2013 09:37:31] /a
[28/01/2013 09:37:31] /a
[28/01/2013 09:37:31] /a
[28/01/2013 09:37:31] /a
[28/01/2013 09:37:32] /a
[28/01/2013 09:37:32] /a
[28/01/2013 09:37:32] /a
[28/01/2013 09:40:49] /a
[28/01/2013 09:40:49] /a
[28/01/2013 09:40:49] /a
[28/01/2013 09:40:49] /a
[28/01/2013 09:40:49] /a
[28/01/2013 09:40:49] /a
[28/01/2013 09:40:49] /a
[28/01/2013 09:40:50] /a
[28/01/2013 09:40:50] /a
[28/01/2013 09:40:50] /a
[28/01/2013 09:40:50] /a
[28/01/2013 09:40:51] /a
[28/01/2013 09:40:53] /a
[28/01/2013 09:40:53] /a
[28/01/2013 09:40:53] /a
[28/01/2013 09:40:53] /a
[28/01/2013 09:40:53] /a
[28/01/2013 09:40:53] /a
[28/01/2013 09:40:53] /a
[28/01/2013 09:40:53] /a
[28/01/2013 09:40:53] /a
[28/01/2013 09:40:53] /a
[28/01/2013 09:40:53] /a
[28/01/2013 09:40:53] /a
[28/01/2013 09:40:53] /a
[28/01/2013 09:40:54] /a
[28/01/2013 09:40:54] /a
[28/01/2013 09:40:54] /a
[28/01/2013 09:40:54] /a
[28/01/2013 09:40:54] /a
[28/01/2013 09:40:54] /a
[28/01/2013 09:40:54] /a
[28/01/2013 09:40:54] /a
[28/01/2013 09:40:54] /a
[28/01/2013 09:40:54] /a
[28/01/2013 09:40:54] /a
[28/01/2013 09:40:54] /a
[28/01/2013 09:40:54] /a
[28/01/2013 09:40:54] /a
[28/01/2013 09:40:54] /a
[28/01/2013 09:40:54] /a
[28/01/2013 09:40:54] /a
[28/01/2013 09:40:54] /a
[28/01/2013 09:40:54] /a
[28/01/2013 09:40:54] /a
[28/01/2013 09:40:54] /a
[28/01/2013 09:40:54] /a
[28/01/2013 09:40:54] /a
[28/01/2013 09:40:54] /a
[28/01/2013 09:40:55] /a
[28/01/2013 09:40:55] /a
[28/01/2013 09:40:55] /a
[28/01/2013 09:40:55] /a
[28/01/2013 09:40:55] /a
[28/01/2013 09:40:55] /a
[28/01/2013 09:40:56] /a
[28/01/2013 09:40:56] /a
[28/01/2013 09:41:29] /goto clasus
[28/01/2013 09:44:38] /a
[28/01/2013 09:44:38] /a
[28/01/2013 09:44:38] /a
[28/01/2013 09:44:38] /a
[28/01/2013 09:44:38] /a
[28/01/2013 09:44:38] /a
[28/01/2013 09:44:38] /a
[28/01/2013 09:44:38] /a
[28/01/2013 09:44:38] /a
[28/01/2013 09:44:38] /a
[28/01/2013 09:44:38] /a
[28/01/2013 09:44:38] /a
[28/01/2013 09:44:38] /a
[28/01/2013 09:44:38] /a
[28/01/2013 09:44:38] /a
[28/01/2013 09:44:38] /a
[28/01/2013 09:44:39] /a
[28/01/2013 09:44:39] /a
[28/01/2013 09:44:39] /a
[28/01/2013 09:44:39] /a
[28/01/2013 09:44:39] /a
[28/01/2013 09:44:39] /a
[28/01/2013 09:44:39] /a
[28/01/2013 09:44:39] /a
[28/01/2013 09:44:39] /a
[28/01/2013 09:44:39] /a
[28/01/2013 09:44:39] /a
[28/01/2013 09:44:39] /a
[28/01/2013 09:44:39] /a
[28/01/2013 09:44:39] /a
[28/01/2013 09:44:39] /a
[28/01/2013 09:44:39] /a
[28/01/2013 09:44:40] /a
[28/01/2013 09:44:40] /a
[28/01/2013 09:44:40] /a
[28/01/2013 09:44:40] /a
[28/01/2013 09:44:40] /a
[28/01/2013 09:44:41] /a
[28/01/2013 09:44:41] /a
[28/01/2013 09:44:41] /a
[28/01/2013 09:44:41] /a
[28/01/2013 09:44:41] /a
[28/01/2013 09:44:41] /a
[28/01/2013 09:44:41] /a
[28/01/2013 09:44:47] /goto parede
[28/01/2013 09:44:48] /a
[28/01/2013 09:44:48] /a
[28/01/2013 09:44:49] /a
[28/01/2013 09:44:49] /a
[28/01/2013 09:44:49] /a
[28/01/2013 09:44:49] /a
[28/01/2013 09:44:49] /a
[28/01/2013 09:44:49] /a
[28/01/2013 09:44:49] /a
[28/01/2013 09:44:49] /a
[28/01/2013 09:44:49] /a
[28/01/2013 09:44:49] /a
[28/01/2013 09:44:49] /a
[28/01/2013 09:44:49] /a
[28/01/2013 09:44:49] /a
[28/01/2013 09:44:49] /a
[28/01/2013 09:44:49] /a
[28/01/2013 09:44:49] /a
[28/01/2013 09:44:50] /a
[28/01/2013 09:44:51] /a
[28/01/2013 09:44:52] /a
[28/01/2013 09:44:52] /a
[28/01/2013 09:44:52] /a
[28/01/2013 09:44:52] /a
[28/01/2013 09:44:52] /a
[28/01/2013 09:44:52] /a
[28/01/2013 09:44:52] /a
[28/01/2013 09:44:52] /a
[28/01/2013 09:44:52] /a
[28/01/2013 09:44:52] /a
[28/01/2013 09:44:52] /a
[28/01/2013 09:44:52] /a
[28/01/2013 09:44:52] /a
[28/01/2013 09:44:52] /a
[28/01/2013 09:44:53] /a
[28/01/2013 09:44:53] /a
[28/01/2013 09:44:53] /a
[28/01/2013 09:44:53] /a
[28/01/2013 09:44:53] /a
[28/01/2013 09:44:53] /a
[28/01/2013 09:44:53] /a
[28/01/2013 09:44:53] /a
[28/01/2013 09:44:53] /a
[28/01/2013 09:44:53] /a
[28/01/2013 09:44:53] /a
[28/01/2013 09:44:53] /a
[28/01/2013 09:44:53] /a
[28/01/2013 09:44:53] /a
[28/01/2013 09:44:53] /a
[28/01/2013 09:44:53] /a
[28/01/2013 09:44:53] /a
[28/01/2013 09:44:53] /a
[28/01/2013 09:44:54] /a
[28/01/2013 09:44:54] /a
[28/01/2013 09:44:54] /a
[28/01/2013 09:44:54] /a
[28/01/2013 09:44:54] /a
[28/01/2013 09:44:54] /a
[28/01/2013 09:44:55] /a
[28/01/2013 09:44:55] /a
[28/01/2013 09:44:55] /a
[28/01/2013 09:44:55] /a
[28/01/2013 09:44:55] /a
[28/01/2013 09:44:55] /a
[28/01/2013 09:44:55] /a
[28/01/2013 09:44:55] /a
[28/01/2013 09:44:55] /a
[28/01/2013 09:44:55] /a
[28/01/2013 09:44:56] /a
[28/01/2013 09:44:56] /a
[28/01/2013 09:44:56] /a
[28/01/2013 09:44:56] /a
[28/01/2013 09:44:56] /a
[28/01/2013 09:44:56] /a
[28/01/2013 09:44:56] /a
[28/01/2013 09:44:56] /a
[28/01/2013 09:44:56] /a
[28/01/2013 09:44:56] /a
[28/01/2013 09:44:56] /a
[28/01/2013 09:44:56] /a
[28/01/2013 09:44:56] /a
[28/01/2013 09:44:56] /a
[28/01/2013 09:44:56] /a
[28/01/2013 09:44:56] /a
[28/01/2013 09:44:56] /a
[28/01/2013 09:44:56] /a
[28/01/2013 09:44:56] /a
[28/01/2013 09:44:56] /a
[28/01/2013 09:44:56] /a
[28/01/2013 09:44:56] /a
[28/01/2013 09:44:56] /a
[28/01/2013 09:44:56] /a
[28/01/2013 09:44:56] /a
[28/01/2013 09:44:56] /a
[28/01/2013 09:44:56] /a
[28/01/2013 09:44:56] /a
[28/01/2013 09:44:56] /a
[28/01/2013 09:44:56] /a
[28/01/2013 09:44:57] /a
[28/01/2013 09:44:57] /a
[28/01/2013 09:44:57] /a
[28/01/2013 09:44:57] /a
[28/01/2013 09:44:57] /a
[28/01/2013 09:44:57] /a
[28/01/2013 09:44:57] /a
[28/01/2013 09:44:57] /a
[28/01/2013 09:44:57] /a
[28/01/2013 09:44:57] /a
[28/01/2013 09:44:57] /a
[28/01/2013 09:44:57] /a
[28/01/2013 09:44:57] /a
[28/01/2013 09:44:57] /a
[28/01/2013 09:44:57] /a
[28/01/2013 09:44:57] /a
[28/01/2013 09:44:57] /a
[28/01/2013 09:44:57] /a
[28/01/2013 09:44:57] /a
[28/01/2013 09:44:57] /a
[28/01/2013 09:44:57] /a
[28/01/2013 09:44:57] /a
[28/01/2013 09:44:57] /a
[28/01/2013 09:44:57] /a
[28/01/2013 09:44:57] /a
[28/01/2013 09:44:57] /a
[28/01/2013 09:44:57] /a
[28/01/2013 09:44:57] /a
[28/01/2013 09:44:57] /a
[28/01/2013 09:44:57] /a
[28/01/2013 09:44:58] /a
[28/01/2013 09:44:58] /a
[28/01/2013 09:44:58] /a
[28/01/2013 09:44:58] /a
[28/01/2013 09:44:58] /a
[28/01/2013 09:44:58] /a
[28/01/2013 09:44:58] /a
[28/01/2013 09:44:58] /a
[28/01/2013 09:44:59] /a
[28/01/2013 09:44:59] /a
[28/01/2013 09:44:59] /a
[28/01/2013 09:44:59] /a
[28/01/2013 09:45:01] /a
[28/01/2013 09:45:01] /a
[28/01/2013 09:45:01] /a
[28/01/2013 09:45:01] /a
[28/01/2013 09:45:01] /a
[28/01/2013 09:45:02] /a
[28/01/2013 09:45:02] /a
[28/01/2013 09:58:20] /a
[28/01/2013 09:58:20] /a
[28/01/2013 09:58:20] /a
[28/01/2013 09:58:20] /a
[28/01/2013 09:58:20] /a
[28/01/2013 09:58:21] /a
[28/01/2013 09:58:21] /a
[28/01/2013 09:58:21] /a
[28/01/2013 09:58:21] /a
[28/01/2013 09:58:22] /a
[28/01/2013 09:58:23] /a
[28/01/2013 09:58:23] /a
[28/01/2013 09:58:23] /a
[28/01/2013 09:58:23] /a
[28/01/2013 09:58:23] /a
[28/01/2013 09:58:23] /a
[28/01/2013 09:58:23] /a
[28/01/2013 09:58:23] /a
[28/01/2013 09:58:23] /a
[28/01/2013 09:58:23] /a
[28/01/2013 09:58:23] /a
[28/01/2013 09:58:23] /a
[28/01/2013 09:58:23] /a
[28/01/2013 09:58:23] /a
[28/01/2013 09:58:23] /a
[28/01/2013 09:58:23] /a
[28/01/2013 09:58:23] /a
[28/01/2013 09:58:23] /a
[28/01/2013 09:58:23] /a
[28/01/2013 09:58:23] /a
[28/01/2013 09:58:23] /a
[28/01/2013 09:58:23] /a
[28/01/2013 09:58:23] /a
[28/01/2013 09:58:23] /a
[28/01/2013 09:58:23] /a
[28/01/2013 09:58:23] /a
[28/01/2013 09:58:23] /a
[28/01/2013 09:58:23] /a
[28/01/2013 09:58:23] /a
[28/01/2013 09:58:24] /a
[28/01/2013 09:58:24] /a
[28/01/2013 09:58:24] /a
[28/01/2013 09:58:24] /a
[28/01/2013 09:58:24] /a
[28/01/2013 09:58:24] /a
[28/01/2013 09:58:25] /a
[28/01/2013 09:58:25] /a
[28/01/2013 09:58:25] /a
[28/01/2013 09:58:25] /a
[28/01/2013 09:58:25] /a
[28/01/2013 09:58:25] /a
[28/01/2013 09:58:25] /a
[28/01/2013 09:58:26] /a
[28/01/2013 09:58:26] /a
[28/01/2013 09:58:33] /goto clasus
[28/01/2013 09:58:45] /a
[28/01/2013 09:58:45] /a
[28/01/2013 09:58:45] /a
[28/01/2013 09:58:46] /a
[28/01/2013 09:58:46] /a
[28/01/2013 09:58:46] /a
[28/01/2013 09:58:46] /a
[28/01/2013 09:58:46] /a
[28/01/2013 09:58:46] /a
[28/01/2013 09:58:46] /a
[28/01/2013 09:58:46] /a
[28/01/2013 09:58:46] /a
[28/01/2013 09:58:46] /a
[28/01/2013 09:58:46] /a
[28/01/2013 09:58:47] /a
[28/01/2013 09:58:47] /a
[28/01/2013 09:58:47] /a
[28/01/2013 09:58:48] /a
[28/01/2013 10:00:10] /goto clasus
[28/01/2013 10:00:11] /a
[28/01/2013 10:00:15] /a
[28/01/2013 10:00:15] /a
[28/01/2013 10:00:15] /a
[28/01/2013 10:00:15] /a
[28/01/2013 10:00:15] /a
[28/01/2013 10:00:15] /a
[28/01/2013 10:00:15] /a
[28/01/2013 10:00:15] /a
[28/01/2013 10:00:15] /a
[28/01/2013 10:00:15] /a
[28/01/2013 10:00:15] /a
[28/01/2013 10:00:15] /a
[28/01/2013 10:00:15] /a
[28/01/2013 10:00:16] /a
[28/01/2013 10:00:16] /a
[28/01/2013 10:00:16] /a
[28/01/2013 10:00:16] /a
[28/01/2013 10:00:16] /a
[28/01/2013 10:00:16] /a
[28/01/2013 10:00:16] /a
[28/01/2013 10:00:21] /a
[28/01/2013 10:00:22] /a
[28/01/2013 10:00:22] /a
[28/01/2013 10:00:22] /a
[28/01/2013 10:00:24] /a
[28/01/2013 10:00:24] /a
[28/01/2013 10:00:24] /a
[28/01/2013 10:00:24] /a
[28/01/2013 10:00:24] /a
[28/01/2013 10:00:24] /a
[28/01/2013 10:00:25] /a
[28/01/2013 10:00:25] /a
[28/01/2013 10:00:25] /a
[28/01/2013 10:00:25] /a
[28/01/2013 10:00:25] /a
[28/01/2013 10:00:25] /a
[28/01/2013 10:00:25] /a
[28/01/2013 10:18:35] /t
[28/01/2013 10:18:42] /a
[28/01/2013 10:18:42] /a
[28/01/2013 10:18:42] /a
[28/01/2013 10:18:42] /a
[28/01/2013 10:18:42] /a
[28/01/2013 10:18:42] /a
[28/01/2013 10:18:42] /a
[28/01/2013 10:18:42] /a
[28/01/2013 10:18:43] /a
[28/01/2013 10:18:43] /a
[28/01/2013 10:18:43] /a
[28/01/2013 10:18:43] /a
[28/01/2013 10:18:43] /a
[28/01/2013 10:18:43] /a
[28/01/2013 10:18:43] /a
[28/01/2013 10:18:43] /a
[28/01/2013 10:18:43] /a
[28/01/2013 10:18:43] /a
[28/01/2013 10:18:43] /a
[28/01/2013 10:18:43] /a
[28/01/2013 10:18:43] /a
[28/01/2013 10:18:43] /a
[28/01/2013 10:18:43] /a
[28/01/2013 10:18:43] /a
[28/01/2013 10:18:44] /a
[28/01/2013 10:18:44] /a
[28/01/2013 10:18:44] /a
[28/01/2013 10:18:44] /a
[28/01/2013 10:18:44] /a
[28/01/2013 10:18:44] /a
[28/01/2013 10:18:45] /a
[28/01/2013 10:18:45] /a
[28/01/2013 10:18:45] /a
[28/01/2013 10:18:46] /a
[28/01/2013 10:18:46] /a
[28/01/2013 10:18:47] /a
[28/01/2013 10:18:47] /a
[28/01/2013 10:18:47] /a
[28/01/2013 10:18:48] /a
[28/01/2013 10:18:48] /a
[28/01/2013 10:18:48] /a
[28/01/2013 10:19:29] /c test
[28/01/2013 11:12:01] /a
[28/01/2013 11:12:02] /a
[28/01/2013 11:12:02] /a
[28/01/2013 11:12:02] /a
[28/01/2013 11:12:02] /a
[28/01/2013 11:12:02] /a
[28/01/2013 11:12:02] /a
[28/01/2013 11:12:02] /a
[28/01/2013 11:12:02] /a
[28/01/2013 11:12:02] /a
[28/01/2013 11:12:02] /a
[28/01/2013 11:12:02] /a
[28/01/2013 11:12:02] /a
[28/01/2013 11:12:02] /a
[28/01/2013 11:12:02] /a
[28/01/2013 11:12:02] /a
[28/01/2013 11:12:02] /a
[28/01/2013 11:12:02] /a
[28/01/2013 11:12:02] /a
[28/01/2013 11:12:02] /a
[28/01/2013 11:12:02] /a
[28/01/2013 11:12:02] /a
[28/01/2013 11:12:02] /a
[28/01/2013 11:12:02] /a
[28/01/2013 11:12:02] /a
[28/01/2013 11:12:03] /a
[28/01/2013 11:12:03] /a
[28/01/2013 11:12:03] /a
[28/01/2013 11:12:03] /a
[28/01/2013 11:12:03] /a
[28/01/2013 11:12:04] /a
[28/01/2013 11:12:04] /a
[28/01/2013 11:12:04] /a
[28/01/2013 11:12:04] /a
[28/01/2013 11:12:04] /a
[28/01/2013 11:12:04] /a
[28/01/2013 11:12:05] /a
[28/01/2013 11:12:05] /a
[28/01/2013 11:12:05] /a
[28/01/2013 11:12:05] /a
[28/01/2013 11:12:05] /a
[28/01/2013 11:12:05] /a
[28/01/2013 11:12:06] /a
[28/01/2013 11:12:06] /a
[28/01/2013 11:12:06] /a
[28/01/2013 11:50:42] /a
[28/01/2013 11:50:43] /a
[28/01/2013 11:50:43] /a
[28/01/2013 11:50:43] /a
[28/01/2013 11:50:43] /a
[28/01/2013 11:50:43] /a
[28/01/2013 11:50:43] /a
[28/01/2013 11:50:43] /a
[28/01/2013 11:50:43] /a
[28/01/2013 11:50:44] /a
[28/01/2013 11:50:44] /a
[28/01/2013 11:50:44] /a
[28/01/2013 11:50:44] /a
[28/01/2013 11:50:45] /a
[28/01/2013 11:50:45] /a
[28/01/2013 11:50:46] /a
[28/01/2013 11:50:46] /a
[28/01/2013 11:50:46] /a
[28/01/2013 11:50:46] /a
[28/01/2013 11:50:46] /a
[28/01/2013 11:50:46] /a
[28/01/2013 11:50:46] /a
[28/01/2013 11:50:46] /a
[28/01/2013 11:50:46] /a
[28/01/2013 11:50:46] /a
[28/01/2013 11:50:46] /a
[28/01/2013 11:50:46] /a
[28/01/2013 11:50:46] /a
[28/01/2013 11:50:46] /a
[28/01/2013 11:50:46] /a
[28/01/2013 11:50:46] /a
[28/01/2013 11:50:46] /a
[28/01/2013 11:50:46] /a
[28/01/2013 11:50:46] /a
[28/01/2013 11:50:46] /a
[28/01/2013 11:50:47] /a
[28/01/2013 11:50:47] /a
[28/01/2013 11:50:47] /a
[28/01/2013 11:50:47] /a
[28/01/2013 11:50:47] /a
[28/01/2013 11:50:47] /a
[28/01/2013 11:50:47] /a
[28/01/2013 11:50:47] /a
[28/01/2013 11:50:47] /a
[28/01/2013 11:50:47] /a
[28/01/2013 11:50:47] /a
[28/01/2013 11:50:47] /a
[28/01/2013 11:50:47] /a
[28/01/2013 11:50:47] /a
[28/01/2013 11:50:47] /a
[28/01/2013 11:50:47] /a
[28/01/2013 11:50:47] /a
[28/01/2013 11:50:47] /a
[28/01/2013 11:50:48] /a
[28/01/2013 11:50:48] /a
[28/01/2013 11:50:48] /a
[28/01/2013 11:50:48] /a
[28/01/2013 11:50:48] /a
[28/01/2013 11:50:49] /a
[28/01/2013 11:50:50] /c juan
[28/01/2013 11:51:16] /t
[28/01/2013 11:51:35] /c juan
[28/01/2013 11:53:55] /i chest
[28/01/2013 11:54:10] /attr uniqueid 2314
[28/01/2013 11:55:54] /reload actions
[28/01/2013 11:56:36] /r
[28/01/2013 11:56:40] /r
[28/01/2013 11:56:44] /t juan
[28/01/2013 11:56:45] /t
[28/01/2013 12:00:00] /i 2160
[28/01/2013 12:01:45] /reload actions
[28/01/2013 12:02:11] /i animate dead rune
[28/01/2013 12:02:33] /addskill Juan,level,200000
[28/01/2013 12:02:59] /addskill Juan,magic,30
[28/01/2013 12:03:22] /c juan
[28/01/2013 12:03:28] /r
[28/01/2013 12:03:30] /r
[28/01/2013 12:03:34] /c juan
[28/01/2013 12:04:08] /reload actions
[28/01/2013 12:04:21] /r
[28/01/2013 12:04:22] /r
[28/01/2013 12:04:23] /r
[28/01/2013 12:04:43] /r
[28/01/2013 12:05:28] /i 2316
[28/01/2013 12:05:44] /r
[28/01/2013 12:05:46] /r
[28/01/2013 12:05:47] /r
[28/01/2013 12:05:50] /r
[28/01/2013 12:05:52] /r
[28/01/2013 12:06:45] /reload actions
[28/01/2013 12:07:08] /r
[28/01/2013 12:07:12] /c juan
[28/01/2013 12:26:33] /goto blood
[28/01/2013 12:26:35] /t
[28/01/2013 12:26:36] /a
[28/01/2013 12:26:37] /a
[28/01/2013 12:26:37] /a
[28/01/2013 12:26:37] /a
[28/01/2013 12:26:38] /a
[28/01/2013 12:26:38] /a
[28/01/2013 12:26:39] /a
[28/01/2013 12:26:40] /a
[28/01/2013 12:26:40] /a
[28/01/2013 12:26:40] /a
[28/01/2013 12:26:40] /a
[28/01/2013 12:26:40] /a
[28/01/2013 12:26:40] /a
[28/01/2013 12:26:40] /a
[28/01/2013 12:26:40] /a
[28/01/2013 12:26:40] /a
[28/01/2013 12:26:41] /a
[28/01/2013 12:26:41] /a
[28/01/2013 12:26:41] /a
[28/01/2013 12:26:42] /a
[28/01/2013 12:26:42] /a
[28/01/2013 12:26:42] /a
[28/01/2013 12:26:42] /a
[28/01/2013 12:26:42] /a
[28/01/2013 12:26:42] /a
[28/01/2013 12:26:43] /a
[28/01/2013 12:26:43] /a
[28/01/2013 12:26:43] /a
[28/01/2013 12:26:43] /a
[28/01/2013 12:26:43] /a
[28/01/2013 12:26:43] /a
[28/01/2013 12:26:43] /a
[28/01/2013 12:26:43] /a
[28/01/2013 12:26:43] /a
[28/01/2013 12:26:43] /a
[28/01/2013 12:26:43] /a
[28/01/2013 12:26:43] /a
[28/01/2013 12:26:43] /a
[28/01/2013 12:26:43] /a
[28/01/2013 12:26:43] /a
[28/01/2013 12:26:43] /a
[28/01/2013 12:26:43] /a
[28/01/2013 12:26:43] /a
[28/01/2013 12:26:43] /a
[28/01/2013 12:26:43] /a
[28/01/2013 12:26:43] /a
[28/01/2013 12:26:43] /a
[28/01/2013 12:26:43] /a
[28/01/2013 12:26:43] /a
[28/01/2013 12:26:43] /a
[28/01/2013 12:26:44] /a
[28/01/2013 12:26:44] /a
[28/01/2013 12:26:44] /a
[28/01/2013 12:26:44] /a
[28/01/2013 12:26:44] /a
[28/01/2013 12:26:44] /a
[28/01/2013 12:26:44] /a
[28/01/2013 12:26:44] /a
[28/01/2013 12:26:44] /a
[28/01/2013 12:26:44] /a
[28/01/2013 12:26:44] /a
[28/01/2013 12:26:44] /a
[28/01/2013 12:26:45] /a
[28/01/2013 12:26:46] /a
[28/01/2013 12:26:46] /a
[28/01/2013 12:26:46] /a
[28/01/2013 12:26:46] /a
[28/01/2013 12:26:47] /a
[28/01/2013 12:26:48] /a
[28/01/2013 12:26:52] /r
[28/01/2013 12:26:58] /goto clasus
[28/01/2013 12:27:06] /a
[28/01/2013 12:27:06] /a
[28/01/2013 12:27:06] /a
[28/01/2013 12:27:07] /a
[28/01/2013 12:27:07] /a
[28/01/2013 12:27:10] /r
[28/01/2013 12:27:20] /reload actions
[28/01/2013 12:43:11] /reload actions
[28/01/2013 12:46:03] /reload actions
[28/01/2013 12:47:19] /reload actions
[28/01/2013 12:50:02] /a
[28/01/2013 12:50:03] /a
[28/01/2013 12:50:03] /a
[28/01/2013 12:50:03] /a
[28/01/2013 12:50:03] /a
[28/01/2013 12:50:03] /a
[28/01/2013 12:50:03] /a
[28/01/2013 12:50:03] /a
[28/01/2013 12:50:03] /a
[28/01/2013 12:50:03] /a
[28/01/2013 12:50:03] /a
[28/01/2013 12:50:03] /a
[28/01/2013 12:50:03] /a
[28/01/2013 12:50:03] /a
[28/01/2013 12:50:03] /a
[28/01/2013 12:50:03] /a
[28/01/2013 12:50:03] /a
[28/01/2013 12:50:03] /a
[28/01/2013 12:50:03] /a
[28/01/2013 12:50:03] /a
[28/01/2013 12:50:03] /a
[28/01/2013 12:50:03] /a
[28/01/2013 12:50:03] /a
[28/01/2013 12:50:03] /a
[28/01/2013 12:50:03] /a
[28/01/2013 12:50:03] /a
[28/01/2013 12:50:04] /a
[28/01/2013 12:50:04] /a
[28/01/2013 12:50:04] /a
[28/01/2013 12:50:05] /a
[28/01/2013 12:50:05] /a
[28/01/2013 12:50:05] /a
[28/01/2013 12:50:05] /a
[28/01/2013 12:50:05] /a
[28/01/2013 12:50:05] /a
[28/01/2013 12:50:06] /a
[28/01/2013 12:50:06] /a
[28/01/2013 12:50:06] /a
[28/01/2013 12:51:05] /i 2300
[28/01/2013 12:54:24] /i animat dead run
[28/01/2013 12:54:25] /i animat dead rune
[28/01/2013 12:54:30] /i animate dead rune
[28/01/2013 12:54:49] /i 3218
[28/01/2013 12:54:51] /r
[28/01/2013 12:56:09] /i 3128
[28/01/2013 12:56:51] /reload actions
[28/01/2013 12:57:52] /t juan
[28/01/2013 12:57:53] /t
[28/01/2013 12:57:56] /i 3128
[28/01/2013 12:59:23] /reload monster
[28/01/2013 12:59:26] /r
[28/01/2013 13:00:17] /reload spells
[28/01/2013 13:00:20] /r
[28/01/2013 13:01:01] /reload actions
[28/01/2013 13:01:52] /reload actions
[28/01/2013 13:02:07] /r
[28/01/2013 13:09:03] /reload spells
[28/01/2013 13:09:15] /i 2316
[28/01/2013 13:11:47] /reload spells
[28/01/2013 13:12:12] /i 2316
[28/01/2013 13:12:27] /r
