[20/01/2009 11:42:49] /t
[20/01/2009 11:43:31] /a 50
[20/01/2009 11:43:32] /a 50
[20/01/2009 11:43:33] /a 50
[20/01/2009 11:43:34] /a 50
[20/01/2009 11:43:53] /t
[20/01/2009 11:54:54] /a 5
[20/01/2009 11:54:54] /a 5
[20/01/2009 11:54:58] /t
[20/01/2009 11:55:30] /a 1
[20/01/2009 11:55:33] /a 1
[20/01/2009 11:55:34] /a 1
[20/01/2009 11:55:34] /a 1
[20/01/2009 11:55:34] /a 1
[20/01/2009 11:55:35] /a 1
[20/01/2009 11:55:35] /a 1
[20/01/2009 11:55:35] /a 1
[20/01/2009 11:55:36] /a 1
[20/01/2009 11:55:36] /a 1
[20/01/2009 11:55:36] /a 1
[20/01/2009 11:55:36] /a 1
[20/01/2009 11:55:37] /a 1
[20/01/2009 11:55:37] /a 1
[20/01/2009 11:55:40] /a 1
[20/01/2009 11:55:40] /a 1
[20/01/2009 11:55:41] /a 1
[20/01/2009 11:55:41] /a 1
[20/01/2009 11:55:41] /a 1
[20/01/2009 11:55:42] /a 1
[20/01/2009 11:55:42] /a 1
[20/01/2009 11:55:42] /a 1
[20/01/2009 11:55:42] /a 1
[20/01/2009 11:56:12] /t
[20/01/2009 12:04:28] /i 2000
[21/01/2009 12:32:38] /a 50
[21/01/2009 12:32:38] /a 50
[21/01/2009 12:32:38] /a 50
[21/01/2009 12:32:39] /a 50
[21/01/2009 12:32:40] /a 50
[21/01/2009 12:32:40] /a 50
[21/01/2009 12:32:40] /a 50
[21/01/2009 12:32:43] /a 1
[21/01/2009 12:32:44] /a 1
[21/01/2009 12:32:44] /a 1
[21/01/2009 12:32:44] /a 1
[21/01/2009 12:32:45] /a 1
[21/01/2009 12:32:45] /a 1
[21/01/2009 12:32:45] /a 1
[21/01/2009 12:32:46] /a 1
[21/01/2009 12:32:46] /a 1
[21/01/2009 12:32:47] /a 1
[21/01/2009 12:32:47] /a 1
[21/01/2009 12:32:47] /a 1
[21/01/2009 12:32:48] /a 1
[21/01/2009 12:32:48] /a 1
[21/01/2009 12:32:48] /a 50
[21/01/2009 12:32:58] /a 1
[21/01/2009 12:32:59] /a 1
[21/01/2009 12:32:59] /a 1
[21/01/2009 12:32:59] /a 1
[21/01/2009 12:33:00] /a 1
[21/01/2009 12:33:00] /a 1
[21/01/2009 12:33:00] /a 1
[21/01/2009 12:33:00] /a 1
[21/01/2009 12:33:00] /a 1
[21/01/2009 12:33:00] /a 1
[21/01/2009 12:33:00] /a 1
[21/01/2009 12:33:00] /a 1
[21/01/2009 12:33:00] /a 1
[21/01/2009 12:33:00] /a 1
[21/01/2009 12:33:00] /a 1
[21/01/2009 12:33:00] /a 1
[21/01/2009 12:33:00] /a 1
[21/01/2009 12:33:00] /a 1
[21/01/2009 12:33:00] /a 1
[21/01/2009 12:33:01] /a 1
[21/01/2009 12:33:01] /a 1
[21/01/2009 12:33:01] /a 1
[21/01/2009 12:33:01] /a 1
[21/01/2009 12:33:01] /a 1
[21/01/2009 12:33:01] /a 1
[21/01/2009 12:33:01] /a 1
[21/01/2009 12:33:01] /a 1
[21/01/2009 12:33:01] /a 1
[21/01/2009 12:33:01] /a 1
[21/01/2009 12:33:01] /a 1
[21/01/2009 12:33:01] /a 1
[21/01/2009 12:33:01] /a 1
[21/01/2009 12:33:01] /a 1
[21/01/2009 12:33:01] /a 1
[21/01/2009 12:33:01] /a 1
[21/01/2009 12:33:01] /a 1
[21/01/2009 12:33:01] /a 1
[21/01/2009 12:33:01] /a 1
[21/01/2009 12:33:01] /a 1
[21/01/2009 12:33:01] /a 1
[21/01/2009 12:33:01] /a 1
[21/01/2009 12:33:01] /a 1
[21/01/2009 12:33:01] /a 1
[21/01/2009 12:33:01] /a 1
[21/01/2009 12:33:01] /a 1
[21/01/2009 12:33:01] /a 1
[21/01/2009 12:33:01] /a 1
[21/01/2009 12:33:02] /a 1
[21/01/2009 12:33:02] /a 1
[21/01/2009 12:33:02] /a 1
[21/01/2009 12:33:02] /a 1
[21/01/2009 12:33:02] /a 1
[21/01/2009 12:33:02] /a 1
[21/01/2009 12:33:02] /a 1
[21/01/2009 12:33:02] /a 1
[21/01/2009 12:33:02] /a 1
[21/01/2009 12:33:02] /a 1
[21/01/2009 12:33:02] /a 1
[21/01/2009 12:33:02] /a 1
[21/01/2009 12:33:03] /a 1
[21/01/2009 12:33:03] /a 1
[21/01/2009 12:33:03] /a 1
[21/01/2009 12:33:03] /a 1
[21/01/2009 12:33:03] /a 1
[21/01/2009 12:33:03] /a 1
[21/01/2009 12:33:03] /a 1
[21/01/2009 12:33:03] /a 1
[21/01/2009 12:33:03] /a 1
[21/01/2009 12:33:03] /a 1
[21/01/2009 12:33:03] /a 1
[21/01/2009 12:33:03] /a 1
[21/01/2009 12:33:03] /a 1
[21/01/2009 12:33:03] /a 1
[21/01/2009 12:33:03] /a 1
[21/01/2009 12:33:03] /a 1
[21/01/2009 12:33:03] /a 1
[21/01/2009 12:33:03] /a 1
[21/01/2009 12:33:03] /a 1
[21/01/2009 12:33:03] /a 1
[21/01/2009 12:33:03] /a 1
[21/01/2009 12:33:03] /a 1
[21/01/2009 12:33:03] /a 1
[21/01/2009 12:33:04] /a 1
[21/01/2009 12:33:04] /a 1
[21/01/2009 12:33:04] /a 1
[21/01/2009 12:33:04] /a 1
[21/01/2009 12:33:04] /a 1
[21/01/2009 12:33:04] /a 1
[21/01/2009 12:33:04] /a 1
[21/01/2009 12:33:04] /a 1
[21/01/2009 12:33:04] /a 1
[21/01/2009 12:33:04] /a 1
[21/01/2009 12:33:04] /a 1
[21/01/2009 12:33:04] /a 1
[21/01/2009 12:33:04] /a 1
[21/01/2009 12:33:04] /a 1
[21/01/2009 12:33:04] /a 1
[21/01/2009 12:33:04] /a 1
[21/01/2009 12:33:04] /a 1
[21/01/2009 12:33:04] /a 1
[21/01/2009 12:33:04] /a 1
[21/01/2009 12:33:04] /a 1
[21/01/2009 12:33:04] /a 1
[21/01/2009 12:33:04] /a 1
[21/01/2009 12:33:04] /a 1
[21/01/2009 12:33:04] /a 1
[21/01/2009 12:33:04] /a 1
[21/01/2009 12:33:04] /a 1
[21/01/2009 12:33:04] /a 1
[21/01/2009 12:33:04] /a 1
[21/01/2009 12:33:04] /a 1
[21/01/2009 12:33:05] /a 1
[21/01/2009 12:33:05] /a 1
[21/01/2009 12:33:05] /a 1
[21/01/2009 12:33:05] /a 1
[21/01/2009 12:33:05] /a 1
[21/01/2009 12:33:05] /a 1
[21/01/2009 12:33:05] /a 1
[21/01/2009 12:33:05] /a 1
[21/01/2009 12:33:05] /a 1
[21/01/2009 12:33:05] /a 1
[21/01/2009 12:33:05] /a 1
[21/01/2009 12:33:05] /a 1
[21/01/2009 12:33:05] /a 1
[21/01/2009 12:33:05] /a 1
[21/01/2009 12:33:05] /a 1
[21/01/2009 12:33:05] /a 1
[21/01/2009 12:33:05] /a 1
[21/01/2009 12:33:05] /a 1
[21/01/2009 12:33:05] /a 1
[21/01/2009 12:33:05] /a 1
[21/01/2009 12:33:05] /a 1
[21/01/2009 12:33:05] /a 1
[21/01/2009 12:33:05] /a 1
[21/01/2009 12:33:05] /a 1
[21/01/2009 12:33:05] /a 1
[21/01/2009 12:33:05] /a 1
[21/01/2009 12:33:05] /a 1
[21/01/2009 12:33:05] /a 1
[21/01/2009 12:33:06] /a 1
[21/01/2009 12:33:07] /a 1
[21/01/2009 12:33:07] /a 1
[21/01/2009 12:33:07] /a 1
[21/01/2009 12:33:07] /a 1
[21/01/2009 12:33:07] /a 1
[21/01/2009 12:33:07] /a 1
[21/01/2009 12:33:07] /a 1
[21/01/2009 12:33:07] /a 1
[21/01/2009 12:33:07] /a 1
[21/01/2009 12:33:08] /a 1
[21/01/2009 12:33:08] /a 1
[21/01/2009 12:33:08] /a 1
[21/01/2009 12:33:08] /a 1
[21/01/2009 12:33:08] /a 1
[21/01/2009 12:33:08] /a 1
[21/01/2009 12:33:08] /a 1
[21/01/2009 12:33:08] /a 1
[21/01/2009 12:33:08] /a 1
[21/01/2009 12:33:08] /a 1
[21/01/2009 12:33:09] /a 1
[21/01/2009 12:33:09] /a 1
[21/01/2009 12:33:09] /a 1
[21/01/2009 12:33:09] /a 1
[21/01/2009 12:33:10] /a 1
[21/01/2009 12:33:10] /a 1
[21/01/2009 12:33:10] /a 1
[21/01/2009 12:33:10] /a 1
[21/01/2009 12:33:10] /a 1
[21/01/2009 12:33:10] /a 1
[21/01/2009 12:33:10] /a 1
[21/01/2009 12:33:10] /a 1
[21/01/2009 12:33:10] /a 1
[21/01/2009 12:33:10] /a 1
[21/01/2009 12:33:10] /a 1
[21/01/2009 12:33:10] /a 1
[21/01/2009 12:33:10] /a 1
[21/01/2009 12:33:10] /a 1
[21/01/2009 12:33:10] /a 1
[21/01/2009 12:33:10] /a 1
[21/01/2009 12:33:10] /a 1
[21/01/2009 12:33:10] /a 1
[21/01/2009 12:33:10] /a 1
[21/01/2009 12:33:10] /a 1
[21/01/2009 12:33:10] /a 1
[21/01/2009 12:33:10] /a 1
[21/01/2009 12:33:10] /a 1
[21/01/2009 12:33:10] /a 1
[21/01/2009 12:33:10] /a 1
[21/01/2009 12:33:10] /a 1
[21/01/2009 12:33:10] /a 1
[21/01/2009 12:33:10] /a 1
[21/01/2009 12:33:11] /a 1
[21/01/2009 12:33:11] /a 1
[21/01/2009 12:33:11] /a 1
[21/01/2009 12:33:11] /a 1
[21/01/2009 12:33:11] /a 1
[21/01/2009 12:33:11] /a 1
[21/01/2009 12:33:11] /a 1
[21/01/2009 12:33:11] /a 1
[21/01/2009 12:33:11] /a 1
[21/01/2009 12:33:11] /a 1
[21/01/2009 12:33:11] /a 1
[21/01/2009 12:33:11] /a 1
[21/01/2009 12:33:11] /a 1
[21/01/2009 12:33:11] /a 1
[21/01/2009 12:33:11] /a 1
[21/01/2009 12:33:11] /a 1
[21/01/2009 12:33:11] /a 1
[21/01/2009 12:33:11] /a 1
[21/01/2009 12:33:11] /a 1
[21/01/2009 12:33:11] /a 1
[21/01/2009 12:33:11] /a 1
[21/01/2009 12:33:11] /a 1
[21/01/2009 12:33:11] /a 1
[21/01/2009 12:33:11] /a 1
[21/01/2009 12:33:11] /a 1
[21/01/2009 12:33:11] /a 1
[21/01/2009 12:33:11] /a 1
[21/01/2009 12:33:12] /a 1
[21/01/2009 12:33:12] /a 1
[21/01/2009 12:33:12] /a 1
[21/01/2009 12:33:12] /a 1
[21/01/2009 12:33:12] /a 1
[21/01/2009 12:33:12] /a 1
[21/01/2009 12:33:12] /a 1
[21/01/2009 12:33:12] /a 1
[21/01/2009 12:33:12] /a 1
[21/01/2009 12:33:12] /a 1
[21/01/2009 12:33:12] /a 1
[21/01/2009 12:33:12] /a 1
[21/01/2009 12:33:12] /a 1
[21/01/2009 12:33:12] /a 1
[21/01/2009 12:33:12] /a 1
[21/01/2009 12:33:12] /a 1
[21/01/2009 12:33:12] /a 1
[21/01/2009 12:33:12] /a 1
[21/01/2009 12:33:12] /a 1
[21/01/2009 12:33:12] /a 1
[21/01/2009 12:33:12] /a 1
[21/01/2009 12:33:12] /a 1
[21/01/2009 12:33:12] /a 1
[21/01/2009 12:33:12] /a 1
[21/01/2009 12:33:12] /a 1
[21/01/2009 12:33:12] /a 1
[21/01/2009 12:33:12] /a 1
[21/01/2009 12:33:12] /a 1
[21/01/2009 12:33:12] /a 1
[21/01/2009 12:33:13] /a 1
[21/01/2009 12:33:13] /a 1
[21/01/2009 12:33:13] /a 1
[21/01/2009 12:33:13] /a 1
[21/01/2009 12:33:13] /a 1
[21/01/2009 12:33:13] /a 1
[21/01/2009 12:33:13] /a 1
[21/01/2009 12:33:13] /a 1
[21/01/2009 12:33:13] /a 1
[21/01/2009 12:33:13] /a 1
[21/01/2009 12:33:13] /a 1
[21/01/2009 12:33:13] /a 1
[21/01/2009 12:33:13] /a 1
[21/01/2009 12:33:13] /a 1
[21/01/2009 12:33:13] /a 1
[21/01/2009 12:33:13] /a 1
[21/01/2009 12:33:14] /a 1
[21/01/2009 12:33:14] /a 1
[21/01/2009 12:33:14] /a 1
[21/01/2009 12:33:15] /a 1
[21/01/2009 12:33:15] /a 1
[21/01/2009 12:33:15] /a 1
[21/01/2009 12:33:15] /a 1
[21/01/2009 12:33:15] /a 1
[21/01/2009 12:33:15] /a 1
[21/01/2009 12:33:16] /a 1
[21/01/2009 12:33:16] /a 1
[21/01/2009 12:33:16] /a 1
[21/01/2009 12:33:16] /a 1
[21/01/2009 12:33:16] /a 1
[21/01/2009 12:33:17] /a 1
[21/01/2009 12:33:17] /a 1
[21/01/2009 12:33:17] /a 1
[21/01/2009 12:33:17] /a 1
[21/01/2009 12:33:18] /a 1
[21/01/2009 12:33:18] /a 1
[21/01/2009 12:33:19] /a 1
[21/01/2009 12:33:19] /a 1
[21/01/2009 12:33:19] /a 1
[21/01/2009 12:33:24] /a 1
[21/01/2009 12:33:24] /a 1
[21/01/2009 12:33:24] /a 1
[21/01/2009 12:33:24] /a 1
[21/01/2009 12:33:24] /a 1
[21/01/2009 12:33:24] /a 1
[21/01/2009 12:33:24] /a 1
[21/01/2009 12:33:24] /a 1
[21/01/2009 12:33:24] /a 1
[21/01/2009 12:33:24] /a 1
[21/01/2009 12:33:24] /a 1
[21/01/2009 12:33:25] /a 1
[21/01/2009 12:33:25] /a 1
[21/01/2009 12:33:25] /a 1
[21/01/2009 12:33:25] /a 1
[21/01/2009 12:33:25] /a 1
[21/01/2009 12:33:25] /a 1
[21/01/2009 12:33:25] /a 1
[21/01/2009 12:33:25] /a 1
[21/01/2009 12:33:25] /a 1
[21/01/2009 12:33:25] /a 1
[21/01/2009 12:33:25] /a 1
[21/01/2009 12:33:25] /a 1
[21/01/2009 12:33:25] /a 1
[21/01/2009 12:33:25] /a 1
[21/01/2009 12:33:25] /a 1
[21/01/2009 12:33:25] /a 1
[21/01/2009 12:33:25] /a 1
[21/01/2009 12:33:25] /a 1
[21/01/2009 12:33:25] /a 1
[21/01/2009 12:33:25] /a 1
[21/01/2009 12:33:25] /a 1
[21/01/2009 12:33:25] /a 1
[21/01/2009 12:33:25] /a 1
[21/01/2009 12:33:25] /a 1
[21/01/2009 12:33:25] /a 1
[21/01/2009 12:33:25] /a 1
[21/01/2009 12:33:25] /a 1
[21/01/2009 12:33:25] /a 1
[21/01/2009 12:33:26] /a 1
[21/01/2009 12:33:26] /a 1
[21/01/2009 12:33:26] /a 1
[21/01/2009 12:33:26] /a 1
[21/01/2009 12:33:26] /a 1
[21/01/2009 12:33:26] /a 1
[21/01/2009 12:33:26] /a 1
[21/01/2009 12:33:26] /a 1
[21/01/2009 12:33:26] /a 1
[21/01/2009 12:33:26] /a 1
[21/01/2009 12:33:26] /a 1
[21/01/2009 12:33:26] /a 1
[21/01/2009 12:33:26] /a 1
[21/01/2009 12:33:26] /a 1
[21/01/2009 12:33:26] /a 1
[21/01/2009 12:33:26] /a 1
[21/01/2009 12:33:26] /a 1
[21/01/2009 12:33:26] /a 1
[21/01/2009 12:33:26] /a 1
[21/01/2009 12:33:26] /a 1
[21/01/2009 12:33:26] /a 1
[21/01/2009 12:33:26] /a 1
[21/01/2009 12:33:26] /a 1
[21/01/2009 12:33:26] /a 1
[21/01/2009 12:33:26] /a 1
[21/01/2009 12:33:26] /a 1
[21/01/2009 12:33:26] /a 1
[21/01/2009 12:33:27] /a 1
[21/01/2009 12:33:27] /a 1
[21/01/2009 12:33:27] /a 1
[21/01/2009 12:33:27] /a 1
[21/01/2009 12:33:27] /a 1
[21/01/2009 12:33:27] /a 1
[21/01/2009 12:33:27] /a 1
[21/01/2009 12:33:27] /a 1
[21/01/2009 12:33:27] /a 1
[21/01/2009 12:33:27] /a 1
[21/01/2009 12:33:27] /a 1
[21/01/2009 12:33:27] /a 1
[21/01/2009 12:33:27] /a 1
[21/01/2009 12:33:27] /a 1
[21/01/2009 12:33:27] /a 1
[21/01/2009 12:33:27] /a 1
[21/01/2009 12:33:27] /a 1
[21/01/2009 12:33:27] /a 1
[21/01/2009 12:33:27] /a 1
[21/01/2009 12:33:27] /a 1
[21/01/2009 12:33:27] /a 1
[21/01/2009 12:33:27] /a 1
[21/01/2009 12:33:27] /a 1
[21/01/2009 12:33:27] /a 1
[21/01/2009 12:33:27] /a 1
[21/01/2009 12:33:27] /a 1
[21/01/2009 12:33:27] /a 1
[21/01/2009 12:33:27] /a 1
[21/01/2009 12:33:27] /a 1
[21/01/2009 12:33:28] /a 1
[21/01/2009 12:33:28] /a 1
[21/01/2009 12:33:28] /a 1
[21/01/2009 12:33:28] /a 1
[21/01/2009 12:33:28] /a 1
[21/01/2009 12:33:28] /a 1
[21/01/2009 12:33:28] /a 1
[21/01/2009 12:33:28] /a 1
[21/01/2009 12:33:28] /a 1
[21/01/2009 12:33:28] /a 1
[21/01/2009 12:33:28] /a 1
[21/01/2009 12:33:28] /a 1
[21/01/2009 12:33:28] /a 1
[21/01/2009 12:33:28] /a 1
[21/01/2009 12:33:28] /a 1
[21/01/2009 12:33:28] /a 1
[21/01/2009 12:33:28] /a 1
[21/01/2009 12:33:28] /a 1
[21/01/2009 12:33:28] /a 1
[21/01/2009 12:33:28] /a 1
[21/01/2009 12:33:28] /a 1
[21/01/2009 12:33:28] /a 1
[21/01/2009 12:33:28] /a 1
[21/01/2009 12:33:28] /a 1
[21/01/2009 12:33:28] /a 1
[21/01/2009 12:33:28] /a 1
[21/01/2009 12:33:28] /a 1
[21/01/2009 12:33:29] /a 1
[21/01/2009 12:33:29] /a 1
[21/01/2009 12:33:29] /a 1
[21/01/2009 12:33:29] /a 1
[21/01/2009 12:33:29] /a 1
[21/01/2009 12:33:29] /a 1
[21/01/2009 12:33:29] /a 1
[21/01/2009 12:33:29] /a 1
[21/01/2009 12:33:29] /a 1
[21/01/2009 12:33:29] /a 1
[21/01/2009 12:33:29] /a 1
[21/01/2009 12:33:29] /a 1
[21/01/2009 12:33:29] /a 1
[21/01/2009 12:33:29] /a 1
[21/01/2009 12:33:30] /a 1
[21/01/2009 12:33:30] /a 1
[21/01/2009 12:33:30] /a 1
[21/01/2009 12:33:30] /a 1
[21/01/2009 12:33:30] /a 1
[21/01/2009 12:33:30] /a 1
[21/01/2009 12:33:30] /a 1
[21/01/2009 12:33:30] /a 1
[21/01/2009 12:33:30] /a 1
[21/01/2009 12:33:30] /a 1
[21/01/2009 12:33:30] /a 1
[21/01/2009 12:33:30] /a 1
[21/01/2009 12:33:30] /a 1
[21/01/2009 12:33:30] /a 1
[21/01/2009 12:33:31] /a 1
[21/01/2009 12:33:31] /a 1
[21/01/2009 12:33:31] /a 1
[21/01/2009 12:33:31] /a 1
[21/01/2009 12:33:31] /a 1
[21/01/2009 12:33:31] /a 1
[21/01/2009 12:33:31] /a 1
[21/01/2009 12:33:31] /a 1
[21/01/2009 12:33:31] /a 1
[21/01/2009 12:33:31] /a 1
[21/01/2009 12:33:31] /a 1
[21/01/2009 12:33:31] /a 1
[21/01/2009 12:33:31] /a 1
[21/01/2009 12:33:31] /a 1
[21/01/2009 12:33:31] /a 1
[21/01/2009 12:33:31] /a 1
[21/01/2009 12:33:31] /a 1
[21/01/2009 12:33:31] /a 1
[21/01/2009 12:33:31] /a 1
[21/01/2009 12:33:31] /a 1
[21/01/2009 12:33:31] /a 1
[21/01/2009 12:33:31] /a 1
[21/01/2009 12:33:31] /a 1
[21/01/2009 12:33:32] /a 1
[21/01/2009 12:33:32] /a 1
[21/01/2009 12:33:32] /a 1
[21/01/2009 12:33:32] /a 1
[21/01/2009 12:33:32] /a 1
[21/01/2009 12:33:32] /a 1
[21/01/2009 12:33:32] /a 1
[21/01/2009 12:33:33] /a 1
[21/01/2009 12:33:33] /a 1
[21/01/2009 12:33:33] /a 1
[21/01/2009 12:33:33] /a 1
[21/01/2009 12:33:33] /a 1
[21/01/2009 12:33:33] /a 1
[21/01/2009 12:33:33] /a 1
[21/01/2009 12:33:33] /a 1
[21/01/2009 12:33:33] /a 1
[21/01/2009 12:33:35] /a 1
[21/01/2009 12:33:35] /a 1
[21/01/2009 12:33:35] /a 1
[21/01/2009 12:33:35] /a 1
[21/01/2009 12:33:35] /a 1
[21/01/2009 12:33:35] /a 1
[21/01/2009 12:33:35] /a 1
[21/01/2009 12:33:35] /a 1
[21/01/2009 12:33:35] /a 1
[21/01/2009 12:33:35] /a 1
[21/01/2009 12:33:35] /a 1
[21/01/2009 12:33:36] /a 1
[21/01/2009 12:33:36] /a 1
[21/01/2009 12:33:36] /a 1
[21/01/2009 12:33:36] /a 1
[21/01/2009 12:33:36] /a 1
[21/01/2009 12:33:36] /a 1
[21/01/2009 12:33:36] /a 1
[21/01/2009 12:33:36] /a 1
[21/01/2009 12:33:36] /a 1
[21/01/2009 12:33:36] /a 1
[21/01/2009 12:33:36] /a 1
[21/01/2009 12:33:36] /a 1
[21/01/2009 12:33:36] /a 1
[21/01/2009 12:33:36] /a 1
[21/01/2009 12:33:36] /a 1
[21/01/2009 12:33:36] /a 1
[21/01/2009 12:33:36] /a 1
[21/01/2009 12:33:36] /a 1
[21/01/2009 12:33:36] /a 1
[21/01/2009 12:33:36] /a 1
[21/01/2009 12:33:36] /a 1
[21/01/2009 12:33:36] /a 1
[21/01/2009 12:33:36] /a 1
[21/01/2009 12:33:36] /a 1
[21/01/2009 12:33:36] /a 1
[21/01/2009 12:33:36] /a 1
[21/01/2009 12:33:36] /a 1
[21/01/2009 12:33:36] /a 1
[21/01/2009 12:33:37] /a 1
[21/01/2009 12:33:37] /a 1
[21/01/2009 12:33:37] /a 1
[21/01/2009 12:33:37] /a 1
[21/01/2009 12:33:37] /a 1
[21/01/2009 12:33:37] /a 1
[21/01/2009 12:33:37] /a 1
[21/01/2009 12:33:37] /a 1
[21/01/2009 12:33:37] /a 1
[21/01/2009 12:33:37] /a 1
[21/01/2009 12:33:37] /a 1
[21/01/2009 12:33:37] /a 1
[21/01/2009 12:33:37] /a 1
[21/01/2009 12:33:37] /a 1
[21/01/2009 12:33:37] /a 1
[21/01/2009 12:33:37] /a 1
[21/01/2009 12:33:37] /a 1
[21/01/2009 12:33:37] /a 1
[21/01/2009 12:33:37] /a 1
[21/01/2009 12:33:37] /a 1
[21/01/2009 12:33:37] /a 1
[21/01/2009 12:33:37] /a 1
[21/01/2009 12:33:37] /a 1
[21/01/2009 12:33:37] /a 1
[21/01/2009 12:33:37] /a 1
[21/01/2009 12:33:37] /a 1
[21/01/2009 12:33:37] /a 1
[21/01/2009 12:33:37] /a 1
[21/01/2009 12:33:38] /a 1
[21/01/2009 12:33:38] /a 1
[21/01/2009 12:33:38] /a 1
[21/01/2009 12:33:38] /a 1
[21/01/2009 12:33:38] /a 1
[21/01/2009 12:33:39] /a 1
[21/01/2009 12:33:39] /a 1
[21/01/2009 12:33:39] /a 1
[21/01/2009 12:33:39] /a 1
[21/01/2009 12:33:39] /a 1
[21/01/2009 12:33:39] /a 1
[21/01/2009 12:33:39] /a 1
[21/01/2009 12:33:39] /a 1
[21/01/2009 12:33:39] /a 1
[21/01/2009 12:33:39] /a 1
[21/01/2009 12:33:39] /a 1
[21/01/2009 12:33:39] /a 1
[21/01/2009 12:33:39] /a 1
[21/01/2009 12:33:39] /a 1
[21/01/2009 12:33:39] /a 1
[21/01/2009 12:33:40] /a 1
[21/01/2009 12:33:40] /a 1
[21/01/2009 12:33:40] /a 1
[21/01/2009 12:33:40] /a 1
[21/01/2009 12:33:40] /a 1
[21/01/2009 12:33:40] /a 1
[21/01/2009 12:33:40] /a 1
[21/01/2009 12:33:40] /a 1
[21/01/2009 12:33:40] /a 1
[21/01/2009 12:33:40] /a 1
[21/01/2009 12:33:40] /a 1
[21/01/2009 12:33:40] /a 1
[21/01/2009 12:33:40] /a 1
[21/01/2009 12:33:41] /a 1
[21/01/2009 12:33:41] /a 1
[21/01/2009 12:33:41] /a 1
[21/01/2009 12:33:41] /a 1
[21/01/2009 12:33:41] /a 1
[21/01/2009 12:33:41] /a 1
[21/01/2009 12:33:41] /a 1
[21/01/2009 12:33:41] /a 1
[21/01/2009 12:33:42] /a 1
[21/01/2009 12:33:42] /a 1
[21/01/2009 12:33:42] /a 1
[21/01/2009 12:33:42] /a 1
[21/01/2009 12:33:42] /a 1
[21/01/2009 12:33:42] /a 1
[21/01/2009 12:33:42] /a 1
[21/01/2009 12:33:42] /a 1
[21/01/2009 12:33:42] /a 1
[21/01/2009 12:33:42] /a 1
[21/01/2009 12:33:42] /a 1
[21/01/2009 12:33:42] /a 1
[21/01/2009 12:33:42] /a 1
[21/01/2009 12:33:42] /a 1
[21/01/2009 12:33:42] /a 1
[21/01/2009 12:33:42] /a 1
[21/01/2009 12:33:42] /a 1
[21/01/2009 12:33:42] /a 1
[21/01/2009 12:33:42] /a 1
[21/01/2009 12:33:42] /a 1
[21/01/2009 12:33:42] /a 1
[21/01/2009 12:33:42] /a 1
[21/01/2009 12:33:42] /a 1
[21/01/2009 12:33:42] /a 1
[21/01/2009 12:33:42] /a 1
[21/01/2009 12:33:42] /a 1
[21/01/2009 12:33:42] /a 1
[21/01/2009 12:33:42] /a 1
[21/01/2009 12:33:43] /a 1
[21/01/2009 12:33:43] /a 1
[21/01/2009 12:33:43] /a 1
[21/01/2009 12:33:43] /a 1
[21/01/2009 12:33:43] /a 1
[21/01/2009 12:33:43] /a 1
[21/01/2009 12:33:43] /a 1
[21/01/2009 12:33:43] /a 1
[21/01/2009 12:33:43] /a 1
[21/01/2009 12:33:43] /a 1
[21/01/2009 12:33:43] /a 1
[21/01/2009 12:33:43] /a 1
[21/01/2009 12:33:43] /a 1
[21/01/2009 12:33:43] /a 1
[21/01/2009 12:33:43] /a 1
[21/01/2009 12:33:43] /a 1
[21/01/2009 12:33:43] /a 1
[21/01/2009 12:33:43] /a 1
[21/01/2009 12:33:43] /a 1
[21/01/2009 12:33:43] /a 1
[21/01/2009 12:33:43] /a 1
[21/01/2009 12:33:43] /a 1
[21/01/2009 12:33:43] /a 1
[21/01/2009 12:33:43] /a 1
[21/01/2009 12:33:43] /a 1
[21/01/2009 12:33:43] /a 1
[21/01/2009 12:33:43] /a 1
[21/01/2009 12:33:43] /a 1
[21/01/2009 12:33:44] /a 1
[21/01/2009 12:33:44] /a 1
[21/01/2009 12:33:44] /a 1
[21/01/2009 12:33:44] /a 1
[21/01/2009 12:33:44] /a 1
[21/01/2009 12:33:44] /a 1
[21/01/2009 12:33:44] /a 1
[21/01/2009 12:33:44] /a 1
[21/01/2009 12:33:45] /a 1
[21/01/2009 12:33:45] /a 1
[21/01/2009 12:33:45] /a 1
[21/01/2009 12:33:45] /a 1
[21/01/2009 12:33:45] /a 1
[21/01/2009 12:33:45] /a 1
[21/01/2009 12:33:45] /a 1
[21/01/2009 12:33:45] /a 1
[21/01/2009 12:33:45] /a 1
[21/01/2009 12:33:45] /a 1
[21/01/2009 12:33:45] /a 1
[21/01/2009 12:33:45] /a 1
[21/01/2009 12:33:45] /a 1
[21/01/2009 12:33:45] /a 1
[21/01/2009 12:33:45] /a 1
[21/01/2009 12:33:45] /a 1
[21/01/2009 12:33:45] /a 1
[21/01/2009 12:33:45] /a 1
[21/01/2009 12:33:45] /a 1
[21/01/2009 12:33:45] /a 1
[21/01/2009 12:33:45] /a 1
[21/01/2009 12:33:45] /a 1
[21/01/2009 12:33:45] /a 1
[21/01/2009 12:33:45] /a 1
[21/01/2009 12:33:45] /a 1
[21/01/2009 12:33:45] /a 1
[21/01/2009 12:33:45] /a 1
[21/01/2009 12:33:45] /a 1
[21/01/2009 12:33:45] /a 1
[21/01/2009 12:33:46] /a 1
[21/01/2009 12:33:46] /a 1
[21/01/2009 12:33:46] /a 1
[21/01/2009 12:33:46] /a 1
[21/01/2009 12:33:46] /a 1
[21/01/2009 12:33:46] /a 1
[21/01/2009 12:33:46] /a 1
[21/01/2009 12:33:46] /a 1
[21/01/2009 12:33:46] /a 1
[21/01/2009 12:33:46] /a 1
[21/01/2009 12:33:46] /a 1
[21/01/2009 12:33:46] /a 1
[21/01/2009 12:33:46] /a 1
[21/01/2009 12:33:46] /a 1
[21/01/2009 12:33:46] /a 1
[21/01/2009 12:33:46] /a 1
[21/01/2009 12:33:46] /a 1
[21/01/2009 12:33:46] /a 1
[21/01/2009 12:33:46] /a 1
[21/01/2009 12:33:46] /a 1
[21/01/2009 12:33:46] /a 1
[21/01/2009 12:33:46] /a 1
[21/01/2009 12:33:46] /a 1
[21/01/2009 12:33:46] /a 1
[21/01/2009 12:33:46] /a 1
[21/01/2009 12:33:46] /a 1
[21/01/2009 12:33:46] /a 1
[21/01/2009 12:33:46] /a 1
[21/01/2009 12:33:47] /a 1
[21/01/2009 12:33:47] /a 1
[21/01/2009 12:33:47] /a 1
[21/01/2009 12:33:47] /a 1
[21/01/2009 12:33:47] /a 1
[21/01/2009 12:33:48] /a 1
[21/01/2009 12:33:48] /a 1
[21/01/2009 12:33:48] /a 1
[21/01/2009 12:33:48] /a 1
[21/01/2009 12:33:48] /a 1
[21/01/2009 12:33:48] /a 1
[21/01/2009 12:33:48] /a 1
[21/01/2009 12:33:48] /a 1
[21/01/2009 12:33:48] /a 1
[21/01/2009 12:33:48] /a 1
[21/01/2009 12:33:48] /a 1
[21/01/2009 12:33:48] /a 1
[21/01/2009 12:33:48] /a 1
[21/01/2009 12:33:48] /a 1
[21/01/2009 12:33:48] /a 1
[21/01/2009 12:33:48] /a 1
[21/01/2009 12:33:48] /a 1
[21/01/2009 12:33:48] /a 1
[21/01/2009 12:33:49] /a 1
[21/01/2009 12:33:50] /a 1
[21/01/2009 12:33:50] /a 1
[21/01/2009 12:33:50] /a 1
[21/01/2009 12:33:50] /a 1
[21/01/2009 12:33:50] /a 1
[21/01/2009 12:33:50] /a 1
[21/01/2009 12:33:50] /a 1
[21/01/2009 12:33:50] /a 1
[21/01/2009 12:33:50] /a 1
[21/01/2009 12:33:50] /a 1
[21/01/2009 12:33:50] /a 1
[21/01/2009 12:33:50] /a 1
[21/01/2009 12:33:50] /a 1
[21/01/2009 12:33:50] /a 1
[21/01/2009 12:33:50] /a 1
[21/01/2009 12:33:50] /a 1
[21/01/2009 12:33:50] /a 1
[21/01/2009 12:33:50] /a 1
[21/01/2009 12:33:50] /a 1
[21/01/2009 12:33:50] /a 1
[21/01/2009 12:33:50] /a 1
[21/01/2009 12:33:50] /a 1
[21/01/2009 12:33:50] /a 1
[21/01/2009 12:33:50] /a 1
[21/01/2009 12:33:51] /a 1
[21/01/2009 12:33:51] /a 1
[21/01/2009 12:33:51] /a 1
[21/01/2009 12:33:51] /a 1
[21/01/2009 12:33:51] /a 1
[21/01/2009 12:33:51] /a 1
[21/01/2009 12:33:51] /a 1
[21/01/2009 12:33:51] /a 1
[21/01/2009 12:33:51] /a 1
[21/01/2009 12:33:51] /a 1
[21/01/2009 12:33:51] /a 1
[21/01/2009 12:33:51] /a 1
[21/01/2009 12:33:51] /a 1
[21/01/2009 12:33:51] /a 1
[21/01/2009 12:33:51] /a 1
[21/01/2009 12:33:51] /a 1
[21/01/2009 12:33:51] /a 1
[21/01/2009 12:33:51] /a 1
[21/01/2009 12:33:51] /a 1
[21/01/2009 12:33:51] /a 1
[21/01/2009 12:33:51] /a 1
[21/01/2009 12:33:51] /a 1
[21/01/2009 12:33:51] /a 1
[21/01/2009 12:33:51] /a 1
[21/01/2009 12:33:51] /a 1
[21/01/2009 12:33:51] /a 1
[21/01/2009 12:33:51] /a 1
[21/01/2009 12:33:51] /a 1
[21/01/2009 12:33:52] /a 1
[21/01/2009 12:33:52] /a 1
[21/01/2009 12:33:52] /a 1
[21/01/2009 12:33:52] /a 1
[21/01/2009 12:33:52] /a 1
[21/01/2009 12:33:52] /a 1
[21/01/2009 12:33:52] /a 1
[21/01/2009 12:33:52] /a 1
[21/01/2009 12:33:52] /a 1
[21/01/2009 12:33:52] /a 1
[21/01/2009 12:33:52] /a 1
[21/01/2009 12:33:52] /a 1
[21/01/2009 12:33:52] /a 1
[21/01/2009 12:33:52] /a 1
[21/01/2009 12:33:52] /a 1
[21/01/2009 12:33:52] /a 1
[21/01/2009 12:33:52] /a 1
[21/01/2009 12:33:52] /a 1
[21/01/2009 12:33:52] /a 1
[21/01/2009 12:33:52] /a 1
[21/01/2009 12:33:52] /a 1
[21/01/2009 12:33:52] /a 1
[21/01/2009 12:33:52] /a 1
[21/01/2009 12:33:52] /a 1
[21/01/2009 12:33:52] /a 1
[21/01/2009 12:33:52] /a 1
[21/01/2009 12:33:52] /a 1
[21/01/2009 12:33:53] /a 1
[21/01/2009 12:33:53] /a 1
[21/01/2009 12:33:53] /a 1
[21/01/2009 12:33:53] /a 1
[21/01/2009 12:33:53] /a 1
[21/01/2009 12:33:53] /a 1
[21/01/2009 12:33:53] /a 1
[21/01/2009 12:33:53] /a 1
[21/01/2009 12:33:53] /a 1
[21/01/2009 12:33:53] /a 1
[21/01/2009 12:33:53] /a 1
[21/01/2009 12:33:53] /a 1
[21/01/2009 12:33:53] /a 1
[21/01/2009 12:33:53] /a 1
[21/01/2009 12:33:53] /a 1
[21/01/2009 12:33:53] /a 1
[21/01/2009 12:33:53] /a 1
[21/01/2009 12:33:53] /a 1
[21/01/2009 12:33:53] /a 1
[21/01/2009 12:33:53] /a 1
[21/01/2009 12:33:53] /a 1
[21/01/2009 12:33:53] /a 1
[21/01/2009 12:33:53] /a 1
[21/01/2009 12:33:53] /a 1
[21/01/2009 12:33:53] /a 1
[21/01/2009 12:33:53] /a 1
[21/01/2009 12:33:53] /a 1
[21/01/2009 12:33:53] /a 1
[21/01/2009 12:33:54] /a 1
[21/01/2009 12:33:54] /a 1
[21/01/2009 12:33:54] /a 1
[21/01/2009 12:33:54] /a 1
[21/01/2009 12:33:54] /a 1
[21/01/2009 12:33:54] /a 1
[21/01/2009 12:33:54] /a 1
[21/01/2009 12:33:54] /a 1
[21/01/2009 12:33:54] /a 1
[21/01/2009 12:33:54] /a 1
[21/01/2009 12:33:54] /a 1
[21/01/2009 12:33:54] /a 1
[21/01/2009 12:33:54] /a 1
[21/01/2009 12:33:54] /a 1
[21/01/2009 12:33:54] /a 1
[21/01/2009 12:33:54] /a 1
[21/01/2009 12:33:54] /a 1
[21/01/2009 12:33:54] /a 1
[21/01/2009 12:33:54] /a 1
[21/01/2009 12:33:54] /a 1
[21/01/2009 12:33:54] /a 1
[21/01/2009 12:33:54] /a 1
[21/01/2009 12:33:54] /a 1
[21/01/2009 12:33:55] /a 1
[21/01/2009 12:33:55] /a 1
[21/01/2009 12:33:55] /a 1
[21/01/2009 12:33:55] /a 1
[21/01/2009 12:33:55] /a 1
[21/01/2009 12:33:55] /a 1
[21/01/2009 12:33:55] /a 1
[21/01/2009 12:33:55] /a 1
[21/01/2009 12:33:55] /a 1
[21/01/2009 12:33:55] /a 1
[21/01/2009 12:33:55] /a 1
[21/01/2009 12:33:55] /a 1
[21/01/2009 12:33:56] /a 1
[21/01/2009 12:33:56] /a 1
[21/01/2009 12:33:56] /a 1
[21/01/2009 12:34:21] /down
[21/01/2009 12:34:25] /a 2
[21/01/2009 12:34:26] /a 2
[21/01/2009 12:35:47] /a 2
[21/01/2009 12:35:48] /a 2
[21/01/2009 12:35:48] /a 2
[21/01/2009 12:37:32] /up
[21/01/2009 12:47:09] /m monk
[21/01/2009 12:47:10] /m monk
[21/01/2009 12:47:11] /m monk
[21/01/2009 12:47:11] /m monk
[21/01/2009 12:47:11] /m monk
[21/01/2009 12:48:57] /r
[21/01/2009 12:48:58] /r
[21/01/2009 12:48:58] /r
[21/01/2009 12:49:00] /r
[21/01/2009 12:49:01] /r
[21/01/2009 12:49:48] /a 5
[21/01/2009 12:49:49] /a 5
[21/01/2009 12:49:49] /a 5
[21/01/2009 12:49:49] /a 5
[21/01/2009 12:49:50] /a 5
[21/01/2009 12:49:51] /a 5
[21/01/2009 12:49:51] /a 5
[21/01/2009 12:49:52] /a 5
[21/01/2009 12:49:52] /a 5
[21/01/2009 12:49:52] /a 5
[21/01/2009 12:49:53] /a 1
[21/01/2009 12:49:53] /a 1
[21/01/2009 12:49:53] /a 1
[21/01/2009 12:49:53] /a 1
[21/01/2009 12:49:53] /a 1
[21/01/2009 12:49:53] /a 1
[21/01/2009 12:49:53] /a 1
[21/01/2009 12:49:53] /a 1
[21/01/2009 12:49:53] /a 1
[21/01/2009 12:49:53] /a 1
[21/01/2009 12:49:53] /a 1
[21/01/2009 12:49:54] /a 1
[21/01/2009 12:49:54] /a 1
[21/01/2009 12:49:54] /a 1
[21/01/2009 12:49:54] /a 1
[21/01/2009 12:49:54] /a 1
[21/01/2009 12:49:54] /a 1
[21/01/2009 12:49:54] /a 1
[21/01/2009 12:49:54] /a 1
[21/01/2009 12:49:54] /a 1
[21/01/2009 12:49:54] /a 1
[21/01/2009 12:49:54] /a 1
[21/01/2009 12:49:54] /a 1
[21/01/2009 12:49:54] /a 1
[21/01/2009 12:49:54] /a 1
[21/01/2009 12:49:54] /a 1
[21/01/2009 12:49:54] /a 1
[21/01/2009 12:49:54] /a 1
[21/01/2009 12:49:54] /a 1
[21/01/2009 12:49:54] /a 1
[21/01/2009 12:49:54] /a 1
[21/01/2009 12:49:54] /a 1
[21/01/2009 12:49:54] /a 1
[21/01/2009 12:49:54] /a 1
[21/01/2009 12:49:54] /a 1
[21/01/2009 12:49:54] /a 1
[21/01/2009 12:49:54] /a 1
[21/01/2009 12:49:54] /a 1
[21/01/2009 12:49:54] /a 1
[21/01/2009 12:49:54] /a 1
[21/01/2009 12:49:55] /a 1
[21/01/2009 12:49:55] /a 1
[21/01/2009 12:49:55] /a 1
[21/01/2009 12:49:55] /a 1
[21/01/2009 12:49:55] /a 1
[21/01/2009 12:49:55] /a 1
[21/01/2009 12:49:55] /a 1
[21/01/2009 12:49:55] /a 1
[21/01/2009 12:49:55] /a 1
[21/01/2009 12:49:55] /a 1
[21/01/2009 12:49:55] /a 1
[21/01/2009 12:49:55] /a 1
[21/01/2009 12:49:55] /a 1
[21/01/2009 12:49:55] /a 1
[21/01/2009 12:49:55] /a 1
[21/01/2009 12:49:55] /a 1
[21/01/2009 12:49:55] /a 1
[21/01/2009 12:49:55] /a 1
[21/01/2009 12:49:55] /a 1
[21/01/2009 12:49:55] /a 1
[21/01/2009 12:49:55] /a 1
[21/01/2009 12:49:55] /a 1
[21/01/2009 12:49:55] /a 1
[21/01/2009 12:49:55] /a 1
[21/01/2009 12:49:55] /a 1
[21/01/2009 12:49:55] /a 1
[21/01/2009 12:49:55] /a 1
[21/01/2009 12:49:55] /a 1
[21/01/2009 12:49:56] /a 1
[21/01/2009 12:49:56] /a 1
[21/01/2009 12:49:56] /a 1
[21/01/2009 12:49:56] /a 1
[21/01/2009 12:49:56] /a 1
[21/01/2009 12:49:56] /a 1
[21/01/2009 12:49:56] /a 1
[21/01/2009 12:49:56] /a 1
[21/01/2009 12:49:56] /a 1
[21/01/2009 12:49:56] /a 1
[21/01/2009 12:49:56] /a 1
[21/01/2009 12:49:56] /a 1
[21/01/2009 12:49:56] /a 1
[21/01/2009 12:49:56] /a 1
[21/01/2009 12:49:56] /a 1
[21/01/2009 12:49:56] /a 1
[21/01/2009 12:49:56] /a 1
[21/01/2009 12:49:56] /a 1
[21/01/2009 12:49:56] /a 1
[21/01/2009 12:49:56] /a 1
[21/01/2009 12:49:56] /a 1
[21/01/2009 12:49:56] /a 1
[21/01/2009 12:49:56] /a 1
[21/01/2009 12:49:56] /a 1
[21/01/2009 12:49:56] /a 1
[21/01/2009 12:49:56] /a 1
[21/01/2009 12:49:56] /a 1
[21/01/2009 12:49:56] /a 1
[21/01/2009 12:49:57] /a 1
[21/01/2009 12:49:57] /a 1
[21/01/2009 12:49:57] /a 1
[21/01/2009 12:49:57] /a 1
[21/01/2009 12:49:57] /a 1
[21/01/2009 12:49:57] /a 1
[21/01/2009 12:49:57] /a 1
[21/01/2009 12:49:57] /a 1
[21/01/2009 12:49:57] /a 1
[21/01/2009 12:49:57] /a 1
[21/01/2009 12:49:57] /a 1
[21/01/2009 12:49:57] /a 1
[21/01/2009 12:49:57] /a 1
[21/01/2009 12:49:57] /a 1
[21/01/2009 12:49:57] /a 1
[21/01/2009 12:49:57] /a 1
[21/01/2009 12:49:57] /a 1
[21/01/2009 12:49:57] /a 1
[21/01/2009 12:49:57] /a 1
[21/01/2009 12:49:57] /a 1
[21/01/2009 12:49:57] /a 1
[21/01/2009 12:49:57] /a 1
[21/01/2009 12:49:57] /a 1
[21/01/2009 12:49:57] /a 1
[21/01/2009 12:49:57] /a 1
[21/01/2009 12:49:57] /a 1
[21/01/2009 12:49:57] /a 1
[21/01/2009 12:49:57] /a 1
[21/01/2009 12:49:57] /a 1
[21/01/2009 12:49:58] /a 1
[21/01/2009 12:49:58] /a 1
[21/01/2009 12:49:58] /a 1
[21/01/2009 12:49:58] /a 1
[21/01/2009 12:49:58] /a 1
[21/01/2009 12:49:58] /a 1
[21/01/2009 12:49:58] /a 1
[21/01/2009 12:49:58] /a 1
[21/01/2009 12:49:58] /a 1
[21/01/2009 12:49:58] /a 1
[21/01/2009 12:49:58] /a 1
[21/01/2009 12:49:58] /a 1
[21/01/2009 12:49:58] /a 1
[21/01/2009 12:49:58] /a 1
[21/01/2009 12:49:58] /a 1
[21/01/2009 12:49:58] /a 1
[21/01/2009 12:49:58] /a 1
[21/01/2009 12:49:58] /a 1
[21/01/2009 12:49:58] /a 1
[21/01/2009 12:49:58] /a 1
[21/01/2009 12:49:58] /a 1
[21/01/2009 12:49:58] /a 1
[21/01/2009 12:49:58] /a 1
[21/01/2009 12:49:58] /a 1
[21/01/2009 12:49:58] /a 1
[21/01/2009 12:49:58] /a 1
[21/01/2009 12:49:58] /a 1
[21/01/2009 12:49:58] /a 1
[21/01/2009 12:49:59] /a 1
[21/01/2009 12:49:59] /a 1
[21/01/2009 12:49:59] /a 1
[21/01/2009 12:49:59] /a 1
[21/01/2009 12:49:59] /a 1
[21/01/2009 12:49:59] /a 1
[21/01/2009 12:49:59] /a 1
[21/01/2009 12:49:59] /a 1
[21/01/2009 12:49:59] /a 1
[21/01/2009 12:49:59] /a 1
[21/01/2009 12:49:59] /a 1
[21/01/2009 12:49:59] /a 1
[21/01/2009 12:49:59] /a 1
[21/01/2009 12:49:59] /a 1
[21/01/2009 12:49:59] /a 1
[21/01/2009 12:49:59] /a 1
[21/01/2009 12:49:59] /a 1
[21/01/2009 12:49:59] /a 1
[21/01/2009 12:49:59] /a 1
[21/01/2009 12:49:59] /a 1
[21/01/2009 12:49:59] /a 1
[21/01/2009 12:49:59] /a 1
[21/01/2009 12:49:59] /a 1
[21/01/2009 12:49:59] /a 1
[21/01/2009 12:49:59] /a 1
[21/01/2009 12:49:59] /a 1
[21/01/2009 12:49:59] /a 1
[21/01/2009 12:49:59] /a 1
[21/01/2009 12:49:59] /a 1
[21/01/2009 12:50:00] /a 1
[21/01/2009 12:50:00] /a 1
[21/01/2009 12:50:00] /a 1
[21/01/2009 12:50:00] /a 1
[21/01/2009 12:50:00] /a 1
[21/01/2009 12:50:00] /a 1
[21/01/2009 12:50:00] /a 1
[21/01/2009 12:50:00] /a 1
[21/01/2009 12:50:00] /a 1
[21/01/2009 12:50:00] /a 1
[21/01/2009 12:50:00] /a 1
[21/01/2009 12:50:00] /a 1
[21/01/2009 12:50:00] /a 1
[21/01/2009 12:50:00] /a 1
[21/01/2009 12:50:00] /a 1
[21/01/2009 12:50:00] /a 1
[21/01/2009 12:50:00] /a 1
[21/01/2009 12:50:00] /a 1
[21/01/2009 12:50:00] /a 1
[21/01/2009 12:50:00] /a 1
[21/01/2009 12:50:00] /a 1
[21/01/2009 12:50:00] /a 1
[21/01/2009 12:50:00] /a 1
[21/01/2009 12:50:00] /a 1
[21/01/2009 12:50:00] /a 1
[21/01/2009 12:50:00] /a 1
[21/01/2009 12:50:00] /a 1
[21/01/2009 12:50:00] /a 1
[21/01/2009 12:50:01] /a 1
[21/01/2009 12:50:01] /a 1
[21/01/2009 12:50:01] /a 1
[21/01/2009 12:50:01] /a 1
[21/01/2009 12:50:01] /a 1
[21/01/2009 12:50:01] /a 1
[21/01/2009 12:50:01] /a 1
[21/01/2009 12:50:01] /a 1
[21/01/2009 12:50:01] /a 1
[21/01/2009 12:50:01] /a 1
[21/01/2009 12:50:01] /a 1
[21/01/2009 12:50:01] /a 1
[21/01/2009 12:50:01] /a 1
[21/01/2009 12:50:01] /a 1
[21/01/2009 12:50:01] /a 1
[21/01/2009 12:50:01] /a 1
[21/01/2009 12:50:01] /a 1
[21/01/2009 12:50:01] /a 1
[21/01/2009 12:50:01] /a 1
[21/01/2009 12:50:01] /a 1
[21/01/2009 12:50:01] /a 1
[21/01/2009 12:50:01] /a 1
[21/01/2009 12:50:01] /a 1
[21/01/2009 12:50:01] /a 1
[21/01/2009 12:50:01] /a 1
[21/01/2009 12:50:01] /a 1
[21/01/2009 12:50:01] /a 1
[21/01/2009 12:50:01] /a 1
[21/01/2009 12:50:02] /a 1
[21/01/2009 12:50:02] /a 1
[21/01/2009 12:50:02] /a 1
[21/01/2009 12:50:02] /a 1
[21/01/2009 12:50:02] /a 1
[21/01/2009 12:50:02] /a 1
[21/01/2009 12:50:02] /a 1
[21/01/2009 12:50:02] /a 1
[21/01/2009 12:50:02] /a 1
[21/01/2009 12:50:02] /a 1
[21/01/2009 12:50:02] /a 1
[21/01/2009 12:50:02] /a 1
[21/01/2009 12:50:02] /a 1
[21/01/2009 12:50:02] /a 1
[21/01/2009 12:50:02] /a 1
[21/01/2009 12:50:02] /a 1
[21/01/2009 12:50:02] /a 1
[21/01/2009 12:50:02] /a 1
[21/01/2009 12:50:02] /a 1
[21/01/2009 12:50:02] /a 1
[21/01/2009 12:50:02] /a 1
[21/01/2009 12:50:02] /a 1
[21/01/2009 12:50:02] /a 1
[21/01/2009 12:50:02] /a 1
[21/01/2009 12:50:02] /a 1
[21/01/2009 12:50:02] /a 1
[21/01/2009 12:50:02] /a 1
[21/01/2009 12:50:02] /a 1
[21/01/2009 12:50:03] /a 1
[21/01/2009 12:50:03] /a 1
[21/01/2009 12:50:03] /a 1
[21/01/2009 12:50:03] /a 1
[21/01/2009 12:50:03] /a 1
[21/01/2009 12:50:03] /a 1
[21/01/2009 12:50:03] /a 1
[21/01/2009 12:50:03] /a 1
[21/01/2009 12:50:03] /a 1
[21/01/2009 12:50:03] /a 1
[21/01/2009 12:50:03] /a 1
[21/01/2009 12:50:03] /a 1
[21/01/2009 12:50:03] /a 1
[21/01/2009 12:50:03] /a 1
[21/01/2009 12:50:03] /a 1
[21/01/2009 12:50:03] /a 1
[21/01/2009 12:50:03] /a 1
[21/01/2009 12:50:03] /a 1
[21/01/2009 12:50:03] /a 1
[21/01/2009 12:50:03] /a 1
[21/01/2009 12:50:03] /a 1
[21/01/2009 12:50:03] /a 1
[21/01/2009 12:50:03] /a 1
[21/01/2009 12:50:03] /a 1
[21/01/2009 12:50:03] /a 1
[21/01/2009 12:50:03] /a 1
[21/01/2009 12:50:03] /a 1
[21/01/2009 12:50:03] /a 1
[21/01/2009 12:50:04] /a 1
[21/01/2009 12:50:04] /a 1
[21/01/2009 12:50:04] /a 1
[21/01/2009 12:50:04] /a 1
[21/01/2009 12:50:04] /a 1
[21/01/2009 12:50:04] /a 1
[21/01/2009 12:50:04] /a 1
[21/01/2009 12:50:04] /a 1
[21/01/2009 12:50:04] /a 1
[21/01/2009 12:50:04] /a 1
[21/01/2009 12:50:04] /a 1
[21/01/2009 12:50:04] /a 1
[21/01/2009 12:50:04] /a 1
[21/01/2009 12:50:04] /a 1
[21/01/2009 12:50:04] /a 1
[21/01/2009 12:50:04] /a 1
[21/01/2009 12:50:04] /a 1
[21/01/2009 12:50:04] /a 1
[21/01/2009 12:50:04] /a 1
[21/01/2009 12:50:04] /a 1
[21/01/2009 12:50:04] /a 1
[21/01/2009 12:50:04] /a 1
[21/01/2009 12:50:04] /a 1
[21/01/2009 12:50:04] /a 1
[21/01/2009 12:50:04] /a 1
[21/01/2009 12:50:04] /a 1
[21/01/2009 12:50:04] /a 1
[21/01/2009 12:50:04] /a 1
[21/01/2009 12:50:04] /a 1
[21/01/2009 12:50:05] /a 1
[21/01/2009 12:50:05] /a 1
[21/01/2009 12:50:05] /a 1
[21/01/2009 12:50:05] /a 1
[21/01/2009 12:50:05] /a 1
[21/01/2009 12:50:05] /a 1
[21/01/2009 12:50:05] /a 1
[21/01/2009 12:50:05] /a 1
[21/01/2009 12:50:05] /a 1
[21/01/2009 12:50:05] /a 1
[21/01/2009 12:50:05] /a 1
[21/01/2009 12:50:05] /a 1
[21/01/2009 12:50:05] /a 1
[21/01/2009 12:50:05] /a 1
[21/01/2009 12:50:05] /a 1
[21/01/2009 12:50:05] /a 1
[21/01/2009 12:50:05] /a 1
[21/01/2009 12:50:05] /a 1
[21/01/2009 12:50:05] /a 1
[21/01/2009 12:50:05] /a 1
[21/01/2009 12:50:05] /a 1
[21/01/2009 12:50:05] /a 1
[21/01/2009 12:50:05] /a 1
[21/01/2009 12:50:05] /a 1
[21/01/2009 12:50:05] /a 1
[21/01/2009 12:50:05] /a 1
[21/01/2009 12:50:05] /a 1
[21/01/2009 12:50:06] /a 1
[21/01/2009 12:50:06] /a 1
[21/01/2009 12:50:06] /a 1
[21/01/2009 12:50:06] /a 1
[21/01/2009 12:50:06] /a 1
[21/01/2009 12:50:06] /a 1
[21/01/2009 12:50:06] /a 1
[21/01/2009 12:50:06] /a 1
[21/01/2009 12:50:06] /a 1
[21/01/2009 12:50:06] /a 1
[21/01/2009 12:50:06] /a 1
[21/01/2009 12:50:06] /a 1
[21/01/2009 12:50:06] /a 1
[21/01/2009 12:50:06] /a 1
[21/01/2009 12:50:06] /a 1
[21/01/2009 12:50:06] /a 1
[21/01/2009 12:50:06] /a 1
[21/01/2009 12:50:06] /a 1
[21/01/2009 12:50:06] /a 1
[21/01/2009 12:50:06] /a 1
[21/01/2009 12:50:06] /a 1
[21/01/2009 12:50:06] /a 1
[21/01/2009 12:50:06] /a 1
[21/01/2009 12:50:06] /a 1
[21/01/2009 12:50:06] /a 1
[21/01/2009 12:50:06] /a 1
[21/01/2009 12:50:06] /a 1
[21/01/2009 12:50:06] /a 1
[21/01/2009 12:50:06] /a 1
[21/01/2009 12:50:07] /a 1
[21/01/2009 12:50:07] /a 1
[21/01/2009 12:50:07] /a 1
[21/01/2009 12:50:07] /a 1
[21/01/2009 12:50:07] /a 1
[21/01/2009 12:50:07] /a 1
[21/01/2009 12:50:07] /a 1
[21/01/2009 12:50:08] /a 1
[21/01/2009 12:50:08] /a 1
[21/01/2009 12:50:08] /a 1
[21/01/2009 12:50:08] /a 1
[21/01/2009 12:50:08] /a 1
[21/01/2009 12:50:08] /a 1
[21/01/2009 12:50:08] /a 1
[21/01/2009 12:50:08] /a 1
[21/01/2009 12:50:08] /a 1
[21/01/2009 12:50:08] /a 1
[21/01/2009 12:50:08] /a 1
[21/01/2009 12:50:08] /a 1
[21/01/2009 12:50:08] /a 1
[21/01/2009 12:50:08] /a 1
[21/01/2009 12:50:08] /a 1
[21/01/2009 12:50:08] /a 1
[21/01/2009 12:50:08] /a 1
[21/01/2009 12:50:09] /a 1
[21/01/2009 12:50:09] /a 1
[21/01/2009 12:50:09] /a 1
[21/01/2009 12:50:09] /a 1
[21/01/2009 12:50:09] /a 1
[21/01/2009 12:50:09] /a 1
[21/01/2009 12:50:09] /a 1
[21/01/2009 12:50:09] /a 1
[21/01/2009 12:50:09] /a 1
[21/01/2009 12:50:09] /a 1
[21/01/2009 12:50:09] /a 1
[21/01/2009 12:50:09] /a 1
[21/01/2009 12:50:10] /a 1
[21/01/2009 12:50:10] /a 1
[21/01/2009 12:50:10] /a 1
[21/01/2009 12:50:10] /a 1
[21/01/2009 12:50:10] /a 1
[21/01/2009 12:50:10] /a 1
[21/01/2009 12:50:10] /a 1
[21/01/2009 12:50:10] /a 1
[21/01/2009 12:50:10] /a 1
[21/01/2009 12:50:10] /a 1
[21/01/2009 12:50:10] /a 1
[21/01/2009 12:50:10] /a 1
[21/01/2009 12:50:10] /a 1
[21/01/2009 12:50:10] /a 1
[21/01/2009 12:50:10] /a 1
[21/01/2009 12:50:10] /a 1
[21/01/2009 12:50:10] /a 1
[21/01/2009 12:50:10] /a 1
[21/01/2009 12:50:10] /a 1
[21/01/2009 12:50:10] /a 1
[21/01/2009 12:50:10] /a 1
[21/01/2009 12:50:10] /a 1
[21/01/2009 12:50:10] /a 1
[21/01/2009 12:50:10] /a 1
[21/01/2009 12:50:11] /a 1
[21/01/2009 12:50:11] /a 1
[21/01/2009 12:50:11] /a 1
[21/01/2009 12:50:12] /a 1
[21/01/2009 12:50:12] /a 1
[21/01/2009 12:50:12] /a 1
[21/01/2009 12:50:12] /a 1
[21/01/2009 12:50:12] /a 1
[21/01/2009 12:50:12] /a 1
[21/01/2009 12:50:12] /a 1
[21/01/2009 12:50:12] /a 1
[21/01/2009 12:50:12] /a 1
[21/01/2009 12:50:12] /a 1
[21/01/2009 12:50:12] /a 1
[21/01/2009 12:50:12] /a 1
[21/01/2009 12:50:12] /a 1
[21/01/2009 12:50:12] /a 1
[21/01/2009 12:50:13] /a 1
[21/01/2009 12:50:14] /a 1
[21/01/2009 12:50:14] /a 1
[21/01/2009 12:50:14] /a 1
[21/01/2009 12:50:14] /a 1
[21/01/2009 12:50:14] /a 1
[21/01/2009 12:50:14] /a 1
[21/01/2009 12:50:14] /a 1
[21/01/2009 12:50:14] /a 1
[21/01/2009 12:50:14] /a 1
[21/01/2009 12:50:14] /a 1
[21/01/2009 12:50:14] /a 1
[21/01/2009 12:50:14] /a 1
[21/01/2009 12:50:14] /a 1
[21/01/2009 12:50:14] /a 1
[21/01/2009 12:50:15] /a 1
[21/01/2009 12:50:15] /a 1
[21/01/2009 12:50:15] /a 1
[21/01/2009 12:50:15] /a 1
[21/01/2009 12:50:15] /a 1
[21/01/2009 12:50:15] /a 1
[21/01/2009 12:50:15] /a 1
[21/01/2009 12:50:15] /a 1
[21/01/2009 12:50:15] /a 1
[21/01/2009 12:50:15] /a 1
[21/01/2009 12:50:15] /a 1
[21/01/2009 12:50:15] /a 1
[21/01/2009 12:50:15] /a 1
[21/01/2009 12:50:15] /a 1
[21/01/2009 12:50:15] /a 1
[21/01/2009 12:50:15] /a 1
[21/01/2009 12:50:15] /a 1
[21/01/2009 12:50:15] /a 1
[21/01/2009 12:50:15] /a 1
[21/01/2009 12:50:15] /a 1
[21/01/2009 12:50:15] /a 1
[21/01/2009 12:50:15] /a 1
[21/01/2009 12:50:15] /a 1
[21/01/2009 12:50:15] /a 1
[21/01/2009 12:50:15] /a 1
[21/01/2009 12:50:15] /a 1
[21/01/2009 12:50:15] /a 1
[21/01/2009 12:50:15] /a 1
[21/01/2009 12:50:16] /a 1
[21/01/2009 12:50:16] /a 1
[21/01/2009 12:50:16] /a 1
[21/01/2009 12:50:16] /a 1
[21/01/2009 12:50:16] /a 1
[21/01/2009 12:50:16] /a 1
[21/01/2009 12:50:16] /a 1
[21/01/2009 12:50:16] /a 1
[21/01/2009 12:50:16] /a 1
[21/01/2009 12:50:16] /a 1
[21/01/2009 12:50:16] /a 1
[21/01/2009 12:50:16] /a 1
[21/01/2009 12:50:16] /a 1
[21/01/2009 12:50:16] /a 1
[21/01/2009 12:50:16] /a 1
[21/01/2009 12:50:16] /a 1
[21/01/2009 12:50:16] /a 1
[21/01/2009 12:50:16] /a 1
[21/01/2009 12:50:16] /a 1
[21/01/2009 12:50:16] /a 1
[21/01/2009 12:50:16] /a 1
[21/01/2009 12:50:16] /a 1
[21/01/2009 12:50:16] /a 1
[21/01/2009 12:50:16] /a 1
[21/01/2009 12:50:16] /a 1
[21/01/2009 12:50:16] /a 1
[21/01/2009 12:50:16] /a 1
[21/01/2009 12:50:16] /a 1
[21/01/2009 12:50:17] /a 1
[21/01/2009 12:50:17] /a 1
[21/01/2009 12:50:17] /a 1
[21/01/2009 12:50:17] /a 1
[21/01/2009 12:50:17] /a 1
[21/01/2009 12:50:17] /a 1
[21/01/2009 12:50:17] /a 1
[21/01/2009 12:50:17] /a 1
[21/01/2009 12:50:17] /a 1
[21/01/2009 12:50:17] /a 1
[21/01/2009 12:50:17] /a 1
[21/01/2009 12:50:17] /a 1
[21/01/2009 12:50:17] /a 1
[21/01/2009 12:50:17] /a 1
[21/01/2009 12:50:17] /a 1
[21/01/2009 12:50:17] /a 1
[21/01/2009 12:50:17] /a 1
[21/01/2009 12:50:17] /a 1
[21/01/2009 12:50:17] /a 1
[21/01/2009 12:50:17] /a 1
[21/01/2009 12:50:17] /a 1
[21/01/2009 12:50:17] /a 1
[21/01/2009 12:50:17] /a 1
[21/01/2009 12:50:17] /a 1
[21/01/2009 12:50:17] /a 1
[21/01/2009 12:50:17] /a 1
[21/01/2009 12:50:17] /a 1
[21/01/2009 12:50:17] /a 1
[21/01/2009 12:50:18] /a 1
[21/01/2009 12:50:18] /a 1
[21/01/2009 12:50:18] /a 1
[21/01/2009 12:50:18] /a 1
[21/01/2009 12:50:18] /a 1
[21/01/2009 12:50:18] /a 1
[21/01/2009 12:50:18] /a 1
[21/01/2009 12:50:18] /a 1
[21/01/2009 12:50:18] /a 1
[21/01/2009 12:50:18] /a 1
[21/01/2009 12:50:18] /a 1
[21/01/2009 12:50:18] /a 1
[21/01/2009 12:50:18] /a 1
[21/01/2009 12:50:18] /a 1
[21/01/2009 12:50:18] /a 1
[21/01/2009 12:50:18] /a 1
[21/01/2009 12:50:18] /a 1
[21/01/2009 12:50:18] /a 1
[21/01/2009 12:50:18] /a 1
[21/01/2009 12:50:18] /a 1
[21/01/2009 12:50:18] /a 1
[21/01/2009 12:50:18] /a 1
[21/01/2009 12:50:18] /a 1
[21/01/2009 12:50:18] /a 1
[21/01/2009 12:50:18] /a 1
[21/01/2009 12:50:18] /a 1
[21/01/2009 12:50:18] /a 1
[21/01/2009 12:50:18] /a 1
[21/01/2009 12:50:19] /a 1
[21/01/2009 12:50:19] /a 1
[21/01/2009 12:50:19] /a 1
[21/01/2009 12:50:19] /a 1
[21/01/2009 12:50:19] /a 1
[21/01/2009 12:50:19] /a 1
[21/01/2009 12:50:19] /a 1
[21/01/2009 12:50:19] /a 1
[21/01/2009 12:50:19] /a 1
[21/01/2009 12:50:19] /a 1
[21/01/2009 12:50:19] /a 1
[21/01/2009 12:50:19] /a 1
[21/01/2009 12:50:19] /a 1
[21/01/2009 12:50:19] /a 1
[21/01/2009 12:50:19] /a 1
[21/01/2009 12:50:19] /a 1
[21/01/2009 12:50:19] /a 1
[21/01/2009 12:50:19] /a 1
[21/01/2009 12:50:19] /a 1
[21/01/2009 12:50:19] /a 1
[21/01/2009 12:50:19] /a 1
[21/01/2009 12:50:19] /a 1
[21/01/2009 12:50:19] /a 1
[21/01/2009 12:50:19] /a 1
[21/01/2009 12:50:19] /a 1
[21/01/2009 12:50:19] /a 1
[21/01/2009 12:50:20] /a 1
[21/01/2009 12:50:20] /a 1
[21/01/2009 12:50:20] /a 1
[21/01/2009 12:50:20] /a 1
[21/01/2009 12:50:20] /a 1
[21/01/2009 12:50:20] /a 1
[21/01/2009 12:50:20] /a 1
[21/01/2009 12:50:20] /a 1
[21/01/2009 12:50:20] /a 1
[21/01/2009 12:50:20] /a 1
[21/01/2009 12:50:20] /a 1
[21/01/2009 12:50:20] /a 1
[21/01/2009 12:50:20] /a 1
[21/01/2009 12:50:20] /a 1
[21/01/2009 12:50:20] /a 1
[21/01/2009 12:50:20] /a 1
[21/01/2009 12:50:20] /a 1
[21/01/2009 12:50:20] /a 1
[21/01/2009 12:50:20] /a 1
[21/01/2009 12:50:20] /a 1
[21/01/2009 12:50:20] /a 1
[21/01/2009 12:50:20] /a 1
[21/01/2009 12:50:20] /a 1
[21/01/2009 12:50:20] /a 1
[21/01/2009 12:50:20] /a 1
[21/01/2009 12:50:20] /a 1
[21/01/2009 12:50:20] /a 1
[21/01/2009 12:50:20] /a 1
[21/01/2009 12:50:21] /a 1
[21/01/2009 12:50:21] /a 1
[21/01/2009 12:50:21] /a 1
[21/01/2009 12:50:21] /a 1
[21/01/2009 12:50:21] /a 1
[21/01/2009 12:50:21] /a 1
[21/01/2009 12:50:21] /a 1
[21/01/2009 12:50:21] /a 1
[21/01/2009 12:50:21] /a 1
[21/01/2009 12:50:21] /a 1
[21/01/2009 12:50:21] /a 1
[21/01/2009 12:50:21] /a 1
[21/01/2009 12:50:21] /a 1
[21/01/2009 12:50:21] /a 1
[21/01/2009 12:50:21] /a 1
[21/01/2009 12:50:21] /a 1
[21/01/2009 12:50:21] /a 1
[21/01/2009 12:50:21] /a 1
[21/01/2009 12:50:21] /a 1
[21/01/2009 12:50:21] /a 1
[21/01/2009 12:50:21] /a 1
[21/01/2009 12:50:21] /a 1
[21/01/2009 12:50:21] /a 1
[21/01/2009 12:50:21] /a 1
[21/01/2009 12:50:21] /a 1
[21/01/2009 12:50:21] /a 1
[21/01/2009 12:50:21] /a 1
[21/01/2009 12:50:22] /a 1
[21/01/2009 12:50:22] /a 1
[21/01/2009 12:50:22] /a 1
[21/01/2009 12:50:22] /a 1
[21/01/2009 12:50:22] /a 1
[21/01/2009 12:50:22] /a 1
[21/01/2009 12:50:22] /a 1
[21/01/2009 12:50:22] /a 1
[21/01/2009 12:50:22] /a 1
[21/01/2009 12:50:22] /a 1
[21/01/2009 12:50:22] /a 1
[21/01/2009 12:50:22] /a 1
[21/01/2009 12:50:22] /a 1
[21/01/2009 12:50:22] /a 1
[21/01/2009 12:50:22] /a 1
[21/01/2009 12:50:22] /a 1
[21/01/2009 12:50:22] /a 1
[21/01/2009 12:50:22] /a 1
[21/01/2009 12:50:22] /a 1
[21/01/2009 12:50:22] /a 1
[21/01/2009 12:50:22] /a 1
[21/01/2009 12:50:22] /a 1
[21/01/2009 12:50:22] /a 1
[21/01/2009 12:50:22] /a 1
[21/01/2009 12:50:22] /a 1
[21/01/2009 12:50:22] /a 1
[21/01/2009 12:50:22] /a 1
[21/01/2009 12:50:22] /a 1
[21/01/2009 12:50:22] /a 1
[21/01/2009 12:50:23] /a 1
[21/01/2009 12:50:23] /a 1
[21/01/2009 12:50:23] /a 1
[21/01/2009 12:50:23] /a 1
[21/01/2009 12:50:23] /a 1
[21/01/2009 12:50:23] /a 1
[21/01/2009 12:50:23] /a 1
[21/01/2009 12:50:23] /a 1
[21/01/2009 12:50:23] /a 1
[21/01/2009 12:50:23] /a 1
[21/01/2009 12:50:23] /a 1
[21/01/2009 12:50:23] /a 1
[21/01/2009 12:50:23] /a 1
[21/01/2009 12:50:23] /a 1
[21/01/2009 12:50:23] /a 1
[21/01/2009 12:50:23] /a 1
[21/01/2009 12:50:23] /a 1
[21/01/2009 12:50:23] /a 1
[21/01/2009 12:50:23] /a 1
[21/01/2009 12:50:23] /a 1
[21/01/2009 12:50:23] /a 1
[21/01/2009 12:50:23] /a 1
[21/01/2009 12:50:23] /a 1
[21/01/2009 12:50:24] /a 1
[21/01/2009 12:50:24] /a 1
[21/01/2009 12:50:24] /a 1
[21/01/2009 12:50:24] /a 1
[21/01/2009 12:50:24] /a 1
[21/01/2009 12:50:24] /a 1
[21/01/2009 12:50:24] /a 1
[21/01/2009 12:50:24] /a 1
[21/01/2009 12:50:24] /a 1
[21/01/2009 12:50:24] /a 1
[21/01/2009 12:50:24] /a 1
[21/01/2009 12:50:24] /a 1
[21/01/2009 12:50:24] /a 1
[21/01/2009 12:50:24] /a 1
[21/01/2009 12:50:24] /a 1
[21/01/2009 12:50:24] /a 1
[21/01/2009 12:50:24] /a 1
[21/01/2009 12:50:24] /a 1
[21/01/2009 12:50:24] /a 1
[21/01/2009 12:50:24] /a 1
[21/01/2009 12:50:24] /a 1
[21/01/2009 12:50:24] /a 1
[21/01/2009 12:50:24] /a 1
[21/01/2009 12:50:24] /a 1
[21/01/2009 12:50:24] /a 1
[21/01/2009 12:50:24] /a 1
[21/01/2009 12:50:24] /a 1
[21/01/2009 12:50:25] /a 1
[21/01/2009 12:50:25] /a 1
[21/01/2009 12:50:25] /a 1
[21/01/2009 12:50:25] /a 1
[21/01/2009 12:50:25] /a 1
[21/01/2009 12:50:25] /a 1
[21/01/2009 12:50:25] /a 1
[21/01/2009 12:50:25] /a 1
[21/01/2009 12:50:25] /a 1
[21/01/2009 12:50:25] /a 1
[21/01/2009 12:50:25] /a 1
[21/01/2009 12:50:25] /a 1
[21/01/2009 12:50:25] /a 1
[21/01/2009 12:50:25] /a 1
[21/01/2009 12:50:25] /a 1
[21/01/2009 12:50:25] /a 1
[21/01/2009 12:50:25] /a 1
[21/01/2009 12:50:25] /a 1
[21/01/2009 12:50:25] /a 1
[21/01/2009 12:50:25] /a 1
[21/01/2009 12:50:25] /a 1
[21/01/2009 12:50:25] /a 1
[21/01/2009 12:50:25] /a 1
[21/01/2009 12:50:25] /a 1
[21/01/2009 12:50:25] /a 1
[21/01/2009 12:50:25] /a 1
[21/01/2009 12:50:25] /a 1
[21/01/2009 12:50:25] /a 1
[21/01/2009 12:50:26] /a 1
[21/01/2009 12:50:26] /a 1
[21/01/2009 12:50:26] /a 1
[21/01/2009 12:50:26] /a 1
[21/01/2009 12:50:26] /a 1
[21/01/2009 12:50:26] /a 1
[21/01/2009 12:50:26] /a 1
[21/01/2009 12:50:26] /a 1
[21/01/2009 12:50:26] /a 1
[21/01/2009 12:50:26] /a 1
[21/01/2009 12:50:26] /a 1
[21/01/2009 12:50:26] /a 1
[21/01/2009 12:50:26] /a 1
[21/01/2009 12:50:26] /a 1
[21/01/2009 12:50:26] /a 1
[21/01/2009 12:50:26] /a 1
[21/01/2009 12:50:26] /a 1
[21/01/2009 12:50:26] /a 1
[21/01/2009 12:50:26] /a 1
[21/01/2009 12:50:26] /a 1
[21/01/2009 12:50:26] /a 1
[21/01/2009 12:50:26] /a 1
[21/01/2009 12:50:26] /a 1
[21/01/2009 12:50:26] /a 1
[21/01/2009 12:50:26] /a 1
[21/01/2009 12:50:26] /a 1
[21/01/2009 12:50:26] /a 1
[21/01/2009 12:50:26] /a 1
[21/01/2009 12:50:26] /a 1
[21/01/2009 12:50:27] /a 1
[21/01/2009 12:50:27] /a 1
[21/01/2009 12:50:27] /a 1
[21/01/2009 12:50:27] /a 1
[21/01/2009 12:50:27] /a 1
[21/01/2009 12:50:27] /a 1
[21/01/2009 12:50:27] /a 1
[21/01/2009 12:50:27] /a 1
[21/01/2009 12:50:27] /a 1
[21/01/2009 12:50:27] /a 1
[21/01/2009 12:50:27] /a 1
[21/01/2009 12:50:27] /a 1
[21/01/2009 12:50:27] /a 1
[21/01/2009 12:50:27] /a 1
[21/01/2009 12:50:27] /a 1
[21/01/2009 12:50:27] /a 1
[21/01/2009 12:50:27] /a 1
[21/01/2009 12:50:27] /a 1
[21/01/2009 12:50:27] /a 1
[21/01/2009 12:50:27] /a 1
[21/01/2009 12:50:27] /a 1
[21/01/2009 12:50:27] /a 1
[21/01/2009 12:50:27] /a 1
[21/01/2009 12:50:27] /a 1
[21/01/2009 12:50:27] /a 1
[21/01/2009 12:50:27] /a 1
[21/01/2009 12:50:27] /a 1
[21/01/2009 12:50:28] /a 1
[21/01/2009 12:50:28] /a 1
[21/01/2009 12:50:28] /a 1
[21/01/2009 12:50:28] /a 1
[21/01/2009 12:50:28] /a 1
[21/01/2009 12:50:28] /a 1
[21/01/2009 12:50:28] /a 1
[21/01/2009 12:50:28] /a 1
[21/01/2009 12:50:28] /a 1
[21/01/2009 12:50:28] /a 1
[21/01/2009 12:50:28] /a 1
[21/01/2009 12:50:28] /a 1
[21/01/2009 12:50:28] /a 1
[21/01/2009 12:50:28] /a 1
[21/01/2009 12:50:28] /a 1
[21/01/2009 12:50:28] /a 1
[21/01/2009 12:50:28] /a 1
[21/01/2009 12:50:28] /a 1
[21/01/2009 12:50:28] /a 1
[21/01/2009 12:50:28] /a 1
[21/01/2009 12:50:28] /a 1
[21/01/2009 12:50:28] /a 1
[21/01/2009 12:50:28] /a 1
[21/01/2009 12:50:28] /a 1
[21/01/2009 12:50:28] /a 1
[21/01/2009 12:50:28] /a 1
[21/01/2009 12:50:28] /a 1
[21/01/2009 12:50:28] /a 1
[21/01/2009 12:50:28] /a 1
[21/01/2009 12:50:29] /a 1
[21/01/2009 12:50:29] /a 1
[21/01/2009 12:50:29] /a 1
[21/01/2009 12:50:29] /a 1
[21/01/2009 12:50:29] /a 1
[21/01/2009 12:50:29] /a 1
[21/01/2009 12:50:29] /a 1
[21/01/2009 12:50:29] /a 1
[21/01/2009 12:50:29] /a 1
[21/01/2009 12:50:29] /a 1
[21/01/2009 12:50:29] /a 1
[21/01/2009 12:50:29] /a 1
[21/01/2009 12:50:29] /a 1
[21/01/2009 12:50:29] /a 1
[21/01/2009 12:50:29] /a 1
[21/01/2009 12:50:29] /a 1
[21/01/2009 12:50:29] /a 1
[21/01/2009 12:50:29] /a 1
[21/01/2009 12:50:29] /a 1
[21/01/2009 12:50:29] /a 1
[21/01/2009 12:50:31] /a 1
[21/01/2009 12:50:31] /a 1
[21/01/2009 12:50:32] /a 1
[21/01/2009 12:50:32] /a 1
[21/01/2009 12:50:32] /a 1
[21/01/2009 12:50:32] /a 1
[21/01/2009 12:50:32] /a 1
[21/01/2009 12:50:32] /a 1
[21/01/2009 12:50:32] /a 1
[21/01/2009 12:50:32] /a 1
[21/01/2009 12:50:32] /a 1
[21/01/2009 12:50:32] /a 1
[21/01/2009 12:50:32] /a 1
[21/01/2009 12:50:32] /a 1
[21/01/2009 12:50:32] /a 1
[21/01/2009 12:50:32] /a 1
[21/01/2009 12:50:32] /a 1
[21/01/2009 12:50:32] /a 1
[21/01/2009 12:50:32] /a 1
[21/01/2009 12:50:32] /a 1
[21/01/2009 12:50:32] /a 1
[21/01/2009 12:50:33] /a 1
[21/01/2009 12:50:33] /a 1
[21/01/2009 12:50:33] /a 1
[21/01/2009 12:50:33] /a 1
[21/01/2009 12:50:33] /a 1
[21/01/2009 12:50:33] /a 1
[21/01/2009 12:50:33] /a 1
[21/01/2009 12:50:33] /a 1
[21/01/2009 12:50:33] /a 1
[21/01/2009 12:50:33] /a 1
[21/01/2009 12:50:33] /a 1
[21/01/2009 12:50:33] /a 1
[21/01/2009 12:50:33] /a 1
[21/01/2009 12:50:33] /a 1
[21/01/2009 12:50:33] /a 1
[21/01/2009 12:50:33] /a 1
[21/01/2009 12:50:33] /a 1
[21/01/2009 12:50:33] /a 1
[21/01/2009 12:50:33] /a 1
[21/01/2009 12:50:33] /a 1
[21/01/2009 12:50:33] /a 1
[21/01/2009 12:50:33] /a 1
[21/01/2009 12:50:33] /a 1
[21/01/2009 12:50:33] /a 1
[21/01/2009 12:50:33] /a 1
[21/01/2009 12:50:33] /a 1
[21/01/2009 12:50:33] /a 1
[21/01/2009 12:50:33] /a 1
[21/01/2009 12:50:33] /a 1
[21/01/2009 12:50:34] /a 1
[21/01/2009 12:50:34] /a 1
[21/01/2009 12:50:34] /a 1
[21/01/2009 12:50:34] /a 1
[21/01/2009 12:50:34] /a 1
[21/01/2009 12:50:34] /a 1
[21/01/2009 12:50:34] /a 1
[21/01/2009 12:50:34] /a 1
[21/01/2009 12:50:34] /a 1
[21/01/2009 12:50:34] /a 1
[21/01/2009 12:50:34] /a 1
[21/01/2009 12:50:34] /a 1
[21/01/2009 12:50:34] /a 1
[21/01/2009 12:50:34] /a 1
[21/01/2009 12:50:34] /a 1
[21/01/2009 12:50:34] /a 1
[21/01/2009 12:50:34] /a 1
[21/01/2009 12:50:34] /a 1
[21/01/2009 12:50:34] /a 1
[21/01/2009 12:50:34] /a 1
[21/01/2009 12:50:34] /a 1
[21/01/2009 12:50:34] /a 1
[21/01/2009 12:50:34] /a 1
[21/01/2009 12:50:34] /a 1
[21/01/2009 12:50:34] /a 1
[21/01/2009 12:50:34] /a 1
[21/01/2009 12:50:35] /a 1
[21/01/2009 12:50:35] /a 1
[21/01/2009 12:50:35] /a 1
[21/01/2009 12:50:35] /a 1
[21/01/2009 12:50:35] /a 1
[21/01/2009 12:50:35] /a 1
[21/01/2009 12:50:35] /a 1
[21/01/2009 12:50:35] /a 1
[21/01/2009 12:50:35] /a 1
[21/01/2009 12:50:35] /a 1
[21/01/2009 12:50:35] /a 1
[21/01/2009 12:50:35] /a 1
[21/01/2009 12:50:35] /a 1
[21/01/2009 12:50:35] /a 1
[21/01/2009 12:50:35] /a 1
[21/01/2009 12:50:35] /a 1
[21/01/2009 12:50:35] /a 1
[21/01/2009 12:50:35] /a 1
[21/01/2009 12:50:35] /a 1
[21/01/2009 12:50:35] /a 1
[21/01/2009 12:50:35] /a 1
[21/01/2009 12:50:35] /a 1
[21/01/2009 12:50:35] /a 1
[21/01/2009 12:50:35] /a 1
[21/01/2009 12:50:35] /a 1
[21/01/2009 12:50:35] /a 1
[21/01/2009 12:50:35] /a 1
[21/01/2009 12:50:35] /a 1
[21/01/2009 12:50:36] /a 1
[21/01/2009 12:50:36] /a 1
[21/01/2009 12:50:36] /a 1
[21/01/2009 12:50:36] /a 1
[21/01/2009 12:50:36] /a 1
[21/01/2009 12:50:36] /a 1
[21/01/2009 12:50:36] /a 1
[21/01/2009 12:50:36] /a 1
[21/01/2009 12:50:36] /a 1
[21/01/2009 12:50:36] /a 1
[21/01/2009 12:50:36] /a 1
[21/01/2009 12:50:36] /a 1
[21/01/2009 12:50:36] /a 1
[21/01/2009 12:50:36] /a 1
[21/01/2009 12:50:36] /a 1
[21/01/2009 12:50:36] /a 1
[21/01/2009 12:50:36] /a 1
[21/01/2009 12:50:36] /a 1
[21/01/2009 12:50:36] /a 1
[21/01/2009 12:50:36] /a 1
[21/01/2009 12:50:36] /a 1
[21/01/2009 12:50:36] /a 1
[21/01/2009 12:50:36] /a 1
[21/01/2009 12:50:36] /a 1
[21/01/2009 12:50:36] /a 1
[21/01/2009 12:50:36] /a 1
[21/01/2009 12:50:36] /a 1
[21/01/2009 12:50:36] /a 1
[21/01/2009 12:50:37] /a 1
[21/01/2009 12:50:37] /a 1
[21/01/2009 12:50:37] /a 1
[21/01/2009 12:50:37] /a 1
[21/01/2009 12:50:37] /a 1
[21/01/2009 12:50:37] /a 1
[21/01/2009 12:50:37] /a 1
[21/01/2009 12:50:37] /a 1
[21/01/2009 12:50:37] /a 1
[21/01/2009 12:50:37] /a 1
[21/01/2009 12:50:37] /a 1
[21/01/2009 12:50:37] /a 1
[21/01/2009 12:50:37] /a 1
[21/01/2009 12:50:37] /a 1
[21/01/2009 12:50:37] /a 1
[21/01/2009 12:50:37] /a 1
[21/01/2009 12:50:37] /a 1
[21/01/2009 12:50:37] /a 1
[21/01/2009 12:50:37] /a 1
[21/01/2009 12:50:37] /a 1
[21/01/2009 12:50:37] /a 1
[21/01/2009 12:50:37] /a 1
[21/01/2009 12:50:37] /a 1
[21/01/2009 12:50:37] /a 1
[21/01/2009 12:50:37] /a 1
[21/01/2009 12:50:37] /a 1
[21/01/2009 12:50:37] /a 1
[21/01/2009 12:50:38] /a 1
[21/01/2009 12:50:38] /a 1
[21/01/2009 12:50:38] /a 1
[21/01/2009 12:50:38] /a 1
[21/01/2009 12:50:38] /a 1
[21/01/2009 12:50:38] /a 1
[21/01/2009 12:50:38] /a 1
[21/01/2009 12:50:38] /a 1
[21/01/2009 12:50:38] /a 1
[21/01/2009 12:50:38] /a 1
[21/01/2009 12:50:38] /a 1
[21/01/2009 12:50:38] /a 1
[21/01/2009 12:50:38] /a 1
[21/01/2009 12:50:38] /a 1
[21/01/2009 12:50:38] /a 1
[21/01/2009 12:50:38] /a 1
[21/01/2009 12:50:38] /a 1
[21/01/2009 12:50:38] /a 1
[21/01/2009 12:50:38] /a 1
[21/01/2009 12:50:38] /a 1
[21/01/2009 12:50:38] /a 1
[21/01/2009 12:50:38] /a 1
[21/01/2009 12:50:38] /a 1
[21/01/2009 12:50:38] /a 1
[21/01/2009 12:50:38] /a 1
[21/01/2009 12:50:38] /a 1
[21/01/2009 12:50:38] /a 1
[21/01/2009 12:50:38] /a 1
[21/01/2009 12:50:39] /a 1
[21/01/2009 12:50:39] /a 1
[21/01/2009 12:50:39] /a 1
[21/01/2009 12:50:39] /a 1
[21/01/2009 12:50:39] /a 1
[21/01/2009 12:50:39] /a 1
[21/01/2009 12:50:39] /a 1
[21/01/2009 12:50:39] /a 1
[21/01/2009 12:50:39] /a 1
[21/01/2009 12:50:39] /a 1
[21/01/2009 12:50:39] /a 1
[21/01/2009 12:50:39] /a 1
[21/01/2009 12:50:39] /a 1
[21/01/2009 12:50:39] /a 1
[21/01/2009 12:50:39] /a 1
[21/01/2009 12:50:39] /a 1
[21/01/2009 12:50:39] /a 1
[21/01/2009 12:50:39] /a 1
[21/01/2009 12:50:39] /a 1
[21/01/2009 12:50:39] /a 1
[21/01/2009 12:50:39] /a 1
[21/01/2009 12:50:39] /a 1
[21/01/2009 12:50:39] /a 1
[21/01/2009 12:50:39] /a 1
[21/01/2009 12:50:39] /a 1
[21/01/2009 12:50:39] /a 1
[21/01/2009 12:50:39] /a 1
[21/01/2009 12:50:39] /a 1
[21/01/2009 12:50:39] /a 1
[21/01/2009 12:50:40] /a 1
[21/01/2009 12:50:40] /a 1
[21/01/2009 12:50:40] /a 1
[21/01/2009 12:50:40] /a 1
[21/01/2009 12:50:40] /a 1
[21/01/2009 12:50:40] /a 1
[21/01/2009 12:50:40] /a 1
[21/01/2009 12:50:40] /a 1
[21/01/2009 12:50:40] /a 1
[21/01/2009 12:50:40] /a 1
[21/01/2009 12:50:40] /a 1
[21/01/2009 12:50:40] /a 1
[21/01/2009 12:50:40] /a 1
[21/01/2009 12:50:40] /a 1
[21/01/2009 12:50:40] /a 1
[21/01/2009 12:50:40] /a 1
[21/01/2009 12:50:40] /a 1
[21/01/2009 12:50:40] /a 1
[21/01/2009 12:50:40] /a 1
[21/01/2009 12:50:40] /a 1
[21/01/2009 12:50:40] /a 1
[21/01/2009 12:50:40] /a 1
[21/01/2009 12:50:40] /a 1
[21/01/2009 12:50:40] /a 1
[21/01/2009 12:50:40] /a 1
[21/01/2009 12:50:41] /a 1
[21/01/2009 12:50:41] /a 1
[21/01/2009 12:50:41] /a 1
[21/01/2009 12:50:41] /a 1
[21/01/2009 12:50:41] /a 1
[21/01/2009 12:50:41] /a 1
[21/01/2009 12:50:41] /a 1
[21/01/2009 12:50:41] /a 1
[21/01/2009 12:50:41] /a 1
[21/01/2009 12:50:41] /a 1
[21/01/2009 12:50:41] /a 1
[21/01/2009 12:50:41] /a 1
[21/01/2009 12:50:41] /a 1
[21/01/2009 12:50:41] /a 1
[21/01/2009 12:50:41] /a 1
[21/01/2009 12:50:41] /a 1
[21/01/2009 12:50:41] /a 1
[21/01/2009 12:50:41] /a 1
[21/01/2009 12:50:41] /a 1
[21/01/2009 12:50:41] /a 1
[21/01/2009 12:50:41] /a 1
[21/01/2009 12:50:41] /a 1
[21/01/2009 12:50:41] /a 1
[21/01/2009 12:50:41] /a 1
[21/01/2009 12:50:41] /a 1
[21/01/2009 12:50:41] /a 1
[21/01/2009 12:50:41] /a 1
[21/01/2009 12:50:41] /a 1
[21/01/2009 12:50:42] /a 1
[21/01/2009 12:50:42] /a 1
[21/01/2009 12:50:42] /a 1
[21/01/2009 12:50:42] /a 1
[21/01/2009 12:50:42] /a 1
[21/01/2009 12:50:42] /a 1
[21/01/2009 12:50:42] /a 1
[21/01/2009 12:50:42] /a 1
[21/01/2009 12:50:42] /a 1
[21/01/2009 12:50:42] /a 1
[21/01/2009 12:50:42] /a 1
[21/01/2009 12:50:42] /a 1
[21/01/2009 12:50:42] /a 1
[21/01/2009 12:50:42] /a 1
[21/01/2009 12:50:42] /a 1
[21/01/2009 12:50:42] /a 1
[21/01/2009 12:50:42] /a 1
[21/01/2009 12:50:42] /a 1
[21/01/2009 12:50:42] /a 1
[21/01/2009 12:50:42] /a 1
[21/01/2009 12:50:42] /a 1
[21/01/2009 12:50:42] /a 1
[21/01/2009 12:50:42] /a 1
[21/01/2009 12:50:42] /a 1
[21/01/2009 12:50:42] /a 1
[21/01/2009 12:50:42] /a 1
[21/01/2009 12:50:42] /a 1
[21/01/2009 12:50:42] /a 1
[21/01/2009 12:50:42] /a 1
[21/01/2009 12:50:43] /a 1
[21/01/2009 12:50:43] /a 1
[21/01/2009 12:50:43] /a 1
[21/01/2009 12:50:43] /a 1
[21/01/2009 12:50:43] /a 1
[21/01/2009 12:50:43] /a 1
[21/01/2009 12:50:43] /a 1
[21/01/2009 12:50:43] /a 1
[21/01/2009 12:50:43] /a 1
[21/01/2009 12:50:43] /a 1
[21/01/2009 12:50:43] /a 1
[21/01/2009 12:50:43] /a 1
[21/01/2009 12:50:43] /a 1
[21/01/2009 12:50:43] /a 1
[21/01/2009 12:50:43] /a 1
[21/01/2009 12:50:43] /a 1
[21/01/2009 12:50:43] /a 1
[21/01/2009 12:50:43] /a 1
[21/01/2009 12:50:43] /a 1
[21/01/2009 12:50:43] /a 1
[21/01/2009 12:50:43] /a 1
[21/01/2009 12:50:43] /a 1
[21/01/2009 12:50:43] /a 1
[21/01/2009 12:50:43] /a 1
[21/01/2009 12:50:43] /a 1
[21/01/2009 12:50:43] /a 1
[21/01/2009 12:50:43] /a 1
[21/01/2009 12:50:43] /a 1
[21/01/2009 12:50:44] /a 1
[21/01/2009 12:50:44] /a 1
[21/01/2009 12:50:44] /a 1
[21/01/2009 12:50:44] /a 1
[21/01/2009 12:50:44] /a 1
[21/01/2009 12:50:44] /a 1
[21/01/2009 12:50:44] /a 1
[21/01/2009 12:50:44] /a 1
[21/01/2009 12:50:44] /a 1
[21/01/2009 12:50:44] /a 1
[21/01/2009 12:50:44] /a 1
[21/01/2009 12:50:44] /a 1
[21/01/2009 12:50:44] /a 1
[21/01/2009 12:50:44] /a 1
[21/01/2009 12:50:44] /a 1
[21/01/2009 12:50:44] /a 1
[21/01/2009 12:50:44] /a 1
[21/01/2009 12:50:44] /a 1
[21/01/2009 12:50:44] /a 1
[21/01/2009 12:50:44] /a 1
[21/01/2009 12:50:44] /a 1
[21/01/2009 12:50:44] /a 1
[21/01/2009 12:50:44] /a 1
[21/01/2009 12:50:44] /a 1
[21/01/2009 12:50:44] /a 1
[21/01/2009 12:50:44] /a 1
[21/01/2009 12:50:44] /a 1
[21/01/2009 12:50:44] /a 1
[21/01/2009 12:50:44] /a 1
[21/01/2009 12:50:45] /a 1
[21/01/2009 12:50:45] /a 1
[21/01/2009 12:50:45] /a 1
[21/01/2009 12:50:45] /a 1
[21/01/2009 12:50:45] /a 1
[21/01/2009 12:50:45] /a 1
[21/01/2009 12:50:45] /a 1
[21/01/2009 12:50:45] /a 1
[21/01/2009 12:50:45] /a 1
[21/01/2009 12:50:45] /a 1
[21/01/2009 12:50:45] /a 1
[21/01/2009 12:50:45] /a 1
[21/01/2009 12:50:45] /a 1
[21/01/2009 12:50:45] /a 1
[21/01/2009 12:50:45] /a 1
[21/01/2009 12:50:45] /a 1
[21/01/2009 12:50:45] /a 1
[21/01/2009 12:50:45] /a 1
[21/01/2009 12:50:45] /a 1
[21/01/2009 12:50:45] /a 1
[21/01/2009 12:50:45] /a 1
[21/01/2009 12:50:45] /a 1
[21/01/2009 12:50:45] /a 1
[21/01/2009 12:50:45] /a 1
[21/01/2009 12:50:45] /a 1
[21/01/2009 12:50:45] /a 1
[21/01/2009 12:50:45] /a 1
[21/01/2009 12:50:45] /a 1
[21/01/2009 12:50:46] /a 1
[21/01/2009 12:50:46] /a 1
[21/01/2009 12:50:46] /a 1
[21/01/2009 12:50:46] /a 1
[21/01/2009 12:50:46] /a 1
[21/01/2009 12:50:46] /a 1
[21/01/2009 12:50:46] /a 1
[21/01/2009 12:50:46] /a 1
[21/01/2009 12:50:46] /a 1
[21/01/2009 12:50:46] /a 1
[21/01/2009 12:50:46] /a 1
[21/01/2009 12:50:46] /a 1
[21/01/2009 12:50:46] /a 1
[21/01/2009 12:50:46] /a 1
[21/01/2009 12:50:46] /a 1
[21/01/2009 12:50:46] /a 1
[21/01/2009 12:50:46] /a 1
[21/01/2009 12:50:46] /a 1
[21/01/2009 12:50:46] /a 1
[21/01/2009 12:50:46] /a 1
[21/01/2009 12:50:46] /a 1
[21/01/2009 12:50:46] /a 1
[21/01/2009 12:50:46] /a 1
[21/01/2009 12:50:46] /a 1
[21/01/2009 12:50:46] /a 1
[21/01/2009 12:50:46] /a 1
[21/01/2009 12:50:46] /a 1
[21/01/2009 12:50:46] /a 1
[21/01/2009 12:50:47] /a 1
[21/01/2009 12:50:47] /a 1
[21/01/2009 12:50:47] /a 1
[21/01/2009 12:50:47] /a 1
[21/01/2009 12:50:47] /a 1
[21/01/2009 12:50:47] /a 1
[21/01/2009 12:50:47] /a 1
[21/01/2009 12:50:47] /a 1
[21/01/2009 12:50:47] /a 1
[21/01/2009 12:50:47] /a 1
[21/01/2009 12:50:47] /a 1
[21/01/2009 12:50:47] /a 1
[21/01/2009 12:50:47] /a 1
[21/01/2009 12:50:47] /a 1
[21/01/2009 12:50:47] /a 1
[21/01/2009 12:50:47] /a 1
[21/01/2009 12:50:47] /a 1
[21/01/2009 12:50:47] /a 1
[21/01/2009 12:50:47] /a 1
[21/01/2009 12:50:47] /a 1
[21/01/2009 12:50:47] /a 1
[21/01/2009 12:50:47] /a 1
[21/01/2009 12:50:47] /a 1
[21/01/2009 12:50:47] /a 1
[21/01/2009 12:50:47] /a 1
[21/01/2009 12:50:47] /a 1
[21/01/2009 12:50:47] /a 1
[21/01/2009 12:50:47] /a 1
[21/01/2009 12:50:47] /a 1
[21/01/2009 12:50:48] /a 1
[21/01/2009 12:50:48] /a 1
[21/01/2009 12:50:48] /a 1
[21/01/2009 12:50:48] /a 1
[21/01/2009 12:50:48] /a 1
[21/01/2009 12:50:48] /a 1
[21/01/2009 12:50:48] /a 1
[21/01/2009 12:50:48] /a 1
[21/01/2009 12:50:48] /a 1
[21/01/2009 12:50:48] /a 1
[21/01/2009 12:50:48] /a 1
[21/01/2009 12:50:48] /a 1
[21/01/2009 12:50:48] /a 1
[21/01/2009 12:50:48] /a 1
[21/01/2009 12:50:48] /a 1
[21/01/2009 12:50:48] /a 1
[21/01/2009 12:50:48] /a 1
[21/01/2009 12:50:48] /a 1
[21/01/2009 12:50:48] /a 1
[21/01/2009 12:50:48] /a 1
[21/01/2009 12:50:48] /a 1
[21/01/2009 12:50:48] /a 1
[21/01/2009 12:50:48] /a 1
[21/01/2009 12:50:48] /a 1
[21/01/2009 12:50:48] /a 1
[21/01/2009 12:50:48] /a 1
[21/01/2009 12:50:48] /a 1
[21/01/2009 12:50:48] /a 1
[21/01/2009 12:50:49] /a 1
[21/01/2009 12:50:49] /a 1
[21/01/2009 12:50:49] /a 1
[21/01/2009 12:50:49] /a 1
[21/01/2009 12:50:49] /a 1
[21/01/2009 12:50:49] /a 1
[21/01/2009 12:50:49] /a 1
[21/01/2009 12:50:49] /a 1
[21/01/2009 12:50:49] /a 1
[21/01/2009 12:50:49] /a 1
[21/01/2009 12:50:49] /a 1
[21/01/2009 12:50:49] /a 1
[21/01/2009 12:50:49] /a 1
[21/01/2009 12:50:49] /a 1
[21/01/2009 12:50:49] /a 1
[21/01/2009 12:50:49] /a 1
[21/01/2009 12:50:49] /a 1
[21/01/2009 12:50:49] /a 1
[21/01/2009 12:50:49] /a 1
[21/01/2009 12:50:49] /a 1
[21/01/2009 12:50:49] /a 1
[21/01/2009 12:50:49] /a 1
[21/01/2009 12:50:49] /a 1
[21/01/2009 12:50:49] /a 1
[21/01/2009 12:50:49] /a 1
[21/01/2009 12:50:49] /a 1
[21/01/2009 12:50:49] /a 1
[21/01/2009 12:50:49] /a 1
[21/01/2009 12:50:50] /a 1
[21/01/2009 12:50:50] /a 1
[21/01/2009 12:50:50] /a 1
[21/01/2009 12:50:50] /a 1
[21/01/2009 12:50:50] /a 1
[21/01/2009 12:50:50] /a 1
[21/01/2009 12:50:50] /a 1
[21/01/2009 12:50:50] /a 1
[21/01/2009 12:50:50] /a 1
[21/01/2009 12:50:50] /a 1
[21/01/2009 12:50:50] /a 1
[21/01/2009 12:50:51] /a 1
[21/01/2009 12:50:51] /a 1
[21/01/2009 12:50:51] /a 1
[21/01/2009 12:50:51] /a 1
[21/01/2009 12:50:51] /a 1
[21/01/2009 12:50:51] /a 1
[21/01/2009 12:50:51] /a 1
[21/01/2009 12:50:51] /a 1
[21/01/2009 12:50:51] /a 1
[21/01/2009 12:50:51] /a 1
[21/01/2009 12:50:51] /a 1
[21/01/2009 12:50:51] /a 1
[21/01/2009 12:50:51] /a 1
[21/01/2009 12:50:51] /a 1
[21/01/2009 12:50:51] /a 1
[21/01/2009 12:50:51] /a 1
[21/01/2009 12:50:51] /a 1
[21/01/2009 12:50:51] /a 1
[21/01/2009 12:50:51] /a 1
[21/01/2009 12:50:51] /a 1
[21/01/2009 12:50:51] /a 1
[21/01/2009 12:50:51] /a 1
[21/01/2009 12:50:51] /a 1
[21/01/2009 12:50:51] /a 1
[21/01/2009 12:50:52] /a 1
[21/01/2009 12:50:52] /a 1
[21/01/2009 12:50:52] /a 1
[21/01/2009 12:50:52] /a 1
[21/01/2009 12:50:52] /a 1
[21/01/2009 12:50:52] /a 1
[21/01/2009 12:50:52] /a 1
[21/01/2009 12:50:52] /a 1
[21/01/2009 12:50:52] /a 1
[21/01/2009 12:50:52] /a 1
[21/01/2009 12:50:52] /a 1
[21/01/2009 12:50:52] /a 1
[21/01/2009 12:50:52] /a 1
[21/01/2009 12:50:52] /a 1
[21/01/2009 12:50:52] /a 1
[21/01/2009 12:50:52] /a 1
[21/01/2009 12:50:52] /a 1
[21/01/2009 12:50:52] /a 1
[21/01/2009 12:50:52] /a 1
[21/01/2009 12:50:52] /a 1
[21/01/2009 12:50:52] /a 1
[21/01/2009 12:50:52] /a 1
[21/01/2009 12:50:52] /a 1
[21/01/2009 12:50:52] /a 1
[21/01/2009 12:50:52] /a 1
[21/01/2009 12:50:52] /a 1
[21/01/2009 12:50:52] /a 1
[21/01/2009 12:50:52] /a 1
[21/01/2009 12:50:53] /a 1
[21/01/2009 12:50:53] /a 1
[21/01/2009 12:50:53] /a 1
[21/01/2009 12:50:53] /a 1
[21/01/2009 12:50:53] /a 1
[21/01/2009 12:50:53] /a 1
[21/01/2009 12:50:53] /a 1
[21/01/2009 12:50:53] /a 1
[21/01/2009 12:50:53] /a 1
[21/01/2009 12:50:53] /a 1
[21/01/2009 12:50:53] /a 1
[21/01/2009 12:50:53] /a 1
[21/01/2009 12:50:53] /a 1
[21/01/2009 12:50:53] /a 1
[21/01/2009 12:50:53] /a 1
[21/01/2009 12:50:53] /a 1
[21/01/2009 12:50:53] /a 1
[21/01/2009 12:50:53] /a 1
[21/01/2009 12:50:53] /a 1
[21/01/2009 12:50:53] /a 1
[21/01/2009 12:50:53] /a 1
[21/01/2009 12:50:53] /a 1
[21/01/2009 12:50:53] /a 1
[21/01/2009 12:50:53] /a 1
[21/01/2009 12:50:53] /a 1
[21/01/2009 12:50:53] /a 1
[21/01/2009 12:50:53] /a 1
[21/01/2009 12:50:53] /a 1
[21/01/2009 12:50:53] /a 1
[21/01/2009 12:50:54] /a 1
[21/01/2009 12:50:54] /a 1
[21/01/2009 12:50:54] /a 1
[21/01/2009 12:50:54] /a 1
[21/01/2009 12:50:54] /a 1
[21/01/2009 12:50:54] /a 1
[21/01/2009 12:50:54] /a 1
[21/01/2009 12:50:54] /a 1
[21/01/2009 12:50:54] /a 1
[21/01/2009 12:50:54] /a 1
[21/01/2009 12:50:54] /a 1
[21/01/2009 12:50:54] /a 1
[21/01/2009 12:50:54] /a 1
[21/01/2009 12:50:54] /a 1
[21/01/2009 12:50:54] /a 1
[21/01/2009 12:50:54] /a 1
[21/01/2009 12:50:54] /a 1
[21/01/2009 12:50:54] /a 1
[21/01/2009 12:50:54] /a 1
[21/01/2009 12:50:54] /a 1
[21/01/2009 12:50:54] /a 1
[21/01/2009 12:50:54] /a 1
[21/01/2009 12:50:54] /a 1
[21/01/2009 12:50:54] /a 1
[21/01/2009 12:50:54] /a 1
[21/01/2009 12:50:54] /a 1
[21/01/2009 12:50:54] /a 1
[21/01/2009 12:50:54] /a 1
[21/01/2009 12:50:55] /a 1
[21/01/2009 12:50:55] /a 1
[21/01/2009 12:50:55] /a 1
[21/01/2009 12:50:55] /a 1
[21/01/2009 12:50:55] /a 1
[21/01/2009 12:50:55] /a 1
[21/01/2009 12:50:55] /a 1
[21/01/2009 12:50:55] /a 1
[21/01/2009 12:50:55] /a 1
[21/01/2009 12:50:55] /a 1
[21/01/2009 12:50:55] /a 1
[21/01/2009 12:50:55] /a 1
[21/01/2009 12:50:55] /a 1
[21/01/2009 12:50:55] /a 1
[21/01/2009 12:50:55] /a 1
[21/01/2009 12:50:55] /a 1
[21/01/2009 12:50:55] /a 1
[21/01/2009 12:50:55] /a 1
[21/01/2009 12:50:55] /a 1
[21/01/2009 12:50:55] /a 1
[21/01/2009 12:50:55] /a 1
[21/01/2009 12:50:55] /a 1
[21/01/2009 12:50:55] /a 1
[21/01/2009 12:50:55] /a 1
[21/01/2009 12:50:55] /a 1
[21/01/2009 12:50:55] /a 1
[21/01/2009 12:50:55] /a 1
[21/01/2009 12:50:55] /a 1
[21/01/2009 12:50:56] /a 1
[21/01/2009 12:50:56] /a 1
[21/01/2009 12:50:56] /a 1
[21/01/2009 12:50:56] /a 1
[21/01/2009 12:50:56] /a 1
[21/01/2009 12:50:56] /a 1
[21/01/2009 12:50:56] /a 1
[21/01/2009 12:50:56] /a 1
[21/01/2009 12:50:56] /a 1
[21/01/2009 12:50:56] /a 1
[21/01/2009 12:50:56] /a 1
[21/01/2009 12:50:56] /a 1
[21/01/2009 12:50:56] /a 1
[21/01/2009 12:50:56] /a 1
[21/01/2009 12:50:56] /a 1
[21/01/2009 12:50:56] /a 1
[21/01/2009 12:50:56] /a 1
[21/01/2009 12:50:56] /a 1
[21/01/2009 12:50:56] /a 1
[21/01/2009 12:50:56] /a 1
[21/01/2009 12:50:56] /a 1
[21/01/2009 12:50:56] /a 1
[21/01/2009 12:50:56] /a 1
[21/01/2009 12:50:56] /a 1
[21/01/2009 12:50:56] /a 1
[21/01/2009 12:50:56] /a 1
[21/01/2009 12:50:56] /a 1
[21/01/2009 12:50:56] /a 1
[21/01/2009 12:50:56] /a 1
[21/01/2009 12:50:57] /a 1
[21/01/2009 12:50:57] /a 1
[21/01/2009 12:50:57] /a 1
[21/01/2009 12:50:57] /a 1
[21/01/2009 12:50:57] /a 1
[21/01/2009 12:50:57] /a 1
[21/01/2009 12:50:57] /a 1
[21/01/2009 12:50:57] /a 1
[21/01/2009 12:50:57] /a 1
[21/01/2009 12:50:57] /a 1
[21/01/2009 12:50:57] /a 1
[21/01/2009 12:50:57] /a 1
[21/01/2009 12:50:57] /a 1
[21/01/2009 12:50:57] /a 1
[21/01/2009 12:50:57] /a 1
[21/01/2009 12:50:57] /a 1
[21/01/2009 12:50:57] /a 1
[21/01/2009 12:50:57] /a 1
[21/01/2009 12:50:57] /a 1
[21/01/2009 12:50:57] /a 1
[21/01/2009 12:50:57] /a 1
[21/01/2009 12:50:57] /a 1
[21/01/2009 12:50:57] /a 1
[21/01/2009 12:50:57] /a 1
[21/01/2009 12:50:57] /a 1
[21/01/2009 12:50:57] /a 1
[21/01/2009 12:50:57] /a 1
[21/01/2009 12:50:57] /a 1
[21/01/2009 12:50:58] /a 1
[21/01/2009 12:50:58] /a 1
[21/01/2009 12:50:58] /a 1
[21/01/2009 12:50:58] /a 1
[21/01/2009 12:50:58] /a 1
[21/01/2009 12:50:58] /a 1
[21/01/2009 12:50:58] /a 1
[21/01/2009 12:50:58] /a 1
[21/01/2009 12:50:58] /a 1
[21/01/2009 12:50:58] /a 1
[21/01/2009 12:50:58] /a 1
[21/01/2009 12:50:58] /a 1
[21/01/2009 12:50:58] /a 1
[21/01/2009 12:50:58] /a 1
[21/01/2009 12:50:58] /a 1
[21/01/2009 12:50:58] /a 1
[21/01/2009 12:50:58] /a 1
[21/01/2009 12:50:58] /a 1
[21/01/2009 12:50:58] /a 1
[21/01/2009 12:50:58] /a 1
[21/01/2009 12:50:58] /a 1
[21/01/2009 12:50:58] /a 1
[21/01/2009 12:50:58] /a 1
[21/01/2009 12:50:58] /a 1
[21/01/2009 12:50:58] /a 1
[21/01/2009 12:50:58] /a 1
[21/01/2009 12:50:58] /a 1
[21/01/2009 12:50:58] /a 1
[21/01/2009 12:50:59] /a 1
[21/01/2009 12:50:59] /a 1
[21/01/2009 12:50:59] /a 1
[21/01/2009 12:50:59] /a 1
[21/01/2009 12:50:59] /a 1
[21/01/2009 12:50:59] /a 1
[21/01/2009 12:50:59] /a 1
[21/01/2009 12:50:59] /a 1
[21/01/2009 12:50:59] /a 1
[21/01/2009 12:50:59] /a 1
[21/01/2009 12:50:59] /a 1
[21/01/2009 12:50:59] /a 1
[21/01/2009 12:50:59] /a 1
[21/01/2009 12:50:59] /a 1
[21/01/2009 12:50:59] /a 1
[21/01/2009 12:50:59] /a 1
[21/01/2009 12:50:59] /a 1
[21/01/2009 12:50:59] /a 1
[21/01/2009 12:50:59] /a 1
[21/01/2009 12:50:59] /a 1
[21/01/2009 12:50:59] /a 1
[21/01/2009 12:50:59] /a 1
[21/01/2009 12:50:59] /a 1
[21/01/2009 12:50:59] /a 1
[21/01/2009 12:50:59] /a 1
[21/01/2009 12:50:59] /a 1
[21/01/2009 12:50:59] /a 1
[21/01/2009 12:50:59] /a 1
[21/01/2009 12:50:59] /a 1
[21/01/2009 12:51:00] /a 1
[21/01/2009 12:51:00] /a 1
[21/01/2009 12:51:00] /a 1
[21/01/2009 12:51:00] /a 1
[21/01/2009 12:51:00] /a 1
[21/01/2009 12:51:00] /a 1
[21/01/2009 12:51:00] /a 1
[21/01/2009 12:51:00] /a 1
[21/01/2009 12:51:00] /a 1
[21/01/2009 12:51:00] /a 1
[21/01/2009 12:51:00] /a 1
[21/01/2009 12:51:00] /a 1
[21/01/2009 12:51:00] /a 1
[21/01/2009 12:51:00] /a 1
[21/01/2009 12:51:00] /a 1
[21/01/2009 12:51:00] /a 1
[21/01/2009 12:51:00] /a 1
[21/01/2009 12:51:00] /a 1
[21/01/2009 12:51:00] /a 1
[21/01/2009 12:51:00] /a 1
[21/01/2009 12:51:00] /a 1
[21/01/2009 12:51:00] /a 1
[21/01/2009 12:51:00] /a 1
[21/01/2009 12:51:00] /a 1
[21/01/2009 12:51:00] /a 1
[21/01/2009 12:51:00] /a 1
[21/01/2009 12:51:00] /a 1
[21/01/2009 12:51:00] /a 1
[21/01/2009 12:51:01] /a 1
[21/01/2009 12:51:01] /a 1
[21/01/2009 12:51:01] /a 1
[21/01/2009 12:51:01] /a 1
[21/01/2009 12:51:01] /a 1
[21/01/2009 12:51:01] /a 1
[21/01/2009 12:51:01] /a 1
[21/01/2009 12:51:01] /a 1
[21/01/2009 12:51:01] /a 1
[21/01/2009 12:51:01] /a 1
[21/01/2009 12:51:02] /a 1
[21/01/2009 12:51:02] /a 1
[21/01/2009 12:51:02] /a 1
[21/01/2009 12:51:02] /a 1
[21/01/2009 12:51:02] /a 1
[21/01/2009 12:51:02] /a 1
[21/01/2009 12:51:02] /a 1
[21/01/2009 12:51:02] /a 1
[21/01/2009 12:51:02] /a 1
[21/01/2009 12:51:02] /a 1
[21/01/2009 12:51:02] /a 1
[21/01/2009 12:51:02] /a 1
[21/01/2009 12:51:02] /a 1
[21/01/2009 12:51:02] /a 1
[21/01/2009 12:51:02] /a 1
[21/01/2009 12:51:02] /a 1
[21/01/2009 12:51:02] /a 1
[21/01/2009 12:51:02] /a 1
[21/01/2009 12:51:02] /a 1
[21/01/2009 12:51:02] /a 1
[21/01/2009 12:51:02] /a 1
[21/01/2009 12:51:02] /a 1
[21/01/2009 12:51:02] /a 1
[21/01/2009 12:51:02] /a 1
[21/01/2009 12:51:03] /a 1
[21/01/2009 12:51:03] /a 1
[21/01/2009 12:51:03] /a 1
[21/01/2009 12:51:03] /a 1
[21/01/2009 12:51:03] /a 1
[21/01/2009 12:51:03] /a 1
[21/01/2009 12:51:03] /a 1
[21/01/2009 12:51:03] /a 1
[21/01/2009 12:51:03] /a 1
[21/01/2009 12:51:03] /a 1
[21/01/2009 12:51:03] /a 1
[21/01/2009 12:51:03] /a 1
[21/01/2009 12:51:03] /a 1
[21/01/2009 12:51:03] /a 1
[21/01/2009 12:51:03] /a 1
[21/01/2009 12:51:03] /a 1
[21/01/2009 12:51:03] /a 1
[21/01/2009 12:51:03] /a 1
[21/01/2009 12:51:03] /a 1
[21/01/2009 12:51:03] /a 1
[21/01/2009 12:51:03] /a 1
[21/01/2009 12:51:03] /a 1
[21/01/2009 12:51:03] /a 1
[21/01/2009 12:51:03] /a 1
[21/01/2009 12:51:03] /a 1
[21/01/2009 12:51:03] /a 1
[21/01/2009 12:51:03] /a 1
[21/01/2009 12:51:03] /a 1
[21/01/2009 12:51:04] /a 1
[21/01/2009 12:51:04] /a 1
[21/01/2009 12:51:04] /a 1
[21/01/2009 12:51:04] /a 1
[21/01/2009 12:51:04] /a 1
[21/01/2009 12:51:04] /a 1
[21/01/2009 12:51:04] /a 1
[21/01/2009 12:51:04] /a 1
[21/01/2009 12:51:04] /a 1
[21/01/2009 12:51:04] /a 1
[21/01/2009 12:51:04] /a 1
[21/01/2009 12:51:04] /a 1
[21/01/2009 12:51:04] /a 1
[21/01/2009 12:51:04] /a 1
[21/01/2009 12:51:04] /a 1
[21/01/2009 12:51:04] /a 1
[21/01/2009 12:51:04] /a 1
[21/01/2009 12:51:04] /a 1
[21/01/2009 12:51:04] /a 1
[21/01/2009 12:51:04] /a 1
[21/01/2009 12:51:04] /a 1
[21/01/2009 12:51:04] /a 1
[21/01/2009 12:51:04] /a 1
[21/01/2009 12:51:04] /a 1
[21/01/2009 12:51:04] /a 1
[21/01/2009 12:51:04] /a 1
[21/01/2009 12:51:04] /a 1
[21/01/2009 12:51:04] /a 1
[21/01/2009 12:51:04] /a 1
[21/01/2009 12:51:05] /a 1
[21/01/2009 12:51:05] /a 1
[21/01/2009 12:51:05] /a 1
[21/01/2009 12:51:05] /a 1
[21/01/2009 12:51:05] /a 1
[21/01/2009 12:51:05] /a 1
[21/01/2009 12:51:05] /a 1
[21/01/2009 12:51:05] /a 1
[21/01/2009 12:51:05] /a 1
[21/01/2009 12:51:05] /a 1
[21/01/2009 12:51:05] /a 1
[21/01/2009 12:51:05] /a 1
[21/01/2009 12:51:05] /a 1
[21/01/2009 12:51:05] /a 1
[21/01/2009 12:51:05] /a 1
[21/01/2009 12:51:05] /a 1
[21/01/2009 12:51:05] /a 1
[21/01/2009 12:51:05] /a 1
[21/01/2009 12:51:05] /a 1
[21/01/2009 12:51:05] /a 1
[21/01/2009 12:51:05] /a 1
[21/01/2009 12:51:05] /a 1
[21/01/2009 12:51:05] /a 1
[21/01/2009 12:51:05] /a 1
[21/01/2009 12:51:05] /a 1
[21/01/2009 12:51:05] /a 1
[21/01/2009 12:51:05] /a 1
[21/01/2009 12:51:05] /a 1
[21/01/2009 12:51:06] /a 1
[21/01/2009 12:51:06] /a 1
[21/01/2009 12:51:06] /a 1
[21/01/2009 12:51:06] /a 1
[21/01/2009 12:51:06] /a 1
[21/01/2009 12:51:06] /a 1
[21/01/2009 12:51:06] /a 1
[21/01/2009 12:51:06] /a 1
[21/01/2009 12:51:06] /a 1
[21/01/2009 12:51:06] /a 1
[21/01/2009 12:51:06] /a 1
[21/01/2009 12:51:06] /a 1
[21/01/2009 12:51:06] /a 1
[21/01/2009 12:51:06] /a 1
[21/01/2009 12:51:06] /a 1
[21/01/2009 12:51:06] /a 1
[21/01/2009 12:51:06] /a 1
[21/01/2009 12:51:06] /a 1
[21/01/2009 12:51:06] /a 1
[21/01/2009 12:51:06] /a 1
[21/01/2009 12:51:06] /a 1
[21/01/2009 12:51:06] /a 1
[21/01/2009 12:51:06] /a 1
[21/01/2009 12:51:06] /a 1
[21/01/2009 12:51:06] /a 1
[21/01/2009 12:51:06] /a 1
[21/01/2009 12:51:06] /a 1
[21/01/2009 12:51:06] /a 1
[21/01/2009 12:51:06] /a 1
[21/01/2009 12:51:07] /a 1
[21/01/2009 12:51:07] /a 1
[21/01/2009 12:51:07] /a 1
[21/01/2009 12:51:07] /a 1
[21/01/2009 12:51:07] /a 1
[21/01/2009 12:51:07] /a 1
[21/01/2009 12:51:07] /a 1
[21/01/2009 12:51:07] /a 1
[21/01/2009 12:51:07] /a 1
[21/01/2009 12:51:07] /a 1
[21/01/2009 12:51:07] /a 1
[21/01/2009 12:51:07] /a 1
[21/01/2009 12:51:07] /a 1
[21/01/2009 12:51:07] /a 1
[21/01/2009 12:51:07] /a 1
[21/01/2009 12:51:07] /a 1
[21/01/2009 12:51:07] /a 1
[21/01/2009 12:51:07] /a 1
[21/01/2009 12:51:07] /a 1
[21/01/2009 12:51:07] /a 1
[21/01/2009 12:51:07] /a 1
[21/01/2009 12:51:07] /a 1
[21/01/2009 12:51:07] /a 1
[21/01/2009 12:51:07] /a 1
[21/01/2009 12:51:07] /a 1
[21/01/2009 12:51:07] /a 1
[21/01/2009 12:51:07] /a 1
[21/01/2009 12:51:07] /a 1
[21/01/2009 12:51:08] /a 1
[21/01/2009 12:51:08] /a 1
[21/01/2009 12:51:08] /a 1
[21/01/2009 12:51:08] /a 1
[21/01/2009 12:51:08] /a 1
[21/01/2009 12:51:08] /a 1
[21/01/2009 12:51:08] /a 1
[21/01/2009 12:51:08] /a 1
[21/01/2009 12:51:08] /a 1
[21/01/2009 12:51:08] /a 1
[21/01/2009 12:51:08] /a 1
[21/01/2009 12:51:08] /a 1
[21/01/2009 12:51:08] /a 1
[21/01/2009 12:51:08] /a 1
[21/01/2009 12:51:08] /a 1
[21/01/2009 12:51:08] /a 1
[21/01/2009 12:51:08] /a 1
[21/01/2009 12:51:08] /a 1
[21/01/2009 12:51:08] /a 1
[21/01/2009 12:51:08] /a 1
[21/01/2009 12:51:08] /a 1
[21/01/2009 12:51:08] /a 1
[21/01/2009 12:51:08] /a 1
[21/01/2009 12:51:08] /a 1
[21/01/2009 12:51:08] /a 1
[21/01/2009 12:51:08] /a 1
[21/01/2009 12:51:08] /a 1
[21/01/2009 12:51:08] /a 1
[21/01/2009 12:51:09] /a 1
[21/01/2009 12:51:09] /a 1
[21/01/2009 12:51:09] /a 1
[21/01/2009 12:51:09] /a 1
[21/01/2009 12:51:09] /a 1
[21/01/2009 12:51:09] /a 1
[21/01/2009 12:51:09] /a 1
[21/01/2009 12:51:09] /a 1
[21/01/2009 12:51:09] /a 1
[21/01/2009 12:51:09] /a 1
[21/01/2009 12:51:09] /a 1
[21/01/2009 12:51:09] /a 1
[21/01/2009 12:51:09] /a 1
[21/01/2009 12:51:09] /a 1
[21/01/2009 12:51:09] /a 1
[21/01/2009 12:51:09] /a 1
[21/01/2009 12:51:09] /a 1
[21/01/2009 12:51:09] /a 1
[21/01/2009 12:51:09] /a 1
[21/01/2009 12:51:09] /a 1
[21/01/2009 12:51:09] /a 1
[21/01/2009 12:51:09] /a 1
[21/01/2009 12:51:09] /a 1
[21/01/2009 12:51:09] /a 1
[21/01/2009 12:51:09] /a 1
[21/01/2009 12:51:09] /a 1
[21/01/2009 12:51:09] /a 1
[21/01/2009 12:51:09] /a 1
[21/01/2009 12:51:09] /a 1
[21/01/2009 12:51:10] /a 1
[21/01/2009 12:51:10] /a 1
[21/01/2009 12:51:10] /a 1
[21/01/2009 12:51:10] /a 1
[21/01/2009 12:51:10] /a 1
[21/01/2009 12:51:10] /a 1
[21/01/2009 12:51:10] /a 1
[21/01/2009 12:51:10] /a 1
[21/01/2009 12:51:10] /a 1
[21/01/2009 12:51:10] /a 1
[21/01/2009 12:51:10] /a 1
[21/01/2009 12:51:10] /a 1
[21/01/2009 12:51:10] /a 1
[21/01/2009 12:51:10] /a 1
[21/01/2009 12:51:10] /a 1
[21/01/2009 12:51:10] /a 1
[21/01/2009 12:51:10] /a 1
[21/01/2009 12:51:10] /a 1
[21/01/2009 12:51:10] /a 1
[21/01/2009 12:51:10] /a 1
[21/01/2009 12:51:10] /a 1
[21/01/2009 12:51:10] /a 1
[21/01/2009 12:51:10] /a 1
[21/01/2009 12:51:10] /a 1
[21/01/2009 12:51:10] /a 1
[21/01/2009 12:51:10] /a 1
[21/01/2009 12:51:10] /a 1
[21/01/2009 12:51:10] /a 1
[21/01/2009 12:51:11] /a 1
[21/01/2009 12:51:11] /a 1
[21/01/2009 12:51:11] /a 1
[21/01/2009 12:51:11] /a 1
[21/01/2009 12:51:11] /a 1
[21/01/2009 12:51:11] /a 1
[21/01/2009 12:51:11] /a 1
[21/01/2009 12:51:11] /a 1
[21/01/2009 12:51:11] /a 1
[21/01/2009 12:51:11] /a 1
[21/01/2009 12:51:11] /a 1
[21/01/2009 12:51:11] /a 1
[21/01/2009 12:51:11] /a 1
[21/01/2009 12:51:11] /a 1
[21/01/2009 12:51:11] /a 1
[21/01/2009 12:51:11] /a 1
[21/01/2009 12:51:11] /a 1
[21/01/2009 12:51:11] /a 1
[21/01/2009 12:51:11] /a 1
[21/01/2009 12:51:11] /a 1
[21/01/2009 12:51:11] /a 1
[21/01/2009 12:51:11] /a 1
[21/01/2009 12:51:11] /a 1
[21/01/2009 12:51:11] /a 1
[21/01/2009 12:51:11] /a 1
[21/01/2009 12:51:11] /a 1
[21/01/2009 12:51:11] /a 1
[21/01/2009 12:51:11] /a 1
[21/01/2009 12:51:12] /a 1
[21/01/2009 12:51:12] /a 1
[21/01/2009 12:51:12] /a 1
[21/01/2009 12:51:12] /a 1
[21/01/2009 12:51:12] /a 1
[21/01/2009 12:51:12] /a 1
[21/01/2009 12:51:12] /a 1
[21/01/2009 12:51:12] /a 1
[21/01/2009 12:51:12] /a 1
[21/01/2009 12:51:12] /a 1
[21/01/2009 12:51:12] /a 1
[21/01/2009 12:51:12] /a 1
[21/01/2009 12:51:12] /a 1
[21/01/2009 12:51:12] /a 1
[21/01/2009 12:51:12] /a 1
[21/01/2009 12:51:12] /a 1
[21/01/2009 12:51:12] /a 1
[21/01/2009 12:51:12] /a 1
[21/01/2009 12:51:12] /a 1
[21/01/2009 12:51:12] /a 1
[21/01/2009 12:51:12] /a 1
[21/01/2009 12:51:12] /a 1
[21/01/2009 12:51:12] /a 1
[21/01/2009 12:51:12] /a 1
[21/01/2009 12:51:12] /a 1
[21/01/2009 12:51:12] /a 1
[21/01/2009 12:51:12] /a 1
[21/01/2009 12:51:12] /a 1
[21/01/2009 12:51:12] /a 1
[21/01/2009 12:51:13] /a 1
[21/01/2009 12:51:13] /a 1
[21/01/2009 12:51:13] /a 1
[21/01/2009 12:51:13] /a 1
[21/01/2009 12:51:13] /a 1
[21/01/2009 12:51:13] /a 1
[21/01/2009 12:51:13] /a 1
[21/01/2009 12:51:13] /a 1
[21/01/2009 12:51:13] /a 1
[21/01/2009 12:51:13] /a 1
[21/01/2009 12:51:13] /a 1
[21/01/2009 12:51:13] /a 1
[21/01/2009 12:51:13] /a 1
[21/01/2009 12:51:13] /a 1
[21/01/2009 12:51:13] /a 1
[21/01/2009 12:51:13] /a 1
[21/01/2009 12:51:13] /a 1
[21/01/2009 12:51:13] /a 1
[21/01/2009 12:51:13] /a 1
[21/01/2009 12:51:13] /a 1
[21/01/2009 12:51:13] /a 1
[21/01/2009 12:51:13] /a 1
[21/01/2009 12:51:13] /a 1
[21/01/2009 12:51:13] /a 1
[21/01/2009 12:51:13] /a 1
[21/01/2009 12:51:13] /a 1
[21/01/2009 12:51:13] /a 1
[21/01/2009 12:51:13] /a 1
[21/01/2009 12:51:14] /a 1
[21/01/2009 12:51:14] /a 1
[21/01/2009 12:51:14] /a 1
[21/01/2009 12:51:14] /a 1
[21/01/2009 12:51:14] /a 1
[21/01/2009 12:51:14] /a 1
[21/01/2009 12:51:14] /a 1
[21/01/2009 12:51:14] /a 1
[21/01/2009 12:51:14] /a 1
[21/01/2009 12:51:14] /a 1
[21/01/2009 12:51:14] /a 1
[21/01/2009 12:51:14] /a 1
[21/01/2009 12:51:14] /a 1
[21/01/2009 12:51:14] /a 1
[21/01/2009 12:51:14] /a 1
[21/01/2009 12:51:14] /a 1
[21/01/2009 12:51:14] /a 1
[21/01/2009 12:51:14] /a 1
[21/01/2009 12:51:14] /a 1
[21/01/2009 12:51:14] /a 1
[21/01/2009 12:51:14] /a 1
[21/01/2009 12:51:14] /a 1
[21/01/2009 12:51:14] /a 1
[21/01/2009 12:51:14] /a 1
[21/01/2009 12:51:14] /a 1
[21/01/2009 12:51:14] /a 1
[21/01/2009 12:51:14] /a 1
[21/01/2009 12:51:14] /a 1
[21/01/2009 12:51:14] /a 1
[21/01/2009 12:51:15] /a 1
[21/01/2009 12:51:15] /a 1
[21/01/2009 12:51:15] /a 1
[21/01/2009 12:51:15] /a 1
[21/01/2009 12:51:15] /a 1
[21/01/2009 12:51:15] /a 1
[21/01/2009 12:51:15] /a 1
[21/01/2009 12:51:15] /a 1
[21/01/2009 12:51:15] /a 1
[21/01/2009 12:51:15] /a 1
[21/01/2009 12:51:15] /a 1
[21/01/2009 12:51:15] /a 1
[21/01/2009 12:51:15] /a 1
[21/01/2009 12:51:15] /a 1
[21/01/2009 12:51:15] /a 1
[21/01/2009 12:51:15] /a 1
[21/01/2009 12:51:15] /a 1
[21/01/2009 12:51:15] /a 1
[21/01/2009 12:51:15] /a 1
[21/01/2009 12:51:15] /a 1
[21/01/2009 12:51:15] /a 1
[21/01/2009 12:51:15] /a 1
[21/01/2009 12:51:15] /a 1
[21/01/2009 12:51:15] /a 1
[21/01/2009 12:51:15] /a 1
[21/01/2009 12:51:15] /a 1
[21/01/2009 12:51:15] /a 1
[21/01/2009 12:51:15] /a 1
[21/01/2009 12:51:16] /a 1
[21/01/2009 12:51:16] /a 1
[21/01/2009 12:51:16] /a 1
[21/01/2009 12:51:16] /a 1
[21/01/2009 12:51:16] /a 1
[21/01/2009 12:51:16] /a 1
[21/01/2009 12:51:16] /a 1
[21/01/2009 12:51:16] /a 1
[21/01/2009 12:51:16] /a 1
[21/01/2009 12:51:16] /a 1
[21/01/2009 12:51:16] /a 1
[21/01/2009 12:51:16] /a 1
[21/01/2009 12:51:16] /a 1
[21/01/2009 12:51:16] /a 1
[21/01/2009 12:51:16] /a 1
[21/01/2009 12:51:16] /a 1
[21/01/2009 12:51:16] /a 1
[21/01/2009 12:51:16] /a 1
[21/01/2009 12:51:16] /a 1
[21/01/2009 12:51:16] /a 1
[21/01/2009 12:51:16] /a 1
[21/01/2009 12:51:16] /a 1
[21/01/2009 12:51:16] /a 1
[21/01/2009 12:51:16] /a 1
[21/01/2009 12:51:16] /a 1
[21/01/2009 12:51:16] /a 1
[21/01/2009 12:51:16] /a 1
[21/01/2009 12:51:16] /a 1
[21/01/2009 12:51:17] /a 1
[21/01/2009 12:51:17] /a 1
[21/01/2009 12:51:17] /a 1
[21/01/2009 12:51:17] /a 1
[21/01/2009 12:51:17] /a 1
[21/01/2009 12:51:17] /a 1
[21/01/2009 12:51:17] /a 1
[21/01/2009 12:51:17] /a 1
[21/01/2009 12:51:17] /a 1
[21/01/2009 12:51:17] /a 1
[21/01/2009 12:51:17] /a 1
[21/01/2009 12:51:17] /a 1
[21/01/2009 12:51:17] /a 1
[21/01/2009 12:51:17] /a 1
[21/01/2009 12:51:17] /a 1
[21/01/2009 12:51:17] /a 1
[21/01/2009 12:51:17] /a 1
[21/01/2009 12:51:17] /a 1
[21/01/2009 12:51:17] /a 1
[21/01/2009 12:51:17] /a 1
[21/01/2009 12:51:17] /a 1
[21/01/2009 12:51:17] /a 1
[21/01/2009 12:51:17] /a 1
[21/01/2009 12:51:17] /a 1
[21/01/2009 12:51:17] /a 1
[21/01/2009 12:51:17] /a 1
[21/01/2009 12:51:17] /a 1
[21/01/2009 12:51:17] /a 1
[21/01/2009 12:51:18] /a 1
[21/01/2009 12:51:18] /a 1
[21/01/2009 12:51:18] /a 1
[21/01/2009 12:51:18] /a 1
[21/01/2009 12:51:18] /a 1
[21/01/2009 12:51:18] /a 1
[21/01/2009 12:51:18] /a 1
[21/01/2009 12:51:18] /a 1
[21/01/2009 12:51:18] /a 1
[21/01/2009 12:51:18] /a 1
[21/01/2009 12:51:18] /a 1
[21/01/2009 12:51:18] /a 1
[21/01/2009 12:51:18] /a 1
[21/01/2009 12:51:18] /a 1
[21/01/2009 12:51:18] /a 1
[21/01/2009 12:51:18] /a 1
[21/01/2009 12:51:18] /a 1
[21/01/2009 12:51:18] /a 1
[21/01/2009 12:51:18] /a 1
[21/01/2009 12:51:18] /a 1
[21/01/2009 12:51:18] /a 1
[21/01/2009 12:51:18] /a 1
[21/01/2009 12:51:18] /a 1
[21/01/2009 12:51:18] /a 1
[21/01/2009 12:51:18] /a 1
[21/01/2009 12:51:18] /a 1
[21/01/2009 12:51:18] /a 1
[21/01/2009 12:51:18] /a 1
[21/01/2009 12:51:18] /a 1
[21/01/2009 12:51:19] /a 1
[21/01/2009 12:51:19] /a 1
[21/01/2009 12:51:19] /a 1
[21/01/2009 12:51:19] /a 1
[21/01/2009 12:51:19] /a 1
[21/01/2009 12:51:19] /a 1
[21/01/2009 12:51:19] /a 1
[21/01/2009 12:51:19] /a 1
[21/01/2009 12:51:19] /a 1
[21/01/2009 12:51:19] /a 1
[21/01/2009 12:51:19] /a 1
[21/01/2009 12:51:19] /a 1
[21/01/2009 12:51:19] /a 1
[21/01/2009 12:51:19] /a 1
[21/01/2009 12:51:19] /a 1
[21/01/2009 12:51:19] /a 1
[21/01/2009 12:51:19] /a 1
[21/01/2009 12:51:19] /a 1
[21/01/2009 12:51:19] /a 1
[21/01/2009 12:51:19] /a 1
[21/01/2009 12:51:19] /a 1
[21/01/2009 12:51:19] /a 1
[21/01/2009 12:51:19] /a 1
[21/01/2009 12:51:19] /a 1
[21/01/2009 12:51:19] /a 1
[21/01/2009 12:51:19] /a 1
[21/01/2009 12:51:19] /a 1
[21/01/2009 12:51:20] /a 1
[21/01/2009 12:51:20] /a 1
[21/01/2009 12:51:20] /a 1
[21/01/2009 12:51:20] /a 1
[21/01/2009 12:51:20] /a 1
[21/01/2009 12:51:20] /a 1
[21/01/2009 12:51:20] /a 1
[21/01/2009 12:51:21] /a 1
[21/01/2009 12:51:21] /a 1
[21/01/2009 12:51:21] /a 1
[21/01/2009 12:51:21] /a 1
[21/01/2009 12:51:21] /a 1
[21/01/2009 12:51:21] /a 1
[21/01/2009 12:51:21] /a 1
[21/01/2009 12:51:21] /a 1
[21/01/2009 12:51:21] /a 1
[21/01/2009 12:51:21] /a 1
[21/01/2009 12:51:21] /a 1
[21/01/2009 12:51:21] /a 1
[21/01/2009 12:51:21] /a 1
[21/01/2009 12:51:21] /a 1
[21/01/2009 12:51:21] /a 1
[21/01/2009 12:51:21] /a 1
[21/01/2009 12:51:21] /a 1
[21/01/2009 12:51:21] /a 1
[21/01/2009 12:51:21] /a 1
[21/01/2009 12:51:21] /a 1
[21/01/2009 12:51:21] /a 1
[21/01/2009 12:51:21] /a 1
[21/01/2009 12:51:21] /a 1
[21/01/2009 12:51:21] /a 1
[21/01/2009 12:51:21] /a 1
[21/01/2009 12:51:21] /a 1
[21/01/2009 12:51:21] /a 1
[21/01/2009 12:51:21] /a 1
[21/01/2009 12:51:21] /a 1
[21/01/2009 12:51:22] /a 1
[21/01/2009 12:51:22] /a 1
[21/01/2009 12:51:22] /a 1
[21/01/2009 12:51:22] /a 1
[21/01/2009 12:51:22] /a 1
[21/01/2009 12:51:22] /a 1
[21/01/2009 12:51:22] /a 1
[21/01/2009 12:51:22] /a 1
[21/01/2009 12:51:22] /a 1
[21/01/2009 12:51:22] /a 1
[21/01/2009 12:51:22] /a 1
[21/01/2009 12:51:22] /a 1
[21/01/2009 12:51:22] /a 1
[21/01/2009 12:51:22] /a 1
[21/01/2009 12:51:22] /a 1
[21/01/2009 12:51:22] /a 1
[21/01/2009 12:51:22] /a 1
[21/01/2009 12:51:22] /a 1
[21/01/2009 12:51:22] /a 1
[21/01/2009 12:51:22] /a 1
[21/01/2009 12:51:22] /a 1
[21/01/2009 12:51:22] /a 1
[21/01/2009 12:51:22] /a 1
[21/01/2009 12:51:22] /a 1
[21/01/2009 12:51:22] /a 1
[21/01/2009 12:51:22] /a 1
[21/01/2009 12:51:22] /a 1
[21/01/2009 12:51:22] /a 1
[21/01/2009 12:51:23] /a 1
[21/01/2009 12:51:23] /a 1
[21/01/2009 12:51:23] /a 1
[21/01/2009 12:51:23] /a 1
[21/01/2009 12:51:23] /a 1
[21/01/2009 12:51:23] /a 1
[21/01/2009 12:51:23] /a 1
[21/01/2009 12:51:23] /a 1
[21/01/2009 12:51:23] /a 1
[21/01/2009 12:51:23] /a 1
[21/01/2009 12:51:23] /a 1
[21/01/2009 12:51:23] /a 1
[21/01/2009 12:51:23] /a 1
[21/01/2009 12:51:23] /a 1
[21/01/2009 12:51:23] /a 1
[21/01/2009 12:51:23] /a 1
[21/01/2009 12:51:23] /a 1
[21/01/2009 12:51:23] /a 1
[21/01/2009 12:51:23] /a 1
[21/01/2009 12:51:23] /a 1
[21/01/2009 12:51:23] /a 1
[21/01/2009 12:51:23] /a 1
[21/01/2009 12:51:23] /a 1
[21/01/2009 12:51:23] /a 1
[21/01/2009 12:51:23] /a 1
[21/01/2009 12:51:23] /a 1
[21/01/2009 12:51:23] /a 1
[21/01/2009 12:51:23] /a 1
[21/01/2009 12:51:24] /a 1
[21/01/2009 12:51:24] /a 1
[21/01/2009 12:51:24] /a 1
[21/01/2009 12:51:24] /a 1
[21/01/2009 12:51:24] /a 1
[21/01/2009 12:51:24] /a 1
[21/01/2009 12:51:24] /a 1
[21/01/2009 12:51:24] /a 1
[21/01/2009 12:51:24] /a 1
[21/01/2009 12:51:24] /a 1
[21/01/2009 12:51:24] /a 1
[21/01/2009 12:51:24] /a 1
[21/01/2009 12:51:24] /a 1
[21/01/2009 12:51:24] /a 1
[21/01/2009 12:51:24] /a 1
[21/01/2009 12:51:24] /a 1
[21/01/2009 12:51:24] /a 1
[21/01/2009 12:51:24] /a 1
[21/01/2009 12:51:24] /a 1
[21/01/2009 12:51:24] /a 1
[21/01/2009 12:51:24] /a 1
[21/01/2009 12:51:24] /a 1
[21/01/2009 12:51:24] /a 1
[21/01/2009 12:51:24] /a 1
[21/01/2009 12:51:24] /a 1
[21/01/2009 12:51:24] /a 1
[21/01/2009 12:51:24] /a 1
[21/01/2009 12:51:24] /a 1
[21/01/2009 12:51:24] /a 1
[21/01/2009 12:51:25] /a 1
[21/01/2009 12:51:25] /a 1
[21/01/2009 12:51:25] /a 1
[21/01/2009 12:51:25] /a 1
[21/01/2009 12:51:25] /a 1
[21/01/2009 12:51:25] /a 1
[21/01/2009 12:51:25] /a 1
[21/01/2009 12:51:25] /a 1
[21/01/2009 12:51:25] /a 1
[21/01/2009 12:51:25] /a 1
[21/01/2009 12:51:25] /a 1
[21/01/2009 12:51:25] /a 1
[21/01/2009 12:51:25] /a 1
[21/01/2009 12:51:25] /a 1
[21/01/2009 12:51:25] /a 1
[21/01/2009 12:51:25] /a 1
[21/01/2009 12:51:25] /a 1
[21/01/2009 12:51:25] /a 1
[21/01/2009 12:51:25] /a 1
[21/01/2009 12:51:25] /a 1
[21/01/2009 12:51:25] /a 1
[21/01/2009 12:51:25] /a 1
[21/01/2009 12:51:25] /a 1
[21/01/2009 12:51:25] /a 1
[21/01/2009 12:51:25] /a 1
[21/01/2009 12:51:25] /a 1
[21/01/2009 12:51:25] /a 1
[21/01/2009 12:51:25] /a 1
[21/01/2009 12:51:26] /a 1
[21/01/2009 12:51:26] /a 1
[21/01/2009 12:51:26] /a 1
[21/01/2009 12:51:26] /a 1
[21/01/2009 12:51:26] /a 1
[21/01/2009 12:51:26] /a 1
[21/01/2009 12:51:26] /a 1
[21/01/2009 12:51:26] /a 1
[21/01/2009 12:51:26] /a 1
[21/01/2009 12:51:26] /a 1
[21/01/2009 12:51:26] /a 1
[21/01/2009 12:51:26] /a 1
[21/01/2009 12:51:26] /a 1
[21/01/2009 12:51:26] /a 1
[21/01/2009 12:51:26] /a 1
[21/01/2009 12:51:26] /a 1
[21/01/2009 12:51:26] /a 1
[21/01/2009 12:51:26] /a 1
[21/01/2009 12:51:26] /a 1
[21/01/2009 12:51:26] /a 1
[21/01/2009 12:51:26] /a 1
[21/01/2009 12:51:26] /a 1
[21/01/2009 12:51:26] /a 1
[21/01/2009 12:51:26] /a 1
[21/01/2009 12:51:26] /a 1
[21/01/2009 12:51:26] /a 1
[21/01/2009 12:51:26] /a 1
[21/01/2009 12:51:26] /a 1
[21/01/2009 12:51:26] /a 1
[21/01/2009 12:51:27] /a 1
[21/01/2009 12:51:27] /a 1
[21/01/2009 12:51:27] /a 1
[21/01/2009 12:51:27] /a 1
[21/01/2009 12:51:27] /a 1
[21/01/2009 12:51:27] /a 1
[21/01/2009 12:51:27] /a 1
[21/01/2009 12:51:27] /a 1
[21/01/2009 12:51:27] /a 1
[21/01/2009 12:51:27] /a 1
[21/01/2009 12:51:27] /a 1
[21/01/2009 12:51:27] /a 1
[21/01/2009 12:51:27] /a 1
[21/01/2009 12:51:27] /a 1
[21/01/2009 12:51:27] /a 1
[21/01/2009 12:51:27] /a 1
[21/01/2009 12:51:27] /a 1
[21/01/2009 12:51:27] /a 1
[21/01/2009 12:51:27] /a 1
[21/01/2009 12:51:27] /a 1
[21/01/2009 12:51:27] /a 1
[21/01/2009 12:51:27] /a 1
[21/01/2009 12:51:27] /a 1
[21/01/2009 12:51:27] /a 1
[21/01/2009 12:51:27] /a 1
[21/01/2009 12:51:27] /a 1
[21/01/2009 12:51:27] /a 1
[21/01/2009 12:51:27] /a 1
[21/01/2009 12:51:28] /a 1
[21/01/2009 12:51:28] /a 1
[21/01/2009 12:51:28] /a 1
[21/01/2009 12:51:28] /a 1
[21/01/2009 12:51:28] /a 1
[21/01/2009 12:51:28] /a 1
[21/01/2009 12:51:28] /a 1
[21/01/2009 12:51:28] /a 1
[21/01/2009 12:51:28] /a 1
[21/01/2009 12:51:28] /a 1
[21/01/2009 12:51:28] /a 1
[21/01/2009 12:51:28] /a 1
[21/01/2009 12:51:28] /a 1
[21/01/2009 12:51:28] /a 1
[21/01/2009 12:51:28] /a 1
[21/01/2009 12:51:28] /a 1
[21/01/2009 12:51:28] /a 1
[21/01/2009 12:51:28] /a 1
[21/01/2009 12:51:28] /a 1
[21/01/2009 12:51:28] /a 1
[21/01/2009 12:51:28] /a 1
[21/01/2009 12:51:28] /a 1
[21/01/2009 12:51:28] /a 1
[21/01/2009 12:51:28] /a 1
[21/01/2009 12:51:28] /a 1
[21/01/2009 12:51:28] /a 1
[21/01/2009 12:51:28] /a 1
[21/01/2009 12:51:28] /a 1
[21/01/2009 12:51:29] /a 1
[21/01/2009 12:51:29] /a 1
[21/01/2009 12:51:29] /a 1
[21/01/2009 12:51:29] /a 1
[21/01/2009 12:51:29] /a 1
[21/01/2009 12:51:29] /a 1
[21/01/2009 12:51:29] /a 1
[21/01/2009 12:51:29] /a 1
[21/01/2009 12:51:29] /a 1
[21/01/2009 12:51:29] /a 1
[21/01/2009 12:51:29] /a 1
[21/01/2009 12:51:29] /a 1
[21/01/2009 12:51:29] /a 1
[21/01/2009 12:51:29] /a 1
[21/01/2009 12:51:29] /a 1
[21/01/2009 12:51:29] /a 1
[21/01/2009 12:51:29] /a 1
[21/01/2009 12:51:29] /a 1
[21/01/2009 12:51:29] /a 1
[21/01/2009 12:51:29] /a 1
[21/01/2009 12:51:29] /a 1
[21/01/2009 12:51:29] /a 1
[21/01/2009 12:51:29] /a 1
[21/01/2009 12:51:29] /a 1
[21/01/2009 12:51:29] /a 1
[21/01/2009 12:51:29] /a 1
[21/01/2009 12:51:29] /a 1
[21/01/2009 12:51:29] /a 1
[21/01/2009 12:51:29] /a 1
[21/01/2009 12:51:30] /a 1
[21/01/2009 12:51:30] /a 1
[21/01/2009 12:51:30] /a 1
[21/01/2009 12:51:30] /a 1
[21/01/2009 12:51:30] /a 1
[21/01/2009 12:51:30] /a 1
[21/01/2009 12:51:30] /a 1
[21/01/2009 12:51:30] /a 1
[21/01/2009 12:51:30] /a 1
[21/01/2009 12:51:30] /a 1
[21/01/2009 12:51:30] /a 1
[21/01/2009 12:51:30] /a 1
[21/01/2009 12:51:30] /a 1
[21/01/2009 12:51:30] /a 1
[21/01/2009 12:51:30] /a 1
[21/01/2009 12:51:30] /a 1
[21/01/2009 12:51:30] /a 1
[21/01/2009 12:51:30] /a 1
[21/01/2009 12:51:30] /a 1
[21/01/2009 12:51:30] /a 1
[21/01/2009 12:51:30] /a 1
[21/01/2009 12:51:30] /a 1
[21/01/2009 12:51:30] /a 1
[21/01/2009 12:51:30] /a 1
[21/01/2009 12:51:30] /a 1
[21/01/2009 12:51:30] /a 1
[21/01/2009 12:51:30] /a 1
[21/01/2009 12:51:30] /a 1
[21/01/2009 12:51:31] /a 1
[21/01/2009 12:51:31] /a 1
[21/01/2009 12:51:31] /a 1
[21/01/2009 12:51:31] /a 1
[21/01/2009 12:51:31] /a 1
[21/01/2009 12:51:31] /a 1
[21/01/2009 12:51:31] /a 1
[21/01/2009 12:51:31] /a 1
[21/01/2009 12:51:31] /a 1
[21/01/2009 12:51:31] /a 1
[21/01/2009 12:51:31] /a 1
[21/01/2009 12:51:31] /a 1
[21/01/2009 12:51:31] /a 1
[21/01/2009 12:51:31] /a 1
[21/01/2009 12:51:31] /a 1
[21/01/2009 12:51:31] /a 1
[21/01/2009 12:51:31] /a 1
[21/01/2009 12:51:31] /a 1
[21/01/2009 12:51:31] /a 1
[21/01/2009 12:51:31] /a 1
[21/01/2009 12:51:31] /a 1
[21/01/2009 12:51:31] /a 1
[21/01/2009 12:51:31] /a 1
[21/01/2009 12:51:31] /a 1
[21/01/2009 12:51:31] /a 1
[21/01/2009 12:51:31] /a 1
[21/01/2009 12:51:31] /a 1
[21/01/2009 12:51:31] /a 1
[21/01/2009 12:51:31] /a 1
[21/01/2009 12:51:32] /a 1
[21/01/2009 12:51:32] /a 1
[21/01/2009 12:51:32] /a 1
[21/01/2009 12:51:32] /a 1
[21/01/2009 12:51:32] /a 1
[21/01/2009 12:51:32] /a 1
[21/01/2009 12:51:32] /a 1
[21/01/2009 12:51:32] /a 1
[21/01/2009 12:51:32] /a 1
[21/01/2009 12:51:32] /a 1
[21/01/2009 12:51:32] /a 1
[21/01/2009 12:51:32] /a 1
[21/01/2009 12:51:32] /a 1
[21/01/2009 12:51:32] /a 1
[21/01/2009 12:51:32] /a 1
[21/01/2009 12:51:32] /a 1
[21/01/2009 12:51:32] /a 1
[21/01/2009 12:51:32] /a 1
[21/01/2009 12:51:32] /a 1
[21/01/2009 12:51:32] /a 1
[21/01/2009 12:51:32] /a 1
[21/01/2009 12:51:32] /a 1
[21/01/2009 12:51:32] /a 1
[21/01/2009 12:51:32] /a 1
[21/01/2009 12:51:32] /a 1
[21/01/2009 12:51:32] /a 1
[21/01/2009 12:51:32] /a 1
[21/01/2009 12:51:32] /a 1
[21/01/2009 12:51:33] /a 1
[21/01/2009 12:51:33] /a 1
[21/01/2009 12:51:33] /a 1
[21/01/2009 12:51:33] /a 1
[21/01/2009 12:51:33] /a 1
[21/01/2009 12:51:33] /a 1
[21/01/2009 12:51:33] /a 1
[21/01/2009 12:51:33] /a 1
[21/01/2009 12:51:33] /a 1
[21/01/2009 12:51:33] /a 1
[21/01/2009 12:51:33] /a 1
[21/01/2009 12:51:33] /a 1
[21/01/2009 12:51:33] /a 1
[21/01/2009 12:51:33] /a 1
[21/01/2009 12:51:33] /a 1
[21/01/2009 12:51:33] /a 1
[21/01/2009 12:51:33] /a 1
[21/01/2009 12:51:33] /a 1
[21/01/2009 12:51:33] /a 1
[21/01/2009 12:51:33] /a 1
[21/01/2009 12:51:33] /a 1
[21/01/2009 12:51:33] /a 1
[21/01/2009 12:51:33] /a 1
[21/01/2009 12:51:33] /a 1
[21/01/2009 12:51:33] /a 1
[21/01/2009 12:51:33] /a 1
[21/01/2009 12:51:33] /a 1
[21/01/2009 12:51:33] /a 1
[21/01/2009 12:51:34] /a 1
[21/01/2009 12:51:34] /a 1
[21/01/2009 12:51:34] /a 1
[21/01/2009 12:51:34] /a 1
[21/01/2009 12:51:34] /a 1
[21/01/2009 12:51:34] /a 1
[21/01/2009 12:51:34] /a 1
[21/01/2009 12:51:34] /a 1
[21/01/2009 12:51:34] /a 1
[21/01/2009 12:51:34] /a 1
[21/01/2009 12:51:34] /a 1
[21/01/2009 12:51:34] /a 1
[21/01/2009 12:51:34] /a 1
[21/01/2009 12:51:34] /a 1
[21/01/2009 12:51:34] /a 1
[21/01/2009 12:51:34] /a 1
[21/01/2009 12:51:34] /a 1
[21/01/2009 12:51:34] /a 1
[21/01/2009 12:51:34] /a 1
[21/01/2009 12:51:34] /a 1
[21/01/2009 12:51:34] /a 1
[21/01/2009 12:51:34] /a 1
[21/01/2009 12:51:34] /a 1
[21/01/2009 12:51:34] /a 1
[21/01/2009 12:51:34] /a 1
[21/01/2009 12:51:34] /a 1
[21/01/2009 12:51:34] /a 1
[21/01/2009 12:51:34] /a 1
[21/01/2009 12:51:34] /a 1
[21/01/2009 12:51:35] /a 1
[21/01/2009 12:51:35] /a 1
[21/01/2009 12:51:35] /a 1
[21/01/2009 12:51:35] /a 1
[21/01/2009 12:51:35] /a 1
[21/01/2009 12:51:35] /a 1
[21/01/2009 12:51:35] /a 1
[21/01/2009 12:51:35] /a 1
[21/01/2009 12:51:35] /a 1
[21/01/2009 12:51:35] /a 1
[21/01/2009 12:51:35] /a 1
[21/01/2009 12:51:35] /a 1
[21/01/2009 12:51:35] /a 1
[21/01/2009 12:51:35] /a 1
[21/01/2009 12:51:35] /a 1
[21/01/2009 12:51:35] /a 1
[21/01/2009 12:51:35] /a 1
[21/01/2009 12:51:35] /a 1
[21/01/2009 12:51:35] /a 1
[21/01/2009 12:51:35] /a 1
[21/01/2009 12:51:35] /a 1
[21/01/2009 12:51:35] /a 1
[21/01/2009 12:51:35] /a 1
[21/01/2009 12:51:35] /a 1
[21/01/2009 12:51:35] /a 1
[21/01/2009 12:51:35] /a 1
[21/01/2009 12:51:35] /a 1
[21/01/2009 12:51:35] /a 1
[21/01/2009 12:51:36] /a 1
[21/01/2009 12:51:36] /a 1
[21/01/2009 12:51:36] /a 1
[21/01/2009 12:51:36] /a 1
[21/01/2009 12:51:36] /a 1
[21/01/2009 12:51:36] /a 1
[21/01/2009 12:51:36] /a 1
[21/01/2009 12:51:36] /a 1
[21/01/2009 12:51:36] /a 1
[21/01/2009 12:51:36] /a 1
[21/01/2009 12:51:36] /a 1
[21/01/2009 12:51:36] /a 1
[21/01/2009 12:51:36] /a 1
[21/01/2009 12:51:36] /a 1
[21/01/2009 12:51:36] /a 1
[21/01/2009 12:51:36] /a 1
[21/01/2009 12:51:36] /a 1
[21/01/2009 12:51:36] /a 1
[21/01/2009 12:51:36] /a 1
[21/01/2009 12:51:36] /a 1
[21/01/2009 12:51:36] /a 1
[21/01/2009 12:51:36] /a 1
[21/01/2009 12:51:36] /a 1
[21/01/2009 12:51:36] /a 1
[21/01/2009 12:51:36] /a 1
[21/01/2009 12:51:36] /a 1
[21/01/2009 12:51:36] /a 1
[21/01/2009 12:51:36] /a 1
[21/01/2009 12:51:37] /a 1
[21/01/2009 12:51:37] /a 1
[21/01/2009 12:51:37] /a 1
[21/01/2009 12:51:37] /a 1
[21/01/2009 12:51:37] /a 1
[21/01/2009 12:51:37] /a 1
[21/01/2009 12:51:37] /a 1
[21/01/2009 12:51:37] /a 1
[21/01/2009 12:51:37] /a 1
[21/01/2009 12:51:37] /a 1
[21/01/2009 12:51:37] /a 1
[21/01/2009 12:51:37] /a 1
[21/01/2009 12:51:37] /a 1
[21/01/2009 12:51:37] /a 1
[21/01/2009 12:51:37] /a 1
[21/01/2009 12:51:37] /a 1
[21/01/2009 12:51:37] /a 1
[21/01/2009 12:51:37] /a 1
[21/01/2009 12:51:37] /a 1
[21/01/2009 12:51:37] /a 1
[21/01/2009 12:51:37] /a 1
[21/01/2009 12:51:37] /a 1
[21/01/2009 12:51:37] /a 1
[21/01/2009 12:51:37] /a 1
[21/01/2009 12:51:37] /a 1
[21/01/2009 12:51:37] /a 1
[21/01/2009 12:51:37] /a 1
[21/01/2009 12:51:37] /a 1
[21/01/2009 12:51:37] /a 1
[21/01/2009 12:51:38] /a 1
[21/01/2009 12:51:38] /a 1
[21/01/2009 12:51:38] /a 1
[21/01/2009 12:51:38] /a 1
[21/01/2009 12:51:38] /a 1
[21/01/2009 12:51:38] /a 1
[21/01/2009 12:51:38] /a 1
[21/01/2009 12:51:38] /a 1
[21/01/2009 12:51:38] /a 1
[21/01/2009 12:51:38] /a 1
[21/01/2009 12:51:38] /a 1
[21/01/2009 12:51:38] /a 1
[21/01/2009 12:51:38] /a 1
[21/01/2009 12:51:38] /a 1
[21/01/2009 12:51:38] /a 1
[21/01/2009 12:51:38] /a 1
[21/01/2009 12:51:38] /a 1
[21/01/2009 12:51:38] /a 1
[21/01/2009 12:51:38] /a 1
[21/01/2009 12:51:38] /a 1
[21/01/2009 12:51:38] /a 1
[21/01/2009 12:51:38] /a 1
[21/01/2009 12:51:38] /a 1
[21/01/2009 12:51:38] /a 1
[21/01/2009 12:51:38] /a 1
[21/01/2009 12:51:38] /a 1
[21/01/2009 12:51:38] /a 1
[21/01/2009 12:51:38] /a 1
[21/01/2009 12:51:39] /a 1
[21/01/2009 12:51:39] /a 1
[21/01/2009 12:51:39] /a 1
[21/01/2009 12:51:39] /a 1
[21/01/2009 12:51:39] /a 1
[21/01/2009 12:51:39] /a 1
[21/01/2009 12:51:39] /a 1
[21/01/2009 12:51:40] /a 1
[21/01/2009 12:51:40] /a 1
[21/01/2009 12:51:40] /a 1
[21/01/2009 12:51:40] /a 1
[21/01/2009 12:51:40] /a 1
[21/01/2009 12:51:40] /a 1
[21/01/2009 12:51:40] /a 1
[21/01/2009 12:51:40] /a 1
[21/01/2009 12:51:40] /a 1
[21/01/2009 12:51:40] /a 1
[21/01/2009 12:51:40] /a 1
[21/01/2009 12:51:40] /a 1
[21/01/2009 12:51:40] /a 1
[21/01/2009 12:51:40] /a 1
[21/01/2009 12:51:40] /a 1
[21/01/2009 12:51:40] /a 1
[21/01/2009 12:51:40] /a 1
[21/01/2009 12:51:40] /a 1
[21/01/2009 12:51:40] /a 1
[21/01/2009 12:51:40] /a 1
[21/01/2009 12:51:40] /a 1
[21/01/2009 12:51:40] /a 1
[21/01/2009 12:51:40] /a 1
[21/01/2009 12:51:40] /a 1
[21/01/2009 12:51:40] /a 1
[21/01/2009 12:51:40] /a 1
[21/01/2009 12:51:41] /a 1
[21/01/2009 12:51:41] /a 1
[21/01/2009 12:51:41] /a 1
[21/01/2009 12:51:41] /a 1
[21/01/2009 12:51:41] /a 1
[21/01/2009 12:51:41] /a 1
[21/01/2009 12:51:41] /a 1
[21/01/2009 12:51:41] /a 1
[21/01/2009 12:51:41] /a 1
[21/01/2009 12:51:41] /a 1
[21/01/2009 12:51:41] /a 1
[21/01/2009 12:51:41] /a 1
[21/01/2009 12:51:41] /a 1
[21/01/2009 12:51:41] /a 1
[21/01/2009 12:51:41] /a 1
[21/01/2009 12:51:41] /a 1
[21/01/2009 12:51:41] /a 1
[21/01/2009 12:51:41] /a 1
[21/01/2009 12:51:41] /a 1
[21/01/2009 12:51:41] /a 1
[21/01/2009 12:51:41] /a 1
[21/01/2009 12:51:41] /a 1
[21/01/2009 12:51:41] /a 1
[21/01/2009 12:51:41] /a 1
[21/01/2009 12:51:41] /a 1
[21/01/2009 12:51:41] /a 1
[21/01/2009 12:51:41] /a 1
[21/01/2009 12:51:41] /a 1
[21/01/2009 12:51:42] /a 1
[21/01/2009 12:51:42] /a 1
[21/01/2009 12:51:42] /a 1
[21/01/2009 12:51:42] /a 1
[21/01/2009 12:51:42] /a 1
[21/01/2009 12:51:42] /a 1
[21/01/2009 12:51:42] /a 1
[21/01/2009 12:51:42] /a 1
[21/01/2009 12:51:42] /a 1
[21/01/2009 12:51:42] /a 1
[21/01/2009 12:51:42] /a 1
[21/01/2009 12:51:42] /a 1
[21/01/2009 12:51:42] /a 1
[21/01/2009 12:51:42] /a 1
[21/01/2009 12:51:42] /a 1
[21/01/2009 12:51:42] /a 1
[21/01/2009 12:51:42] /a 1
[21/01/2009 12:51:42] /a 1
[21/01/2009 12:51:42] /a 1
[21/01/2009 12:51:42] /a 1
[21/01/2009 12:51:42] /a 1
[21/01/2009 12:51:42] /a 1
[21/01/2009 12:51:42] /a 1
[21/01/2009 12:51:42] /a 1
[21/01/2009 12:51:42] /a 1
[21/01/2009 12:51:42] /a 1
[21/01/2009 12:51:42] /a 1
[21/01/2009 12:51:42] /a 1
[21/01/2009 12:51:43] /a 1
[21/01/2009 12:51:43] /a 1
[21/01/2009 12:51:43] /a 1
[21/01/2009 12:51:43] /a 1
[21/01/2009 12:51:43] /a 1
[21/01/2009 12:51:43] /a 1
[21/01/2009 12:51:43] /a 1
[21/01/2009 12:51:43] /a 1
[21/01/2009 12:51:43] /a 1
[21/01/2009 12:51:43] /a 1
[21/01/2009 12:51:43] /a 1
[21/01/2009 12:51:43] /a 1
[21/01/2009 12:51:43] /a 1
[21/01/2009 12:51:43] /a 1
[21/01/2009 12:51:43] /a 1
[21/01/2009 12:51:43] /a 1
[21/01/2009 12:51:43] /a 1
[21/01/2009 12:51:43] /a 1
[21/01/2009 12:51:43] /a 1
[21/01/2009 12:51:43] /a 1
[21/01/2009 12:51:43] /a 1
[21/01/2009 12:51:43] /a 1
[21/01/2009 12:51:43] /a 1
[21/01/2009 12:51:43] /a 1
[21/01/2009 12:51:43] /a 1
[21/01/2009 12:51:43] /a 1
[21/01/2009 12:51:43] /a 1
[21/01/2009 12:51:43] /a 1
[21/01/2009 12:51:43] /a 1
[21/01/2009 12:51:44] /a 1
[21/01/2009 12:51:44] /a 1
[21/01/2009 12:51:44] /a 1
[21/01/2009 12:51:44] /a 1
[21/01/2009 12:51:44] /a 1
[21/01/2009 12:51:44] /a 1
[21/01/2009 12:51:44] /a 1
[21/01/2009 12:51:44] /a 1
[21/01/2009 12:51:44] /a 1
[21/01/2009 12:51:44] /a 1
[21/01/2009 12:51:44] /a 1
[21/01/2009 12:51:44] /a 1
[21/01/2009 12:51:44] /a 1
[21/01/2009 12:51:44] /a 1
[21/01/2009 12:51:44] /a 1
[21/01/2009 12:51:44] /a 1
[21/01/2009 12:51:44] /a 1
[21/01/2009 12:51:44] /a 1
[21/01/2009 12:51:44] /a 1
[21/01/2009 12:51:44] /a 1
[21/01/2009 12:51:44] /a 1
[21/01/2009 12:51:44] /a 1
[21/01/2009 12:51:44] /a 1
[21/01/2009 12:51:44] /a 1
[21/01/2009 12:51:44] /a 1
[21/01/2009 12:51:44] /a 1
[21/01/2009 12:51:44] /a 1
[21/01/2009 12:51:44] /a 1
[21/01/2009 12:51:45] /a 1
[21/01/2009 12:51:45] /a 1
[21/01/2009 12:51:45] /a 1
[21/01/2009 12:51:45] /a 1
[21/01/2009 12:51:45] /a 1
[21/01/2009 12:51:45] /a 1
[21/01/2009 12:51:45] /a 1
[21/01/2009 12:51:45] /a 1
[21/01/2009 12:51:45] /a 1
[21/01/2009 12:51:45] /a 1
[21/01/2009 12:51:45] /a 1
[21/01/2009 12:51:45] /a 1
[21/01/2009 12:51:45] /a 1
[21/01/2009 12:51:45] /a 1
[21/01/2009 12:51:45] /a 1
[21/01/2009 12:51:45] /a 1
[21/01/2009 12:51:45] /a 1
[21/01/2009 12:51:45] /a 1
[21/01/2009 12:51:45] /a 1
[21/01/2009 12:51:45] /a 1
[21/01/2009 12:51:45] /a 1
[21/01/2009 12:51:45] /a 1
[21/01/2009 12:51:45] /a 1
[21/01/2009 12:51:45] /a 1
[21/01/2009 12:51:45] /a 1
[21/01/2009 12:51:45] /a 1
[21/01/2009 12:51:45] /a 1
[21/01/2009 12:51:45] /a 1
[21/01/2009 12:51:46] /a 1
[21/01/2009 12:51:46] /a 1
[21/01/2009 12:51:46] /a 1
[21/01/2009 12:51:46] /a 1
[21/01/2009 12:51:46] /a 1
[21/01/2009 12:51:46] /a 1
[21/01/2009 12:51:46] /a 1
[21/01/2009 12:51:46] /a 1
[21/01/2009 12:51:46] /a 1
[21/01/2009 12:51:46] /a 1
[21/01/2009 12:51:46] /a 1
[21/01/2009 12:51:46] /a 1
[21/01/2009 12:51:46] /a 1
[21/01/2009 12:51:46] /a 1
[21/01/2009 12:51:46] /a 1
[21/01/2009 12:51:46] /a 1
[21/01/2009 12:51:46] /a 1
[21/01/2009 12:51:46] /a 1
[21/01/2009 12:51:46] /a 1
[21/01/2009 12:51:46] /a 1
[21/01/2009 12:51:46] /a 1
[21/01/2009 12:51:46] /a 1
[21/01/2009 12:51:46] /a 1
[21/01/2009 12:51:46] /a 1
[21/01/2009 12:51:46] /a 1
[21/01/2009 12:51:46] /a 1
[21/01/2009 12:51:46] /a 1
[21/01/2009 12:51:46] /a 1
[21/01/2009 12:51:46] /a 1
[21/01/2009 12:51:47] /a 1
[21/01/2009 12:51:47] /a 1
[21/01/2009 12:51:47] /a 1
[21/01/2009 12:51:47] /a 1
[21/01/2009 12:51:47] /a 1
[21/01/2009 12:51:47] /a 1
[21/01/2009 12:51:47] /a 1
[21/01/2009 12:51:47] /a 1
[21/01/2009 12:51:47] /a 1
[21/01/2009 12:51:47] /a 1
[21/01/2009 12:51:47] /a 1
[21/01/2009 12:51:47] /a 1
[21/01/2009 12:51:47] /a 1
[21/01/2009 12:51:47] /a 1
[21/01/2009 12:51:47] /a 1
[21/01/2009 12:51:47] /a 1
[21/01/2009 12:51:47] /a 1
[21/01/2009 12:51:47] /a 1
[21/01/2009 12:51:47] /a 1
[21/01/2009 12:51:47] /a 1
[21/01/2009 12:51:47] /a 1
[21/01/2009 12:51:47] /a 1
[21/01/2009 12:51:47] /a 1
[21/01/2009 12:51:47] /a 1
[21/01/2009 12:51:47] /a 1
[21/01/2009 12:51:47] /a 1
[21/01/2009 12:51:47] /a 1
[21/01/2009 12:51:47] /a 1
[21/01/2009 12:51:48] /a 1
[21/01/2009 12:51:48] /a 1
[21/01/2009 12:51:48] /a 1
[21/01/2009 12:51:48] /a 1
[21/01/2009 12:51:48] /a 1
[21/01/2009 12:51:48] /a 1
[21/01/2009 12:51:48] /a 1
[21/01/2009 12:51:48] /a 1
[21/01/2009 12:51:48] /a 1
[21/01/2009 12:51:48] /a 1
[21/01/2009 12:51:48] /a 1
[21/01/2009 12:51:48] /a 1
[21/01/2009 12:51:48] /a 1
[21/01/2009 12:51:48] /a 1
[21/01/2009 12:51:48] /a 1
[21/01/2009 12:51:48] /a 1
[21/01/2009 12:51:48] /a 1
[21/01/2009 12:51:48] /a 1
[21/01/2009 12:51:48] /a 1
[21/01/2009 12:51:48] /a 1
[21/01/2009 12:51:48] /a 1
[21/01/2009 12:51:48] /a 1
[21/01/2009 12:51:48] /a 1
[21/01/2009 12:51:48] /a 1
[21/01/2009 12:51:48] /a 1
[21/01/2009 12:51:48] /a 1
[21/01/2009 12:51:48] /a 1
[21/01/2009 12:51:48] /a 1
[21/01/2009 12:51:48] /a 1
[21/01/2009 12:51:49] /a 1
[21/01/2009 12:51:49] /a 1
[21/01/2009 12:51:49] /a 1
[21/01/2009 12:51:49] /a 1
[21/01/2009 12:51:49] /a 1
[21/01/2009 12:51:49] /a 1
[21/01/2009 12:51:49] /a 1
[21/01/2009 12:51:49] /a 1
[21/01/2009 12:51:49] /a 1
[21/01/2009 12:51:49] /a 1
[21/01/2009 12:51:49] /a 1
[21/01/2009 12:51:49] /a 1
[21/01/2009 12:51:49] /a 1
[21/01/2009 12:51:49] /a 1
[21/01/2009 12:51:49] /a 1
[21/01/2009 12:51:49] /a 1
[21/01/2009 12:51:49] /a 1
[21/01/2009 12:51:49] /a 1
[21/01/2009 12:51:49] /a 1
[21/01/2009 12:51:49] /a 1
[21/01/2009 12:51:49] /a 1
[21/01/2009 12:51:49] /a 1
[21/01/2009 12:51:49] /a 1
[21/01/2009 12:51:49] /a 1
[21/01/2009 12:51:49] /a 1
[21/01/2009 12:51:49] /a 1
[21/01/2009 12:51:49] /a 1
[21/01/2009 12:51:49] /a 1
[21/01/2009 12:51:50] /a 1
[21/01/2009 12:51:50] /a 1
[21/01/2009 12:51:50] /a 1
[21/01/2009 12:51:50] /a 1
[21/01/2009 12:51:50] /a 1
[21/01/2009 12:51:50] /a 1
[21/01/2009 12:51:50] /a 1
[21/01/2009 12:51:50] /a 1
[21/01/2009 12:51:50] /a 1
[21/01/2009 12:51:50] /a 1
[21/01/2009 12:51:50] /a 1
[21/01/2009 12:51:50] /a 1
[21/01/2009 12:51:50] /a 1
[21/01/2009 12:51:50] /a 1
[21/01/2009 12:51:50] /a 1
[21/01/2009 12:51:50] /a 1
[21/01/2009 12:51:50] /a 1
[21/01/2009 12:51:50] /a 1
[21/01/2009 12:51:50] /a 1
[21/01/2009 12:51:50] /a 1
[21/01/2009 12:51:50] /a 1
[21/01/2009 12:51:50] /a 1
[21/01/2009 12:51:50] /a 1
[21/01/2009 12:51:50] /a 1
[21/01/2009 12:51:50] /a 1
[21/01/2009 12:51:50] /a 1
[21/01/2009 12:51:50] /a 1
[21/01/2009 12:51:50] /a 1
[21/01/2009 12:51:51] /a 1
[21/01/2009 12:51:51] /a 1
[21/01/2009 12:51:51] /a 1
[21/01/2009 12:51:51] /a 1
[21/01/2009 12:51:51] /a 1
[21/01/2009 12:51:51] /a 1
[21/01/2009 12:51:51] /a 1
[21/01/2009 12:51:51] /a 1
[21/01/2009 12:51:51] /a 1
[21/01/2009 12:51:51] /a 1
[21/01/2009 12:51:51] /a 1
[21/01/2009 12:51:51] /a 1
[21/01/2009 12:51:51] /a 1
[21/01/2009 12:51:51] /a 1
[21/01/2009 12:51:51] /a 1
[21/01/2009 12:51:51] /a 1
[21/01/2009 12:51:51] /a 1
[21/01/2009 12:51:51] /a 1
[21/01/2009 12:51:51] /a 1
[21/01/2009 12:51:51] /a 1
[21/01/2009 12:51:51] /a 1
[21/01/2009 12:51:51] /a 1
[21/01/2009 12:51:51] /a 1
[21/01/2009 12:51:51] /a 1
[21/01/2009 12:51:51] /a 1
[21/01/2009 12:51:51] /a 1
[21/01/2009 12:51:51] /a 1
[21/01/2009 12:51:51] /a 1
[21/01/2009 12:51:51] /a 1
[21/01/2009 12:51:52] /a 1
[21/01/2009 12:51:52] /a 1
[21/01/2009 12:51:52] /a 1
[21/01/2009 12:51:52] /a 1
[21/01/2009 12:51:52] /a 1
[21/01/2009 12:51:52] /a 1
[21/01/2009 12:51:52] /a 1
[21/01/2009 12:51:52] /a 1
[21/01/2009 12:51:52] /a 1
[21/01/2009 12:51:52] /a 1
[21/01/2009 12:51:52] /a 1
[21/01/2009 12:51:52] /a 1
[21/01/2009 12:51:52] /a 1
[21/01/2009 12:51:52] /a 1
[21/01/2009 12:51:52] /a 1
[21/01/2009 12:51:52] /a 1
[21/01/2009 12:51:52] /a 1
[21/01/2009 12:51:52] /a 1
[21/01/2009 12:51:52] /a 1
[21/01/2009 12:51:52] /a 1
[21/01/2009 12:51:52] /a 1
[21/01/2009 12:51:52] /a 1
[21/01/2009 12:51:52] /a 1
[21/01/2009 12:51:52] /a 1
[21/01/2009 12:51:52] /a 1
[21/01/2009 12:51:52] /a 1
[21/01/2009 12:51:52] /a 1
[21/01/2009 12:51:52] /a 1
[21/01/2009 12:51:53] /a 1
[21/01/2009 12:51:53] /a 1
[21/01/2009 12:51:53] /a 1
[21/01/2009 12:51:53] /a 1
[21/01/2009 12:51:53] /a 1
[21/01/2009 12:51:53] /a 1
[21/01/2009 12:51:53] /a 1
[21/01/2009 12:51:53] /a 1
[21/01/2009 12:51:53] /a 1
[21/01/2009 12:51:53] /a 1
[21/01/2009 12:51:53] /a 1
[21/01/2009 12:51:53] /a 1
[21/01/2009 12:51:53] /a 1
[21/01/2009 12:51:53] /a 1
[21/01/2009 12:51:53] /a 1
[21/01/2009 12:51:53] /a 1
[21/01/2009 12:51:53] /a 1
[21/01/2009 12:51:53] /a 1
[21/01/2009 12:51:53] /a 1
[21/01/2009 12:51:53] /a 1
[21/01/2009 12:51:53] /a 1
[21/01/2009 12:51:53] /a 1
[21/01/2009 12:51:53] /a 1
[21/01/2009 12:51:53] /a 1
[21/01/2009 12:51:53] /a 1
[21/01/2009 12:51:53] /a 1
[21/01/2009 12:51:53] /a 1
[21/01/2009 12:51:53] /a 1
[21/01/2009 12:51:54] /a 1
[21/01/2009 12:51:54] /a 1
[21/01/2009 12:51:54] /a 1
[21/01/2009 12:51:54] /a 1
[21/01/2009 12:51:54] /a 1
[21/01/2009 12:51:54] /a 1
[21/01/2009 12:51:54] /a 1
[21/01/2009 12:51:54] /a 1
[21/01/2009 12:51:54] /a 1
[21/01/2009 12:51:54] /a 1
[21/01/2009 12:51:54] /a 1
[21/01/2009 12:51:54] /a 1
[21/01/2009 12:51:54] /a 1
[21/01/2009 12:51:54] /a 1
[21/01/2009 12:51:54] /a 1
[21/01/2009 12:51:54] /a 1
[21/01/2009 12:51:54] /a 1
[21/01/2009 12:51:54] /a 1
[21/01/2009 12:51:54] /a 1
[21/01/2009 12:51:54] /a 1
[21/01/2009 12:51:54] /a 1
[21/01/2009 12:51:54] /a 1
[21/01/2009 12:51:54] /a 1
[21/01/2009 12:51:54] /a 1
[21/01/2009 12:51:54] /a 1
[21/01/2009 12:51:54] /a 1
[21/01/2009 12:51:54] /a 1
[21/01/2009 12:51:54] /a 1
[21/01/2009 12:51:54] /a 1
[21/01/2009 12:51:55] /a 1
[21/01/2009 12:51:55] /a 1
[21/01/2009 12:51:55] /a 1
[21/01/2009 12:51:55] /a 1
[21/01/2009 12:51:55] /a 1
[21/01/2009 12:51:55] /a 1
[21/01/2009 12:51:55] /a 1
[21/01/2009 12:51:55] /a 1
[21/01/2009 12:51:55] /a 1
[21/01/2009 12:51:55] /a 1
[21/01/2009 12:51:55] /a 1
[21/01/2009 12:51:55] /a 1
[21/01/2009 12:51:55] /a 1
[21/01/2009 12:51:55] /a 1
[21/01/2009 12:51:55] /a 1
[21/01/2009 12:51:55] /a 1
[21/01/2009 12:51:55] /a 1
[21/01/2009 12:51:55] /a 1
[21/01/2009 12:51:55] /a 1
[21/01/2009 12:51:55] /a 1
[21/01/2009 12:51:55] /a 1
[21/01/2009 12:51:55] /a 1
[21/01/2009 12:51:55] /a 1
[21/01/2009 12:51:55] /a 1
[21/01/2009 12:51:55] /a 1
[21/01/2009 12:51:55] /a 1
[21/01/2009 12:51:55] /a 1
[21/01/2009 12:51:55] /a 1
[21/01/2009 12:51:56] /a 1
[21/01/2009 12:51:56] /a 1
[21/01/2009 12:51:56] /a 1
[21/01/2009 12:51:56] /a 1
[21/01/2009 12:51:56] /a 1
[21/01/2009 12:51:56] /a 1
[21/01/2009 12:51:56] /a 1
[21/01/2009 12:51:56] /a 1
[21/01/2009 12:51:56] /a 1
[21/01/2009 12:51:56] /a 1
[21/01/2009 12:51:56] /a 1
[21/01/2009 12:51:56] /a 1
[21/01/2009 12:51:56] /a 1
[21/01/2009 12:51:56] /a 1
[21/01/2009 12:51:56] /a 1
[21/01/2009 12:51:56] /a 1
[21/01/2009 12:51:56] /a 1
[21/01/2009 12:51:56] /a 1
[21/01/2009 12:51:56] /a 1
[21/01/2009 12:51:56] /a 1
[21/01/2009 12:51:56] /a 1
[21/01/2009 12:51:56] /a 1
[21/01/2009 12:51:56] /a 1
[21/01/2009 12:51:56] /a 1
[21/01/2009 12:51:56] /a 1
[21/01/2009 12:51:56] /a 1
[21/01/2009 12:51:56] /a 1
[21/01/2009 12:51:56] /a 1
[21/01/2009 12:51:57] /a 1
[21/01/2009 12:51:57] /a 1
[21/01/2009 12:51:57] /a 1
[21/01/2009 12:51:57] /a 1
[21/01/2009 12:51:57] /a 1
[21/01/2009 12:51:57] /a 1
[21/01/2009 12:51:57] /a 1
[21/01/2009 12:51:57] /a 1
[21/01/2009 12:51:57] /a 1
[21/01/2009 12:51:57] /a 1
[21/01/2009 12:51:57] /a 1
[21/01/2009 12:51:57] /a 1
[21/01/2009 12:51:57] /a 1
[21/01/2009 12:51:57] /a 1
[21/01/2009 12:51:57] /a 1
[21/01/2009 12:51:57] /a 1
[21/01/2009 12:51:57] /a 1
[21/01/2009 12:51:57] /a 1
[21/01/2009 12:51:57] /a 1
[21/01/2009 12:51:57] /a 1
[21/01/2009 12:51:57] /a 1
[21/01/2009 12:51:57] /a 1
[21/01/2009 12:51:57] /a 1
[21/01/2009 12:51:57] /a 1
[21/01/2009 12:51:57] /a 1
[21/01/2009 12:51:57] /a 1
[21/01/2009 12:51:57] /a 1
[21/01/2009 12:51:57] /a 1
[21/01/2009 12:51:57] /a 1
[21/01/2009 12:51:58] /a 1
[21/01/2009 12:51:58] /a 1
[21/01/2009 12:51:58] /a 1
[21/01/2009 12:51:59] /a 1
[21/01/2009 12:51:59] /a 1
[21/01/2009 12:51:59] /a 1
[21/01/2009 12:51:59] /a 1
[21/01/2009 12:51:59] /a 1
[21/01/2009 12:51:59] /a 1
[21/01/2009 12:51:59] /a 1
[21/01/2009 12:51:59] /a 1
[21/01/2009 12:51:59] /a 1
[21/01/2009 12:51:59] /a 1
[21/01/2009 12:51:59] /a 1
[21/01/2009 12:51:59] /a 1
[21/01/2009 12:51:59] /a 1
[21/01/2009 12:51:59] /a 1
[21/01/2009 12:51:59] /a 1
[21/01/2009 12:51:59] /a 1
[21/01/2009 12:51:59] /a 1
[21/01/2009 12:51:59] /a 1
[21/01/2009 12:51:59] /a 1
[21/01/2009 12:51:59] /a 1
[21/01/2009 12:51:59] /a 1
[21/01/2009 12:51:59] /a 1
[21/01/2009 12:51:59] /a 1
[21/01/2009 12:51:59] /a 1
[21/01/2009 12:51:59] /a 1
[21/01/2009 12:51:59] /a 1
[21/01/2009 12:51:59] /a 1
[21/01/2009 12:51:59] /a 1
[21/01/2009 12:52:00] /a 1
[21/01/2009 12:52:00] /a 1
[21/01/2009 12:52:00] /a 1
[21/01/2009 12:52:00] /a 1
[21/01/2009 12:52:00] /a 1
[21/01/2009 12:52:00] /a 1
[21/01/2009 12:52:00] /a 1
[21/01/2009 12:52:00] /a 1
[21/01/2009 12:52:00] /a 1
[21/01/2009 12:52:00] /a 1
[21/01/2009 12:52:00] /a 1
[21/01/2009 12:52:00] /a 1
[21/01/2009 12:52:00] /a 1
[21/01/2009 12:52:00] /a 1
[21/01/2009 12:52:00] /a 1
[21/01/2009 12:52:00] /a 1
[21/01/2009 12:52:00] /a 1
[21/01/2009 12:52:00] /a 1
[21/01/2009 12:52:00] /a 1
[21/01/2009 12:52:00] /a 1
[21/01/2009 12:52:00] /a 1
[21/01/2009 12:52:00] /a 1
[21/01/2009 12:52:00] /a 1
[21/01/2009 12:52:00] /a 1
[21/01/2009 12:52:00] /a 1
[21/01/2009 12:52:00] /a 1
[21/01/2009 12:52:00] /a 1
[21/01/2009 12:52:00] /a 1
[21/01/2009 12:52:00] /a 1
[21/01/2009 12:52:01] /a 1
[21/01/2009 12:52:01] /a 1
[21/01/2009 12:52:01] /a 1
[21/01/2009 12:52:01] /a 1
[21/01/2009 12:52:01] /a 1
[21/01/2009 12:52:01] /a 1
[21/01/2009 12:52:01] /a 1
[21/01/2009 12:52:01] /a 1
[21/01/2009 12:52:01] /a 1
[21/01/2009 12:52:01] /a 1
[21/01/2009 12:52:01] /a 1
[21/01/2009 12:52:01] /a 1
[21/01/2009 12:52:01] /a 1
[21/01/2009 12:52:01] /a 1
[21/01/2009 12:52:01] /a 1
[21/01/2009 12:52:01] /a 1
[21/01/2009 12:52:01] /a 1
[21/01/2009 12:52:01] /a 1
[21/01/2009 12:52:01] /a 1
[21/01/2009 12:52:01] /a 1
[21/01/2009 12:52:01] /a 1
[21/01/2009 12:52:01] /a 1
[21/01/2009 12:52:01] /a 1
[21/01/2009 12:52:01] /a 1
[21/01/2009 12:52:01] /a 1
[21/01/2009 12:52:01] /a 1
[21/01/2009 12:52:01] /a 1
[21/01/2009 12:52:01] /a 1
[21/01/2009 12:52:02] /a 1
[21/01/2009 12:52:02] /a 1
[21/01/2009 12:52:02] /a 1
[21/01/2009 12:52:02] /a 1
[21/01/2009 12:52:02] /a 1
[21/01/2009 12:52:02] /a 1
[21/01/2009 12:52:02] /a 1
[21/01/2009 12:52:02] /a 1
[21/01/2009 12:52:02] /a 1
[21/01/2009 12:52:02] /a 1
[21/01/2009 12:52:02] /a 1
[21/01/2009 12:52:02] /a 1
[21/01/2009 12:52:02] /a 1
[21/01/2009 12:52:02] /a 1
[21/01/2009 12:52:02] /a 1
[21/01/2009 12:52:02] /a 1
[21/01/2009 12:52:02] /a 1
[21/01/2009 12:52:02] /a 1
[21/01/2009 12:52:02] /a 1
[21/01/2009 12:52:02] /a 1
[21/01/2009 12:52:02] /a 1
[21/01/2009 12:52:02] /a 1
[21/01/2009 12:52:02] /a 1
[21/01/2009 12:52:07] /a 10
[21/01/2009 12:52:08] /a 10
[21/01/2009 12:52:08] /a 10
[21/01/2009 12:52:08] /a 10
[21/01/2009 12:52:08] /a 10
[21/01/2009 12:52:08] /a 10
[21/01/2009 12:52:08] /a 10
[21/01/2009 12:52:08] /a 10
[21/01/2009 12:52:08] /a 10
[21/01/2009 12:52:08] /a 10
[21/01/2009 12:52:08] /a 10
[21/01/2009 12:52:08] /a 10
[21/01/2009 12:52:08] /a 10
[21/01/2009 12:52:08] /a 10
[21/01/2009 12:52:08] /a 10
[21/01/2009 12:52:08] /a 10
[21/01/2009 12:52:09] /a 10
[21/01/2009 12:52:09] /a 10
[21/01/2009 12:52:09] /a 10
[21/01/2009 12:52:09] /a 10
[21/01/2009 12:52:09] /a 10
[21/01/2009 12:52:09] /a 10
[21/01/2009 12:52:09] /a 10
[21/01/2009 12:52:09] /a 10
[21/01/2009 12:52:09] /a 10
[21/01/2009 12:52:09] /a 10
[21/01/2009 12:52:09] /a 10
[21/01/2009 12:52:09] /a 10
[21/01/2009 12:52:09] /a 10
[21/01/2009 12:52:09] /a 10
[21/01/2009 12:52:09] /a 10
[21/01/2009 12:52:09] /a 10
[21/01/2009 12:52:09] /a 10
[21/01/2009 12:52:09] /a 10
[21/01/2009 12:52:09] /a 10
[21/01/2009 12:52:09] /a 10
[21/01/2009 12:52:09] /a 10
[21/01/2009 12:52:09] /a 10
[21/01/2009 12:52:09] /a 10
[21/01/2009 12:52:09] /a 10
[21/01/2009 12:52:09] /a 10
[21/01/2009 12:52:09] /a 10
[21/01/2009 12:52:09] /a 10
[21/01/2009 12:52:09] /a 10
[21/01/2009 12:52:10] /a 10
[21/01/2009 12:52:10] /a 10
[21/01/2009 12:52:10] /a 10
[21/01/2009 12:52:10] /a 10
[21/01/2009 12:52:10] /a 10
[21/01/2009 12:52:10] /a 10
[21/01/2009 12:52:11] /a 10
[21/01/2009 12:52:13] /a 10
[21/01/2009 12:52:14] /a 10
[21/01/2009 12:52:14] /a 10
[21/01/2009 12:52:14] /a 10
[21/01/2009 12:52:14] /a 10
[21/01/2009 12:52:14] /a 10
[21/01/2009 12:52:14] /a 10
[21/01/2009 12:52:14] /a 10
[21/01/2009 12:52:14] /a 10
[21/01/2009 12:52:15] /a 10
[21/01/2009 12:52:15] /a 10
[21/01/2009 12:52:15] /a 10
[21/01/2009 12:52:15] /a 10
[21/01/2009 12:52:15] /a 10
[21/01/2009 12:52:15] /a 10
[21/01/2009 12:52:15] /a 10
[21/01/2009 12:52:15] /a 10
[21/01/2009 12:52:15] /a 10
[21/01/2009 12:52:15] /a 10
[21/01/2009 12:52:15] /a 10
[21/01/2009 12:52:15] /a 10
[21/01/2009 12:52:15] /a 10
[21/01/2009 12:52:15] /a 10
[21/01/2009 12:52:15] /a 10
[21/01/2009 12:52:15] /a 10
[21/01/2009 12:52:15] /a 10
[21/01/2009 12:52:15] /a 10
[21/01/2009 12:52:15] /a 10
[21/01/2009 12:52:15] /a 10
[21/01/2009 12:52:15] /a 10
[21/01/2009 12:52:15] /a 10
[21/01/2009 12:52:15] /a 10
[21/01/2009 12:52:15] /a 10
[21/01/2009 12:52:15] /a 10
[21/01/2009 12:52:15] /a 10
[21/01/2009 12:52:15] /a 10
[21/01/2009 12:52:15] /a 10
[21/01/2009 12:52:16] /a 10
[21/01/2009 12:52:16] /a 10
[21/01/2009 12:52:16] /a 10
[21/01/2009 12:52:16] /a 10
[21/01/2009 12:52:16] /a 10
[21/01/2009 12:52:16] /a 10
[21/01/2009 12:52:16] /a 10
[21/01/2009 12:52:16] /a 10
[21/01/2009 12:52:16] /a 10
[21/01/2009 12:52:16] /a 10
[21/01/2009 12:52:16] /a 10
[21/01/2009 12:52:16] /a 10
[21/01/2009 12:52:16] /a 10
[21/01/2009 12:52:16] /a 10
[21/01/2009 12:52:16] /a 10
[21/01/2009 12:52:16] /a 10
[21/01/2009 12:52:16] /a 10
[21/01/2009 12:52:16] /a 10
[21/01/2009 12:52:16] /a 10
[21/01/2009 12:52:16] /a 10
[21/01/2009 12:52:16] /a 10
[21/01/2009 12:52:16] /a 10
[21/01/2009 12:52:16] /a 10
[21/01/2009 12:52:16] /a 10
[21/01/2009 12:52:17] /a 10
[21/01/2009 12:52:17] /a 10
[21/01/2009 12:52:20] /a 10
[21/01/2009 12:52:20] /a 10
[21/01/2009 12:52:21] /a 10
[21/01/2009 12:52:22] /a 10
[21/01/2009 12:52:23] /a 10
[21/01/2009 12:52:23] /a 10
[21/01/2009 12:52:23] /a 10
[21/01/2009 12:52:23] /a 10
[21/01/2009 12:52:23] /a 10
[21/01/2009 12:52:23] /a 10
[21/01/2009 12:52:23] /a 10
[21/01/2009 12:52:23] /a 10
[21/01/2009 12:52:23] /a 10
[21/01/2009 12:52:23] /a 10
[21/01/2009 12:52:23] /a 10
[21/01/2009 12:52:23] /a 10
[21/01/2009 12:52:23] /a 10
[21/01/2009 12:52:23] /a 10
[21/01/2009 12:52:23] /a 10
[21/01/2009 12:52:23] /a 10
[21/01/2009 12:52:23] /a 10
[21/01/2009 12:52:23] /a 10
[21/01/2009 12:52:23] /a 10
[21/01/2009 12:52:23] /a 10
[21/01/2009 12:52:23] /a 10
[21/01/2009 12:52:23] /a 10
[21/01/2009 12:52:23] /a 10
[21/01/2009 12:52:24] /a 10
[21/01/2009 12:52:24] /a 10
[21/01/2009 12:52:24] /a 10
[21/01/2009 12:52:24] /a 10
[21/01/2009 12:52:24] /a 10
[21/01/2009 12:52:24] /a 10
[21/01/2009 12:52:24] /a 10
[21/01/2009 12:52:24] /a 10
[21/01/2009 12:52:24] /a 10
[21/01/2009 12:52:24] /a 10
[21/01/2009 12:52:24] /a 10
[21/01/2009 12:52:24] /a 10
[21/01/2009 12:52:24] /a 10
[21/01/2009 12:52:24] /a 10
[21/01/2009 12:52:24] /a 10
[21/01/2009 12:52:24] /a 10
[21/01/2009 12:52:24] /a 10
[21/01/2009 12:52:24] /a 10
[21/01/2009 12:52:24] /a 10
[21/01/2009 12:52:24] /a 10
[21/01/2009 12:52:24] /a 10
[21/01/2009 12:52:24] /a 10
[21/01/2009 12:52:24] /a 10
[21/01/2009 12:52:24] /a 10
[21/01/2009 12:52:24] /a 10
[21/01/2009 12:52:24] /a 10
[21/01/2009 12:52:24] /a 10
[21/01/2009 12:52:25] /a 10
[21/01/2009 12:52:25] /a 10
[21/01/2009 12:52:25] /a 10
[21/01/2009 12:52:25] /a 10
[21/01/2009 12:52:25] /a 10
[21/01/2009 12:52:25] /a 10
[21/01/2009 12:52:25] /a 10
[21/01/2009 12:52:25] /a 10
[21/01/2009 12:52:25] /a 10
[21/01/2009 12:52:25] /a 10
[21/01/2009 12:52:26] /a 10
[21/01/2009 12:52:27] /a 10
[21/01/2009 12:52:27] /a 10
[21/01/2009 12:52:27] /a 10
[21/01/2009 12:52:27] /a 10
[21/01/2009 12:52:27] /a 10
[21/01/2009 12:52:27] /a 10
[21/01/2009 12:52:27] /a 10
[21/01/2009 12:52:27] /a 10
[21/01/2009 12:52:27] /a 10
[21/01/2009 12:52:27] /a 10
[21/01/2009 12:52:27] /a 10
[21/01/2009 12:52:27] /a 10
[21/01/2009 12:52:27] /a 10
[21/01/2009 12:52:27] /a 10
[21/01/2009 12:52:27] /a 10
[21/01/2009 12:52:27] /a 10
[21/01/2009 12:52:27] /a 10
[21/01/2009 12:52:27] /a 10
[21/01/2009 12:52:27] /a 10
[21/01/2009 12:52:27] /a 10
[21/01/2009 12:52:27] /a 10
[21/01/2009 12:52:27] /a 10
[21/01/2009 12:52:27] /a 10
[21/01/2009 12:52:28] /a 10
[21/01/2009 12:52:28] /a 10
[21/01/2009 12:52:28] /a 10
[21/01/2009 12:52:28] /a 10
[21/01/2009 12:52:28] /a 10
[21/01/2009 12:52:28] /a 10
[21/01/2009 12:52:28] /a 10
[21/01/2009 12:52:28] /a 10
[21/01/2009 12:52:28] /a 10
[21/01/2009 12:52:28] /a 10
[21/01/2009 12:52:28] /a 10
[21/01/2009 12:52:28] /a 10
[21/01/2009 12:52:28] /a 10
[21/01/2009 12:52:28] /a 10
[21/01/2009 12:52:28] /a 10
[21/01/2009 12:52:28] /a 10
[21/01/2009 12:52:28] /a 10
[21/01/2009 12:52:28] /a 10
[21/01/2009 12:52:28] /a 10
[21/01/2009 12:52:28] /a 10
[21/01/2009 12:52:29] /a 10
[21/01/2009 12:52:29] /a 10
[21/01/2009 12:52:29] /a 10
[21/01/2009 12:52:29] /a 10
[21/01/2009 12:52:29] /a 10
[21/01/2009 12:52:29] /a 10
[21/01/2009 12:52:29] /a 10
[21/01/2009 12:52:29] /a 10
[21/01/2009 12:52:29] /a 10
[21/01/2009 12:52:29] /a 10
[21/01/2009 12:52:29] /a 10
[21/01/2009 12:52:29] /a 10
[21/01/2009 12:52:29] /a 10
[21/01/2009 12:52:29] /a 10
[21/01/2009 12:52:30] /a 10
[21/01/2009 12:52:30] /a 10
[21/01/2009 12:52:31] /a 10
[21/01/2009 12:52:31] /a 10
[21/01/2009 12:52:32] /a 10
[21/01/2009 12:52:32] /a 10
[21/01/2009 12:52:32] /a 10
[21/01/2009 12:52:32] /a 10
[21/01/2009 12:52:32] /a 10
[21/01/2009 12:52:32] /a 10
[21/01/2009 12:52:32] /a 10
[21/01/2009 12:52:32] /a 10
[21/01/2009 12:52:32] /a 10
[21/01/2009 12:52:32] /a 10
[21/01/2009 12:52:32] /a 10
[21/01/2009 12:52:32] /a 10
[21/01/2009 12:52:32] /a 10
[21/01/2009 12:52:32] /a 10
[21/01/2009 12:52:33] /a 10
[21/01/2009 12:52:33] /a 10
[21/01/2009 12:52:33] /a 10
[21/01/2009 12:52:33] /a 10
[21/01/2009 12:52:33] /a 10
[21/01/2009 12:52:33] /a 10
[21/01/2009 12:52:33] /a 10
[21/01/2009 12:52:33] /a 10
[21/01/2009 12:52:33] /a 10
[21/01/2009 12:52:33] /a 10
[21/01/2009 12:52:33] /a 10
[21/01/2009 12:52:33] /a 10
[21/01/2009 12:52:33] /a 10
[21/01/2009 12:52:33] /a 10
[21/01/2009 12:52:33] /a 10
[21/01/2009 12:52:33] /a 10
[21/01/2009 12:52:33] /a 10
[21/01/2009 12:52:33] /a 10
[21/01/2009 12:52:33] /a 10
[21/01/2009 12:52:33] /a 10
[21/01/2009 12:52:33] /a 10
[21/01/2009 12:52:33] /a 10
[21/01/2009 12:52:33] /a 10
[21/01/2009 12:52:33] /a 10
[21/01/2009 12:52:33] /a 10
[21/01/2009 12:52:33] /a 10
[21/01/2009 12:52:33] /a 10
[21/01/2009 12:52:34] /a 10
[21/01/2009 12:52:34] /a 10
[21/01/2009 12:52:34] /a 10
[21/01/2009 12:52:34] /a 10
[21/01/2009 12:52:34] /a 10
[21/01/2009 12:52:34] /a 10
[21/01/2009 12:52:34] /a 10
[21/01/2009 12:52:34] /a 10
[21/01/2009 12:52:34] /a 10
[21/01/2009 12:52:34] /a 10
[21/01/2009 12:52:34] /a 10
[21/01/2009 12:52:34] /a 10
[21/01/2009 12:52:34] /a 10
[21/01/2009 12:52:34] /a 10
[21/01/2009 12:52:34] /a 10
[21/01/2009 12:52:35] /a 10
[21/01/2009 12:52:35] /a 10
[21/01/2009 12:52:36] /a 10
[21/01/2009 12:52:36] /a 10
[21/01/2009 12:52:36] /a 10
[21/01/2009 12:52:36] /a 10
[21/01/2009 12:52:36] /a 10
[21/01/2009 12:52:36] /a 10
[21/01/2009 12:52:36] /a 10
[21/01/2009 12:52:36] /a 10
[21/01/2009 12:52:36] /a 10
[21/01/2009 12:52:36] /a 10
[21/01/2009 12:52:36] /a 10
[21/01/2009 12:52:36] /a 10
[21/01/2009 12:52:36] /a 10
[21/01/2009 12:52:36] /a 10
[21/01/2009 12:52:36] /a 10
[21/01/2009 12:52:36] /a 10
[21/01/2009 12:52:36] /a 10
[21/01/2009 12:52:37] /a 10
[21/01/2009 12:52:37] /a 10
[21/01/2009 12:52:37] /a 10
[21/01/2009 12:52:37] /a 10
[21/01/2009 12:52:37] /a 10
[21/01/2009 12:52:37] /a 10
[21/01/2009 12:52:37] /a 10
[21/01/2009 12:52:37] /a 10
[21/01/2009 12:52:37] /a 10
[21/01/2009 12:52:37] /a 10
[21/01/2009 12:52:37] /a 10
[21/01/2009 12:52:37] /a 10
[21/01/2009 12:52:37] /a 10
[21/01/2009 12:52:37] /a 10
[21/01/2009 12:52:37] /a 10
[21/01/2009 12:52:37] /a 10
[21/01/2009 12:52:37] /a 10
[21/01/2009 12:52:37] /a 10
[21/01/2009 12:52:37] /a 10
[21/01/2009 12:52:37] /a 10
[21/01/2009 12:52:37] /a 10
[21/01/2009 12:52:37] /a 10
[21/01/2009 12:52:37] /a 10
[21/01/2009 12:52:37] /a 10
[21/01/2009 12:52:37] /a 10
[21/01/2009 12:52:38] /a 10
[21/01/2009 12:52:38] /a 10
[21/01/2009 12:52:38] /a 10
[21/01/2009 12:52:38] /a 10
[21/01/2009 12:52:38] /a 10
[21/01/2009 12:52:38] /a 10
[21/01/2009 12:52:38] /a 10
[21/01/2009 12:52:38] /a 10
[21/01/2009 12:52:38] /a 10
[21/01/2009 12:52:38] /a 10
[21/01/2009 12:52:38] /a 10
[21/01/2009 12:52:38] /a 10
[21/01/2009 12:52:38] /a 10
[21/01/2009 12:52:38] /a 10
[21/01/2009 12:52:38] /a 10
[21/01/2009 12:52:38] /a 10
[21/01/2009 12:52:39] /a 10
[21/01/2009 12:52:39] /a 10
[21/01/2009 12:52:40] /a 10
[21/01/2009 12:52:40] /a 10
[21/01/2009 12:52:40] /a 10
[21/01/2009 12:52:40] /a 10
[21/01/2009 12:52:40] /a 10
[21/01/2009 12:52:40] /a 10
[21/01/2009 12:52:40] /a 10
[21/01/2009 12:52:40] /a 10
[21/01/2009 12:52:40] /a 10
[21/01/2009 12:52:40] /a 10
[21/01/2009 12:52:40] /a 10
[21/01/2009 12:52:40] /a 10
[21/01/2009 12:52:40] /a 10
[21/01/2009 12:52:40] /a 10
[21/01/2009 12:52:40] /a 10
[21/01/2009 12:52:40] /a 10
[21/01/2009 12:52:40] /a 10
[21/01/2009 12:52:41] /a 10
[21/01/2009 12:52:41] /a 10
[21/01/2009 12:52:41] /a 10
[21/01/2009 12:52:41] /a 10
[21/01/2009 12:52:41] /a 10
[21/01/2009 12:52:41] /a 10
[21/01/2009 12:52:41] /a 10
[21/01/2009 12:52:41] /a 10
[21/01/2009 12:52:41] /a 10
[21/01/2009 12:52:41] /a 10
[21/01/2009 12:52:41] /a 10
[21/01/2009 12:52:41] /a 10
[21/01/2009 12:52:41] /a 10
[21/01/2009 12:52:41] /a 10
[21/01/2009 12:52:41] /a 10
[21/01/2009 12:52:41] /a 10
[21/01/2009 12:52:41] /a 10
[21/01/2009 12:52:41] /a 10
[21/01/2009 12:52:41] /a 10
[21/01/2009 12:52:41] /a 10
[21/01/2009 12:52:41] /a 10
[21/01/2009 12:52:41] /a 10
[21/01/2009 12:52:42] /a 10
[21/01/2009 12:52:42] /a 10
[21/01/2009 12:52:42] /a 10
[21/01/2009 12:52:42] /a 10
[21/01/2009 12:52:42] /a 10
[21/01/2009 12:52:42] /a 10
[21/01/2009 12:52:42] /a 10
[21/01/2009 12:52:42] /a 10
[21/01/2009 12:52:42] /a 10
[21/01/2009 12:52:42] /a 10
[21/01/2009 12:52:42] /a 10
[21/01/2009 12:52:42] /a 10
[21/01/2009 12:52:42] /a 10
[21/01/2009 12:52:42] /a 10
[21/01/2009 12:52:42] /a 10
[21/01/2009 12:52:42] /a 10
[21/01/2009 12:52:42] /a 10
[21/01/2009 12:52:43] /a 10
[21/01/2009 12:52:43] /a 10
[21/01/2009 12:52:44] /a 10
[21/01/2009 12:52:44] /a 10
[21/01/2009 12:52:44] /a 10
[21/01/2009 12:52:44] /a 10
[21/01/2009 12:52:44] /a 10
[21/01/2009 12:52:44] /a 10
[21/01/2009 12:52:44] /a 10
[21/01/2009 12:52:44] /a 10
[21/01/2009 12:52:44] /a 10
[21/01/2009 12:52:44] /a 10
[21/01/2009 12:52:44] /a 10
[21/01/2009 12:52:44] /a 10
[21/01/2009 12:52:44] /a 10
[21/01/2009 12:52:44] /a 10
[21/01/2009 12:52:44] /a 10
[21/01/2009 12:52:44] /a 10
[21/01/2009 12:52:44] /a 10
[21/01/2009 12:52:44] /a 10
[21/01/2009 12:52:44] /a 10
[21/01/2009 12:52:44] /a 10
[21/01/2009 12:52:44] /a 10
[21/01/2009 12:52:44] /a 10
[21/01/2009 12:52:45] /a 10
[21/01/2009 12:52:45] /a 10
[21/01/2009 12:52:45] /a 10
[21/01/2009 12:52:45] /a 10
[21/01/2009 12:52:45] /a 10
[21/01/2009 12:52:45] /a 10
[21/01/2009 12:52:45] /a 10
[21/01/2009 12:52:45] /a 10
[21/01/2009 12:52:45] /a 10
[21/01/2009 12:52:45] /a 10
[21/01/2009 12:52:45] /a 10
[21/01/2009 12:52:45] /a 10
[21/01/2009 12:52:45] /a 10
[21/01/2009 12:52:45] /a 10
[21/01/2009 12:52:45] /a 10
[21/01/2009 12:52:45] /a 10
[21/01/2009 12:52:45] /a 10
[21/01/2009 12:52:45] /a 10
[21/01/2009 12:52:45] /a 10
[21/01/2009 12:52:45] /a 10
[21/01/2009 12:52:45] /a 10
[21/01/2009 12:52:45] /a 10
[21/01/2009 12:52:45] /a 10
[21/01/2009 12:52:45] /a 10
[21/01/2009 12:52:45] /a 10
[21/01/2009 12:52:46] /a 10
[21/01/2009 12:52:46] /a 10
[21/01/2009 12:52:46] /a 10
[21/01/2009 12:52:46] /a 10
[21/01/2009 12:52:46] /a 10
[21/01/2009 12:52:46] /a 10
[21/01/2009 12:52:46] /a 10
[21/01/2009 12:52:46] /a 10
[21/01/2009 12:52:46] /a 10
[21/01/2009 12:52:46] /a 10
[21/01/2009 12:52:46] /a 10
[21/01/2009 12:52:46] /a 10
[21/01/2009 12:52:47] /a 10
[21/01/2009 12:52:47] /a 10
[21/01/2009 12:52:48] /a 10
[21/01/2009 12:52:48] /a 10
[21/01/2009 12:52:48] /a 10
[21/01/2009 12:52:48] /a 10
[21/01/2009 12:52:48] /a 10
[21/01/2009 12:52:48] /a 10
[21/01/2009 12:52:48] /a 10
[21/01/2009 12:52:48] /a 10
[21/01/2009 12:52:48] /a 10
[21/01/2009 12:52:48] /a 10
[21/01/2009 12:52:48] /a 10
[21/01/2009 12:52:48] /a 10
[21/01/2009 12:52:48] /a 10
[21/01/2009 12:52:48] /a 10
[21/01/2009 12:52:48] /a 10
[21/01/2009 12:52:48] /a 10
[21/01/2009 12:52:48] /a 10
[21/01/2009 12:52:49] /a 10
[21/01/2009 12:52:49] /a 10
[21/01/2009 12:52:49] /a 10
[21/01/2009 12:52:49] /a 10
[21/01/2009 12:52:49] /a 10
[21/01/2009 12:52:49] /a 10
[21/01/2009 12:52:49] /a 10
[21/01/2009 12:52:49] /a 10
[21/01/2009 12:52:49] /a 10
[21/01/2009 12:52:49] /a 10
[21/01/2009 12:52:49] /a 10
[21/01/2009 12:52:49] /a 10
[21/01/2009 12:52:49] /a 10
[21/01/2009 12:52:49] /a 10
[21/01/2009 12:52:49] /a 10
[21/01/2009 12:52:49] /a 10
[21/01/2009 12:52:49] /a 10
[21/01/2009 12:52:49] /a 10
[21/01/2009 12:52:49] /a 10
[21/01/2009 12:52:49] /a 10
[21/01/2009 12:52:49] /a 10
[21/01/2009 12:52:49] /a 10
[21/01/2009 12:52:49] /a 10
[21/01/2009 12:52:49] /a 10
[21/01/2009 12:52:49] /a 10
[21/01/2009 12:52:49] /a 10
[21/01/2009 12:52:50] /a 10
[21/01/2009 12:52:50] /a 10
[21/01/2009 12:52:50] /a 10
[21/01/2009 12:52:50] /a 10
[21/01/2009 12:52:50] /a 10
[21/01/2009 12:52:50] /a 10
[21/01/2009 12:52:50] /a 10
[21/01/2009 12:52:50] /a 10
[21/01/2009 12:52:50] /a 10
[21/01/2009 12:52:50] /a 10
[21/01/2009 12:52:50] /a 10
[21/01/2009 12:52:50] /a 10
[21/01/2009 12:52:50] /a 10
[21/01/2009 12:52:51] /a 10
[21/01/2009 12:52:51] /a 10
[21/01/2009 12:52:52] /a 10
[21/01/2009 12:52:52] /a 10
[21/01/2009 12:52:52] /a 10
[21/01/2009 12:52:52] /a 10
[21/01/2009 12:52:52] /a 10
[21/01/2009 12:52:52] /a 10
[21/01/2009 12:52:52] /a 10
[21/01/2009 12:52:52] /a 10
[21/01/2009 12:52:52] /a 10
[21/01/2009 12:52:52] /a 10
[21/01/2009 12:52:52] /a 10
[21/01/2009 12:52:52] /a 10
[21/01/2009 12:52:52] /a 10
[21/01/2009 12:52:52] /a 10
[21/01/2009 12:52:52] /a 10
[21/01/2009 12:52:52] /a 10
[21/01/2009 12:52:52] /a 10
[21/01/2009 12:52:52] /a 10
[21/01/2009 12:52:52] /a 10
[21/01/2009 12:52:53] /a 10
[21/01/2009 12:52:53] /a 10
[21/01/2009 12:52:53] /a 10
[21/01/2009 12:52:53] /a 10
[21/01/2009 12:52:53] /a 10
[21/01/2009 12:52:53] /a 10
[21/01/2009 12:52:53] /a 10
[21/01/2009 12:52:53] /a 10
[21/01/2009 12:52:53] /a 10
[21/01/2009 12:52:53] /a 10
[21/01/2009 12:52:53] /a 10
[21/01/2009 12:52:53] /a 10
[21/01/2009 12:52:53] /a 10
[21/01/2009 12:52:53] /a 10
[21/01/2009 12:52:53] /a 10
[21/01/2009 12:52:53] /a 10
[21/01/2009 12:52:53] /a 10
[21/01/2009 12:52:53] /a 10
[21/01/2009 12:52:53] /a 10
[21/01/2009 12:52:53] /a 10
[21/01/2009 12:52:53] /a 10
[21/01/2009 12:52:53] /a 10
[21/01/2009 12:52:53] /a 10
[21/01/2009 12:52:55] /a 10
[21/01/2009 12:52:56] /a 10
[21/01/2009 12:52:56] /a 10
[21/01/2009 12:52:56] /a 10
[21/01/2009 12:52:56] /a 10
[21/01/2009 12:52:56] /a 10
[21/01/2009 12:52:56] /a 10
[21/01/2009 12:52:56] /a 10
[21/01/2009 12:52:56] /a 10
[21/01/2009 12:52:56] /a 10
[21/01/2009 12:52:56] /a 10
[21/01/2009 12:52:56] /a 10
[21/01/2009 12:52:56] /a 10
[21/01/2009 12:52:56] /a 10
[21/01/2009 12:52:56] /a 10
[21/01/2009 12:52:56] /a 10
[21/01/2009 12:52:56] /a 10
[21/01/2009 12:52:56] /a 10
[21/01/2009 12:52:57] /a 10
[21/01/2009 12:52:57] /a 10
[21/01/2009 12:52:57] /a 10
[21/01/2009 12:52:57] /a 10
[21/01/2009 12:52:57] /a 10
[21/01/2009 12:52:57] /a 10
[21/01/2009 12:52:57] /a 10
[21/01/2009 12:52:57] /a 10
[21/01/2009 12:52:57] /a 10
[21/01/2009 12:52:57] /a 10
[21/01/2009 12:52:57] /a 10
[21/01/2009 12:52:57] /a 10
[21/01/2009 12:52:57] /a 10
[21/01/2009 12:52:57] /a 10
[21/01/2009 12:52:57] /a 10
[21/01/2009 12:52:57] /a 10
[21/01/2009 12:52:57] /a 10
[21/01/2009 12:52:57] /a 10
[21/01/2009 12:52:57] /a 10
[21/01/2009 12:52:57] /a 10
[21/01/2009 12:52:57] /a 10
[21/01/2009 12:52:57] /a 10
[21/01/2009 12:52:57] /a 10
[21/01/2009 12:52:57] /a 10
[21/01/2009 12:52:57] /a 10
[21/01/2009 12:52:57] /a 10
[21/01/2009 12:52:57] /a 10
[21/01/2009 12:52:58] /a 10
[21/01/2009 12:52:58] /a 10
[21/01/2009 12:52:58] /a 10
[21/01/2009 12:52:58] /a 10
[21/01/2009 12:52:58] /a 10
[21/01/2009 12:52:58] /a 10
[21/01/2009 12:52:58] /a 10
[21/01/2009 12:52:58] /a 10
[21/01/2009 12:52:58] /a 10
[21/01/2009 12:52:58] /a 10
[21/01/2009 12:52:58] /a 10
[21/01/2009 12:52:58] /a 10
[21/01/2009 12:52:58] /a 10
[21/01/2009 12:52:58] /a 10
[21/01/2009 12:52:58] /a 10
[21/01/2009 12:52:59] /a 10
[21/01/2009 12:53:00] /a 10
[21/01/2009 12:53:00] /a 10
[21/01/2009 12:53:00] /a 10
[21/01/2009 12:53:00] /a 10
[21/01/2009 12:53:00] /a 10
[21/01/2009 12:53:00] /a 10
[21/01/2009 12:53:00] /a 10
[21/01/2009 12:53:00] /a 10
[21/01/2009 12:53:00] /a 10
[21/01/2009 12:53:00] /a 10
[21/01/2009 12:53:00] /a 10
[21/01/2009 12:53:00] /a 10
[21/01/2009 12:53:00] /a 10
[21/01/2009 12:53:00] /a 10
[21/01/2009 12:53:00] /a 10
[21/01/2009 12:53:00] /a 10
[21/01/2009 12:53:00] /a 10
[21/01/2009 12:53:00] /a 10
[21/01/2009 12:53:00] /a 10
[21/01/2009 12:53:00] /a 10
[21/01/2009 12:53:00] /a 10
[21/01/2009 12:53:00] /a 10
[21/01/2009 12:53:00] /a 10
[21/01/2009 12:53:00] /a 10
[21/01/2009 12:53:00] /a 10
[21/01/2009 12:53:00] /a 10
[21/01/2009 12:53:00] /a 10
[21/01/2009 12:53:00] /a 10
[21/01/2009 12:53:01] /a 10
[21/01/2009 12:53:01] /a 10
[21/01/2009 12:53:01] /a 10
[21/01/2009 12:53:01] /a 10
[21/01/2009 12:53:01] /a 10
[21/01/2009 12:53:01] /a 10
[21/01/2009 12:53:01] /a 10
[21/01/2009 12:53:01] /a 10
[21/01/2009 12:53:01] /a 10
[21/01/2009 12:53:01] /a 10
[21/01/2009 12:53:01] /a 10
[21/01/2009 12:53:01] /a 10
[21/01/2009 12:53:01] /a 10
[21/01/2009 12:53:01] /a 10
[21/01/2009 12:53:01] /a 10
[21/01/2009 12:53:01] /a 10
[21/01/2009 12:53:01] /a 10
[21/01/2009 12:53:01] /a 10
[21/01/2009 12:53:01] /a 10
[21/01/2009 12:53:01] /a 10
[21/01/2009 12:53:01] /a 10
[21/01/2009 12:53:01] /a 10
[21/01/2009 12:53:01] /a 10
[21/01/2009 12:53:01] /a 10
[21/01/2009 12:53:01] /a 10
[21/01/2009 12:53:01] /a 10
[21/01/2009 12:53:01] /a 10
[21/01/2009 12:53:02] /a 10
[21/01/2009 12:53:02] /a 10
[21/01/2009 12:53:02] /a 10
[21/01/2009 12:53:02] /a 10
[21/01/2009 12:53:02] /a 10
[21/01/2009 12:53:03] /a 10
[21/01/2009 12:53:03] /a 10
[21/01/2009 12:53:03] /a 10
[21/01/2009 12:53:03] /a 10
[21/01/2009 12:53:03] /a 10
[21/01/2009 12:53:03] /a 10
[21/01/2009 12:53:03] /a 10
[21/01/2009 12:53:03] /a 10
[21/01/2009 12:53:03] /a 10
[21/01/2009 12:53:04] /a 10
[21/01/2009 12:53:04] /a 10
[21/01/2009 12:53:04] /a 10
[21/01/2009 12:53:04] /a 10
[21/01/2009 12:53:04] /a 10
[21/01/2009 12:53:04] /a 10
[21/01/2009 12:53:04] /a 10
[21/01/2009 12:53:04] /a 10
[21/01/2009 12:53:04] /a 10
[21/01/2009 12:53:04] /a 10
[21/01/2009 12:53:04] /a 10
[21/01/2009 12:53:04] /a 10
[21/01/2009 12:53:04] /a 10
[21/01/2009 12:53:04] /a 10
[21/01/2009 12:53:04] /a 10
[21/01/2009 12:53:04] /a 10
[21/01/2009 12:53:04] /a 10
[21/01/2009 12:53:04] /a 10
[21/01/2009 12:53:04] /a 10
[21/01/2009 12:53:04] /a 10
[21/01/2009 12:53:04] /a 10
[21/01/2009 12:53:04] /a 10
[21/01/2009 12:53:04] /a 10
[21/01/2009 12:53:04] /a 10
[21/01/2009 12:53:04] /a 10
[21/01/2009 12:53:04] /a 10
[21/01/2009 12:53:05] /a 10
[21/01/2009 12:53:05] /a 10
[21/01/2009 12:53:05] /a 10
[21/01/2009 12:53:05] /a 10
[21/01/2009 12:53:05] /a 10
[21/01/2009 12:53:05] /a 10
[21/01/2009 12:53:05] /a 10
[21/01/2009 12:53:05] /a 10
[21/01/2009 12:53:05] /a 10
[21/01/2009 12:53:05] /a 10
[21/01/2009 12:53:05] /a 10
[21/01/2009 12:53:05] /a 10
[21/01/2009 12:53:05] /a 10
[21/01/2009 12:53:05] /a 10
[21/01/2009 12:53:05] /a 10
[21/01/2009 12:53:05] /a 10
[21/01/2009 12:53:05] /a 10
[21/01/2009 12:53:05] /a 10
[21/01/2009 12:53:05] /a 10
[21/01/2009 12:53:05] /a 10
[21/01/2009 12:53:05] /a 10
[21/01/2009 12:53:06] /a 10
[21/01/2009 12:53:06] /a 10
[21/01/2009 12:53:07] /a 10
[21/01/2009 12:53:07] /a 10
[21/01/2009 12:53:07] /a 10
[21/01/2009 12:53:07] /a 10
[21/01/2009 12:53:07] /a 10
[21/01/2009 12:53:07] /a 10
[21/01/2009 12:53:07] /a 10
[21/01/2009 12:53:07] /a 10
[21/01/2009 12:53:07] /a 10
[21/01/2009 12:53:07] /a 10
[21/01/2009 12:53:07] /a 10
[21/01/2009 12:53:07] /a 10
[21/01/2009 12:53:07] /a 10
[21/01/2009 12:53:07] /a 10
[21/01/2009 12:53:07] /a 10
[21/01/2009 12:53:07] /a 10
[21/01/2009 12:53:07] /a 10
[21/01/2009 12:53:07] /a 10
[21/01/2009 12:53:07] /a 10
[21/01/2009 12:53:07] /a 10
[21/01/2009 12:53:07] /a 10
[21/01/2009 12:53:08] /a 10
[21/01/2009 12:53:08] /a 10
[21/01/2009 12:53:08] /a 10
[21/01/2009 12:53:08] /a 10
[21/01/2009 12:53:08] /a 10
[21/01/2009 12:53:08] /a 10
[21/01/2009 12:53:08] /a 10
[21/01/2009 12:53:08] /a 10
[21/01/2009 12:53:08] /a 10
[21/01/2009 12:53:08] /a 10
[21/01/2009 12:53:08] /a 10
[21/01/2009 12:53:08] /a 10
[21/01/2009 12:53:08] /a 10
[21/01/2009 12:53:08] /a 10
[21/01/2009 12:53:08] /a 10
[21/01/2009 12:53:08] /a 10
[21/01/2009 12:53:08] /a 10
[21/01/2009 12:53:08] /a 10
[21/01/2009 12:53:08] /a 10
[21/01/2009 12:53:08] /a 10
[21/01/2009 12:53:08] /a 10
[21/01/2009 12:53:08] /a 10
[21/01/2009 12:53:08] /a 10
[21/01/2009 12:53:08] /a 10
[21/01/2009 12:53:08] /a 10
[21/01/2009 12:53:08] /a 10
[21/01/2009 12:53:08] /a 10
[21/01/2009 12:53:09] /a 10
[21/01/2009 12:53:09] /a 10
[21/01/2009 12:53:09] /a 10
[21/01/2009 12:53:09] /a 10
[21/01/2009 12:53:09] /a 10
[21/01/2009 12:53:09] /a 10
[21/01/2009 12:53:09] /a 10
[21/01/2009 12:53:09] /a 10
[21/01/2009 12:53:09] /a 10
[21/01/2009 12:53:09] /a 10
[21/01/2009 12:53:10] /a 10
[21/01/2009 12:53:10] /a 10
[21/01/2009 12:53:10] /a 10
[21/01/2009 12:53:10] /a 10
[21/01/2009 12:53:10] /a 10
[21/01/2009 12:53:10] /a 10
[21/01/2009 12:53:11] /a 10
[21/01/2009 12:53:11] /a 10
[21/01/2009 12:53:11] /a 10
[21/01/2009 12:53:11] /a 10
[21/01/2009 12:53:11] /a 10
[21/01/2009 12:53:11] /a 10
[21/01/2009 12:53:11] /a 10
[21/01/2009 12:53:11] /a 10
[21/01/2009 12:53:11] /a 10
[21/01/2009 12:53:11] /a 10
[21/01/2009 12:53:11] /a 10
[21/01/2009 12:53:11] /a 10
[21/01/2009 12:53:11] /a 10
[21/01/2009 12:53:11] /a 10
[21/01/2009 12:53:11] /a 10
[21/01/2009 12:53:11] /a 10
[21/01/2009 12:53:11] /a 10
[21/01/2009 12:53:11] /a 10
[21/01/2009 12:53:11] /a 10
[21/01/2009 12:53:11] /a 10
[21/01/2009 12:53:11] /a 10
[21/01/2009 12:53:11] /a 10
[21/01/2009 12:53:11] /a 10
[21/01/2009 12:53:11] /a 10
[21/01/2009 12:53:11] /a 10
[21/01/2009 12:53:11] /a 10
[21/01/2009 12:53:11] /a 10
[21/01/2009 12:53:11] /a 10
[21/01/2009 12:53:12] /a 10
[21/01/2009 12:53:12] /a 10
[21/01/2009 12:53:12] /a 10
[21/01/2009 12:53:12] /a 10
[21/01/2009 12:53:12] /a 10
[21/01/2009 12:53:12] /a 10
[21/01/2009 12:53:12] /a 10
[21/01/2009 12:53:12] /a 10
[21/01/2009 12:53:12] /a 10
[21/01/2009 12:53:12] /a 10
[21/01/2009 12:53:12] /a 10
[21/01/2009 12:53:12] /a 10
[21/01/2009 12:53:12] /a 10
[21/01/2009 12:53:12] /a 10
[21/01/2009 12:53:12] /a 10
[21/01/2009 12:53:12] /a 10
[21/01/2009 12:53:12] /a 10
[21/01/2009 12:53:12] /a 10
[21/01/2009 12:53:12] /a 10
[21/01/2009 12:53:12] /a 10
[21/01/2009 12:53:12] /a 10
[21/01/2009 12:53:12] /a 10
[21/01/2009 12:53:12] /a 10
[21/01/2009 12:53:12] /a 10
[21/01/2009 12:53:13] /a 10
[21/01/2009 12:53:13] /a 10
[21/01/2009 12:53:14] /a 10
[21/01/2009 12:53:14] /a 10
[21/01/2009 12:53:14] /a 10
[21/01/2009 12:53:14] /a 10
[21/01/2009 12:53:14] /a 10
[21/01/2009 12:53:14] /a 10
[21/01/2009 12:53:14] /a 10
[21/01/2009 12:53:14] /a 10
[21/01/2009 12:53:14] /a 10
[21/01/2009 12:53:14] /a 10
[21/01/2009 12:53:14] /a 10
[21/01/2009 12:53:14] /a 10
[21/01/2009 12:53:14] /a 10
[21/01/2009 12:53:14] /a 10
[21/01/2009 12:53:14] /a 10
[21/01/2009 12:53:14] /a 10
[21/01/2009 12:53:14] /a 10
[21/01/2009 12:53:14] /a 10
[21/01/2009 12:53:14] /a 10
[21/01/2009 12:53:15] /a 10
[21/01/2009 12:53:15] /a 10
[21/01/2009 12:53:15] /a 10
[21/01/2009 12:53:15] /a 10
[21/01/2009 12:53:15] /a 10
[21/01/2009 12:53:15] /a 10
[21/01/2009 12:53:15] /a 10
[21/01/2009 12:53:15] /a 10
[21/01/2009 12:53:15] /a 10
[21/01/2009 12:53:15] /a 10
[21/01/2009 12:53:15] /a 10
[21/01/2009 12:53:15] /a 10
[21/01/2009 12:53:15] /a 10
[21/01/2009 12:53:15] /a 10
[21/01/2009 12:53:15] /a 10
[21/01/2009 12:53:15] /a 10
[21/01/2009 12:53:15] /a 10
[21/01/2009 12:53:15] /a 10
[21/01/2009 12:53:15] /a 10
[21/01/2009 12:53:15] /a 10
[21/01/2009 12:53:15] /a 10
[21/01/2009 12:53:15] /a 10
[21/01/2009 12:53:15] /a 10
[21/01/2009 12:53:15] /a 10
[21/01/2009 12:53:15] /a 10
[21/01/2009 12:53:15] /a 10
[21/01/2009 12:53:15] /a 10
[21/01/2009 12:53:15] /a 10
[21/01/2009 12:53:15] /a 10
[21/01/2009 12:53:16] /a 10
[21/01/2009 12:53:16] /a 10
[21/01/2009 12:53:16] /a 10
[21/01/2009 12:53:16] /a 10
[21/01/2009 12:53:16] /a 10
[21/01/2009 12:53:16] /a 10
[21/01/2009 12:53:16] /a 10
[21/01/2009 12:53:16] /a 10
[21/01/2009 12:53:16] /a 10
[21/01/2009 12:53:16] /a 10
[21/01/2009 12:53:17] /a 10
[21/01/2009 12:53:17] /a 10
[21/01/2009 12:53:17] /a 10
[21/01/2009 12:53:17] /a 10
[21/01/2009 12:53:17] /a 10
[21/01/2009 12:53:18] /a 10
[21/01/2009 12:53:18] /a 10
[21/01/2009 12:53:18] /a 10
[21/01/2009 12:53:18] /a 10
[21/01/2009 12:53:18] /a 10
[21/01/2009 12:53:18] /a 10
[21/01/2009 12:53:18] /a 10
[21/01/2009 12:53:18] /a 10
[21/01/2009 12:53:18] /a 10
[21/01/2009 12:53:18] /a 10
[21/01/2009 12:53:18] /a 10
[21/01/2009 12:53:18] /a 10
[21/01/2009 12:53:18] /a 10
[21/01/2009 12:53:18] /a 10
[21/01/2009 12:53:18] /a 10
[21/01/2009 12:53:18] /a 10
[21/01/2009 12:53:18] /a 10
[21/01/2009 12:53:18] /a 10
[21/01/2009 12:53:18] /a 10
[21/01/2009 12:53:18] /a 10
[21/01/2009 12:53:18] /a 10
[21/01/2009 12:53:18] /a 10
[21/01/2009 12:53:18] /a 10
[21/01/2009 12:53:18] /a 10
[21/01/2009 12:53:18] /a 10
[21/01/2009 12:53:18] /a 10
[21/01/2009 12:53:18] /a 10
[21/01/2009 12:53:18] /a 10
[21/01/2009 12:53:19] /a 10
[21/01/2009 12:53:19] /a 10
[21/01/2009 12:53:19] /a 10
[21/01/2009 12:53:19] /a 10
[21/01/2009 12:53:19] /a 10
[21/01/2009 12:53:19] /a 10
[21/01/2009 12:53:19] /a 10
[21/01/2009 12:53:19] /a 10
[21/01/2009 12:53:19] /a 10
[21/01/2009 12:53:19] /a 10
[21/01/2009 12:53:19] /a 10
[21/01/2009 12:53:19] /a 10
[21/01/2009 12:53:19] /a 10
[21/01/2009 12:53:19] /a 10
[21/01/2009 12:53:19] /a 10
[21/01/2009 12:53:19] /a 10
[21/01/2009 12:53:19] /a 10
[21/01/2009 12:53:19] /a 10
[21/01/2009 12:53:19] /a 10
[21/01/2009 12:53:19] /a 10
[21/01/2009 12:53:19] /a 10
[21/01/2009 12:53:19] /a 10
[21/01/2009 12:53:19] /a 10
[21/01/2009 12:53:20] /a 10
[21/01/2009 12:53:21] /a 10
[21/01/2009 12:53:21] /a 10
[21/01/2009 12:53:21] /a 10
[21/01/2009 12:53:21] /a 10
[21/01/2009 12:53:21] /a 10
[21/01/2009 12:53:21] /a 10
[21/01/2009 12:53:21] /a 10
[21/01/2009 12:53:21] /a 10
[21/01/2009 12:53:21] /a 10
[21/01/2009 12:53:21] /a 10
[21/01/2009 12:53:21] /a 10
[21/01/2009 12:53:21] /a 10
[21/01/2009 12:53:21] /a 10
[21/01/2009 12:53:22] /a 10
[21/01/2009 12:53:22] /a 10
[21/01/2009 12:53:22] /a 10
[21/01/2009 12:53:22] /a 10
[21/01/2009 12:53:22] /a 10
[21/01/2009 12:53:22] /a 10
[21/01/2009 12:53:22] /a 10
[21/01/2009 12:53:22] /a 10
[21/01/2009 12:53:22] /a 10
[21/01/2009 12:53:22] /a 10
[21/01/2009 12:53:22] /a 10
[21/01/2009 12:53:22] /a 10
[21/01/2009 12:53:22] /a 10
[21/01/2009 12:53:22] /a 10
[21/01/2009 12:53:22] /a 10
[21/01/2009 12:53:22] /a 10
[21/01/2009 12:53:22] /a 10
[21/01/2009 12:53:22] /a 10
[21/01/2009 12:53:22] /a 10
[21/01/2009 12:53:22] /a 10
[21/01/2009 12:53:22] /a 10
[21/01/2009 12:53:22] /a 10
[21/01/2009 12:53:22] /a 10
[21/01/2009 12:53:22] /a 10
[21/01/2009 12:53:22] /a 10
[21/01/2009 12:53:22] /a 10
[21/01/2009 12:53:22] /a 10
[21/01/2009 12:53:22] /a 10
[21/01/2009 12:53:23] /a 10
[21/01/2009 12:53:23] /a 10
[21/01/2009 12:53:23] /a 10
[21/01/2009 12:53:23] /a 10
[21/01/2009 12:53:23] /a 10
[21/01/2009 12:53:23] /a 10
[21/01/2009 12:53:23] /a 10
[21/01/2009 12:53:23] /a 10
[21/01/2009 12:53:23] /a 10
[21/01/2009 12:53:23] /a 10
[21/01/2009 12:53:23] /a 10
[21/01/2009 12:53:23] /a 10
[21/01/2009 12:53:23] /a 10
[21/01/2009 12:53:23] /a 10
[21/01/2009 12:53:23] /a 10
[21/01/2009 12:53:23] /a 10
[21/01/2009 12:53:23] /a 10
[21/01/2009 12:53:24] /a 10
[21/01/2009 12:53:24] /a 10
[21/01/2009 12:53:25] /a 10
[21/01/2009 12:53:25] /a 10
[21/01/2009 12:53:25] /a 10
[21/01/2009 12:53:25] /a 10
[21/01/2009 12:53:25] /a 10
[21/01/2009 12:53:25] /a 10
[21/01/2009 12:53:25] /a 10
[21/01/2009 12:53:25] /a 10
[21/01/2009 12:53:25] /a 10
[21/01/2009 12:53:25] /a 10
[21/01/2009 12:53:25] /a 10
[21/01/2009 12:53:25] /a 10
[21/01/2009 12:53:25] /a 10
[21/01/2009 12:53:25] /a 10
[21/01/2009 12:53:25] /a 10
[21/01/2009 12:53:25] /a 10
[21/01/2009 12:53:25] /a 10
[21/01/2009 12:53:25] /a 10
[21/01/2009 12:53:25] /a 10
[21/01/2009 12:53:25] /a 10
[21/01/2009 12:53:25] /a 10
[21/01/2009 12:53:25] /a 10
[21/01/2009 12:53:25] /a 10
[21/01/2009 12:53:25] /a 10
[21/01/2009 12:53:25] /a 10
[21/01/2009 12:53:26] /a 10
[21/01/2009 12:53:26] /a 10
[21/01/2009 12:53:26] /a 10
[21/01/2009 12:53:26] /a 10
[21/01/2009 12:53:26] /a 10
[21/01/2009 12:53:26] /a 10
[21/01/2009 12:53:26] /a 10
[21/01/2009 12:53:26] /a 10
[21/01/2009 12:53:26] /a 10
[21/01/2009 12:53:26] /a 10
[21/01/2009 12:53:26] /a 10
[21/01/2009 12:53:26] /a 10
[21/01/2009 12:53:26] /a 10
[21/01/2009 12:53:26] /a 10
[21/01/2009 12:53:26] /a 10
[21/01/2009 12:53:26] /a 10
[21/01/2009 12:53:26] /a 10
[21/01/2009 12:53:26] /a 10
[21/01/2009 12:53:26] /a 10
[21/01/2009 12:53:26] /a 10
[21/01/2009 12:53:26] /a 10
[21/01/2009 12:53:26] /a 10
[21/01/2009 12:53:26] /a 10
[21/01/2009 12:53:26] /a 10
[21/01/2009 12:53:26] /a 10
[21/01/2009 12:53:26] /a 10
[21/01/2009 12:53:26] /a 10
[21/01/2009 12:53:26] /a 10
[21/01/2009 12:53:27] /a 10
[21/01/2009 12:53:27] /a 10
[21/01/2009 12:53:27] /a 10
[21/01/2009 12:53:27] /a 10
[21/01/2009 12:53:28] /a 10
[21/01/2009 12:53:28] /a 10
[21/01/2009 12:53:28] /a 10
[21/01/2009 12:53:28] /a 10
[21/01/2009 12:53:28] /a 10
[21/01/2009 12:53:28] /a 10
[21/01/2009 12:53:28] /a 10
[21/01/2009 12:53:28] /a 10
[21/01/2009 12:53:28] /a 10
[21/01/2009 12:53:28] /a 10
[21/01/2009 12:53:28] /a 10
[21/01/2009 12:53:28] /a 10
[21/01/2009 12:53:29] /a 10
[21/01/2009 12:53:29] /a 10
[21/01/2009 12:53:29] /a 10
[21/01/2009 12:53:29] /a 10
[21/01/2009 12:53:29] /a 10
[21/01/2009 12:53:29] /a 10
[21/01/2009 12:53:29] /a 10
[21/01/2009 12:53:29] /a 10
[21/01/2009 12:53:29] /a 10
[21/01/2009 12:53:29] /a 10
[21/01/2009 12:53:29] /a 10
[21/01/2009 12:53:29] /a 10
[21/01/2009 12:53:29] /a 10
[21/01/2009 12:53:29] /a 10
[21/01/2009 12:53:29] /a 10
[21/01/2009 12:53:29] /a 10
[21/01/2009 12:53:29] /a 10
[21/01/2009 12:53:29] /a 10
[21/01/2009 12:53:29] /a 10
[21/01/2009 12:53:29] /a 10
[21/01/2009 12:53:29] /a 10
[21/01/2009 12:53:29] /a 10
[21/01/2009 12:53:29] /a 10
[21/01/2009 12:53:29] /a 10
[21/01/2009 12:53:29] /a 10
[21/01/2009 12:53:29] /a 10
[21/01/2009 12:53:29] /a 10
[21/01/2009 12:53:29] /a 10
[21/01/2009 12:53:29] /a 10
[21/01/2009 12:53:30] /a 10
[21/01/2009 12:53:30] /a 10
[21/01/2009 12:53:30] /a 10
[21/01/2009 12:53:30] /a 10
[21/01/2009 12:53:30] /a 10
[21/01/2009 12:53:30] /a 10
[21/01/2009 12:53:30] /a 10
[21/01/2009 12:53:30] /a 10
[21/01/2009 12:53:30] /a 10
[21/01/2009 12:53:30] /a 10
[21/01/2009 12:53:30] /a 10
[21/01/2009 12:53:30] /a 10
[21/01/2009 12:53:30] /a 10
[21/01/2009 12:53:30] /a 10
[21/01/2009 12:53:30] /a 10
[21/01/2009 12:53:30] /a 10
[21/01/2009 12:53:31] /a 10
[21/01/2009 12:53:31] /a 10
[21/01/2009 12:53:32] /a 10
[21/01/2009 12:53:32] /a 10
[21/01/2009 12:53:32] /a 10
[21/01/2009 12:53:32] /a 10
[21/01/2009 12:53:32] /a 10
[21/01/2009 12:53:32] /a 10
[21/01/2009 12:53:32] /a 10
[21/01/2009 12:53:32] /a 10
[21/01/2009 12:53:32] /a 10
[21/01/2009 12:53:32] /a 10
[21/01/2009 12:53:32] /a 10
[21/01/2009 12:53:32] /a 10
[21/01/2009 12:53:32] /a 10
[21/01/2009 12:53:32] /a 10
[21/01/2009 12:53:32] /a 10
[21/01/2009 12:53:32] /a 10
[21/01/2009 12:53:32] /a 10
[21/01/2009 12:53:32] /a 10
[21/01/2009 12:53:32] /a 10
[21/01/2009 12:53:32] /a 10
[21/01/2009 12:53:32] /a 10
[21/01/2009 12:53:32] /a 10
[21/01/2009 12:53:32] /a 10
[21/01/2009 12:53:32] /a 10
[21/01/2009 12:53:32] /a 10
[21/01/2009 12:53:32] /a 10
[21/01/2009 12:53:32] /a 10
[21/01/2009 12:53:32] /a 10
[21/01/2009 12:53:33] /a 10
[21/01/2009 12:53:33] /a 10
[21/01/2009 12:53:33] /a 10
[21/01/2009 12:53:33] /a 10
[21/01/2009 12:53:33] /a 10
[21/01/2009 12:53:33] /a 10
[21/01/2009 12:53:33] /a 10
[21/01/2009 12:53:33] /a 10
[21/01/2009 12:53:33] /a 10
[21/01/2009 12:53:33] /a 10
[21/01/2009 12:53:33] /a 10
[21/01/2009 12:53:33] /a 10
[21/01/2009 12:53:33] /a 10
[21/01/2009 12:53:33] /a 10
[21/01/2009 12:53:33] /a 10
[21/01/2009 12:53:33] /a 10
[21/01/2009 12:53:33] /a 10
[21/01/2009 12:53:33] /a 10
[21/01/2009 12:53:33] /a 10
[21/01/2009 12:53:33] /a 10
[21/01/2009 12:53:33] /a 10
[21/01/2009 12:53:33] /a 10
[21/01/2009 12:53:33] /a 10
[21/01/2009 12:53:33] /a 10
[21/01/2009 12:53:33] /a 10
[21/01/2009 12:53:33] /a 10
[21/01/2009 12:53:34] /a 10
[21/01/2009 12:53:35] /a 10
[21/01/2009 12:53:35] /a 10
[21/01/2009 12:53:35] /a 10
[21/01/2009 12:53:35] /a 10
[21/01/2009 12:53:35] /a 10
[21/01/2009 12:53:35] /a 10
[21/01/2009 12:53:35] /a 10
[21/01/2009 12:53:35] /a 10
[21/01/2009 12:53:35] /a 10
[21/01/2009 12:53:36] /a 10
[21/01/2009 12:53:36] /a 10
[21/01/2009 12:53:36] /a 10
[21/01/2009 12:53:36] /a 10
[21/01/2009 12:53:36] /a 10
[21/01/2009 12:53:36] /a 10
[21/01/2009 12:53:36] /a 10
[21/01/2009 12:53:36] /a 10
[21/01/2009 12:53:36] /a 10
[21/01/2009 12:53:36] /a 10
[21/01/2009 12:53:36] /a 10
[21/01/2009 12:53:36] /a 10
[21/01/2009 12:53:36] /a 10
[21/01/2009 12:53:36] /a 10
[21/01/2009 12:53:36] /a 10
[21/01/2009 12:53:36] /a 10
[21/01/2009 12:53:36] /a 10
[21/01/2009 12:53:36] /a 10
[21/01/2009 12:53:36] /a 10
[21/01/2009 12:53:36] /a 10
[21/01/2009 12:53:36] /a 10
[21/01/2009 12:53:36] /a 10
[21/01/2009 12:53:36] /a 10
[21/01/2009 12:53:36] /a 10
[21/01/2009 12:53:36] /a 10
[21/01/2009 12:53:36] /a 10
[21/01/2009 12:53:36] /a 10
[21/01/2009 12:53:37] /a 10
[21/01/2009 12:53:37] /a 10
[21/01/2009 12:53:37] /a 10
[21/01/2009 12:53:37] /a 10
[21/01/2009 12:53:37] /a 10
[21/01/2009 12:53:37] /a 10
[21/01/2009 12:53:37] /a 10
[21/01/2009 12:53:37] /a 10
[21/01/2009 12:53:37] /a 10
[21/01/2009 12:53:37] /a 10
[21/01/2009 12:53:37] /a 10
[21/01/2009 12:53:37] /a 10
[21/01/2009 12:53:37] /a 10
[21/01/2009 12:53:37] /a 10
[21/01/2009 12:53:37] /a 10
[21/01/2009 12:53:37] /a 10
[21/01/2009 12:53:37] /a 10
[21/01/2009 12:53:37] /a 10
[21/01/2009 12:53:37] /a 10
[21/01/2009 12:53:37] /a 10
[21/01/2009 12:53:37] /a 10
[21/01/2009 12:53:38] /a 10
[21/01/2009 12:53:38] /a 10
[21/01/2009 12:53:39] /a 10
[21/01/2009 12:53:39] /a 10
[21/01/2009 12:53:39] /a 10
[21/01/2009 12:53:39] /a 10
[21/01/2009 12:53:39] /a 10
[21/01/2009 12:53:39] /a 10
[21/01/2009 12:53:39] /a 10
[21/01/2009 12:53:39] /a 10
[21/01/2009 12:53:39] /a 10
[21/01/2009 12:53:39] /a 10
[21/01/2009 12:53:39] /a 10
[21/01/2009 12:53:39] /a 10
[21/01/2009 12:53:39] /a 10
[21/01/2009 12:53:39] /a 10
[21/01/2009 12:53:39] /a 10
[21/01/2009 12:53:39] /a 10
[21/01/2009 12:53:39] /a 10
[21/01/2009 12:53:39] /a 10
[21/01/2009 12:53:40] /a 10
[21/01/2009 12:53:40] /a 10
[21/01/2009 12:53:40] /a 10
[21/01/2009 12:53:40] /a 10
[21/01/2009 12:53:40] /a 10
[21/01/2009 12:53:40] /a 10
[21/01/2009 12:53:40] /a 10
[21/01/2009 12:53:40] /a 10
[21/01/2009 12:53:40] /a 10
[21/01/2009 12:53:40] /a 10
[21/01/2009 12:53:40] /a 10
[21/01/2009 12:53:40] /a 10
[21/01/2009 12:53:40] /a 10
[21/01/2009 12:53:40] /a 10
[21/01/2009 12:53:40] /a 10
[21/01/2009 12:53:40] /a 10
[21/01/2009 12:53:40] /a 10
[21/01/2009 12:53:40] /a 10
[21/01/2009 12:53:40] /a 10
[21/01/2009 12:53:40] /a 10
[21/01/2009 12:53:40] /a 10
[21/01/2009 12:53:40] /a 10
[21/01/2009 12:53:40] /a 10
[21/01/2009 12:53:40] /a 10
[21/01/2009 12:53:40] /a 10
[21/01/2009 12:53:40] /a 10
[21/01/2009 12:53:40] /a 10
[21/01/2009 12:53:40] /a 10
[21/01/2009 12:53:41] /a 10
[21/01/2009 12:53:41] /a 10
[21/01/2009 12:53:41] /a 10
[21/01/2009 12:53:41] /a 10
[21/01/2009 12:53:41] /a 10
[21/01/2009 12:53:41] /a 10
[21/01/2009 12:53:41] /a 10
[21/01/2009 12:53:41] /a 10
[21/01/2009 12:53:41] /a 10
[21/01/2009 12:53:41] /a 10
[21/01/2009 12:53:41] /a 10
[21/01/2009 12:53:41] /a 10
[21/01/2009 12:53:41] /a 10
[21/01/2009 12:53:42] /a 10
[21/01/2009 12:53:42] /a 10
[21/01/2009 12:53:43] /a 10
[21/01/2009 12:53:43] /a 10
[21/01/2009 12:53:43] /a 10
[21/01/2009 12:53:43] /a 10
[21/01/2009 12:53:43] /a 10
[21/01/2009 12:53:43] /a 10
[21/01/2009 12:53:43] /a 10
[21/01/2009 12:53:43] /a 10
[21/01/2009 12:53:43] /a 10
[21/01/2009 12:53:43] /a 10
[21/01/2009 12:53:43] /a 10
[21/01/2009 12:53:43] /a 10
[21/01/2009 12:53:43] /a 10
[21/01/2009 12:53:43] /a 10
[21/01/2009 12:53:43] /a 10
[21/01/2009 12:53:43] /a 10
[21/01/2009 12:53:43] /a 10
[21/01/2009 12:53:43] /a 10
[21/01/2009 12:53:43] /a 10
[21/01/2009 12:53:43] /a 10
[21/01/2009 12:53:43] /a 10
[21/01/2009 12:53:43] /a 10
[21/01/2009 12:53:43] /a 10
[21/01/2009 12:53:43] /a 10
[21/01/2009 12:53:44] /a 10
[21/01/2009 12:53:44] /a 10
[21/01/2009 12:53:44] /a 10
[21/01/2009 12:53:44] /a 10
[21/01/2009 12:53:44] /a 10
[21/01/2009 12:53:44] /a 10
[21/01/2009 12:53:44] /a 10
[21/01/2009 12:53:44] /a 10
[21/01/2009 12:53:44] /a 10
[21/01/2009 12:53:44] /a 10
[21/01/2009 12:53:44] /a 10
[21/01/2009 12:53:44] /a 10
[21/01/2009 12:53:44] /a 10
[21/01/2009 12:53:44] /a 10
[21/01/2009 12:53:44] /a 10
[21/01/2009 12:53:44] /a 10
[21/01/2009 12:53:44] /a 10
[21/01/2009 12:53:44] /a 10
[21/01/2009 12:53:44] /a 10
[21/01/2009 12:53:44] /a 10
[21/01/2009 12:53:44] /a 10
[21/01/2009 12:53:44] /a 10
[21/01/2009 12:53:44] /a 10
[21/01/2009 12:53:44] /a 10
[21/01/2009 12:53:44] /a 10
[21/01/2009 12:53:44] /a 10
[21/01/2009 12:53:45] /a 10
[21/01/2009 12:53:45] /a 10
[21/01/2009 12:53:45] /a 10
[21/01/2009 12:53:45] /a 10
[21/01/2009 12:53:45] /a 10
[21/01/2009 12:53:45] /a 10
[21/01/2009 12:53:45] /a 10
[21/01/2009 12:53:45] /a 10
[21/01/2009 12:53:46] /a 10
[21/01/2009 12:53:47] /a 10
[21/01/2009 12:53:47] /a 10
[21/01/2009 12:53:47] /a 10
[21/01/2009 12:53:47] /a 10
[21/01/2009 12:53:47] /a 10
[21/01/2009 12:53:47] /a 10
[21/01/2009 12:53:47] /a 10
[21/01/2009 12:53:47] /a 10
[21/01/2009 12:53:47] /a 10
[21/01/2009 12:53:47] /a 10
[21/01/2009 12:53:47] /a 10
[21/01/2009 12:53:47] /a 10
[21/01/2009 12:53:47] /a 10
[21/01/2009 12:53:48] /a 10
[21/01/2009 12:53:48] /a 10
[21/01/2009 12:53:48] /a 10
[21/01/2009 12:53:48] /a 10
[21/01/2009 12:53:48] /a 10
[21/01/2009 12:53:48] /a 10
[21/01/2009 12:53:48] /a 10
[21/01/2009 12:53:48] /a 10
[21/01/2009 12:53:48] /a 10
[21/01/2009 12:53:48] /a 10
[21/01/2009 12:53:48] /a 10
[21/01/2009 12:53:48] /a 10
[21/01/2009 12:53:48] /a 10
[21/01/2009 12:53:48] /a 10
[21/01/2009 12:53:48] /a 10
[21/01/2009 12:53:48] /a 10
[21/01/2009 12:53:48] /a 10
[21/01/2009 12:53:48] /a 10
[21/01/2009 12:53:48] /a 10
[21/01/2009 12:53:48] /a 10
[21/01/2009 12:53:48] /a 10
[21/01/2009 12:53:48] /a 10
[21/01/2009 12:53:48] /a 10
[21/01/2009 12:53:48] /a 10
[21/01/2009 12:53:48] /a 10
[21/01/2009 12:53:48] /a 10
[21/01/2009 12:53:48] /a 10
[21/01/2009 12:53:49] /a 10
[21/01/2009 12:53:49] /a 10
[21/01/2009 12:53:49] /a 10
[21/01/2009 12:53:49] /a 10
[21/01/2009 12:53:49] /a 10
[21/01/2009 12:53:49] /a 10
[21/01/2009 12:53:49] /a 10
[21/01/2009 12:53:49] /a 10
[21/01/2009 12:53:49] /a 10
[21/01/2009 12:53:49] /a 10
[21/01/2009 12:53:49] /a 10
[21/01/2009 12:53:49] /a 10
[21/01/2009 12:53:49] /a 10
[21/01/2009 12:53:49] /a 10
[21/01/2009 12:53:49] /a 10
[21/01/2009 12:53:49] /a 10
[21/01/2009 12:53:49] /a 10
[21/01/2009 12:53:49] /a 10
[21/01/2009 12:53:49] /a 10
[21/01/2009 12:53:49] /a 10
[21/01/2009 12:53:50] /a 10
[21/01/2009 12:53:50] /a 10
[21/01/2009 12:53:51] /a 10
[21/01/2009 12:53:51] /a 10
[21/01/2009 12:53:51] /a 10
[21/01/2009 12:53:51] /a 10
[21/01/2009 12:53:51] /a 10
[21/01/2009 12:53:51] /a 10
[21/01/2009 12:53:51] /a 10
[21/01/2009 12:53:51] /a 10
[21/01/2009 12:53:51] /a 10
[21/01/2009 12:53:51] /a 10
[21/01/2009 12:53:51] /a 10
[21/01/2009 12:53:51] /a 10
[21/01/2009 12:53:51] /a 10
[21/01/2009 12:53:51] /a 10
[21/01/2009 12:53:51] /a 10
[21/01/2009 12:53:51] /a 10
[21/01/2009 12:53:52] /a 10
[21/01/2009 12:53:52] /a 10
[21/01/2009 12:53:52] /a 10
[21/01/2009 12:53:52] /a 10
[21/01/2009 12:53:52] /a 10
[21/01/2009 12:53:52] /a 10
[21/01/2009 12:53:52] /a 10
[21/01/2009 12:53:52] /a 10
[21/01/2009 12:53:52] /a 10
[21/01/2009 12:53:52] /a 10
[21/01/2009 12:53:52] /a 10
[21/01/2009 12:53:52] /a 10
[21/01/2009 12:53:52] /a 10
[21/01/2009 12:53:52] /a 10
[21/01/2009 12:53:52] /a 10
[21/01/2009 12:53:52] /a 10
[21/01/2009 12:53:52] /a 10
[21/01/2009 12:53:52] /a 10
[21/01/2009 12:53:52] /a 10
[21/01/2009 12:53:52] /a 10
[21/01/2009 12:53:52] /a 10
[21/01/2009 12:53:52] /a 10
[21/01/2009 12:53:52] /a 10
[21/01/2009 12:53:52] /a 10
[21/01/2009 12:53:52] /a 10
[21/01/2009 12:53:52] /a 10
[21/01/2009 12:53:52] /a 10
[21/01/2009 12:53:52] /a 10
[21/01/2009 12:53:52] /a 10
[21/01/2009 12:53:53] /a 10
[21/01/2009 12:53:53] /a 10
[21/01/2009 12:53:53] /a 10
[21/01/2009 12:53:53] /a 10
[21/01/2009 12:53:53] /a 10
[21/01/2009 12:53:53] /a 10
[21/01/2009 12:53:53] /a 10
[21/01/2009 12:53:53] /a 10
[21/01/2009 12:53:53] /a 10
[21/01/2009 12:53:53] /a 10
[21/01/2009 12:53:53] /a 10
[21/01/2009 12:53:53] /a 10
[21/01/2009 12:53:53] /a 10
[21/01/2009 12:53:54] /a 10
[21/01/2009 12:53:54] /a 10
[21/01/2009 12:53:55] /a 10
[21/01/2009 12:53:55] /a 10
[21/01/2009 12:53:55] /a 10
[21/01/2009 12:53:55] /a 10
[21/01/2009 12:53:55] /a 10
[21/01/2009 12:53:55] /a 10
[21/01/2009 12:53:55] /a 10
[21/01/2009 12:53:55] /a 10
[21/01/2009 12:53:55] /a 10
[21/01/2009 12:53:55] /a 10
[21/01/2009 12:53:55] /a 10
[21/01/2009 12:53:55] /a 10
[21/01/2009 12:53:55] /a 10
[21/01/2009 12:53:55] /a 10
[21/01/2009 12:53:55] /a 10
[21/01/2009 12:53:56] /a 10
[21/01/2009 12:53:56] /a 10
[21/01/2009 12:53:56] /a 10
[21/01/2009 12:53:56] /a 10
[21/01/2009 12:53:56] /a 10
[21/01/2009 12:53:56] /a 10
[21/01/2009 12:53:56] /a 10
[21/01/2009 12:53:56] /a 10
[21/01/2009 12:53:56] /a 10
[21/01/2009 12:53:56] /a 10
[21/01/2009 12:53:56] /a 10
[21/01/2009 12:53:56] /a 10
[21/01/2009 12:53:56] /a 10
[21/01/2009 12:53:56] /a 10
[21/01/2009 12:53:56] /a 10
[21/01/2009 12:53:56] /a 10
[21/01/2009 12:53:56] /a 10
[21/01/2009 12:53:56] /a 10
[21/01/2009 12:53:56] /a 10
[21/01/2009 12:53:56] /a 10
[21/01/2009 12:53:56] /a 10
[21/01/2009 12:53:56] /a 10
[21/01/2009 12:53:56] /a 10
[21/01/2009 12:53:56] /a 10
[21/01/2009 12:53:56] /a 10
[21/01/2009 12:53:56] /a 10
[21/01/2009 12:53:56] /a 10
[21/01/2009 12:53:56] /a 10
[21/01/2009 12:53:57] /a 10
[21/01/2009 12:53:57] /a 10
[21/01/2009 12:53:57] /a 10
[21/01/2009 12:53:57] /a 10
[21/01/2009 12:53:57] /a 10
[21/01/2009 12:53:57] /a 10
[21/01/2009 12:53:57] /a 10
[21/01/2009 12:53:57] /a 10
[21/01/2009 12:53:57] /a 10
[21/01/2009 12:53:57] /a 10
[21/01/2009 12:53:57] /a 10
[21/01/2009 12:53:57] /a 10
[21/01/2009 12:53:57] /a 10
[21/01/2009 12:53:57] /a 10
[21/01/2009 12:53:57] /a 10
[21/01/2009 12:53:57] /a 10
[21/01/2009 12:53:59] /a 10
[21/01/2009 12:53:59] /a 10
[21/01/2009 12:53:59] /a 10
[21/01/2009 12:53:59] /a 10
[21/01/2009 12:53:59] /a 10
[21/01/2009 12:53:59] /a 10
[21/01/2009 12:53:59] /a 10
[21/01/2009 12:53:59] /a 10
[21/01/2009 12:53:59] /a 10
[21/01/2009 12:53:59] /a 10
[21/01/2009 12:53:59] /a 10
[21/01/2009 12:53:59] /a 10
[21/01/2009 12:53:59] /a 10
[21/01/2009 12:53:59] /a 10
[21/01/2009 12:53:59] /a 10
[21/01/2009 12:53:59] /a 10
[21/01/2009 12:53:59] /a 10
[21/01/2009 12:53:59] /a 10
[21/01/2009 12:53:59] /a 10
[21/01/2009 12:53:59] /a 10
[21/01/2009 12:53:59] /a 10
[21/01/2009 12:54:00] /a 10
[21/01/2009 12:54:00] /a 10
[21/01/2009 12:54:00] /a 10
[21/01/2009 12:54:00] /a 10
[21/01/2009 12:54:00] /a 10
[21/01/2009 12:54:00] /a 10
[21/01/2009 12:54:00] /a 10
[21/01/2009 12:54:00] /a 10
[21/01/2009 12:54:00] /a 10
[21/01/2009 12:54:00] /a 10
[21/01/2009 12:54:00] /a 10
[21/01/2009 12:54:00] /a 10
[21/01/2009 12:54:00] /a 10
[21/01/2009 12:54:00] /a 10
[21/01/2009 12:54:00] /a 10
[21/01/2009 12:54:00] /a 10
[21/01/2009 12:54:00] /a 10
[21/01/2009 12:54:00] /a 10
[21/01/2009 12:54:00] /a 10
[21/01/2009 12:54:00] /a 10
[21/01/2009 12:54:00] /a 10
[21/01/2009 12:54:00] /a 10
[21/01/2009 12:54:00] /a 10
[21/01/2009 12:54:00] /a 10
[21/01/2009 12:54:00] /a 10
[21/01/2009 12:54:00] /a 10
[21/01/2009 12:54:00] /a 10
[21/01/2009 12:54:00] /a 10
[21/01/2009 12:54:01] /a 10
[21/01/2009 12:54:01] /a 10
[21/01/2009 12:54:01] /a 10
[21/01/2009 12:54:01] /a 10
[21/01/2009 12:54:01] /a 10
[21/01/2009 12:54:01] /a 10
[21/01/2009 12:54:01] /a 10
[21/01/2009 12:54:02] /a 10
[21/01/2009 12:54:02] /a 10
[21/01/2009 12:54:03] /a 10
[21/01/2009 12:54:03] /a 10
[21/01/2009 12:54:03] /a 10
[21/01/2009 12:54:03] /a 10
[21/01/2009 12:54:03] /a 10
[21/01/2009 12:54:03] /a 10
[21/01/2009 12:54:03] /a 10
[21/01/2009 12:54:03] /a 10
[21/01/2009 12:54:03] /a 10
[21/01/2009 12:54:03] /a 10
[21/01/2009 12:54:03] /a 10
[21/01/2009 12:54:03] /a 10
[21/01/2009 12:54:03] /a 10
[21/01/2009 12:54:03] /a 10
[21/01/2009 12:54:03] /a 10
[21/01/2009 12:54:03] /a 10
[21/01/2009 12:54:03] /a 10
[21/01/2009 12:54:03] /a 10
[21/01/2009 12:54:03] /a 10
[21/01/2009 12:54:03] /a 10
[21/01/2009 12:54:03] /a 10
[21/01/2009 12:54:04] /a 10
[21/01/2009 12:54:04] /a 10
[21/01/2009 12:54:04] /a 10
[21/01/2009 12:54:04] /a 10
[21/01/2009 12:54:04] /a 10
[21/01/2009 12:54:04] /a 10
[21/01/2009 12:54:04] /a 10
[21/01/2009 12:54:04] /a 10
[21/01/2009 12:54:04] /a 10
[21/01/2009 12:54:04] /a 10
[21/01/2009 12:54:04] /a 10
[21/01/2009 12:54:04] /a 10
[21/01/2009 12:54:04] /a 10
[21/01/2009 12:54:04] /a 10
[21/01/2009 12:54:04] /a 10
[21/01/2009 12:54:04] /a 10
[21/01/2009 12:54:04] /a 10
[21/01/2009 12:54:04] /a 10
[21/01/2009 12:54:04] /a 10
[21/01/2009 12:54:04] /a 10
[21/01/2009 12:54:04] /a 10
[21/01/2009 12:54:04] /a 10
[21/01/2009 12:54:04] /a 10
[21/01/2009 12:54:04] /a 10
[21/01/2009 12:54:04] /a 10
[21/01/2009 12:54:04] /a 10
[21/01/2009 12:54:04] /a 10
[21/01/2009 12:54:04] /a 10
[21/01/2009 12:54:05] /a 10
[21/01/2009 12:54:05] /a 10
[21/01/2009 12:54:05] /a 10
[21/01/2009 12:54:05] /a 10
[21/01/2009 12:54:05] /a 10
[21/01/2009 12:54:05] /a 10
[21/01/2009 12:54:05] /a 10
[21/01/2009 12:54:05] /a 10
[21/01/2009 12:54:05] /a 10
[21/01/2009 12:54:06] /a 10
[21/01/2009 12:54:07] /a 10
[21/01/2009 12:54:07] /a 10
[21/01/2009 12:54:07] /a 10
[21/01/2009 12:54:07] /a 10
[21/01/2009 12:54:07] /a 10
[21/01/2009 12:54:07] /a 10
[21/01/2009 12:54:07] /a 10
[21/01/2009 12:54:07] /a 10
[21/01/2009 12:54:07] /a 10
[21/01/2009 12:54:07] /a 10
[21/01/2009 12:54:07] /a 10
[21/01/2009 12:54:07] /a 10
[21/01/2009 12:54:07] /a 10
[21/01/2009 12:54:07] /a 10
[21/01/2009 12:54:07] /a 10
[21/01/2009 12:54:07] /a 10
[21/01/2009 12:54:07] /a 10
[21/01/2009 12:54:07] /a 10
[21/01/2009 12:54:07] /a 10
[21/01/2009 12:54:07] /a 10
[21/01/2009 12:54:07] /a 10
[21/01/2009 12:54:07] /a 10
[21/01/2009 12:54:07] /a 10
[21/01/2009 12:54:07] /a 10
[21/01/2009 12:54:07] /a 10
[21/01/2009 12:54:07] /a 10
[21/01/2009 12:54:08] /a 10
[21/01/2009 12:54:08] /a 10
[21/01/2009 12:54:08] /a 10
[21/01/2009 12:54:08] /a 10
[21/01/2009 12:54:08] /a 10
[21/01/2009 12:54:08] /a 10
[21/01/2009 12:54:08] /a 10
[21/01/2009 12:54:08] /a 10
[21/01/2009 12:54:08] /a 10
[21/01/2009 12:54:08] /a 10
[21/01/2009 12:54:08] /a 10
[21/01/2009 12:54:08] /a 10
[21/01/2009 12:54:08] /a 10
[21/01/2009 12:54:08] /a 10
[21/01/2009 12:54:08] /a 10
[21/01/2009 12:54:08] /a 10
[21/01/2009 12:54:08] /a 10
[21/01/2009 12:54:08] /a 10
[21/01/2009 12:54:08] /a 10
[21/01/2009 12:54:08] /a 10
[21/01/2009 12:54:08] /a 10
[21/01/2009 12:54:08] /a 10
[21/01/2009 12:54:08] /a 10
[21/01/2009 12:54:08] /a 10
[21/01/2009 12:54:08] /a 10
[21/01/2009 12:54:08] /a 10
[21/01/2009 12:54:08] /a 10
[21/01/2009 12:54:08] /a 10
[21/01/2009 12:54:09] /a 10
[21/01/2009 12:54:09] /a 10
[21/01/2009 12:54:09] /a 10
[21/01/2009 12:54:09] /a 10
[21/01/2009 12:54:09] /a 10
[21/01/2009 12:54:10] /a 10
[21/01/2009 12:54:10] /a 10
[21/01/2009 12:54:10] /a 10
[21/01/2009 12:54:10] /a 10
[21/01/2009 12:54:10] /a 10
[21/01/2009 12:54:10] /a 10
[21/01/2009 12:54:10] /a 10
[21/01/2009 12:54:10] /a 10
[21/01/2009 12:54:11] /a 10
[21/01/2009 12:54:11] /a 10
[21/01/2009 12:54:11] /a 10
[21/01/2009 12:54:11] /a 10
[21/01/2009 12:54:11] /a 10
[21/01/2009 12:54:11] /a 10
[21/01/2009 12:54:11] /a 10
[21/01/2009 12:54:11] /a 10
[21/01/2009 12:54:11] /a 10
[21/01/2009 12:54:11] /a 10
[21/01/2009 12:54:11] /a 10
[21/01/2009 12:54:11] /a 10
[21/01/2009 12:54:11] /a 10
[21/01/2009 12:54:11] /a 10
[21/01/2009 12:54:11] /a 10
[21/01/2009 12:54:11] /a 10
[21/01/2009 12:54:11] /a 10
[21/01/2009 12:54:11] /a 10
[21/01/2009 12:54:11] /a 10
[21/01/2009 12:54:11] /a 10
[21/01/2009 12:54:11] /a 10
[21/01/2009 12:54:11] /a 10
[21/01/2009 12:54:11] /a 10
[21/01/2009 12:54:11] /a 10
[21/01/2009 12:54:11] /a 10
[21/01/2009 12:54:11] /a 10
[21/01/2009 12:54:11] /a 10
[21/01/2009 12:54:12] /a 10
[21/01/2009 12:54:12] /a 10
[21/01/2009 12:54:12] /a 10
[21/01/2009 12:54:12] /a 10
[21/01/2009 12:54:12] /a 10
[21/01/2009 12:54:12] /a 10
[21/01/2009 12:54:12] /a 10
[21/01/2009 12:54:12] /a 10
[21/01/2009 12:54:12] /a 10
[21/01/2009 12:54:12] /a 10
[21/01/2009 12:54:12] /a 10
[21/01/2009 12:54:12] /a 10
[21/01/2009 12:54:12] /a 10
[21/01/2009 12:54:12] /a 10
[21/01/2009 12:54:12] /a 10
[21/01/2009 12:54:12] /a 10
[21/01/2009 12:54:12] /a 10
[21/01/2009 12:54:12] /a 10
[21/01/2009 12:54:12] /a 10
[21/01/2009 12:54:12] /a 10
[21/01/2009 12:54:12] /a 10
[21/01/2009 12:54:12] /a 10
[21/01/2009 12:54:12] /a 10
[21/01/2009 12:54:13] /a 10
[21/01/2009 12:54:13] /a 10
[21/01/2009 12:54:14] /a 10
[21/01/2009 12:54:14] /a 10
[21/01/2009 12:54:14] /a 10
[21/01/2009 12:54:14] /a 10
[21/01/2009 12:54:14] /a 10
[21/01/2009 12:54:14] /a 10
[21/01/2009 12:54:14] /a 10
[21/01/2009 12:54:14] /a 10
[21/01/2009 12:54:14] /a 10
[21/01/2009 12:54:14] /a 10
[21/01/2009 12:54:14] /a 10
[21/01/2009 12:54:14] /a 10
[21/01/2009 12:54:14] /a 10
[21/01/2009 12:54:14] /a 10
[21/01/2009 12:54:14] /a 10
[21/01/2009 12:54:14] /a 10
[21/01/2009 12:54:14] /a 10
[21/01/2009 12:54:14] /a 10
[21/01/2009 12:54:14] /a 10
[21/01/2009 12:54:14] /a 10
[21/01/2009 12:54:14] /a 10
[21/01/2009 12:54:15] /a 10
[21/01/2009 12:54:15] /a 10
[21/01/2009 12:54:15] /a 10
[21/01/2009 12:54:15] /a 10
[21/01/2009 12:54:15] /a 10
[21/01/2009 12:54:15] /a 10
[21/01/2009 12:54:15] /a 10
[21/01/2009 12:54:15] /a 10
[21/01/2009 12:54:15] /a 10
[21/01/2009 12:54:15] /a 10
[21/01/2009 12:54:15] /a 10
[21/01/2009 12:54:15] /a 10
[21/01/2009 12:54:15] /a 10
[21/01/2009 12:54:15] /a 10
[21/01/2009 12:54:15] /a 10
[21/01/2009 12:54:15] /a 10
[21/01/2009 12:54:15] /a 10
[21/01/2009 12:54:15] /a 10
[21/01/2009 12:54:15] /a 10
[21/01/2009 12:54:15] /a 10
[21/01/2009 12:54:15] /a 10
[21/01/2009 12:54:15] /a 10
[21/01/2009 12:54:15] /a 10
[21/01/2009 12:54:15] /a 10
[21/01/2009 12:54:15] /a 10
[21/01/2009 12:54:15] /a 10
[21/01/2009 12:54:15] /a 10
[21/01/2009 12:54:15] /a 10
[21/01/2009 12:54:16] /a 10
[21/01/2009 12:54:16] /a 10
[21/01/2009 12:54:16] /a 10
[21/01/2009 12:54:16] /a 10
[21/01/2009 12:54:16] /a 10
[21/01/2009 12:54:16] /a 10
[21/01/2009 12:54:16] /a 10
[21/01/2009 12:54:16] /a 10
[21/01/2009 12:54:17] /a 10
[21/01/2009 12:54:17] /a 10
[21/01/2009 12:54:17] /a 10
[21/01/2009 12:54:17] /a 10
[21/01/2009 12:54:17] /a 10
[21/01/2009 12:54:17] /a 10
[21/01/2009 12:54:17] /a 10
[21/01/2009 12:54:18] /a 10
[21/01/2009 12:54:18] /a 10
[21/01/2009 12:54:18] /a 10
[21/01/2009 12:54:18] /a 10
[21/01/2009 12:54:18] /a 10
[21/01/2009 12:54:18] /a 10
[21/01/2009 12:54:18] /a 10
[21/01/2009 12:54:18] /a 10
[21/01/2009 12:54:18] /a 10
[21/01/2009 12:54:18] /a 10
[21/01/2009 12:54:18] /a 10
[21/01/2009 12:54:18] /a 10
[21/01/2009 12:54:18] /a 10
[21/01/2009 12:54:18] /a 10
[21/01/2009 12:54:18] /a 10
[21/01/2009 12:54:18] /a 10
[21/01/2009 12:54:18] /a 10
[21/01/2009 12:54:18] /a 10
[21/01/2009 12:54:18] /a 10
[21/01/2009 12:54:18] /a 10
[21/01/2009 12:54:18] /a 10
[21/01/2009 12:54:18] /a 10
[21/01/2009 12:54:18] /a 10
[21/01/2009 12:54:18] /a 10
[21/01/2009 12:54:18] /a 10
[21/01/2009 12:54:18] /a 10
[21/01/2009 12:54:18] /a 10
[21/01/2009 12:54:19] /a 10
[21/01/2009 12:54:19] /a 10
[21/01/2009 12:54:19] /a 10
[21/01/2009 12:54:19] /a 10
[21/01/2009 12:54:19] /a 10
[21/01/2009 12:54:19] /a 10
[21/01/2009 12:54:19] /a 10
[21/01/2009 12:54:19] /a 10
[21/01/2009 12:54:19] /a 10
[21/01/2009 12:54:19] /a 10
[21/01/2009 12:54:19] /a 10
[21/01/2009 12:54:19] /a 10
[21/01/2009 12:54:19] /a 10
[21/01/2009 12:54:19] /a 10
[21/01/2009 12:54:19] /a 10
[21/01/2009 12:54:19] /a 10
[21/01/2009 12:54:19] /a 10
[21/01/2009 12:54:19] /a 10
[21/01/2009 12:54:19] /a 10
[21/01/2009 12:54:19] /a 10
[21/01/2009 12:54:19] /a 10
[21/01/2009 12:54:19] /a 10
[21/01/2009 12:54:19] /a 10
[21/01/2009 12:54:20] /a 10
[21/01/2009 12:54:20] /a 10
[21/01/2009 12:54:21] /a 10
[21/01/2009 12:54:21] /a 10
[21/01/2009 12:54:21] /a 10
[21/01/2009 12:54:21] /a 10
[21/01/2009 12:54:21] /a 10
[21/01/2009 12:54:21] /a 10
[21/01/2009 12:54:21] /a 10
[21/01/2009 12:54:21] /a 10
[21/01/2009 12:54:21] /a 10
[21/01/2009 12:54:21] /a 10
[21/01/2009 12:54:21] /a 10
[21/01/2009 12:54:21] /a 10
[21/01/2009 12:54:21] /a 10
[21/01/2009 12:54:21] /a 10
[21/01/2009 12:54:21] /a 10
[21/01/2009 12:54:21] /a 10
[21/01/2009 12:54:21] /a 10
[21/01/2009 12:54:21] /a 10
[21/01/2009 12:54:22] /a 10
[21/01/2009 12:54:22] /a 10
[21/01/2009 12:54:22] /a 10
[21/01/2009 12:54:22] /a 10
[21/01/2009 12:54:22] /a 10
[21/01/2009 12:54:22] /a 10
[21/01/2009 12:54:22] /a 10
[21/01/2009 12:54:22] /a 10
[21/01/2009 12:54:22] /a 10
[21/01/2009 12:54:22] /a 10
[21/01/2009 12:54:22] /a 10
[21/01/2009 12:54:22] /a 10
[21/01/2009 12:54:22] /a 10
[21/01/2009 12:54:22] /a 10
[21/01/2009 12:54:22] /a 10
[21/01/2009 12:54:22] /a 10
[21/01/2009 12:54:22] /a 10
[21/01/2009 12:54:22] /a 10
[21/01/2009 12:54:22] /a 10
[21/01/2009 12:54:22] /a 10
[21/01/2009 12:54:22] /a 10
[21/01/2009 12:54:22] /a 10
[21/01/2009 12:54:22] /a 10
[21/01/2009 12:54:22] /a 10
[21/01/2009 12:54:22] /a 10
[21/01/2009 12:54:22] /a 10
[21/01/2009 12:54:22] /a 10
[21/01/2009 12:54:22] /a 10
[21/01/2009 12:54:22] /a 10
[21/01/2009 12:54:23] /a 10
[21/01/2009 12:54:23] /a 10
[21/01/2009 12:54:23] /a 10
[21/01/2009 12:54:23] /a 10
[21/01/2009 12:54:23] /a 10
[21/01/2009 12:54:23] /a 10
[21/01/2009 12:54:23] /a 10
[21/01/2009 12:54:23] /a 10
[21/01/2009 12:54:23] /a 10
[21/01/2009 12:54:23] /a 10
[21/01/2009 12:54:23] /a 10
[21/01/2009 12:54:23] /a 10
[21/01/2009 12:54:23] /a 10
[21/01/2009 12:54:24] /a 10
[21/01/2009 12:54:25] /a 10
[21/01/2009 12:54:25] /a 10
[21/01/2009 12:54:25] /a 10
[21/01/2009 12:54:25] /a 10
[21/01/2009 12:54:25] /a 10
[21/01/2009 12:54:25] /a 10
[21/01/2009 12:54:25] /a 10
[21/01/2009 12:54:25] /a 10
[21/01/2009 12:54:25] /a 10
[21/01/2009 12:54:25] /a 10
[21/01/2009 12:54:25] /a 10
[21/01/2009 12:54:25] /a 10
[21/01/2009 12:54:25] /a 10
[21/01/2009 12:54:25] /a 10
[21/01/2009 12:54:25] /a 10
[21/01/2009 12:54:25] /a 10
[21/01/2009 12:54:25] /a 10
[21/01/2009 12:54:25] /a 10
[21/01/2009 12:54:25] /a 10
[21/01/2009 12:54:25] /a 10
[21/01/2009 12:54:25] /a 10
[21/01/2009 12:54:25] /a 10
[21/01/2009 12:54:25] /a 10
[21/01/2009 12:54:25] /a 10
[21/01/2009 12:54:25] /a 10
[21/01/2009 12:54:25] /a 10
[21/01/2009 12:54:26] /a 10
[21/01/2009 12:54:26] /a 10
[21/01/2009 12:54:26] /a 10
[21/01/2009 12:54:26] /a 10
[21/01/2009 12:54:26] /a 10
[21/01/2009 12:54:26] /a 10
[21/01/2009 12:54:26] /a 10
[21/01/2009 12:54:26] /a 10
[21/01/2009 12:54:26] /a 10
[21/01/2009 12:54:26] /a 10
[21/01/2009 12:54:26] /a 10
[21/01/2009 12:54:26] /a 10
[21/01/2009 12:54:26] /a 10
[21/01/2009 12:54:26] /a 10
[21/01/2009 12:54:26] /a 10
[21/01/2009 12:54:26] /a 10
[21/01/2009 12:54:26] /a 10
[21/01/2009 12:54:26] /a 10
[21/01/2009 12:54:26] /a 10
[21/01/2009 12:54:26] /a 10
[21/01/2009 12:54:26] /a 10
[21/01/2009 12:54:26] /a 10
[21/01/2009 12:54:26] /a 10
[21/01/2009 12:54:26] /a 10
[21/01/2009 12:54:26] /a 10
[21/01/2009 12:54:26] /a 10
[21/01/2009 12:54:27] /a 10
[21/01/2009 12:54:27] /a 10
[21/01/2009 12:54:27] /a 10
[21/01/2009 12:54:28] /a 10
[21/01/2009 12:54:29] /a 10
[21/01/2009 12:54:29] /a 10
[21/01/2009 12:54:29] /a 10
[21/01/2009 12:54:29] /a 10
[21/01/2009 12:54:29] /a 10
[21/01/2009 12:54:29] /a 10
[21/01/2009 12:54:29] /a 10
[21/01/2009 12:54:29] /a 10
[21/01/2009 12:54:29] /a 10
[21/01/2009 12:54:29] /a 10
[21/01/2009 12:54:29] /a 10
[21/01/2009 12:54:29] /a 10
[21/01/2009 12:54:29] /a 10
[21/01/2009 12:54:29] /a 10
[21/01/2009 12:54:29] /a 10
[21/01/2009 12:54:29] /a 10
[21/01/2009 12:54:29] /a 10
[21/01/2009 12:54:29] /a 10
[21/01/2009 12:54:29] /a 10
[21/01/2009 12:54:29] /a 10
[21/01/2009 12:54:29] /a 10
[21/01/2009 12:54:29] /a 10
[21/01/2009 12:54:29] /a 10
[21/01/2009 12:54:29] /a 10
[21/01/2009 12:54:29] /a 10
[21/01/2009 12:54:29] /a 10
[21/01/2009 12:54:29] /a 10
[21/01/2009 12:54:30] /a 10
[21/01/2009 12:54:30] /a 10
[21/01/2009 12:54:30] /a 10
[21/01/2009 12:54:30] /a 10
[21/01/2009 12:54:30] /a 10
[21/01/2009 12:54:30] /a 10
[21/01/2009 12:54:30] /a 10
[21/01/2009 12:54:30] /a 10
[21/01/2009 12:54:30] /a 10
[21/01/2009 12:54:30] /a 10
[21/01/2009 12:54:30] /a 10
[21/01/2009 12:54:30] /a 10
[21/01/2009 12:54:30] /a 10
[21/01/2009 12:54:30] /a 10
[21/01/2009 12:54:30] /a 10
[21/01/2009 12:54:30] /a 10
[21/01/2009 12:54:30] /a 10
[21/01/2009 12:54:30] /a 10
[21/01/2009 12:54:30] /a 10
[21/01/2009 12:54:30] /a 10
[21/01/2009 12:54:30] /a 10
[21/01/2009 12:54:30] /a 10
[21/01/2009 12:54:30] /a 10
[21/01/2009 12:54:30] /a 10
[21/01/2009 12:54:30] /a 10
[21/01/2009 12:54:30] /a 10
[21/01/2009 12:54:30] /a 10
[21/01/2009 12:54:30] /a 10
[21/01/2009 12:54:31] /a 10
[21/01/2009 12:54:31] /a 10
[21/01/2009 12:54:32] /a 10
[21/01/2009 12:54:32] /a 10
[21/01/2009 12:54:32] /a 10
[21/01/2009 12:54:32] /a 10
[21/01/2009 12:54:32] /a 10
[21/01/2009 12:54:32] /a 10
[21/01/2009 12:54:32] /a 10
[21/01/2009 12:54:32] /a 10
[21/01/2009 12:54:32] /a 10
[21/01/2009 12:54:33] /a 10
[21/01/2009 12:54:33] /a 10
[21/01/2009 12:54:33] /a 10
[21/01/2009 12:54:33] /a 10
[21/01/2009 12:54:33] /a 10
[21/01/2009 12:54:33] /a 10
[21/01/2009 12:54:33] /a 10
[21/01/2009 12:54:33] /a 10
[21/01/2009 12:54:33] /a 10
[21/01/2009 12:54:33] /a 10
[21/01/2009 12:54:33] /a 10
[21/01/2009 12:54:33] /a 10
[21/01/2009 12:54:33] /a 10
[21/01/2009 12:54:33] /a 10
[21/01/2009 12:54:33] /a 10
[21/01/2009 12:54:33] /a 10
[21/01/2009 12:54:33] /a 10
[21/01/2009 12:54:33] /a 10
[21/01/2009 12:54:33] /a 10
[21/01/2009 12:54:33] /a 10
[21/01/2009 12:54:33] /a 10
[21/01/2009 12:54:33] /a 10
[21/01/2009 12:54:33] /a 10
[21/01/2009 12:54:33] /a 10
[21/01/2009 12:54:33] /a 10
[21/01/2009 12:54:33] /a 10
[21/01/2009 12:54:33] /a 10
[21/01/2009 12:54:33] /a 10
[21/01/2009 12:54:33] /a 10
[21/01/2009 12:54:34] /a 10
[21/01/2009 12:54:34] /a 10
[21/01/2009 12:54:34] /a 10
[21/01/2009 12:54:34] /a 10
[21/01/2009 12:54:34] /a 10
[21/01/2009 12:54:34] /a 10
[21/01/2009 12:54:34] /a 10
[21/01/2009 12:54:34] /a 10
[21/01/2009 12:54:34] /a 10
[21/01/2009 12:54:34] /a 10
[21/01/2009 12:54:34] /a 10
[21/01/2009 12:54:34] /a 10
[21/01/2009 12:54:34] /a 10
[21/01/2009 12:54:34] /a 10
[21/01/2009 12:54:34] /a 10
[21/01/2009 12:54:34] /a 10
[21/01/2009 12:54:34] /a 10
[21/01/2009 12:54:34] /a 10
[21/01/2009 12:54:34] /a 10
[21/01/2009 12:54:34] /a 10
[21/01/2009 12:54:34] /a 10
[21/01/2009 12:54:34] /a 10
[21/01/2009 12:54:35] /a 10
[21/01/2009 12:54:36] /a 10
[21/01/2009 12:54:36] /a 10
[21/01/2009 12:54:36] /a 10
[21/01/2009 12:54:36] /a 10
[21/01/2009 12:54:36] /a 10
[21/01/2009 12:54:36] /a 10
[21/01/2009 12:54:36] /a 10
[21/01/2009 12:54:36] /a 10
[21/01/2009 12:54:36] /a 10
[21/01/2009 12:54:36] /a 10
[21/01/2009 12:54:36] /a 10
[21/01/2009 12:54:36] /a 10
[21/01/2009 12:54:36] /a 10
[21/01/2009 12:54:36] /a 10
[21/01/2009 12:54:36] /a 10
[21/01/2009 12:54:36] /a 10
[21/01/2009 12:54:36] /a 10
[21/01/2009 12:54:36] /a 10
[21/01/2009 12:54:36] /a 10
[21/01/2009 12:54:36] /a 10
[21/01/2009 12:54:36] /a 10
[21/01/2009 12:54:36] /a 10
[21/01/2009 12:54:36] /a 10
[21/01/2009 12:54:36] /a 10
[21/01/2009 12:54:36] /a 10
[21/01/2009 12:54:36] /a 10
[21/01/2009 12:54:36] /a 10
[21/01/2009 12:54:37] /a 10
[21/01/2009 12:54:37] /a 10
[21/01/2009 12:54:37] /a 10
[21/01/2009 12:54:37] /a 10
[21/01/2009 12:54:37] /a 10
[21/01/2009 12:54:37] /a 10
[21/01/2009 12:54:37] /a 10
[21/01/2009 12:54:37] /a 10
[21/01/2009 12:54:37] /a 10
[21/01/2009 12:54:37] /a 10
[21/01/2009 12:54:37] /a 10
[21/01/2009 12:54:37] /a 10
[21/01/2009 12:54:37] /a 10
[21/01/2009 12:54:37] /a 10
[21/01/2009 12:54:37] /a 10
[21/01/2009 12:54:37] /a 10
[21/01/2009 12:54:37] /a 10
[21/01/2009 12:54:37] /a 10
[21/01/2009 12:54:37] /a 10
[21/01/2009 12:54:37] /a 10
[21/01/2009 12:54:37] /a 10
[21/01/2009 12:54:37] /a 10
[21/01/2009 12:54:37] /a 10
[21/01/2009 12:54:37] /a 10
[21/01/2009 12:54:37] /a 10
[21/01/2009 12:54:37] /a 10
[21/01/2009 12:54:37] /a 10
[21/01/2009 12:54:37] /a 10
[21/01/2009 12:54:38] /a 10
[21/01/2009 12:54:38] /a 10
[21/01/2009 12:54:38] /a 10
[21/01/2009 12:54:39] /a 10
[21/01/2009 12:54:40] /a 10
[21/01/2009 12:54:40] /a 10
[21/01/2009 12:54:40] /a 10
[21/01/2009 12:54:41] /a 10
[21/01/2009 12:54:41] /a 10
[21/01/2009 12:54:41] /a 10
[21/01/2009 12:54:41] /a 10
[21/01/2009 12:54:41] /a 10
[21/01/2009 12:54:41] /a 10
[21/01/2009 12:54:41] /a 10
[21/01/2009 12:54:41] /a 10
[21/01/2009 12:54:41] /a 10
[21/01/2009 12:54:41] /a 10
[21/01/2009 12:54:41] /a 10
[21/01/2009 12:54:41] /a 10
[21/01/2009 12:54:41] /a 10
[21/01/2009 12:54:41] /a 10
[21/01/2009 12:54:41] /a 10
[21/01/2009 12:54:41] /a 10
[21/01/2009 12:54:41] /a 10
[21/01/2009 12:54:41] /a 10
[21/01/2009 12:54:41] /a 10
[21/01/2009 12:54:41] /a 10
[21/01/2009 12:54:41] /a 10
[21/01/2009 12:54:41] /a 10
[21/01/2009 12:54:41] /a 10
[21/01/2009 12:54:41] /a 10
[21/01/2009 12:54:41] /a 10
[21/01/2009 12:54:41] /a 10
[21/01/2009 12:54:41] /a 10
[21/01/2009 12:54:41] /a 10
[21/01/2009 12:54:42] /a 10
[21/01/2009 12:54:42] /a 10
[21/01/2009 12:54:42] /a 10
[21/01/2009 12:54:42] /a 10
[21/01/2009 12:54:42] /a 10
[21/01/2009 12:54:42] /a 10
[21/01/2009 12:54:42] /a 10
[21/01/2009 12:54:42] /a 10
[21/01/2009 12:54:42] /a 10
[21/01/2009 12:54:42] /a 10
[21/01/2009 12:54:42] /a 10
[21/01/2009 12:54:42] /a 10
[21/01/2009 12:54:42] /a 10
[21/01/2009 12:54:42] /a 10
[21/01/2009 12:54:42] /a 10
[21/01/2009 12:54:42] /a 10
[21/01/2009 12:54:42] /a 10
[21/01/2009 12:54:42] /a 10
[21/01/2009 12:54:42] /a 10
[21/01/2009 12:54:42] /a 10
[21/01/2009 12:54:42] /a 10
[21/01/2009 12:54:42] /a 10
[21/01/2009 12:54:42] /a 10
[21/01/2009 12:54:42] /a 10
[21/01/2009 12:54:42] /a 10
[21/01/2009 12:54:42] /a 10
[21/01/2009 12:54:42] /a 10
[21/01/2009 12:54:42] /a 10
[21/01/2009 12:54:43] /a 10
[21/01/2009 12:54:43] /a 10
[21/01/2009 12:54:44] /a 10
[21/01/2009 12:54:44] /a 10
[21/01/2009 12:54:44] /a 10
[21/01/2009 12:54:44] /a 10
[21/01/2009 12:54:44] /a 10
[21/01/2009 12:54:44] /a 10
[21/01/2009 12:54:44] /a 10
[21/01/2009 12:54:44] /a 10
[21/01/2009 12:54:44] /a 10
[21/01/2009 12:54:44] /a 10
[21/01/2009 12:54:45] /a 10
[21/01/2009 12:54:45] /a 10
[21/01/2009 12:54:45] /a 10
[21/01/2009 12:54:45] /a 10
[21/01/2009 12:54:45] /a 10
[21/01/2009 12:54:45] /a 10
[21/01/2009 12:54:45] /a 10
[21/01/2009 12:54:45] /a 10
[21/01/2009 12:54:45] /a 10
[21/01/2009 12:54:45] /a 10
[21/01/2009 12:54:45] /a 10
[21/01/2009 12:54:45] /a 10
[21/01/2009 12:54:45] /a 10
[21/01/2009 12:54:45] /a 10
[21/01/2009 12:54:45] /a 10
[21/01/2009 12:54:45] /a 10
[21/01/2009 12:54:45] /a 10
[21/01/2009 12:54:45] /a 10
[21/01/2009 12:54:45] /a 10
[21/01/2009 12:54:45] /a 10
[21/01/2009 12:54:45] /a 10
[21/01/2009 12:54:45] /a 10
[21/01/2009 12:54:45] /a 10
[21/01/2009 12:54:45] /a 10
[21/01/2009 12:54:45] /a 10
[21/01/2009 12:54:45] /a 10
[21/01/2009 12:54:45] /a 10
[21/01/2009 12:54:45] /a 10
[21/01/2009 12:54:46] /a 10
[21/01/2009 12:54:46] /a 10
[21/01/2009 12:54:46] /a 10
[21/01/2009 12:54:46] /a 10
[21/01/2009 12:54:46] /a 10
[21/01/2009 12:54:46] /a 10
[21/01/2009 12:54:46] /a 10
[21/01/2009 12:54:46] /a 10
[21/01/2009 12:54:46] /a 10
[21/01/2009 12:54:46] /a 10
[21/01/2009 12:54:46] /a 10
[21/01/2009 12:54:46] /a 10
[21/01/2009 12:54:46] /a 10
[21/01/2009 12:54:46] /a 10
[21/01/2009 12:54:46] /a 10
[21/01/2009 12:54:46] /a 10
[21/01/2009 12:54:46] /a 10
[21/01/2009 12:54:46] /a 10
[21/01/2009 12:54:46] /a 10
[21/01/2009 12:54:46] /a 10
[21/01/2009 12:54:46] /a 10
[21/01/2009 12:54:46] /a 10
[21/01/2009 12:54:47] /a 10
[21/01/2009 12:54:47] /a 10
[21/01/2009 12:54:48] /a 10
[21/01/2009 12:54:48] /a 10
[21/01/2009 12:54:48] /a 10
[21/01/2009 12:54:48] /a 10
[21/01/2009 12:54:48] /a 10
[21/01/2009 12:54:48] /a 10
[21/01/2009 12:54:48] /a 10
[21/01/2009 12:54:48] /a 10
[21/01/2009 12:54:48] /a 10
[21/01/2009 12:54:48] /a 10
[21/01/2009 12:54:48] /a 10
[21/01/2009 12:54:48] /a 10
[21/01/2009 12:54:48] /a 10
[21/01/2009 12:54:48] /a 10
[21/01/2009 12:54:48] /a 10
[21/01/2009 12:54:48] /a 10
[21/01/2009 12:54:48] /a 10
[21/01/2009 12:54:48] /a 10
[21/01/2009 12:54:48] /a 10
[21/01/2009 12:54:48] /a 10
[21/01/2009 12:54:48] /a 10
[21/01/2009 12:54:48] /a 10
[21/01/2009 12:54:48] /a 10
[21/01/2009 12:54:48] /a 10
[21/01/2009 12:54:49] /a 10
[21/01/2009 12:54:49] /a 10
[21/01/2009 12:54:49] /a 10
[21/01/2009 12:54:49] /a 10
[21/01/2009 12:54:49] /a 10
[21/01/2009 12:54:49] /a 10
[21/01/2009 12:54:49] /a 10
[21/01/2009 12:54:49] /a 10
[21/01/2009 12:54:49] /a 10
[21/01/2009 12:54:49] /a 10
[21/01/2009 12:54:49] /a 10
[21/01/2009 12:54:49] /a 10
[21/01/2009 12:54:49] /a 10
[21/01/2009 12:54:49] /a 10
[21/01/2009 12:54:49] /a 10
[21/01/2009 12:54:49] /a 10
[21/01/2009 12:54:49] /a 10
[21/01/2009 12:54:49] /a 10
[21/01/2009 12:54:49] /a 10
[21/01/2009 12:54:49] /a 10
[21/01/2009 12:54:49] /a 10
[21/01/2009 12:54:49] /a 10
[21/01/2009 12:54:49] /a 10
[21/01/2009 12:54:49] /a 10
[21/01/2009 12:54:49] /a 10
[21/01/2009 12:54:49] /a 10
[21/01/2009 12:54:49] /a 10
[21/01/2009 12:54:49] /a 10
[21/01/2009 12:54:50] /a 10
[21/01/2009 12:54:50] /a 10
[21/01/2009 12:54:50] /a 10
[21/01/2009 12:54:50] /a 10
[21/01/2009 12:54:50] /a 10
[21/01/2009 12:54:51] /a 10
[21/01/2009 12:54:51] /a 10
[21/01/2009 12:54:51] /a 10
[21/01/2009 12:54:51] /a 10
[21/01/2009 12:54:51] /a 10
[21/01/2009 12:54:51] /a 10
[21/01/2009 12:54:51] /a 10
[21/01/2009 12:54:51] /a 10
[21/01/2009 12:54:51] /a 10
[21/01/2009 12:54:51] /a 10
[21/01/2009 12:54:51] /a 10
[21/01/2009 12:54:51] /a 10
[21/01/2009 12:54:52] /a 10
[21/01/2009 12:54:52] /a 10
[21/01/2009 12:54:52] /a 10
[21/01/2009 12:54:52] /a 10
[21/01/2009 12:54:52] /a 10
[21/01/2009 12:54:52] /a 10
[21/01/2009 12:54:52] /a 10
[21/01/2009 12:54:52] /a 10
[21/01/2009 12:54:52] /a 10
[21/01/2009 12:54:52] /a 10
[21/01/2009 12:54:52] /a 10
[21/01/2009 12:54:52] /a 10
[21/01/2009 12:54:52] /a 10
[21/01/2009 12:54:52] /a 10
[21/01/2009 12:54:52] /a 10
[21/01/2009 12:54:52] /a 10
[21/01/2009 12:54:52] /a 10
[21/01/2009 12:54:52] /a 10
[21/01/2009 12:54:52] /a 10
[21/01/2009 12:54:52] /a 10
[21/01/2009 12:54:52] /a 10
[21/01/2009 12:54:52] /a 10
[21/01/2009 12:54:52] /a 10
[21/01/2009 12:54:52] /a 10
[21/01/2009 12:54:52] /a 10
[21/01/2009 12:54:52] /a 10
[21/01/2009 12:54:52] /a 10
[21/01/2009 12:54:52] /a 10
[21/01/2009 12:54:52] /a 10
[21/01/2009 12:54:53] /a 10
[21/01/2009 12:54:53] /a 10
[21/01/2009 12:54:53] /a 10
[21/01/2009 12:54:53] /a 10
[21/01/2009 12:54:53] /a 10
[21/01/2009 12:54:53] /a 10
[21/01/2009 12:54:53] /a 10
[21/01/2009 12:54:53] /a 10
[21/01/2009 12:54:53] /a 10
[21/01/2009 12:54:53] /a 10
[21/01/2009 12:54:53] /a 10
[21/01/2009 12:54:53] /a 10
[21/01/2009 12:54:53] /a 10
[21/01/2009 12:54:53] /a 10
[21/01/2009 12:54:53] /a 10
[21/01/2009 12:54:53] /a 10
[21/01/2009 12:54:54] /a 10
[21/01/2009 12:54:54] /a 10
[21/01/2009 12:54:55] /a 10
[21/01/2009 12:54:55] /a 10
[21/01/2009 12:54:55] /a 10
[21/01/2009 12:54:55] /a 10
[21/01/2009 12:54:55] /a 10
[21/01/2009 12:54:55] /a 10
[21/01/2009 12:54:55] /a 10
[21/01/2009 12:54:55] /a 10
[21/01/2009 12:54:55] /a 10
[21/01/2009 12:54:55] /a 10
[21/01/2009 12:54:55] /a 10
[21/01/2009 12:54:55] /a 10
[21/01/2009 12:54:55] /a 10
[21/01/2009 12:54:55] /a 10
[21/01/2009 12:54:55] /a 10
[21/01/2009 12:54:55] /a 10
[21/01/2009 12:54:55] /a 10
[21/01/2009 12:54:55] /a 10
[21/01/2009 12:54:55] /a 10
[21/01/2009 12:54:55] /a 10
[21/01/2009 12:54:55] /a 10
[21/01/2009 12:54:55] /a 10
[21/01/2009 12:54:55] /a 10
[21/01/2009 12:54:55] /a 10
[21/01/2009 12:54:55] /a 10
[21/01/2009 12:54:55] /a 10
[21/01/2009 12:54:55] /a 10
[21/01/2009 12:54:56] /a 10
[21/01/2009 12:54:56] /a 10
[21/01/2009 12:54:56] /a 10
[21/01/2009 12:54:56] /a 10
[21/01/2009 12:54:56] /a 10
[21/01/2009 12:54:56] /a 10
[21/01/2009 12:54:56] /a 10
[21/01/2009 12:54:56] /a 10
[21/01/2009 12:54:56] /a 10
[21/01/2009 12:54:56] /a 10
[21/01/2009 12:54:56] /a 10
[21/01/2009 12:54:56] /a 10
[21/01/2009 12:54:56] /a 10
[21/01/2009 12:54:56] /a 10
[21/01/2009 12:54:56] /a 10
[21/01/2009 12:54:56] /a 10
[21/01/2009 12:54:56] /a 10
[21/01/2009 12:54:56] /a 10
[21/01/2009 12:54:56] /a 10
[21/01/2009 12:54:56] /a 10
[21/01/2009 12:54:56] /a 10
[21/01/2009 12:54:56] /a 10
[21/01/2009 12:54:56] /a 10
[21/01/2009 12:54:56] /a 10
[21/01/2009 12:54:56] /a 10
[21/01/2009 12:54:56] /a 10
[21/01/2009 12:54:56] /a 10
[21/01/2009 12:54:56] /a 10
[21/01/2009 12:54:57] /a 10
[21/01/2009 12:54:57] /a 10
[21/01/2009 12:54:58] /a 10
[21/01/2009 12:54:58] /a 10
[21/01/2009 12:54:58] /a 10
[21/01/2009 12:54:58] /a 10
[21/01/2009 12:54:58] /a 10
[21/01/2009 12:54:58] /a 10
[21/01/2009 12:54:58] /a 10
[21/01/2009 12:54:58] /a 10
[21/01/2009 12:54:58] /a 10
[21/01/2009 12:54:58] /a 10
[21/01/2009 12:54:58] /a 10
[21/01/2009 12:54:58] /a 10
[21/01/2009 12:54:58] /a 10
[21/01/2009 12:54:58] /a 10
[21/01/2009 12:54:58] /a 10
[21/01/2009 12:54:58] /a 10
[21/01/2009 12:54:58] /a 10
[21/01/2009 12:54:58] /a 10
[21/01/2009 12:54:58] /a 10
[21/01/2009 12:54:59] /a 10
[21/01/2009 12:54:59] /a 10
[21/01/2009 12:54:59] /a 10
[21/01/2009 12:54:59] /a 10
[21/01/2009 12:54:59] /a 10
[21/01/2009 12:54:59] /a 10
[21/01/2009 12:54:59] /a 10
[21/01/2009 12:54:59] /a 10
[21/01/2009 12:54:59] /a 10
[21/01/2009 12:54:59] /a 10
[21/01/2009 12:54:59] /a 10
[21/01/2009 12:54:59] /a 10
[21/01/2009 12:54:59] /a 10
[21/01/2009 12:54:59] /a 10
[21/01/2009 12:54:59] /a 10
[21/01/2009 12:54:59] /a 10
[21/01/2009 12:54:59] /a 10
[21/01/2009 12:54:59] /a 10
[21/01/2009 12:54:59] /a 10
[21/01/2009 12:54:59] /a 10
[21/01/2009 12:54:59] /a 10
[21/01/2009 12:54:59] /a 10
[21/01/2009 12:54:59] /a 10
[21/01/2009 12:54:59] /a 10
[21/01/2009 12:54:59] /a 10
[21/01/2009 12:54:59] /a 10
[21/01/2009 12:54:59] /a 10
[21/01/2009 12:55:00] /a 10
[21/01/2009 12:55:01] /a 10
[21/01/2009 12:55:01] /a 10
[21/01/2009 12:55:01] /a 10
[21/01/2009 12:55:01] /a 10
[21/01/2009 12:55:01] /a 10
[21/01/2009 12:55:01] /a 10
[21/01/2009 12:55:01] /a 10
[21/01/2009 12:55:01] /a 10
[21/01/2009 12:55:01] /a 10
[21/01/2009 12:55:02] /a 10
[21/01/2009 12:55:03] /a 10
[21/01/2009 12:55:03] /a 10
[21/01/2009 12:55:03] /a 10
[21/01/2009 12:55:03] /a 10
[21/01/2009 12:55:03] /a 10
[21/01/2009 12:55:03] /a 10
[21/01/2009 12:55:03] /a 10
[21/01/2009 12:55:03] /a 10
[21/01/2009 12:55:03] /a 10
[21/01/2009 12:55:03] /a 10
[21/01/2009 12:55:03] /a 10
[21/01/2009 12:55:03] /a 10
[21/01/2009 12:55:03] /a 10
[21/01/2009 12:55:03] /a 10
[21/01/2009 12:55:03] /a 10
[21/01/2009 12:55:03] /a 10
[21/01/2009 12:55:03] /a 10
[21/01/2009 12:55:03] /a 10
[21/01/2009 12:55:03] /a 10
[21/01/2009 12:55:03] /a 10
[21/01/2009 12:55:03] /a 10
[21/01/2009 12:55:03] /a 10
[21/01/2009 12:55:03] /a 10
[21/01/2009 12:55:03] /a 10
[21/01/2009 12:55:03] /a 10
[21/01/2009 12:55:03] /a 10
[21/01/2009 12:55:04] /a 10
[21/01/2009 12:55:04] /a 10
[21/01/2009 12:55:04] /a 10
[21/01/2009 12:55:04] /a 10
[21/01/2009 12:55:04] /a 10
[21/01/2009 12:55:04] /a 10
[21/01/2009 12:55:04] /a 10
[21/01/2009 12:55:04] /a 10
[21/01/2009 12:55:04] /a 10
[21/01/2009 12:55:04] /a 10
[21/01/2009 12:55:04] /a 10
[21/01/2009 12:55:04] /a 10
[21/01/2009 12:55:04] /a 10
[21/01/2009 12:55:04] /a 10
[21/01/2009 12:55:04] /a 10
[21/01/2009 12:55:04] /a 10
[21/01/2009 12:55:04] /a 10
[21/01/2009 12:55:04] /a 10
[21/01/2009 12:55:04] /a 10
[21/01/2009 12:55:04] /a 10
[21/01/2009 12:55:04] /a 10
[21/01/2009 12:55:04] /a 10
[21/01/2009 12:55:04] /a 10
[21/01/2009 12:55:04] /a 10
[21/01/2009 12:55:04] /a 10
[21/01/2009 12:55:04] /a 10
[21/01/2009 12:55:04] /a 10
[21/01/2009 12:55:04] /a 10
[21/01/2009 12:55:04] /a 10
[21/01/2009 12:55:05] /a 10
[21/01/2009 12:55:05] /a 10
[21/01/2009 12:55:06] /a 10
[21/01/2009 12:55:06] /a 10
[21/01/2009 12:55:06] /a 10
[21/01/2009 12:55:06] /a 10
[21/01/2009 12:55:06] /a 10
[21/01/2009 12:55:06] /a 10
[21/01/2009 12:55:06] /a 10
[21/01/2009 12:55:06] /a 10
[21/01/2009 12:55:06] /a 10
[21/01/2009 12:55:06] /a 10
[21/01/2009 12:55:06] /a 10
[21/01/2009 12:55:06] /a 10
[21/01/2009 12:55:06] /a 10
[21/01/2009 12:55:06] /a 10
[21/01/2009 12:55:06] /a 10
[21/01/2009 12:55:07] /a 10
[21/01/2009 12:55:07] /a 10
[21/01/2009 12:55:07] /a 10
[21/01/2009 12:55:07] /a 10
[21/01/2009 12:55:07] /a 10
[21/01/2009 12:55:07] /a 10
[21/01/2009 12:55:07] /a 10
[21/01/2009 12:55:07] /a 10
[21/01/2009 12:55:07] /a 10
[21/01/2009 12:55:07] /a 10
[21/01/2009 12:55:07] /a 10
[21/01/2009 12:55:07] /a 10
[21/01/2009 12:55:07] /a 10
[21/01/2009 12:55:07] /a 10
[21/01/2009 12:55:07] /a 10
[21/01/2009 12:55:07] /a 10
[21/01/2009 12:55:07] /a 10
[21/01/2009 12:55:07] /a 10
[21/01/2009 12:55:07] /a 10
[21/01/2009 12:55:07] /a 10
[21/01/2009 12:55:07] /a 10
[21/01/2009 12:55:07] /a 10
[21/01/2009 12:55:07] /a 10
[21/01/2009 12:55:07] /a 10
[21/01/2009 12:55:07] /a 10
[21/01/2009 12:55:07] /a 10
[21/01/2009 12:55:07] /a 10
[21/01/2009 12:55:07] /a 10
[21/01/2009 12:55:07] /a 10
[21/01/2009 12:55:08] /a 10
[21/01/2009 12:55:08] /a 10
[21/01/2009 12:55:08] /a 10
[21/01/2009 12:55:08] /a 10
[21/01/2009 12:55:08] /a 10
[21/01/2009 12:55:08] /a 10
[21/01/2009 12:55:08] /a 10
[21/01/2009 12:55:08] /a 10
[21/01/2009 12:55:08] /a 10
[21/01/2009 12:55:08] /a 10
[21/01/2009 12:55:08] /a 10
[21/01/2009 12:55:08] /a 10
[21/01/2009 12:55:08] /a 10
[21/01/2009 12:55:09] /a 10
[21/01/2009 12:55:09] /a 10
[21/01/2009 12:55:09] /a 10
[21/01/2009 12:55:09] /a 10
[21/01/2009 12:55:09] /a 10
[21/01/2009 12:55:09] /a 10
[21/01/2009 12:55:09] /a 10
[21/01/2009 12:55:09] /a 10
[21/01/2009 12:55:10] /a 10
[21/01/2009 12:55:10] /a 10
[21/01/2009 12:55:10] /a 10
[21/01/2009 12:55:10] /a 10
[21/01/2009 12:55:10] /a 10
[21/01/2009 12:55:10] /a 10
[21/01/2009 12:55:10] /a 10
[21/01/2009 12:55:10] /a 10
[21/01/2009 12:55:10] /a 10
[21/01/2009 12:55:10] /a 10
[21/01/2009 12:55:10] /a 10
[21/01/2009 12:55:10] /a 10
[21/01/2009 12:55:10] /a 10
[21/01/2009 12:55:10] /a 10
[21/01/2009 12:55:10] /a 10
[21/01/2009 12:55:10] /a 10
[21/01/2009 12:55:10] /a 10
[21/01/2009 12:55:10] /a 10
[21/01/2009 12:55:10] /a 10
[21/01/2009 12:55:10] /a 10
[21/01/2009 12:55:10] /a 10
[21/01/2009 12:55:10] /a 10
[21/01/2009 12:55:10] /a 10
[21/01/2009 12:55:10] /a 10
[21/01/2009 12:55:10] /a 10
[21/01/2009 12:55:10] /a 10
[21/01/2009 12:55:10] /a 10
[21/01/2009 12:55:10] /a 10
[21/01/2009 12:55:11] /a 10
[21/01/2009 12:55:11] /a 10
[21/01/2009 12:55:11] /a 10
[21/01/2009 12:55:11] /a 10
[21/01/2009 12:55:11] /a 10
[21/01/2009 12:55:11] /a 10
[21/01/2009 12:55:11] /a 10
[21/01/2009 12:55:11] /a 10
[21/01/2009 12:55:11] /a 10
[21/01/2009 12:55:11] /a 10
[21/01/2009 12:55:11] /a 10
[21/01/2009 12:55:11] /a 10
[21/01/2009 12:55:11] /a 10
[21/01/2009 12:55:11] /a 10
[21/01/2009 12:55:11] /a 10
[21/01/2009 12:55:11] /a 10
[21/01/2009 12:55:11] /a 10
[21/01/2009 12:55:11] /a 10
[21/01/2009 12:55:11] /a 10
[21/01/2009 12:55:11] /a 10
[21/01/2009 12:55:12] /a 10
[21/01/2009 12:55:12] /a 10
[21/01/2009 12:55:12] /a 10
[21/01/2009 12:55:12] /a 10
[21/01/2009 12:55:13] /a 10
[21/01/2009 12:55:13] /a 10
[21/01/2009 12:55:13] /a 10
[21/01/2009 12:55:13] /a 10
[21/01/2009 12:55:13] /a 10
[21/01/2009 12:55:13] /a 10
[21/01/2009 12:55:13] /a 10
[21/01/2009 12:55:13] /a 10
[21/01/2009 12:55:13] /a 10
[21/01/2009 12:55:13] /a 10
[21/01/2009 12:55:13] /a 10
[21/01/2009 12:55:13] /a 10
[21/01/2009 12:55:13] /a 10
[21/01/2009 12:55:13] /a 10
[21/01/2009 12:55:13] /a 10
[21/01/2009 12:55:13] /a 10
[21/01/2009 12:55:13] /a 10
[21/01/2009 12:55:13] /a 10
[21/01/2009 12:55:13] /a 10
[21/01/2009 12:55:13] /a 10
[21/01/2009 12:55:13] /a 10
[21/01/2009 12:55:13] /a 10
[21/01/2009 12:55:13] /a 10
[21/01/2009 12:55:13] /a 10
[21/01/2009 12:55:13] /a 10
[21/01/2009 12:55:13] /a 10
[21/01/2009 12:55:13] /a 10
[21/01/2009 12:55:13] /a 10
[21/01/2009 12:55:14] /a 10
[21/01/2009 12:55:14] /a 10
[21/01/2009 12:55:14] /a 10
[21/01/2009 12:55:14] /a 10
[21/01/2009 12:55:14] /a 10
[21/01/2009 12:55:14] /a 10
[21/01/2009 12:55:14] /a 10
[21/01/2009 12:55:14] /a 10
[21/01/2009 12:55:14] /a 10
[21/01/2009 12:55:14] /a 10
[21/01/2009 12:55:14] /a 10
[21/01/2009 12:55:14] /a 10
[21/01/2009 12:55:14] /a 10
[21/01/2009 12:55:14] /a 10
[21/01/2009 12:55:14] /a 10
[21/01/2009 12:55:14] /a 10
[21/01/2009 12:55:14] /a 10
[21/01/2009 12:55:14] /a 10
[21/01/2009 12:55:14] /a 10
[21/01/2009 12:55:14] /a 10
[21/01/2009 12:55:14] /a 10
[21/01/2009 12:55:14] /a 10
[21/01/2009 12:55:14] /a 10
[21/01/2009 12:55:14] /a 10
[21/01/2009 12:55:15] /a 10
[21/01/2009 12:55:16] /a 10
[21/01/2009 12:55:16] /a 10
[21/01/2009 12:55:16] /a 10
[21/01/2009 12:55:16] /a 10
[21/01/2009 12:55:16] /a 10
[21/01/2009 12:55:16] /a 10
[21/01/2009 12:55:16] /a 10
[21/01/2009 12:55:16] /a 10
[21/01/2009 12:55:16] /a 10
[21/01/2009 12:55:17] /a 10
[21/01/2009 12:55:17] /a 10
[21/01/2009 12:55:17] /a 10
[21/01/2009 12:55:17] /a 10
[21/01/2009 12:55:17] /a 10
[21/01/2009 12:55:17] /a 10
[21/01/2009 12:55:17] /a 10
[21/01/2009 12:55:17] /a 10
[21/01/2009 12:55:17] /a 10
[21/01/2009 12:55:17] /a 10
[21/01/2009 12:55:17] /a 10
[21/01/2009 12:55:17] /a 10
[21/01/2009 12:55:17] /a 10
[21/01/2009 12:55:17] /a 10
[21/01/2009 12:55:17] /a 10
[21/01/2009 12:55:17] /a 10
[21/01/2009 12:55:17] /a 10
[21/01/2009 12:55:17] /a 10
[21/01/2009 12:55:17] /a 10
[21/01/2009 12:55:17] /a 10
[21/01/2009 12:55:17] /a 10
[21/01/2009 12:55:17] /a 10
[21/01/2009 12:55:17] /a 10
[21/01/2009 12:55:17] /a 10
[21/01/2009 12:55:17] /a 10
[21/01/2009 12:55:17] /a 10
[21/01/2009 12:55:17] /a 10
[21/01/2009 12:55:17] /a 10
[21/01/2009 12:55:17] /a 10
[21/01/2009 12:55:18] /a 10
[21/01/2009 12:55:18] /a 10
[21/01/2009 12:55:18] /a 10
[21/01/2009 12:55:18] /a 10
[21/01/2009 12:55:18] /a 10
[21/01/2009 12:55:18] /a 10
[21/01/2009 12:55:18] /a 10
[21/01/2009 12:55:18] /a 10
[21/01/2009 12:55:18] /a 10
[21/01/2009 12:55:18] /a 10
[21/01/2009 12:55:18] /a 10
[21/01/2009 12:55:18] /a 10
[21/01/2009 12:55:18] /a 10
[21/01/2009 12:55:18] /a 10
[21/01/2009 12:55:18] /a 10
[21/01/2009 12:55:18] /a 10
[21/01/2009 12:55:18] /a 10
[21/01/2009 12:55:18] /a 10
[21/01/2009 12:55:18] /a 10
[21/01/2009 12:55:19] /a 10
[21/01/2009 12:55:20] /a 10
[21/01/2009 12:55:20] /a 10
[21/01/2009 12:55:20] /a 10
[21/01/2009 12:55:20] /a 10
[21/01/2009 12:55:20] /a 10
[21/01/2009 12:55:21] /a 10
[21/01/2009 12:55:21] /a 10
[21/01/2009 12:55:21] /a 10
[21/01/2009 12:55:21] /a 10
[21/01/2009 12:55:21] /a 10
[21/01/2009 12:55:21] /a 10
[21/01/2009 12:55:21] /a 10
[21/01/2009 12:55:21] /a 10
[21/01/2009 12:55:21] /a 10
[21/01/2009 12:55:21] /a 10
[21/01/2009 12:55:21] /a 10
[21/01/2009 12:55:21] /a 10
[21/01/2009 12:55:21] /a 10
[21/01/2009 12:55:21] /a 10
[21/01/2009 12:55:21] /a 10
[21/01/2009 12:55:21] /a 10
[21/01/2009 12:55:21] /a 10
[21/01/2009 12:55:21] /a 10
[21/01/2009 12:55:21] /a 10
[21/01/2009 12:55:21] /a 10
[21/01/2009 12:55:21] /a 10
[21/01/2009 12:55:21] /a 10
[21/01/2009 12:55:21] /a 10
[21/01/2009 12:55:21] /a 10
[21/01/2009 12:55:21] /a 10
[21/01/2009 12:55:21] /a 10
[21/01/2009 12:55:21] /a 10
[21/01/2009 12:55:21] /a 10
[21/01/2009 12:55:22] /a 10
[21/01/2009 12:55:22] /a 10
[21/01/2009 12:55:22] /a 10
[21/01/2009 12:55:22] /a 10
[21/01/2009 12:55:22] /a 10
[21/01/2009 12:55:22] /a 10
[21/01/2009 12:55:22] /a 10
[21/01/2009 12:55:22] /a 10
[21/01/2009 12:55:22] /a 10
[21/01/2009 12:55:22] /a 10
[21/01/2009 12:55:22] /a 10
[21/01/2009 12:55:22] /a 10
[21/01/2009 12:55:22] /a 10
[21/01/2009 12:55:22] /a 10
[21/01/2009 12:55:22] /a 10
[21/01/2009 12:55:22] /a 10
[21/01/2009 12:55:22] /a 10
[21/01/2009 12:55:22] /a 10
[21/01/2009 12:55:22] /a 10
[21/01/2009 12:55:22] /a 10
[21/01/2009 12:55:22] /a 10
[21/01/2009 12:55:22] /a 10
[21/01/2009 12:55:22] /a 10
[21/01/2009 12:55:22] /a 10
[21/01/2009 12:55:22] /a 10
[21/01/2009 12:55:23] /a 10
[21/01/2009 12:55:24] /a 10
[21/01/2009 12:55:24] /a 10
[21/01/2009 12:55:24] /a 10
[21/01/2009 12:55:24] /a 10
[21/01/2009 12:55:24] /a 10
[21/01/2009 12:55:24] /a 10
[21/01/2009 12:55:24] /a 10
[21/01/2009 12:55:24] /a 10
[21/01/2009 12:55:24] /a 10
[21/01/2009 12:55:24] /a 10
[21/01/2009 12:55:24] /a 10
[21/01/2009 12:55:24] /a 10
[21/01/2009 12:55:24] /a 10
[21/01/2009 12:55:24] /a 10
[21/01/2009 12:55:24] /a 10
[21/01/2009 12:55:24] /a 10
[21/01/2009 12:55:24] /a 10
[21/01/2009 12:55:24] /a 10
[21/01/2009 12:55:24] /a 10
[21/01/2009 12:55:24] /a 10
[21/01/2009 12:55:24] /a 10
[21/01/2009 12:55:24] /a 10
[21/01/2009 12:55:24] /a 10
[21/01/2009 12:55:24] /a 10
[21/01/2009 12:55:24] /a 10
[21/01/2009 12:55:24] /a 10
[21/01/2009 12:55:24] /a 10
[21/01/2009 12:55:24] /a 10
[21/01/2009 12:55:25] /a 10
[21/01/2009 12:55:25] /a 10
[21/01/2009 12:55:25] /a 10
[21/01/2009 12:55:25] /a 10
[21/01/2009 12:55:25] /a 10
[21/01/2009 12:55:25] /a 10
[21/01/2009 12:55:25] /a 10
[21/01/2009 12:55:25] /a 10
[21/01/2009 12:55:25] /a 10
[21/01/2009 12:55:25] /a 10
[21/01/2009 12:55:25] /a 10
[21/01/2009 12:55:25] /a 10
[21/01/2009 12:55:25] /a 10
[21/01/2009 12:55:25] /a 10
[21/01/2009 12:55:25] /a 10
[21/01/2009 12:55:25] /a 10
[21/01/2009 12:55:25] /a 10
[21/01/2009 12:55:25] /a 10
[21/01/2009 12:55:25] /a 10
[21/01/2009 12:55:25] /a 10
[21/01/2009 12:55:25] /a 10
[21/01/2009 12:55:25] /a 10
[21/01/2009 12:55:25] /a 10
[21/01/2009 12:55:26] /a 10
[21/01/2009 12:55:26] /a 10
[21/01/2009 12:55:26] /a 10
[21/01/2009 12:55:26] /a 10
[21/01/2009 12:55:26] /a 10
[21/01/2009 12:55:26] /a 10
[21/01/2009 12:55:27] /a 10
[21/01/2009 12:55:27] /a 10
[21/01/2009 12:55:27] /a 10
[21/01/2009 12:55:27] /a 10
[21/01/2009 12:55:27] /a 10
[21/01/2009 12:55:27] /a 10
[21/01/2009 12:55:27] /a 10
[21/01/2009 12:55:27] /a 10
[21/01/2009 12:55:27] /a 10
[21/01/2009 12:55:28] /a 10
[21/01/2009 12:57:14] /a 10
[21/01/2009 12:57:15] /a 10
[21/01/2009 12:57:15] /a 10
[21/01/2009 12:57:15] /a 10
[21/01/2009 12:57:15] /a 10
[21/01/2009 12:57:15] /a 10
[21/01/2009 12:57:15] /a 10
[21/01/2009 12:57:15] /a 10
[21/01/2009 12:57:15] /a 10
[21/01/2009 12:57:15] /a 10
[21/01/2009 12:57:15] /a 10
[21/01/2009 12:57:16] /a 10
[21/01/2009 12:57:17] /a 10
[21/01/2009 12:57:17] /a 10
[21/01/2009 12:57:17] /a 10
[21/01/2009 12:57:17] /a 10
[21/01/2009 12:57:18] /a 10
[21/01/2009 12:57:18] /a 10
[21/01/2009 12:57:19] /a 10
[21/01/2009 12:57:22] /a 10
[21/01/2009 12:57:23] /a 10
[21/01/2009 12:57:23] /a 10
[21/01/2009 12:57:24] /a 10
[21/01/2009 12:57:33] /a 10
[21/01/2009 12:57:34] /a 10
[21/01/2009 12:57:42] /a 10
[21/01/2009 12:57:42] /a 10
[21/01/2009 12:58:12] /t
[23/01/2009 22:46:59] /a 2
[23/01/2009 22:47:03] /a 2
[23/01/2009 22:47:07] /a 2
[23/01/2009 22:47:28] /up
[23/01/2009 22:47:31] /down
[23/01/2009 22:47:32] /down
[24/01/2009 11:19:44] /up
[24/01/2009 11:25:24] /a 2
[24/01/2009 11:25:54] /bc green lol
[24/01/2009 11:26:37] /a 2
[24/01/2009 11:26:52] /a 2
[24/01/2009 11:26:52] /a 2
[24/01/2009 11:26:53] /a 2
[24/01/2009 11:26:54] /a 2
[24/01/2009 11:26:54] /a 2
[24/01/2009 11:26:55] /a 2
[24/01/2009 11:26:55] /a 2
[24/01/2009 11:26:55] /a 2
[24/01/2009 11:26:56] /a 2
[24/01/2009 11:26:56] /a 2
[24/01/2009 11:26:57] /a 2
[24/01/2009 11:26:57] /a 2
[24/01/2009 11:26:57] /a 2
[24/01/2009 11:26:58] /a 2
[24/01/2009 11:26:58] /a 2
[24/01/2009 11:26:59] /a 2
[24/01/2009 11:28:47] /t
[24/01/2009 11:31:17] /goto nightstalker
[24/01/2009 11:31:41] /goto Viniply Nao Reseta
[24/01/2009 11:32:03] /m mutated rat
[24/01/2009 11:32:15] /goto Viniply Nao Reseta
[24/01/2009 11:34:04] /goto Viniply Nao Reseta
[24/01/2009 11:34:59] /goto Viniply Nao Reseta
[24/01/2009 12:35:51] /t
[24/01/2009 12:37:02] /goto knightrox
[24/01/2009 12:37:58] /b é /serverinfo
[24/01/2009 12:38:10] /goto knightrox
[24/01/2009 12:38:20] /t
[24/01/2009 12:38:23] /ghost
[24/01/2009 13:12:17] /mc
[24/01/2009 13:12:43] /attr
[24/01/2009 13:12:44] /attr
[24/01/2009 13:12:46] /attr
[24/01/2009 13:12:47] /attr
[24/01/2009 13:12:48] /attr
[24/01/2009 13:12:51] /attr
[24/01/2009 13:12:52] /attr
[24/01/2009 13:12:53] /attr
[24/01/2009 13:12:57] /attr
[24/01/2009 13:12:58] /a 1
[24/01/2009 13:12:59] /attr
[24/01/2009 13:13:01] /a 1
[24/01/2009 13:13:03] /attr
[24/01/2009 13:13:05] /attr
[24/01/2009 13:13:07] /attr
[24/01/2009 13:13:10] /a 1
[24/01/2009 13:13:22] /serverdiag
[24/01/2009 13:13:40] /serverdiag
[24/01/2009 13:13:54] /shutdown
[24/01/2009 13:13:57] /shutdown 1
[24/01/2009 13:14:09] /shutdown 6
[24/01/2009 13:14:22] /mode
[24/01/2009 13:14:25] /mode 5
[24/01/2009 13:14:28] /mode 1
[24/01/2009 13:14:32] /mode 2
[24/01/2009 13:14:35] /mode 3
[24/01/2009 13:14:36] /mode 4
[24/01/2009 13:14:38] /mode 2
[24/01/2009 13:14:51] /n soya
[24/01/2009 13:16:55] /s 4
[24/01/2009 13:16:58] /s soya
[24/01/2009 13:17:27] /reload talkactions
[24/01/2009 13:17:29] /npc soya
[24/01/2009 13:17:32] /r
[24/01/2009 13:17:55] /r
[24/01/2009 13:17:56] /r
[24/01/2009 13:17:57] /r
[24/01/2009 13:17:58] /r
[24/01/2009 13:19:45] /bc lol
[24/01/2009 13:19:50] /b lol
[24/01/2009 13:20:00] /mkick
[24/01/2009 13:20:05] /mkick 5
[24/01/2009 13:20:08] /mkick 1
[24/01/2009 13:20:09] /mkick 14
[24/01/2009 13:21:01] /squelch
[24/01/2009 13:21:05] /squelch
[24/01/2009 13:21:25] /cliport
[24/01/2009 13:21:57] /cliport
[24/01/2009 13:21:58] /cliport
[24/01/2009 13:22:00] /cliport
[24/01/2009 13:22:27] /reports
[24/01/2009 13:22:38] /notations
[24/01/2009 13:22:59] /info knightrox
[24/01/2009 13:23:13] /baninfo
[24/01/2009 13:23:20] /baninfo knightrox
[24/01/2009 13:27:09] /reload actions
[24/01/2009 13:28:42] /a 1
[24/01/2009 13:31:39] /shutdown 1
[24/01/2009 13:31:56] /down
[24/01/2009 13:31:58] /down
[24/01/2009 13:32:12] /t
[24/01/2009 13:32:18] /up
[24/01/2009 13:32:19] /up
[24/01/2009 13:32:24] /down
[24/01/2009 13:32:28] /a 2
[24/01/2009 13:32:31] /a 2
[24/01/2009 13:32:35] /down
[24/01/2009 13:33:07] /a 1
[24/01/2009 13:37:59] /t
[24/01/2009 13:38:02] /reload actions
[24/01/2009 13:38:25] /reload actions
[24/01/2009 13:39:32] /i berserk potion 
[24/01/2009 13:41:06] /i stuffed dragon 
[24/01/2009 13:41:34] /i surprise bag 
[24/01/2009 13:41:37] /i surprise bag 
[24/01/2009 13:41:38] /i surprise bag 
[24/01/2009 13:41:39] /i surprise bag 
[24/01/2009 13:41:40] /i surprise bag 
[24/01/2009 13:41:41] /i surprise bag 
[24/01/2009 13:41:44] /i surprise bag 
[24/01/2009 13:42:00] /i surprise bag 
[24/01/2009 13:42:02] /i surprise bag 
[24/01/2009 13:42:08] /i surprise bag 
[24/01/2009 13:42:10] /i surprise bag 
[24/01/2009 13:42:11] /i surprise bag 
[24/01/2009 13:42:13] /i surprise bag 
[24/01/2009 13:42:14] /i surprise bag 
[24/01/2009 13:42:15] /i surprise bag 
[24/01/2009 13:42:16] /i surprise bag 
[24/01/2009 13:42:20] /i surprise bag 
[24/01/2009 13:42:21] /i surprise bag 
[24/01/2009 13:42:23] /i surprise bag 
[24/01/2009 13:42:24] /i surprise bag 
[24/01/2009 13:42:25] /i surprise bag 
[24/01/2009 13:42:26] /i surprise bag 
[24/01/2009 13:42:30] /i surprise bag 
[24/01/2009 13:42:31] /i surprise bag 
[24/01/2009 13:42:32] /i surprise bag 
[24/01/2009 13:42:33] /i surprise bag 
[24/01/2009 13:42:34] /i surprise bag 
[24/01/2009 13:42:35] /i surprise bag 
[24/01/2009 13:42:53] /i backpack of holding 
[24/01/2009 13:43:01] /i dice 
[24/01/2009 13:47:52] /i crystal coin 1
[24/01/2009 13:47:59] /i crystal coin 1
[24/01/2009 13:48:02] /i crystal coin 100
[24/01/2009 13:48:14] /i gold coin 100
[24/01/2009 13:48:19] /i demon armor 1
[24/01/2009 13:48:20] /i demon armor 1
[24/01/2009 13:48:33] /i crystal coin
[24/01/2009 13:53:12] /i 9110 
[24/01/2009 13:53:14] /i 9110 
[24/01/2009 13:53:17] /i 9110 
[24/01/2009 13:53:23] /i 9110 
[24/01/2009 13:53:29] /i 724
