[11/07/2009 20:21:33] /addskill GOD Vancini, level , 49000
[11/07/2009 20:22:04] /addskill GOD Vancini, magic level , 200
[11/07/2009 20:22:23] /addskill GOD Vancini , magic level , 150
[11/07/2009 20:22:30] /addskill GOD Vancini, magic level
[11/07/2009 20:22:31] /addskill GOD Vancini, magic level
[11/07/2009 20:22:31] /addskill GOD Vancini, magic level
[11/07/2009 20:22:31] /addskill GOD Vancini, magic level
[11/07/2009 20:22:36] /addskill GOD Vancini, magic level, 150
[11/07/2009 20:22:42] /addskill GOD Vancini, magic level , 20
[11/07/2009 20:22:48] /addskill GOD Vancini, magic level , 20
[11/07/2009 20:22:48] /addskill GOD Vancini, magic level , 20
[11/07/2009 20:22:49] /addskill GOD Vancini, magic level , 20
[11/07/2009 20:22:49] /addskill GOD Vancini, magic level , 20
[11/07/2009 20:22:55] /addskill GOD Vancini, magic level, 20
[11/07/2009 20:22:56] /addskill GOD Vancini, magic level, 20
[11/07/2009 20:23:03] /addskill GOD Vancini, magic level , 15
[11/07/2009 20:23:07] /addskill GOD Vancini, magic level , 5
[11/07/2009 20:23:08] /addskill GOD Vancini, magic level , 5
[11/07/2009 20:23:08] /addskill GOD Vancini, magic level , 5
[11/07/2009 20:23:09] /addskill GOD Vancini, magic level , 5
[11/07/2009 20:23:09] /addskill GOD Vancini, magic level , 5
[11/07/2009 20:23:10] /addskill GOD Vancini, magic level , 5
[11/07/2009 20:23:10] /addskill GOD Vancini, magic level , 5
[11/07/2009 20:23:11] /addskill GOD Vancini, magic level , 5
[11/07/2009 20:23:11] /addskill GOD Vancini, magic level , 5
[11/07/2009 20:23:14] /addskill GOD Vancini, magic level , 5
[11/07/2009 20:23:17] /addskill GOD Vancini, magic level , 
[11/07/2009 20:23:21] /addskill GOD Vancini, magic level 
[11/07/2009 20:23:22] /addskill GOD Vancini, magic level 
[11/07/2009 20:23:22] /addskill GOD Vancini, magic level 
[11/07/2009 20:23:23] /addskill GOD Vancini, magic level 
[11/07/2009 20:23:23] /addskill GOD Vancini, magic level 
[11/07/2009 20:23:26] /addskill GOD Vancini, magic level 
[11/07/2009 20:23:26] /addskill GOD Vancini, magic level 
[11/07/2009 20:23:27] /addskill GOD Vancini, magic level 
[11/07/2009 20:23:35] /addskill GOD Vancini, sword
[11/07/2009 20:23:36] /addskill GOD Vancini, sword
[11/07/2009 20:23:36] /addskill GOD Vancini, sword
[11/07/2009 20:23:37] /addskill GOD Vancini, sword
[11/07/2009 20:23:45] /addskill GOD Vancini, axe
[11/07/2009 20:23:46] /addskill GOD Vancini, axe
[11/07/2009 20:23:46] /addskill GOD Vancini, axe
[11/07/2009 20:23:47] /addskill GOD Vancini, axe
[11/07/2009 20:23:50] /addskill GOD Vancini, axe , 25
[11/07/2009 20:23:53] /addskill GOD Vancini, axe , 25
[11/07/2009 20:23:55] /addskill GOD Vancini, axe
[11/07/2009 20:23:55] /addskill GOD Vancini, axe
[11/07/2009 20:23:56] /addskill GOD Vancini, axe
[11/07/2009 20:23:56] /addskill GOD Vancini, axe
[11/07/2009 20:24:03] /addskill GOD Vancini, distance
[11/07/2009 20:24:04] /addskill GOD Vancini, distance
[11/07/2009 20:24:04] /addskill GOD Vancini, distance
[11/07/2009 20:24:05] /addskill GOD Vancini, distance
[11/07/2009 20:24:05] /addskill GOD Vancini, distance
[11/07/2009 20:24:06] /addskill GOD Vancini, distance
[11/07/2009 20:24:06] /addskill GOD Vancini, distance
[11/07/2009 20:24:06] /addskill GOD Vancini, distance
[11/07/2009 20:24:07] /addskill GOD Vancini, distance
[11/07/2009 20:24:07] /addskill GOD Vancini, distance
[11/07/2009 20:24:08] /addskill GOD Vancini, distance
[11/07/2009 20:24:13] /addskill GOD Vancini, distance 15
[11/07/2009 20:24:27] /addskill GOD Vancini, distance
[11/07/2009 20:24:28] /addskill GOD Vancini, distance
[11/07/2009 20:24:29] /addskill GOD Vancini, distance
[11/07/2009 20:24:29] /addskill GOD Vancini, distance
[11/07/2009 20:24:30] /addskill GOD Vancini, distance
[11/07/2009 20:24:30] /addskill GOD Vancini, distance
[11/07/2009 20:24:31] /addskill GOD Vancini, distance
[11/07/2009 20:24:31] /addskill GOD Vancini, distance
[11/07/2009 20:24:32] /addskill GOD Vancini, distance
[11/07/2009 20:24:32] /addskill GOD Vancini, distance
[11/07/2009 20:24:32] /addskill GOD Vancini, distance
[11/07/2009 20:24:33] /addskill GOD Vancini, distance
[11/07/2009 20:24:33] /addskill GOD Vancini, distance
[11/07/2009 20:24:34] /addskill GOD Vancini, distance
[11/07/2009 20:24:35] /addskill GOD Vancini, distance
[11/07/2009 20:24:35] /addskill GOD Vancini, distance
[11/07/2009 20:24:36] /addskill GOD Vancini, distance
[11/07/2009 20:24:42] /addskill GOD Vancini, fist
[11/07/2009 20:24:42] /addskill GOD Vancini, fist
[11/07/2009 20:24:43] /addskill GOD Vancini, fist
[11/07/2009 20:24:43] /addskill GOD Vancini, fist
[11/07/2009 20:24:43] /addskill GOD Vancini, fist
[11/07/2009 20:24:44] /addskill GOD Vancini, fist
[11/07/2009 20:24:44] /addskill GOD Vancini, fist
[11/07/2009 20:24:45] /addskill GOD Vancini, fist
[11/07/2009 20:24:45] /addskill GOD Vancini, fist
[11/07/2009 20:24:46] /addskill GOD Vancini, fist
[11/07/2009 20:24:46] /addskill GOD Vancini, fist
[11/07/2009 20:24:47] /addskill GOD Vancini, fist
[11/07/2009 20:24:47] /addskill GOD Vancini, fist
[11/07/2009 20:24:48] /addskill GOD Vancini, fist
[11/07/2009 20:24:48] /addskill GOD Vancini, fist
[11/07/2009 20:24:49] /addskill GOD Vancini, fist
[11/07/2009 20:24:49] /addskill GOD Vancini, fist
[11/07/2009 20:24:50] /addskill GOD Vancini, fist
[11/07/2009 20:24:51] /addskill GOD Vancini, fist
[11/07/2009 20:24:51] /addskill GOD Vancini, fist
[11/07/2009 20:24:52] /addskill GOD Vancini, fist
[11/07/2009 20:24:52] /addskill GOD Vancini, fist
[11/07/2009 20:24:53] /addskill GOD Vancini, fist
[11/07/2009 20:24:54] /addskill GOD Vancini, fist
[11/07/2009 20:24:54] /addskill GOD Vancini, fist
[11/07/2009 20:24:55] /addskill GOD Vancini, fist
[11/07/2009 20:24:55] /addskill GOD Vancini, fist
[11/07/2009 20:24:58] /addskill GOD Vancini, fist 25
[11/07/2009 20:24:59] /addskill GOD Vancini, fist
[11/07/2009 20:25:00] /addskill GOD Vancini, fist
[11/07/2009 20:25:02] /addskill GOD Vancini, fist 25
[11/07/2009 20:25:52] /addskill GOD Vancini, fist , 25
[11/07/2009 20:25:53] /addskill GOD Vancini, fist
[11/07/2009 20:25:56] /addskill GOD Vancini, fist, 25
[11/07/2009 20:25:56] /addskill GOD Vancini, fist
[11/07/2009 20:25:57] /addskill GOD Vancini, fist
[11/07/2009 20:25:57] /addskill GOD Vancini, fist
[11/07/2009 20:25:58] /addskill GOD Vancini, fist
[11/07/2009 20:25:58] /addskill GOD Vancini, fist
[11/07/2009 20:26:04] /addskill GOD Vancini, shield , 25
[11/07/2009 20:26:08] /addskill GOD Vancini, fist 25
[11/07/2009 20:26:12] /addskill GOD Vancini, fist ,25
[11/07/2009 20:26:26] /addskill GOD Vancini, shield
[11/07/2009 20:26:27] /addskill GOD Vancini, shield
[11/07/2009 20:26:27] /addskill GOD Vancini, shield
[11/07/2009 20:26:31] /addskill GOD Vancini, shield , 15
[11/07/2009 20:26:34] /addskill GOD Vancini, shield , 15
[11/07/2009 20:26:38] /addskill GOD Vancini, shield , 15
[11/07/2009 20:26:39] /addskill GOD Vancini, shield
[11/07/2009 20:26:39] /addskill GOD Vancini, shield
[11/07/2009 20:26:40] /addskill GOD Vancini, shield
[11/07/2009 20:26:43] /addskill GOD Vancini, shield , 20
[11/07/2009 20:26:47] /addskill GOD Vancini, shield , 10
[11/07/2009 20:26:53] /addskill GOD Vancini, shield , 50]
[11/07/2009 20:26:54] /addskill GOD Vancini, shield
[11/07/2009 20:26:55] /addskill GOD Vancini, shield
[11/07/2009 20:26:55] /addskill GOD Vancini, shield
[11/07/2009 20:26:56] /addskill GOD Vancini, shield
[11/07/2009 20:26:56] /addskill GOD Vancini, shield
[11/07/2009 20:26:57] /addskill GOD Vancini, shield
[11/07/2009 20:27:04] /addskill GOD Vancini, axe
[11/07/2009 20:27:05] /addskill GOD Vancini, axe
[11/07/2009 20:27:05] /addskill GOD Vancini, axe
[11/07/2009 20:27:06] /addskill GOD Vancini, axe
[11/07/2009 20:27:06] /addskill GOD Vancini, axe
[11/07/2009 20:27:07] /addskill GOD Vancini, axe
[11/07/2009 20:27:45] /save
[11/07/2009 20:28:05] /m zugurosh
[11/07/2009 20:28:24] /clean
[11/07/2009 20:28:28] /m infernatil
[11/07/2009 20:28:39] /clean
[11/07/2009 20:28:51] /m apocalypse
[11/07/2009 20:29:00] /clean
[11/07/2009 20:29:04] /clean
[11/07/2009 20:29:09] /clean
[11/07/2009 20:29:18] /clean
[11/07/2009 20:29:46] /save
[11/07/2009 20:32:49] /clean
[11/07/2009 20:33:07] /clean
[11/07/2009 20:33:15] /ghost
[11/07/2009 20:33:17] /ghost
[11/07/2009 21:02:56] /save
[11/07/2009 21:04:19] /a 3
[11/07/2009 21:04:24] /t
[11/07/2009 21:04:30] /c testes dois
[11/07/2009 21:04:42] /c teste dois
[14/07/2009 18:35:23] /a 2
[14/07/2009 18:35:35] /a
[14/07/2009 18:35:50] /a 3
[14/07/2009 18:37:42] /a
[14/07/2009 18:37:47] /a
[14/07/2009 18:38:06] /a
[14/07/2009 18:38:11] /a
[14/07/2009 18:39:25] /a
[14/07/2009 18:40:56] /t
[14/07/2009 18:41:10] /t
[14/07/2009 18:41:46] /i crow shiled
[14/07/2009 18:41:55] /i crow shield
[14/07/2009 18:42:59] /i Crown Helmet 
[14/07/2009 18:44:53] /a
[14/07/2009 18:45:01] /a
[14/07/2009 18:45:58] /t
[14/07/2009 18:47:48] /a
[14/07/2009 18:48:12] /t
[14/07/2009 18:50:24] /a
[14/07/2009 18:51:40] /t
[14/07/2009 18:53:04] /i Mammoth Fur Cape
[14/07/2009 18:54:27] /i Dwarven Legs
[14/07/2009 18:55:18] /i 2399
[14/07/2009 18:55:59] /i 2525
[14/07/2009 18:56:23] /i Dragon Shield
[14/07/2009 18:56:48] /i 2399
[14/07/2009 18:57:06] /i 2124
[14/07/2009 18:57:14] /i 2124
[14/07/2009 18:57:38] /i 2491
[14/07/2009 18:57:52] /i 2504
[14/07/2009 18:58:07] /i 2643
[14/07/2009 18:58:15] /i pirate boots
[14/07/2009 18:58:32] /i 2463
[14/07/2009 18:58:46] /i noble armor
[14/07/2009 18:59:10] /i 7342
[14/07/2009 18:59:18] /i crow backpack
[14/07/2009 18:59:32] /i crown backpack
[14/07/2009 19:00:30] /i 2160
[14/07/2009 19:00:55] /i 2554
[14/07/2009 19:01:33] /clean
[14/07/2009 19:01:44] /i ligth shovel
[14/07/2009 19:01:56] /i light shovel
[14/07/2009 19:02:11] /i 2120
[14/07/2009 19:02:22] /i 2190
[14/07/2009 19:03:21] /i Wand of Decay
[14/07/2009 19:03:39] /i 2182
[14/07/2009 19:04:04] /i Necrotic Rod
[14/07/2009 19:04:19] /i 2428
[14/07/2009 19:05:04] /i Crimson Sword
[14/07/2009 19:05:19] /i Wyvern Fang
[14/07/2009 19:06:22] /i Diamond Sceptre
[14/07/2009 19:06:43] /i 2428
[14/07/2009 19:07:08] /i Knight Axe
[14/07/2009 19:07:29] /i 2185
[14/07/2009 19:07:38] /i 30001
[14/07/2009 19:19:37] /clean
[14/07/2009 20:15:20] /i vancini sword
[14/07/2009 20:16:15] /i vancini axe
[15/07/2009 18:38:58] /i plate legs
[15/07/2009 18:39:05] /i dwarven legs
[15/07/2009 18:42:51] /i vancini armor
[15/07/2009 18:42:59] /i vancini legs
[15/07/2009 18:46:56] /i vancini axe
[15/07/2009 18:47:03] /i vancini sword
[15/07/2009 18:47:10] /i vancini club
[15/07/2009 18:48:53] /i vancini helmet
[15/07/2009 18:49:32] /i Dark Trinity Mace 
[15/07/2009 18:52:12] /i Patched Boots
[15/07/2009 18:54:09] /i Patched Boots
[15/07/2009 18:54:21] /i Fur Boots 
[15/07/2009 18:55:11] /i Leather Boots
[15/07/2009 19:02:05] /i vancini ring
[15/07/2009 19:04:01] /i vancini ring
[15/07/2009 19:06:38] /i time ring
[15/07/2009 19:07:22] /i 2206
[15/07/2009 19:07:29] /clean
[15/07/2009 19:09:28] /i viper star
[15/07/2009 19:09:50] /i star
[15/07/2009 19:10:10] /i Throwing Star
[15/07/2009 19:17:16] /a 25
[15/07/2009 19:17:21] /a 3
[15/07/2009 19:18:24] /a vancini star
[15/07/2009 19:18:29] /i vancini star
[15/07/2009 19:18:42] /m ushuriel
[15/07/2009 19:19:15] /a 22
[15/07/2009 19:20:12] /goto slayer seller
[15/07/2009 19:20:23] /goto paladin seller
[15/07/2009 19:20:32] /goto Slayer Seller
[15/07/2009 19:20:52] /goto Slayer Promotion Seller
[15/07/2009 19:21:47] /goto promotion seller
[15/07/2009 19:22:02] /goto vip seller
[15/07/2009 19:23:16] /goto Vip Seller
[15/07/2009 19:25:33] /i vancini club
[15/07/2009 19:25:39] /i vancini helmet
[15/07/2009 19:26:17] /i vancini shield
[15/07/2009 19:33:58] /i vancini helmet
[15/07/2009 19:34:09] /i vancini club
[15/07/2009 19:34:15] /i vancini shield
[15/07/2009 19:37:21] /save
[15/07/2009 19:39:23] /goto treiner
[15/07/2009 19:40:46] /openserver
[15/07/2009 19:42:28] /openserver
[15/07/2009 19:43:51] /t
[15/07/2009 19:43:54] /t
[15/07/2009 19:45:39] /c Leo Oro
[15/07/2009 19:46:40] /t
[15/07/2009 19:46:57] /goto leo oro
[15/07/2009 19:47:41] /c leo oro
[15/07/2009 19:48:22] /a 3
[15/07/2009 19:48:32] /t
[15/07/2009 19:48:36] /goto leo oro
[15/07/2009 19:49:08] /addskill Leo Oro, level , 270
[15/07/2009 19:49:14] /goto leo oro
[15/07/2009 19:49:36] /c leo oro
[15/07/2009 19:50:00] /a 2
[15/07/2009 19:50:27] /ghost
[15/07/2009 19:50:30] /a 2
[15/07/2009 20:07:00] /goto Leo oro
[15/07/2009 20:08:41] /c account manager
[15/07/2009 20:10:25] /ghost
[15/07/2009 20:21:34] /clean
[15/07/2009 20:22:06] /goto leo oro
[15/07/2009 20:22:41] /t
[15/07/2009 20:22:48] /goto accont manager
[15/07/2009 20:33:41] /goto Venon
[15/07/2009 20:36:44] /goto venon
[15/07/2009 20:37:00] /goto Mister magul
[15/07/2009 20:45:32] /t
[15/07/2009 20:45:49] /i 2160
[15/07/2009 21:29:12] /goto addon seller
[15/07/2009 21:29:17] /a 1
[15/07/2009 21:29:58] /ghost
[15/07/2009 21:30:33] /a 2160
[15/07/2009 21:30:33] /a 2160
[15/07/2009 21:30:43] /i 2160
[15/07/2009 21:30:43] /i 2160
[15/07/2009 21:30:44] /i 2160
[15/07/2009 21:30:44] /i 2160
[15/07/2009 21:30:45] /i 2160
[15/07/2009 21:30:45] /i 2160
[15/07/2009 21:30:45] /i 2160
[15/07/2009 21:30:46] /i 2160
[15/07/2009 21:31:01] /i 2160
[15/07/2009 21:31:01] /i 2160
[15/07/2009 21:31:02] /i 2160
[15/07/2009 21:31:03] /i 2160
[15/07/2009 21:31:03] /i 2160
[15/07/2009 21:31:04] /i 2160
[15/07/2009 21:31:17] /i 2160
[15/07/2009 21:31:17] /i 2160
[15/07/2009 21:31:23] /i 2160
[15/07/2009 21:31:24] /i 2160
[15/07/2009 21:31:24] /i 2160
[15/07/2009 21:31:24] /i 2160
[15/07/2009 21:31:25] /i 2160
[15/07/2009 21:31:25] /i 2160
[15/07/2009 21:31:25] /i 2160
[15/07/2009 21:31:26] /i 2160/i 2160
[15/07/2009 21:31:27] /i 2160
[15/07/2009 21:31:27] /i 2160
[15/07/2009 21:31:28] /i 2160
[15/07/2009 21:31:43] /i 2160
[15/07/2009 21:31:44] /i 2160
[15/07/2009 21:31:44] /i 2160
[15/07/2009 21:31:46] /i 2160
[15/07/2009 21:32:54] /i vancini axe
[15/07/2009 21:33:01] /i vancini sword
[15/07/2009 21:33:08] /i vancini club
[15/07/2009 21:33:14] /i vancini shield
[15/07/2009 21:33:22] /i vancini armor
[15/07/2009 21:33:28] /i vancini legs
[15/07/2009 21:33:35] /i vancini boots
[15/07/2009 21:33:42] /i vancini helmet
[15/07/2009 21:35:03] /ghost
[15/07/2009 21:35:55] /ghost
[15/07/2009 21:36:39] /i demon back pack
[15/07/2009 21:36:51] /i demon backpack
[15/07/2009 21:36:59] /i mon backpack
[15/07/2009 21:37:07] /i moon backpack
[15/07/2009 21:38:23] /i greath shield
[15/07/2009 21:38:29] /i great shield
[15/07/2009 21:38:37] /i blessed shield
[15/07/2009 21:38:54] /i master mind shield
[15/07/2009 21:39:09] /i golden helmet
[15/07/2009 21:39:15] /i demon helmet
[15/07/2009 21:39:26] /i magic plate armor
[15/07/2009 21:39:34] /i demon armor
[15/07/2009 21:39:48] /i golden legs
[15/07/2009 21:40:05] /i dragon scale legs
[15/07/2009 21:40:26] /i softh bootes
[15/07/2009 21:40:37] /i nigthmare shied
[15/07/2009 21:41:02] /i nightmare shield
[15/07/2009 21:41:29] /i dragon scale helmet
[15/07/2009 21:41:48] /i master archer armor
[15/07/2009 21:42:22] /i Yalahari Armor
[15/07/2009 21:42:32] /i firewalker boots
[15/07/2009 21:42:41] /i boots of haste
[15/07/2009 21:43:01] /clean
[15/07/2009 21:43:12] /i 2160
[15/07/2009 21:44:21] /i vancini star
[15/07/2009 21:55:21] /i vancini armor
[15/07/2009 21:55:26] /i vancini legs
[15/07/2009 21:55:30] /i vancini shield
[15/07/2009 21:55:35] /i vancini helmet
[15/07/2009 21:55:41] /i vancini boots
[15/07/2009 21:55:58] /i amulet of loss
[15/07/2009 22:15:08] /addskill Demolidor, level , 200
[15/07/2009 22:18:51] /clean
[15/07/2009 22:19:17] /a 2
[15/07/2009 22:19:41] /a
[15/07/2009 22:21:51] /save
[15/07/2009 22:30:03] /closeserver
[15/07/2009 22:32:06] /t
[16/07/2009 18:03:52] /t
[16/07/2009 18:04:09] /goto 160, 54, 4
[16/07/2009 18:04:33] /goto 160, 54, 5
[16/07/2009 18:04:42] /goto 160, 54, 7
[16/07/2009 18:06:19] /openserver
[16/07/2009 18:07:37] /goto vip seller
[16/07/2009 18:07:49] /goto Slayer seller
[16/07/2009 18:19:35] /clean
[16/07/2009 18:30:56] /clean
[16/07/2009 18:33:56] /goto Harry Potter
[16/07/2009 18:34:02] /t
[16/07/2009 18:34:05] /c Harry Potter
[16/07/2009 18:34:15] /clean
[16/07/2009 18:41:12] /clean
[16/07/2009 18:51:55] /c Elder Duid
[16/07/2009 18:52:05] /c Elder Duid
[16/07/2009 18:52:15] /goto Elder Druid
[16/07/2009 18:52:20] /t
[16/07/2009 19:41:03] /m infernatil
[16/07/2009 19:41:30] /m infernatil
[16/07/2009 19:42:09] /clean
[17/07/2009 16:30:02] /m infernatil
[17/07/2009 16:30:39] /m infernatil
[17/07/2009 20:07:05] /i 9001
[18/07/2009 09:29:16] /t
[18/07/2009 09:29:32] /goto 160, 54, 7
[18/07/2009 09:29:54] /goto 64 , 229 , 7
[18/07/2009 09:30:07] /a 5
[18/07/2009 09:30:10] /a 6
[18/07/2009 09:30:20] /a 50
[18/07/2009 09:30:54] /t
[18/07/2009 09:30:59] /goto temple
[18/07/2009 09:31:50] /t
[18/07/2009 09:32:23] /t
[18/07/2009 09:34:18] /m infernatil
[18/07/2009 09:34:23] /m infernatil
[18/07/2009 09:34:24] /m infernatil
[18/07/2009 09:34:25] /m infernatil
[18/07/2009 09:34:25] /m infernatil
[18/07/2009 09:34:26] /m infernatil
[18/07/2009 09:34:27] /m infernatil
[18/07/2009 09:34:28] /m infernatil
[18/07/2009 09:34:45] /clean
[18/07/2009 09:34:52] /m zugurosh
[18/07/2009 09:34:52] /m zugurosh
[18/07/2009 09:34:53] /m zugurosh
[18/07/2009 09:34:53] /m zugurosh
[18/07/2009 09:34:53] /m zugurosh
[18/07/2009 09:34:54] /m zugurosh/m zugurosh
[18/07/2009 09:34:55] /m zugurosh
[18/07/2009 09:34:55] /m zugurosh
[18/07/2009 09:34:56] /m zugurosh
[18/07/2009 09:35:13] /m orshaball
[18/07/2009 09:35:25] /m orshabal
[18/07/2009 09:36:23] /clean
[18/07/2009 09:36:32] /clean
[18/07/2009 09:36:36] /i demon backpack
[18/07/2009 09:36:45] /i demon backpack
[18/07/2009 09:36:56] /i amulet of loss
[18/07/2009 09:37:06] /i vancini helmet
[18/07/2009 09:37:24] /i vancini armor
[18/07/2009 09:37:27] /i vancini legs
[18/07/2009 09:37:35] /i vancini sword
[18/07/2009 09:37:42] /i vancini shield
[18/07/2009 09:37:48] /i vancini boots
[18/07/2009 09:37:55] /clean
[18/07/2009 09:38:24] /addskill GOD Vancini , sword , 90
[18/07/2009 09:38:27] /addskill GOD Vancini , sword , 15
[18/07/2009 09:38:30] /addskill GOD Vancini , sword , 25
[18/07/2009 09:38:32] /addskill GOD Vancini , sword , 25
[18/07/2009 09:38:33] /addskill GOD Vancini , sword , 
[18/07/2009 09:38:34] /addskill GOD Vancini , sword , 
[18/07/2009 09:38:34] /addskill GOD Vancini , sword , 
[18/07/2009 09:38:35] /addskill GOD Vancini , sword , 
[18/07/2009 09:38:35] /addskill GOD Vancini , sword , 
[18/07/2009 09:38:35] /addskill GOD Vancini , sword , 
[18/07/2009 09:38:36] /addskill GOD Vancini , sword , 
[18/07/2009 09:38:54] /addskill GOD Vancini , distance , 50
[18/07/2009 09:38:59] /addskill GOD Vancini , distance , /addskill GOD Vancini , distance , 
[18/07/2009 09:38:59] /addskill GOD Vancini , distance , 
[18/07/2009 09:39:00] /addskill GOD Vancini , distance , 
[18/07/2009 09:39:00] /addskill GOD Vancini , distance , 
[18/07/2009 09:39:01] /addskill GOD Vancini , distance , 
[18/07/2009 09:39:06] /addskill GOD Vancini , distance ,/clean
[18/07/2009 09:39:11] /i vancini star
[18/07/2009 09:39:22] /t
[19/07/2009 11:16:03] /openserver
[19/07/2009 11:23:35] /c leo oro
[19/07/2009 11:24:24] /t
[19/07/2009 11:45:29] /addskill Druid, level 370
[19/07/2009 11:45:45] /addskill Druid, level, 370
[19/07/2009 11:47:58] /addskill Druid , magic level , 50
[19/07/2009 12:34:00] /goto 135,34, 7
[19/07/2009 12:34:34] /goto 140, 60, 7
[19/07/2009 12:40:22] /i 9001
[19/07/2009 12:40:29] /clean
[19/07/2009 12:41:33] /i 2931
[19/07/2009 12:42:11] /clean
[19/07/2009 12:44:04] /clean
[19/07/2009 12:46:13] /clean
[19/07/2009 12:50:34] /clean
[19/07/2009 13:04:13] /t
[19/07/2009 13:04:57] /a 12
[19/07/2009 13:05:00] /a 3
[19/07/2009 13:05:07] /clean
[19/07/2009 13:05:15] /a 2
[19/07/2009 13:05:36] /i crown backpack
[19/07/2009 13:05:45] /i moon backpack
[19/07/2009 13:05:54] /i Orange Backpack
[19/07/2009 13:06:49] /clean
[19/07/2009 13:08:13] /t
[19/07/2009 13:16:58] /ghost
[19/07/2009 13:17:20] /ghost
[19/07/2009 13:17:25] /ghost
[19/07/2009 13:26:40] /clean
[19/07/2009 13:28:25] /clean
[19/07/2009 13:41:49] /save
[20/07/2009 22:21:00] /addskill GOD Vancini , axe , 50
[20/07/2009 22:21:01] /addskill GOD Vancini , axe , 50
[20/07/2009 22:21:02] /addskill GOD Vancini , axe , 50
[20/07/2009 22:21:10] /addskill GOD Vancini , axe
[20/07/2009 22:21:10] /addskill GOD Vancini , axe
[20/07/2009 22:21:11] /addskill GOD Vancini , axe
[20/07/2009 22:21:11] /addskill GOD Vancini , axe
[20/07/2009 22:21:12] /addskill GOD Vancini , axe
[20/07/2009 22:21:12] /addskill GOD Vancini , axe
[20/07/2009 22:21:14] /addskill GOD Vancini , axe/addskill GOD Vancini , axe
[20/07/2009 22:21:14] /addskill GOD Vancini , axe
[20/07/2009 22:21:15] /addskill GOD Vancini , axe
[20/07/2009 22:21:15] /addskill GOD Vancini , axe
[20/07/2009 22:21:16] /addskill GOD Vancini , axe
[20/07/2009 22:21:16] /addskill GOD Vancini , axe
[20/07/2009 22:21:16] /addskill GOD Vancini , axe
[20/07/2009 22:21:17] /addskill GOD Vancini , axe
[20/07/2009 22:21:17] /addskill GOD Vancini , axe
[20/07/2009 22:21:18] /addskill GOD Vancini , axe
[20/07/2009 22:21:18] /addskill GOD Vancini , axe
[20/07/2009 22:21:18] /addskill GOD Vancini , axe
[20/07/2009 22:21:19] /addskill GOD Vancini , axe
[20/07/2009 22:21:19] /addskill GOD Vancini , axe
[20/07/2009 22:21:19] /addskill GOD Vancini , axe
[20/07/2009 22:21:20] /addskill GOD Vancini , axe
[20/07/2009 22:21:20] /addskill GOD Vancini , axe
[20/07/2009 22:21:21] /addskill GOD Vancini , axe
[20/07/2009 22:21:21] /addskill GOD Vancini , axe
[20/07/2009 22:21:21] /addskill GOD Vancini , axe
[20/07/2009 22:21:22] /addskill GOD Vancini , axe
[20/07/2009 22:21:22] /addskill GOD Vancini , axe
[20/07/2009 22:21:23] /addskill GOD Vancini , axe
[20/07/2009 22:24:05] /addskill Demolidor , level , 214
[20/07/2009 22:24:17] /addskill Demolidor , level , 5
[20/07/2009 22:24:24] /addskill Demolidor , level , 45
[21/07/2009 17:18:25] /i vancini legs
[21/07/2009 17:18:30] /i vancini armor
[21/07/2009 17:18:36] /i vancini shield
[21/07/2009 17:18:43] /i vancini sword
[21/07/2009 17:18:50] /i vancini club
[21/07/2009 17:18:55] /i vancini helmet
[21/07/2009 17:19:02] /i vancini boots
[21/07/2009 17:19:18] /i vancini star
[21/07/2009 17:20:10] /t
[21/07/2009 17:59:04] /addskill Demolidor , level , 264
[21/07/2009 17:59:15] /addskill Demolidor , level , 100
[21/07/2009 17:59:40] /i vancini star
[21/07/2009 17:59:54] /i vancini legs
[21/07/2009 17:59:58] /i vancini armor
[21/07/2009 18:00:01] /i vancini shield
[21/07/2009 18:00:16] /clean
[21/07/2009 18:00:29] /i ultimate healing rune
[21/07/2009 18:00:50] /i demon backpack
[21/07/2009 18:00:50] /i demon backpack
[21/07/2009 18:01:05] /a 25
[21/07/2009 18:01:10] /a 3
[21/07/2009 18:01:35] /i sudden death rune
[21/07/2009 18:02:02] /i mana rune
[21/07/2009 18:02:27] /addskill Demolidor, distance , 100
[21/07/2009 18:02:57] /addskill Demolidor , magic level , 13
[21/07/2009 18:03:29] /addskill Demolidor , shield , 27
[21/07/2009 18:03:39] /addskill Demolidor , shield , 27
[21/07/2009 18:03:40] /addskill Demolidor , shield , 27
[21/07/2009 18:03:40] /addskill Demolidor , shield , 27
[21/07/2009 18:03:40] /addskill Demolidor , shield , 27
[21/07/2009 18:04:21] /i amulet of loss
[21/07/2009 18:04:46] /addskill Demolidor , level , 100
[21/07/2009 18:16:32] /c Demolidor
[21/07/2009 18:16:55] /addskill Demolidor, level, 264
[21/07/2009 18:17:02] /addskill Demolidor , shield , 27
[21/07/2009 18:17:02] /addskill Demolidor , shield , 27
[21/07/2009 18:17:03] /addskill Demolidor , shield , 27
[21/07/2009 18:17:03] /addskill Demolidor , shield , 27
[21/07/2009 18:17:10] /addskill Demolidor , shield , 27
[21/07/2009 18:17:17] /addskill Demolidor , level , 100
[21/07/2009 18:17:27] /addskill Demolidor , distance , 25
[21/07/2009 18:17:28] /addskill Demolidor , distance , 25
[21/07/2009 18:17:28] /addskill Demolidor , distance , 25
[21/07/2009 18:17:29] /addskill Demolidor , distance , 25
[21/07/2009 18:17:29] /addskill Demolidor , distance , 25
[21/07/2009 18:17:29] /addskill Demolidor , distance , 25
[21/07/2009 18:17:34] /addskill Demolidor , distance , 25
[21/07/2009 18:17:58] /addskill Demolidor , magic level , 25
[21/07/2009 18:18:00] /addskill Demolidor , magic level , 25
[21/07/2009 18:18:51] /i vancini shield
[21/07/2009 18:18:52] /i vancini shield
[21/07/2009 18:19:07] /i vancini star
[21/07/2009 18:19:17] /i vancini boots
[21/07/2009 18:19:20] /i vancini helmet
[21/07/2009 18:19:42] /i demon backpack
[21/07/2009 18:19:51] /i amulet of loss
[21/07/2009 18:20:21] /i ultimate healing rune
[21/07/2009 18:20:27] /clean
[21/07/2009 18:20:46] /save
[21/07/2009 18:23:37] /kick Demolidor
[21/07/2009 18:34:22] /ban leo oro
[21/07/2009 18:34:32] /ban leo oro 1
[21/07/2009 18:34:42] /ban Leo Oro 1
[21/07/2009 18:34:58] /ban 1 Leo Oro
[21/07/2009 18:35:03] /ban  Leo Oro
[21/07/2009 18:35:13] /ban , 1 , Leo Oro
[21/07/2009 18:35:21] /ban Leo Oro, 1
[21/07/2009 18:35:46] /unban Leo oro
[21/07/2009 18:36:17] /goto Leo oro
[21/07/2009 18:37:02] /clean
[21/07/2009 18:37:11] /goto leo oro
[21/07/2009 18:37:18] /i vancini star
[21/07/2009 18:38:12] /i vancini star
[21/07/2009 18:38:29] /i greath shield
[21/07/2009 18:38:39] /i greath shield
[21/07/2009 18:38:47] /m ferumbras
[21/07/2009 18:38:48] /m ferumbras
[21/07/2009 18:38:48] /m ferumbras
[21/07/2009 18:38:48] /m ferumbras
[21/07/2009 18:38:49] /m ferumbras
[21/07/2009 18:38:49] /m ferumbras
[21/07/2009 18:38:50] /m ferumbras
[21/07/2009 18:38:50] /m ferumbras
[21/07/2009 18:39:27] /i green backpack
[21/07/2009 18:39:27] /i green backpack
[21/07/2009 18:39:32] /i green backpack
[21/07/2009 18:39:46] /i dragon scale boots
[21/07/2009 18:39:54] /i crocodile boots
[21/07/2009 18:39:58] /clean
[21/07/2009 18:40:03] /t
[21/07/2009 18:41:59] /addskill GOD Vancini , distance , 25
[21/07/2009 18:42:02] /addskill GOD Vancini , distance , 25
[21/07/2009 18:42:02] /addskill GOD Vancini , distance , 
[21/07/2009 18:42:03] /addskill GOD Vancini , distance , 
[21/07/2009 18:42:03] /addskill GOD Vancini , distance , 
[21/07/2009 18:42:04] /addskill GOD Vancini , distance , 
[21/07/2009 18:42:04] /addskill GOD Vancini , distance , 
[21/07/2009 18:42:05] /addskill GOD Vancini , distance , 
[21/07/2009 18:42:05] /addskill GOD Vancini , distance , 
[21/07/2009 18:42:06] /addskill GOD Vancini , distance , 
[21/07/2009 18:42:12] /addskill GOD Vancini , shield
[21/07/2009 18:42:12] /addskill GOD Vancini , shield
[21/07/2009 18:42:13] /addskill GOD Vancini , shield
[21/07/2009 18:42:13] /addskill GOD Vancini , shield
[21/07/2009 18:42:13] /addskill GOD Vancini , shield
[21/07/2009 18:42:14] /addskill GOD Vancini , shield
[21/07/2009 18:42:14] /addskill GOD Vancini , shield
[21/07/2009 18:42:15] /addskill GOD Vancini , shield
[21/07/2009 18:42:15] /addskill GOD Vancini , shield
[21/07/2009 18:42:15] /addskill GOD Vancini , shield
[21/07/2009 18:42:16] /addskill GOD Vancini , shield
[21/07/2009 18:42:16] /addskill GOD Vancini , shield
[21/07/2009 18:42:17] /addskill GOD Vancini , shield
[21/07/2009 18:42:17] /addskill GOD Vancini , shield
[21/07/2009 18:42:17] /addskill GOD Vancini , shield
[21/07/2009 18:42:18] /addskill GOD Vancini , shield
[21/07/2009 18:42:18] /addskill GOD Vancini , shield
[21/07/2009 18:42:19] /addskill GOD Vancini , shield
[21/07/2009 18:42:21] /addskill GOD Vancini , shield
[21/07/2009 18:42:21] /addskill GOD Vancini , shield
[21/07/2009 18:42:22] /addskill GOD Vancini , shield
[21/07/2009 18:42:22] /addskill GOD Vancini , shield
[21/07/2009 18:42:23] /addskill GOD Vancini , shield
[21/07/2009 18:42:23] /addskill GOD Vancini , shield
[21/07/2009 18:42:24] /addskill GOD Vancini , shield
[21/07/2009 18:42:24] /addskill GOD Vancini , shield
[21/07/2009 18:42:25] /addskill GOD Vancini , shield
[21/07/2009 18:42:25] /addskill GOD Vancini , shield
[21/07/2009 18:42:26] /addskill GOD Vancini , shield
[21/07/2009 18:42:26] /addskill GOD Vancini , shield
[21/07/2009 18:42:27] /addskill GOD Vancini , shield
[21/07/2009 18:42:27] /addskill GOD Vancini , shield
[21/07/2009 18:42:28] /addskill GOD Vancini , shield
[21/07/2009 18:42:28] /addskill GOD Vancini , shield
[21/07/2009 18:42:29] /addskill GOD Vancini , shield
[21/07/2009 18:42:29] /addskill GOD Vancini , shield
[21/07/2009 18:42:30] /addskill GOD Vancini , shield/addskill GOD Vancini , shield
[21/07/2009 18:42:31] /addskill GOD Vancini , shield/addskill GOD Vancini , shield
[21/07/2009 18:42:32] /addskill GOD Vancini , shield
[21/07/2009 18:42:33] /addskill GOD Vancini , shield
[21/07/2009 18:42:34] /addskill GOD Vancini , shield
[21/07/2009 18:42:34] /addskill GOD Vancini , shield
[21/07/2009 18:42:36] /addskill GOD Vancini , shield 2
[21/07/2009 18:42:37] /addskill GOD Vancini , shield
[21/07/2009 18:42:37] /addskill GOD Vancini , shield
[21/07/2009 18:42:37] /addskill GOD Vancini , shield
[21/07/2009 18:42:38] /addskill GOD Vancini , shield
[21/07/2009 18:42:39] /addskill GOD Vancini , shield
[21/07/2009 18:42:39] /addskill GOD Vancini , shield
[21/07/2009 18:42:52] /addskill GOD Vancini , magic level
[21/07/2009 18:42:52] /addskill GOD Vancini , magic level
[21/07/2009 18:42:53] /addskill GOD Vancini , magic level
[21/07/2009 18:42:53] /addskill GOD Vancini , magic level
[21/07/2009 18:42:53] /addskill GOD Vancini , magic level
[21/07/2009 18:42:56] /addskill GOD Vancini , magic level 25
[21/07/2009 18:42:59] /addskill GOD Vancini , magic level , 15
[21/07/2009 18:43:01] /addskill GOD Vancini , magic level
[21/07/2009 18:43:02] /addskill GOD Vancini , magic level
[21/07/2009 18:43:02] /addskill GOD Vancini , magic level
[21/07/2009 18:43:02] /addskill GOD Vancini , magic level
[21/07/2009 18:43:03] /addskill GOD Vancini , magic level
[21/07/2009 18:43:03] /addskill GOD Vancini , magic level
[21/07/2009 18:43:04] /addskill GOD Vancini , magic level
[21/07/2009 18:43:04] /addskill GOD Vancini , magic level
[21/07/2009 18:43:48] /addskill GOD Vancini , level , 49000
[21/07/2009 19:42:13] /a 3
[21/07/2009 19:42:37] /t
[22/07/2009 13:41:02] /t
[22/07/2009 13:46:43] /addskill Demolidor , level , 500
[22/07/2009 18:34:00] /save
[22/07/2009 20:13:35] /a 26
[22/07/2009 20:13:43] /a 15
[22/07/2009 20:13:56] /a 15
[22/07/2009 20:13:59] /a 10
[22/07/2009 20:14:50] /t
[22/07/2009 20:19:17] /t
[22/07/2009 20:19:26] /a 12
[22/07/2009 20:19:57] /t
[22/07/2009 20:22:24] /t
[22/07/2009 20:33:30] /t
[22/07/2009 20:33:48] /addskill Druid, level , 400
[22/07/2009 20:58:57] /addskill Kina , level , 400
[01/08/2009 13:00:35] /i soft boots
[01/08/2009 13:06:48] /i soft boots
[05/08/2009 18:56:30] /a 50
[05/08/2009 18:56:35] /a 25
[05/08/2009 20:40:06] /a 2
[05/08/2009 21:33:49] /a 25
[05/08/2009 21:33:53] /a 20
[05/08/2009 21:33:58] /a 10
[05/08/2009 21:34:04] /a 5
[05/08/2009 21:34:08] /a 3
[05/08/2009 21:34:48] /a 10
[05/08/2009 21:34:50] /a 20
[05/08/2009 21:34:57] /a 15
[05/08/2009 21:35:00] /a 10
[05/08/2009 21:39:00] /addskill Destruidor, level , 500
[05/08/2009 21:40:23] /a 5
[05/08/2009 21:40:31] /c demolidor
[05/08/2009 21:40:35] /c destruidor
[05/08/2009 21:42:22] /addskill Nino, level , 500
[09/08/2009 16:15:53] /i 2160
[09/08/2009 16:20:38] /goto 157, 50, 7
[10/08/2009 16:59:42] /a 25
[10/08/2009 16:59:46] /a 25
[10/08/2009 16:59:49] /a 5
[10/08/2009 16:59:54] /a 20
[10/08/2009 17:00:08] /c Destruidor
[10/08/2009 21:50:49] /addskill Teste, level, 470
[10/08/2009 21:58:50] /t
[11/08/2009 17:05:28] /t
[11/08/2009 17:07:01] /t
[11/08/2009 17:15:31] /goto 190, 116, 10
[11/08/2009 17:15:34] /a 2
[11/08/2009 17:21:24] /goto 191, 118, 9
[11/08/2009 17:26:18] /goto 211, 148, 10
[11/08/2009 17:29:01] /goto 190, 116, 10
[11/08/2009 17:29:08] /a 8
[11/08/2009 17:29:36] /goto 211, 148, 10
[11/08/2009 17:38:41] /t
[11/08/2009 17:41:13] /addskill Demolidor, level 1000
[11/08/2009 17:41:26] /addskill Demolidor, level ,1000
[11/08/2009 17:41:57] /addskill Teste, level ,1000
[11/08/2009 17:42:24] /addskill Destruidor, level ,1000
[11/08/2009 17:42:48] /t
[11/08/2009 17:43:36] /c destruidor
[11/08/2009 17:43:41] /c demolidor
[11/08/2009 17:43:43] /c teste
[11/08/2009 17:46:29] /addskill Teste s , level ,1000
[11/08/2009 17:46:34] /c Teste s
[11/08/2009 17:47:44] /t
[11/08/2009 19:16:38] /t
[11/08/2009 19:17:55] /t
[11/08/2009 19:18:24] /i Vancini star
[11/08/2009 19:21:27] /t
[11/08/2009 19:23:34] /c destruidor
[11/08/2009 19:23:37] /c demolidor
[11/08/2009 19:23:41] /c teste s
[11/08/2009 19:25:14] /t
[11/08/2009 19:25:34] /c demolidor
[11/08/2009 19:25:38] /c destruidor
[11/08/2009 19:25:46] /c teste s
[11/08/2009 20:01:46] /t
[11/08/2009 20:02:00] /c teste
[11/08/2009 20:02:09] /c teste s
[11/08/2009 20:02:15] /c demolidor
[11/08/2009 20:02:22] /c demolidor
[11/08/2009 20:02:37] /c demolidor
[11/08/2009 20:02:41] /c destruidor
[11/08/2009 20:03:02] /a 5
[11/08/2009 20:03:06] /a 5
[11/08/2009 20:03:14] /c demolidor
[11/08/2009 20:03:27] /c destruidor
[11/08/2009 20:03:32] /c teste s
[12/08/2009 13:39:00] /t
[12/08/2009 13:39:16] /c demolidor
[12/08/2009 13:39:19] /c teste s
[12/08/2009 13:39:23] /c destruidor
[12/08/2009 13:40:34] /c demolidor
[12/08/2009 13:40:38] /c destruidor
[12/08/2009 13:40:42] /c teste s
[12/08/2009 13:41:00] /t
[12/08/2009 13:41:15] /c teste s
[12/08/2009 13:41:20] /c demoldior
[12/08/2009 13:41:23] /c demolidor
[12/08/2009 13:41:26] /c destruidor
[12/08/2009 13:43:19] /c destruidor
[12/08/2009 13:43:23] /c demolidor
[12/08/2009 13:43:26] /c teste s
[12/08/2009 13:43:41] /t
[12/08/2009 13:43:56] /c teste s
[12/08/2009 13:44:00] /c demolidor
[12/08/2009 13:44:03] /c destruidor
[12/08/2009 13:44:15] /t
[12/08/2009 13:44:32] /c destruidor
[12/08/2009 13:44:34] /c destruidor
[12/08/2009 13:44:38] /c demolidor
[12/08/2009 13:44:41] /c teste s
[12/08/2009 13:45:15] /t
[12/08/2009 13:45:29] /c teste s
[12/08/2009 13:45:32] /c demolidor
[12/08/2009 13:45:36] /c destruidor
[12/08/2009 13:46:11] /t
[12/08/2009 13:46:27] /c destruidor
[12/08/2009 13:46:29] /c demolidor
[12/08/2009 13:46:35] /c teste s
[12/08/2009 19:04:08] /t
[12/08/2009 19:04:23] /c demolidor
[12/08/2009 19:04:26] /c destruidor
[12/08/2009 19:04:29] /c teste s
[12/08/2009 19:04:45] /t
[12/08/2009 19:05:02] /c teste s
[12/08/2009 19:05:05] /c destruidor
[12/08/2009 19:05:08] /c demolidor
[12/08/2009 19:05:25] /t
[12/08/2009 19:05:56] /c demolidor
[12/08/2009 19:05:59] /c destruidor
[12/08/2009 19:06:02] /c teste s
[12/08/2009 19:06:20] /t
[12/08/2009 19:21:15] /goto destruidor
[12/08/2009 19:21:23] /t
[12/08/2009 19:21:40] /c demolidor
[12/08/2009 19:21:43] /c destruidor
[12/08/2009 19:21:45] /c teste s
[12/08/2009 19:21:57] /t
[12/08/2009 19:22:12] /c teste s
[12/08/2009 19:22:14] /c destruidor
[12/08/2009 19:22:17] /c demolidor
[12/08/2009 19:22:29] /t
[12/08/2009 19:22:41] /c demolidor
[12/08/2009 19:22:43] /c destruidor
[12/08/2009 19:22:47] /c teste s
[12/08/2009 19:23:04] /t
[12/08/2009 19:23:14] /c teste s
[12/08/2009 19:23:17] /c destruidor
[12/08/2009 19:23:21] /c demolidor
[12/08/2009 19:23:34] /t
[12/08/2009 19:23:44] /c demolidor
[12/08/2009 19:23:47] /c destruidor
[12/08/2009 19:23:50] /c teste s
[12/08/2009 19:24:03] /t
[12/08/2009 19:24:15] /c destruidor
[12/08/2009 19:24:16] /c teste s
[12/08/2009 19:24:19] /c demolidor
[12/08/2009 19:24:32] /t
[19/08/2009 19:55:11] /t
[19/08/2009 19:59:29] /addskill Demolidor, level , 1000
[19/08/2009 20:00:28] /addskill Destruidor, level , 1000
[19/08/2009 20:00:32] /c destruidor
[19/08/2009 20:01:42] /addskill Vancini, level , 1000
[19/08/2009 20:01:45] /c vancini
[19/08/2009 20:02:57] /c demolidor
[19/08/2009 20:04:30] /c vancini
[19/08/2009 20:04:35] /c destruidor
[19/08/2009 20:04:58] /t
[19/08/2009 20:05:23] /c demolidor
[19/08/2009 20:05:28] /c destruidor
[19/08/2009 20:05:30] /c vancini
[19/08/2009 20:06:04] /t
[19/08/2009 20:07:39] /t
[19/08/2009 20:07:54] /c vancini
[19/08/2009 20:07:57] /c destruidor
[19/08/2009 20:08:00] /c demolidor
[19/08/2009 20:08:19] /t
[19/08/2009 20:08:44] /c demolidor
[19/08/2009 20:08:47] /c destruidor
[19/08/2009 20:08:51] /c vancini
[19/08/2009 20:09:05] /t
[19/08/2009 20:09:42] /goto vancini
[19/08/2009 20:09:46] /a 3
[19/08/2009 20:09:56] /a 3
[19/08/2009 20:21:12] /t
[19/08/2009 20:26:16] /c Vancini
[19/08/2009 20:27:25] /c Testes
[19/08/2009 20:27:40] /t
[07/06/2011 10:45:58] /t
[07/06/2011 10:49:56] /i 2598
[07/06/2011 10:54:46] /r
[07/06/2011 10:54:50] /r
[07/06/2011 11:03:53] /i 2752
[07/06/2011 11:03:58] /r
[07/06/2011 11:05:11] /save
[07/06/2011 11:05:15] /reload actions
[07/06/2011 11:22:16] /ghost
[07/06/2011 11:22:39] /save
[07/06/2011 11:22:44] /reload actions
[07/06/2011 11:23:53] /ghost
[07/06/2011 11:25:00] /reload items
[07/06/2011 19:43:25] /save
[07/06/2011 19:43:31] /reload talkactions
[07/06/2011 19:45:10] /bc green; GALERA JA ESTA VALENDO VAGAS PARA TUTORES, QUEM QUISER TUTOR MANDE UMA CARTA PARA [HOSTER] JEAN EM CARLIN PARA ENTRAR NA FILA GOGOGOGO
[07/06/2011 19:45:10] /bc green; GALERA JA ESTA VALENDO VAGAS PARA TUTORES, QUEM QUISER TUTOR MANDE UMA CARTA PARA [HOSTER] JEAN EM CARLIN PARA ENTRAR NA FILA GOGOGOGO
[07/06/2011 19:45:10] /bc green; GALERA JA ESTA VALENDO VAGAS PARA TUTORES, QUEM QUISER TUTOR MANDE UMA CARTA PARA [HOSTER] JEAN EM CARLIN PARA ENTRAR NA FILA GOGOGOGO
[07/06/2011 19:45:10] /bc green; GALERA JA ESTA VALENDO VAGAS PARA TUTORES, QUEM QUISER TUTOR MANDE UMA CARTA PARA [HOSTER] JEAN EM CARLIN PARA ENTRAR NA FILA GOGOGOGO
[07/06/2011 19:45:10] /bc green; GALERA JA ESTA VALENDO VAGAS PARA TUTORES, QUEM QUISER TUTOR MANDE UMA CARTA PARA [HOSTER] JEAN EM CARLIN PARA ENTRAR NA FILA GOGOGOGO
[07/06/2011 19:45:10] /bc green; GALERA JA ESTA VALENDO VAGAS PARA TUTORES, QUEM QUISER TUTOR MANDE UMA CARTA PARA [HOSTER] JEAN EM CARLIN PARA ENTRAR NA FILA GOGOGOGO
[07/06/2011 19:45:10] /bc green; GALERA JA ESTA VALENDO VAGAS PARA TUTORES, QUEM QUISER TUTOR MANDE UMA CARTA PARA [HOSTER] JEAN EM CARLIN PARA ENTRAR NA FILA GOGOGOGO
[07/06/2011 19:45:10] /bc green; GALERA JA ESTA VALENDO VAGAS PARA TUTORES, QUEM QUISER TUTOR MANDE UMA CARTA PARA [HOSTER] JEAN EM CARLIN PARA ENTRAR NA FILA GOGOGOGO
[07/06/2011 19:45:10] /bc green; GALERA JA ESTA VALENDO VAGAS PARA TUTORES, QUEM QUISER TUTOR MANDE UMA CARTA PARA [HOSTER] JEAN EM CARLIN PARA ENTRAR NA FILA GOGOGOGO
[07/06/2011 19:45:11] /bc green; GALERA JA ESTA VALENDO VAGAS PARA TUTORES, QUEM QUISER TUTOR MANDE UMA CARTA PARA [HOSTER] JEAN EM CARLIN PARA ENTRAR NA FILA GOGOGOGO
[07/06/2011 19:45:11] /bc green; GALERA JA ESTA VALENDO VAGAS PARA TUTORES, QUEM QUISER TUTOR MANDE UMA CARTA PARA [HOSTER] JEAN EM CARLIN PARA ENTRAR NA FILA GOGOGOGO
[07/06/2011 19:45:11] /bc green; GALERA JA ESTA VALENDO VAGAS PARA TUTORES, QUEM QUISER TUTOR MANDE UMA CARTA PARA [HOSTER] JEAN EM CARLIN PARA ENTRAR NA FILA GOGOGOGO
[07/06/2011 19:45:11] /bc green; GALERA JA ESTA VALENDO VAGAS PARA TUTORES, QUEM QUISER TUTOR MANDE UMA CARTA PARA [HOSTER] JEAN EM CARLIN PARA ENTRAR NA FILA GOGOGOGO
[07/06/2011 19:45:11] /bc green; GALERA JA ESTA VALENDO VAGAS PARA TUTORES, QUEM QUISER TUTOR MANDE UMA CARTA PARA [HOSTER] JEAN EM CARLIN PARA ENTRAR NA FILA GOGOGOGO
[07/06/2011 19:45:11] /bc green; GALERA JA ESTA VALENDO VAGAS PARA TUTORES, QUEM QUISER TUTOR MANDE UMA CARTA PARA [HOSTER] JEAN EM CARLIN PARA ENTRAR NA FILA GOGOGOGO
[07/06/2011 19:45:11] /bc green; GALERA JA ESTA VALENDO VAGAS PARA TUTORES, QUEM QUISER TUTOR MANDE UMA CARTA PARA [HOSTER] JEAN EM CARLIN PARA ENTRAR NA FILA GOGOGOGO
[07/06/2011 19:45:11] /bc green; GALERA JA ESTA VALENDO VAGAS PARA TUTORES, QUEM QUISER TUTOR MANDE UMA CARTA PARA [HOSTER] JEAN EM CARLIN PARA ENTRAR NA FILA GOGOGOGO
[07/06/2011 19:45:11] /bc green; GALERA JA ESTA VALENDO VAGAS PARA TUTORES, QUEM QUISER TUTOR MANDE UMA CARTA PARA [HOSTER] JEAN EM CARLIN PARA ENTRAR NA FILA GOGOGOGO
[07/06/2011 19:45:11] /bc green; GALERA JA ESTA VALENDO VAGAS PARA TUTORES, QUEM QUISER TUTOR MANDE UMA CARTA PARA [HOSTER] JEAN EM CARLIN PARA ENTRAR NA FILA GOGOGOGO
[07/06/2011 19:45:11] /bc green; GALERA JA ESTA VALENDO VAGAS PARA TUTORES, QUEM QUISER TUTOR MANDE UMA CARTA PARA [HOSTER] JEAN EM CARLIN PARA ENTRAR NA FILA GOGOGOGO
[07/06/2011 19:45:11] /bc green; GALERA JA ESTA VALENDO VAGAS PARA TUTORES, QUEM QUISER TUTOR MANDE UMA CARTA PARA [HOSTER] JEAN EM CARLIN PARA ENTRAR NA FILA GOGOGOGO
[07/06/2011 19:45:11] /bc green; GALERA JA ESTA VALENDO VAGAS PARA TUTORES, QUEM QUISER TUTOR MANDE UMA CARTA PARA [HOSTER] JEAN EM CARLIN PARA ENTRAR NA FILA GOGOGOGO
[07/06/2011 19:45:12] /bc green; GALERA JA ESTA VALENDO VAGAS PARA TUTORES, QUEM QUISER TUTOR MANDE UMA CARTA PARA [HOSTER] JEAN EM CARLIN PARA ENTRAR NA FILA GOGOGOGO
[07/06/2011 19:45:12] /bc green; GALERA JA ESTA VALENDO VAGAS PARA TUTORES, QUEM QUISER TUTOR MANDE UMA CARTA PARA [HOSTER] JEAN EM CARLIN PARA ENTRAR NA FILA GOGOGOGO
[07/06/2011 19:45:12] /bc green; GALERA JA ESTA VALENDO VAGAS PARA TUTORES, QUEM QUISER TUTOR MANDE UMA CARTA PARA [HOSTER] JEAN EM CARLIN PARA ENTRAR NA FILA GOGOGOGO
[07/06/2011 19:45:12] /bc green; GALERA JA ESTA VALENDO VAGAS PARA TUTORES, QUEM QUISER TUTOR MANDE UMA CARTA PARA [HOSTER] JEAN EM CARLIN PARA ENTRAR NA FILA GOGOGOGO
[07/06/2011 19:45:12] /bc green; GALERA JA ESTA VALENDO VAGAS PARA TUTORES, QUEM QUISER TUTOR MANDE UMA CARTA PARA [HOSTER] JEAN EM CARLIN PARA ENTRAR NA FILA GOGOGOGO
[07/06/2011 19:45:12] /bc green; GALERA JA ESTA VALENDO VAGAS PARA TUTORES, QUEM QUISER TUTOR MANDE UMA CARTA PARA [HOSTER] JEAN EM CARLIN PARA ENTRAR NA FILA GOGOGOGO
[07/06/2011 19:45:12] /bc green; GALERA JA ESTA VALENDO VAGAS PARA TUTORES, QUEM QUISER TUTOR MANDE UMA CARTA PARA [HOSTER] JEAN EM CARLIN PARA ENTRAR NA FILA GOGOGOGO
[07/06/2011 19:45:12] /bc green; GALERA JA ESTA VALENDO VAGAS PARA TUTORES, QUEM QUISER TUTOR MANDE UMA CARTA PARA [HOSTER] JEAN EM CARLIN PARA ENTRAR NA FILA GOGOGOGO
[07/06/2011 19:45:12] /bc green; GALERA JA ESTA VALENDO VAGAS PARA TUTORES, QUEM QUISER TUTOR MANDE UMA CARTA PARA [HOSTER] JEAN EM CARLIN PARA ENTRAR NA FILA GOGOGOGO
[07/06/2011 19:45:12] /bc green; GALERA JA ESTA VALENDO VAGAS PARA TUTORES, QUEM QUISER TUTOR MANDE UMA CARTA PARA [HOSTER] JEAN EM CARLIN PARA ENTRAR NA FILA GOGOGOGO
[07/06/2011 19:45:12] /bc green; GALERA JA ESTA VALENDO VAGAS PARA TUTORES, QUEM QUISER TUTOR MANDE UMA CARTA PARA [HOSTER] JEAN EM CARLIN PARA ENTRAR NA FILA GOGOGOGO
[07/06/2011 19:45:12] /bc green; GALERA JA ESTA VALENDO VAGAS PARA TUTORES, QUEM QUISER TUTOR MANDE UMA CARTA PARA [HOSTER] JEAN EM CARLIN PARA ENTRAR NA FILA GOGOGOGO
[07/06/2011 19:45:12] /bc green; GALERA JA ESTA VALENDO VAGAS PARA TUTORES, QUEM QUISER TUTOR MANDE UMA CARTA PARA [HOSTER] JEAN EM CARLIN PARA ENTRAR NA FILA GOGOGOGO
[07/06/2011 19:45:16] /t
[07/06/2011 19:45:50] /bc CARLIN E ESTA CITY
[07/06/2011 19:45:51] /bc CARLIN E ESTA CITY
[07/06/2011 19:45:51] /bc CARLIN E ESTA CITY
[07/06/2011 19:45:52] /bc CARLIN E ESTA CITY
[07/06/2011 19:45:52] /bc CARLIN E ESTA CITY
[07/06/2011 19:45:53] /bc CARLIN E ESTA CITY
[07/06/2011 19:46:35] /bc green; GALERA JA ESTA VALENDO VAGAS PARA TUTORES, QUEM QUISER TUTOR MANDE UMA CARTA PARA [HOSTER] JEAN EM CARLIN PARA ENTRAR NA FILA GOGOGOGO
[07/06/2011 19:46:35] /bc green; GALERA JA ESTA VALENDO VAGAS PARA TUTORES, QUEM QUISER TUTOR MANDE UMA CARTA PARA [HOSTER] JEAN EM CARLIN PARA ENTRAR NA FILA GOGOGOGO
[07/06/2011 19:46:35] /bc green; GALERA JA ESTA VALENDO VAGAS PARA TUTORES, QUEM QUISER TUTOR MANDE UMA CARTA PARA [HOSTER] JEAN EM CARLIN PARA ENTRAR NA FILA GOGOGOGO
[07/06/2011 19:46:35] /bc green; GALERA JA ESTA VALENDO VAGAS PARA TUTORES, QUEM QUISER TUTOR MANDE UMA CARTA PARA [HOSTER] JEAN EM CARLIN PARA ENTRAR NA FILA GOGOGOGO
[07/06/2011 19:46:36] /bc green; GALERA JA ESTA VALENDO VAGAS PARA TUTORES, QUEM QUISER TUTOR MANDE UMA CARTA PARA [HOSTER] JEAN EM CARLIN PARA ENTRAR NA FILA GOGOGOGO
[07/06/2011 19:46:36] /bc green; GALERA JA ESTA VALENDO VAGAS PARA TUTORES, QUEM QUISER TUTOR MANDE UMA CARTA PARA [HOSTER] JEAN EM CARLIN PARA ENTRAR NA FILA GOGOGOGO
[07/06/2011 19:46:36] /bc green; GALERA JA ESTA VALENDO VAGAS PARA TUTORES, QUEM QUISER TUTOR MANDE UMA CARTA PARA [HOSTER] JEAN EM CARLIN PARA ENTRAR NA FILA GOGOGOGO
[07/06/2011 19:46:36] /bc green; GALERA JA ESTA VALENDO VAGAS PARA TUTORES, QUEM QUISER TUTOR MANDE UMA CARTA PARA [HOSTER] JEAN EM CARLIN PARA ENTRAR NA FILA GOGOGOGO
[07/06/2011 19:46:36] /bc green; GALERA JA ESTA VALENDO VAGAS PARA TUTORES, QUEM QUISER TUTOR MANDE UMA CARTA PARA [HOSTER] JEAN EM CARLIN PARA ENTRAR NA FILA GOGOGOGO
[07/06/2011 19:46:36] /bc green; GALERA JA ESTA VALENDO VAGAS PARA TUTORES, QUEM QUISER TUTOR MANDE UMA CARTA PARA [HOSTER] JEAN EM CARLIN PARA ENTRAR NA FILA GOGOGOGO
[07/06/2011 19:46:36] /bc green; GALERA JA ESTA VALENDO VAGAS PARA TUTORES, QUEM QUISER TUTOR MANDE UMA CARTA PARA [HOSTER] JEAN EM CARLIN PARA ENTRAR NA FILA GOGOGOGO
[07/06/2011 19:46:36] /bc green; GALERA JA ESTA VALENDO VAGAS PARA TUTORES, QUEM QUISER TUTOR MANDE UMA CARTA PARA [HOSTER] JEAN EM CARLIN PARA ENTRAR NA FILA GOGOGOGO
[07/06/2011 19:46:36] /bc green; GALERA JA ESTA VALENDO VAGAS PARA TUTORES, QUEM QUISER TUTOR MANDE UMA CARTA PARA [HOSTER] JEAN EM CARLIN PARA ENTRAR NA FILA GOGOGOGO
[07/06/2011 19:46:36] /bc green; GALERA JA ESTA VALENDO VAGAS PARA TUTORES, QUEM QUISER TUTOR MANDE UMA CARTA PARA [HOSTER] JEAN EM CARLIN PARA ENTRAR NA FILA GOGOGOGO
[07/06/2011 19:46:36] /bc green; GALERA JA ESTA VALENDO VAGAS PARA TUTORES, QUEM QUISER TUTOR MANDE UMA CARTA PARA [HOSTER] JEAN EM CARLIN PARA ENTRAR NA FILA GOGOGOGO
[07/06/2011 19:46:36] /bc green; GALERA JA ESTA VALENDO VAGAS PARA TUTORES, QUEM QUISER TUTOR MANDE UMA CARTA PARA [HOSTER] JEAN EM CARLIN PARA ENTRAR NA FILA GOGOGOGO
[07/06/2011 19:46:36] /bc green; GALERA JA ESTA VALENDO VAGAS PARA TUTORES, QUEM QUISER TUTOR MANDE UMA CARTA PARA [HOSTER] JEAN EM CARLIN PARA ENTRAR NA FILA GOGOGOGO
[07/06/2011 19:46:36] /bc green; GALERA JA ESTA VALENDO VAGAS PARA TUTORES, QUEM QUISER TUTOR MANDE UMA CARTA PARA [HOSTER] JEAN EM CARLIN PARA ENTRAR NA FILA GOGOGOGO
[07/06/2011 19:46:36] /bc green; GALERA JA ESTA VALENDO VAGAS PARA TUTORES, QUEM QUISER TUTOR MANDE UMA CARTA PARA [HOSTER] JEAN EM CARLIN PARA ENTRAR NA FILA GOGOGOGO
[07/06/2011 19:46:36] /bc green; GALERA JA ESTA VALENDO VAGAS PARA TUTORES, QUEM QUISER TUTOR MANDE UMA CARTA PARA [HOSTER] JEAN EM CARLIN PARA ENTRAR NA FILA GOGOGOGO
[07/06/2011 19:46:36] /bc green; GALERA JA ESTA VALENDO VAGAS PARA TUTORES, QUEM QUISER TUTOR MANDE UMA CARTA PARA [HOSTER] JEAN EM CARLIN PARA ENTRAR NA FILA GOGOGOGO
[07/06/2011 19:46:37] /bc green; GALERA JA ESTA VALENDO VAGAS PARA TUTORES, QUEM QUISER TUTOR MANDE UMA CARTA PARA [HOSTER] JEAN EM CARLIN PARA ENTRAR NA FILA GOGOGOGO
[07/06/2011 19:46:37] /bc green; GALERA JA ESTA VALENDO VAGAS PARA TUTORES, QUEM QUISER TUTOR MANDE UMA CARTA PARA [HOSTER] JEAN EM CARLIN PARA ENTRAR NA FILA GOGOGOGO
[07/06/2011 19:46:37] /bc green; GALERA JA ESTA VALENDO VAGAS PARA TUTORES, QUEM QUISER TUTOR MANDE UMA CARTA PARA [HOSTER] JEAN EM CARLIN PARA ENTRAR NA FILA GOGOGOGO
[07/06/2011 19:46:37] /bc green; GALERA JA ESTA VALENDO VAGAS PARA TUTORES, QUEM QUISER TUTOR MANDE UMA CARTA PARA [HOSTER] JEAN EM CARLIN PARA ENTRAR NA FILA GOGOGOGO
[07/06/2011 19:46:37] /bc green; GALERA JA ESTA VALENDO VAGAS PARA TUTORES, QUEM QUISER TUTOR MANDE UMA CARTA PARA [HOSTER] JEAN EM CARLIN PARA ENTRAR NA FILA GOGOGOGO
[07/06/2011 19:46:37] /bc green; GALERA JA ESTA VALENDO VAGAS PARA TUTORES, QUEM QUISER TUTOR MANDE UMA CARTA PARA [HOSTER] JEAN EM CARLIN PARA ENTRAR NA FILA GOGOGOGO
[07/06/2011 19:46:37] /bc green; GALERA JA ESTA VALENDO VAGAS PARA TUTORES, QUEM QUISER TUTOR MANDE UMA CARTA PARA [HOSTER] JEAN EM CARLIN PARA ENTRAR NA FILA GOGOGOGO
[07/06/2011 19:46:37] /bc green; GALERA JA ESTA VALENDO VAGAS PARA TUTORES, QUEM QUISER TUTOR MANDE UMA CARTA PARA [HOSTER] JEAN EM CARLIN PARA ENTRAR NA FILA GOGOGOGO
[07/06/2011 19:46:38] /bc green; GALERA JA ESTA VALENDO VAGAS PARA TUTORES, QUEM QUISER TUTOR MANDE UMA CARTA PARA [HOSTER] JEAN EM CARLIN PARA ENTRAR NA FILA GOGOGOGO
[07/06/2011 19:46:38] /bc green; GALERA JA ESTA VALENDO VAGAS PARA TUTORES, QUEM QUISER TUTOR MANDE UMA CARTA PARA [HOSTER] JEAN EM CARLIN PARA ENTRAR NA FILA GOGOGOGO
[07/06/2011 19:46:38] /bc green; GALERA JA ESTA VALENDO VAGAS PARA TUTORES, QUEM QUISER TUTOR MANDE UMA CARTA PARA [HOSTER] JEAN EM CARLIN PARA ENTRAR NA FILA GOGOGOGO
[07/06/2011 19:46:38] /bc green; GALERA JA ESTA VALENDO VAGAS PARA TUTORES, QUEM QUISER TUTOR MANDE UMA CARTA PARA [HOSTER] JEAN EM CARLIN PARA ENTRAR NA FILA GOGOGOGO
[07/06/2011 19:46:38] /bc green; GALERA JA ESTA VALENDO VAGAS PARA TUTORES, QUEM QUISER TUTOR MANDE UMA CARTA PARA [HOSTER] JEAN EM CARLIN PARA ENTRAR NA FILA GOGOGOGO
[07/06/2011 19:46:38] /bc green; GALERA JA ESTA VALENDO VAGAS PARA TUTORES, QUEM QUISER TUTOR MANDE UMA CARTA PARA [HOSTER] JEAN EM CARLIN PARA ENTRAR NA FILA GOGOGOGO
[07/06/2011 19:46:38] /bc green; GALERA JA ESTA VALENDO VAGAS PARA TUTORES, QUEM QUISER TUTOR MANDE UMA CARTA PARA [HOSTER] JEAN EM CARLIN PARA ENTRAR NA FILA GOGOGOGO
[07/06/2011 19:46:38] /bc green; GALERA JA ESTA VALENDO VAGAS PARA TUTORES, QUEM QUISER TUTOR MANDE UMA CARTA PARA [HOSTER] JEAN EM CARLIN PARA ENTRAR NA FILA GOGOGOGO
[07/06/2011 19:46:38] /bc green; GALERA JA ESTA VALENDO VAGAS PARA TUTORES, QUEM QUISER TUTOR MANDE UMA CARTA PARA [HOSTER] JEAN EM CARLIN PARA ENTRAR NA FILA GOGOGOGO
[07/06/2011 19:46:38] /bc green; GALERA JA ESTA VALENDO VAGAS PARA TUTORES, QUEM QUISER TUTOR MANDE UMA CARTA PARA [HOSTER] JEAN EM CARLIN PARA ENTRAR NA FILA GOGOGOGO
[07/06/2011 19:46:38] /bc green; GALERA JA ESTA VALENDO VAGAS PARA TUTORES, QUEM QUISER TUTOR MANDE UMA CARTA PARA [HOSTER] JEAN EM CARLIN PARA ENTRAR NA FILA GOGOGOGO
[07/06/2011 19:46:38] /bc green; GALERA JA ESTA VALENDO VAGAS PARA TUTORES, QUEM QUISER TUTOR MANDE UMA CARTA PARA [HOSTER] JEAN EM CARLIN PARA ENTRAR NA FILA GOGOGOGO
[07/06/2011 19:46:38] /bc green; GALERA JA ESTA VALENDO VAGAS PARA TUTORES, QUEM QUISER TUTOR MANDE UMA CARTA PARA [HOSTER] JEAN EM CARLIN PARA ENTRAR NA FILA GOGOGOGO
[07/06/2011 19:46:38] /bc green; GALERA JA ESTA VALENDO VAGAS PARA TUTORES, QUEM QUISER TUTOR MANDE UMA CARTA PARA [HOSTER] JEAN EM CARLIN PARA ENTRAR NA FILA GOGOGOGO
[07/06/2011 19:46:38] /bc green; GALERA JA ESTA VALENDO VAGAS PARA TUTORES, QUEM QUISER TUTOR MANDE UMA CARTA PARA [HOSTER] JEAN EM CARLIN PARA ENTRAR NA FILA GOGOGOGO
[07/06/2011 19:46:38] /bc green; GALERA JA ESTA VALENDO VAGAS PARA TUTORES, QUEM QUISER TUTOR MANDE UMA CARTA PARA [HOSTER] JEAN EM CARLIN PARA ENTRAR NA FILA GOGOGOGO
[07/06/2011 19:46:38] /bc green; GALERA JA ESTA VALENDO VAGAS PARA TUTORES, QUEM QUISER TUTOR MANDE UMA CARTA PARA [HOSTER] JEAN EM CARLIN PARA ENTRAR NA FILA GOGOGOGO
[07/06/2011 19:46:39] /bc green; GALERA JA ESTA VALENDO VAGAS PARA TUTORES, QUEM QUISER TUTOR MANDE UMA CARTA PARA [HOSTER] JEAN EM CARLIN PARA ENTRAR NA FILA GOGOGOGO
[07/06/2011 19:46:39] /bc green; GALERA JA ESTA VALENDO VAGAS PARA TUTORES, QUEM QUISER TUTOR MANDE UMA CARTA PARA [HOSTER] JEAN EM CARLIN PARA ENTRAR NA FILA GOGOGOGO
[07/06/2011 19:46:39] /bc green; GALERA JA ESTA VALENDO VAGAS PARA TUTORES, QUEM QUISER TUTOR MANDE UMA CARTA PARA [HOSTER] JEAN EM CARLIN PARA ENTRAR NA FILA GOGOGOGO
[07/06/2011 19:46:39] /bc green; GALERA JA ESTA VALENDO VAGAS PARA TUTORES, QUEM QUISER TUTOR MANDE UMA CARTA PARA [HOSTER] JEAN EM CARLIN PARA ENTRAR NA FILA GOGOGOGO
[07/06/2011 19:46:39] /bc green; GALERA JA ESTA VALENDO VAGAS PARA TUTORES, QUEM QUISER TUTOR MANDE UMA CARTA PARA [HOSTER] JEAN EM CARLIN PARA ENTRAR NA FILA GOGOGOGO
[07/06/2011 19:46:39] /bc green; GALERA JA ESTA VALENDO VAGAS PARA TUTORES, QUEM QUISER TUTOR MANDE UMA CARTA PARA [HOSTER] JEAN EM CARLIN PARA ENTRAR NA FILA GOGOGOGO
[07/06/2011 19:46:39] /bc green; GALERA JA ESTA VALENDO VAGAS PARA TUTORES, QUEM QUISER TUTOR MANDE UMA CARTA PARA [HOSTER] JEAN EM CARLIN PARA ENTRAR NA FILA GOGOGOGO
[07/06/2011 19:46:39] /bc green; GALERA JA ESTA VALENDO VAGAS PARA TUTORES, QUEM QUISER TUTOR MANDE UMA CARTA PARA [HOSTER] JEAN EM CARLIN PARA ENTRAR NA FILA GOGOGOGO
[07/06/2011 19:46:39] /bc green; GALERA JA ESTA VALENDO VAGAS PARA TUTORES, QUEM QUISER TUTOR MANDE UMA CARTA PARA [HOSTER] JEAN EM CARLIN PARA ENTRAR NA FILA GOGOGOGO
[07/06/2011 19:46:39] /bc green; GALERA JA ESTA VALENDO VAGAS PARA TUTORES, QUEM QUISER TUTOR MANDE UMA CARTA PARA [HOSTER] JEAN EM CARLIN PARA ENTRAR NA FILA GOGOGOGO
[07/06/2011 19:46:39] /bc green; GALERA JA ESTA VALENDO VAGAS PARA TUTORES, QUEM QUISER TUTOR MANDE UMA CARTA PARA [HOSTER] JEAN EM CARLIN PARA ENTRAR NA FILA GOGOGOGO
[07/06/2011 19:46:39] /bc green; GALERA JA ESTA VALENDO VAGAS PARA TUTORES, QUEM QUISER TUTOR MANDE UMA CARTA PARA [HOSTER] JEAN EM CARLIN PARA ENTRAR NA FILA GOGOGOGO
[07/06/2011 19:46:39] /bc green; GALERA JA ESTA VALENDO VAGAS PARA TUTORES, QUEM QUISER TUTOR MANDE UMA CARTA PARA [HOSTER] JEAN EM CARLIN PARA ENTRAR NA FILA GOGOGOGO
[07/06/2011 19:46:39] /bc green; GALERA JA ESTA VALENDO VAGAS PARA TUTORES, QUEM QUISER TUTOR MANDE UMA CARTA PARA [HOSTER] JEAN EM CARLIN PARA ENTRAR NA FILA GOGOGOGO
[07/06/2011 19:46:39] /bc green; GALERA JA ESTA VALENDO VAGAS PARA TUTORES, QUEM QUISER TUTOR MANDE UMA CARTA PARA [HOSTER] JEAN EM CARLIN PARA ENTRAR NA FILA GOGOGOGO
[07/06/2011 19:46:39] /bc green; GALERA JA ESTA VALENDO VAGAS PARA TUTORES, QUEM QUISER TUTOR MANDE UMA CARTA PARA [HOSTER] JEAN EM CARLIN PARA ENTRAR NA FILA GOGOGOGO
[07/06/2011 19:46:39] /bc green; GALERA JA ESTA VALENDO VAGAS PARA TUTORES, QUEM QUISER TUTOR MANDE UMA CARTA PARA [HOSTER] JEAN EM CARLIN PARA ENTRAR NA FILA GOGOGOGO
[07/06/2011 19:46:40] /bc green; GALERA JA ESTA VALENDO VAGAS PARA TUTORES, QUEM QUISER TUTOR MANDE UMA CARTA PARA [HOSTER] JEAN EM CARLIN PARA ENTRAR NA FILA GOGOGOGO
[07/06/2011 19:46:40] /bc green; GALERA JA ESTA VALENDO VAGAS PARA TUTORES, QUEM QUISER TUTOR MANDE UMA CARTA PARA [HOSTER] JEAN EM CARLIN PARA ENTRAR NA FILA GOGOGOGO
[07/06/2011 19:46:40] /bc green; GALERA JA ESTA VALENDO VAGAS PARA TUTORES, QUEM QUISER TUTOR MANDE UMA CARTA PARA [HOSTER] JEAN EM CARLIN PARA ENTRAR NA FILA GOGOGOGO
[18/06/2011 14:16:45] /ghost
[24/06/2011 09:23:38] /ghost
[02/07/2011 00:28:01] /t [hoster] jean
[13/08/2011 18:24:31] /r
[13/08/2011 18:28:42] /ghost
[13/08/2011 18:32:47] /reload talkactions
[13/08/2011 18:35:35] /attr group 6
[13/08/2011 18:35:36] /r
[13/08/2011 18:36:42] /goto Lord das Trevas
[13/08/2011 18:38:25] /reload spells
[13/08/2011 18:38:37] /t
[13/08/2011 18:38:55] /i 2137
[13/08/2011 18:39:07] /i 2157
[13/08/2011 18:39:14] /r 100
[13/08/2011 18:39:34] /i 2140
[13/08/2011 18:39:38] /t
[13/08/2011 18:40:00] /a 2
[13/08/2011 18:40:04] /i 2160
[13/08/2011 18:40:13] /i 2160
[13/08/2011 18:40:14] /i 2160
[13/08/2011 18:40:14] /i 2160
[13/08/2011 18:40:20] /i 10027
[13/08/2011 18:40:32] /i 2160
[13/08/2011 18:40:38] /a 2
[13/08/2011 18:40:48] /a 2
[13/08/2011 18:41:04] /owner [Hoster] Mateus
[13/08/2011 18:41:10] /t
[13/08/2011 18:41:21] /r
[13/08/2011 18:41:22] /t
[13/08/2011 19:09:28] /save
[13/08/2011 19:09:49] /goto Lord das Trevas
[13/08/2011 19:10:01] /t
[13/08/2011 19:38:11] /attr group 6
[13/08/2011 19:38:12] /r
[13/08/2011 19:39:45] /goto bruno
[13/08/2011 19:39:53] /r
[13/08/2011 19:40:55] /owner [GOD] Bruno
[13/08/2011 19:41:05] /owner [GOD] Bruno
[13/08/2011 19:50:29] /goto Eduardo
[13/08/2011 19:58:15] /mc
[13/08/2011 20:05:12] /goto Lucerar
[13/08/2011 20:05:18] /goto Lord das Trevas
[13/08/2011 20:12:06] /goto Lord das Trevas
[13/08/2011 20:20:34] /t
[13/08/2011 20:22:14] /goto Lucerar
[13/08/2011 20:22:21] /goto Lucerar
[13/08/2011 20:22:23] /goto Lucerar
[13/08/2011 20:22:25] /goto Lucerar
[13/08/2011 20:22:53] /goto Lucerar
[13/08/2011 20:23:35] /goto Lucerar
[13/08/2011 20:24:31] /t
[28/01/2013 13:16:48] /i magic forcefield
[28/01/2013 13:17:07] /attr position 159 65 6
[28/01/2013 13:17:15] /t
[28/01/2013 13:17:22] /attr position 15 65 6
[28/01/2013 13:17:27] /attr position 154 65 6
[28/01/2013 13:17:32] /t
[28/01/2013 13:17:39] /attr position 149 65 6
[28/01/2013 13:17:52] /t
[28/01/2013 13:17:53] /i 1212
[28/01/2013 13:17:56] /r
[28/01/2013 13:18:11] /r
[28/01/2013 13:18:12] /r
[28/01/2013 13:18:13] /r
[28/01/2013 13:18:13] /r
[28/01/2013 13:18:34] /t
[28/01/2013 13:18:46] /a
[28/01/2013 13:18:46] /a
[28/01/2013 13:18:46] /a
[28/01/2013 13:18:46] /a
[28/01/2013 13:18:46] /a
[28/01/2013 13:18:46] /a
[28/01/2013 13:18:46] /a
[28/01/2013 13:18:46] /a
[28/01/2013 13:18:47] /a
[28/01/2013 13:18:47] /a
[28/01/2013 13:18:47] /a
[28/01/2013 13:18:47] /a
[28/01/2013 13:18:47] /a
[28/01/2013 13:18:47] /a
[28/01/2013 13:18:47] /a
[28/01/2013 13:18:47] /a
[28/01/2013 13:18:47] /a
[28/01/2013 13:18:47] /a
[28/01/2013 13:18:47] /a
[28/01/2013 13:18:47] /a
[28/01/2013 13:18:48] /a
[28/01/2013 13:18:48] /a
[28/01/2013 13:18:48] /a
[28/01/2013 13:18:48] /a
[28/01/2013 13:18:48] /a
[28/01/2013 13:18:48] /a
[28/01/2013 13:18:49] /a
[26/12/2013 13:37:20] /ghost
[26/12/2013 13:37:27] /up
[26/12/2013 13:37:27] /up
[26/12/2013 13:37:30] /t
[26/12/2013 13:42:37] /goto kina
[26/12/2013 13:42:39] /t
[26/12/2013 13:42:42] /up
[26/12/2013 13:42:43] /up
[27/12/2013 13:03:08] /t
[27/12/2013 13:03:57] /up
[27/12/2013 13:03:59] /up
[28/12/2013 11:37:23] /goto evy lira
[28/12/2013 11:38:33] /goto kinazinha
[28/12/2013 11:41:02] /up
[28/12/2013 11:41:03] /up
[28/12/2013 11:41:07] /save
[28/12/2013 15:10:07] /goto menina ma
[28/12/2013 15:10:55] /i 2137
[28/12/2013 15:11:03] /i 2140
[28/12/2013 15:14:15] /r
[28/12/2013 15:14:24] /a 5
[28/12/2013 15:14:32] /a 5
[28/12/2013 15:14:55] /r
[28/12/2013 15:15:40] /r
[28/12/2013 15:15:57] /t
[28/12/2013 15:16:10] /goto testamentopi
[28/12/2013 15:17:26] /up
[28/12/2013 15:17:26] /up
[28/12/2013 16:04:41] /goto sir gui
[28/12/2013 16:04:49] /goto sir gui
[28/12/2013 16:04:52] /goto sir gui
[28/12/2013 16:05:15] /goto menina ma
[28/12/2013 16:05:32] /save
[28/12/2013 16:12:43] /goto sir gui
[28/12/2013 16:13:11] /t
[28/12/2013 16:13:13] /up
[28/12/2013 16:13:14] /up
[29/12/2013 14:24:26] /goto mage rulles
[29/12/2013 14:24:35] /t
[29/12/2013 14:39:26] /goto sir gui
[29/12/2013 14:39:53] /goto sir gui
[29/12/2013 14:39:55] /goto sir gui
[29/12/2013 14:39:57] /goto sir gui
[29/12/2013 14:39:59] /goto sir gui
[29/12/2013 14:40:00] /goto sir gui
[29/12/2013 14:40:04] /goto sir gui
[29/12/2013 14:40:08] /goto sir gui
[29/12/2013 14:40:10] /goto sir gui
[29/12/2013 14:40:14] /goto sir gui
[29/12/2013 14:40:53] /goto sir gui
[29/12/2013 14:41:30] /goto sir gui
[29/12/2013 14:42:44] /goto sir gui
[29/12/2013 14:43:18] /goto sir gui
[29/12/2013 14:43:20] /goto sir gui
[29/12/2013 14:43:21] /goto sir gui
[29/12/2013 14:43:25] /goto sir gui
[29/12/2013 14:43:52] /goto sir gui
[29/12/2013 14:44:29] /goto sir gui
[29/12/2013 14:44:31] /t
[29/12/2013 14:44:43] /up
[30/12/2013 15:20:16] /goto menina maa
[30/12/2013 15:20:20] /goto menina ma
[30/12/2013 15:20:35] /goto julia martins
[30/12/2013 15:20:53] /goto kinazinha
[30/12/2013 15:21:04] /t
[30/12/2013 15:21:10] /up
[30/12/2013 15:21:13] /up
[30/12/2013 17:27:07] /goto mage rulles
[30/12/2013 17:27:11] /t
[30/12/2013 17:27:25] /up
[30/12/2013 17:27:26] /up
[30/12/2013 21:24:48] /goto mage rulles
[30/12/2013 21:25:14] /t
[30/12/2013 21:25:19] /up
[30/12/2013 21:25:20] /up
[31/12/2013 16:21:05] /goto mage rulles
[31/12/2013 16:21:20] /t
[31/12/2013 16:44:03] /up
[01/01/2014 15:10:56] /t
[01/01/2014 15:11:29] /up
[01/01/2014 15:11:30] /up
[03/01/2014 12:37:10] /goto Arizinha Andrade
[03/01/2014 12:37:14] /goto Arizinha Andrade
[03/01/2014 12:37:19] /goto Arizinha Andrade
[03/01/2014 12:37:23] /goto Arizinha Andrade
[03/01/2014 12:37:29] /goto Arizinha Andrade
[03/01/2014 12:37:48] /goto Arizinha Andrade
[03/01/2014 12:38:03] /goto Arizinha Andrade
[03/01/2014 12:38:05] /goto Arizinha Andrade
[03/01/2014 12:38:07] /t
[03/01/2014 12:38:21] /up
[03/01/2014 12:38:22] /up
[03/01/2014 15:17:21] /t
[03/01/2014 15:17:32] /up
[07/01/2014 13:58:27] /t
[07/01/2014 14:16:43] /goto mlk loko
[07/01/2014 14:16:45] /t
[07/01/2014 14:16:47] /up
[07/01/2014 14:16:47] /up
[07/01/2014 14:16:51] /save
[07/01/2014 18:04:40] /goto lucas
[23/01/2014 11:18:58] /t
[23/01/2014 11:22:20] /i 2309
[23/01/2014 11:22:27] /up
[23/01/2014 11:22:28] /up
[23/01/2014 11:23:27] /t
[23/01/2014 11:32:23] /goto galaxy kina
[23/01/2014 11:33:03] /goto galaxy kina
[23/01/2014 11:35:27] /goto galaxy kina
[23/01/2014 11:35:32] /up
[25/01/2014 11:59:57] /t
[25/01/2014 12:00:08] /goto the devil
[25/01/2014 12:00:26] /goto the apocalypse
[25/01/2014 12:00:31] /a 5
[25/01/2014 12:02:08] /goto ryuuku
[25/01/2014 12:02:14] /reload spells
[25/01/2014 12:03:41] /i 2283
[25/01/2014 12:03:51] /t
[25/01/2014 12:05:43] /t
[25/01/2014 12:08:28] /i 2122
[25/01/2014 12:10:30] /i 8266
[25/01/2014 12:10:40] /ghost
[25/01/2014 12:10:51] /ghost
[25/01/2014 12:11:22] /i 2312
[25/01/2014 12:11:40] /ghost
[25/01/2014 12:11:55] /ghost
[25/01/2014 12:15:11] /reload spells
[25/01/2014 12:15:42] /reload spells
[25/01/2014 12:16:48] /reload spells
[25/01/2014 12:17:31] /i 2174
[25/01/2014 12:19:00] /reload spells
[25/01/2014 12:19:22] /reload spells
[25/01/2014 12:25:52] /goto ryuuku
[25/01/2014 12:26:11] /goto ryuuku
[25/01/2014 12:26:50] /goto ryuuku
[25/01/2014 12:27:08] /a
[25/01/2014 12:27:09] /a
[25/01/2014 12:27:09] /a
[25/01/2014 12:27:09] /a
[25/01/2014 12:27:09] /a
[25/01/2014 12:27:09] /a
[25/01/2014 12:27:09] /a
[25/01/2014 12:27:09] /a
[25/01/2014 12:27:09] /a
[25/01/2014 12:27:09] /a
[25/01/2014 12:27:09] /a
[25/01/2014 12:27:09] /a
[25/01/2014 12:27:09] /a
[25/01/2014 12:27:09] /a
[25/01/2014 12:27:09] /a
[25/01/2014 12:27:09] /a
[25/01/2014 12:27:09] /a
[25/01/2014 12:27:09] /a
[25/01/2014 12:27:10] /a
[25/01/2014 12:27:10] /a
[25/01/2014 12:27:10] /a
[25/01/2014 12:27:10] /a
[25/01/2014 12:27:10] /a
[25/01/2014 12:27:10] /a
[25/01/2014 12:27:10] /a
[25/01/2014 12:27:10] /a
[25/01/2014 12:27:10] /a
[25/01/2014 12:27:10] /a
[25/01/2014 12:27:10] /a
[25/01/2014 12:27:10] /a
[25/01/2014 12:27:10] /a
[25/01/2014 12:27:10] /a
[25/01/2014 12:27:10] /a
[25/01/2014 12:27:10] /a
[25/01/2014 12:27:10] /a
[25/01/2014 12:27:10] /a
[25/01/2014 12:27:10] /a
[25/01/2014 12:27:10] /a
[25/01/2014 12:27:10] /a
[25/01/2014 12:27:10] /a
[25/01/2014 12:27:10] /a
[25/01/2014 12:27:10] /a
[25/01/2014 12:27:10] /a
[25/01/2014 12:27:11] /a
[25/01/2014 12:27:11] /a
[25/01/2014 12:27:11] /a
[25/01/2014 12:27:11] /a
[25/01/2014 12:27:11] /a
[25/01/2014 12:27:11] /a
[25/01/2014 12:27:11] /a
[25/01/2014 12:27:11] /a
[25/01/2014 12:27:11] /a
[25/01/2014 12:27:11] /a
[25/01/2014 12:27:11] /a
[25/01/2014 12:27:11] /a
[25/01/2014 12:27:11] /a
[25/01/2014 12:27:11] /a
[25/01/2014 12:27:11] /a
[25/01/2014 12:27:11] /a
[25/01/2014 12:27:11] /a
[25/01/2014 12:27:11] /a
[25/01/2014 12:27:11] /a
[25/01/2014 12:27:11] /a
[25/01/2014 12:27:11] /a
[25/01/2014 12:27:11] /a
[25/01/2014 12:27:11] /a
[25/01/2014 12:27:11] /a
[25/01/2014 12:27:11] /a
[25/01/2014 12:27:11] /a
[25/01/2014 12:27:12] /a
[25/01/2014 12:27:12] /a
[25/01/2014 12:27:12] /a
[25/01/2014 12:27:12] /a
[25/01/2014 12:27:12] /a
[25/01/2014 12:27:12] /a
[25/01/2014 12:27:12] /a
[25/01/2014 12:27:12] /a
[25/01/2014 12:27:12] /a
[25/01/2014 12:27:12] /a
[25/01/2014 12:27:12] /a
[25/01/2014 12:27:12] /a
[25/01/2014 12:27:12] /a
[25/01/2014 12:27:12] /a
[25/01/2014 12:27:12] /a
[25/01/2014 12:27:12] /a
[25/01/2014 12:27:12] /a
[25/01/2014 12:27:12] /a
[25/01/2014 12:27:12] /a
[25/01/2014 12:27:12] /a
[25/01/2014 12:27:12] /a
[25/01/2014 12:27:12] /a
[25/01/2014 12:27:14] /a 50
[25/01/2014 12:27:16] /a
[25/01/2014 12:27:17] /a
[25/01/2014 12:27:17] /a
[25/01/2014 12:27:17] /a
[25/01/2014 12:27:17] /a
[25/01/2014 12:27:17] /a
[25/01/2014 12:27:17] /a
[25/01/2014 12:27:17] /a
[25/01/2014 12:27:17] /a
[25/01/2014 12:27:17] /a
[25/01/2014 12:27:17] /a
[25/01/2014 12:27:17] /a
[25/01/2014 12:27:17] /a
[25/01/2014 12:27:17] /a
[25/01/2014 12:27:17] /a
[25/01/2014 12:27:17] /a
[25/01/2014 12:27:17] /a
[25/01/2014 12:27:17] /a
[25/01/2014 12:27:17] /a
[25/01/2014 12:27:17] /a
[25/01/2014 12:27:17] /a
[25/01/2014 12:27:17] /a
[25/01/2014 12:27:18] /a
[25/01/2014 12:27:18] /a
[25/01/2014 12:27:18] /a
[25/01/2014 12:27:18] /a
[25/01/2014 12:27:18] /a
[25/01/2014 12:27:18] /a
[25/01/2014 12:27:18] /a
[25/01/2014 12:27:18] /a
[25/01/2014 12:27:18] /a
[25/01/2014 12:27:18] /a
[25/01/2014 12:27:18] /a
[25/01/2014 12:27:18] /a
[25/01/2014 12:27:18] /a
[25/01/2014 12:27:18] /a
[25/01/2014 12:27:18] /a
[25/01/2014 12:27:18] /a
[25/01/2014 12:27:18] /a
[25/01/2014 12:27:18] /a
[25/01/2014 12:27:18] /a
[25/01/2014 12:27:18] /a
[25/01/2014 12:27:18] /a
[25/01/2014 12:27:19] /a
[25/01/2014 12:27:19] /a
[25/01/2014 12:27:19] /a
[25/01/2014 12:27:19] /a
[25/01/2014 12:27:19] /a
[25/01/2014 12:27:19] /a
[25/01/2014 12:27:19] /a
[25/01/2014 12:27:19] /a
[25/01/2014 12:27:19] /a
[25/01/2014 12:27:19] /a
[25/01/2014 12:27:19] /a
[25/01/2014 12:27:19] /a
[25/01/2014 12:27:19] /a
[25/01/2014 12:27:19] /a
[25/01/2014 12:27:19] /a
[25/01/2014 12:27:19] /a
[25/01/2014 12:27:19] /a
[25/01/2014 12:27:19] /a
[25/01/2014 12:27:19] /a
[25/01/2014 12:27:19] /a
[25/01/2014 12:27:19] /a
[25/01/2014 12:27:19] /a
[25/01/2014 12:27:19] /a
[25/01/2014 12:27:19] /a
[25/01/2014 12:27:19] /a
[25/01/2014 12:27:20] /a
[25/01/2014 12:27:20] /a
[25/01/2014 12:27:20] /a
[25/01/2014 12:27:20] /a
[25/01/2014 12:27:20] /a
[25/01/2014 12:27:20] /a
[25/01/2014 12:27:20] /a
[25/01/2014 12:27:20] /a
[25/01/2014 12:27:20] /a
[25/01/2014 12:27:20] /a
[25/01/2014 12:27:20] /a
[25/01/2014 12:27:20] /a
[25/01/2014 12:27:20] /a
[25/01/2014 12:27:20] /a
[25/01/2014 12:27:20] /a
[25/01/2014 12:27:20] /a
[25/01/2014 12:27:20] /a
[25/01/2014 12:27:20] /a
[25/01/2014 12:27:20] /a
[25/01/2014 12:27:20] /a
[25/01/2014 12:27:21] /a
[25/01/2014 12:27:21] /a
[25/01/2014 12:27:21] /a
[25/01/2014 12:27:21] /a
[25/01/2014 12:27:21] /a
[25/01/2014 12:27:21] /a
[25/01/2014 12:27:21] /a
[25/01/2014 12:27:21] /a
[25/01/2014 12:27:21] /a
[25/01/2014 12:27:21] /a
[25/01/2014 12:27:21] /a
[25/01/2014 12:27:21] /a
[25/01/2014 12:27:21] /a
[25/01/2014 12:27:21] /a
[25/01/2014 12:27:21] /a
[25/01/2014 12:27:21] /a
[25/01/2014 12:27:22] /a
[25/01/2014 12:27:23] /a
[25/01/2014 12:27:23] /a
[25/01/2014 12:27:23] /a
[25/01/2014 12:27:23] /a
[25/01/2014 12:27:23] /a
[25/01/2014 12:27:23] /a
[25/01/2014 12:27:23] /a
[25/01/2014 12:27:23] /a
[25/01/2014 12:27:23] /a
[25/01/2014 12:27:23] /a
[25/01/2014 12:27:23] /a
[25/01/2014 12:27:23] /a
[25/01/2014 12:27:23] /a
[25/01/2014 12:27:23] /a
[25/01/2014 12:27:23] /a
[25/01/2014 12:27:23] /a
[25/01/2014 12:27:23] /a
[25/01/2014 12:27:23] /a
[25/01/2014 12:27:23] /a
[25/01/2014 12:27:23] /a
[25/01/2014 12:27:23] /a
[25/01/2014 12:27:24] /a
[25/01/2014 12:27:24] /a
[25/01/2014 12:27:24] /a
[25/01/2014 12:27:24] /a
[25/01/2014 12:27:24] /a
[25/01/2014 12:27:24] /a
[25/01/2014 12:27:24] /a
[25/01/2014 12:27:24] /a
[25/01/2014 12:27:24] /a
[25/01/2014 12:27:24] /a
[25/01/2014 12:27:24] /a
[25/01/2014 12:27:24] /a
[25/01/2014 12:27:24] /a
[25/01/2014 12:27:24] /a
[25/01/2014 12:27:24] /a
[25/01/2014 12:27:24] /a
[25/01/2014 12:27:24] /a
[25/01/2014 12:27:24] /a
[25/01/2014 12:27:24] /a
[25/01/2014 12:27:24] /a
[25/01/2014 12:27:24] /a
[25/01/2014 12:27:24] /a
[25/01/2014 12:27:24] /a
[25/01/2014 12:27:24] /a
[25/01/2014 12:27:24] /a
[25/01/2014 12:27:25] /a
[25/01/2014 12:27:25] /a
[25/01/2014 12:27:25] /a
[25/01/2014 12:27:25] /a
[25/01/2014 12:27:25] /a
[25/01/2014 12:27:25] /a
[25/01/2014 12:27:25] /a
[25/01/2014 12:27:25] /a
[25/01/2014 12:27:27] /a
[25/01/2014 12:27:27] /a
[25/01/2014 12:27:27] /a
[25/01/2014 12:27:27] /a
[25/01/2014 12:27:27] /a
[25/01/2014 12:27:27] /a
[25/01/2014 12:27:27] /a
[25/01/2014 12:27:27] /a
[25/01/2014 12:27:27] /a
[25/01/2014 12:27:27] /a
[25/01/2014 12:27:27] /a
[25/01/2014 12:27:27] /a
[25/01/2014 12:27:27] /a
[25/01/2014 12:27:27] /a
[25/01/2014 12:27:27] /a
[25/01/2014 12:27:27] /a
[25/01/2014 12:27:27] /a
[25/01/2014 12:27:28] /a
[25/01/2014 12:27:28] /a
[25/01/2014 12:27:28] /a
[25/01/2014 12:27:28] /a
[25/01/2014 12:27:28] /a
[25/01/2014 12:27:28] /a
[25/01/2014 12:27:28] /a
[25/01/2014 12:27:28] /a
[25/01/2014 12:27:28] /a
[25/01/2014 12:27:28] /a
[25/01/2014 12:27:28] /a
[25/01/2014 12:27:28] /a
[25/01/2014 12:27:28] /a
[25/01/2014 12:27:30] /a
[25/01/2014 12:27:31] /a
[25/01/2014 12:27:31] /a
[25/01/2014 12:27:31] /a
[25/01/2014 12:27:31] /a
[25/01/2014 12:27:31] /a
[25/01/2014 12:27:31] /a
[25/01/2014 12:27:31] /a
[25/01/2014 12:27:31] /a
[25/01/2014 12:27:31] /a
[25/01/2014 12:27:31] /a
[25/01/2014 12:27:31] /a
[25/01/2014 12:27:31] /a
[25/01/2014 12:27:31] /a
[25/01/2014 12:27:32] /a
[25/01/2014 12:27:32] /a
[25/01/2014 12:27:32] /a
[25/01/2014 12:27:32] /a
[25/01/2014 12:27:32] /a
[25/01/2014 12:27:32] /a
[25/01/2014 12:27:32] /a
[25/01/2014 12:27:32] /a
[25/01/2014 12:27:32] /a
[25/01/2014 12:27:32] /a
[25/01/2014 12:27:32] /a
[25/01/2014 12:27:33] /a
[25/01/2014 12:27:33] /a
[25/01/2014 12:27:33] /a
[25/01/2014 12:27:33] /a
[25/01/2014 12:27:33] /a
[25/01/2014 12:27:34] /a
[25/01/2014 12:27:34] /a
[25/01/2014 12:27:35] /a
[25/01/2014 12:27:35] /a
[25/01/2014 12:27:35] /a
[25/01/2014 12:27:35] /a
[25/01/2014 12:27:36] /a
[25/01/2014 12:27:36] /a
[25/01/2014 12:27:36] /a
[25/01/2014 12:27:37] /a
[25/01/2014 12:27:37] /a
[25/01/2014 12:27:37] /a
[25/01/2014 12:27:37] /a
[25/01/2014 12:27:37] /a
[25/01/2014 12:27:37] /a
[25/01/2014 12:27:37] /a
[25/01/2014 12:27:37] /a
[25/01/2014 12:27:37] /a
[25/01/2014 12:27:37] /a
[25/01/2014 12:27:37] /a
[25/01/2014 12:27:37] /a
[25/01/2014 12:27:37] /a
[25/01/2014 12:27:37] /a
[25/01/2014 12:27:37] /a
[25/01/2014 12:27:37] /a
[25/01/2014 12:27:37] /a
[25/01/2014 12:27:37] /a
[25/01/2014 12:27:37] /a
[25/01/2014 12:27:37] /a
[25/01/2014 12:27:37] /a
[25/01/2014 12:27:37] /a
[25/01/2014 12:27:37] /a
[25/01/2014 12:27:37] /a
[25/01/2014 12:27:38] /a
[25/01/2014 12:27:38] /a
[25/01/2014 12:27:38] /a
[25/01/2014 12:27:38] /a
[25/01/2014 12:27:38] /a
[25/01/2014 12:27:38] /a
[25/01/2014 12:27:38] /a
[25/01/2014 12:27:38] /a
[25/01/2014 12:27:39] /a
[25/01/2014 12:27:39] /a
[25/01/2014 12:27:39] /a
[25/01/2014 12:27:39] /a
[25/01/2014 12:27:39] /a
[25/01/2014 12:27:39] /a
[25/01/2014 12:27:39] /a
[25/01/2014 12:27:39] /a
[25/01/2014 12:27:39] /a
[25/01/2014 12:27:39] /a
[25/01/2014 12:27:39] /a
[25/01/2014 12:27:39] /a
[25/01/2014 12:27:39] /a
[25/01/2014 12:27:39] /a
[25/01/2014 12:27:39] /a
[25/01/2014 12:27:39] /a
[25/01/2014 12:27:39] /a
[25/01/2014 12:27:39] /a
[25/01/2014 12:27:39] /a
[25/01/2014 12:27:39] /a
[25/01/2014 12:27:40] /a
[25/01/2014 12:27:40] /a
[25/01/2014 12:27:40] /a
[25/01/2014 12:27:40] /a
[25/01/2014 12:27:40] /a
[25/01/2014 12:27:40] /a
[25/01/2014 12:27:40] /a
[25/01/2014 12:27:40] /a
[25/01/2014 12:27:40] /a
[25/01/2014 12:27:40] /a
[25/01/2014 12:27:40] /a
[25/01/2014 12:27:40] /a
[25/01/2014 12:27:40] /a
[25/01/2014 12:27:40] /a
[25/01/2014 12:27:40] /a
[25/01/2014 12:27:40] /a
[25/01/2014 12:27:40] /a
[25/01/2014 12:27:40] /a
[25/01/2014 12:27:40] /a
[25/01/2014 12:27:40] /a
[25/01/2014 12:27:40] /a
[25/01/2014 12:27:40] /a
[25/01/2014 12:27:40] /a
[25/01/2014 12:27:41] /a
[25/01/2014 12:27:41] /a
[25/01/2014 12:27:41] /a
[25/01/2014 12:27:41] /a
[25/01/2014 12:27:41] /a
[25/01/2014 12:27:41] /a
[25/01/2014 12:27:41] /a
[25/01/2014 12:27:41] /a
[25/01/2014 12:27:41] /a
[25/01/2014 12:27:41] /a
[25/01/2014 12:27:41] /a
[25/01/2014 12:27:41] /a
[25/01/2014 12:27:41] /a
[25/01/2014 12:27:41] /a
[25/01/2014 12:27:41] /a
[25/01/2014 12:27:41] /a
[25/01/2014 12:27:41] /a
[25/01/2014 12:27:41] /a
[25/01/2014 12:27:41] /a
[25/01/2014 12:27:41] /a
[25/01/2014 12:27:41] /a
[25/01/2014 12:27:41] /a
[25/01/2014 12:27:41] /a
[25/01/2014 12:27:41] /a
[25/01/2014 12:27:41] /a
[25/01/2014 12:27:41] /a
[25/01/2014 12:27:42] /a
[25/01/2014 12:27:42] /a
[25/01/2014 12:27:43] /a
[25/01/2014 12:27:43] /a
[25/01/2014 12:27:43] /a
[25/01/2014 12:27:43] /a
[25/01/2014 12:27:43] /a
[25/01/2014 12:27:43] /a
[25/01/2014 12:27:43] /a
[25/01/2014 12:27:43] /a
[25/01/2014 12:27:43] /a
[25/01/2014 12:27:43] /a
[25/01/2014 12:27:43] /a
[25/01/2014 12:27:43] /a
[25/01/2014 12:27:43] /a
[25/01/2014 12:27:43] /a
[25/01/2014 12:27:43] /a
[25/01/2014 12:27:43] /a
[25/01/2014 12:27:43] /a
[25/01/2014 12:27:43] /a
[25/01/2014 12:27:43] /a
[25/01/2014 12:27:43] /a
[25/01/2014 12:27:43] /a
[25/01/2014 12:27:43] /a
[25/01/2014 12:27:43] /a
[25/01/2014 12:27:43] /a
[25/01/2014 12:27:43] /a
[25/01/2014 12:27:43] /a
[25/01/2014 12:27:43] /a
[25/01/2014 12:27:43] /a
[25/01/2014 12:27:44] /a
[25/01/2014 12:27:44] /a
[25/01/2014 12:27:44] /a
[25/01/2014 12:27:44] /a
[25/01/2014 12:27:44] /a
[25/01/2014 12:27:44] /a
[25/01/2014 12:27:44] /a
[25/01/2014 12:27:44] /a
[25/01/2014 12:27:44] /a
[25/01/2014 12:27:44] /a
[25/01/2014 12:27:44] /a
[25/01/2014 12:27:44] /a
[25/01/2014 12:27:44] /a
[25/01/2014 12:27:44] /a
[25/01/2014 12:27:44] /a
[25/01/2014 12:27:44] /a
[25/01/2014 12:27:44] /a
[25/01/2014 12:27:44] /a
[25/01/2014 12:27:44] /a
[25/01/2014 12:27:44] /a
[25/01/2014 12:27:44] /a
[25/01/2014 12:27:44] /a
[25/01/2014 12:27:44] /a
[25/01/2014 12:27:44] /a
[25/01/2014 12:27:44] /a
[25/01/2014 12:27:44] /a
[25/01/2014 12:27:45] /a
[25/01/2014 12:27:45] /a
[25/01/2014 12:27:45] /a
[25/01/2014 12:27:45] /a
[25/01/2014 12:27:45] /a
[25/01/2014 12:27:45] /a
[25/01/2014 12:27:45] /a
[25/01/2014 12:27:45] /a
[25/01/2014 12:27:45] /a
[25/01/2014 12:27:45] /a
[25/01/2014 12:27:45] /a
[25/01/2014 12:27:45] /a
[25/01/2014 12:27:45] /a
[25/01/2014 12:27:45] /a
[25/01/2014 12:27:45] /a
[25/01/2014 12:27:45] /a
[25/01/2014 12:27:45] /a
[25/01/2014 12:27:45] /a
[25/01/2014 12:27:45] /a
[25/01/2014 12:27:45] /a
[25/01/2014 12:27:45] /a
[25/01/2014 12:27:45] /a
[25/01/2014 12:27:45] /a
[25/01/2014 12:27:45] /a
[25/01/2014 12:27:45] /a
[25/01/2014 12:27:45] /a
[25/01/2014 12:27:45] /a
[25/01/2014 12:27:45] /a
[25/01/2014 12:27:45] /a
[25/01/2014 12:27:46] /a
[25/01/2014 12:27:46] /a
[25/01/2014 12:27:46] /a
[25/01/2014 12:27:46] /a
[25/01/2014 12:27:46] /a
[25/01/2014 12:27:46] /a
[25/01/2014 12:27:46] /a
[25/01/2014 12:27:46] /a
[25/01/2014 12:27:46] /a
[25/01/2014 12:27:46] /a
[25/01/2014 12:27:46] /a
[25/01/2014 12:27:46] /a
[25/01/2014 12:27:46] /a
[25/01/2014 12:27:46] /a
[25/01/2014 12:27:46] /a
[25/01/2014 12:27:46] /a
[25/01/2014 12:27:46] /a
[25/01/2014 12:27:46] /a
[25/01/2014 12:27:46] /a
[25/01/2014 12:27:46] /a
[25/01/2014 12:27:46] /a
[25/01/2014 12:27:46] /a
[25/01/2014 12:27:46] /a
[25/01/2014 12:27:46] /a
[25/01/2014 12:27:46] /a
[25/01/2014 12:27:46] /a
[25/01/2014 12:27:46] /a
[25/01/2014 12:27:46] /a
[25/01/2014 12:27:47] /a
[25/01/2014 12:27:47] /a
[25/01/2014 12:27:47] /a
[25/01/2014 12:27:47] /a
[25/01/2014 12:27:47] /a
[25/01/2014 12:27:47] /a
[25/01/2014 12:27:47] /a
[25/01/2014 12:27:47] /a
[25/01/2014 12:27:47] /a
[25/01/2014 12:27:47] /a
[25/01/2014 12:27:47] /a
[25/01/2014 12:27:47] /a
[25/01/2014 12:27:47] /a
[25/01/2014 12:27:47] /a
[25/01/2014 12:27:47] /a
[25/01/2014 12:27:47] /a
[25/01/2014 12:27:47] /a
[25/01/2014 12:27:47] /a
[25/01/2014 12:27:47] /a
[25/01/2014 12:27:47] /a
[25/01/2014 12:27:47] /a
[25/01/2014 12:27:47] /a
[25/01/2014 12:27:47] /a
[25/01/2014 12:27:47] /a
[25/01/2014 12:27:47] /a
[25/01/2014 12:27:47] /a
[25/01/2014 12:27:47] /a
[25/01/2014 12:27:47] /a
[25/01/2014 12:27:48] /a
[25/01/2014 12:27:48] /a
[25/01/2014 12:27:48] /a
[25/01/2014 12:27:48] /a
[25/01/2014 12:27:48] /a
[25/01/2014 12:27:48] /a
[25/01/2014 12:27:48] /a
[25/01/2014 12:27:48] /a
[25/01/2014 12:27:48] /a
[25/01/2014 12:27:49] /a
[25/01/2014 12:27:49] /a
[25/01/2014 12:27:49] /a
[25/01/2014 12:27:49] /a
[25/01/2014 12:27:49] /a
[25/01/2014 12:27:49] /a
[25/01/2014 12:27:49] /a
[25/01/2014 12:27:49] /a
[25/01/2014 12:27:49] /a
[25/01/2014 12:27:49] /a
[25/01/2014 12:27:49] /a
[25/01/2014 12:27:49] /a
[25/01/2014 12:27:49] /a
[25/01/2014 12:27:49] /a
[25/01/2014 12:27:49] /a
[25/01/2014 12:27:49] /a
[25/01/2014 12:27:49] /a
[25/01/2014 12:27:49] /a
[25/01/2014 12:27:49] /a
[25/01/2014 12:27:49] /a
[25/01/2014 12:27:49] /a
[25/01/2014 12:27:49] /a
[25/01/2014 12:27:49] /a
[25/01/2014 12:27:49] /a
[25/01/2014 12:27:49] /a
[25/01/2014 12:27:49] /a
[25/01/2014 12:27:49] /a
[25/01/2014 12:27:49] /a
[25/01/2014 12:27:50] /a
[25/01/2014 12:27:50] /a
[25/01/2014 12:27:50] /a
[25/01/2014 12:27:50] /a
[25/01/2014 12:27:50] /a
[25/01/2014 12:27:50] /a
[25/01/2014 12:27:50] /a
[25/01/2014 12:27:50] /a
[25/01/2014 12:27:50] /a
[25/01/2014 12:27:50] /a
[25/01/2014 12:27:50] /a
[25/01/2014 12:27:50] /a
[25/01/2014 12:27:50] /a
[25/01/2014 12:27:50] /a
[25/01/2014 12:27:50] /a
[25/01/2014 12:27:50] /a
[25/01/2014 12:27:50] /a
[25/01/2014 12:27:50] /a
[25/01/2014 12:27:50] /a
[25/01/2014 12:27:50] /a
[25/01/2014 12:27:50] /a
[25/01/2014 12:27:50] /a
[25/01/2014 12:27:50] /a
[25/01/2014 12:27:50] /a
[25/01/2014 12:27:50] /a
[25/01/2014 12:27:50] /a
[25/01/2014 12:27:50] /a
[25/01/2014 12:27:50] /a
[25/01/2014 12:27:51] /a
[25/01/2014 12:27:51] /a
[25/01/2014 12:27:51] /a
[25/01/2014 12:27:51] /a
[25/01/2014 12:27:51] /a
[25/01/2014 12:27:51] /a
[25/01/2014 12:27:51] /a
[25/01/2014 12:27:51] /a
[25/01/2014 12:27:51] /a
[25/01/2014 12:27:51] /a
[25/01/2014 12:27:51] /a
[25/01/2014 12:27:51] /a
[25/01/2014 12:27:51] /a
[25/01/2014 12:27:51] /a
[25/01/2014 12:27:51] /a
[25/01/2014 12:27:51] /a
[25/01/2014 12:27:51] /a
[25/01/2014 12:27:51] /a
[25/01/2014 12:27:51] /a
[25/01/2014 12:27:51] /a
[25/01/2014 12:27:51] /a
[25/01/2014 12:27:51] /a
[25/01/2014 12:27:51] /a
[25/01/2014 12:27:51] /a
[25/01/2014 12:27:51] /a
[25/01/2014 12:27:51] /a
[25/01/2014 12:27:51] /a
[25/01/2014 12:27:52] /a
[25/01/2014 12:27:52] /a
[25/01/2014 12:27:52] /a
[25/01/2014 12:27:52] /a
[25/01/2014 12:27:52] /a
[25/01/2014 12:27:52] /a
[25/01/2014 12:27:52] /a
[25/01/2014 12:27:52] /a
[25/01/2014 12:27:52] /a
[25/01/2014 12:27:52] /a
[25/01/2014 12:27:52] /a
[25/01/2014 12:27:52] /a
[25/01/2014 12:27:52] /a
[25/01/2014 12:27:52] /a
[25/01/2014 12:27:52] /a
[25/01/2014 12:27:52] /a
[25/01/2014 12:27:52] /a
[25/01/2014 12:27:52] /a
[25/01/2014 12:27:52] /a
[25/01/2014 12:27:52] /a
[25/01/2014 12:27:53] /a
[25/01/2014 12:27:53] /a
[25/01/2014 12:27:53] /a
[25/01/2014 12:27:53] /a
[25/01/2014 12:27:54] /a
[25/01/2014 12:27:55] /a
[25/01/2014 12:27:55] /a
[25/01/2014 12:27:55] /a
[25/01/2014 12:27:55] /a
[25/01/2014 12:27:55] /a
[25/01/2014 12:27:55] /a
[25/01/2014 12:27:55] /a
[25/01/2014 12:27:55] /a
[25/01/2014 12:27:55] /a
[25/01/2014 12:27:55] /a
[25/01/2014 12:27:55] /a
[25/01/2014 12:27:55] /a
[25/01/2014 12:27:56] /a
[25/01/2014 12:27:56] /a
[25/01/2014 12:27:57] /a
[25/01/2014 12:27:57] /a
[25/01/2014 12:27:57] /a
[25/01/2014 12:27:57] /a
[25/01/2014 12:27:57] /a
[25/01/2014 12:27:58] /a
[25/01/2014 12:27:58] /a
[25/01/2014 12:27:58] /a
[25/01/2014 12:27:58] /a
[25/01/2014 12:27:58] /a
[25/01/2014 12:27:58] /a
[25/01/2014 12:27:58] /a
[25/01/2014 12:27:58] /a
[25/01/2014 12:27:58] /a
[25/01/2014 12:27:59] /a
[25/01/2014 12:28:23] /a 5
[25/01/2014 12:30:39] /a 5
[25/01/2014 12:30:43] /reload monster
[25/01/2014 12:32:31] /reload monster
[25/01/2014 12:32:47] /a
[25/01/2014 12:32:49] /r
[25/01/2014 12:32:55] /a 5
[25/01/2014 12:33:10] /c mestre dos magos
[25/01/2014 12:33:31] /r
[25/01/2014 12:33:34] /r
[25/01/2014 12:35:44] /reload monster
[25/01/2014 12:36:42] /reload monster
[25/01/2014 12:37:53] /reload monster
[25/01/2014 12:39:09] /reload monster
[25/01/2014 12:39:54] /i 1397
[25/01/2014 12:39:55] /i 1397
[25/01/2014 12:39:56] /i 1397
[25/01/2014 12:40:02] /r
[25/01/2014 12:40:05] /t
[25/01/2014 12:40:45] /goto Mauricio
[25/01/2014 12:43:09] /goto Mauricio
[25/01/2014 12:43:16] /t
[25/01/2014 12:43:29] /reload monster
[25/01/2014 12:43:48] /goto the apocalypse
[25/01/2014 12:43:52] /a 5
[25/01/2014 12:46:25] /r
[25/01/2014 12:46:33] /goto near
[25/01/2014 12:46:41] /goto mahina
[25/01/2014 12:53:09] /reload monster
[25/01/2014 12:56:12] /reload monster
[25/01/2014 12:57:12] /r
[25/01/2014 12:57:13] /r
[25/01/2014 12:57:18] /goto ryyku
[25/01/2014 12:57:23] /goto ryuuku
[25/01/2014 12:57:31] /a
[25/01/2014 12:57:31] /a
[25/01/2014 12:57:31] /a
[25/01/2014 12:57:31] /a
[25/01/2014 12:57:31] /a
[25/01/2014 12:57:32] /a
[25/01/2014 12:57:32] /a
[25/01/2014 12:57:32] /a
[25/01/2014 12:57:32] /a
[25/01/2014 12:57:32] /a
[25/01/2014 12:57:32] /a
[25/01/2014 12:57:32] /a
[25/01/2014 12:57:32] /a
[25/01/2014 12:57:32] /a
[25/01/2014 12:57:32] /a
[25/01/2014 12:57:32] /a
[25/01/2014 12:57:32] /a
[25/01/2014 12:57:32] /a
[25/01/2014 12:57:33] /a
[25/01/2014 12:57:33] /a
[25/01/2014 12:57:33] /a
[25/01/2014 12:57:33] /a
[25/01/2014 12:57:33] /a
[25/01/2014 12:57:33] /a
[25/01/2014 12:57:33] /a
[25/01/2014 12:57:33] /a
[25/01/2014 12:57:33] /a
[25/01/2014 12:57:33] /a
[25/01/2014 12:57:33] /a
[25/01/2014 12:57:33] /a
[25/01/2014 12:57:34] /a
[25/01/2014 12:57:34] /a
[25/01/2014 12:57:34] /a
[25/01/2014 12:57:34] /a
[25/01/2014 12:57:34] /a
[25/01/2014 12:57:34] /a
[25/01/2014 12:57:34] /a
[25/01/2014 12:57:34] /a
[25/01/2014 12:57:34] /a
[25/01/2014 12:57:34] /a
[25/01/2014 12:57:34] /a
[25/01/2014 12:57:34] /a
[25/01/2014 12:57:34] /a
[25/01/2014 12:57:34] /a
[25/01/2014 12:57:34] /a
[25/01/2014 12:57:34] /a
[25/01/2014 12:57:34] /a
[25/01/2014 12:57:34] /a
[25/01/2014 12:57:34] /a
[25/01/2014 12:57:34] /a
[25/01/2014 12:57:34] /a
[25/01/2014 12:57:34] /a
[25/01/2014 12:57:34] /a
[25/01/2014 12:57:34] /a
[25/01/2014 12:57:34] /a
[25/01/2014 12:57:34] /a
[25/01/2014 12:57:34] /a
[25/01/2014 12:57:35] /a
[25/01/2014 12:57:35] /a
[25/01/2014 12:57:35] /a
[25/01/2014 12:57:35] /a
[25/01/2014 12:57:36] /a
[25/01/2014 12:57:36] /a
[25/01/2014 12:57:36] /a
[25/01/2014 12:57:36] /a
[25/01/2014 12:57:36] /a
[25/01/2014 12:57:36] /a
[25/01/2014 12:57:36] /a
[25/01/2014 12:57:36] /a
[25/01/2014 12:57:36] /a
[25/01/2014 12:57:36] /a
[25/01/2014 12:57:36] /a
[25/01/2014 12:57:36] /a
[25/01/2014 12:57:36] /a
[25/01/2014 12:57:36] /a
[25/01/2014 12:57:36] /a
[25/01/2014 12:57:36] /a
[25/01/2014 12:57:36] /a
[25/01/2014 12:57:36] /a
[25/01/2014 12:57:36] /a
[25/01/2014 12:57:36] /a
[25/01/2014 12:57:36] /a
[25/01/2014 12:57:36] /a
[25/01/2014 12:57:36] /a
[25/01/2014 12:57:36] /a
[25/01/2014 12:57:36] /a
[25/01/2014 12:57:36] /a
[25/01/2014 12:57:36] /a
[25/01/2014 12:57:37] /a
[25/01/2014 12:57:37] /a
[25/01/2014 12:57:37] /a
[25/01/2014 12:57:37] /a
[25/01/2014 12:57:37] /a
[25/01/2014 12:57:38] /a
[25/01/2014 12:57:38] /a
[25/01/2014 12:57:38] /a
[25/01/2014 12:57:38] /a
[25/01/2014 12:57:38] /a
[25/01/2014 12:57:38] /a
[25/01/2014 12:57:38] /a
[25/01/2014 12:57:38] /a
[25/01/2014 12:57:38] /a
[25/01/2014 12:57:38] /a
[25/01/2014 12:57:38] /a
[25/01/2014 12:57:39] /a
[25/01/2014 12:57:39] /a
[25/01/2014 12:57:39] /a
[25/01/2014 12:57:39] /a
[25/01/2014 12:57:39] /a
[25/01/2014 12:57:39] /a
[25/01/2014 12:57:39] /a
[25/01/2014 12:57:39] /a
[25/01/2014 12:57:39] /a
[25/01/2014 12:57:39] /a
[25/01/2014 12:57:39] /a
[25/01/2014 12:57:39] /a
[25/01/2014 12:57:39] /a
[25/01/2014 12:57:39] /a
[25/01/2014 12:57:39] /a
[25/01/2014 12:57:39] /a
[25/01/2014 12:57:39] /a
[25/01/2014 12:57:39] /a
[25/01/2014 12:57:39] /a
[25/01/2014 12:57:39] /a
[25/01/2014 12:57:39] /a
[25/01/2014 12:57:39] /a
[25/01/2014 12:57:39] /a
[25/01/2014 12:57:39] /a
[25/01/2014 12:57:39] /a
[25/01/2014 12:57:40] /a
[25/01/2014 12:57:40] /a
[25/01/2014 12:57:40] /a
[25/01/2014 12:57:40] /a
[25/01/2014 12:57:40] /a
[25/01/2014 12:57:40] /a
[25/01/2014 12:57:40] /a
[25/01/2014 12:57:40] /a
[25/01/2014 12:57:40] /a
[25/01/2014 12:57:40] /a
[25/01/2014 12:57:40] /a
[25/01/2014 12:57:40] /a
[25/01/2014 12:57:40] /a
[25/01/2014 12:57:40] /a
[25/01/2014 12:57:40] /a
[25/01/2014 12:57:40] /a
[25/01/2014 12:57:40] /a
[25/01/2014 12:57:40] /a
[25/01/2014 12:57:40] /a
[25/01/2014 12:57:40] /a
[25/01/2014 12:57:40] /a
[25/01/2014 12:57:40] /a
[25/01/2014 12:57:40] /a
[25/01/2014 12:57:40] /a
[25/01/2014 12:57:40] /a
[25/01/2014 12:57:40] /a
[25/01/2014 12:57:40] /a
[25/01/2014 12:57:40] /a
[25/01/2014 12:57:41] /a
[25/01/2014 12:57:41] /a
[25/01/2014 12:57:41] /a
[25/01/2014 12:57:41] /a
[25/01/2014 12:57:41] /a
[25/01/2014 12:57:41] /a
[25/01/2014 12:57:41] /a
[25/01/2014 12:57:41] /a
[25/01/2014 12:57:41] /a
[25/01/2014 12:57:41] /a
[25/01/2014 12:57:41] /a
[25/01/2014 12:57:42] /a
[25/01/2014 12:57:42] /a
[25/01/2014 12:57:42] /a
[25/01/2014 12:57:42] /a
[25/01/2014 12:57:42] /a
[25/01/2014 12:57:42] /a
[25/01/2014 12:57:42] /a
[25/01/2014 12:57:42] /a
[25/01/2014 12:57:42] /a
[25/01/2014 12:57:43] /a
[25/01/2014 12:57:43] /a
[25/01/2014 12:57:43] /a
[25/01/2014 12:57:43] /a
[25/01/2014 12:57:43] /a
[25/01/2014 12:57:43] /a
[25/01/2014 12:57:43] /a
[25/01/2014 12:57:43] /a
[25/01/2014 12:57:43] /a
[25/01/2014 12:57:43] /a
[25/01/2014 12:57:43] /a
[25/01/2014 12:57:43] /a
[25/01/2014 12:57:43] /a
[25/01/2014 12:57:43] /a
[25/01/2014 12:57:45] /a
[25/01/2014 12:57:45] /a
[25/01/2014 12:57:46] /a
[25/01/2014 12:57:46] /a
[25/01/2014 12:57:46] /a
[25/01/2014 12:57:46] /a
[25/01/2014 12:57:46] /a
[25/01/2014 12:57:46] /a
[25/01/2014 12:57:46] /a
[25/01/2014 12:57:46] /a
[25/01/2014 12:57:46] /a
[25/01/2014 12:57:46] /a
[25/01/2014 12:57:46] /a
[25/01/2014 12:57:46] /a
[25/01/2014 12:57:47] /a
[25/01/2014 12:57:47] /a
[25/01/2014 12:57:47] /a
[25/01/2014 12:57:47] /a
[25/01/2014 12:57:47] /a
[25/01/2014 12:57:47] /a
[25/01/2014 12:57:47] /a
[25/01/2014 12:57:47] /a
[25/01/2014 12:57:47] /a
[25/01/2014 12:57:47] /a
[25/01/2014 12:57:47] /a
[25/01/2014 12:57:47] /a
[25/01/2014 12:57:47] /a
[25/01/2014 12:57:47] /a
[25/01/2014 12:57:47] /a
[25/01/2014 12:57:47] /a
[25/01/2014 12:57:47] /a
[25/01/2014 12:57:47] /a
[25/01/2014 12:57:47] /a
[25/01/2014 12:57:47] /a
[25/01/2014 12:57:47] /a
[25/01/2014 12:57:47] /a
[25/01/2014 12:57:47] /a
[25/01/2014 12:57:47] /a
[25/01/2014 12:57:48] /a
[25/01/2014 12:57:48] /a
[25/01/2014 12:57:48] /a
[25/01/2014 12:57:48] /a
[25/01/2014 12:57:48] /a
[25/01/2014 12:57:48] /a
[25/01/2014 12:57:48] /a
[25/01/2014 12:57:48] /a
[25/01/2014 12:57:48] /a
[25/01/2014 12:57:48] /a
[25/01/2014 12:57:48] /a
[25/01/2014 12:57:48] /a
[25/01/2014 12:57:48] /a
[25/01/2014 12:57:48] /a
[25/01/2014 12:57:48] /a
[25/01/2014 12:57:48] /a
[25/01/2014 12:57:49] /a
[25/01/2014 12:57:49] /a
[25/01/2014 12:57:49] /a
[25/01/2014 12:57:49] /a
[25/01/2014 12:57:49] /a
[25/01/2014 12:57:49] /a
[25/01/2014 12:57:49] /a
[25/01/2014 12:57:49] /a
[25/01/2014 12:57:49] /a
[25/01/2014 12:57:49] /a
[25/01/2014 12:57:49] /a
[25/01/2014 12:57:49] /a
[25/01/2014 12:58:21] /goto juca
[25/01/2014 12:58:24] /goto juca
[25/01/2014 12:58:24] /goto juca
[25/01/2014 12:58:26] /goto juca
[25/01/2014 12:58:26] /goto juca
[25/01/2014 12:58:27] /goto juca
[25/01/2014 12:58:35] /r
[25/01/2014 12:58:37] /goto juca
[25/01/2014 12:58:41] /goto juca
[25/01/2014 13:00:30] /goto mello
[25/01/2014 13:03:10] /goto near
[25/01/2014 13:04:10] /reload monster
[25/01/2014 13:04:14] /a
[25/01/2014 13:04:15] /a
[25/01/2014 13:04:18] /r
[25/01/2014 13:04:25] /m near
[25/01/2014 13:06:23] /r
[25/01/2014 13:08:34] /reload monster
[25/01/2014 13:12:57] /reload monster
[25/01/2014 13:14:26] /reload monster
[25/01/2014 13:15:07] /reload monster
[25/01/2014 13:16:05] /reload monster
[25/01/2014 13:18:00] /reload monster
[25/01/2014 13:20:07] /reload monster
[25/01/2014 13:20:43] /reload monster
[25/01/2014 13:21:15] /goto the apocalyspe
[25/01/2014 13:21:20] /goto the apocalypse
[25/01/2014 13:21:24] /a 2
[25/01/2014 13:23:27] /r
[25/01/2014 13:23:33] /r
[25/01/2014 13:23:40] /reload monster
[25/01/2014 13:23:51] /goto near
[25/01/2014 13:23:55] /a 5
[25/01/2014 13:24:59] /reload monster
[25/01/2014 13:25:33] /reload monster
[25/01/2014 13:30:26] /r
[25/01/2014 13:32:21] /reload monster
[25/01/2014 13:32:39] /r
[25/01/2014 13:32:43] /r
[25/01/2014 13:32:46] /r
[25/01/2014 13:34:36] /r
[25/01/2014 13:36:18] /reload monster
[25/01/2014 13:37:26] /r
[25/01/2014 13:52:42] /r
[26/01/2014 19:52:14] /t
[26/01/2014 19:52:33] /goto black noiado
[26/01/2014 19:52:44] /mc
[26/01/2014 19:52:58] /t
[26/01/2014 19:53:08] /up
[26/01/2014 19:53:09] /up
[28/01/2014 12:03:33] /goto ryukku
[28/01/2014 12:03:41] /goto ryuuku
[28/01/2014 12:04:01] /goto ryukku
[28/01/2014 12:04:02] /goto ryuuku
[28/01/2014 12:04:14] /a
[28/01/2014 12:04:14] /a
[28/01/2014 12:04:15] /a
[28/01/2014 12:04:15] /a
[28/01/2014 12:04:15] /a
[28/01/2014 12:04:15] /a
[28/01/2014 12:04:15] /a
[28/01/2014 12:04:15] /a
[28/01/2014 12:04:15] /a
[28/01/2014 12:04:15] /a
[28/01/2014 12:04:15] /a
[28/01/2014 12:04:15] /a
[28/01/2014 12:04:15] /a
[28/01/2014 12:04:15] /a
[28/01/2014 12:04:15] /a
[28/01/2014 12:04:15] /a
[28/01/2014 12:04:15] /a
[28/01/2014 12:04:15] /a
[28/01/2014 12:04:15] /a
[28/01/2014 12:04:15] /a
[28/01/2014 12:04:15] /a
[28/01/2014 12:04:15] /a
[28/01/2014 12:04:15] /a
[28/01/2014 12:04:15] /a
[28/01/2014 12:04:15] /a
[28/01/2014 12:04:15] /a
[28/01/2014 12:04:16] /a
[28/01/2014 12:04:16] /a
[28/01/2014 12:04:16] /a
[28/01/2014 12:04:16] /a
[28/01/2014 12:04:16] /a
[28/01/2014 12:04:16] /a
[28/01/2014 12:04:16] /a
[28/01/2014 12:04:16] /a
[28/01/2014 12:04:16] /a
[28/01/2014 12:04:16] /a
[28/01/2014 12:04:16] /a
[28/01/2014 12:04:16] /a
[28/01/2014 12:04:16] /a
[28/01/2014 12:04:16] /a
[28/01/2014 12:04:16] /a
[28/01/2014 12:04:16] /a
[28/01/2014 12:04:16] /a
[28/01/2014 12:04:16] /a
[28/01/2014 12:04:16] /a
[28/01/2014 12:04:16] /a
[28/01/2014 12:04:16] /a
[28/01/2014 12:04:16] /a
[28/01/2014 12:04:16] /a
[28/01/2014 12:04:16] /a
[28/01/2014 12:04:16] /a
[28/01/2014 12:04:16] /a
[28/01/2014 12:04:16] /a
[28/01/2014 12:04:17] /a
[28/01/2014 12:04:18] /a
[28/01/2014 12:04:18] /a
[28/01/2014 12:04:18] /a
[28/01/2014 12:04:19] /a
[28/01/2014 12:04:19] /a
[28/01/2014 12:04:19] /a
[28/01/2014 12:04:19] /a
[28/01/2014 12:04:19] /a
[28/01/2014 12:04:19] /a
[28/01/2014 12:04:19] /a
[28/01/2014 12:04:19] /a
[28/01/2014 12:04:19] /a
[28/01/2014 12:04:19] /a
[28/01/2014 12:04:19] /a
[28/01/2014 12:04:19] /a
[28/01/2014 12:04:19] /a
[28/01/2014 12:04:19] /a
[28/01/2014 12:04:19] /a
[28/01/2014 12:04:19] /a
[28/01/2014 12:04:19] /a
[28/01/2014 12:04:19] /a
[28/01/2014 12:04:19] /a
[28/01/2014 12:04:19] /a
[28/01/2014 12:04:19] /a
[28/01/2014 12:04:19] /a
[28/01/2014 12:04:19] /a
[28/01/2014 12:04:19] /a
[28/01/2014 12:04:19] /a
[28/01/2014 12:04:19] /a
[28/01/2014 12:04:19] /a
[28/01/2014 12:04:19] /a
[28/01/2014 12:04:19] /a
[28/01/2014 12:04:19] /a
[28/01/2014 12:04:20] /a
[28/01/2014 12:04:20] /a
[28/01/2014 12:04:20] /a
[28/01/2014 12:04:20] /a
[28/01/2014 12:04:20] /a
[28/01/2014 12:04:20] /a
[28/01/2014 12:04:21] /a
[28/01/2014 12:04:21] /a
[28/01/2014 12:04:21] /a
[28/01/2014 12:04:21] /a
[28/01/2014 12:04:21] /a
[28/01/2014 12:04:21] /a
[28/01/2014 12:04:21] /a
[28/01/2014 12:04:21] /a
[28/01/2014 12:04:21] /a
[28/01/2014 12:04:21] /a
[28/01/2014 12:04:21] /a
[28/01/2014 12:04:21] /a
[28/01/2014 12:04:21] /a
[28/01/2014 12:04:21] /a
[28/01/2014 12:04:21] /a
[28/01/2014 12:04:21] /a
[28/01/2014 12:04:22] /a
[28/01/2014 12:04:22] /a
[28/01/2014 12:04:23] /a
[28/01/2014 12:04:23] /a
[28/01/2014 12:04:23] /a
[28/01/2014 12:04:29] /a 2
[28/01/2014 12:04:30] /a 2
[28/01/2014 12:04:31] /a 2
[28/01/2014 12:05:04] /r
[28/01/2014 12:05:08] /t
[28/01/2014 12:05:10] /up
[28/01/2014 12:05:12] /up
[31/01/2014 00:24:53] /t
[31/01/2014 00:25:05] /goto lucas
[31/01/2014 00:25:08] /t
[31/01/2014 00:27:44] /goto tekila
[31/01/2014 00:27:50] /t
[31/01/2014 00:28:02] /goto testamentopi
[31/01/2014 00:28:27] /goto testamentopi
[31/01/2014 00:28:28] /goto testamentopi
[31/01/2014 00:28:55] /goto testamentopi
[31/01/2014 00:29:35] /t
[31/01/2014 00:30:22] /up
[31/01/2014 00:30:23] /up
[01/02/2014 14:38:41] /goto black noiado
[01/02/2014 14:38:49] /goto testamentopi
[01/02/2014 14:38:53] /goto black noiado
[01/02/2014 14:39:33] /goto black noiado
[01/02/2014 14:39:37] /goto black noiado
[01/02/2014 14:41:59] /goto black noiado
[01/02/2014 14:42:03] /t
[01/02/2014 14:42:10] /goto black noiado
[01/02/2014 14:47:44] /goto black noiado
[01/02/2014 14:47:48] /goto black noiado
[03/02/2014 22:55:51] /goto gaah sz
[03/02/2014 22:56:01] /a 5
[03/02/2014 22:56:06] /a
[03/02/2014 22:56:07] /a
[03/02/2014 22:56:07] /a
[03/02/2014 22:56:07] /a
[03/02/2014 22:56:07] /a
[03/02/2014 22:56:08] /a
[03/02/2014 22:56:08] /a
[03/02/2014 22:56:08] /a
[03/02/2014 22:56:09] /a
[03/02/2014 22:56:09] /a
[03/02/2014 22:56:09] /a
[03/02/2014 22:56:10] /a
[03/02/2014 22:56:10] /a
[03/02/2014 22:56:43] /a
[03/02/2014 22:56:44] /a
[03/02/2014 22:56:44] /a
[03/02/2014 22:56:48] /a
[03/02/2014 22:56:48] /a
[03/02/2014 22:56:49] /a
[03/02/2014 22:56:50] /a
[03/02/2014 22:56:51] /a
[03/02/2014 22:56:51] /a
[03/02/2014 22:58:47] /a
[03/02/2014 22:58:47] /a
[03/02/2014 22:58:47] /a
[03/02/2014 22:58:47] /a
[03/02/2014 22:58:47] /a
[03/02/2014 22:58:47] /a
[03/02/2014 22:58:47] /a
[03/02/2014 22:58:47] /a
[03/02/2014 22:58:48] /a
[03/02/2014 22:58:48] /a
[03/02/2014 22:58:48] /a
[03/02/2014 22:58:48] /a
[03/02/2014 22:58:49] /a
[03/02/2014 22:58:49] /a
[03/02/2014 22:58:49] /a
[03/02/2014 22:58:49] /a
[03/02/2014 22:58:49] /a
[03/02/2014 22:58:49] /a
[03/02/2014 22:58:50] /a
[03/02/2014 22:58:50] /a
[03/02/2014 22:58:50] /a
[03/02/2014 22:58:50] /a
[03/02/2014 22:58:50] /a
[03/02/2014 22:58:50] /a
[03/02/2014 22:58:50] /a
[03/02/2014 22:58:50] /a
[03/02/2014 22:58:50] /a
[03/02/2014 22:58:50] /a
[03/02/2014 22:58:50] /a
[03/02/2014 22:58:50] /a
[03/02/2014 22:58:50] /a
[03/02/2014 22:58:50] /a
[03/02/2014 22:58:50] /a
[03/02/2014 22:58:50] /a
[03/02/2014 22:58:50] /a
[03/02/2014 22:58:50] /a
[03/02/2014 22:58:50] /a
[03/02/2014 22:58:50] /a
[03/02/2014 22:58:51] /a
[03/02/2014 22:58:51] /a
[03/02/2014 22:58:52] /a
[03/02/2014 22:59:12] /goto gaah sz
[03/02/2014 22:59:49] /goto gaah sz
[03/02/2014 23:00:07] /goto Piedade de Mim
[03/02/2014 23:06:27] /goto tekila
[03/02/2014 23:09:52] /goto piedade de mim
[03/02/2014 23:10:02] /goto bomboo sticks
[03/02/2014 23:10:05] /goto bomboo sticks
[03/02/2014 23:10:06] /goto bomboo sticks
[03/02/2014 23:10:08] /goto bomboo sticks
[03/02/2014 23:10:09] /goto bomboo sticks
[03/02/2014 23:10:10] /goto bomboo sticks
[03/02/2014 23:10:11] /goto bomboo sticks
[03/02/2014 23:10:13] /goto bomboo sticks
[03/02/2014 23:10:16] /goto bomboo sticks
[03/02/2014 23:10:18] /goto bomboo sticks
[03/02/2014 23:10:19] /goto bomboo sticks
[03/02/2014 23:11:37] /goto tekila
[03/02/2014 23:11:40] /goto bomboo sticks
[03/02/2014 23:24:26] /goto bomboo sticks
[03/02/2014 23:46:25] /goto bomboo sticks
[03/02/2014 23:46:27] /goto tekila
[03/02/2014 23:46:49] /goto piedade de mim
[03/02/2014 23:46:57] /goto black noiado
[03/02/2014 23:46:59] /t
[04/02/2014 00:19:40] /goto piedade de mim
[04/02/2014 00:19:43] /t
[04/02/2014 00:19:46] /up
[04/02/2014 00:19:48] /up
[04/02/2014 16:25:03] /t
[04/02/2014 16:25:13] /goto piedade de mim
[04/02/2014 16:25:32] /goto mlk looko
[04/02/2014 16:25:43] /t
[04/02/2014 16:26:31] /up
[04/02/2014 16:26:32] /up
[04/02/2014 20:40:33] /t
[04/02/2014 20:43:09] /goto Pally Oz Piint
[04/02/2014 20:46:47] /goto Pally Oz Piint
[04/02/2014 20:46:50] /goto Pally Oz Piint
[04/02/2014 20:46:52] /goto Pally Oz Piint
[04/02/2014 20:47:17] /goto testamentopi
[04/02/2014 20:47:23] /goto Pally Oz Piint
[04/02/2014 20:47:46] /goto Pally Oz Piint
[04/02/2014 20:50:01] /goto testamentopi
[04/02/2014 20:50:05] /t
[04/02/2014 20:50:17] /t
[04/02/2014 20:53:13] /goto testamentopi
[04/02/2014 20:53:16] /goto Pally Oz Piint
[04/02/2014 20:53:25] /t
[04/02/2014 20:56:54] /goto Pally Oz Piint
[04/02/2014 20:56:55] /goto Pally Oz Piint
[04/02/2014 20:56:56] /goto Pally Oz Piint
[04/02/2014 20:57:12] /goto piedade de mim
[04/02/2014 20:57:14] /goto piedade de mim
[04/02/2014 20:57:17] /goto piedade de mim
[04/02/2014 20:57:22] /goto piedade de mim
[04/02/2014 20:57:24] /goto piedade de mim
[04/02/2014 20:57:25] /goto piedade de mim
[04/02/2014 20:57:27] /goto piedade de mim
[04/02/2014 20:57:30] /goto piedade de mim
[04/02/2014 20:57:32] /goto piedade de mim
[04/02/2014 20:57:36] /goto piedade de mim
[04/02/2014 20:57:38] /goto piedade de mim
[04/02/2014 20:57:43] /goto ryuuku
[04/02/2014 20:58:43] /goto ryuuku
[04/02/2014 21:00:01] /goto ryuuku
[05/02/2014 01:00:56] /goto piedade de mim
[05/02/2014 01:01:38] /goto near
[05/02/2014 01:02:12] /goto ryuuku
[05/02/2014 01:02:45] /a
[05/02/2014 01:02:46] /a
[05/02/2014 01:02:47] /a
[05/02/2014 01:02:47] /a
[05/02/2014 01:02:47] /a
[05/02/2014 01:02:47] /a
[05/02/2014 01:02:47] /a
[05/02/2014 01:02:47] /a
[05/02/2014 01:02:47] /a
[05/02/2014 01:02:48] /a
[05/02/2014 01:02:48] /a
[05/02/2014 01:02:48] /a
[05/02/2014 01:02:48] /a
[05/02/2014 01:02:48] /a
[05/02/2014 01:02:48] /a
[05/02/2014 01:02:48] /a
[05/02/2014 01:02:48] /a
[05/02/2014 01:02:48] /a
[05/02/2014 01:02:48] /a
[05/02/2014 01:02:48] /a
[05/02/2014 01:02:48] /a
[05/02/2014 01:02:48] /a
[05/02/2014 01:02:48] /a
[05/02/2014 01:02:48] /a
[05/02/2014 01:02:48] /a
[05/02/2014 01:02:48] /a
[05/02/2014 01:02:48] /a
[05/02/2014 01:02:48] /a
[05/02/2014 01:02:48] /a
[05/02/2014 01:02:48] /a
[05/02/2014 01:02:48] /a
[05/02/2014 01:02:48] /a
[05/02/2014 01:02:48] /a
[05/02/2014 01:02:48] /a
[05/02/2014 01:02:49] /a
[05/02/2014 01:02:49] /a
[05/02/2014 01:02:49] /a
[05/02/2014 01:02:49] /a
[05/02/2014 01:02:49] /a
[05/02/2014 01:02:49] /a
[05/02/2014 01:02:49] /a
[05/02/2014 01:02:49] /a
[05/02/2014 01:02:49] /a
[05/02/2014 01:02:49] /a
[05/02/2014 01:02:49] /a
[05/02/2014 01:02:49] /a
[05/02/2014 01:02:49] /a
[05/02/2014 01:02:49] /a
[05/02/2014 01:02:49] /a
[05/02/2014 01:02:49] /a
[05/02/2014 01:02:49] /a
[05/02/2014 01:02:49] /a
[05/02/2014 01:02:49] /a
[05/02/2014 01:02:49] /a
[05/02/2014 01:02:49] /a
[05/02/2014 01:02:49] /a
[05/02/2014 01:02:49] /a
[05/02/2014 01:02:49] /a
[05/02/2014 01:02:49] /a
[05/02/2014 01:02:49] /a
[05/02/2014 01:02:49] /a
[05/02/2014 01:02:49] /a
[05/02/2014 01:02:50] /a
[05/02/2014 01:02:50] /a
[05/02/2014 01:02:50] /a
[05/02/2014 01:02:50] /a
[05/02/2014 01:02:50] /a
[05/02/2014 01:02:50] /a
[05/02/2014 01:02:50] /a
[05/02/2014 01:02:50] /a
[05/02/2014 01:02:50] /a
[05/02/2014 01:02:50] /a
[05/02/2014 01:02:50] /a
[05/02/2014 01:02:50] /a
[05/02/2014 01:02:50] /a
[05/02/2014 01:02:50] /a
[05/02/2014 01:02:50] /a
[05/02/2014 01:02:50] /a
[05/02/2014 01:02:50] /a
[05/02/2014 01:02:50] /a
[05/02/2014 01:02:50] /a
[05/02/2014 01:02:50] /a
[05/02/2014 01:02:50] /a
[05/02/2014 01:02:50] /a
[05/02/2014 01:02:50] /a
[05/02/2014 01:02:50] /a
[05/02/2014 01:02:50] /a
[05/02/2014 01:02:50] /a
[05/02/2014 01:02:50] /a
[05/02/2014 01:02:50] /a
[05/02/2014 01:02:51] /a
[05/02/2014 01:02:51] /a
[05/02/2014 01:02:51] /a
[05/02/2014 01:02:51] /a
[05/02/2014 01:02:51] /a
[05/02/2014 01:02:51] /a
[05/02/2014 01:02:51] /a
[05/02/2014 01:02:51] /a
[05/02/2014 01:02:51] /a
[05/02/2014 01:02:51] /a
[05/02/2014 01:02:51] /a
[05/02/2014 01:02:51] /a
[05/02/2014 01:02:51] /a
[05/02/2014 01:02:51] /a
[05/02/2014 01:02:51] /a
[05/02/2014 01:02:51] /a
[05/02/2014 01:02:51] /a
[05/02/2014 01:02:51] /a
[05/02/2014 01:02:51] /a
[05/02/2014 01:02:51] /a
[05/02/2014 01:02:51] /a
[05/02/2014 01:02:51] /a
[05/02/2014 01:02:51] /a
[05/02/2014 01:02:51] /a
[05/02/2014 01:02:51] /a
[05/02/2014 01:02:51] /a
[05/02/2014 01:02:51] /a
[05/02/2014 01:02:52] /a
[05/02/2014 01:02:52] /a
[05/02/2014 01:02:52] /a
[05/02/2014 01:02:52] /a
[05/02/2014 01:02:52] /a
[05/02/2014 01:02:52] /a
[05/02/2014 01:02:52] /a
[05/02/2014 01:02:52] /a
[05/02/2014 01:02:52] /a
[05/02/2014 01:02:52] /a
[05/02/2014 01:02:52] /a
[05/02/2014 01:02:52] /a
[05/02/2014 01:02:52] /a
[05/02/2014 01:02:52] /a
[05/02/2014 01:02:52] /a
[05/02/2014 01:02:52] /a
[05/02/2014 01:02:52] /a
[05/02/2014 01:02:52] /a
[05/02/2014 01:02:52] /a
[05/02/2014 01:02:52] /a
[05/02/2014 01:02:52] /a
[05/02/2014 01:02:52] /a
[05/02/2014 01:02:52] /a
[05/02/2014 01:02:52] /a
[05/02/2014 01:02:52] /a
[05/02/2014 01:02:53] /a
[05/02/2014 01:02:53] /a
[05/02/2014 01:02:53] /a
[05/02/2014 01:02:54] /a
[05/02/2014 01:02:54] /a
[05/02/2014 01:02:54] /a
[05/02/2014 01:02:54] /a
[05/02/2014 01:02:54] /a
[05/02/2014 01:02:54] /a
[05/02/2014 01:02:54] /a
[05/02/2014 01:02:54] /a
[05/02/2014 01:02:54] /a
[05/02/2014 01:02:54] /a
[05/02/2014 01:02:54] /a
[05/02/2014 01:02:54] /a
[05/02/2014 01:02:54] /a
[05/02/2014 01:02:54] /a
[05/02/2014 01:02:54] /a
[05/02/2014 01:02:54] /a
[05/02/2014 01:02:54] /a
[05/02/2014 01:02:54] /a
[05/02/2014 01:02:54] /a
[05/02/2014 01:02:54] /a
[05/02/2014 01:02:54] /a
[05/02/2014 01:02:54] /a
[05/02/2014 01:02:54] /a
[05/02/2014 01:02:54] /a
[05/02/2014 01:02:54] /a
[05/02/2014 01:02:54] /a
[05/02/2014 01:02:54] /a
[05/02/2014 01:02:55] /a
[05/02/2014 01:02:55] /a
[05/02/2014 01:02:55] /a
[05/02/2014 01:02:55] /a
[05/02/2014 01:02:55] /a
[05/02/2014 01:02:55] /a
[05/02/2014 01:02:55] /a
[05/02/2014 01:02:55] /a
[05/02/2014 01:02:55] /a
[05/02/2014 01:02:55] /a
[05/02/2014 01:02:55] /a
[05/02/2014 01:02:55] /a
[05/02/2014 01:02:55] /a
[05/02/2014 01:02:55] /a
[05/02/2014 01:02:55] /a
[05/02/2014 01:02:55] /a
[05/02/2014 01:02:55] /a
[05/02/2014 01:02:55] /a
[05/02/2014 01:02:55] /a
[05/02/2014 01:02:55] /a
[05/02/2014 01:02:55] /a
[05/02/2014 01:02:55] /a
[05/02/2014 01:02:55] /a
[05/02/2014 01:02:55] /a
[05/02/2014 01:02:55] /a
[05/02/2014 01:02:55] /a
[05/02/2014 01:02:55] /a
[05/02/2014 01:02:55] /a
[05/02/2014 01:02:56] /a
[05/02/2014 01:02:56] /a
[05/02/2014 01:02:56] /a
[05/02/2014 01:02:56] /a
[05/02/2014 01:02:56] /a
[05/02/2014 01:02:56] /a
[05/02/2014 01:02:56] /a
[05/02/2014 01:02:56] /a
[05/02/2014 01:02:56] /a
[05/02/2014 01:02:56] /a
[05/02/2014 01:02:56] /a
[05/02/2014 01:02:56] /a
[05/02/2014 01:02:56] /a
[05/02/2014 01:02:56] /a
[05/02/2014 01:02:56] /a
[05/02/2014 01:02:56] /a
[05/02/2014 01:02:56] /a
[05/02/2014 01:02:56] /a
[05/02/2014 01:02:56] /a
[05/02/2014 01:02:56] /a
[05/02/2014 01:02:56] /a
[05/02/2014 01:02:56] /a
[05/02/2014 01:02:56] /a
[05/02/2014 01:02:56] /a
[05/02/2014 01:02:56] /a
[05/02/2014 01:02:56] /a
[05/02/2014 01:02:56] /a
[05/02/2014 01:02:57] /a
[05/02/2014 01:02:57] /a
[05/02/2014 01:02:57] /a
[05/02/2014 01:02:57] /a
[05/02/2014 01:02:57] /a
[05/02/2014 01:02:57] /a
[05/02/2014 01:02:57] /a
[05/02/2014 01:02:57] /a
[05/02/2014 01:02:57] /a
[05/02/2014 01:02:57] /a
[05/02/2014 01:02:57] /a
[05/02/2014 01:02:57] /a
[05/02/2014 01:02:57] /a
[05/02/2014 01:02:57] /a
[05/02/2014 01:02:57] /a
[05/02/2014 01:02:57] /a
[05/02/2014 01:02:57] /a
[05/02/2014 01:02:57] /a
[05/02/2014 01:02:57] /a
[05/02/2014 01:02:57] /a
[05/02/2014 01:02:57] /a
[05/02/2014 01:02:57] /a
[05/02/2014 01:02:57] /a
[05/02/2014 01:02:57] /a
[05/02/2014 01:02:57] /a
[05/02/2014 01:02:57] /a
[05/02/2014 01:02:58] /a
[05/02/2014 01:02:58] /a
[05/02/2014 01:02:58] /a
[05/02/2014 01:02:58] /a
[05/02/2014 01:02:58] /a
[05/02/2014 01:02:58] /a
[05/02/2014 01:02:58] /a
[05/02/2014 01:02:58] /a
[05/02/2014 01:02:58] /a
[05/02/2014 01:02:58] /a
[05/02/2014 01:02:58] /a
[05/02/2014 01:02:58] /a
[05/02/2014 01:02:58] /a
[05/02/2014 01:02:58] /a
[05/02/2014 01:02:58] /a
[05/02/2014 01:02:58] /a
[05/02/2014 01:02:58] /a
[05/02/2014 01:02:58] /a
[05/02/2014 01:02:58] /a
[05/02/2014 01:02:58] /a
[05/02/2014 01:02:58] /a
[05/02/2014 01:02:58] /a
[05/02/2014 01:02:58] /a
[05/02/2014 01:02:58] /a
[05/02/2014 01:02:58] /a
[05/02/2014 01:02:58] /a
[05/02/2014 01:02:58] /a
[05/02/2014 01:02:58] /a
[05/02/2014 01:02:58] /a
[05/02/2014 01:02:59] /a
[05/02/2014 01:02:59] /a
[05/02/2014 01:02:59] /a
[05/02/2014 01:02:59] /a
[05/02/2014 01:02:59] /a
[05/02/2014 01:02:59] /a
[05/02/2014 01:02:59] /a
[05/02/2014 01:02:59] /a
[05/02/2014 01:02:59] /a
[05/02/2014 01:02:59] /a
[05/02/2014 01:02:59] /a
[05/02/2014 01:02:59] /a
[05/02/2014 01:02:59] /a
[05/02/2014 01:03:00] /a
[05/02/2014 01:03:00] /a
[05/02/2014 01:03:00] /a
[05/02/2014 01:03:00] /a
[05/02/2014 01:03:01] /a
[05/02/2014 01:03:01] /a
[05/02/2014 01:03:01] /a
[05/02/2014 01:03:01] /a
[05/02/2014 01:03:01] /a
[05/02/2014 01:03:02] /a
[05/02/2014 01:03:02] /a
[05/02/2014 01:03:02] /a
[05/02/2014 01:03:02] /a
[05/02/2014 01:03:02] /a
[05/02/2014 01:03:03] /a
[05/02/2014 01:03:03] /a
[05/02/2014 01:03:03] /a
[05/02/2014 01:03:17] /c piedade de mim
[05/02/2014 01:03:26] /a
[05/02/2014 01:03:27] /a
[05/02/2014 01:03:27] /a
[05/02/2014 01:03:28] /a
[05/02/2014 01:03:28] /a
[05/02/2014 01:03:29] /a
[05/02/2014 01:03:30] /a
[05/02/2014 01:03:31] /a
[05/02/2014 01:03:40] /goto piedade de mim
[05/02/2014 01:03:54] /goto piedade de mim
[05/02/2014 01:04:12] /goto piedade de mim
[05/02/2014 01:04:14] /goto piedade de mim
[05/02/2014 01:04:18] /a
[05/02/2014 01:04:19] /a
[05/02/2014 01:04:21] /a
[05/02/2014 01:04:24] /a
[05/02/2014 01:05:19] /c piedade de mim
[05/02/2014 01:06:33] /t
[05/02/2014 01:16:30] /goto near
[05/02/2014 01:16:32] /up
[05/02/2014 01:16:46] /t
[05/02/2014 01:16:55] /up
[05/02/2014 01:16:56] /up
[05/02/2014 19:41:59] /goto senhora morte
[05/02/2014 19:42:13] /goto  xx crazy xx
[05/02/2014 19:50:16] /goto Xx Crazy Xx
[05/02/2014 20:01:30] /goto Xx Crazy Xx
[05/02/2014 20:01:35] /t
[06/02/2014 18:22:46] /raid demon lord
[06/02/2014 18:23:09] /goto Xx Crazy Xx
[06/02/2014 18:23:14] /t
[06/02/2014 18:24:13] /goto Testamentopi
[06/02/2014 18:25:59] /save
[06/02/2014 18:26:28] /t
[06/02/2014 18:26:35] /up
[06/02/2014 18:26:36] /up
[06/02/2014 18:26:38] /save
[06/02/2014 20:59:01] /goto demon
[06/02/2014 20:59:04] /t
[06/02/2014 21:00:32] /goto Gaah sz 
[06/02/2014 21:00:34] /goto Gaah sz
[06/02/2014 21:00:39] /goto Gaah sz
[06/02/2014 21:01:02] /goto Gaah sz
[06/02/2014 21:01:35] /goto Gaah sz
[06/02/2014 21:01:40] /t
[06/02/2014 21:21:32] /goto gaah sz
[06/02/2014 21:21:54] /goto gaah sz
[06/02/2014 21:33:35] /goto gaah sz
[06/02/2014 21:34:44] /up
[06/02/2014 21:34:47] /save
[07/02/2014 00:03:57] /goto haddadi
[07/02/2014 00:04:19] /goto senhora morte
[07/02/2014 00:04:39] /c Senhora Morte
[07/02/2014 00:04:52] /t
[07/02/2014 00:04:56] /up
[07/02/2014 00:04:57] /up
[07/02/2014 21:10:12] /goto mlk looko
[07/02/2014 21:11:05] /goto mlk looko
[07/02/2014 21:11:11] /up
[07/02/2014 21:12:22] /a
[07/02/2014 21:12:22] /a
[07/02/2014 21:12:24] /a
[07/02/2014 21:12:25] /a
[07/02/2014 21:12:26] /a
[07/02/2014 21:12:49] /goto mlk looko
[07/02/2014 21:13:00] /goto mlk looko
[07/02/2014 21:13:06] /goto mlk looko
[07/02/2014 21:13:08] /goto mlk looko
[07/02/2014 21:13:15] /up
[07/02/2014 21:13:55] /a 5
[07/02/2014 21:13:58] /a
[07/02/2014 21:14:36] /up
[07/02/2014 21:14:37] /a
[07/02/2014 21:14:37] /a
[07/02/2014 21:14:38] /a
[07/02/2014 21:14:38] /a
[07/02/2014 21:14:38] /a
[07/02/2014 21:14:38] /a
[07/02/2014 21:14:38] /a
[07/02/2014 21:14:50] /goto mlk looko
[07/02/2014 21:14:52] /goto mlk looko
[07/02/2014 21:14:55] /goto mlk looko
[07/02/2014 21:15:21] /goto mlk looko
[07/02/2014 21:15:59] /up
[07/02/2014 21:16:00] /up
[07/02/2014 21:16:02] /save
