[27/01/2013 22:25:03] /t
[27/01/2013 22:25:07] /a
[27/01/2013 22:25:07] /a
[27/01/2013 22:25:07] /a
[27/01/2013 22:25:08] /a
[27/01/2013 22:25:08] /a
[27/01/2013 22:25:08] /a
[27/01/2013 22:25:10] /a
[27/01/2013 22:31:09] /save
[23/11/2013 14:38:24] /t
[23/11/2013 20:07:29] /reload globalevents
[23/11/2013 20:08:17] /reload globalevents
[23/11/2013 20:08:57] /reload globalevents
[23/11/2013 20:18:07] /reload spells
[23/11/2013 20:21:21] /reload spells
[23/11/2013 20:21:26] /reload monster
[23/11/2013 20:21:33] /up
[23/11/2013 20:21:33] /up
[23/11/2013 20:21:35] /m gai maito
[23/11/2013 20:22:05] /r
[23/11/2013 20:22:07] /r
[23/11/2013 20:22:08] /r
[23/11/2013 20:22:10] /r
[23/11/2013 20:22:12] /r
[23/11/2013 20:22:16] /reload monster
[23/11/2013 20:22:20] /m gai maito
[23/11/2013 20:22:25] /r
[23/11/2013 20:23:21] /reload monster
[23/11/2013 20:23:24] /m gai maito
[23/11/2013 20:23:29] /r
[23/11/2013 20:23:35] /r
[23/11/2013 20:23:52] /reload monster
[23/11/2013 20:23:53] /m hidam
[23/11/2013 20:23:55] /m hidan
[23/11/2013 20:23:58] /r
[23/11/2013 20:24:00] /r
[23/11/2013 20:24:25] /reload monster
[23/11/2013 20:24:53] /reload monster
[23/11/2013 20:24:54] /save
[23/11/2013 20:24:58] /m deidara
[23/11/2013 20:25:01] /r
[23/11/2013 20:25:04] /r
[23/11/2013 20:36:02] /i 1945
[23/11/2013 20:36:04] /r
[23/11/2013 20:36:06] /r
[23/11/2013 20:36:08] /i 1945
[23/11/2013 20:36:11] /r
[23/11/2013 22:30:36] /c dodo
[23/11/2013 22:31:02] /i amulet anti-red
[23/11/2013 22:34:10] /m demon lord
[23/11/2013 22:35:11] /r
[23/11/2013 22:35:58] /t
[23/11/2013 22:36:08] /attr skull 0
[23/11/2013 22:36:24] /shutdown
[23/11/2013 22:39:07] /i cristal sword
[23/11/2013 22:39:08] /i cristal sword
[23/11/2013 22:39:13] /i cristal sword
[23/11/2013 22:40:19] /m ice lord
[23/11/2013 22:40:19] /a
[23/11/2013 22:40:54] /i 2160
[23/11/2013 22:43:26] /r
[23/11/2013 22:44:29] /i 2135
[23/11/2013 22:45:25] /m ice lord
[23/11/2013 22:46:20] /attr skull 4
[23/11/2013 22:47:00] /r
[23/11/2013 22:47:11] /r
[23/11/2013 22:47:27] /r
[23/11/2013 22:47:46] /i 2135
[23/11/2013 22:47:46] /a 2
[23/11/2013 22:49:16] /addskill dodo,level,900
[23/11/2013 22:51:59] /up
[23/11/2013 22:52:01] /up
[23/11/2013 22:52:08] /i 2135
[23/11/2013 22:52:12] /c dodo
[23/11/2013 22:52:14] /c raito yagami
[23/11/2013 22:52:32] /c redskull
[23/11/2013 22:52:43] /m rotworm
[23/11/2013 22:53:07] /i cristal sword
[23/11/2013 22:54:42] /c dodo
[23/11/2013 22:54:47] /reload creaturescript
[23/11/2013 22:54:48] /reload creaturescripts
[23/11/2013 22:55:01] /i 2135
[23/11/2013 22:55:48] /c dodo
[23/11/2013 22:55:53] /m rotworm
[23/11/2013 22:55:55] /m rotworm
[23/11/2013 22:55:56] /m rotworm
[23/11/2013 22:55:58] /m rotworm
[23/11/2013 22:56:18] /c dodo
[23/11/2013 22:56:26] /c dodo
[23/11/2013 22:58:38] /reload creaturescripts
[23/11/2013 22:58:42] /c redskull
[23/11/2013 22:59:28] /c dodo
[23/11/2013 22:59:55] /c redskull
[23/11/2013 23:04:53] /shutdown
[23/11/2013 23:08:21] /i 2135
[23/11/2013 23:08:38] /m rotworm
[23/11/2013 23:08:38] /m rotworm
[23/11/2013 23:08:39] /m rotworm
[23/11/2013 23:08:39] /m rotworm
[23/11/2013 23:09:35] /c redskull
[23/11/2013 23:10:48] /c dodo
[23/11/2013 23:10:54] /i 2135
[23/11/2013 23:14:06] /reload creaturescripts
[23/11/2013 23:14:14] /c redskull
[23/11/2013 23:16:39] /shutdown
[23/11/2013 23:18:37] /c dodo
[23/11/2013 23:19:06] /i 2135
[23/11/2013 23:19:34] /m rotworm
[23/11/2013 23:19:34] /m rotworm
[23/11/2013 23:19:35] /m rotworm
[23/11/2013 23:19:36] /m rotworm
[23/11/2013 23:19:36] /m rotworm
[23/11/2013 23:20:16] /m rotworm
[23/11/2013 23:20:16] /m rotworm
[23/11/2013 23:20:23] /c dodo
[23/11/2013 23:21:09] /c dodo
[23/11/2013 23:21:41] /c dodo
[24/11/2013 02:10:43] /goto Ryuuku
[24/11/2013 02:11:18] /a
[24/11/2013 02:11:19] /a
[24/11/2013 02:11:19] /a
[24/11/2013 02:11:19] /a
[24/11/2013 02:11:19] /a
[24/11/2013 02:11:19] /a
[24/11/2013 02:11:19] /a
[24/11/2013 02:11:19] /a
[24/11/2013 02:11:19] /a
[24/11/2013 02:11:19] /a
[24/11/2013 02:11:19] /a
[24/11/2013 02:11:19] /a
[24/11/2013 02:11:19] /a
[24/11/2013 02:11:19] /a
[24/11/2013 02:11:19] /a
[24/11/2013 02:11:19] /a
[24/11/2013 02:11:19] /a
[24/11/2013 02:11:19] /a
[24/11/2013 02:11:20] /a
[24/11/2013 02:11:20] /a
[24/11/2013 02:11:20] /a
[24/11/2013 02:11:20] /a
[24/11/2013 02:11:21] /a
[24/11/2013 02:11:21] /a
[24/11/2013 02:11:21] /a
[24/11/2013 02:11:21] /a
[24/11/2013 02:11:21] /a
[24/11/2013 02:11:21] /a
[24/11/2013 02:11:21] /a
[24/11/2013 02:11:21] /a
[24/11/2013 02:11:21] /a
[24/11/2013 02:11:21] /a
[24/11/2013 02:11:21] /a
[24/11/2013 02:11:21] /a
[24/11/2013 02:11:21] /a
[24/11/2013 02:11:22] /a
[24/11/2013 02:11:22] /a
[24/11/2013 02:11:22] /a
[24/11/2013 02:11:22] /a
[24/11/2013 02:11:22] /a
[24/11/2013 02:11:22] /a
[24/11/2013 02:11:22] /a
[24/11/2013 02:11:22] /a
[24/11/2013 02:11:22] /a
[24/11/2013 02:11:22] /a
[24/11/2013 02:11:22] /a
[24/11/2013 02:11:22] /a
[24/11/2013 02:11:22] /a
[24/11/2013 02:11:22] /a
[24/11/2013 02:11:22] /a
[24/11/2013 02:11:22] /a
[24/11/2013 02:11:23] /a
[24/11/2013 02:11:23] /a
[24/11/2013 02:11:23] /a
[24/11/2013 02:11:23] /a
[24/11/2013 02:11:23] /a
[24/11/2013 02:11:23] /a
[24/11/2013 02:11:23] /a
[24/11/2013 02:11:23] /a
[24/11/2013 02:11:23] /a
[24/11/2013 02:11:24] /a
[24/11/2013 02:11:24] /a
[24/11/2013 02:11:24] /a
[24/11/2013 02:11:24] /a
[24/11/2013 02:11:24] /a
[24/11/2013 02:11:24] /a
[24/11/2013 02:11:24] /a
[24/11/2013 02:11:24] /a
[24/11/2013 02:11:24] /a
[24/11/2013 02:11:24] /a
[24/11/2013 02:11:24] /a
[24/11/2013 02:11:24] /a
[24/11/2013 02:11:24] /a
[24/11/2013 02:11:24] /a
[24/11/2013 02:11:24] /a
[24/11/2013 02:11:24] /a
[24/11/2013 02:11:46] /a
[24/11/2013 02:11:46] /a
[24/11/2013 02:11:46] /a
[24/11/2013 02:11:47] /a
[24/11/2013 02:13:15] /a 5
[24/11/2013 02:14:19] /m mileena
[24/11/2013 02:14:21] /m mileena
[24/11/2013 02:14:31] /m hacker
[24/11/2013 02:29:41] /goto mello
[24/11/2013 02:29:44] /goto mello
[24/11/2013 02:30:02] /m mago de oz
[24/11/2013 02:30:08] /r
[24/11/2013 02:30:37] /reload itens
[24/11/2013 02:30:43] /reload monster
[24/11/2013 02:35:15] /goto Ryuuku
[24/11/2013 02:35:19] /a 5
[24/11/2013 02:36:10] /goto Ryuuku
[24/11/2013 02:38:16] /goto Ryuuku
[24/11/2013 02:38:28] /a
[24/11/2013 02:38:28] /a
[24/11/2013 02:38:28] /a
[24/11/2013 02:38:32] /goto mello
[24/11/2013 02:38:56] /goto escuridao
[24/11/2013 02:39:43] /r
[24/11/2013 02:39:45] /goto escuridao
[24/11/2013 02:40:06] /a 5
[24/11/2013 02:41:34] /goto Ryuuku
[24/11/2013 02:41:52] /i ice sword
[24/11/2013 02:42:18] /i ice sword
[24/11/2013 02:42:34] /i cristal sword
[24/11/2013 02:42:52] /r
[24/11/2013 02:44:03] /goto Ryuuku
[24/11/2013 02:44:05] /goto Ryuuku
[24/11/2013 02:45:43] /i 7857
[24/11/2013 02:45:52] /i 7957
[24/11/2013 02:48:09] /clean
[24/11/2013 02:49:48] /goto ryuuku
[24/11/2013 02:50:08] /goto ryuuku
[24/11/2013 02:50:15] /goto ryuuku
[24/11/2013 02:50:59] /i jester staff
[24/11/2013 02:51:04] /i 10029
[24/11/2013 02:51:13] /t
[24/11/2013 11:16:11] /goto ryuuku
[24/11/2013 11:16:30] /a
[24/11/2013 11:16:30] /a
[24/11/2013 11:16:31] /a
[24/11/2013 11:16:31] /a
[24/11/2013 11:16:31] /a
[24/11/2013 11:16:31] /a
[24/11/2013 11:16:31] /a
[24/11/2013 11:16:31] /a
[24/11/2013 11:16:31] /a
[24/11/2013 11:16:31] /a
[24/11/2013 11:16:31] /a
[24/11/2013 11:16:31] /a
[24/11/2013 11:16:31] /a
[24/11/2013 11:16:31] /a
[24/11/2013 11:16:31] /a
[24/11/2013 11:16:31] /a
[24/11/2013 11:16:31] /a
[24/11/2013 11:16:31] /a
[24/11/2013 11:16:32] /a
[24/11/2013 11:16:32] /a
[24/11/2013 11:16:32] /a
[24/11/2013 11:16:32] /a
[24/11/2013 11:16:32] /a
[24/11/2013 11:16:32] /a
[24/11/2013 11:16:32] /a
[24/11/2013 11:16:32] /a
[24/11/2013 11:16:32] /a
[24/11/2013 11:16:32] /a
[24/11/2013 11:16:32] /a
[24/11/2013 11:16:32] /a
[24/11/2013 11:16:32] /a
[24/11/2013 11:16:33] /a
[24/11/2013 11:16:34] /a
[24/11/2013 11:16:34] /a
[24/11/2013 11:16:34] /a
[24/11/2013 11:16:34] /a
[24/11/2013 11:16:34] /a
[24/11/2013 11:16:34] /a
[24/11/2013 11:16:34] /a
[24/11/2013 11:16:34] /a
[24/11/2013 11:16:34] /a
[24/11/2013 11:16:34] /a
[24/11/2013 11:16:34] /a
[24/11/2013 11:16:34] /a
[24/11/2013 11:16:34] /a
[24/11/2013 11:16:34] /a
[24/11/2013 11:16:34] /a
[24/11/2013 11:16:34] /a
[24/11/2013 11:16:34] /a
[24/11/2013 11:16:34] /a
[24/11/2013 11:16:34] /a
[24/11/2013 11:16:34] /a
[24/11/2013 11:16:34] /a
[24/11/2013 11:16:34] /a
[24/11/2013 11:16:34] /a
[24/11/2013 11:16:34] /a
[24/11/2013 11:16:34] /a
[24/11/2013 11:16:34] /a
[24/11/2013 11:16:34] /a
[24/11/2013 11:16:35] /a
[24/11/2013 11:16:35] /a
[24/11/2013 11:16:36] /a
[24/11/2013 11:16:36] /a
[24/11/2013 11:16:36] /a
[24/11/2013 11:16:36] /a
[24/11/2013 11:16:36] /a
[24/11/2013 11:16:36] /a
[24/11/2013 11:16:36] /a
[24/11/2013 11:16:36] /a
[24/11/2013 11:16:36] /a
[24/11/2013 11:16:36] /a
[24/11/2013 11:16:36] /a
[24/11/2013 11:16:36] /a
[24/11/2013 11:16:37] /a
[24/11/2013 11:16:37] /a
[24/11/2013 11:16:37] /a
[24/11/2013 11:16:37] /a
[24/11/2013 11:16:38] /a
[24/11/2013 11:16:38] /a
[24/11/2013 11:16:39] /a
[24/11/2013 11:18:48] /goto ryuuku
[24/11/2013 11:19:46] /goto ryuuku
[24/11/2013 11:28:24] /goto ruuyku
[24/11/2013 11:28:36] /goto ryuuku
[24/11/2013 11:28:45] /a
[24/11/2013 11:28:46] /a
[24/11/2013 11:28:46] /a
[24/11/2013 11:28:46] /a
[24/11/2013 11:28:46] /a
[24/11/2013 11:28:46] /a
[24/11/2013 11:28:46] /a
[24/11/2013 11:28:46] /a
[24/11/2013 11:28:46] /a
[24/11/2013 11:28:46] /a
[24/11/2013 11:28:46] /a
[24/11/2013 11:28:46] /a
[24/11/2013 11:28:46] /a
[24/11/2013 11:28:46] /a
[24/11/2013 11:28:46] /a
[24/11/2013 11:28:46] /a
[24/11/2013 11:28:46] /a
[24/11/2013 11:28:46] /a
[24/11/2013 11:28:46] /a
[24/11/2013 11:28:46] /a
[24/11/2013 11:28:46] /a
[24/11/2013 11:28:46] /a
[24/11/2013 11:28:47] /a
[24/11/2013 11:28:47] /a
[24/11/2013 11:28:47] /a
[24/11/2013 11:28:47] /a
[24/11/2013 11:28:47] /a
[24/11/2013 11:28:47] /a
[24/11/2013 11:28:47] /a
[24/11/2013 11:28:47] /a
[24/11/2013 11:28:47] /a
[24/11/2013 11:28:47] /a
[24/11/2013 11:28:47] /a
[24/11/2013 11:28:47] /a
[24/11/2013 11:28:47] /a
[24/11/2013 11:28:48] /a
[24/11/2013 11:28:48] /a
[24/11/2013 11:28:48] /a
[24/11/2013 11:28:48] /a
[24/11/2013 11:28:48] /a
[24/11/2013 11:28:49] /a
[24/11/2013 11:28:49] /a
[24/11/2013 11:28:49] /a
[24/11/2013 11:28:49] /a
[24/11/2013 11:28:49] /a
[24/11/2013 11:28:49] /a
[24/11/2013 11:28:49] /a
[24/11/2013 11:28:49] /a
[24/11/2013 11:28:49] /a
[24/11/2013 11:28:49] /a
[24/11/2013 11:28:49] /a
[24/11/2013 11:28:49] /a
[24/11/2013 11:28:49] /a
[24/11/2013 11:28:49] /a
[24/11/2013 11:28:49] /a
[24/11/2013 11:28:49] /a
[24/11/2013 11:28:49] /a
[24/11/2013 11:28:49] /a
[24/11/2013 11:28:49] /a
[24/11/2013 11:28:49] /a
[24/11/2013 11:28:49] /a
[24/11/2013 11:28:49] /a
[24/11/2013 11:28:50] /a
[24/11/2013 11:28:50] /a
[24/11/2013 11:28:50] /a
[24/11/2013 11:28:50] /a
[24/11/2013 11:28:50] /a
[24/11/2013 11:28:50] /a
[24/11/2013 11:28:50] /a
[24/11/2013 11:28:50] /a
[24/11/2013 11:28:50] /a
[24/11/2013 11:28:50] /a
[24/11/2013 11:28:50] /a
[24/11/2013 11:28:50] /a
[24/11/2013 11:33:09] /reload monster
[24/11/2013 11:34:29] /reload monster
[24/11/2013 11:35:06] /r
[24/11/2013 11:39:22] /r
[24/11/2013 11:39:26] /r
[24/11/2013 11:40:35] /r
[24/11/2013 11:43:00] /r
[24/11/2013 11:43:01] /r
[24/11/2013 11:43:03] /t
[24/11/2013 11:44:15] /goto desconhecida
[24/11/2013 11:46:10] /t
[24/11/2013 11:55:41] /i 5919
[24/11/2013 11:55:48] /i 5906
[24/11/2013 11:56:37] /i 5799
[24/11/2013 11:56:57] /i 5809.
[24/11/2013 11:57:11] /i 2349
[24/11/2013 11:57:25] /i 2344
[24/11/2013 11:58:01] /i 2174
[24/11/2013 11:58:51] /i soul ord
[24/11/2013 11:58:57] /i soul orb
[24/11/2013 12:09:21] /goto breener
[24/11/2013 12:09:26] /goto breenner
[24/11/2013 12:17:58] /reload spells
[24/11/2013 12:18:17] /ghost
[24/11/2013 12:18:22] /ghost
[24/11/2013 12:19:31] /ghost
[24/11/2013 12:21:24] /reload spells
[24/11/2013 12:22:04] /reload spells
[24/11/2013 12:22:27] /reload spells
[24/11/2013 12:22:53] /reload spells
[24/11/2013 12:24:11] /i 2174
[24/11/2013 12:26:19] /reload spells
[24/11/2013 12:26:43] /reload spells
[24/11/2013 12:26:50] /reload spells
[24/11/2013 12:27:37] /ghost
[24/11/2013 12:27:45] /ghost
[24/11/2013 12:38:26] /reload spells
[24/11/2013 12:38:59] /ghost
[24/11/2013 12:39:04] /up
[24/11/2013 12:39:05] /up
[24/11/2013 12:39:15] /bc VOU RESETAR
[24/11/2013 12:39:17] /bc VOU RESETAR
[24/11/2013 12:39:17] /bc VOU RESETAR
[24/11/2013 12:39:18] /bc VOU RESETAR
[24/11/2013 12:46:41] /ghost
[24/11/2013 12:47:28] /up
[24/11/2013 12:47:29] /up
[24/11/2013 12:47:46] /i magic forçefield
[24/11/2013 12:47:54] /i magic forcefield
[24/11/2013 12:48:25] /attr position 200 51 6
[24/11/2013 12:49:04] /i 1539
[24/11/2013 12:49:08] /r
[24/11/2013 12:49:10] /r
[24/11/2013 12:49:12] /r
[24/11/2013 12:49:15] /r
[24/11/2013 12:49:16] /r
[24/11/2013 12:49:18] /r
[24/11/2013 12:49:20] /r
[24/11/2013 12:49:21] /r
[24/11/2013 12:54:55] /reload globalevents
[24/11/2013 12:55:17] /clean
[24/11/2013 12:55:23] /i 2137
[24/11/2013 12:55:29] /i 2140
[24/11/2013 12:55:47] /t
[24/11/2013 12:58:53] /mc
[24/11/2013 12:59:01] /goto maggot
[24/11/2013 13:00:04] /i 10518
[24/11/2013 13:00:18] /i 2365
[24/11/2013 13:00:23] /r
[24/11/2013 13:00:37] /i jester staff
[24/11/2013 13:00:59] /i soul da imortalidade
[24/11/2013 13:01:09] /i ring da imortalidade
[24/11/2013 13:01:15] /i amulet da imortalidade
[24/11/2013 13:01:31] /i 2266
[24/11/2013 13:01:49] /goto lira
[24/11/2013 13:02:04] /goto lira
[24/11/2013 13:04:15] /i 8266
[24/11/2013 13:04:33] /i doll
[24/11/2013 13:04:44] /r 100
[24/11/2013 13:05:12] /i 7957
[24/11/2013 13:05:57] /i jester doll
[24/11/2013 13:07:02] /i 5797
[24/11/2013 13:07:19] /i 2792
[24/11/2013 13:07:24] /i 5792
[24/11/2013 13:07:31] /i 5794
[24/11/2013 13:07:41] /i 5795
[24/11/2013 13:07:43] /i 5796
[24/11/2013 13:07:56] /i 5793
[24/11/2013 13:09:39] /goto brenner
[24/11/2013 13:09:51] /goto ryuuku
[24/11/2013 13:10:18] /goto ryuuku
[24/11/2013 13:10:32] /a
[24/11/2013 13:10:33] /a
[24/11/2013 13:10:33] /a
[24/11/2013 13:10:33] /a
[24/11/2013 13:10:33] /a
[24/11/2013 13:10:33] /a
[24/11/2013 13:10:33] /a
[24/11/2013 13:10:33] /a
[24/11/2013 13:10:33] /a
[24/11/2013 13:10:33] /a
[24/11/2013 13:10:34] /a
[24/11/2013 13:10:34] /a
[24/11/2013 13:10:34] /a
[24/11/2013 13:10:34] /a
[24/11/2013 13:10:34] /a
[24/11/2013 13:10:34] /a
[24/11/2013 13:10:34] /a
[24/11/2013 13:10:34] /a
[24/11/2013 13:10:34] /a
[24/11/2013 13:10:34] /a
[24/11/2013 13:10:34] /a
[24/11/2013 13:10:34] /a
[24/11/2013 13:10:34] /a
[24/11/2013 13:10:34] /a
[24/11/2013 13:10:34] /a
[24/11/2013 13:10:34] /a
[24/11/2013 13:10:35] /a
[24/11/2013 13:10:36] /a
[24/11/2013 13:10:36] /a
[24/11/2013 13:10:36] /a
[24/11/2013 13:10:36] /a
[24/11/2013 13:10:36] /a
[24/11/2013 13:10:36] /a
[24/11/2013 13:10:36] /a
[24/11/2013 13:10:36] /a
[24/11/2013 13:10:36] /a
[24/11/2013 13:10:36] /a
[24/11/2013 13:10:36] /a
[24/11/2013 13:10:36] /a
[24/11/2013 13:10:36] /a
[24/11/2013 13:10:36] /a
[24/11/2013 13:10:36] /a
[24/11/2013 13:10:36] /a
[24/11/2013 13:10:36] /a
[24/11/2013 13:10:36] /a
[24/11/2013 13:10:36] /a
[24/11/2013 13:10:36] /a
[24/11/2013 13:10:36] /a
[24/11/2013 13:10:36] /a
[24/11/2013 13:10:37] /a
[24/11/2013 13:10:37] /a
[24/11/2013 13:10:37] /a
[24/11/2013 13:10:37] /a
[24/11/2013 13:10:37] /a
[24/11/2013 13:10:38] /a
[24/11/2013 13:10:38] /a
[24/11/2013 13:10:39] /a
[24/11/2013 13:10:39] /a
[24/11/2013 13:10:39] /a
[24/11/2013 13:10:42] /t
[24/11/2013 13:10:46] /up
[24/11/2013 13:10:47] /up
[24/11/2013 13:10:50] /save
[24/11/2013 13:43:31] /t
[24/11/2013 13:45:50] /goto Lariisa
[24/11/2013 13:48:24] /owner Lariisa
[22/08/2014 19:59:33] /ghost
[22/08/2014 19:59:41] /mc
[22/08/2014 20:27:40] /ghost
[22/08/2014 20:27:41] /t
[22/08/2014 20:28:08] /goto yakuza
[22/08/2014 20:28:23] /goto druidzerah mythus
[22/08/2014 20:28:30] /t
[22/08/2014 20:29:24] /up
[22/08/2014 20:29:27] /up
[22/08/2014 20:29:33] /ghost
[22/08/2014 20:35:41] /mc
[22/08/2014 20:35:44] /goto pally
[22/08/2014 20:35:49] /goto palyy
[22/08/2014 20:35:52] /ghost
[22/08/2014 20:36:08] /mc
[22/08/2014 20:36:14] /goto druid da morte
[22/08/2014 20:36:23] /up
[22/08/2014 20:36:24] /up
[22/08/2014 20:36:31] /ghost
[22/08/2014 20:39:53] /ghost
[22/08/2014 20:39:54] /t
[22/08/2014 20:40:12] /a 2
[22/08/2014 20:54:09] /a 50
[22/08/2014 20:54:14] /a 45
[22/08/2014 20:54:21] /a 20
[22/08/2014 20:54:34] /t
[22/08/2014 20:54:41] /a 2
[22/08/2014 21:04:19] /goto honda
[22/08/2014 21:04:31] /goto mata pally
[22/08/2014 21:04:35] /mc
[22/08/2014 21:04:54] /goto fanta-limao
[22/08/2014 21:05:12] /goto rushonoinvisiblehur
[22/08/2014 21:05:18] /a 10
[22/08/2014 21:05:34] /t
[22/08/2014 21:05:42] /a 2
[22/08/2014 21:19:11] /a 5
[22/08/2014 21:19:14] /up
[22/08/2014 21:19:15] /up
[22/08/2014 21:19:18] /save
[23/08/2014 11:12:00] /t
[23/08/2014 11:12:12] /mc
[23/08/2014 11:12:17] /goto kinna fera
[23/08/2014 11:15:36] /goto kinna fera
[23/08/2014 11:15:39] /t
[23/08/2014 11:15:46] /a 2
[23/08/2014 11:32:17] /goto menina mal
[23/08/2014 11:32:51] /goto maliko duff
[23/08/2014 11:32:58] /goto maluko duff
[23/08/2014 11:33:04] /t
[23/08/2014 11:33:05] /up
[23/08/2014 11:33:08] /up
[23/08/2014 11:33:11] /save
[23/08/2014 15:00:31] /t
[23/08/2014 15:00:36] /mc
[23/08/2014 15:00:43] /goto mata pally
[23/08/2014 15:00:51] /goto kinna zikinha
[23/08/2014 15:01:29] /goto porra manw
[23/08/2014 15:01:45] /goto foxter fox
[23/08/2014 15:01:52] /t
[23/08/2014 15:01:58] /goto ryuuku
[23/08/2014 15:02:18] /goto ryuuku
[23/08/2014 15:02:35] /goto clasus
[23/08/2014 15:02:48] /a 5
[23/08/2014 15:02:54] /a 5
[23/08/2014 15:02:55] /a 5
[23/08/2014 15:02:55] /a 5
[23/08/2014 15:02:56] /a 5
[23/08/2014 15:02:58] /a 5
[23/08/2014 15:03:03] /a
[23/08/2014 15:03:07] /goto ryuuku
[23/08/2014 15:03:10] /a 5
[23/08/2014 15:03:42] /t
[23/08/2014 15:03:47] /up
[23/08/2014 15:03:48] /up
[23/08/2014 15:03:51] /save
[24/08/2014 19:06:06] /t
[24/08/2014 19:06:20] /mc
[24/08/2014 19:06:27] /goto blackgt
[24/08/2014 19:06:33] /t
[24/08/2014 19:06:36] /up
[24/08/2014 19:06:37] /up
[24/08/2014 23:26:12] /t
[24/08/2014 23:26:49] /goto the lord kina
[24/08/2014 23:27:17] /goto the lord kina
[24/08/2014 23:27:30] /goto the lord kina
[24/08/2014 23:28:37] /goto the lord kina
[24/08/2014 23:28:43] /goto the lord kina
[24/08/2014 23:29:03] /up
[24/08/2014 23:29:04] /up
[24/08/2014 23:29:13] /save
[25/08/2014 13:45:39] /t
[25/08/2014 13:45:50] /a 2
[25/08/2014 13:47:23] /mc
[25/08/2014 13:47:33] /goto legal fera
[25/08/2014 13:47:47] /goto gotack
[25/08/2014 13:48:07] /up
[25/08/2014 13:48:09] /up
[25/08/2014 22:24:50] /t
[25/08/2014 22:24:57] /a 2
[25/08/2014 22:25:03] /mc
[25/08/2014 22:25:57] /goto duff maluko
[25/08/2014 22:27:27] /goto druidzerah mythus
[25/08/2014 22:28:33] /goto Druidzerah Mythus
[25/08/2014 22:28:40] /a 2
[25/08/2014 22:29:00] /t
[25/08/2014 22:30:51] /t
[25/08/2014 22:30:56] /up
[25/08/2014 22:30:57] /up
[25/08/2014 22:31:02] /save
[26/08/2014 13:53:35] /t
[26/08/2014 13:53:50] /mc
[26/08/2014 13:54:06] /t
[26/08/2014 13:54:23] /goto menino mal
[26/08/2014 13:54:26] /goto menino mal
[26/08/2014 13:55:07] /goto menino mal
[26/08/2014 13:55:09] /goto menino mal
[26/08/2014 13:55:13] /goto menino mal
[26/08/2014 13:55:15] /goto menino mal
[26/08/2014 13:55:16] /goto menino mal
[26/08/2014 13:55:17] /goto menino mal
[26/08/2014 13:55:27] /up
[26/08/2014 13:55:28] /up
[27/08/2014 20:55:14] /t
[27/08/2014 20:55:23] /mc
[27/08/2014 20:55:42] /goto menino mal
[27/08/2014 20:56:11] /ghost
[27/08/2014 20:58:04] /raid ice lord
[27/08/2014 20:58:10] /a 5
[27/08/2014 20:58:13] /ghost
[27/08/2014 20:59:16] /a 10
[27/08/2014 21:04:33] /t
[27/08/2014 21:05:04] /mc
[27/08/2014 21:06:43] /up
[27/08/2014 21:08:11] /save
[28/08/2014 23:29:48] /t
[28/08/2014 23:30:09] /goto garoto nestle
[28/08/2014 23:30:12] /goto garoto nestle
[28/08/2014 23:30:15] /goto garoto nestle
[28/08/2014 23:30:20] /t
[28/08/2014 23:31:14] /up
[28/08/2014 23:31:16] /up
[28/08/2014 23:31:20] /save
[30/08/2014 01:07:07] /t
[30/08/2014 01:20:24] /goto ice-kess
[30/08/2014 01:20:37] /goto knight
[30/08/2014 01:20:45] /goto bug kinne
[30/08/2014 01:20:52] /a 2
[30/08/2014 01:30:17] /a
[30/08/2014 01:30:18] /a
[30/08/2014 01:30:51] /t Bug Kinne
[30/08/2014 01:32:05] /i ring da imortalidade
[30/08/2014 01:34:21] /t
[30/08/2014 01:34:30] /up
[30/08/2014 01:34:31] /up
[30/08/2014 13:14:22] /t
[30/08/2014 13:17:40] /t
[30/08/2014 13:19:04] /goto anjo pk
[30/08/2014 13:20:05] /goto anjo pk
[30/08/2014 13:20:19] /a 3
[30/08/2014 13:21:20] /t
[30/08/2014 13:21:29] /goto anjo pk
[30/08/2014 13:21:44] /goto anjo pk
[30/08/2014 13:22:21] /goto anjo pk
[30/08/2014 13:22:25] /goto anjo pk
[30/08/2014 13:22:27] /goto anjo pk
[30/08/2014 13:22:37] /goto anjo pk
[30/08/2014 13:23:02] /goto anjo pk
[30/08/2014 13:23:03] /goto anjo pk
[30/08/2014 13:23:09] /goto anjo pk
[30/08/2014 13:23:22] /goto anjo pk
[30/08/2014 13:23:27] /goto anjo pk
[30/08/2014 13:23:28] /goto anjo pk
[30/08/2014 13:23:31] /goto anjo pk
[30/08/2014 13:23:33] /goto anjo pk
[30/08/2014 13:23:36] /goto anjo pk
[30/08/2014 13:23:38] /goto anjo pk
[30/08/2014 13:23:40] /goto anjo pk
[30/08/2014 13:23:42] /goto anjo pk
[30/08/2014 13:23:49] /goto loss pally
[30/08/2014 13:23:56] /t
[30/08/2014 13:23:59] /up
[30/08/2014 13:24:00] /up
[30/08/2014 13:24:04] /save
[30/08/2014 20:23:15] /t
[30/08/2014 20:26:39] /mc
[30/08/2014 20:27:57] /raid demon lord
[30/08/2014 20:32:27] /goto Mc Livinho
[30/08/2014 20:34:03] /t
[30/08/2014 20:34:46] /up
[30/08/2014 20:34:47] /up
[31/08/2014 12:02:49] /t
[31/08/2014 12:02:57] /mc
[31/08/2014 12:08:58] /up
[31/08/2014 12:09:00] /up
[31/08/2014 12:51:17] /t
[31/08/2014 12:58:07] /up
[31/08/2014 12:58:09] /up
[31/08/2014 13:00:37] /mc
[31/08/2014 13:00:38] /t
[31/08/2014 13:00:48] /up
[31/08/2014 13:00:49] /up
[31/08/2014 13:03:17] /t
[31/08/2014 13:03:29] /a 2
[31/08/2014 13:03:33] /t
[31/08/2014 13:03:39] /up
[31/08/2014 13:03:40] /up
[31/08/2014 13:10:42] /t
[31/08/2014 13:10:56] /mc
[31/08/2014 13:11:02] /goto lucas
[31/08/2014 13:11:06] /t
[31/08/2014 13:11:10] /up
[31/08/2014 13:11:11] /up
[31/08/2014 13:11:15] /save
[02/09/2014 21:28:28] /t
[02/09/2014 21:28:41] /goto anjo pk
[02/09/2014 21:28:47] /goto huntera
[02/09/2014 21:28:51] /t
[02/09/2014 21:28:53] /up
[02/09/2014 21:28:54] /up
[11/09/2014 13:06:49] /t
[11/09/2014 13:06:55] /up
[11/09/2014 13:06:56] /up
[11/09/2014 15:59:45] /goto haddadi
[11/09/2014 15:59:54] /up
[11/09/2014 15:59:55] /up
[13/09/2014 10:11:04] /t
[13/09/2014 10:11:11] /up
[13/09/2014 10:11:12] /up
[13/09/2014 10:22:16] /reload globalevents
[13/09/2014 10:22:56] /reload globalevents
[13/09/2014 10:24:34] /reload globalevents
[27/02/2015 13:37:32] /t
[27/02/2015 13:37:53] /t
[27/02/2015 13:38:00] /up
[27/02/2015 13:38:01] /up
[27/02/2015 19:00:42] /closeserver
[27/02/2015 19:00:45] /t
[27/02/2015 19:00:59] /goto ryuuku
[27/02/2015 19:01:02] /a 3
[27/02/2015 19:01:21] /goto ryuuku
[27/02/2015 19:01:38] /goto apocalypse
[27/02/2015 19:01:42] /r
[27/02/2015 19:01:43] /goto apocalypse
[27/02/2015 19:01:47] /r
[27/02/2015 19:01:48] /goto apocalypse
[27/02/2015 19:01:50] /r
[27/02/2015 19:01:51] /goto apocalypse
[27/02/2015 19:01:57] /goto the apocalypse
[27/02/2015 19:02:08] /i anti-materia
[27/02/2015 19:02:15] /t
[27/02/2015 19:02:46] /i 2305
[27/02/2015 19:03:52] /goto clasus
[27/02/2015 19:03:54] /a 3
[27/02/2015 19:05:32] /a 3
[27/02/2015 19:05:52] /a 4
[27/02/2015 19:07:04] /shutdown
[28/02/2015 14:12:41] /t
[28/02/2015 14:14:10] /mc
[28/02/2015 14:18:06] /mc
[28/02/2015 14:18:24] /mc
[28/02/2015 14:20:58] /mc
[28/02/2015 14:21:03] /goto tudo dois
[28/02/2015 14:21:14] /goto knight boladu
[28/02/2015 14:21:25] /goto Knight Boladu
[28/02/2015 14:21:28] /goto tudo dois
[28/02/2015 14:21:31] /goto Knight Boladu
[28/02/2015 14:21:35] /goto tudo dois
[28/02/2015 14:21:42] /t
[28/02/2015 14:30:12] /mc
[28/02/2015 14:33:25] /i 2137
[28/02/2015 14:33:36] /i 2140
[28/02/2015 14:34:08] /goto bruuno
[28/02/2015 14:34:10] /goto bruuno
[28/02/2015 14:34:13] /goto bruuno
[28/02/2015 14:34:20] /goto bruuno
[28/02/2015 14:34:22] /goto bruuno
[28/02/2015 14:34:24] /goto bruuno
[28/02/2015 14:34:26] /goto bruuno
[28/02/2015 14:34:29] /goto bruuno
[28/02/2015 14:34:32] /goto bruuno
[28/02/2015 14:34:34] /goto bruuno
[28/02/2015 14:34:41] /goto bruuno
[28/02/2015 14:34:43] /goto bruuno
[28/02/2015 14:34:44] /goto bruuno
[28/02/2015 14:34:46] /goto bruuno
[28/02/2015 14:34:48] /goto bruuno
[28/02/2015 14:34:49] /goto bruuno
[28/02/2015 14:34:51] /goto bruuno
[28/02/2015 14:34:53] /goto bruuno
[28/02/2015 14:35:12] /goto bruuno
[28/02/2015 14:35:17] /goto bruuno
[28/02/2015 14:35:18] /goto bruuno
[28/02/2015 14:35:19] /goto bruuno
[28/02/2015 14:35:21] /goto bruuno
[28/02/2015 14:35:28] /goto bruuno
[28/02/2015 14:35:30] /goto bruuno
[28/02/2015 14:35:31] /goto bruuno
[28/02/2015 14:35:34] /goto bruuno
[28/02/2015 14:36:05] /goto knight doido
[28/02/2015 14:36:38] /goto knight doido
[28/02/2015 14:37:14] /goto knight doido
[28/02/2015 14:37:16] /goto knight doido
[28/02/2015 14:37:18] /goto knight doido
[28/02/2015 14:37:20] /goto knight doido
[28/02/2015 14:37:22] /goto knight doido
[28/02/2015 14:37:45] /goto knight doido
[28/02/2015 14:37:57] /a
[28/02/2015 14:38:47] /goto knight doido
[28/02/2015 14:39:28] /goto knight doido
[28/02/2015 14:40:26] /goto knight doido
[28/02/2015 14:40:51] /goto bruuno
[28/02/2015 14:40:55] /goto bruuno
[28/02/2015 14:42:39] /t
[28/02/2015 14:42:46] /up
[28/02/2015 14:42:47] /up
[28/02/2015 14:43:08] /t
[28/02/2015 14:43:12] /up
[28/02/2015 14:44:00] /i 2140
[28/02/2015 14:44:10] /i 2137
[28/02/2015 16:56:08] /t
[28/02/2015 16:56:22] /goto bruuno
[28/02/2015 16:56:35] /goto bruuno
[28/02/2015 16:56:44] /mc
[28/02/2015 16:56:50] /goto leaver
[28/02/2015 16:57:00] /r
[28/02/2015 16:57:14] /goto Deathstroke
[28/02/2015 16:57:31] /t
[28/02/2015 16:57:34] /up
[28/02/2015 16:57:35] /up
[28/02/2015 23:20:36] /t
[28/02/2015 23:21:28] /goto jureminha
[28/02/2015 23:21:32] /t
[28/02/2015 23:21:36] /up
[28/02/2015 23:21:38] /up
[01/03/2015 12:19:00] /mc
[01/03/2015 12:19:02] /t
[01/03/2015 12:19:37] /goto kanguru jack
[01/03/2015 12:19:41] /t
[01/03/2015 12:19:46] /up
[01/03/2015 12:19:50] /r
[01/03/2015 12:20:05] /bc tirem mc
[01/03/2015 12:20:14] /mc
[01/03/2015 12:23:49] /goto jureminha
[01/03/2015 12:24:20] /t
[01/03/2015 12:26:39] /mc
[01/03/2015 12:28:47] /a
[01/03/2015 12:29:12] /mc
[01/03/2015 12:29:20] /goto jureminha
[01/03/2015 12:29:25] /r
[01/03/2015 12:29:34] /t
[01/03/2015 12:30:18] /goto jureminha
[01/03/2015 12:30:24] /t
[01/03/2015 12:40:13] /reload globalevents
[01/03/2015 12:56:54] /up
[01/03/2015 12:56:56] /up
[01/03/2015 19:10:49] /mc
[01/03/2015 19:10:54] /t
[01/03/2015 19:11:13] /goto jureminha
[01/03/2015 19:11:16] /t
[01/03/2015 19:30:01] /up
[01/03/2015 19:30:05] /up
[03/03/2015 12:16:57] /t
[03/03/2015 12:17:57] /t
[03/03/2015 12:17:59] /up
[03/03/2015 12:17:59] /up
[03/03/2015 12:56:48] /t
[03/03/2015 12:57:43] /mc
[03/03/2015 12:58:18] /goto mage ziika
[03/03/2015 12:58:28] /mc
[03/03/2015 12:58:41] /goto deathstroke
[03/03/2015 12:59:08] /goto Druidzerah Mythus
[03/03/2015 12:59:10] /goto Druidzerah Mythus
[03/03/2015 12:59:12] /goto Druidzerah Mythus
[03/03/2015 12:59:14] /goto Druidzerah Mythus
[03/03/2015 12:59:15] /goto Druidzerah Mythus
[03/03/2015 12:59:16] /goto Druidzerah Mythus
[03/03/2015 12:59:17] /goto Druidzerah Mythus
[03/03/2015 12:59:18] /goto Druidzerah Mythus
[03/03/2015 12:59:19] /goto Druidzerah Mythus
[03/03/2015 12:59:21] /goto Druidzerah Mythus
[03/03/2015 12:59:24] /goto Druidzerah Mythus
[03/03/2015 12:59:25] /goto Druidzerah Mythus
[03/03/2015 12:59:32] /goto Druidzerah Mythus
[03/03/2015 12:59:35] /goto Druidzerah Mythus
[03/03/2015 12:59:37] /goto Druidzerah Mythus
[03/03/2015 12:59:39] /goto Druidzerah Mythus
[03/03/2015 12:59:43] /goto Druidzerah Mythus
[03/03/2015 12:59:54] /goto Druidzerah Mythus
[03/03/2015 12:59:57] /goto Druidzerah Mythus
[03/03/2015 12:59:59] /goto Druidzerah Mythus
[03/03/2015 13:00:21] /goto ryuuku
[03/03/2015 13:00:47] /goto ryuuku
[03/03/2015 13:01:32] /t
[03/03/2015 13:05:06] /t
[03/03/2015 13:05:23] /up
[03/03/2015 13:05:24] /up
[03/03/2015 14:13:43] /t
[03/03/2015 14:14:03] /goto knight of rajada
[03/03/2015 14:14:18] /goto knight of rajada
[03/03/2015 14:17:10] /B Knight Of Rajada
[03/03/2015 14:18:12] /mc
[03/03/2015 14:18:29] /kick Deathstroke
[03/03/2015 14:18:36] /kick Deathstroke
[03/03/2015 14:19:35] /B Knight Of Rajada
[03/03/2015 14:21:13] /B Knight Of Rajada
[03/03/2015 14:23:38] /B Knight Of Rajada
[03/03/2015 14:27:05] /mc
[03/03/2015 14:27:52] /goto Knight Of Rajada
[03/03/2015 14:29:27] /goto Knight Of Rajada
[03/03/2015 14:29:31] /goto Knight Of Rajada
[03/03/2015 14:29:34] /t
[03/03/2015 14:32:26] /goto Knight Of Rajada
[03/03/2015 14:32:36] /goto paladin of rajada
[03/03/2015 14:32:38] /goto paladin of rajada
[03/03/2015 14:32:43] /goto paladin of rajada
[03/03/2015 14:35:45] /goto paladin of rajada
[03/03/2015 14:35:52] /up
[03/03/2015 14:37:12] /goto paladin of rajada
[03/03/2015 14:37:14] /goto paladin of rajada
[03/03/2015 14:37:17] /goto paladin of rajada
[03/03/2015 14:37:19] /goto paladin of rajada
[03/03/2015 14:37:25] /goto paladin of rajada
[03/03/2015 14:37:27] /goto paladin of rajada
[03/03/2015 14:37:30] /goto paladin of rajada
[03/03/2015 14:37:33] /goto paladin of rajada
[03/03/2015 14:39:22] /goto paladin of rajada
[03/03/2015 14:40:46] /goto paladin of rajada
[03/03/2015 14:42:36] /up
[03/03/2015 14:42:36] /up
[03/03/2015 14:42:41] /save
[03/03/2015 18:22:21] /t
[03/03/2015 18:23:25] /t
[03/03/2015 18:24:58] /goto mage ziika
[03/03/2015 18:25:01] /goto mage ziika
[03/03/2015 18:25:03] /goto mage ziika
[03/03/2015 18:25:10] /goto Druidzerah Mythus
[03/03/2015 18:25:13] /goto Druidzerah Mythus
[03/03/2015 18:25:14] /goto Druidzerah Mythus
[03/03/2015 18:25:15] /goto mage ziika
[03/03/2015 18:25:17] /goto Druidzerah Mythus
[03/03/2015 18:25:19] /goto Druidzerah Mythus
[03/03/2015 18:25:20] /goto Druidzerah Mythus
[03/03/2015 18:25:20] /goto Druidzerah Mythus
[03/03/2015 18:25:24] /goto mage ziika
[03/03/2015 18:25:29] /a 15
[03/03/2015 18:25:30] /a 15
[03/03/2015 18:25:32] /goto mage ziika
[03/03/2015 18:25:41] /goto Druidzerah Mythus
[03/03/2015 18:25:49] /goto mage ziika
[03/03/2015 18:26:10] /goto Druidzerah Mythus
[03/03/2015 18:26:17] /t
[03/03/2015 18:26:21] /up
[03/03/2015 18:26:25] /save
[03/03/2015 19:21:03] /t
[03/03/2015 19:21:17] /mc
[03/03/2015 19:21:34] /goto microbio I
[03/03/2015 19:22:22] /raid demon lord
[03/03/2015 19:22:32] /up
[03/03/2015 19:22:33] /up
[03/03/2015 19:24:21] /t
[03/03/2015 19:28:48] /a
[03/03/2015 19:28:51] /a
[03/03/2015 19:33:38] /t
[03/03/2015 19:33:42] /up
[03/03/2015 19:33:43] /up
[03/03/2015 19:35:10] /t
[03/03/2015 19:35:23] /i 2272
[03/03/2015 19:36:47] /i 10020
[04/03/2015 11:34:41] /t
[04/03/2015 11:35:33] /save
[04/03/2015 11:35:36] /t
[04/03/2015 11:38:47] /i 7441
[04/03/2015 11:38:49] /i 7441
[04/03/2015 11:38:50] /i 7441
[04/03/2015 11:38:53] /i 7441
[04/03/2015 11:38:54] /i 7441
[04/03/2015 11:38:55] /i 7441
[04/03/2015 11:38:56] /i 7441
[04/03/2015 11:39:19] /i 7896
[04/03/2015 11:39:21] /i 7896
[04/03/2015 11:39:22] /i 7896
[04/03/2015 11:40:15] /i 2353
[04/03/2015 11:40:16] /i 2353
[04/03/2015 11:40:22] /i 2353
[04/03/2015 11:40:29] /r
[04/03/2015 11:40:31] /r
[04/03/2015 11:40:43] /r 3
[04/03/2015 11:40:45] /r 3
[04/03/2015 11:40:46] /r 3
[04/03/2015 11:40:47] /r 3
[04/03/2015 11:41:11] /i 5468
[04/03/2015 13:25:14] /goto Slc Cachorrera
[04/03/2015 13:25:20] /t
[04/03/2015 13:25:23] /up
[04/03/2015 13:25:25] /up
[04/03/2015 15:26:51] /t
[04/03/2015 15:29:35] /up
[04/03/2015 15:29:36] /up
[04/03/2015 19:00:10] /t
[04/03/2015 19:01:18] /i 2157
[04/03/2015 19:01:25] /goto ryuuku
[04/03/2015 19:01:35] /t
[04/03/2015 19:01:37] /up
[04/03/2015 19:01:38] /up
[05/03/2015 15:24:04] /t
[05/03/2015 15:24:24] /up
[05/03/2015 15:24:31] /t
[05/03/2015 15:25:43] /goto druidzerah mythus
[05/03/2015 15:25:45] /goto druidzerah mythus
[05/03/2015 15:26:30] /up
[05/03/2015 15:26:31] /up
[05/03/2015 15:26:36] /save
[05/03/2015 21:11:57] /r
[05/03/2015 21:11:58] /r
[05/03/2015 21:12:08] /t
[05/03/2015 21:12:09] /up
[05/03/2015 21:12:10] /up
[05/03/2015 21:58:44] /t
[05/03/2015 21:58:57] /i 2294
[05/03/2015 22:09:38] /goto mage ziika
[05/03/2015 22:10:04] /goto druidzerah mythus
[05/03/2015 22:10:06] /t
[05/03/2015 22:10:10] /up
[06/03/2015 14:15:52] /up
[06/03/2015 14:15:53] /save
[06/03/2015 15:13:06] /goto ryuuku
[06/03/2015 15:13:27] /i 7424
[06/03/2015 15:13:29] /t
[06/03/2015 19:25:21] /mc
[06/03/2015 19:25:23] /t
[06/03/2015 19:28:36] /up
[06/03/2015 19:30:53] /t
[06/03/2015 19:32:30] /goto Nadador Arqueiro
[06/03/2015 19:32:35] /goto Nadador Arqueiro
[06/03/2015 19:32:37] /goto Nadador Arqueiro
[06/03/2015 19:32:39] /goto Nadador Arqueiro
[06/03/2015 19:32:41] /goto Nadador Arqueiro
[06/03/2015 19:32:43] /goto Nadador Arqueiro
[06/03/2015 19:32:51] /goto Nadador Arqueiro
[06/03/2015 19:32:52] /goto Nadador Arqueiro
[06/03/2015 19:32:54] /goto Nadador Arqueiro
[06/03/2015 19:32:56] /goto Nadador Arqueiro
[06/03/2015 19:32:57] /goto Nadador Arqueiro
[06/03/2015 19:32:59] /goto Nadador Arqueiro
[06/03/2015 19:33:02] /goto Nadador Arqueiro
[06/03/2015 19:33:49] /goto Hiroshi
[06/03/2015 19:34:15] /goto Hiroshi
[06/03/2015 19:34:54] /goto Nadador Arqueiro
[06/03/2015 19:35:58] /raid ice lord
[06/03/2015 19:42:29] /mc
[06/03/2015 19:42:49] /goto Dextrose
[06/03/2015 19:43:02] /goto Dextrose
[06/03/2015 19:43:22] /goto Dextrose
[06/03/2015 19:43:25] /goto Dextrose
[06/03/2015 19:43:28] /goto Dextrose
[06/03/2015 19:43:29] /goto Dextrose
[06/03/2015 19:43:31] /goto Dextrose
[06/03/2015 19:43:33] /goto Dextrose
[06/03/2015 19:43:35] /goto Dextrose
[06/03/2015 19:43:37] /goto Dextrose
[06/03/2015 19:43:38] /goto Dextrose
[06/03/2015 19:43:39] /goto Dextrose
[06/03/2015 19:43:41] /goto Dextrose
[06/03/2015 19:43:42] /goto Dextrose
[06/03/2015 19:43:45] /goto Dextrose
[06/03/2015 19:43:47] /goto Dextrose
[06/03/2015 19:43:54] /goto Dextrose
[06/03/2015 19:43:57] /goto Dextrose
[06/03/2015 19:44:02] /goto Dextrose
[06/03/2015 19:44:04] /goto Dextrose
[06/03/2015 19:44:06] /goto Dextrose
[06/03/2015 19:44:26] /goto Dextrose
[06/03/2015 19:44:37] /goto Dextrose
[06/03/2015 19:44:41] /goto Dextrose
[06/03/2015 19:44:44] /goto Dextrose
[06/03/2015 19:44:52] /goto Dextrose
[06/03/2015 19:44:53] /goto Dextrose
[06/03/2015 19:45:05] /goto Dextrose
[06/03/2015 19:45:07] /goto Dextrose
[06/03/2015 19:45:10] /goto Dextrose
[06/03/2015 19:45:16] /goto Dextrose
[06/03/2015 19:45:31] /goto Dextrose
[06/03/2015 19:45:35] /goto Dextrose
[06/03/2015 19:45:39] /goto Dextrose
[06/03/2015 19:45:48] /goto Dextrose
[06/03/2015 19:46:18] /goto Dextrose
[06/03/2015 19:47:07] /goto Dextrose
[06/03/2015 19:47:14] /goto Dextrose
[06/03/2015 19:47:39] /goto Dextrose
[06/03/2015 19:47:54] /t
[06/03/2015 19:49:00] /mc
[06/03/2015 19:49:38] /mc
[06/03/2015 19:49:42] /goto Dextrose
[06/03/2015 19:49:45] /goto Dextrose
[06/03/2015 19:49:48] /t
[06/03/2015 19:50:14] /goto Dextrose
[06/03/2015 19:50:16] /goto Dextrose
[06/03/2015 19:50:49] /goto Dextrose
[06/03/2015 19:50:50] /t
[06/03/2015 19:51:39] /goto Dextrose
[06/03/2015 19:51:43] /t
[06/03/2015 19:51:46] /up
[06/03/2015 19:51:46] /up
[07/03/2015 23:48:44] /t
[07/03/2015 23:48:52] /mc
[07/03/2015 23:49:11] /goto mage ziika
[07/03/2015 23:49:21] /goto demonic striker
[07/03/2015 23:49:24] /goto demonic striker
[07/03/2015 23:49:27] /goto demonic striker
[07/03/2015 23:49:28] /goto demonic striker
[07/03/2015 23:49:36] /goto demonic striker
[07/03/2015 23:50:09] /goto honda
[07/03/2015 23:50:20] /goto Druidzerah Mythus
[07/03/2015 23:50:26] /goto Druidzerah Mythus
[07/03/2015 23:50:29] /goto Druidzerah Mythus
[07/03/2015 23:50:38] /t
[07/03/2015 23:51:16] /up
[07/03/2015 23:51:17] /up
[07/03/2015 23:51:20] /save
[09/03/2015 22:09:52] /t
[09/03/2015 22:10:01] /goto demonic striker
[09/03/2015 22:10:13] /goto hashi
[09/03/2015 22:10:32] /goto hashi
[09/03/2015 22:11:08] /goto Druidzerah Mythus
[09/03/2015 22:11:30] /goto Druidzerah Mythus
[09/03/2015 22:11:33] /goto Druidzerah Mythus
[09/03/2015 22:11:34] /goto Druidzerah Mythus
[09/03/2015 22:11:37] /goto Druidzerah Mythus
[09/03/2015 22:11:50] /t
[09/03/2015 22:12:02] /up
[09/03/2015 22:12:02] /up
[09/03/2015 22:12:04] /save
[10/03/2015 21:16:30] /goto !rank
[10/03/2015 21:16:53] /goto Kurosaki Ichigo
[10/03/2015 21:16:59] /t
[10/03/2015 21:17:43] /r
[10/03/2015 21:17:44] /t
[10/03/2015 21:17:50] /up
[10/03/2015 21:17:51] /up
[12/03/2015 14:21:42] /t
[12/03/2015 14:22:10] /goto mlk loko I
[12/03/2015 14:22:19] /t
[12/03/2015 14:22:27] /up
[12/03/2015 14:22:28] /up
[14/03/2015 20:26:09] /t
[14/03/2015 20:27:26] /t
[14/03/2015 20:27:41] /a
[14/03/2015 20:27:44] /a
[14/03/2015 20:27:48] /a
[14/03/2015 20:28:30] /i 10029
[14/03/2015 20:28:32] /t
[14/03/2015 20:28:43] /i doll
[14/03/2015 20:28:52] /i 7697
[14/03/2015 20:29:00] /i 8266
[14/03/2015 20:29:05] /i 2174
[14/03/2015 20:29:17] /i 8907
[14/03/2015 20:29:22] /i 7407
[14/03/2015 20:29:45] /i 7902
[14/03/2015 20:30:00] /i 9932
[14/03/2015 20:30:06] /i 9777
[14/03/2015 20:30:11] /i 9776
[14/03/2015 20:30:24] /i sword of the hell
[14/03/2015 20:30:32] /i 6391
[14/03/2015 20:30:54] /clean
[14/03/2015 20:31:15] /i 2300
[14/03/2015 20:31:21] /i 2272
[14/03/2015 20:31:40] /i 10020
[14/03/2015 20:31:58] /i 9003
[14/03/2015 20:32:15] /i 5468
[14/03/2015 20:32:39] /i 8866
[14/03/2015 20:32:45] /i 7902
[14/03/2015 20:32:54] /i 8907
[14/03/2015 20:33:23] /i 7958
[14/03/2015 20:33:39] /i 9932
[14/03/2015 20:34:15] /a
[14/03/2015 20:34:18] /ghost
[14/03/2015 20:35:43] /a
[14/03/2015 20:35:44] /a
[14/03/2015 20:35:48] /a 2
[14/03/2015 20:37:00] /mc
[14/03/2015 20:37:05] /bc tirem mc
[14/03/2015 20:37:27] /bc green; EVENTO NA SALA DE BAUS
[14/03/2015 20:37:29] /bc green; EVENTO NA SALA DE BAUS
[14/03/2015 20:37:30] /bc green; EVENTO NA SALA DE BAUS
[14/03/2015 20:37:30] /bc green; EVENTO NA SALA DE BAUS
[14/03/2015 20:37:31] /bc green; EVENTO NA SALA DE BAUS
[14/03/2015 20:37:31] /bc green; EVENTO NA SALA DE BAUS
[14/03/2015 20:37:32] /bc green; EVENTO NA SALA DE BAUS
[14/03/2015 20:37:32] /bc green; EVENTO NA SALA DE BAUS
[14/03/2015 20:37:33] /bc green; EVENTO NA SALA DE BAUS
[14/03/2015 20:37:33] /bc green; EVENTO NA SALA DE BAUS
[14/03/2015 20:37:34] /bc green; EVENTO NA SALA DE BAUS
[14/03/2015 20:38:00] /bc green; EVENTO NA SALA DE BAUS
[14/03/2015 20:38:01] /bc green; EVENTO NA SALA DE BAUS
[14/03/2015 20:38:01] /bc green; EVENTO NA SALA DE BAUS
[14/03/2015 20:38:02] /bc green; EVENTO NA SALA DE BAUS
[14/03/2015 20:38:02] /bc green; EVENTO NA SALA DE BAUS
[14/03/2015 20:38:30] /bc green; EVENTO NA SALA DE BAUS
[14/03/2015 20:38:31] /bc green; EVENTO NA SALA DE BAUS
[14/03/2015 20:38:32] /bc green; EVENTO NA SALA DE BAUS
[14/03/2015 20:38:33] /bc green; EVENTO NA SALA DE BAUS
[14/03/2015 20:38:55] /bc green; EVENTO NA SALA DE BAUS
[14/03/2015 20:38:56] /bc green; EVENTO NA SALA DE BAUS
[14/03/2015 20:38:56] /bc green; EVENTO NA SALA DE BAUS
[14/03/2015 20:38:57] /bc green; EVENTO NA SALA DE BAUS
[14/03/2015 20:39:35] /bc green; EVENTO NA SALA DE BAUS
[14/03/2015 20:39:36] /bc green; EVENTO NA SALA DE BAUS
[14/03/2015 20:40:32] /bc green; EVENTO NA SALA DE BAUS
[14/03/2015 20:40:33] /bc green; EVENTO NA SALA DE BAUS
[14/03/2015 20:40:34] /bc green; EVENTO NA SALA DE BAUS
[14/03/2015 20:42:19] /bc green; EVENTO NA SALA DE BAUS
[14/03/2015 20:42:20] /bc green; EVENTO NA SALA DE BAUS
[14/03/2015 20:51:24] /i 8907
[14/03/2015 20:51:31] /t
[14/03/2015 20:51:44] /i 7697
[14/03/2015 20:51:50] /i 2174
[14/03/2015 20:52:04] /i 8266
[14/03/2015 20:52:15] /goto Mc Brinquedo I
[14/03/2015 20:54:46] /clean
[14/03/2015 21:01:58] /ghost
[14/03/2015 21:02:03] /t
[14/03/2015 21:02:44] /raid mestre dos magos
[14/03/2015 21:03:08] /save
[14/03/2015 21:03:45] /a 10
[14/03/2015 21:03:47] /a 10
[14/03/2015 21:05:19] /save
[14/03/2015 21:07:54] /t
[14/03/2015 21:08:17] /a
[14/03/2015 21:09:20] /goto Merlin Scort
[14/03/2015 21:09:39] /t
[14/03/2015 21:09:53] /a
[14/03/2015 21:15:14] /t
[14/03/2015 21:15:38] /goto knight furiozo
[14/03/2015 21:15:55] /goto knight furiozo
[14/03/2015 21:15:56] /goto knight furiozo
[14/03/2015 21:15:57] /goto knight furiozo
[14/03/2015 21:16:12] /mc
[14/03/2015 21:16:43] /goto knight furiozo
[14/03/2015 21:16:59] /t
[14/03/2015 21:19:28] /up
[14/03/2015 21:19:29] /up
[14/03/2015 23:41:21] /t
[14/03/2015 23:41:33] /goto brother
[14/03/2015 23:41:36] /a
[14/03/2015 23:41:37] /a
[14/03/2015 23:41:38] /a
[14/03/2015 23:41:40] /a
[14/03/2015 23:43:43] /goto brother
[14/03/2015 23:43:46] /a
[14/03/2015 23:43:47] /a
[14/03/2015 23:43:49] /a
[14/03/2015 23:43:51] /a
[14/03/2015 23:43:52] /a
[14/03/2015 23:43:54] /a
[14/03/2015 23:45:49] /goto brother
[14/03/2015 23:46:01] /goto Magezin Sapeca
[14/03/2015 23:46:04] /goto Magezin Sapeca
[14/03/2015 23:46:20] /goto Magezin Sapeca
[14/03/2015 23:46:22] /goto Magezin Sapeca
[14/03/2015 23:46:25] /goto Magezin Sapeca
[14/03/2015 23:47:12] /goto Magezin Sapeca
[14/03/2015 23:49:39] /goto Magezin Sapeca
[14/03/2015 23:49:51] /goto Magezin Sapeca
[14/03/2015 23:50:11] /a
[14/03/2015 23:50:12] /a
[14/03/2015 23:50:13] /a
[14/03/2015 23:50:20] /a
[14/03/2015 23:50:21] /a
[14/03/2015 23:50:21] /a
[14/03/2015 23:50:24] /a
[14/03/2015 23:53:23] /goto Magezin Sapeca
[14/03/2015 23:54:40] /goto Magezin Sapeca
[14/03/2015 23:55:02] /goto Magezin Sapeca
[14/03/2015 23:56:06] /goto Magezin Sapeca
[14/03/2015 23:56:08] /goto Magezin Sapeca
[14/03/2015 23:56:11] /goto Magezin Sapeca
[14/03/2015 23:56:17] /goto Magezin Sapeca
[14/03/2015 23:56:22] /goto Magezin Sapeca
[14/03/2015 23:56:48] /goto Magezin Sapeca
[14/03/2015 23:57:00] /goto Magezin Sapeca
[14/03/2015 23:58:07] /goto Magezin Sapeca
[14/03/2015 23:58:25] /goto Magezin Sapeca
[14/03/2015 23:58:27] /goto Magezin Sapeca
[14/03/2015 23:58:30] /goto Magezin Sapeca
[14/03/2015 23:58:31] /goto Magezin Sapeca
[14/03/2015 23:58:33] /goto Magezin Sapeca
[14/03/2015 23:58:35] /goto Magezin Sapeca
[14/03/2015 23:58:36] /goto Magezin Sapeca
[14/03/2015 23:58:38] /goto Magezin Sapeca
[14/03/2015 23:58:40] /goto Magezin Sapeca
[14/03/2015 23:58:42] /goto Magezin Sapeca
[14/03/2015 23:59:11] /goto Magezin Sapeca
[14/03/2015 23:59:17] /a
[15/03/2015 00:02:38] /goto Magezin Sapeca
[15/03/2015 00:02:42] /goto Magezin Sapeca
[15/03/2015 00:02:43] /goto Magezin Sapeca
[15/03/2015 00:02:49] /goto Magezin Sapeca
[15/03/2015 00:06:26] /up
[15/03/2015 00:06:27] /up
[15/03/2015 15:01:43] /t
[15/03/2015 15:02:18] /up
[15/03/2015 15:02:19] /up
[15/03/2015 15:02:23] /save
[15/03/2015 15:15:04] /t
[15/03/2015 15:15:15] /a 2
[15/03/2015 15:19:35] /goto lucas
[15/03/2015 15:20:08] /a 2
[15/03/2015 15:21:28] /a 5
[15/03/2015 15:21:29] /a
[15/03/2015 15:21:30] /a
[15/03/2015 15:21:31] /a
[15/03/2015 15:21:31] /a
[15/03/2015 15:21:31] /a
[15/03/2015 15:21:31] /a
[15/03/2015 15:21:31] /a
[15/03/2015 15:21:32] /a
[15/03/2015 15:21:45] /i 7407
[15/03/2015 15:22:28] /up
[15/03/2015 15:22:29] /up
[15/03/2015 15:51:14] /t
[15/03/2015 15:51:25] /goto magezin sapeca
[15/03/2015 15:52:06] /goto magezin sapeca
[15/03/2015 15:52:41] /goto magezin sapeca
[15/03/2015 15:53:46] /goto magezin sapeca
[15/03/2015 15:53:56] /mc
[15/03/2015 15:55:32] /a
[15/03/2015 15:55:33] /a
[15/03/2015 15:55:33] /a
[15/03/2015 15:55:34] /a
[15/03/2015 15:55:35] /a
[15/03/2015 15:55:36] /a
[15/03/2015 15:55:36] /a
[15/03/2015 15:55:36] /a
[15/03/2015 15:55:37] /a
[15/03/2015 15:55:38] /a
[15/03/2015 15:55:39] /a
[15/03/2015 15:55:59] /a
[15/03/2015 15:55:59] /a
[15/03/2015 15:57:04] /goto lucas
[15/03/2015 15:57:11] /goto magezin sapeca
[15/03/2015 15:57:14] /goto lucas
[15/03/2015 15:59:16] /goto lucas
[15/03/2015 16:00:13] /goto magezin sapeca
[15/03/2015 16:00:58] /a
[15/03/2015 16:02:11] /goto magezin sapeca
[15/03/2015 16:02:27] /goto magezin sapeca
[15/03/2015 16:02:32] /goto magezin sapeca
[15/03/2015 16:02:45] /goto magezin sapeca
[15/03/2015 16:02:52] /a
[15/03/2015 16:02:55] /a
[15/03/2015 16:02:56] /a
[15/03/2015 16:02:56] /a
[15/03/2015 16:02:56] /a
[15/03/2015 16:02:57] /a
[15/03/2015 16:02:58] /a
[15/03/2015 16:03:01] /up
[15/03/2015 16:03:03] /down
[15/03/2015 16:03:20] /mc
[15/03/2015 16:03:26] /goto the nuker
[15/03/2015 16:03:32] /r
[15/03/2015 16:03:33] /a
[15/03/2015 16:03:38] /mc
[15/03/2015 16:03:47] /goto lodovica
[15/03/2015 16:03:59] /goto knight furiozo
[15/03/2015 16:04:05] /goto knight furiozo
[15/03/2015 16:04:10] /goto knight furiozo
[15/03/2015 16:04:14] /goto knight furiozo
[15/03/2015 16:04:16] /goto knight furiozo
[15/03/2015 16:04:24] /goto knight furiozo
[15/03/2015 16:04:46] /goto honda
[15/03/2015 16:04:50] /a
[15/03/2015 16:04:50] /a
[15/03/2015 16:04:50] /a
[15/03/2015 16:04:50] /a
[15/03/2015 16:04:50] /a
[15/03/2015 16:04:50] /a
[15/03/2015 16:04:50] /a
[15/03/2015 16:04:50] /a
[15/03/2015 16:04:50] /a
[15/03/2015 16:04:50] /a
[15/03/2015 16:04:50] /a
[15/03/2015 16:04:50] /a
[15/03/2015 16:04:51] /a
[15/03/2015 16:04:52] /a
[15/03/2015 16:04:52] /a
[15/03/2015 16:04:53] /a
[15/03/2015 16:04:53] /a
[15/03/2015 16:04:53] /a
[15/03/2015 16:04:53] /a
[15/03/2015 16:04:53] /a
[15/03/2015 16:04:53] /a
[15/03/2015 16:04:53] /a
[15/03/2015 16:04:53] /a
[15/03/2015 16:04:53] /a
[15/03/2015 16:04:53] /a
[15/03/2015 16:04:53] /a
[15/03/2015 16:04:53] /a
[15/03/2015 16:04:54] /a
[15/03/2015 16:04:54] /a
[15/03/2015 16:05:23] /a
[15/03/2015 16:05:26] /a
[15/03/2015 16:05:27] /a
[15/03/2015 16:06:34] /a
[15/03/2015 16:06:35] /a
[15/03/2015 16:06:35] /a
[15/03/2015 16:06:35] /a
[15/03/2015 16:06:35] /a
[15/03/2015 16:06:36] /a
[15/03/2015 16:06:37] /a
[15/03/2015 16:06:37] /a
[15/03/2015 16:06:37] /a
[15/03/2015 16:06:38] /a
[15/03/2015 16:08:11] /a
[15/03/2015 16:08:12] /a
[15/03/2015 16:08:12] /a
[15/03/2015 16:08:13] /a
[15/03/2015 16:08:15] /a
[15/03/2015 16:08:33] /a
[15/03/2015 16:08:34] /a
[15/03/2015 16:08:35] /a
[15/03/2015 16:08:36] /a
[15/03/2015 16:08:36] /a
[15/03/2015 16:08:37] /a
[15/03/2015 16:08:37] /a
[15/03/2015 16:08:38] /a
[15/03/2015 16:08:39] /a
[15/03/2015 16:08:39] /a
[15/03/2015 16:08:39] /a
[15/03/2015 16:08:39] /a
[15/03/2015 16:08:39] /a
[15/03/2015 16:08:40] /a
[15/03/2015 16:10:22] /goto magezin sapeca
[15/03/2015 16:11:08] /goto honda
[15/03/2015 16:11:50] /a
[15/03/2015 16:11:51] /a
[15/03/2015 16:11:51] /a
[15/03/2015 16:11:52] /a
[15/03/2015 16:11:52] /a
[15/03/2015 16:11:52] /a
[15/03/2015 16:11:52] /a
[15/03/2015 16:11:53] /a
[15/03/2015 16:11:53] /a
[15/03/2015 16:11:53] /a
[15/03/2015 16:11:54] /a
[15/03/2015 16:11:54] /a
[15/03/2015 16:11:54] /a
[15/03/2015 16:11:54] /a
[15/03/2015 16:11:54] /a
[15/03/2015 16:11:54] /a
[15/03/2015 16:11:54] /a
[15/03/2015 16:11:54] /a
[15/03/2015 16:11:54] /a
[15/03/2015 16:11:54] /a
[15/03/2015 16:11:54] /a
[15/03/2015 16:11:54] /a
[15/03/2015 16:11:54] /a
[15/03/2015 16:11:55] /a
[15/03/2015 16:11:55] /a
[15/03/2015 16:11:55] /a
[15/03/2015 16:11:55] /a
[15/03/2015 16:11:56] /a
[15/03/2015 16:11:56] /a
[15/03/2015 16:11:56] /a
[15/03/2015 16:11:56] /a
[15/03/2015 16:11:56] /a
[15/03/2015 16:11:58] /a
[15/03/2015 16:11:58] /a
[15/03/2015 16:11:59] /a
[15/03/2015 16:12:12] /goto honda
[15/03/2015 16:12:18] /goto magezin sapeca
[15/03/2015 16:14:03] /t
[15/03/2015 16:14:28] /mc
[15/03/2015 16:14:32] /r
[15/03/2015 16:14:33] /a
[15/03/2015 16:14:56] /goto magezin sapeca
[15/03/2015 16:15:07] /mc
[15/03/2015 16:18:13] /goto magezin sapeca
[15/03/2015 16:18:40] /goto mc brinquedo
[15/03/2015 16:18:48] /mc
[15/03/2015 16:18:53] /goto mc brinquedo
[15/03/2015 16:19:04] /goto magezin sapeca
[15/03/2015 16:19:17] /mc
[15/03/2015 16:19:28] /t
[15/03/2015 16:19:50] /goto magezin sapeca
[15/03/2015 16:19:56] /goto the nuker
[15/03/2015 16:20:06] /goto magezin sapeca
[15/03/2015 16:20:49] /mc
[15/03/2015 16:21:26] /goto magezin sapeca
[15/03/2015 16:21:30] /t
[15/03/2015 16:21:33] /goto magezin sapeca
[15/03/2015 16:22:26] /goto the nuker
[15/03/2015 16:22:30] /goto magezin sapeca
[15/03/2015 16:22:53] /t
[15/03/2015 16:23:01] /up
[15/03/2015 16:23:06] /goto magezin sapeca
[15/03/2015 16:23:08] /mc
[15/03/2015 16:23:25] /goto mariana
[15/03/2015 16:23:47] /goto mariana
[15/03/2015 16:23:50] /goto magezin sapeca
[15/03/2015 16:23:57] /goto magezin sapeca
[15/03/2015 16:24:00] /goto magezin sapeca
[15/03/2015 16:24:27] /goto magezin sapeca
[15/03/2015 16:24:31] /goto magezin sapeca
[15/03/2015 16:24:33] /goto magezin sapeca
[15/03/2015 16:24:36] /goto magezin sapeca
[15/03/2015 16:24:38] /goto magezin sapeca
[15/03/2015 16:24:39] /goto magezin sapeca
[15/03/2015 16:24:46] /a
[15/03/2015 16:24:48] /a
[15/03/2015 16:24:57] /goto magezin sapeca
[15/03/2015 16:26:06] /goto magezin sapeca
[15/03/2015 16:26:24] /goto magezin sapeca
[15/03/2015 16:26:30] /goto magezin sapeca
[15/03/2015 16:26:32] /goto magezin sapeca
[15/03/2015 16:26:34] /goto magezin sapeca
[15/03/2015 16:26:40] /goto magezin sapeca
[15/03/2015 16:26:42] /goto magezin sapeca
[15/03/2015 16:26:44] /goto magezin sapeca
[15/03/2015 16:26:45] /goto magezin sapeca
[15/03/2015 16:28:12] /t
[15/03/2015 16:28:16] /up
[15/03/2015 16:28:17] /up
[15/03/2015 16:28:18] /save
[15/03/2015 20:29:45] /t
[15/03/2015 20:29:48] /mc
[15/03/2015 20:30:29] /goto Magezin Sapeca
[15/03/2015 20:31:02] /a
[15/03/2015 20:32:16] /goto Brother
[15/03/2015 20:32:24] /goto Druidzerah Mythus
[15/03/2015 20:33:45] /goto Druidzerah Mythus
[15/03/2015 20:33:47] /goto Druidzerah Mythus
[15/03/2015 20:34:01] /a
[15/03/2015 20:35:03] /goto Druidzerah Mythus
[15/03/2015 20:35:08] /goto Druidzerah Mythus
[15/03/2015 20:35:11] /goto Druidzerah Mythus
[15/03/2015 20:35:13] /goto Brother
[15/03/2015 20:35:15] /goto Druidzerah Mythus
[15/03/2015 20:35:18] /goto Magezin Sapeca
[15/03/2015 20:35:21] /goto Druidzerah Mythus
[15/03/2015 20:35:24] /goto Brother
[15/03/2015 20:35:26] /goto Druidzerah Mythus
[15/03/2015 20:35:29] /goto Druidzerah Mythus
[15/03/2015 20:35:43] /goto Druidzerah Mythus
[15/03/2015 20:37:43] /goto Brother
[15/03/2015 20:38:04] /a 2
[15/03/2015 20:38:05] /a 2
[15/03/2015 20:38:05] /a 2
[15/03/2015 20:38:06] /a 2
[15/03/2015 20:38:06] /a 2
[15/03/2015 20:38:07] /a 2
[15/03/2015 20:38:08] /a 2
[15/03/2015 20:38:11] /a
[15/03/2015 20:38:30] /goto Druidzerah Mythus
[15/03/2015 20:39:51] /goto Druidzerah Mythus
[15/03/2015 20:40:12] /goto Brother
[15/03/2015 20:40:19] /a 2
[15/03/2015 20:40:20] /a 2
[15/03/2015 20:40:29] /goto Brother
[15/03/2015 20:40:31] /goto Druidzerah Mythus
[15/03/2015 20:40:47] /a 2
[15/03/2015 20:40:47] /a 2
[15/03/2015 20:40:49] /a 2
[15/03/2015 20:40:49] /a 2
[15/03/2015 20:41:01] /goto Druidzerah Mythus
[15/03/2015 20:41:03] /goto Brother
[15/03/2015 20:41:42] /goto Druidzerah Mythus
[15/03/2015 20:41:58] /goto Brother
[15/03/2015 20:42:00] /goto Druidzerah Mythus
[15/03/2015 20:42:02] /goto Druidzerah Mythus
[15/03/2015 20:42:19] /goto Druidzerah Mythus
[15/03/2015 20:42:20] /goto Druidzerah Mythus
[15/03/2015 20:42:28] /goto Druidzerah Mythus
[15/03/2015 20:42:38] /goto Brother
[15/03/2015 20:42:51] /goto Brother
[15/03/2015 20:42:55] /goto Druidzerah Mythus
[15/03/2015 20:43:03] /a 2
[15/03/2015 20:43:20] /save
[15/03/2015 20:43:40] /goto Brother
[15/03/2015 20:43:50] /a 2
[15/03/2015 20:43:50] /a 2
[15/03/2015 20:43:51] /a 2
[15/03/2015 20:43:51] /a 2
[15/03/2015 20:43:53] /a 2
[15/03/2015 20:44:55] /clean
[15/03/2015 20:45:02] /goto Brother
[15/03/2015 20:45:06] /goto Druidzerah Mythus
[15/03/2015 20:46:35] /up
[15/03/2015 20:46:36] /up
[15/03/2015 20:46:38] /ghost
[15/03/2015 20:49:07] /a 2
[15/03/2015 20:49:07] /a 2
[15/03/2015 20:49:09] /a 2
[15/03/2015 20:49:14] /a 2
[15/03/2015 20:49:15] /a 2
[15/03/2015 20:49:15] /a 2
[15/03/2015 20:49:17] /a 2
[15/03/2015 20:49:18] /a 2
[15/03/2015 20:49:19] /a 2
[15/03/2015 20:49:19] /a 2
[15/03/2015 20:49:20] /a 2
[15/03/2015 20:49:20] /a 2
[15/03/2015 20:49:20] /a 2
[15/03/2015 20:49:21] /a 2
[15/03/2015 20:49:21] /a 2
[15/03/2015 20:49:22] /a 2
[15/03/2015 20:49:22] /a 2
[15/03/2015 20:49:22] /a 2
[15/03/2015 20:49:24] /a 2
[15/03/2015 20:49:24] /a 2
[15/03/2015 20:49:25] /a 2
[15/03/2015 20:49:26] /a 2
[15/03/2015 20:49:28] /a 2
[15/03/2015 20:49:28] /a 2
[15/03/2015 20:49:29] /a 2
[15/03/2015 20:49:30] /a 2
[15/03/2015 20:49:30] /a 2
[15/03/2015 20:49:31] /a 2
[15/03/2015 20:49:31] /a 2
[15/03/2015 20:49:31] /a 2
[15/03/2015 20:49:32] /a 2
[15/03/2015 20:49:32] /a 2
[15/03/2015 20:50:38] /ghost
[15/03/2015 20:50:39] /t
[15/03/2015 20:52:44] /goto Druidzerah Mythus
[15/03/2015 20:52:53] /a 2
[15/03/2015 20:52:56] /a
[15/03/2015 20:53:29] /a
[15/03/2015 20:56:11] /goto Druidzerah Mythus
[15/03/2015 21:09:08] /up
[15/03/2015 21:09:09] /up
[15/03/2015 21:09:16] /goto Druidzerah Mythus
[15/03/2015 21:09:22] /goto Brother
[15/03/2015 21:09:25] /goto Brother
[15/03/2015 21:09:55] /goto Magezin Sapeca
[15/03/2015 21:10:11] /t
[15/03/2015 21:10:17] /up
[15/03/2015 21:10:17] /up
[15/03/2015 21:10:18] /save
[16/03/2015 01:04:33] /t
[16/03/2015 01:05:01] /goto brumm-bromm
[16/03/2015 01:05:03] /goto brumm-bromm
[16/03/2015 01:05:10] /up
[16/03/2015 01:05:12] /up
[16/03/2015 01:05:13] /save
[16/03/2015 13:20:02] /goto lucas
[16/03/2015 13:20:08] /goto brother
[16/03/2015 13:20:17] /goto menino prodigio
[16/03/2015 13:20:31] /goto brother
[16/03/2015 13:20:36] /up
[16/03/2015 13:45:40] /goto mr thug
[16/03/2015 13:45:48] /goto yakuza
[16/03/2015 13:45:50] /goto yakuza
[16/03/2015 13:45:52] /goto yakuza
[16/03/2015 13:45:54] /goto yakuza
[16/03/2015 13:46:00] /a 2
[16/03/2015 13:46:01] /a 2
[16/03/2015 13:46:01] /a 2
[16/03/2015 13:46:01] /a 2
[16/03/2015 13:46:02] /a 2
[16/03/2015 13:46:02] /a 2
[16/03/2015 13:46:02] /a 2
[16/03/2015 13:46:03] /a 2
[16/03/2015 13:46:06] /a 2
[16/03/2015 13:46:06] /a 2
[16/03/2015 13:46:07] /a 2
[16/03/2015 13:46:07] /a 2
[16/03/2015 13:46:08] /a 2
[16/03/2015 13:46:08] /a 2
[16/03/2015 13:46:08] /a 2
[16/03/2015 13:46:08] /a 2
[16/03/2015 13:46:09] /a 2
[16/03/2015 13:46:09] /a 2
[16/03/2015 13:46:10] /a 2
[16/03/2015 13:46:10] /a 2
[16/03/2015 13:46:10] /a 2
[16/03/2015 13:46:11] /a 2
[16/03/2015 13:46:11] /a 2
[16/03/2015 13:46:11] /a 2
[16/03/2015 13:46:11] /a 2
[16/03/2015 13:46:12] /a 2
[16/03/2015 13:46:19] /a 2
[16/03/2015 13:46:19] /a 2
[16/03/2015 13:46:19] /a 2
[16/03/2015 13:46:19] /a 2
[16/03/2015 13:46:19] /a 2
[16/03/2015 13:46:20] /a 2
[16/03/2015 13:46:20] /a 2
[16/03/2015 13:46:21] /a 2
[16/03/2015 13:46:26] /goto yakuza
[16/03/2015 13:46:29] /goto yakuza
[16/03/2015 13:46:30] /goto yakuza
[16/03/2015 13:46:32] /goto yakuza
[16/03/2015 13:46:41] /goto yakuza
[16/03/2015 13:46:44] /goto mr thug
[16/03/2015 13:46:54] /goto mlk loko I
[16/03/2015 13:47:09] /t
[16/03/2015 13:47:12] /up
[16/03/2015 13:47:13] /up
[16/03/2015 15:11:03] /t
[16/03/2015 15:11:08] /goto lucas
[16/03/2015 15:11:16] /goto mlk loko I
[16/03/2015 15:11:19] /goto lucas
[16/03/2015 15:12:14] /goto lucas
[16/03/2015 15:12:20] /goto mlk loko I
[16/03/2015 15:12:30] /goto lucas
[16/03/2015 15:12:34] /t
[16/03/2015 15:13:21] /t
[16/03/2015 15:13:24] /up
[16/03/2015 15:13:25] /up
[16/03/2015 15:13:28] /save
[17/03/2015 13:31:41] /t
[17/03/2015 13:32:29] /goto Druidzerah Mythus
[17/03/2015 13:32:33] /goto Druidzerah Mythus
[17/03/2015 13:32:36] /t
[17/03/2015 13:33:06] /up
[17/03/2015 13:33:08] /up
[17/03/2015 13:48:50] /t
[17/03/2015 13:54:22] /goto loco sem amigos
[17/03/2015 13:54:54] /t
[17/03/2015 13:54:55] /up
[17/03/2015 13:54:57] /up
[17/03/2015 14:27:51] /t
[17/03/2015 14:28:04] /goto yakuza
[17/03/2015 14:28:14] /goto loco sem amigos
[17/03/2015 14:28:26] /up
[17/03/2015 14:28:27] /up
[17/03/2015 16:22:39] /goto mc maguinho
[17/03/2015 16:22:51] /mc
[17/03/2015 16:23:00] /goto originality
[17/03/2015 16:23:54] /goto druidezerah mythus
[17/03/2015 16:24:08] /goto druidzerah mythus
[17/03/2015 16:24:17] /t
[17/03/2015 16:24:35] /goto originality
[17/03/2015 16:24:39] /goto mc maguinho
[17/03/2015 16:25:40] /t
[17/03/2015 16:25:41] /up
[17/03/2015 16:25:45] /up
[17/03/2015 16:41:12] /goto mc maguinho
[17/03/2015 16:41:14] /t
[17/03/2015 16:43:52] /up
[17/03/2015 16:43:54] /up
[17/03/2015 20:48:20] /t
[17/03/2015 20:48:43] /goto magezin sapeca
[17/03/2015 20:48:46] /mc
[17/03/2015 20:48:56] /goto magezin sapeca
[17/03/2015 20:49:24] /up
[17/03/2015 20:49:25] /up
[17/03/2015 20:49:27] /save
[18/03/2015 12:52:20] /goto magezin sapeca
[18/03/2015 12:52:24] /t
[18/03/2015 12:52:28] /up
[18/03/2015 12:52:29] /up
[18/03/2015 12:52:32] /save
[19/03/2015 14:25:02] /mc
[19/03/2015 14:25:10] /goto kanguru mage
[19/03/2015 14:25:15] /goto kanguru pally
[19/03/2015 14:25:20] /t
[19/03/2015 14:25:32] /goto lks mormaii
[19/03/2015 14:25:34] /t
[19/03/2015 14:25:51] /t
[19/03/2015 14:26:02] /up
[19/03/2015 15:07:29] /t
[19/03/2015 15:07:45] /goto honda
[19/03/2015 15:07:51] /mc
[19/03/2015 15:07:55] /goto honda
[19/03/2015 15:07:57] /goto honda
[19/03/2015 15:07:59] /goto honda
[19/03/2015 15:08:01] /goto honda
[19/03/2015 15:08:04] /goto honda
[19/03/2015 15:08:12] /goto honda
[19/03/2015 15:08:14] /goto honda
[19/03/2015 15:08:19] /goto honda
[19/03/2015 15:08:21] /goto honda
[19/03/2015 15:08:23] /goto honda
[19/03/2015 15:08:25] /goto honda
[19/03/2015 15:08:26] /goto honda
[19/03/2015 15:08:27] /goto honda
[19/03/2015 15:08:35] /goto honda
[19/03/2015 15:08:36] /goto honda
[19/03/2015 15:08:39] /goto honda
[19/03/2015 15:08:40] /goto honda
[19/03/2015 15:08:43] /goto honda
[19/03/2015 15:08:45] /goto honda
[19/03/2015 15:08:46] /goto honda
[19/03/2015 15:08:49] /goto honda
[19/03/2015 15:08:50] /goto honda
[19/03/2015 15:09:16] /goto honda
[19/03/2015 15:09:33] /goto honda
[19/03/2015 15:09:44] /goto kanguru mage
[19/03/2015 15:09:45] /goto kanguru mage
[19/03/2015 15:09:47] /goto kanguru mage
[19/03/2015 15:09:48] /t
[19/03/2015 15:09:52] /goto honda
[19/03/2015 15:09:54] /goto honda
[19/03/2015 15:09:59] /goto honda
[19/03/2015 15:10:00] /goto honda
[19/03/2015 15:10:04] /goto honda
[19/03/2015 15:10:06] /goto honda
[19/03/2015 15:10:08] /goto honda
[19/03/2015 15:10:13] /goto ryuuku
[19/03/2015 15:10:38] /goto ryuuku
[19/03/2015 15:10:39] /goto honda
[19/03/2015 15:11:07] /goto honda
[19/03/2015 15:11:09] /t
[19/03/2015 15:11:18] /goto kanguru mage
[19/03/2015 15:11:34] /goto kanguru mage
[19/03/2015 15:11:37] /goto kanguru mage
[19/03/2015 15:11:38] /goto kanguru mage
[19/03/2015 15:11:39] /goto kanguru mage
[19/03/2015 15:11:52] /goto kanguru mage
[19/03/2015 15:11:53] /t
[19/03/2015 15:11:57] /up
[19/03/2015 15:11:58] /up
[19/03/2015 15:12:16] /goto druidzerah mythus
[19/03/2015 15:12:27] /goto druidzerah mythus
[19/03/2015 15:12:29] /goto druidzerah mythus
[19/03/2015 15:13:03] /t
[19/03/2015 15:13:06] /up
[19/03/2015 15:13:07] /up
[19/03/2015 15:13:13] /save
[19/03/2015 17:22:52] /goto Druidzerah Mythus
[19/03/2015 17:28:20] /goto mege ziika
[19/03/2015 17:28:27] /goto mage ziika
[19/03/2015 17:28:43] /goto mage ziika
[19/03/2015 17:28:56] /goto mage ziika
[19/03/2015 17:29:00] /goto mage ziika
[19/03/2015 17:30:19] /goto mage ziika
[19/03/2015 17:31:08] /goto yakuza
[19/03/2015 17:31:10] /t
[19/03/2015 17:31:14] /up
[19/03/2015 17:31:15] /up
[19/03/2015 17:31:20] /save
[20/03/2015 00:30:11] /t
[20/03/2015 00:30:36] /goto ice cube
[20/03/2015 00:30:40] /t
[20/03/2015 00:30:42] /up
[20/03/2015 00:30:44] /up
[20/03/2015 00:30:47] /save
[20/03/2015 13:12:39] /t
[20/03/2015 13:13:00] /goto druidzerah mythus
[20/03/2015 13:13:09] /goto druidzerah mythus
[20/03/2015 13:13:42] /goto druidzerah mythus
[20/03/2015 13:14:17] /goto druidzerah mythus
[20/03/2015 13:15:05] /goto druidzerah mythus
[20/03/2015 13:15:21] /goto druidzerah mythus
[20/03/2015 15:38:41] /up
[20/03/2015 15:38:42] /up
[20/03/2015 15:38:45] /save
[20/03/2015 18:32:54] /t
[20/03/2015 18:33:03] /goto mage ziika
[20/03/2015 18:33:07] /goto mage ziika
[20/03/2015 18:36:03] /a 3
[20/03/2015 18:36:10] /ghost
[20/03/2015 18:36:15] /a 2
[20/03/2015 18:36:22] /ghost
[20/03/2015 21:50:27] /t
[20/03/2015 21:50:29] /mc
[20/03/2015 21:50:52] /raid demon lord
[20/03/2015 21:51:11] /mc
[20/03/2015 22:01:33] /mc
[20/03/2015 22:01:37] /save
[20/03/2015 22:01:53] /goto hiroshi
[20/03/2015 22:01:57] /goto hiroshi
[20/03/2015 22:02:01] /goto hiroshi
[20/03/2015 22:02:36] /goto hiroshi
[20/03/2015 22:02:37] /goto hiroshi
[20/03/2015 22:02:38] /goto hiroshi
[20/03/2015 22:02:41] /goto hiroshi
[20/03/2015 22:02:43] /goto hiroshi
[20/03/2015 22:02:46] /goto hiroshi
[20/03/2015 22:02:48] /goto hiroshi
[20/03/2015 22:03:24] /goto hiroshi
[20/03/2015 22:03:25] /goto hiroshi
[20/03/2015 22:03:26] /goto hiroshi
[20/03/2015 22:03:27] /goto hiroshi
[20/03/2015 22:03:28] /goto hiroshi
[20/03/2015 22:03:28] /goto hiroshi
[20/03/2015 22:03:34] /goto hiroshi
[20/03/2015 22:03:36] /goto hiroshi
[20/03/2015 22:03:39] /goto hiroshi
[20/03/2015 22:03:43] /goto hiroshi
[20/03/2015 22:03:56] /goto ryuuku
[20/03/2015 22:04:37] /goto ryuuku
[20/03/2015 22:04:51] /goto hiroshi
[20/03/2015 22:04:54] /t
[20/03/2015 22:05:08] /goto druidzerah mythus
[20/03/2015 22:05:11] /goto druidzerah mythus
[20/03/2015 22:05:18] /goto druidzerah mythus
[20/03/2015 22:05:23] /goto druidzerah mythus
[20/03/2015 22:05:32] /t
[20/03/2015 22:07:51] /goto Brumm-bromm
[20/03/2015 22:07:56] /goto Brumm-bromm
[20/03/2015 22:07:57] /goto Brumm-bromm
[20/03/2015 22:07:59] /goto Brumm-bromm
[20/03/2015 22:08:00] /goto Brumm-bromm
[20/03/2015 22:08:01] /goto Brumm-bromm
[20/03/2015 22:08:02] /goto Brumm-bromm
[20/03/2015 22:08:04] /goto Brumm-bromm
[20/03/2015 22:08:06] /goto Brumm-bromm
[20/03/2015 22:08:08] /goto Brumm-bromm
[20/03/2015 22:08:11] /goto Brumm-bromm
[20/03/2015 22:08:12] /goto Brumm-bromm
[20/03/2015 22:08:16] /goto Brumm-bromm
[20/03/2015 22:08:20] /goto Brumm-bromm
[20/03/2015 22:08:25] /goto druidzerah mythus
[20/03/2015 22:08:27] /goto druidzerah mythus
[20/03/2015 22:08:28] /goto druidzerah mythus
[20/03/2015 22:08:29] /goto druidzerah mythus
[20/03/2015 22:08:30] /goto druidzerah mythus
[20/03/2015 22:08:32] /goto druidzerah mythus
[20/03/2015 22:08:33] /goto druidzerah mythus
[20/03/2015 22:08:35] /goto druidzerah mythus
[20/03/2015 22:08:37] /goto Brumm-bromm
[20/03/2015 22:08:40] /goto druidzerah mythus
[20/03/2015 22:08:42] /goto Brumm-bromm
[20/03/2015 22:08:44] /goto Brumm-bromm
[20/03/2015 22:08:47] /goto druidzerah mythus
[20/03/2015 22:09:08] /goto druidzerah mythus
[20/03/2015 22:09:10] /goto Brumm-bromm
[20/03/2015 22:09:12] /goto Brumm-bromm
[20/03/2015 22:09:14] /goto Brumm-bromm
[20/03/2015 22:09:17] /goto Brumm-bromm
[20/03/2015 22:09:19] /goto Brumm-bromm
[20/03/2015 22:09:22] /goto Brumm-bromm
[20/03/2015 22:09:26] /goto druidzerah mythus
[20/03/2015 22:09:28] /goto Brumm-bromm
[20/03/2015 22:09:31] /goto Brumm-bromm
[20/03/2015 22:09:35] /goto Brumm-bromm
[20/03/2015 22:09:58] /a 2
[20/03/2015 22:09:59] /a 2
[20/03/2015 22:09:59] /a 2
[20/03/2015 22:10:00] /a 2
[20/03/2015 22:10:00] /a 2
[20/03/2015 22:10:01] /a 2
[20/03/2015 22:10:02] /a 2
[20/03/2015 22:10:02] /a 2
[20/03/2015 22:10:03] /a 2
[20/03/2015 22:10:03] /a 2
[20/03/2015 22:10:04] /a 2
[20/03/2015 22:10:04] /a 2
[20/03/2015 22:10:06] /a 2
[20/03/2015 22:10:09] /goto druidzerah mythus
[20/03/2015 22:10:11] /goto Brumm-bromm
[20/03/2015 22:10:12] /a 2
[20/03/2015 22:10:13] /a 2
[20/03/2015 22:10:14] /a 2
[20/03/2015 22:10:14] /a 2
[20/03/2015 22:10:15] /a 2
[20/03/2015 22:10:16] /a 2
[20/03/2015 22:10:17] /a 2
[20/03/2015 22:10:17] /a 2
[20/03/2015 22:10:18] /a 2
[20/03/2015 22:10:18] /a 2
[20/03/2015 22:10:18] /a 2
[20/03/2015 22:10:19] /a 2
[20/03/2015 22:10:19] /a 2
[20/03/2015 22:10:19] /a 2
[20/03/2015 22:10:19] /a 2
[20/03/2015 22:10:20] /a 2
[20/03/2015 22:10:20] /a 2
[20/03/2015 22:10:21] /a 2
[20/03/2015 22:10:21] /a 2
[20/03/2015 22:10:21] /a 2
[20/03/2015 22:10:22] /a 2
[20/03/2015 22:10:25] /a 2
[20/03/2015 22:10:26] /a 2
[20/03/2015 22:10:26] /a 2
[20/03/2015 22:10:27] /a 2
[20/03/2015 22:10:27] /a 2
[20/03/2015 22:10:27] /a 2
[20/03/2015 22:10:28] /a 2
[20/03/2015 22:10:31] /a 2
[20/03/2015 22:10:31] /a 2
[20/03/2015 22:10:31] /a 2
[20/03/2015 22:10:33] /a 2
[20/03/2015 22:10:33] /a 2
[20/03/2015 22:10:34] /a 2
[20/03/2015 22:10:34] /a 2
[20/03/2015 22:10:35] /a 2
[20/03/2015 22:10:35] /a 2
[20/03/2015 22:10:36] /a 2
[20/03/2015 22:10:36] /a 2
[20/03/2015 22:10:37] /a 2
[20/03/2015 22:10:37] /a 2
[20/03/2015 22:10:38] /a 2
[20/03/2015 22:10:38] /a 2
[20/03/2015 22:10:38] /a 2
[20/03/2015 22:10:39] /a 2
[20/03/2015 22:10:39] /a 2
[20/03/2015 22:10:40] /a 2
[20/03/2015 22:10:40] /a 2
[20/03/2015 22:10:40] /a 2
[20/03/2015 22:10:41] /a 2
[20/03/2015 22:10:41] /a 2
[20/03/2015 22:10:41] /a 2
[20/03/2015 22:10:41] /a 2
[20/03/2015 22:10:41] /a 2
[20/03/2015 22:10:42] /a 2
[20/03/2015 22:10:42] /a 2
[20/03/2015 22:10:42] /a 2
[20/03/2015 22:10:43] /a 2
[20/03/2015 22:10:43] /a 2
[20/03/2015 22:10:44] /a 2
[20/03/2015 22:10:45] /a 2
[20/03/2015 22:10:45] /a 2
[20/03/2015 22:10:46] /a 2
[20/03/2015 22:10:51] /goto druidzerah mythus
[20/03/2015 22:10:53] /goto Brumm-bromm
[20/03/2015 22:10:55] /a 2
[20/03/2015 22:10:56] /a 2
[20/03/2015 22:10:59] /a 2
[20/03/2015 22:11:00] /a 2
[20/03/2015 22:11:01] /a 2
[20/03/2015 22:11:01] /a 2
[20/03/2015 22:11:01] /a 2
[20/03/2015 22:11:02] /a 2
[20/03/2015 22:11:02] /a 2
[20/03/2015 22:11:03] /a 2
[20/03/2015 22:11:03] /a 2
[20/03/2015 22:11:04] /a 2
[20/03/2015 22:11:04] /a 2
[20/03/2015 22:11:05] /a 2
[20/03/2015 22:11:07] /a 2
[20/03/2015 22:11:08] /a 2
[20/03/2015 22:11:09] /a 2
[20/03/2015 22:11:17] /goto Brumm-bromm
[20/03/2015 22:12:05] /a 2
[20/03/2015 22:12:06] /a 2
[20/03/2015 22:12:07] /a 2
[20/03/2015 22:39:07] /up
[20/03/2015 22:39:08] /up
[20/03/2015 22:39:10] /save
[20/03/2015 23:34:07] /t
[20/03/2015 23:37:30] /save
[21/03/2015 00:19:05] /up
[21/03/2015 00:19:06] /up
[21/03/2015 00:19:09] /save
[21/03/2015 23:30:02] /t
[21/03/2015 23:30:08] /a 2
[22/03/2015 00:03:24] /save
[22/03/2015 00:07:37] /goto Druidzerah Mythus
[22/03/2015 00:07:46] /goto xerath
[22/03/2015 00:07:49] /goto xerath
[22/03/2015 00:09:55] /goto xerath
[22/03/2015 00:09:57] /t
[22/03/2015 00:10:02] /goto Druidzerah Mythus
[22/03/2015 00:10:10] /goto xerath
[22/03/2015 00:10:19] /goto characcter
[22/03/2015 00:10:37] /goto haas
[22/03/2015 00:10:40] /goto haas
[22/03/2015 00:10:41] /mc
[22/03/2015 00:10:43] /goto haas
[22/03/2015 00:10:50] /goto haas
[22/03/2015 00:10:53] /goto haas
[22/03/2015 00:10:54] /goto haas
[22/03/2015 00:10:56] /goto haas
[22/03/2015 00:10:58] /goto haas
[22/03/2015 00:11:00] /goto haas
[22/03/2015 00:11:01] /goto haas
[22/03/2015 00:11:18] /goto knightzerah mythus
[22/03/2015 00:11:25] /goto knightzerah mythus
[22/03/2015 00:11:39] /goto honda
[22/03/2015 00:11:40] /goto honda
[22/03/2015 00:11:46] /goto honda
[22/03/2015 00:11:47] /goto knightzerah mythus
[22/03/2015 00:12:24] /goto honda
[22/03/2015 00:12:45] /goto druid do torro
[22/03/2015 00:12:58] /goto druid do torro
[22/03/2015 00:13:10] /goto erloff
[22/03/2015 00:13:13] /goto honda
[22/03/2015 00:13:17] /goto knightzerah mythus
[22/03/2015 00:13:19] /goto knightzerah mythus
[22/03/2015 00:13:20] /goto knightzerah mythus
[22/03/2015 00:13:22] /goto knightzerah mythus
[22/03/2015 00:13:23] /goto knightzerah mythus
[22/03/2015 00:13:36] /goto Cheguei No Pistao
[22/03/2015 00:15:17] /ghost
[22/03/2015 00:15:20] /ghost
[22/03/2015 00:15:36] /a 2
[22/03/2015 00:15:36] /a 2
[22/03/2015 00:15:37] /a 2
[22/03/2015 00:15:37] /a 2
[22/03/2015 00:15:37] /a 2
[22/03/2015 00:15:38] /a 2
[22/03/2015 00:15:38] /a 2
[22/03/2015 00:15:38] /a 2
[22/03/2015 00:15:39] /a 2
[22/03/2015 00:15:39] /a 2
[22/03/2015 00:15:39] /a 2
[22/03/2015 00:15:39] /a 2
[22/03/2015 00:15:39] /a 2
[22/03/2015 00:15:39] /a 2
[22/03/2015 00:15:39] /a 2
[22/03/2015 00:15:39] /a 2
[22/03/2015 00:15:39] /a 2
[22/03/2015 00:15:39] /a 2
[22/03/2015 00:15:39] /a 2
[22/03/2015 00:15:39] /a 2
[22/03/2015 00:15:39] /a 2
[22/03/2015 00:15:39] /a 2
[22/03/2015 00:15:40] /a 2
[22/03/2015 00:15:40] /a 2
[22/03/2015 00:15:41] /a 2
[22/03/2015 00:15:41] /a 2
[22/03/2015 00:15:41] /a 2
[22/03/2015 00:15:41] /a 2
[22/03/2015 00:15:41] /a 2
[22/03/2015 00:15:41] /a 2
[22/03/2015 00:15:41] /a 2
[22/03/2015 00:15:42] /a 2
[22/03/2015 00:15:42] /a 2
[22/03/2015 00:15:42] /a 2
[22/03/2015 00:15:42] /a 2
[22/03/2015 00:15:42] /a 2
[22/03/2015 00:15:43] /a 2
[22/03/2015 00:15:43] /a 2
[22/03/2015 00:15:43] /a 2
[22/03/2015 00:15:43] /a 2
[22/03/2015 00:15:44] /a 2
[22/03/2015 00:15:44] /a 2
[22/03/2015 00:15:44] /a 2
[22/03/2015 00:15:45] /a 2
[22/03/2015 00:15:45] /a 2
[22/03/2015 00:15:45] /a 2
[22/03/2015 00:15:45] /a 2
[22/03/2015 00:15:46] /a 2
[22/03/2015 00:15:46] /a 2
[22/03/2015 00:15:46] /a 2
[22/03/2015 00:15:46] /a 2
[22/03/2015 00:15:47] /a 2
[22/03/2015 00:15:47] /a 2
[22/03/2015 00:15:50] /goto Cheguei No Pistao
[22/03/2015 00:17:29] /goto Cheguei No Pistao
[22/03/2015 00:17:32] /goto knightzerah mythus
[22/03/2015 00:17:34] /goto knightzerah mythus
[22/03/2015 00:17:36] /goto knightzerah mythus
[22/03/2015 00:17:38] /goto knightzerah mythus
[22/03/2015 00:17:43] /a 2
[22/03/2015 00:17:43] /a 2
[22/03/2015 00:17:43] /a 2
[22/03/2015 00:17:47] /goto knightzerah mythus
[22/03/2015 00:17:51] /goto knightzerah mythus
[22/03/2015 00:18:03] /goto knightzerah mythus
[22/03/2015 00:18:42] /goto knightzerah mythus
[22/03/2015 00:18:47] /a 2
[22/03/2015 00:18:48] /a 2
[22/03/2015 00:18:48] /a 2
[22/03/2015 00:18:48] /a 2
[22/03/2015 00:18:48] /a 2
[22/03/2015 00:18:48] /a 2
[22/03/2015 00:18:48] /a 2
[22/03/2015 00:18:48] /a 2
[22/03/2015 00:18:48] /a 2
[22/03/2015 00:18:48] /a 2
[22/03/2015 00:18:48] /a 2
[22/03/2015 00:18:48] /a 2
[22/03/2015 00:18:49] /a 2
[22/03/2015 00:18:49] /a 2
[22/03/2015 00:18:49] /a 2
[22/03/2015 00:18:49] /a 2
[22/03/2015 00:18:49] /a 2
[22/03/2015 00:18:49] /a 2
[22/03/2015 00:18:49] /a 2
[22/03/2015 00:18:49] /a 2
[22/03/2015 00:18:49] /a 2
[22/03/2015 00:18:49] /a 2
[22/03/2015 00:18:49] /a 2
[22/03/2015 00:18:49] /a 2
[22/03/2015 00:18:50] /a 2
[22/03/2015 00:18:50] /a 2
[22/03/2015 00:18:50] /a 2
[22/03/2015 00:18:50] /a 2
[22/03/2015 00:18:50] /a 2
[22/03/2015 00:18:50] /a 2
[22/03/2015 00:18:50] /a 2
[22/03/2015 00:18:50] /a 2
[22/03/2015 00:18:51] /a 2
[22/03/2015 00:18:52] /a 2
[22/03/2015 00:18:53] /a 2
[22/03/2015 00:18:53] /a 2
[22/03/2015 00:18:53] /a 2
[22/03/2015 00:18:53] /a 2
[22/03/2015 00:18:53] /a 2
[22/03/2015 00:18:53] /a 2
[22/03/2015 00:18:53] /a 2
[22/03/2015 00:18:53] /a 2
[22/03/2015 00:18:53] /a 2
[22/03/2015 00:18:53] /a 2
[22/03/2015 00:18:53] /a 2
[22/03/2015 00:18:53] /a 2
[22/03/2015 00:18:53] /a 2
[22/03/2015 00:18:53] /a 2
[22/03/2015 00:18:54] /a 2
[22/03/2015 00:18:54] /a 2
[22/03/2015 00:18:54] /a 2
[22/03/2015 00:18:54] /a 2
[22/03/2015 00:18:54] /a 2
[22/03/2015 00:18:54] /a 2
[22/03/2015 00:18:54] /a 2
[22/03/2015 00:18:55] /a 2
[22/03/2015 00:18:56] /a 2
[22/03/2015 00:18:56] /a 2
[22/03/2015 00:18:56] /a 2
[22/03/2015 00:18:56] /a 2
[22/03/2015 00:18:56] /a 2
[22/03/2015 00:18:56] /a 2
[22/03/2015 00:18:56] /a 2
[22/03/2015 00:18:56] /a 2
[22/03/2015 00:18:56] /a 2
[22/03/2015 00:18:56] /a 2
[22/03/2015 00:18:56] /a 2
[22/03/2015 00:18:56] /a 2
[22/03/2015 00:18:56] /a 2
[22/03/2015 00:18:56] /a 2
[22/03/2015 00:18:56] /a 2
[22/03/2015 00:18:56] /a 2
[22/03/2015 00:18:56] /a 2
[22/03/2015 00:18:56] /a 2
[22/03/2015 00:18:56] /a 2
[22/03/2015 00:18:56] /a 2
[22/03/2015 00:18:56] /a 2
[22/03/2015 00:18:56] /a 2
[22/03/2015 00:18:56] /a 2
[22/03/2015 00:18:56] /a 2
[22/03/2015 00:18:56] /a 2
[22/03/2015 00:18:57] /a 2
[22/03/2015 00:18:57] /a 2
[22/03/2015 00:18:57] /a 2
[22/03/2015 00:18:57] /a 2
[22/03/2015 00:18:57] /a 2
[22/03/2015 00:18:57] /a 2
[22/03/2015 00:18:57] /a 2
[22/03/2015 00:18:58] /a 2
[22/03/2015 00:18:58] /a 2
[22/03/2015 00:18:58] /a 2
[22/03/2015 00:18:58] /a 2
[22/03/2015 00:18:58] /a 2
[22/03/2015 00:18:58] /a 2
[22/03/2015 00:18:58] /a 2
[22/03/2015 00:18:58] /a 2
[22/03/2015 00:18:58] /a 2
[22/03/2015 00:18:58] /a 2
[22/03/2015 00:18:58] /a 2
[22/03/2015 00:18:58] /a 2
[22/03/2015 00:18:58] /a 2
[22/03/2015 00:18:58] /a 2
[22/03/2015 00:18:58] /a 2
[22/03/2015 00:18:58] /a 2
[22/03/2015 00:18:58] /a 2
[22/03/2015 00:18:58] /a 2
[22/03/2015 00:18:58] /a 2
[22/03/2015 00:18:58] /a 2
[22/03/2015 00:18:58] /a 2
[22/03/2015 00:18:58] /a 2
[22/03/2015 00:18:59] /a 2
[22/03/2015 00:19:00] /a 2
[22/03/2015 00:19:00] /a 2
[22/03/2015 00:19:00] /a 2
[22/03/2015 00:19:00] /a 2
[22/03/2015 00:19:00] /a 2
[22/03/2015 00:19:00] /a 2
[22/03/2015 00:19:00] /a 2
[22/03/2015 00:19:00] /a 2
[22/03/2015 00:19:00] /a 2
[22/03/2015 00:19:00] /a 2
[22/03/2015 00:19:00] /a 2
[22/03/2015 00:19:01] /a 2
[22/03/2015 00:19:01] /a 2
[22/03/2015 00:19:01] /a 2
[22/03/2015 00:19:01] /a 2
[22/03/2015 00:19:01] /a 2
[22/03/2015 00:19:01] /a 2
[22/03/2015 00:19:01] /a 2
[22/03/2015 00:19:01] /a 2
[22/03/2015 00:19:01] /a 2
[22/03/2015 00:19:02] /a 2
[22/03/2015 00:19:02] /a 2
[22/03/2015 00:19:02] /a 2
[22/03/2015 00:19:02] /a 2
[22/03/2015 00:19:02] /a 2
[22/03/2015 00:19:02] /a 2
[22/03/2015 00:19:02] /a 2
[22/03/2015 00:19:02] /a 2
[22/03/2015 00:19:02] /a 2
[22/03/2015 00:19:02] /a 2
[22/03/2015 00:19:03] /a 2
[22/03/2015 00:19:03] /a 2
[22/03/2015 00:19:03] /a 2
[22/03/2015 00:19:03] /a 2
[22/03/2015 00:19:03] /a 2
[22/03/2015 00:19:03] /a 2
[22/03/2015 00:19:03] /a 2
[22/03/2015 00:19:03] /a 2
[22/03/2015 00:19:03] /a 2
[22/03/2015 00:19:03] /a 2
[22/03/2015 00:19:03] /a 2
[22/03/2015 00:19:03] /a 2
[22/03/2015 00:19:03] /a 2
[22/03/2015 00:19:03] /a 2
[22/03/2015 00:19:03] /a 2
[22/03/2015 00:19:03] /a 2
[22/03/2015 00:19:04] /a 2
[22/03/2015 00:19:04] /a 2
[22/03/2015 00:19:04] /a 2
[22/03/2015 00:19:04] /a 2
[22/03/2015 00:19:04] /a 2
[22/03/2015 00:19:05] /a 2
[22/03/2015 00:19:05] /a 2
[22/03/2015 00:19:05] /a 2
[22/03/2015 00:19:05] /a 2
[22/03/2015 00:19:05] /a 2
[22/03/2015 00:19:05] /a 2
[22/03/2015 00:19:05] /a 2
[22/03/2015 00:19:05] /a 2
[22/03/2015 00:19:05] /a 2
[22/03/2015 00:19:05] /a 2
[22/03/2015 00:19:05] /a 2
[22/03/2015 00:19:05] /a 2
[22/03/2015 00:19:05] /a 2
[22/03/2015 00:19:05] /a 2
[22/03/2015 00:19:05] /a 2
[22/03/2015 00:19:05] /a 2
[22/03/2015 00:19:05] /a 2
[22/03/2015 00:19:05] /a 2
[22/03/2015 00:19:05] /a 2
[22/03/2015 00:19:05] /a 2
[22/03/2015 00:19:05] /a 2
[22/03/2015 00:19:05] /a 2
[22/03/2015 00:19:05] /a 2
[22/03/2015 00:19:05] /a 2
[22/03/2015 00:19:05] /a 2
[22/03/2015 00:19:05] /a 2
[22/03/2015 00:19:05] /a 2
[22/03/2015 00:19:06] /a 2
[22/03/2015 00:19:06] /a 2
[22/03/2015 00:19:06] /a 2
[22/03/2015 00:19:06] /a 2
[22/03/2015 00:19:06] /a 2
[22/03/2015 00:19:06] /a 2
[22/03/2015 00:19:06] /a 2
[22/03/2015 00:19:06] /a 2
[22/03/2015 00:19:06] /a 2
[22/03/2015 00:19:06] /a 2
[22/03/2015 00:19:06] /a 2
[22/03/2015 00:19:06] /a 2
[22/03/2015 00:19:06] /a 2
[22/03/2015 00:19:06] /a 2
[22/03/2015 00:19:06] /a 2
[22/03/2015 00:19:06] /a 2
[22/03/2015 00:19:06] /a 2
[22/03/2015 00:19:06] /a 2
[22/03/2015 00:19:06] /a 2
[22/03/2015 00:19:06] /a 2
[22/03/2015 00:19:06] /a 2
[22/03/2015 00:19:06] /a 2
[22/03/2015 00:19:06] /a 2
[22/03/2015 00:19:06] /a 2
[22/03/2015 00:19:06] /a 2
[22/03/2015 00:19:06] /a 2
[22/03/2015 00:19:07] /a 2
[22/03/2015 00:19:07] /a 2
[22/03/2015 00:19:07] /a 2
[22/03/2015 00:19:07] /a 2
[22/03/2015 00:19:07] /a 2
[22/03/2015 00:19:07] /a 2
[22/03/2015 00:19:07] /a 2
[22/03/2015 00:19:07] /a 2
[22/03/2015 00:19:07] /a 2
[22/03/2015 00:19:07] /a 2
[22/03/2015 00:19:07] /a 2
[22/03/2015 00:19:07] /a 2
[22/03/2015 00:19:07] /a 2
[22/03/2015 00:19:07] /a 2
[22/03/2015 00:19:07] /a 2
[22/03/2015 00:19:07] /a 2
[22/03/2015 00:19:07] /a 2
[22/03/2015 00:19:07] /a 2
[22/03/2015 00:19:08] /a 2
[22/03/2015 00:19:08] /a 2
[22/03/2015 00:19:08] /a 2
[22/03/2015 00:19:08] /a 2
[22/03/2015 00:19:08] /a 2
[22/03/2015 00:19:08] /a 2
[22/03/2015 00:19:08] /a 2
[22/03/2015 00:19:08] /a 2
[22/03/2015 00:19:08] /a 2
[22/03/2015 00:19:08] /a 2
[22/03/2015 00:19:08] /a 2
[22/03/2015 00:19:08] /a 2
[22/03/2015 00:19:08] /a 2
[22/03/2015 00:19:08] /a 2
[22/03/2015 00:19:08] /a 2
[22/03/2015 00:19:09] /a 2
[22/03/2015 00:19:09] /a 2
[22/03/2015 00:19:09] /a 2
[22/03/2015 00:19:09] /a 2
[22/03/2015 00:19:09] /a 2
[22/03/2015 00:19:09] /a 2
[22/03/2015 00:19:09] /a 2
[22/03/2015 00:19:10] /a 2
[22/03/2015 00:19:10] /a 2
[22/03/2015 00:19:10] /a 2
[22/03/2015 00:19:10] /a 2
[22/03/2015 00:19:10] /a 2
[22/03/2015 00:19:10] /a 2
[22/03/2015 00:19:10] /a 2
[22/03/2015 00:19:10] /a 2
[22/03/2015 00:19:10] /a 2
[22/03/2015 00:19:10] /a 2
[22/03/2015 00:19:10] /a 2
[22/03/2015 00:19:10] /a 2
[22/03/2015 00:19:10] /a 2
[22/03/2015 00:19:10] /a 2
[22/03/2015 00:19:10] /a 2
[22/03/2015 00:19:10] /a 2
[22/03/2015 00:19:10] /a 2
[22/03/2015 00:19:10] /a 2
[22/03/2015 00:19:10] /a 2
[22/03/2015 00:19:10] /a 2
[22/03/2015 00:19:10] /a 2
[22/03/2015 00:19:10] /a 2
[22/03/2015 00:19:10] /a 2
[22/03/2015 00:19:10] /a 2
[22/03/2015 00:19:11] /a 2
[22/03/2015 00:19:11] /a 2
[22/03/2015 00:19:11] /a 2
[22/03/2015 00:19:11] /a 2
[22/03/2015 00:19:11] /a 2
[22/03/2015 00:19:11] /a 2
[22/03/2015 00:19:11] /a 2
[22/03/2015 00:19:11] /a 2
[22/03/2015 00:19:11] /a 2
[22/03/2015 00:19:11] /a 2
[22/03/2015 00:19:11] /a 2
[22/03/2015 00:19:12] /a 2
[22/03/2015 00:19:12] /a 2
[22/03/2015 00:19:12] /a 2
[22/03/2015 00:19:12] /a 2
[22/03/2015 00:19:12] /a 2
[22/03/2015 00:19:12] /a 2
[22/03/2015 00:19:12] /a 2
[22/03/2015 00:19:12] /a 2
[22/03/2015 00:19:12] /a 2
[22/03/2015 00:19:12] /a 2
[22/03/2015 00:19:12] /a 2
[22/03/2015 00:19:12] /a 2
[22/03/2015 00:19:12] /a 2
[22/03/2015 00:19:12] /a 2
[22/03/2015 00:19:12] /a 2
[22/03/2015 00:19:12] /a 2
[22/03/2015 00:19:12] /a 2
[22/03/2015 00:19:13] /a 2
[22/03/2015 00:19:13] /a 2
[22/03/2015 00:19:13] /a 2
[22/03/2015 00:19:14] /a 2
[22/03/2015 00:19:14] /a 2
[22/03/2015 00:19:14] /a 2
[22/03/2015 00:19:14] /a 2
[22/03/2015 00:19:14] /a 2
[22/03/2015 00:19:14] /a 2
[22/03/2015 00:19:14] /a 2
[22/03/2015 00:19:14] /a 2
[22/03/2015 00:19:14] /a 2
[22/03/2015 00:19:14] /a 2
[22/03/2015 00:19:14] /a 2
[22/03/2015 00:19:14] /a 2
[22/03/2015 00:19:14] /a 2
[22/03/2015 00:19:14] /a 2
[22/03/2015 00:19:14] /a 2
[22/03/2015 00:19:14] /a 2
[22/03/2015 00:19:15] /a 2
[22/03/2015 00:19:15] /a 2
[22/03/2015 00:19:15] /a 2
[22/03/2015 00:19:15] /a 2
[22/03/2015 00:19:16] /a 2
[22/03/2015 00:19:16] /a 2
[22/03/2015 00:19:16] /a 2
[22/03/2015 00:19:16] /a 2
[22/03/2015 00:19:16] /a 2
[22/03/2015 00:19:16] /a 2
[22/03/2015 00:19:16] /a 2
[22/03/2015 00:19:16] /a 2
[22/03/2015 00:19:16] /a 2
[22/03/2015 00:19:16] /a 2
[22/03/2015 00:19:16] /a 2
[22/03/2015 00:19:16] /a 2
[22/03/2015 00:19:16] /a 2
[22/03/2015 00:19:16] /a 2
[22/03/2015 00:19:16] /a 2
[22/03/2015 00:19:16] /a 2
[22/03/2015 00:19:16] /a 2
[22/03/2015 00:19:16] /a 2
[22/03/2015 00:19:16] /a 2
[22/03/2015 00:19:16] /a 2
[22/03/2015 00:19:16] /a 2
[22/03/2015 00:19:16] /a 2
[22/03/2015 00:19:16] /a 2
[22/03/2015 00:19:17] /a 2
[22/03/2015 00:19:18] /a 2
[22/03/2015 00:19:19] /a 2
[22/03/2015 00:19:20] /a 2
[22/03/2015 00:19:32] /goto knightzerah mythus
[22/03/2015 00:23:46] /goto knightzerah mythus
[22/03/2015 00:23:54] /up
[22/03/2015 00:23:55] /up
[22/03/2015 00:24:00] /save
[22/03/2015 20:57:19] /t
[22/03/2015 20:57:25] /mc
[22/03/2015 20:57:47] /goto skize da xurupita
[22/03/2015 20:57:52] /a 2
[22/03/2015 20:58:22] /t Skize Da Xurupita
[22/03/2015 20:58:28] /t
[22/03/2015 20:58:38] /goto honda
[22/03/2015 20:58:49] /a 2
[22/03/2015 20:59:04] /mc
[22/03/2015 20:59:37] /clean
[22/03/2015 20:59:47] /goto magezin sapeca
[22/03/2015 20:59:49] /goto magezin sapeca
[22/03/2015 20:59:54] /goto magezin sapeca
[22/03/2015 20:59:57] /goto magezin sapeca
[22/03/2015 21:00:00] /goto magezin sapeca
[22/03/2015 21:00:17] /goto druidzerah mythus
[22/03/2015 21:00:24] /goto druidzerah mythus
[22/03/2015 21:00:31] /goto honda
[22/03/2015 21:00:44] /goto druidzerah mythus
[22/03/2015 21:00:58] /goto magezin sapeca
[22/03/2015 21:01:00] /goto magezin sapeca
[22/03/2015 21:01:02] /goto magezin sapeca
[22/03/2015 21:01:04] /goto magezin sapeca
[22/03/2015 21:01:05] /goto druidzerah mythus
[22/03/2015 21:01:26] /goto honda
[22/03/2015 21:01:32] /clean
[22/03/2015 21:01:51] /mc
[22/03/2015 21:01:57] /bc tirem mc
[22/03/2015 21:02:00] /bc tirem mc
[22/03/2015 21:02:06] /mc
[22/03/2015 21:02:16] /clean
[22/03/2015 21:02:17] /mc
[22/03/2015 21:02:24] /goto honda
[22/03/2015 21:02:27] /goto druidzerah mythus
[22/03/2015 21:02:36] /goto druidzerah mythus
[22/03/2015 21:03:12] /mc
[22/03/2015 21:03:30] /goto druidzerah mythus
[22/03/2015 21:03:48] /goto druidzerah mythus
[22/03/2015 21:03:57] /goto druidzerah mythus
[22/03/2015 21:04:01] /goto honda
[22/03/2015 21:04:03] /goto druidzerah mythus
[22/03/2015 21:04:04] /goto druidzerah mythus
[22/03/2015 21:04:09] /goto druidzerah mythus
[22/03/2015 21:04:10] /goto druidzerah mythus
[22/03/2015 21:04:11] /goto druidzerah mythus
[22/03/2015 21:04:13] /goto druidzerah mythus
[22/03/2015 21:04:16] /goto druidzerah mythus
[22/03/2015 21:04:25] /goto druidzerah mythus
[22/03/2015 21:04:32] /goto magezin sapeca
[22/03/2015 21:04:34] /goto druidzerah mythus
[22/03/2015 21:04:40] /goto druidzerah mythus
[22/03/2015 21:04:48] /goto magezin sapeca
[22/03/2015 21:04:51] /goto druidzerah mythus
[22/03/2015 21:05:07] /goto magezin sapeca
[22/03/2015 21:05:27] /t
[22/03/2015 21:06:45] /goto magezin sapeca
[22/03/2015 21:06:51] /goto druidzerah mythus
[22/03/2015 21:06:54] /goto magezin sapeca
[22/03/2015 21:07:02] /goto magezin sapeca
[22/03/2015 21:07:06] /goto magezin sapeca
[22/03/2015 21:07:49] /goto druidzerah mythus
[22/03/2015 21:07:51] /goto druidzerah mythus
[22/03/2015 21:07:54] /mc
[22/03/2015 21:08:02] /ban Skize Da Xurupita
[22/03/2015 21:08:17] /bc tirem mc ¬¬
[22/03/2015 21:08:28] /t
[22/03/2015 21:09:03] /mc
[22/03/2015 21:09:12] /raid mestre dos magos
[22/03/2015 21:09:35] /goto druidzerah mythus
[22/03/2015 21:09:37] /t
[22/03/2015 21:12:03] /a
[22/03/2015 21:12:21] /a
[22/03/2015 21:13:13] /goto druidzerah mythus
[22/03/2015 21:13:26] /save
[22/03/2015 21:34:20] /mc
[22/03/2015 21:42:53] /t
[22/03/2015 21:43:01] /up
[22/03/2015 21:43:02] /up
[23/03/2015 14:57:23] /t
[23/03/2015 14:57:28] /mc
[23/03/2015 14:57:38] /goto skize da xurupita
[23/03/2015 14:57:43] /r
[23/03/2015 14:57:45] /r
[23/03/2015 14:58:04] /B Skize Da Xurupita
[23/03/2015 14:58:11] /mc
[23/03/2015 14:58:50] /mc
[23/03/2015 14:59:06] /goto druidzerah mythus
[23/03/2015 14:59:20] /goto Druidzerah Mythus
[23/03/2015 14:59:28] /goto Knightzerah Mythus
[23/03/2015 14:59:38] /a 2
[23/03/2015 15:00:42] /goto Knightzerah Mythus
[23/03/2015 15:02:58] /goto Knightzerah Mythus
[23/03/2015 15:03:04] /mc
[23/03/2015 15:03:46] /goto Knightzerah Mythus
[23/03/2015 15:04:25] /goto Knightzerah Mythus
[23/03/2015 15:09:56] /mc
[23/03/2015 15:10:39] /mc
[23/03/2015 15:22:52] /mc
[23/03/2015 15:23:44] /mc
[23/03/2015 15:30:28] /save
[23/03/2015 22:13:00] /mc
[23/03/2015 22:13:14] /goto sofoda
[23/03/2015 22:13:30] /goto Knightzerah Mythus
[23/03/2015 22:13:43] /goto Druidzerah Mythus
[23/03/2015 22:14:06] /goto skiller
[23/03/2015 22:14:12] /goto skiller
[23/03/2015 22:14:20] /goto skiller
[23/03/2015 22:15:16] /goto skiller
[23/03/2015 22:15:22] /t
[23/03/2015 22:22:35] /up
[23/03/2015 22:22:36] /up
[23/03/2015 22:22:40] /save
[24/03/2015 13:08:01] /t
[24/03/2015 13:08:23] /mc
[24/03/2015 13:08:54] /up
[24/03/2015 13:08:55] /up
[25/03/2015 00:18:25] /goto skiller
[25/03/2015 00:18:28] /goto skiller
[25/03/2015 00:18:33] /goto skiller
[25/03/2015 00:18:35] /goto skiller
[25/03/2015 00:18:36] /goto skiller
[25/03/2015 00:18:47] /goto skiller
[25/03/2015 00:18:49] /goto skiller
[25/03/2015 00:18:52] /goto skiller
[25/03/2015 00:18:54] /goto skiller
[25/03/2015 00:18:56] /goto skiller
[25/03/2015 00:18:58] /goto skiller
[25/03/2015 00:19:00] /goto skiller
[25/03/2015 00:19:07] /up
[25/03/2015 00:19:08] /up
[25/03/2015 00:19:11] /save
[25/03/2015 13:31:13] /t
[25/03/2015 13:31:37] /goto druidzerah mythus
[25/03/2015 13:31:52] /goto druidzerah mythus
[25/03/2015 13:31:58] /goto yakuza
[25/03/2015 13:33:11] /mc
[25/03/2015 13:33:37] /t
[25/03/2015 13:34:10] /up
[25/03/2015 13:34:11] /up
[25/03/2015 13:34:15] /save
[25/03/2015 21:01:33] /mc
[25/03/2015 21:01:38] /t
[25/03/2015 21:04:38] /raid ice lord
[25/03/2015 21:04:43] /a
[25/03/2015 21:05:15] /a 2
[25/03/2015 21:05:18] /a 2
[25/03/2015 21:05:21] /a 2
[25/03/2015 21:05:23] /a 2
[25/03/2015 21:05:27] /a 2
[25/03/2015 21:05:28] /a 2
[25/03/2015 21:05:28] /a 2
[25/03/2015 21:05:28] /a 2
[25/03/2015 21:05:28] /a 2
[25/03/2015 21:05:35] /a 2
[25/03/2015 21:05:35] /a 2
[25/03/2015 21:05:35] /a 2
[25/03/2015 21:05:35] /a 2
[25/03/2015 21:05:36] /a 2
[25/03/2015 21:05:36] /a 2
[25/03/2015 21:05:36] /a 2
[25/03/2015 21:05:37] /a 2
[25/03/2015 21:05:38] /a 2
[25/03/2015 21:05:38] /a 2
[25/03/2015 21:05:54] /a 2
[25/03/2015 21:06:25] /a 2
[25/03/2015 21:06:26] /a 2
[25/03/2015 21:08:23] /a 2
[25/03/2015 21:08:24] /a 2
[25/03/2015 21:08:24] /a 2
[25/03/2015 21:08:24] /a 2
[25/03/2015 21:08:24] /a 2
[25/03/2015 21:08:24] /a 2
[25/03/2015 21:08:25] /a 2
[25/03/2015 21:08:25] /a 2
[25/03/2015 21:08:25] /a 2
[25/03/2015 21:08:26] /a 2
[25/03/2015 21:08:26] /a 2
[25/03/2015 21:08:27] /a 2
[25/03/2015 21:08:27] /a 2
[25/03/2015 21:08:28] /a 2
[25/03/2015 21:08:29] /a 2
[25/03/2015 21:08:29] /a 2
[25/03/2015 21:08:29] /a 2
[25/03/2015 21:08:32] /a 2
[25/03/2015 21:08:36] /a 2
[25/03/2015 21:08:36] /a 2
[25/03/2015 21:08:36] /a 2
[25/03/2015 21:08:36] /a 2
[25/03/2015 21:08:37] /a 2
[25/03/2015 21:08:37] /a 2
[25/03/2015 21:08:38] /a 2
[25/03/2015 21:08:38] /a 2
[25/03/2015 21:08:38] /a 2
[25/03/2015 21:08:38] /a 2
[25/03/2015 21:08:38] /a 2
[25/03/2015 21:08:39] /a 2
[25/03/2015 21:08:39] /a 2
[25/03/2015 21:08:40] /a 2
[25/03/2015 21:08:40] /a 2
[25/03/2015 21:08:41] /a 2
[25/03/2015 21:09:33] /a
[25/03/2015 21:13:02] /a 2
[25/03/2015 21:13:04] /a 2
[25/03/2015 21:17:02] /goto skiller
[25/03/2015 21:22:00] /goto magezin sapeca
[25/03/2015 21:22:03] /goto skiller
[25/03/2015 21:22:21] /t
[25/03/2015 21:22:25] /up
[25/03/2015 21:22:25] /up
[25/03/2015 21:22:29] /save
[25/03/2015 23:01:19] /t
[25/03/2015 23:01:23] /a 2
[25/03/2015 23:01:24] /a 2
[25/03/2015 23:01:25] /a 2
[25/03/2015 23:01:25] /a 2
[25/03/2015 23:01:26] /a 2
[25/03/2015 23:01:46] /t
[25/03/2015 23:01:49] /up
[25/03/2015 23:01:50] /up
[27/03/2015 15:08:06] /t
[27/03/2015 15:08:18] /goto xerath
[27/03/2015 15:08:25] /goto nadador knight
[27/03/2015 15:08:28] /goto xerath
[27/03/2015 15:08:30] /t
[27/03/2015 15:08:40] /up
[27/03/2015 23:48:40] /t
[27/03/2015 23:48:59] /goto druid of lindo
[27/03/2015 23:49:08] /t
[27/03/2015 23:49:12] /up
[27/03/2015 23:49:13] /up
[28/03/2015 15:49:19] /goto haas
[28/03/2015 15:49:29] /up
[28/03/2015 15:49:30] /up
[28/04/2018 12:11:48] /t
[28/04/2018 12:12:00] /ghost
[28/04/2018 12:12:08] /ghost
[28/04/2018 12:16:44] /a 6
[28/04/2018 12:16:46] /a 6
[28/04/2018 12:16:46] /a 6
[28/04/2018 12:16:50] /a 6
[28/04/2018 12:16:50] /a 6
[28/04/2018 12:16:51] /a 6
[28/04/2018 12:16:54] /a 6
[28/04/2018 12:16:54] /a 6
[28/04/2018 12:16:55] /a 6
[28/04/2018 12:16:56] /a 6
[28/04/2018 12:17:03] /t
[28/04/2018 12:17:14] /goto deidera
[28/04/2018 12:17:20] /goto deidara
[28/04/2018 12:17:24] /a 5
[29/04/2018 13:20:32] /t
[29/04/2018 13:20:56] /r
[29/04/2018 13:20:59] /r
[30/05/2021 13:32:37] /ghost
[30/05/2021 13:32:38] /a
[03/07/2021 20:24:31] /ghost
[03/07/2021 20:24:37] /ghost
[03/07/2021 20:34:43] /goto poderoso kina
[03/07/2021 20:34:49] /goto poderoso kina
[03/07/2021 20:34:52] /goto poderoso kina
[03/07/2021 20:34:56] /goto poderoso kina
[03/07/2021 20:34:59] /goto poderoso kina
[03/07/2021 20:35:01] /goto poderoso kina
[03/07/2021 20:35:04] /goto poderoso kina
[03/07/2021 20:35:06] /goto poderoso kina
[03/07/2021 20:35:08] /goto poderoso kina
[03/07/2021 20:35:14] /goto poderoso kina
[03/07/2021 20:35:32] /goto poderoso kina
[03/07/2021 20:35:35] /goto poderoso kina
[03/07/2021 20:35:37] /goto poderoso kina
[03/07/2021 20:35:39] /goto poderoso kina
[03/07/2021 20:35:48] /t
[03/07/2021 20:40:08] /goto poderoso kina
[03/07/2021 20:42:31] /t
[03/07/2021 20:42:46] /i 2140
[03/07/2021 20:43:04] /i 2137
[03/07/2021 20:43:22] /t
[03/07/2021 20:44:57] /a 6
[03/07/2021 20:45:01] /a 6
[03/07/2021 20:45:03] /a 6
[03/07/2021 20:45:43] /a 4
[03/07/2021 20:45:48] /a
[03/07/2021 20:46:21] /a
[03/07/2021 20:46:31] /goto kaio
[03/07/2021 20:46:35] /goto kaio
[03/07/2021 20:46:38] /goto kaio
[03/07/2021 20:46:42] /goto kaio
[03/07/2021 20:46:45] /goto kaio
[03/07/2021 20:46:48] /goto kaio
[03/07/2021 20:46:49] /goto kaio
[03/07/2021 20:46:51] /goto kaio
[03/07/2021 20:46:58] /goto kaio
[03/07/2021 20:47:00] /goto kaio
[03/07/2021 20:47:41] /mc
[03/07/2021 20:47:59] /goto poderoso kina
[03/07/2021 20:50:28] /goto poderoso kina
[03/07/2021 20:50:30] /goto poderoso kina
[03/07/2021 20:50:32] /goto poderoso kina
[03/07/2021 20:50:44] /a 5
[03/07/2021 20:51:08] /a
[03/07/2021 20:51:09] /a
[03/07/2021 20:51:09] /a
[03/07/2021 20:51:09] /a
[03/07/2021 20:51:09] /a
[03/07/2021 20:51:09] /a
[03/07/2021 20:51:09] /a
[03/07/2021 20:51:11] /a
[03/07/2021 20:51:11] /a
[03/07/2021 20:51:12] /a
[03/07/2021 20:51:12] /a
[03/07/2021 20:51:13] /a
[03/07/2021 20:51:13] /a
[03/07/2021 20:51:13] /a
[03/07/2021 20:51:13] /a
[03/07/2021 20:51:14] /a
[03/07/2021 20:51:14] /a
[03/07/2021 20:51:14] /a
[03/07/2021 20:51:15] /a
[03/07/2021 20:51:16] /a
[03/07/2021 20:51:17] /a
[03/07/2021 20:51:19] /goto poderoso kina
[03/07/2021 20:51:31] /goto poderoso kina
[03/07/2021 20:51:32] /goto poderoso kina
[03/07/2021 20:52:35] /goto pestanaa
[03/07/2021 20:53:21] /t
[03/07/2021 21:00:29] /goto pestanaa
[03/07/2021 21:00:35] /goto poderoso kina
[03/07/2021 21:01:04] /t
[03/07/2021 21:01:58] /t
[03/07/2021 21:23:16] /i 10025
[03/07/2021 21:23:36] /r
[03/07/2021 21:23:40] /r
[03/07/2021 21:23:43] /r
[03/07/2021 21:23:46] /r
[03/07/2021 21:24:12] /i 10025
[03/07/2021 21:24:17] /r
[03/07/2021 21:24:19] /r
[03/07/2021 21:24:35] /i 2140
[03/07/2021 21:24:38] /i 2137
[03/07/2021 21:24:45] /i 2157
[03/07/2021 21:24:59] /i 2314
[03/07/2021 21:25:09] /i 2296
[03/07/2021 21:25:33] /i 9776
[03/07/2021 21:25:45] /i 9777
[03/07/2021 21:25:53] /i 9933
[03/07/2021 21:26:12] /i 7958
[03/07/2021 21:26:21] /i 1544
[03/07/2021 21:26:24] /r
[03/07/2021 21:26:33] /i 6391
[03/07/2021 21:28:07] /i crytal sword
[03/07/2021 21:28:32] /i 9775
[03/07/2021 21:28:37] /i 9774
[03/07/2021 21:28:44] /i 9773
[03/07/2021 21:28:47] /r
[03/07/2021 21:28:52] /i 9776
[03/07/2021 21:29:05] /i 9778
[03/07/2021 21:30:09] /i 2407
[03/07/2021 21:30:11] /t
[04/07/2021 10:38:27] /goto muthcka
[04/07/2021 10:38:40] /t
[04/07/2021 10:54:48] /goto pestenaa
[04/07/2021 10:54:54] /goto pestanaa
[04/07/2021 10:55:24] /t
[04/07/2021 10:55:57] /i 2365
[04/07/2021 10:56:04] /t
[04/07/2021 10:56:18] /i 10064
[04/07/2021 10:56:28] /i 5468
[04/07/2021 10:56:48] /i 2305
[04/07/2021 10:57:32] /r
[04/07/2021 12:31:44] /goto pestanaa
[04/07/2021 12:31:52] /goto muthcka
[04/07/2021 12:32:11] /up
[04/07/2021 12:32:12] /up
[04/07/2021 15:39:18] /goto pestanaa
[04/07/2021 15:39:32] /t
[04/07/2021 15:40:35] /up
[04/07/2021 19:09:54] /t
[04/07/2021 19:10:15] /goto muthcka
[04/07/2021 19:10:26] /goto soweto
[04/07/2021 19:10:40] /up
[04/07/2021 19:10:41] /up
[04/07/2021 19:21:49] /goto ovo frito
[04/07/2021 19:21:58] /a
[04/07/2021 19:21:59] /a
[04/07/2021 19:22:01] /a
[04/07/2021 19:22:07] /a
[04/07/2021 19:22:25] /goto ovo frito
[04/07/2021 19:22:54] /goto ovo frito
[04/07/2021 19:22:56] /goto ovo frito
[04/07/2021 19:23:04] /goto ovo frito
[04/07/2021 19:23:06] /goto ovo frito
[04/07/2021 19:23:08] /goto ovo frito
[04/07/2021 19:23:16] /goto ovo frito
[04/07/2021 19:23:20] /goto ovo frito
[04/07/2021 19:23:24] /goto ovo frito
[04/07/2021 19:23:28] /goto ovo frito
[04/07/2021 19:23:34] /goto ovo frito
[04/07/2021 19:23:36] /goto ovo frito
[04/07/2021 19:23:39] /goto ovo frito
[04/07/2021 19:23:43] /goto ovo frito
[04/07/2021 19:23:48] /goto ovo frito
[04/07/2021 19:23:55] /goto ovo frito
[04/07/2021 19:24:05] /goto ovo frito
[04/07/2021 19:24:27] /goto ovo frito
[04/07/2021 19:24:30] /goto ovo frito
[04/07/2021 19:24:33] /goto ovo frito
[04/07/2021 19:24:38] /goto ovo frito
[04/07/2021 19:24:46] /goto ovo frito
[04/07/2021 19:24:52] /goto ovo frito
[04/07/2021 19:25:00] /goto ovo frito
[04/07/2021 19:25:09] /goto ovo frito
[04/07/2021 19:25:12] /goto ovo frito
[04/07/2021 19:25:14] /goto ovo frito
[04/07/2021 19:25:16] /goto ovo frito
[04/07/2021 19:26:29] /goto ovo frito
[04/07/2021 19:26:32] /goto ovo frito
[04/07/2021 19:26:34] /goto ovo frito
[04/07/2021 19:26:36] /goto ovo frito
[04/07/2021 19:26:38] /goto ovo frito
[04/07/2021 19:26:40] /goto ovo frito
[04/07/2021 19:27:00] /goto ovo frito
[04/07/2021 19:27:15] /goto ovo frito
[04/07/2021 19:27:24] /goto ovo frito
[04/07/2021 19:27:28] /goto ovo frito
[04/07/2021 19:28:26] /goto ovo frito
[04/07/2021 19:28:28] /goto ovo frito
[04/07/2021 19:28:32] /t
[04/07/2021 19:30:50] /goto Macumbeira
[04/07/2021 19:31:01] /goto Macumbeira
[04/07/2021 19:31:12] /up
[04/07/2021 20:19:46] /t
[04/07/2021 20:19:55] /raid demon lord
[04/07/2021 20:25:58] /up
[04/07/2021 20:25:59] /up
[04/07/2021 20:54:06] /t
[04/07/2021 20:54:35] /raid ice lord
[04/07/2021 20:55:36] /a
[04/07/2021 20:55:38] /a
[04/07/2021 20:55:41] /a
[04/07/2021 20:56:07] /a
[04/07/2021 20:56:09] /a
[04/07/2021 20:56:09] /a
[04/07/2021 20:56:14] /a
[04/07/2021 20:56:18] /a
[04/07/2021 20:56:19] /a
[04/07/2021 20:56:19] /a
[04/07/2021 20:56:51] /a
[04/07/2021 20:57:27] /a
[04/07/2021 20:58:43] /t
[04/07/2021 21:02:31] /goto kaiio
[04/07/2021 21:02:50] /goto kaiio
[04/07/2021 21:02:54] /goto kaiio
[04/07/2021 21:02:57] /goto kaiio
[04/07/2021 21:02:59] /goto kaiio
[04/07/2021 21:03:19] /goto kaiio
[04/07/2021 21:03:23] /goto kaiio
[04/07/2021 21:03:25] /goto kaiio
[04/07/2021 21:03:28] /goto kaiio
[04/07/2021 21:03:31] /goto kaiio
[04/07/2021 21:03:33] /goto kaiio
[04/07/2021 21:03:36] /goto kaiio
[04/07/2021 21:03:39] /goto kaiio
[04/07/2021 21:03:42] /goto kaiio
[04/07/2021 21:03:45] /goto kaiio
[04/07/2021 21:03:50] /goto kaiio
[04/07/2021 21:03:54] /goto kaiio
[04/07/2021 21:04:07] /goto kaiio
[04/07/2021 21:04:11] /goto kaiio
[04/07/2021 21:04:13] /goto kaiio
[04/07/2021 21:04:17] /goto kaiio
[04/07/2021 21:04:22] /goto kaiio
[04/07/2021 21:04:24] /goto kaiio
[04/07/2021 21:04:32] /goto kaiio
[04/07/2021 21:04:35] /goto kaiio
[04/07/2021 21:04:37] /goto kaiio
[04/07/2021 21:04:41] /goto kaiio
[04/07/2021 21:04:45] /goto kaiio
[04/07/2021 21:04:48] /goto kaiio
[04/07/2021 21:04:54] /goto kaiio
[04/07/2021 21:04:59] /goto kaiio
[04/07/2021 21:05:04] /goto kaiio
[04/07/2021 21:05:37] /goto kaiio
[04/07/2021 21:08:18] /a
[04/07/2021 21:08:19] /a
[04/07/2021 21:08:20] /a
[04/07/2021 21:08:21] /a
[04/07/2021 21:08:22] /a
[04/07/2021 21:08:23] /a
[04/07/2021 21:16:25] /goto poderoso kina
[04/07/2021 21:16:32] /goto poderoso kina
[04/07/2021 21:16:35] /goto poderoso kina
[04/07/2021 21:16:37] /goto poderoso kina
[04/07/2021 21:16:39] /goto poderoso kina
[04/07/2021 21:16:41] /goto poderoso kina
[04/07/2021 21:16:42] /goto poderoso kina
[04/07/2021 21:16:44] /goto poderoso kina
[04/07/2021 21:16:45] /goto poderoso kina
[04/07/2021 21:16:49] /goto kaiio
[04/07/2021 21:17:09] /goto pestanaa
[04/07/2021 21:17:11] /goto pestanaa
[04/07/2021 21:17:13] /goto pestanaa
[04/07/2021 21:17:16] /goto poderoso kina
[04/07/2021 21:17:19] /goto poderoso kina
[04/07/2021 21:17:27] /goto poderoso kina
[04/07/2021 21:17:33] /goto poderoso kina
[04/07/2021 21:17:36] /goto poderoso kina
[04/07/2021 21:17:48] /goto pestanaa
[04/07/2021 21:17:51] /goto kaiio
[04/07/2021 21:17:56] /goto pestanaa
[04/07/2021 21:17:59] /goto poderoso kina
[04/07/2021 21:18:07] /goto poderoso kina
[04/07/2021 21:18:12] /goto poderoso kina
[04/07/2021 21:18:14] /goto poderoso kina
[04/07/2021 21:18:16] /goto poderoso kina
[04/07/2021 21:18:18] /goto poderoso kina
[04/07/2021 21:18:20] /goto poderoso kina
[04/07/2021 21:18:23] /goto poderoso kina
[04/07/2021 21:18:29] /goto poderoso kina
[04/07/2021 21:18:56] /goto poderoso kina
[04/07/2021 21:19:13] /goto poderoso kina
[04/07/2021 21:19:18] /goto poderoso kina
[04/07/2021 21:19:25] /goto kaiio
[04/07/2021 21:19:35] /goto poderoso kina
[04/07/2021 21:19:37] /goto poderoso kina
[04/07/2021 21:19:41] /goto poderoso kina
[04/07/2021 21:19:44] /goto poderoso kina
[04/07/2021 21:19:50] /goto poderoso kina
[04/07/2021 21:20:12] /goto poderoso kina
[04/07/2021 21:20:16] /goto poderoso kina
[04/07/2021 21:20:18] /goto poderoso kina
[04/07/2021 21:20:20] /goto poderoso kina
[04/07/2021 21:20:29] /goto pestanaa
[04/07/2021 21:20:33] /goto poderoso kina
[04/07/2021 21:20:36] /goto poderoso kina
[04/07/2021 21:20:38] /goto poderoso kina
[04/07/2021 21:20:40] /goto poderoso kina
[04/07/2021 21:20:43] /goto poderoso kina
[04/07/2021 21:20:46] /goto poderoso kina
[04/07/2021 21:20:49] /goto poderoso kina
[04/07/2021 21:20:53] /goto poderoso kina
[04/07/2021 21:20:56] /goto poderoso kina
[04/07/2021 21:20:59] /goto poderoso kina
[04/07/2021 21:21:02] /goto poderoso kina
[04/07/2021 21:21:05] /goto poderoso kina
[04/07/2021 21:21:10] /goto kaiio
[04/07/2021 21:23:38] /r
[04/07/2021 21:25:17] /goto Gaikou Main
[04/07/2021 21:25:26] /goto Gaikou Main
[04/07/2021 21:25:30] /goto kaiio
[04/07/2021 21:26:02] /goto pestena
[04/07/2021 21:26:11] /goto poderoso pally
[04/07/2021 21:26:17] /goto poderoso pally
[04/07/2021 21:26:21] /goto poderoso pally
[04/07/2021 21:26:25] /goto poderoso pally
[04/07/2021 21:26:29] /goto poderoso pally
[04/07/2021 21:26:49] /goto poderoso pally
[04/07/2021 21:27:30] /goto poderoso pally
[04/07/2021 21:27:33] /goto pestena
[04/07/2021 21:27:39] /goto pestenaa
[04/07/2021 21:27:58] /goto pestanaa
[04/07/2021 21:28:00] /goto pestanaa
[04/07/2021 21:28:22] /goto poderoso kina
[04/07/2021 21:28:52] /goto pestanaa
[04/07/2021 21:30:02] /goto kaiio
[04/07/2021 21:30:27] /goto gaikou main
[04/07/2021 21:30:28] /goto gaikou main
[04/07/2021 21:30:30] /goto gaikou main
[04/07/2021 21:30:36] /goto gaikou main
[04/07/2021 21:30:42] /goto gaikou main
[04/07/2021 21:30:44] /goto gaikou main
[04/07/2021 21:30:45] /goto gaikou main
[04/07/2021 21:30:47] /goto gaikou main
[04/07/2021 21:30:48] /goto gaikou main
[04/07/2021 21:30:57] /goto gaikou main
[04/07/2021 21:31:02] /goto gaikou main
[04/07/2021 21:31:04] /goto gaikou main
[04/07/2021 21:31:06] /goto gaikou main
[04/07/2021 21:31:08] /goto gaikou main
[04/07/2021 21:31:11] /goto gaikou main
[04/07/2021 21:31:14] /goto gaikou main
[04/07/2021 21:31:16] /goto gaikou main
[04/07/2021 21:31:21] /goto gaikou main
[04/07/2021 21:31:23] /goto gaikou main
[04/07/2021 21:31:28] /goto gaikou main
[04/07/2021 21:31:38] /goto gaikou main
[04/07/2021 21:31:42] /goto gaikou main
[04/07/2021 21:31:44] /goto gaikou main
[04/07/2021 21:31:46] /goto gaikou main
[04/07/2021 21:31:50] /goto gaikou main
[04/07/2021 21:31:53] /goto gaikou main
[04/07/2021 21:31:55] /goto gaikou main
[04/07/2021 21:31:56] /goto gaikou main
[04/07/2021 21:31:58] /goto gaikou main
[04/07/2021 21:32:08] /goto gaikou main
[04/07/2021 21:32:11] /goto gaikou main
[04/07/2021 21:33:59] /goto gaikou main
[04/07/2021 21:38:44] /goto kaiio
[04/07/2021 21:40:45] /goto kaiio
[04/07/2021 21:40:57] /goto kaiio
[04/07/2021 21:40:59] /goto kaiio
[04/07/2021 21:41:07] /goto kaiio
[04/07/2021 21:41:16] /goto gaikou main
[04/07/2021 21:41:22] /goto pestanaa
[04/07/2021 21:41:41] /goto Macumbeira
[04/07/2021 21:42:24] /goto Macumbeira
[04/07/2021 21:42:29] /goto pestanaa
[04/07/2021 21:42:42] /goto Macumbeira
[04/07/2021 21:42:52] /goto Macumbeira
[04/07/2021 21:43:26] /goto pestanaa
[04/07/2021 21:43:38] /goto kaiio
[04/07/2021 21:43:43] /goto kaiio
[04/07/2021 21:44:13] /goto poderoso kina
[04/07/2021 21:44:28] /t poderoso kina
[04/07/2021 21:44:30] /t
[04/07/2021 21:45:10] /goto kaiio
[04/07/2021 21:45:14] /goto poderoso kina
[04/07/2021 21:45:16] /goto poderoso kina
[04/07/2021 21:45:28] /goto Macumbeira
[04/07/2021 21:45:49] /t
[04/07/2021 21:46:25] /goto Macumbeira
[04/07/2021 21:46:53] /t
[04/07/2021 21:47:12] /goto Macumbeira
[04/07/2021 21:47:20] /goto kaiio
[04/07/2021 21:47:27] /goto kaiio
[04/07/2021 21:47:31] /goto kaiio
[04/07/2021 21:47:39] /goto Macumbeira
[04/07/2021 21:47:45] /goto Macumbeira
[04/07/2021 21:47:47] /goto Macumbeira
[04/07/2021 21:47:50] /goto Macumbeira
[04/07/2021 21:47:51] /goto Macumbeira
[04/07/2021 21:47:53] /goto Macumbeira
[04/07/2021 21:47:55] /goto Macumbeira
[04/07/2021 21:47:58] /goto Macumbeira
[04/07/2021 21:48:02] /goto Macumbeira
[04/07/2021 21:48:04] /goto Macumbeira
[04/07/2021 21:48:11] /goto Macumbeira
[04/07/2021 21:48:38] /goto Macumbeira
[04/07/2021 21:49:06] /goto Macumbeira
[04/07/2021 21:49:08] /goto Macumbeira
[04/07/2021 21:49:09] /goto Macumbeira
[04/07/2021 21:49:12] /goto Macumbeira
[04/07/2021 21:49:41] /goto Macumbeira
[04/07/2021 21:49:44] /goto Macumbeira
[04/07/2021 21:49:47] /goto Macumbeira
[04/07/2021 21:49:58] /goto Macumbeira
[04/07/2021 21:50:33] /goto kaiio
[04/07/2021 21:50:47] /goto kaiio
[04/07/2021 21:50:49] /goto kaiio
[04/07/2021 21:51:11] /goto kaiio
[04/07/2021 21:51:14] /goto kaiio
[04/07/2021 21:51:15] /goto kaiio
[04/07/2021 21:51:25] /goto kaiio
[04/07/2021 21:51:28] /goto kaiio
[04/07/2021 21:51:32] /goto kaiio
[04/07/2021 21:52:07] /goto Macumbeira
[04/07/2021 21:52:32] /goto Macumbeira
[04/07/2021 21:52:34] /goto Macumbeira
[04/07/2021 21:52:37] /goto Macumbeira
[04/07/2021 21:52:56] /goto Macumbeira
[04/07/2021 21:52:58] /goto Macumbeira
[04/07/2021 21:53:00] /goto Macumbeira
[04/07/2021 21:53:01] /goto Macumbeira
[04/07/2021 21:53:03] /goto Macumbeira
[04/07/2021 21:53:05] /goto Macumbeira
[04/07/2021 21:53:06] /goto Macumbeira
[04/07/2021 21:53:09] /goto Macumbeira
[04/07/2021 21:53:10] /goto Macumbeira
[04/07/2021 21:53:43] /goto Macumbeira
[04/07/2021 21:53:45] /goto Macumbeira
[04/07/2021 21:53:46] /t
[04/07/2021 21:54:03] /goto soweto
[04/07/2021 21:54:15] /goto soweto
[04/07/2021 21:54:16] /goto soweto
[04/07/2021 21:54:18] /goto soweto
[04/07/2021 21:54:22] /goto soweto
[04/07/2021 21:54:38] /goto soweto
[04/07/2021 21:54:41] /goto soweto
[04/07/2021 21:54:51] /goto soweto
[04/07/2021 21:54:53] /goto soweto
[04/07/2021 21:54:55] /goto soweto
[04/07/2021 21:55:06] /goto pestanaa
[04/07/2021 21:55:07] /goto pestanaa
[04/07/2021 21:55:09] /goto pestanaa
[04/07/2021 21:55:11] /goto pestanaa
[04/07/2021 21:55:13] /goto pestanaa
[04/07/2021 21:55:36] /goto pestanaa
[04/07/2021 21:55:38] /goto pestanaa
[04/07/2021 21:55:39] /goto pestanaa
[04/07/2021 21:55:46] /goto pestanaa
[04/07/2021 21:55:47] /goto pestanaa
[04/07/2021 21:55:50] /goto pestanaa
[04/07/2021 21:56:30] /goto pestanaa
[04/07/2021 21:57:29] /goto Macumbeira
[04/07/2021 21:57:39] /goto pestanaa
[04/07/2021 21:57:49] /goto pestanaa
[04/07/2021 21:57:51] /goto pestanaa
[04/07/2021 21:58:28] /goto pestanaa
[04/07/2021 21:58:30] /goto pestanaa
[04/07/2021 21:58:36] /goto pestanaa
[04/07/2021 22:02:09] /goto poderoso kina
[04/07/2021 22:02:15] /a
[04/07/2021 22:02:17] /a
[04/07/2021 22:02:18] /a
[04/07/2021 22:02:24] /a
[04/07/2021 22:02:26] /a
[04/07/2021 22:02:27] /a
[04/07/2021 22:02:28] /a
[04/07/2021 22:02:32] /a
[04/07/2021 22:02:59] /a
[04/07/2021 22:03:00] /a
[04/07/2021 22:03:00] /a
[04/07/2021 22:03:00] /a
[04/07/2021 22:03:01] /a
[04/07/2021 22:03:01] /a
[04/07/2021 22:03:01] /a
[04/07/2021 22:03:01] /a
[04/07/2021 22:03:02] /a
[04/07/2021 22:03:02] /a
[04/07/2021 22:03:03] /a
[04/07/2021 22:03:03] /a
[04/07/2021 22:03:03] /a
[04/07/2021 22:03:03] /a
[04/07/2021 22:03:04] /a
[04/07/2021 22:03:04] /a
[04/07/2021 22:03:04] /a
[04/07/2021 22:03:04] /a
[04/07/2021 22:03:04] /a
[04/07/2021 22:03:04] /a
[04/07/2021 22:03:05] /a
[04/07/2021 22:03:05] /a
[04/07/2021 22:03:05] /a
[04/07/2021 22:03:05] /a
[04/07/2021 22:03:06] /a
[04/07/2021 22:03:06] /a
[04/07/2021 22:03:08] /a
[04/07/2021 22:03:12] /a
[04/07/2021 22:03:12] /a
[04/07/2021 22:03:13] /a
[04/07/2021 22:03:13] /a
[04/07/2021 22:03:13] /a
[04/07/2021 22:03:14] /a
[04/07/2021 22:03:15] /a
[04/07/2021 22:03:18] /a
[04/07/2021 22:03:38] /a
[04/07/2021 22:03:38] /a
[04/07/2021 22:03:38] /a
[04/07/2021 22:03:39] /a
[04/07/2021 22:03:40] /a
[04/07/2021 22:03:41] /a
[04/07/2021 22:03:41] /a
[04/07/2021 22:03:42] /a
[04/07/2021 22:03:42] /a
[04/07/2021 22:03:43] /a
[04/07/2021 22:03:43] /a
[04/07/2021 22:03:43] /a
[04/07/2021 22:03:43] /a
[04/07/2021 22:03:44] /a
[04/07/2021 22:03:44] /a
[04/07/2021 22:03:45] /a
[04/07/2021 22:03:45] /a
[04/07/2021 22:03:45] /a
[04/07/2021 22:03:46] /a
[04/07/2021 22:03:46] /a
[04/07/2021 22:03:46] /a
[04/07/2021 22:03:47] /a
[04/07/2021 22:03:47] /a
[04/07/2021 22:03:48] /a
[04/07/2021 22:03:48] /a
[04/07/2021 22:04:20] /a
[04/07/2021 22:04:21] /a
[04/07/2021 22:04:21] /a
[04/07/2021 22:04:21] /a
[04/07/2021 22:04:21] /a
[04/07/2021 22:04:21] /a
[04/07/2021 22:04:21] /a
[04/07/2021 22:04:22] /a
[04/07/2021 22:04:22] /a
[04/07/2021 22:04:22] /a
[04/07/2021 22:04:23] /a
[04/07/2021 22:04:23] /a
[04/07/2021 22:04:23] /a
[04/07/2021 22:04:24] /a
[04/07/2021 22:04:24] /a
[04/07/2021 22:04:24] /a
[04/07/2021 22:04:25] /a
[04/07/2021 22:04:25] /a
[04/07/2021 22:04:40] /goto poderoso kina
[04/07/2021 22:04:58] /a
[04/07/2021 22:04:58] /a
[04/07/2021 22:04:59] /a
[04/07/2021 22:05:05] /a
[04/07/2021 22:05:05] /a
[04/07/2021 22:05:05] /a
[04/07/2021 22:05:06] /a
[04/07/2021 22:05:06] /a
[04/07/2021 22:05:06] /a
[04/07/2021 22:05:07] /a
[04/07/2021 22:05:07] /a
[04/07/2021 22:05:09] /a
[04/07/2021 22:05:09] /a
[04/07/2021 22:05:10] /a
[04/07/2021 22:05:10] /a
[04/07/2021 22:05:11] /a
[04/07/2021 22:05:11] /a
[04/07/2021 22:05:12] /a
[04/07/2021 22:05:15] /a
[04/07/2021 22:05:15] /a
[04/07/2021 22:05:17] /a
[04/07/2021 22:05:49] /goto poderoso kina
[04/07/2021 22:05:53] /goto pestanaa
[04/07/2021 22:05:55] /goto poderoso kina
[04/07/2021 22:05:59] /a
[04/07/2021 22:05:59] /a
[04/07/2021 22:05:59] /a
[04/07/2021 22:06:00] /a
[04/07/2021 22:06:00] /a
[04/07/2021 22:06:01] /a
[04/07/2021 22:06:01] /a
[04/07/2021 22:55:32] /t
[04/07/2021 22:55:55] /goto pestenaa
[04/07/2021 22:56:00] /goto pestanaa
[04/07/2021 22:56:03] /t
[04/07/2021 22:56:07] /up
[04/07/2021 22:56:08] /up
[04/07/2021 23:47:30] /t
[04/07/2021 23:49:12] /t
[04/07/2021 23:50:35] /goto pestanaa
[04/07/2021 23:50:37] /goto pestanaa
[04/07/2021 23:50:44] /goto poderoso kina
[04/07/2021 23:51:16] /t
[04/07/2021 23:51:20] /up
[04/07/2021 23:51:21] /up
[07/07/2021 19:34:24] /goto foxkinha
[07/07/2021 19:35:47] /goto foxkinha
[07/07/2021 19:36:09] /t
[07/07/2021 19:38:24] /goto kaiio
[07/07/2021 19:39:05] /mc
[07/07/2021 19:40:10] /goto foxkinha
[07/07/2021 19:40:29] /goto foxkinha
[07/07/2021 19:40:35] /goto kaiio
[07/07/2021 19:41:32] /goto foxkinha
[07/07/2021 19:41:35] /goto foxkinha
[07/07/2021 19:41:46] /goto foxkinha
[07/07/2021 19:42:06] /goto foxkinha
[07/07/2021 19:42:31] /up
[07/07/2021 19:44:50] /goto kaiio
[07/07/2021 19:44:51] /goto kaiio
[07/07/2021 19:44:55] /goto kaiio
[07/07/2021 19:44:56] /goto kaiio
[07/07/2021 19:44:58] /goto kaiio
[07/07/2021 19:44:59] /goto kaiio
[07/07/2021 19:45:09] /goto kaiio
[07/07/2021 19:45:12] /goto kaiio
[07/07/2021 19:45:13] /goto kaiio
[07/07/2021 19:45:16] /goto foxkinha
[07/07/2021 19:45:18] /goto foxkinha
[07/07/2021 19:45:21] /goto foxkinha
[07/07/2021 19:45:27] /t
[07/07/2021 19:47:08] /goto pestanaa
[07/07/2021 19:47:11] /goto pestanaa
[07/07/2021 19:47:15] /goto pestanaa
[07/07/2021 19:47:18] /goto pestanaa
[07/07/2021 19:47:23] /goto pestanaa
[07/07/2021 19:47:24] /goto pestanaa
[07/07/2021 19:47:28] /goto pestanaa
[07/07/2021 19:47:29] /goto pestanaa
[07/07/2021 19:47:31] /goto pestanaa
[07/07/2021 19:47:34] /goto pestanaa
[07/07/2021 19:47:36] /goto pestanaa
[07/07/2021 19:47:39] /goto pestanaa
[07/07/2021 19:47:42] /goto pestanaa
[07/07/2021 19:47:45] /goto pestanaa
[07/07/2021 19:47:47] /goto pestanaa
[07/07/2021 19:47:48] /goto pestanaa
[07/07/2021 19:49:07] /t
[07/07/2021 19:50:44] /ghost
[07/07/2021 19:59:15] /t
[07/07/2021 20:02:01] /r
[07/07/2021 20:04:06] /up
[07/07/2021 20:07:54] /goto muthcka
[07/07/2021 20:08:05] /a
[07/07/2021 20:10:05] /t
[07/07/2021 20:13:02] /goto pestanaa
[07/07/2021 20:13:20] /t
[07/07/2021 20:14:16] /up
[07/07/2021 21:10:19] /t
[07/07/2021 21:10:27] /goto mateus
[07/07/2021 21:10:57] /goto mateus
[07/07/2021 21:11:39] /goto mateus
[07/07/2021 21:11:42] /goto mateus
[07/07/2021 21:13:29] /c mateus
[07/07/2021 21:13:42] /c mateus
[07/07/2021 21:13:46] /c mateus
[07/07/2021 21:13:49] /r
[07/07/2021 21:15:36] /goto mateus
[07/07/2021 21:15:45] /r
[07/07/2021 21:17:27] /t Kaiio
[07/07/2021 21:17:28] /t
[07/07/2021 21:26:21] /r
[08/07/2021 14:10:16] /up
