[04/07/2009 13:51:03] /up
[04/07/2009 13:51:56] /goto rei comedinha
[04/07/2009 13:55:09] /t
[04/07/2009 14:00:26] /i golden legs
[04/07/2009 14:00:33] /i golden helmet
[04/07/2009 14:00:39] /i golden bolts
[04/07/2009 14:00:49] /i golden bots
[04/07/2009 14:02:00] /i golden boots
[04/07/2009 14:02:27] /i golden armor
[04/07/2009 14:02:53] /i blessed shield
[04/07/2009 14:08:24] /i 5915
[04/07/2009 14:08:34] /i 5915
[04/07/2009 14:18:57] /i 2160
[04/07/2009 14:18:59] /i 2160
[04/07/2009 14:19:00] /i 2160
[04/07/2009 14:19:01] /i 2160
[04/07/2009 14:19:01] /i 2160
[04/07/2009 14:19:02] /i 2160
[04/07/2009 14:19:03] /i 2160
[04/07/2009 14:19:03] /i 2160
[04/07/2009 14:19:20] /i 2160
[04/07/2009 14:19:25] /i 2160
[04/07/2009 14:19:25] /i 2160
[04/07/2009 14:19:26] /i 2160
[04/07/2009 14:19:26] /i 2160
[04/07/2009 14:19:27] /i 2160
[04/07/2009 14:19:58] /i 2160
[04/07/2009 14:19:58] /i 2160
[04/07/2009 14:19:59] /i 2160
[04/07/2009 14:20:00] /i 2160
[04/07/2009 14:20:01] /i 2160
[04/07/2009 14:20:01] /i 2160
[04/07/2009 14:20:31] /i 2160
[04/07/2009 14:20:32] /i 2160
[04/07/2009 14:20:33] /i 2160
[04/07/2009 14:20:33] /i 2160
[04/07/2009 14:20:34] /i 2160
[04/07/2009 14:20:35] /i 2160
[04/07/2009 14:21:10] /i 2160
[04/07/2009 14:21:11] /i 2160
[04/07/2009 14:21:12] /i 2160
[04/07/2009 14:22:02] /i 2160
[04/07/2009 14:27:27] /i 5
[04/07/2009 14:30:57] /i royal axe
[04/07/2009 14:33:13] /a 7
[04/07/2009 14:33:16] /a 7
[04/07/2009 14:33:35] /a 7
[04/07/2009 14:33:41] /a 7
[04/07/2009 14:33:43] /a 7
[04/07/2009 14:33:47] /a 7
[04/07/2009 14:33:50] /a 7
[04/07/2009 14:35:59] /a 7
[04/07/2009 14:36:00] /a 7
[04/07/2009 14:36:01] /a 7
[04/07/2009 14:36:02] /a 7
[04/07/2009 14:36:03] /a 7
[04/07/2009 14:36:09] /a 7
[04/07/2009 14:37:02] /i 9974
[04/07/2009 14:38:20] /a 7
[04/07/2009 14:39:00] /a 1
[04/07/2009 14:39:32] /a 1
[04/07/2009 14:39:34] /a 1
[04/07/2009 14:39:36] /a 7
[04/07/2009 14:39:38] /a 7
[04/07/2009 14:40:02] /a 1
[04/07/2009 14:40:03] /a 1
[04/07/2009 14:42:46] /a 1
[04/07/2009 14:42:47] /a 1
[04/07/2009 14:42:48] /a 1
[04/07/2009 14:42:49] /a 1
[04/07/2009 14:42:55] /a 1
[04/07/2009 14:42:57] /a 1
[04/07/2009 14:43:29] /i 2160
[04/07/2009 14:43:31] /i 2160
[04/07/2009 14:43:31] /i 2160
[04/07/2009 14:43:32] /i 2160
[04/07/2009 14:43:33] /i 2160
[04/07/2009 14:43:33] /i 2160
[04/07/2009 14:43:34] /i 2160
[04/07/2009 14:43:35] /i 2160
[04/07/2009 14:43:35] /i 2160
[04/07/2009 15:00:31] /goto wizzard
[04/07/2009 15:00:49] /t
[04/07/2009 15:11:29] /i crossbow
[04/07/2009 15:11:41] /i bolt
[04/07/2009 15:12:00] /i cristal coins
[04/07/2009 15:12:03] /i cristal coin
[04/07/2009 15:13:47] /i 2160
[04/07/2009 15:13:49] /i 2160
[04/07/2009 15:13:50] /i 2160
[04/07/2009 15:13:52] /i 2160
[04/07/2009 15:13:54] /i 2160
[04/07/2009 15:13:55] /i 2160
[04/07/2009 15:13:57] /i 2160
[04/07/2009 15:13:58] /i 2160
[04/07/2009 15:13:59] /i 2160
[04/07/2009 15:14:00] /i 2160
[04/07/2009 15:14:01] /i 2160
[04/07/2009 15:14:03] /i 2160
[04/07/2009 15:14:04] /i 2160
[04/07/2009 15:14:05] /i 2160
[04/07/2009 15:14:06] /i 2160
[04/07/2009 15:14:09] /i 2160
[04/07/2009 15:14:20] /i 2160
[04/07/2009 15:14:33] /i 2160
[04/07/2009 15:14:34] /i 2160
[04/07/2009 15:14:35] /i 2160
[04/07/2009 15:14:36] /i 2160
[04/07/2009 15:14:36] /i 2160
[04/07/2009 15:14:37] /i 2160
[04/07/2009 15:14:43] /i 2160
[04/07/2009 15:14:45] /i 2160
[04/07/2009 15:14:46] /i 2160
[04/07/2009 15:14:47] /i 2160
[04/07/2009 15:14:48] /i 2160
[04/07/2009 15:14:49] /i 2160
[04/07/2009 15:14:50] /i 2160
[04/07/2009 15:14:51] /i 2160
[04/07/2009 15:14:52] /i 2160
[04/07/2009 15:14:53] /i 2160
[04/07/2009 15:14:54] /i 2160
[04/07/2009 15:14:54] /i 2160
[04/07/2009 15:14:55] /i 2160
[04/07/2009 15:14:56] /i 2160
[04/07/2009 15:14:57] /i 2160
[04/07/2009 15:14:58] /i 2160
[04/07/2009 15:14:59] /i 2160
[04/07/2009 15:15:00] /i 2160
[04/07/2009 15:15:01] /i 2160
[04/07/2009 15:15:03] /i 2160
[04/07/2009 15:15:05] /i 2160
[04/07/2009 15:15:06] /i 2160
[04/07/2009 15:15:07] /i 2160
[04/07/2009 15:15:08] /i 2160
[04/07/2009 15:15:10] /i 2160
[04/07/2009 15:15:11] /i 2160
[04/07/2009 15:15:12] /i 2160
[04/07/2009 15:15:13] /i 2160
[04/07/2009 15:15:13] /i 2160
[04/07/2009 15:15:15] /i 2160
[04/07/2009 15:15:17] /i 2160
[04/07/2009 15:15:17] /i 2160
[04/07/2009 15:15:19] /i 2160
[04/07/2009 15:15:19] /i 2160
[04/07/2009 15:15:20] /i 2160
[04/07/2009 15:15:21] /i 2160
[04/07/2009 15:15:22] /i 2160
[04/07/2009 15:15:25] /i 2160
[04/07/2009 15:15:26] /i 2160
[04/07/2009 15:15:57] /i golden boots
[04/07/2009 15:15:59] /i golden boots
[04/07/2009 15:16:00] /i golden boots
[04/07/2009 15:16:01] /i golden boots
[04/07/2009 15:16:02] /i golden boots
[04/07/2009 15:16:03] /i golden boots
[04/07/2009 15:16:03] /i golden boots
[04/07/2009 15:16:04] /i golden boots
[04/07/2009 15:16:05] /i golden boots
[04/07/2009 15:16:06] /i golden boots
[04/07/2009 15:16:07] /i golden boots
[04/07/2009 15:16:08] /i golden boots
[04/07/2009 15:16:09] /i golden boots
[04/07/2009 15:16:10] /i golden boots
[04/07/2009 15:16:11] /i golden boots
[04/07/2009 15:16:11] /i golden boots
[04/07/2009 15:16:12] /i golden boots
[04/07/2009 15:16:13] /i golden boots
[04/07/2009 15:16:13] /i golden boots
[04/07/2009 15:16:14] /i golden boots
[04/07/2009 15:16:15] /i golden boots
[04/07/2009 15:16:16] /i golden boots
[04/07/2009 15:16:18] /i golden boots
[04/07/2009 15:16:18] /i golden boots
[04/07/2009 15:16:19] /i golden boots
[04/07/2009 15:16:20] /i golden boots
[04/07/2009 15:16:20] /i golden boots
[04/07/2009 15:16:21] /i golden boots
[04/07/2009 15:16:22] /i golden boots
[04/07/2009 15:16:23] /i golden boots
[04/07/2009 15:16:24] /i golden boots
[04/07/2009 15:16:25] /i golden boots
[04/07/2009 15:16:25] /i golden boots
[04/07/2009 15:16:26] /i golden boots
[04/07/2009 15:16:28] /i golden boots
[04/07/2009 15:16:31] /i golden boots
[04/07/2009 15:16:32] /i golden boots
[04/07/2009 15:16:32] /i golden boots
[04/07/2009 15:16:35] /i golden boots
[04/07/2009 15:16:36] /i golden boots
[04/07/2009 15:16:37] /i golden boots
[04/07/2009 15:16:38] /i golden boots
[04/07/2009 15:16:39] /i golden boots
[04/07/2009 15:16:39] /i golden boots
[04/07/2009 15:16:40] /i golden boots
[04/07/2009 15:16:41] /i golden boots
[04/07/2009 15:16:42] /i golden boots
[04/07/2009 15:16:45] /i golden boots
[04/07/2009 15:16:47] /i golden boots
[04/07/2009 15:16:48] /i golden boots
[04/07/2009 15:17:02] /i golden boots
[04/07/2009 15:17:03] /i golden boots
[04/07/2009 15:17:04] /i golden boots
[04/07/2009 15:17:06] /i golden boots
[04/07/2009 15:17:07] /i golden boots
[04/07/2009 15:17:07] /i golden boots
[04/07/2009 15:17:09] /i golden boots
[04/07/2009 15:17:10] /i golden boots
[04/07/2009 15:17:12] /i golden boots
[04/07/2009 15:17:14] /i golden boots
[04/07/2009 15:17:19] /i golden boots
[04/07/2009 15:17:20] /i golden boots
[04/07/2009 15:17:21] /i golden boots
[04/07/2009 15:17:22] /i golden boots
[04/07/2009 15:17:24] /i golden boots
[04/07/2009 15:17:25] /i golden boots
[04/07/2009 15:17:26] /i golden boots
[04/07/2009 15:17:28] /i golden boots
[04/07/2009 15:17:29] /i golden boots
[04/07/2009 15:17:29] /i golden boots
[04/07/2009 15:17:31] /i golden boots
[04/07/2009 15:17:32] /i golden boots
[04/07/2009 15:17:42] /i golden boots
[04/07/2009 15:17:44] /i golden boots
[04/07/2009 15:17:45] /i golden boots
[04/07/2009 15:17:46] /i golden boots
[04/07/2009 15:17:47] /i golden boots
[04/07/2009 15:17:48] /i golden boots
[04/07/2009 15:17:49] /i golden boots
[04/07/2009 15:17:50] /i golden boots
[04/07/2009 15:17:51] /i golden boots
[04/07/2009 15:17:52] /i golden boots
[04/07/2009 15:17:52] /i golden boots
[04/07/2009 15:17:53] /i golden boots
[04/07/2009 15:17:53] /i golden boots
[04/07/2009 15:17:54] /i golden boots
[04/07/2009 15:17:54] /i golden boots
[04/07/2009 15:17:55] /i golden boots
[04/07/2009 15:17:56] /i golden boots
[04/07/2009 15:17:57] /i golden boots
[04/07/2009 15:17:58] /i golden boots
[04/07/2009 15:17:59] /i golden boots
[04/07/2009 15:18:00] /i golden boots
[04/07/2009 15:18:01] /i golden boots
[04/07/2009 15:18:02] /i golden boots
[04/07/2009 15:18:02] /i golden boots
[04/07/2009 15:18:04] /i golden boots
[04/07/2009 15:18:14] /i golden boots
[04/07/2009 15:18:16] /i golden boots
[04/07/2009 15:18:18] /i golden boots
[04/07/2009 15:18:20] /i golden boots
[04/07/2009 15:18:22] /i golden boots
[04/07/2009 15:18:23] /i golden boots
[04/07/2009 15:18:24] /i golden boots
[04/07/2009 15:18:25] /i golden boots
[04/07/2009 15:18:26] /i golden boots
[04/07/2009 15:18:27] /i golden boots
[04/07/2009 15:18:28] /i golden boots
[04/07/2009 15:18:30] /i golden boots
[04/07/2009 15:19:29] /a 17
[04/07/2009 15:19:32] /a 17
[04/07/2009 15:19:39] /a 7
[04/07/2009 15:20:11] /i 2160
[04/07/2009 15:21:36] /a 5
[04/07/2009 15:21:44] /a 5
[04/07/2009 15:21:57] /a 5
[04/07/2009 15:22:28] /a 5
[04/07/2009 15:22:32] /a 5
[04/07/2009 15:22:45] /a 5
[04/07/2009 15:22:48] /a 5
[04/07/2009 15:22:52] /a 1
[04/07/2009 15:23:26] /a 1
[04/07/2009 15:24:29] /a 5
[04/07/2009 15:24:33] /a 5
[04/07/2009 16:07:00] /i spool of yarn
[04/07/2009 16:07:23] /a 6
[04/07/2009 16:07:45] /a 6
[04/07/2009 16:08:51] /a 6
[04/07/2009 16:09:19] /a 6
[04/07/2009 16:12:02] /i golden boots
[04/07/2009 16:12:03] /i golden boots
[04/07/2009 16:12:04] /i golden boots
[04/07/2009 16:12:05] /i golden boots
[04/07/2009 16:12:06] /i golden boots
[04/07/2009 16:12:07] /i golden boots
[04/07/2009 16:12:07] /i golden boots
[04/07/2009 16:12:08] /i golden boots
[04/07/2009 16:12:09] /i golden boots
[04/07/2009 16:12:10] /i golden boots
[04/07/2009 16:12:11] /i golden boots
[04/07/2009 16:12:13] /i golden boots
[04/07/2009 16:12:14] /i golden boots
[04/07/2009 16:12:15] /i golden boots
[04/07/2009 16:12:15] /i golden boots
[04/07/2009 16:12:17] /i golden boots
[04/07/2009 16:12:29] /i golden boots
[04/07/2009 16:13:11] /clean
[04/07/2009 16:15:15] /m demon
[04/07/2009 16:18:56] /kick Noiadinhaa
[04/07/2009 16:20:47] /a 7
[04/07/2009 16:20:49] /a 7
[04/07/2009 16:20:50] /a 7
[04/07/2009 16:20:50] /a 7
[04/07/2009 16:20:52] /a 7
[04/07/2009 16:20:53] /a 7
[04/07/2009 16:20:54] /a 7
[04/07/2009 16:21:30] /a 7
[04/07/2009 16:21:31] /a 7
[04/07/2009 17:08:33] /t
[04/07/2009 17:12:12] /t
[04/07/2009 17:12:23] /goto Lindinhah
[04/07/2009 17:13:28] /i royal spear
[04/07/2009 17:36:57] /t
[04/07/2009 17:38:32] /i golden boots
[04/07/2009 17:38:40] /i golden boots
[04/07/2009 17:38:42] /i golden boots
[04/07/2009 17:38:46] /i golden boots
[04/07/2009 17:38:48] /i golden boots
[04/07/2009 17:38:49] /i golden boots
[04/07/2009 17:38:50] /i golden boots
[04/07/2009 17:38:51] /i golden boots
[04/07/2009 17:38:51] /i golden boots
[04/07/2009 17:38:52] /i golden boots
[04/07/2009 17:38:53] /i golden boots
[04/07/2009 17:38:54] /i golden boots
[04/07/2009 17:38:54] /i golden boots
[04/07/2009 17:38:55] /i golden boots
[04/07/2009 17:38:56] /i golden boots
[04/07/2009 17:38:56] /i golden boots
[04/07/2009 17:38:57] /i golden boots
[04/07/2009 17:38:58] /i golden boots
[04/07/2009 17:38:59] /i golden boots
[04/07/2009 17:39:00] /i golden boots
[04/07/2009 17:39:04] /i golden boots
[04/07/2009 17:39:05] /i golden boots
[04/07/2009 17:39:07] /i golden boots
[04/07/2009 17:39:08] /i golden boots
[04/07/2009 17:39:09] /i golden boots
[04/07/2009 17:39:11] /i golden boots
[04/07/2009 17:39:12] /i golden boots
[04/07/2009 17:39:13] /i golden boots
[04/07/2009 17:39:17] /i golden boots
[04/07/2009 17:39:19] /i golden boots
[04/07/2009 17:39:20] /i golden boots
[04/07/2009 17:39:21] /i golden boots
[04/07/2009 17:39:22] /i golden boots
[04/07/2009 17:39:23] /i golden boots
[04/07/2009 17:39:25] /i golden boots
[04/07/2009 17:39:25] /i golden boots
[04/07/2009 17:39:30] /i golden boots
[04/07/2009 17:39:40] /i golden boots
[04/07/2009 17:39:41] /i golden boots
[04/07/2009 17:39:44] /i golden boots
[04/07/2009 17:39:53] /i golden boots
[04/07/2009 17:40:02] /i golden boots
[04/07/2009 17:44:12] /i Fireborn Giant Armor 
[04/07/2009 17:44:31] /i demon legs
[04/07/2009 17:45:36] /addskill Rainha Lady Queen, lvl
[04/07/2009 17:45:41] /addskill Rainha Lady Queen, lvl
[04/07/2009 17:45:42] /addskill Rainha Lady Queen, lvl
[04/07/2009 17:45:43] /addskill Rainha Lady Queen, lvl
[04/07/2009 17:45:44] /addskill Rainha Lady Queen, lvl
[04/07/2009 17:45:45] /addskill Rainha Lady Queen, lvl
[04/07/2009 17:45:45] /addskill Rainha Lady Queen, lvl
[04/07/2009 17:45:46] /addskill Rainha Lady Queen, lvl
[04/07/2009 17:45:47] /addskill Rainha Lady Queen, lvl
[04/07/2009 17:45:47] /addskill Rainha Lady Queen, lvl
[04/07/2009 17:45:48] /addskill Rainha Lady Queen, lvl
[04/07/2009 17:46:00] /addskill Rainha Lady Queen, lvl
[04/07/2009 17:46:01] /addskill Rainha Lady Queen, lvl
[04/07/2009 17:46:02] /addskill Rainha Lady Queen, lvl
[04/07/2009 17:46:03] /addskill Rainha Lady Queen, lvl
[04/07/2009 17:46:03] /addskill Rainha Lady Queen, lvl
[04/07/2009 17:46:04] /addskill Rainha Lady Queen, lvl
[04/07/2009 17:46:05] /addskill Rainha Lady Queen, lvl
[04/07/2009 17:46:05] /addskill Rainha Lady Queen, lvl
[04/07/2009 17:46:06] /addskill Rainha Lady Queen, lvl
[04/07/2009 17:46:07] /addskill Rainha Lady Queen, lvl
[04/07/2009 17:46:07] /addskill Rainha Lady Queen, lvl
[04/07/2009 17:46:08] /addskill Rainha Lady Queen, lvl
[04/07/2009 17:46:09] /addskill Rainha Lady Queen, lvl
[04/07/2009 17:46:11] /addskill Rainha Lady Queen, lvl
[04/07/2009 17:46:12] /addskill Rainha Lady Queen, lvl
[04/07/2009 17:46:14] /addskill Rainha Lady Queen, lvl
[04/07/2009 17:46:15] /addskill Rainha Lady Queen, lvl
[04/07/2009 17:46:16] /addskill Rainha Lady Queen, lvl
[04/07/2009 17:46:17] /addskill Rainha Lady Queen, lvl
[04/07/2009 17:46:17] /addskill Rainha Lady Queen, lvl
[04/07/2009 17:46:18] /addskill Rainha Lady Queen, lvl
[04/07/2009 17:46:19] /addskill Rainha Lady Queen, lvl
[04/07/2009 17:46:19] /addskill Rainha Lady Queen, lvl
[04/07/2009 17:46:20] /addskill Rainha Lady Queen, lvl
[04/07/2009 17:46:20] /addskill Rainha Lady Queen, lvl
[04/07/2009 17:46:21] /addskill Rainha Lady Queen, lvl
[04/07/2009 17:46:23] /addskill Rainha Lady Queen, lvl
[04/07/2009 17:46:51] /addskill Rainha Lady Queen, lvl
[04/07/2009 17:46:51] /addskill Rainha Lady Queen, lvl
[04/07/2009 17:46:51] /addskill Rainha Lady Queen, lvl
[04/07/2009 17:46:51] /addskill Rainha Lady Queen, lvl
[04/07/2009 17:46:51] /addskill Rainha Lady Queen, lvl
[04/07/2009 17:46:51] /addskill Rainha Lady Queen, lvl
[04/07/2009 17:46:51] /addskill Rainha Lady Queen, lvl
[04/07/2009 17:46:51] /addskill Rainha Lady Queen, lvl
[04/07/2009 17:46:51] /addskill Rainha Lady Queen, lvl
[04/07/2009 17:46:51] /addskill Rainha Lady Queen, lvl
[04/07/2009 17:46:51] /addskill Rainha Lady Queen, lvl
[04/07/2009 17:46:51] /addskill Rainha Lady Queen, lvl
[04/07/2009 17:46:51] /addskill Rainha Lady Queen, lvl
[04/07/2009 17:46:52] /addskill Rainha Lady Queen, lvl
[04/07/2009 17:46:52] /addskill Rainha Lady Queen, lvl
[04/07/2009 17:46:52] /addskill Rainha Lady Queen, lvl
[04/07/2009 17:46:52] /addskill Rainha Lady Queen, lvl
[04/07/2009 17:46:52] /addskill Rainha Lady Queen, lvl
[04/07/2009 17:46:52] /addskill Rainha Lady Queen, lvl
[04/07/2009 17:46:52] /addskill Rainha Lady Queen, lvl
[04/07/2009 17:46:52] /addskill Rainha Lady Queen, lvl
[04/07/2009 17:46:52] /addskill Rainha Lady Queen, lvl
[04/07/2009 17:46:52] /addskill Rainha Lady Queen, lvl
[04/07/2009 17:46:52] /addskill Rainha Lady Queen, lvl
[04/07/2009 17:46:52] /addskill Rainha Lady Queen, lvl
[04/07/2009 17:46:52] /addskill Rainha Lady Queen, lvl
[04/07/2009 17:46:52] /addskill Rainha Lady Queen, lvl
[04/07/2009 17:46:52] /addskill Rainha Lady Queen, lvl
[04/07/2009 17:46:52] /addskill Rainha Lady Queen, lvl
[04/07/2009 17:46:52] /addskill Rainha Lady Queen, lvl
[04/07/2009 17:46:52] /addskill Rainha Lady Queen, lvl
[04/07/2009 17:46:52] /addskill Rainha Lady Queen, lvl
[04/07/2009 17:46:52] /addskill Rainha Lady Queen, lvl
[04/07/2009 17:46:52] /addskill Rainha Lady Queen, lvl
[04/07/2009 17:46:52] /addskill Rainha Lady Queen, lvl
[04/07/2009 17:46:52] /addskill Rainha Lady Queen, lvl
[04/07/2009 17:46:53] /addskill Rainha Lady Queen, lvl
[04/07/2009 17:46:53] /addskill Rainha Lady Queen, lvl
[04/07/2009 17:46:53] /addskill Rainha Lady Queen, lvl
[04/07/2009 17:46:53] /addskill Rainha Lady Queen, lvl
[04/07/2009 17:46:53] /addskill Rainha Lady Queen, lvl
[04/07/2009 17:46:53] /addskill Rainha Lady Queen, lvl
[04/07/2009 17:46:53] /addskill Rainha Lady Queen, lvl
[04/07/2009 17:46:53] /addskill Rainha Lady Queen, lvl
[04/07/2009 17:46:53] /addskill Rainha Lady Queen, lvl
[04/07/2009 17:46:53] /addskill Rainha Lady Queen, lvl
[04/07/2009 17:46:53] /addskill Rainha Lady Queen, lvl
[04/07/2009 17:46:53] /addskill Rainha Lady Queen, lvl
[04/07/2009 17:46:53] /addskill Rainha Lady Queen, lvl
[04/07/2009 17:46:53] /addskill Rainha Lady Queen, lvl
[04/07/2009 17:46:53] /addskill Rainha Lady Queen, lvl
[04/07/2009 17:46:53] /addskill Rainha Lady Queen, lvl
[04/07/2009 17:46:53] /addskill Rainha Lady Queen, lvl
[04/07/2009 17:46:53] /addskill Rainha Lady Queen, lvl
[04/07/2009 17:46:53] /addskill Rainha Lady Queen, lvl
[04/07/2009 17:46:53] /addskill Rainha Lady Queen, lvl
[04/07/2009 17:46:53] /addskill Rainha Lady Queen, lvl
[04/07/2009 17:46:53] /addskill Rainha Lady Queen, lvl
[04/07/2009 17:46:53] /addskill Rainha Lady Queen, lvl
[04/07/2009 17:46:53] /addskill Rainha Lady Queen, lvl
[04/07/2009 17:46:54] /addskill Rainha Lady Queen, lvl
[04/07/2009 17:46:54] /addskill Rainha Lady Queen, lvl
[04/07/2009 17:46:54] /addskill Rainha Lady Queen, lvl
[04/07/2009 17:46:54] /addskill Rainha Lady Queen, lvl
[04/07/2009 17:46:54] /addskill Rainha Lady Queen, lvl
[04/07/2009 17:46:54] /addskill Rainha Lady Queen, lvl
[04/07/2009 17:46:54] /addskill Rainha Lady Queen, lvl
[04/07/2009 17:46:54] /addskill Rainha Lady Queen, lvl
[04/07/2009 17:46:54] /addskill Rainha Lady Queen, lvl
[04/07/2009 17:46:54] /addskill Rainha Lady Queen, lvl
[04/07/2009 17:46:54] /addskill Rainha Lady Queen, lvl
[04/07/2009 17:46:54] /addskill Rainha Lady Queen, lvl
[04/07/2009 17:46:54] /addskill Rainha Lady Queen, lvl
[04/07/2009 17:46:54] /addskill Rainha Lady Queen, lvl
[04/07/2009 17:46:54] /addskill Rainha Lady Queen, lvl
[04/07/2009 17:46:54] /addskill Rainha Lady Queen, lvl
[04/07/2009 17:46:54] /addskill Rainha Lady Queen, lvl
[04/07/2009 17:46:54] /addskill Rainha Lady Queen, lvl
[04/07/2009 17:46:54] /addskill Rainha Lady Queen, lvl
[04/07/2009 17:46:54] /addskill Rainha Lady Queen, lvl
[04/07/2009 17:46:54] /addskill Rainha Lady Queen, lvl
[04/07/2009 17:46:55] /addskill Rainha Lady Queen, lvl
[04/07/2009 17:46:55] /addskill Rainha Lady Queen, lvl
[04/07/2009 17:46:55] /addskill Rainha Lady Queen, lvl
[04/07/2009 17:46:55] /addskill Rainha Lady Queen, lvl
[04/07/2009 17:46:55] /addskill Rainha Lady Queen, lvl
[04/07/2009 17:46:55] /addskill Rainha Lady Queen, lvl
[04/07/2009 17:46:55] /addskill Rainha Lady Queen, lvl
[04/07/2009 17:46:55] /addskill Rainha Lady Queen, lvl
[04/07/2009 17:46:55] /addskill Rainha Lady Queen, lvl
[04/07/2009 17:46:55] /addskill Rainha Lady Queen, lvl
[04/07/2009 17:46:55] /addskill Rainha Lady Queen, lvl
[04/07/2009 17:46:55] /addskill Rainha Lady Queen, lvl
[04/07/2009 17:46:55] /addskill Rainha Lady Queen, lvl
[04/07/2009 17:46:55] /addskill Rainha Lady Queen, lvl
[04/07/2009 17:46:55] /addskill Rainha Lady Queen, lvl
[04/07/2009 17:46:55] /addskill Rainha Lady Queen, lvl
[04/07/2009 17:46:55] /addskill Rainha Lady Queen, lvl
[04/07/2009 17:46:55] /addskill Rainha Lady Queen, lvl
[04/07/2009 17:46:55] /addskill Rainha Lady Queen, lvl
[04/07/2009 17:46:55] /addskill Rainha Lady Queen, lvl
[04/07/2009 17:46:55] /addskill Rainha Lady Queen, lvl
[04/07/2009 17:46:55] /addskill Rainha Lady Queen, lvl
[04/07/2009 17:46:55] /addskill Rainha Lady Queen, lvl
[04/07/2009 17:46:55] /addskill Rainha Lady Queen, lvl
[04/07/2009 17:46:55] /addskill Rainha Lady Queen, lvl
[04/07/2009 17:46:56] /addskill Rainha Lady Queen, lvl
[04/07/2009 17:46:56] /addskill Rainha Lady Queen, lvl
[04/07/2009 17:46:56] /addskill Rainha Lady Queen, lvl
[04/07/2009 17:46:56] /addskill Rainha Lady Queen, lvl
[04/07/2009 17:46:56] /addskill Rainha Lady Queen, lvl
[04/07/2009 17:46:56] /addskill Rainha Lady Queen, lvl
[04/07/2009 17:46:56] /addskill Rainha Lady Queen, lvl
[04/07/2009 17:46:56] /addskill Rainha Lady Queen, lvl
[04/07/2009 17:46:56] /addskill Rainha Lady Queen, lvl
[04/07/2009 17:46:56] /addskill Rainha Lady Queen, lvl
[04/07/2009 17:46:56] /addskill Rainha Lady Queen, lvl
[04/07/2009 17:46:56] /addskill Rainha Lady Queen, lvl
[04/07/2009 17:46:56] /addskill Rainha Lady Queen, lvl
[04/07/2009 17:46:56] /addskill Rainha Lady Queen, lvl
[04/07/2009 17:46:56] /addskill Rainha Lady Queen, lvl
[04/07/2009 17:46:56] /addskill Rainha Lady Queen, lvl
[04/07/2009 17:46:56] /addskill Rainha Lady Queen, lvl
[04/07/2009 17:46:56] /addskill Rainha Lady Queen, lvl
[04/07/2009 17:46:56] /addskill Rainha Lady Queen, lvl
[04/07/2009 17:46:56] /addskill Rainha Lady Queen, lvl
[04/07/2009 17:46:56] /addskill Rainha Lady Queen, lvl
[04/07/2009 17:46:56] /addskill Rainha Lady Queen, lvl
[04/07/2009 17:46:56] /addskill Rainha Lady Queen, lvl
[04/07/2009 17:46:56] /addskill Rainha Lady Queen, lvl
[04/07/2009 17:46:56] /addskill Rainha Lady Queen, lvl
[04/07/2009 17:46:56] /addskill Rainha Lady Queen, lvl
[04/07/2009 17:46:56] /addskill Rainha Lady Queen, lvl
[04/07/2009 17:46:56] /addskill Rainha Lady Queen, lvl
[04/07/2009 17:46:56] /addskill Rainha Lady Queen, lvl
[04/07/2009 17:46:56] /addskill Rainha Lady Queen, lvl
[04/07/2009 17:46:56] /addskill Rainha Lady Queen, lvl
[04/07/2009 17:46:57] /addskill Rainha Lady Queen, lvl
[04/07/2009 17:46:57] /addskill Rainha Lady Queen, lvl
[04/07/2009 17:46:57] /addskill Rainha Lady Queen, lvl
[04/07/2009 17:46:57] /addskill Rainha Lady Queen, lvl
[04/07/2009 17:46:57] /addskill Rainha Lady Queen, lvl
[04/07/2009 17:46:57] /addskill Rainha Lady Queen, lvl
[04/07/2009 17:46:57] /addskill Rainha Lady Queen, lvl
[04/07/2009 17:46:57] /addskill Rainha Lady Queen, lvl
[04/07/2009 17:46:57] /addskill Rainha Lady Queen, lvl
[04/07/2009 17:46:57] /addskill Rainha Lady Queen, lvl
[04/07/2009 17:46:57] /addskill Rainha Lady Queen, lvl
[04/07/2009 17:46:57] /addskill Rainha Lady Queen, lvl
[04/07/2009 17:46:57] /addskill Rainha Lady Queen, lvl
[04/07/2009 17:46:57] /addskill Rainha Lady Queen, lvl
[04/07/2009 17:46:57] /addskill Rainha Lady Queen, lvl
[04/07/2009 17:46:57] /addskill Rainha Lady Queen, lvl
[04/07/2009 17:46:57] /addskill Rainha Lady Queen, lvl
[04/07/2009 17:46:57] /addskill Rainha Lady Queen, lvl
[04/07/2009 17:46:57] /addskill Rainha Lady Queen, lvl
[04/07/2009 17:46:57] /addskill Rainha Lady Queen, lvl
[04/07/2009 17:46:57] /addskill Rainha Lady Queen, lvl
[04/07/2009 17:46:58] /addskill Rainha Lady Queen, lvl
[04/07/2009 17:46:58] /addskill Rainha Lady Queen, lvl
[04/07/2009 17:46:58] /addskill Rainha Lady Queen, lvl
[04/07/2009 17:46:58] /addskill Rainha Lady Queen, lvl
[04/07/2009 17:46:58] /addskill Rainha Lady Queen, lvl
[04/07/2009 17:46:58] /addskill Rainha Lady Queen, lvl
[04/07/2009 17:46:58] /addskill Rainha Lady Queen, lvl
[04/07/2009 17:46:58] /addskill Rainha Lady Queen, lvl
[04/07/2009 17:46:58] /addskill Rainha Lady Queen, lvl
[04/07/2009 17:46:58] /addskill Rainha Lady Queen, lvl
[04/07/2009 17:46:58] /addskill Rainha Lady Queen, lvl
[04/07/2009 17:46:58] /addskill Rainha Lady Queen, lvl
[04/07/2009 17:46:58] /addskill Rainha Lady Queen, lvl
[04/07/2009 17:46:58] /addskill Rainha Lady Queen, lvl
[04/07/2009 17:46:58] /addskill Rainha Lady Queen, lvl
[04/07/2009 17:46:58] /addskill Rainha Lady Queen, lvl
[04/07/2009 17:46:58] /addskill Rainha Lady Queen, lvl
[04/07/2009 17:46:58] /addskill Rainha Lady Queen, lvl
[04/07/2009 17:46:58] /addskill Rainha Lady Queen, lvl
[04/07/2009 17:46:58] /addskill Rainha Lady Queen, lvl
[04/07/2009 17:46:58] /addskill Rainha Lady Queen, lvl
[04/07/2009 17:46:58] /addskill Rainha Lady Queen, lvl
[04/07/2009 17:46:58] /addskill Rainha Lady Queen, lvl
[04/07/2009 17:46:58] /addskill Rainha Lady Queen, lvl
[04/07/2009 17:46:58] /addskill Rainha Lady Queen, lvl
[04/07/2009 17:46:59] /addskill Rainha Lady Queen, lvl
[04/07/2009 17:46:59] /addskill Rainha Lady Queen, lvl
[04/07/2009 17:46:59] /addskill Rainha Lady Queen, lvl
[04/07/2009 17:46:59] /addskill Rainha Lady Queen, lvl
[04/07/2009 17:46:59] /addskill Rainha Lady Queen, lvl
[04/07/2009 17:46:59] /addskill Rainha Lady Queen, lvl
[04/07/2009 17:46:59] /addskill Rainha Lady Queen, lvl
[04/07/2009 17:46:59] /addskill Rainha Lady Queen, lvl
[04/07/2009 17:46:59] /addskill Rainha Lady Queen, lvl
[04/07/2009 17:46:59] /addskill Rainha Lady Queen, lvl
[04/07/2009 17:46:59] /addskill Rainha Lady Queen, lvl
[04/07/2009 17:46:59] /addskill Rainha Lady Queen, lvl
[04/07/2009 17:46:59] /addskill Rainha Lady Queen, lvl
[04/07/2009 17:46:59] /addskill Rainha Lady Queen, lvl
[04/07/2009 17:46:59] /addskill Rainha Lady Queen, lvl
[04/07/2009 17:46:59] /addskill Rainha Lady Queen, lvl
[04/07/2009 17:46:59] /addskill Rainha Lady Queen, lvl
[04/07/2009 17:46:59] /addskill Rainha Lady Queen, lvl
[04/07/2009 17:46:59] /addskill Rainha Lady Queen, lvl
[04/07/2009 17:46:59] /addskill Rainha Lady Queen, lvl
[04/07/2009 17:46:59] /addskill Rainha Lady Queen, lvl
[04/07/2009 17:46:59] /addskill Rainha Lady Queen, lvl
[04/07/2009 17:46:59] /addskill Rainha Lady Queen, lvl
[04/07/2009 17:47:00] /addskill Rainha Lady Queen, lvl
[04/07/2009 17:47:00] /addskill Rainha Lady Queen, lvl
[04/07/2009 17:47:00] /addskill Rainha Lady Queen, lvl
[04/07/2009 17:47:00] /addskill Rainha Lady Queen, lvl
[04/07/2009 17:47:00] /addskill Rainha Lady Queen, lvl
[04/07/2009 17:47:00] /addskill Rainha Lady Queen, lvl
[04/07/2009 17:47:00] /addskill Rainha Lady Queen, lvl
[04/07/2009 17:47:00] /addskill Rainha Lady Queen, lvl
[04/07/2009 17:47:00] /addskill Rainha Lady Queen, lvl
[04/07/2009 17:47:00] /addskill Rainha Lady Queen, lvl
[04/07/2009 17:47:00] /addskill Rainha Lady Queen, lvl
[04/07/2009 17:47:00] /addskill Rainha Lady Queen, lvl
[04/07/2009 17:47:00] /addskill Rainha Lady Queen, lvl
[04/07/2009 17:47:00] /addskill Rainha Lady Queen, lvl
[04/07/2009 17:47:00] /addskill Rainha Lady Queen, lvl
[04/07/2009 17:47:00] /addskill Rainha Lady Queen, lvl
[04/07/2009 17:47:00] /addskill Rainha Lady Queen, lvl
[04/07/2009 17:47:00] /addskill Rainha Lady Queen, lvl
[04/07/2009 17:47:00] /addskill Rainha Lady Queen, lvl
[04/07/2009 17:47:00] /addskill Rainha Lady Queen, lvl
[04/07/2009 17:47:00] /addskill Rainha Lady Queen, lvl
[04/07/2009 17:47:00] /addskill Rainha Lady Queen, lvl
[04/07/2009 17:47:00] /addskill Rainha Lady Queen, lvl
[04/07/2009 17:47:00] /addskill Rainha Lady Queen, lvl
[04/07/2009 17:47:00] /addskill Rainha Lady Queen, lvl
[04/07/2009 17:47:00] /addskill Rainha Lady Queen, lvl
[04/07/2009 17:47:01] /addskill Rainha Lady Queen, lvl
[04/07/2009 17:47:01] /addskill Rainha Lady Queen, lvl
[04/07/2009 17:47:01] /addskill Rainha Lady Queen, lvl
[04/07/2009 17:47:01] /addskill Rainha Lady Queen, lvl
[04/07/2009 17:47:01] /addskill Rainha Lady Queen, lvl
[04/07/2009 17:47:01] /addskill Rainha Lady Queen, lvl
[04/07/2009 17:47:01] /addskill Rainha Lady Queen, lvl
[04/07/2009 17:47:01] /addskill Rainha Lady Queen, lvl
[04/07/2009 17:47:01] /addskill Rainha Lady Queen, lvl
[04/07/2009 17:47:01] /addskill Rainha Lady Queen, lvl
[04/07/2009 17:47:01] /addskill Rainha Lady Queen, lvl
[04/07/2009 17:47:01] /addskill Rainha Lady Queen, lvl
[04/07/2009 17:47:01] /addskill Rainha Lady Queen, lvl
[04/07/2009 17:47:01] /addskill Rainha Lady Queen, lvl
[04/07/2009 17:47:01] /addskill Rainha Lady Queen, lvl
[04/07/2009 17:47:01] /addskill Rainha Lady Queen, lvl
[04/07/2009 17:47:01] /addskill Rainha Lady Queen, lvl
[04/07/2009 17:47:01] /addskill Rainha Lady Queen, lvl
[04/07/2009 17:47:01] /addskill Rainha Lady Queen, lvl
[04/07/2009 17:47:01] /addskill Rainha Lady Queen, lvl
[04/07/2009 17:47:01] /addskill Rainha Lady Queen, lvl
[04/07/2009 17:47:02] /addskill Rainha Lady Queen, lvl
[04/07/2009 17:47:02] /addskill Rainha Lady Queen, lvl
[04/07/2009 17:47:02] /addskill Rainha Lady Queen, lvl
[04/07/2009 17:47:02] /addskill Rainha Lady Queen, lvl
[04/07/2009 17:47:02] /addskill Rainha Lady Queen, lvl
[04/07/2009 17:47:02] /addskill Rainha Lady Queen, lvl
[04/07/2009 17:47:02] /addskill Rainha Lady Queen, lvl
[04/07/2009 17:47:02] /addskill Rainha Lady Queen, lvl
[04/07/2009 17:47:02] /addskill Rainha Lady Queen, lvl
[04/07/2009 17:47:02] /addskill Rainha Lady Queen, lvl
[04/07/2009 17:47:02] /addskill Rainha Lady Queen, lvl
[04/07/2009 17:47:02] /addskill Rainha Lady Queen, lvl
[04/07/2009 17:47:02] /addskill Rainha Lady Queen, lvl
[04/07/2009 17:47:02] /addskill Rainha Lady Queen, lvl
[04/07/2009 17:47:02] /addskill Rainha Lady Queen, lvl
[04/07/2009 17:47:02] /addskill Rainha Lady Queen, lvl
[04/07/2009 17:47:02] /addskill Rainha Lady Queen, lvl
[04/07/2009 17:47:02] /addskill Rainha Lady Queen, lvl
[04/07/2009 17:47:02] /addskill Rainha Lady Queen, lvl
[04/07/2009 17:47:02] /addskill Rainha Lady Queen, lvl
[04/07/2009 17:47:02] /addskill Rainha Lady Queen, lvl
[04/07/2009 17:47:02] /addskill Rainha Lady Queen, lvl
[04/07/2009 17:47:02] /addskill Rainha Lady Queen, lvl
[04/07/2009 17:47:02] /addskill Rainha Lady Queen, lvl
[04/07/2009 17:47:02] /addskill Rainha Lady Queen, lvl
[04/07/2009 17:47:02] /addskill Rainha Lady Queen, lvl
[04/07/2009 17:47:02] /addskill Rainha Lady Queen, lvl
[04/07/2009 17:47:03] /addskill Rainha Lady Queen, lvl
[04/07/2009 17:47:03] /addskill Rainha Lady Queen, lvl
[04/07/2009 17:47:03] /addskill Rainha Lady Queen, lvl
[04/07/2009 17:47:03] /addskill Rainha Lady Queen, lvl
[04/07/2009 17:47:03] /addskill Rainha Lady Queen, lvl
[04/07/2009 17:47:03] /addskill Rainha Lady Queen, lvl
[04/07/2009 17:47:03] /addskill Rainha Lady Queen, lvl
[04/07/2009 17:47:03] /addskill Rainha Lady Queen, lvl
[04/07/2009 17:47:03] /addskill Rainha Lady Queen, lvl
[04/07/2009 17:47:03] /addskill Rainha Lady Queen, lvl
[04/07/2009 17:47:03] /addskill Rainha Lady Queen, lvl
[04/07/2009 17:47:03] /addskill Rainha Lady Queen, lvl
[04/07/2009 17:47:03] /addskill Rainha Lady Queen, lvl
[04/07/2009 17:47:03] /addskill Rainha Lady Queen, lvl
[04/07/2009 17:47:03] /addskill Rainha Lady Queen, lvl
[04/07/2009 17:47:03] /addskill Rainha Lady Queen, lvl
[04/07/2009 17:47:03] /addskill Rainha Lady Queen, lvl
[04/07/2009 17:47:03] /addskill Rainha Lady Queen, lvl
[04/07/2009 17:47:03] /addskill Rainha Lady Queen, lvl
[04/07/2009 17:47:03] /addskill Rainha Lady Queen, lvl
[04/07/2009 17:47:03] /addskill Rainha Lady Queen, lvl
[04/07/2009 17:47:03] /addskill Rainha Lady Queen, lvl
[04/07/2009 17:47:03] /addskill Rainha Lady Queen, lvl
[04/07/2009 17:47:03] /addskill Rainha Lady Queen, lvl
[04/07/2009 17:47:03] /addskill Rainha Lady Queen, lvl
[04/07/2009 17:47:03] /addskill Rainha Lady Queen, lvl
[04/07/2009 17:47:03] /addskill Rainha Lady Queen, lvl
[04/07/2009 17:47:03] /addskill Rainha Lady Queen, lvl
[04/07/2009 17:47:04] /addskill Rainha Lady Queen, lvl
[04/07/2009 17:47:04] /addskill Rainha Lady Queen, lvl
[04/07/2009 17:47:04] /addskill Rainha Lady Queen, lvl
[04/07/2009 17:47:04] /addskill Rainha Lady Queen, lvl
[04/07/2009 17:47:04] /addskill Rainha Lady Queen, lvl
[04/07/2009 17:47:04] /addskill Rainha Lady Queen, lvl
[04/07/2009 17:47:04] /addskill Rainha Lady Queen, lvl
[04/07/2009 17:47:04] /addskill Rainha Lady Queen, lvl
[04/07/2009 17:47:04] /addskill Rainha Lady Queen, lvl
[04/07/2009 17:47:04] /addskill Rainha Lady Queen, lvl
[04/07/2009 17:47:04] /addskill Rainha Lady Queen, lvl
[04/07/2009 17:47:04] /addskill Rainha Lady Queen, lvl
[04/07/2009 17:47:04] /addskill Rainha Lady Queen, lvl
[04/07/2009 17:47:04] /addskill Rainha Lady Queen, lvl
[04/07/2009 17:47:04] /addskill Rainha Lady Queen, lvl
[04/07/2009 17:47:04] /addskill Rainha Lady Queen, lvl
[04/07/2009 17:47:04] /addskill Rainha Lady Queen, lvl
[04/07/2009 17:47:04] /addskill Rainha Lady Queen, lvl
[04/07/2009 17:47:04] /addskill Rainha Lady Queen, lvl
[04/07/2009 17:47:04] /addskill Rainha Lady Queen, lvl
[04/07/2009 17:47:04] /addskill Rainha Lady Queen, lvl
[04/07/2009 17:47:04] /addskill Rainha Lady Queen, lvl
[04/07/2009 17:47:04] /addskill Rainha Lady Queen, lvl
[04/07/2009 17:47:04] /addskill Rainha Lady Queen, lvl
[04/07/2009 17:47:04] /addskill Rainha Lady Queen, lvl
[04/07/2009 17:47:05] /addskill Rainha Lady Queen, lvl
[04/07/2009 17:47:05] /addskill Rainha Lady Queen, lvl
[04/07/2009 17:47:05] /addskill Rainha Lady Queen, lvl
[04/07/2009 17:47:05] /addskill Rainha Lady Queen, lvl
[04/07/2009 17:47:05] /addskill Rainha Lady Queen, lvl
[04/07/2009 17:47:05] /addskill Rainha Lady Queen, lvl
[04/07/2009 17:47:05] /addskill Rainha Lady Queen, lvl
[04/07/2009 17:47:05] /addskill Rainha Lady Queen, lvl
[04/07/2009 17:47:05] /addskill Rainha Lady Queen, lvl
[04/07/2009 17:47:05] /addskill Rainha Lady Queen, lvl
[04/07/2009 17:47:05] /addskill Rainha Lady Queen, lvl
[04/07/2009 17:47:05] /addskill Rainha Lady Queen, lvl
[04/07/2009 17:47:05] /addskill Rainha Lady Queen, lvl
[04/07/2009 17:47:05] /addskill Rainha Lady Queen, lvl
[04/07/2009 17:47:05] /addskill Rainha Lady Queen, lvl
[04/07/2009 17:47:05] /addskill Rainha Lady Queen, lvl
[04/07/2009 17:47:05] /addskill Rainha Lady Queen, lvl
[04/07/2009 17:47:05] /addskill Rainha Lady Queen, lvl
[04/07/2009 17:47:05] /addskill Rainha Lady Queen, lvl
[04/07/2009 17:47:06] /addskill Rainha Lady Queen, lvl
[04/07/2009 17:47:06] /addskill Rainha Lady Queen, lvl
[04/07/2009 17:47:06] /addskill Rainha Lady Queen, lvl
[04/07/2009 17:47:06] /addskill Rainha Lady Queen, lvl
[04/07/2009 17:47:06] /addskill Rainha Lady Queen, lvl
[04/07/2009 17:47:06] /addskill Rainha Lady Queen, lvl
[04/07/2009 17:47:06] /addskill Rainha Lady Queen, lvl
[04/07/2009 17:47:06] /addskill Rainha Lady Queen, lvl
[04/07/2009 17:47:06] /addskill Rainha Lady Queen, lvl
[04/07/2009 17:47:06] /addskill Rainha Lady Queen, lvl
[04/07/2009 17:47:06] /addskill Rainha Lady Queen, lvl
[04/07/2009 17:47:06] /addskill Rainha Lady Queen, lvl
[04/07/2009 17:47:06] /addskill Rainha Lady Queen, lvl
[04/07/2009 17:47:06] /addskill Rainha Lady Queen, lvl
[04/07/2009 17:47:06] /addskill Rainha Lady Queen, lvl
[04/07/2009 17:47:06] /addskill Rainha Lady Queen, lvl
[04/07/2009 17:47:06] /addskill Rainha Lady Queen, lvl
[04/07/2009 17:47:06] /addskill Rainha Lady Queen, lvl
[04/07/2009 17:47:06] /addskill Rainha Lady Queen, lvl
[04/07/2009 17:47:06] /addskill Rainha Lady Queen, lvl
[04/07/2009 17:47:06] /addskill Rainha Lady Queen, lvl
[04/07/2009 17:47:06] /addskill Rainha Lady Queen, lvl
[04/07/2009 17:47:06] /addskill Rainha Lady Queen, lvl
[04/07/2009 17:47:06] /addskill Rainha Lady Queen, lvl
[04/07/2009 17:47:06] /addskill Rainha Lady Queen, lvl
[04/07/2009 17:47:06] /addskill Rainha Lady Queen, lvl
[04/07/2009 17:47:07] /addskill Rainha Lady Queen, lvl
[04/07/2009 17:47:07] /addskill Rainha Lady Queen, lvl
[04/07/2009 17:47:07] /addskill Rainha Lady Queen, lvl
[04/07/2009 17:47:07] /addskill Rainha Lady Queen, lvl
[04/07/2009 17:47:07] /addskill Rainha Lady Queen, lvl
[04/07/2009 17:47:07] /addskill Rainha Lady Queen, lvl
[04/07/2009 17:47:07] /addskill Rainha Lady Queen, lvl
[04/07/2009 17:47:07] /addskill Rainha Lady Queen, lvl
[04/07/2009 17:47:07] /addskill Rainha Lady Queen, lvl
[04/07/2009 17:47:07] /addskill Rainha Lady Queen, lvl
[04/07/2009 17:47:07] /addskill Rainha Lady Queen, lvl
[04/07/2009 17:47:07] /addskill Rainha Lady Queen, lvl
[04/07/2009 17:47:07] /addskill Rainha Lady Queen, lvl
[04/07/2009 17:47:07] /addskill Rainha Lady Queen, lvl
[04/07/2009 17:47:07] /addskill Rainha Lady Queen, lvl
[04/07/2009 17:47:07] /addskill Rainha Lady Queen, lvl
[04/07/2009 17:47:07] /addskill Rainha Lady Queen, lvl
[04/07/2009 17:47:07] /addskill Rainha Lady Queen, lvl
[04/07/2009 17:47:07] /addskill Rainha Lady Queen, lvl
[04/07/2009 17:47:07] /addskill Rainha Lady Queen, lvl
[04/07/2009 17:47:07] /addskill Rainha Lady Queen, lvl
[04/07/2009 17:47:07] /addskill Rainha Lady Queen, lvl
[04/07/2009 17:47:07] /addskill Rainha Lady Queen, lvl
[04/07/2009 17:47:07] /addskill Rainha Lady Queen, lvl
[04/07/2009 17:47:07] /addskill Rainha Lady Queen, lvl
[04/07/2009 17:47:08] /addskill Rainha Lady Queen, lvl
[04/07/2009 17:47:08] /addskill Rainha Lady Queen, lvl
[04/07/2009 17:47:08] /addskill Rainha Lady Queen, lvl
[04/07/2009 17:47:08] /addskill Rainha Lady Queen, lvl
[04/07/2009 17:47:08] /addskill Rainha Lady Queen, lvl
[04/07/2009 17:47:08] /addskill Rainha Lady Queen, lvl
[04/07/2009 17:47:08] /addskill Rainha Lady Queen, lvl
[04/07/2009 17:47:08] /addskill Rainha Lady Queen, lvl
[04/07/2009 17:47:08] /addskill Rainha Lady Queen, lvl
[04/07/2009 17:47:08] /addskill Rainha Lady Queen, lvl
[04/07/2009 17:47:08] /addskill Rainha Lady Queen, lvl
[04/07/2009 17:47:08] /addskill Rainha Lady Queen, lvl
[04/07/2009 17:47:08] /addskill Rainha Lady Queen, lvl
[04/07/2009 17:47:08] /addskill Rainha Lady Queen, lvl
[04/07/2009 17:47:08] /addskill Rainha Lady Queen, lvl
[04/07/2009 17:47:08] /addskill Rainha Lady Queen, lvl
[04/07/2009 17:47:08] /addskill Rainha Lady Queen, lvl
[04/07/2009 17:47:08] /addskill Rainha Lady Queen, lvl
[04/07/2009 17:47:08] /addskill Rainha Lady Queen, lvl
[04/07/2009 17:47:08] /addskill Rainha Lady Queen, lvl
[04/07/2009 17:47:08] /addskill Rainha Lady Queen, lvl
[04/07/2009 17:47:08] /addskill Rainha Lady Queen, lvl
[04/07/2009 17:47:08] /addskill Rainha Lady Queen, lvl
[04/07/2009 17:47:09] /addskill Rainha Lady Queen, lvl
[04/07/2009 17:47:09] /addskill Rainha Lady Queen, lvl
[04/07/2009 17:47:09] /addskill Rainha Lady Queen, lvl
[04/07/2009 17:47:09] /addskill Rainha Lady Queen, lvl
[04/07/2009 17:47:09] /addskill Rainha Lady Queen, lvl
[04/07/2009 17:47:09] /addskill Rainha Lady Queen, lvl
[04/07/2009 17:47:09] /addskill Rainha Lady Queen, lvl
[04/07/2009 17:47:09] /addskill Rainha Lady Queen, lvl
[04/07/2009 17:47:09] /addskill Rainha Lady Queen, lvl
[04/07/2009 17:47:09] /addskill Rainha Lady Queen, lvl
[04/07/2009 17:47:09] /addskill Rainha Lady Queen, lvl
[04/07/2009 17:47:09] /addskill Rainha Lady Queen, lvl
[04/07/2009 17:47:09] /addskill Rainha Lady Queen, lvl
[04/07/2009 17:47:09] /addskill Rainha Lady Queen, lvl
[04/07/2009 17:47:09] /addskill Rainha Lady Queen, lvl
[04/07/2009 17:47:09] /addskill Rainha Lady Queen, lvl
[04/07/2009 17:47:09] /addskill Rainha Lady Queen, lvl
[04/07/2009 17:47:09] /addskill Rainha Lady Queen, lvl
[04/07/2009 17:47:09] /addskill Rainha Lady Queen, lvl
[04/07/2009 17:47:09] /addskill Rainha Lady Queen, lvl
[04/07/2009 17:47:09] /addskill Rainha Lady Queen, lvl
[04/07/2009 17:47:09] /addskill Rainha Lady Queen, lvl
[04/07/2009 17:47:09] /addskill Rainha Lady Queen, lvl
[04/07/2009 17:47:09] /addskill Rainha Lady Queen, lvl
[04/07/2009 17:47:09] /addskill Rainha Lady Queen, lvl
[04/07/2009 17:47:10] /addskill Rainha Lady Queen, lvl
[04/07/2009 17:47:10] /addskill Rainha Lady Queen, lvl
[04/07/2009 17:47:10] /addskill Rainha Lady Queen, lvl
[04/07/2009 17:47:10] /addskill Rainha Lady Queen, lvl
[04/07/2009 17:47:10] /addskill Rainha Lady Queen, lvl
[04/07/2009 17:47:10] /addskill Rainha Lady Queen, lvl
[04/07/2009 17:47:10] /addskill Rainha Lady Queen, lvl
[04/07/2009 17:47:10] /addskill Rainha Lady Queen, lvl
[04/07/2009 17:47:10] /addskill Rainha Lady Queen, lvl
[04/07/2009 17:47:10] /addskill Rainha Lady Queen, lvl
[04/07/2009 17:47:10] /addskill Rainha Lady Queen, lvl
[04/07/2009 17:47:10] /addskill Rainha Lady Queen, lvl
[04/07/2009 17:47:10] /addskill Rainha Lady Queen, lvl
[04/07/2009 17:47:10] /addskill Rainha Lady Queen, lvl
[04/07/2009 17:47:10] /addskill Rainha Lady Queen, lvl
[04/07/2009 17:47:10] /addskill Rainha Lady Queen, lvl
[04/07/2009 17:47:10] /addskill Rainha Lady Queen, lvl
[04/07/2009 17:47:10] /addskill Rainha Lady Queen, lvl
[04/07/2009 17:47:10] /addskill Rainha Lady Queen, lvl
[04/07/2009 17:47:10] /addskill Rainha Lady Queen, lvl
[04/07/2009 17:47:10] /addskill Rainha Lady Queen, lvl
[04/07/2009 17:47:10] /addskill Rainha Lady Queen, lvl
[04/07/2009 17:47:10] /addskill Rainha Lady Queen, lvl
[04/07/2009 17:47:10] /addskill Rainha Lady Queen, lvl
[04/07/2009 17:47:10] /addskill Rainha Lady Queen, lvl
[04/07/2009 17:48:18] /addskill Lindinhah, lvl
[04/07/2009 17:48:18] /addskill Lindinhah, lvl
[04/07/2009 17:48:18] /addskill Lindinhah, lvl
[04/07/2009 17:48:19] /addskill Lindinhah, lvl
[04/07/2009 17:48:19] /addskill Lindinhah, lvl
[04/07/2009 17:48:19] /addskill Lindinhah, lvl
[04/07/2009 17:48:19] /addskill Lindinhah, lvl
[04/07/2009 17:48:19] /addskill Lindinhah, lvl
[04/07/2009 17:48:19] /addskill Lindinhah, lvl
[04/07/2009 17:48:19] /addskill Lindinhah, lvl
[04/07/2009 17:48:19] /addskill Lindinhah, lvl
[04/07/2009 17:48:19] /addskill Lindinhah, lvl
[04/07/2009 17:48:19] /addskill Lindinhah, lvl
[04/07/2009 17:48:19] /addskill Lindinhah, lvl
[04/07/2009 17:48:19] /addskill Lindinhah, lvl
[04/07/2009 17:48:19] /addskill Lindinhah, lvl
[04/07/2009 17:48:19] /addskill Lindinhah, lvl
[04/07/2009 17:48:19] /addskill Lindinhah, lvl
[04/07/2009 17:48:19] /addskill Lindinhah, lvl
[04/07/2009 17:48:19] /addskill Lindinhah, lvl
[04/07/2009 17:48:19] /addskill Lindinhah, lvl
[04/07/2009 17:48:20] /addskill Lindinhah, lvl
[04/07/2009 17:48:20] /addskill Lindinhah, lvl
[04/07/2009 17:48:20] /addskill Lindinhah, lvl
[04/07/2009 17:48:20] /addskill Lindinhah, lvl
[04/07/2009 17:48:20] /addskill Lindinhah, lvl
[04/07/2009 17:48:20] /addskill Lindinhah, lvl
[04/07/2009 17:48:20] /addskill Lindinhah, lvl
[04/07/2009 17:48:20] /addskill Lindinhah, lvl
[04/07/2009 17:48:20] /addskill Lindinhah, lvl
[04/07/2009 17:48:20] /addskill Lindinhah, lvl
[04/07/2009 17:48:20] /addskill Lindinhah, lvl
[04/07/2009 17:48:20] /addskill Lindinhah, lvl
[04/07/2009 17:48:20] /addskill Lindinhah, lvl
[04/07/2009 17:48:20] /addskill Lindinhah, lvl
[04/07/2009 17:48:20] /addskill Lindinhah, lvl
[04/07/2009 17:48:20] /addskill Lindinhah, lvl
[04/07/2009 17:48:20] /addskill Lindinhah, lvl
[04/07/2009 17:48:20] /addskill Lindinhah, lvl
[04/07/2009 17:48:20] /addskill Lindinhah, lvl
[04/07/2009 17:48:20] /addskill Lindinhah, lvl
[04/07/2009 17:48:20] /addskill Lindinhah, lvl
[04/07/2009 17:48:20] /addskill Lindinhah, lvl
[04/07/2009 17:48:20] /addskill Lindinhah, lvl
[04/07/2009 17:48:20] /addskill Lindinhah, lvl
[04/07/2009 17:48:20] /addskill Lindinhah, lvl
[04/07/2009 17:48:20] /addskill Lindinhah, lvl
[04/07/2009 17:48:21] /addskill Lindinhah, lvl
[04/07/2009 17:48:21] /addskill Lindinhah, lvl
[04/07/2009 17:48:21] /addskill Lindinhah, lvl
[04/07/2009 17:48:21] /addskill Lindinhah, lvl
[04/07/2009 17:48:21] /addskill Lindinhah, lvl
[04/07/2009 17:48:21] /addskill Lindinhah, lvl
[04/07/2009 17:48:21] /addskill Lindinhah, lvl
[04/07/2009 17:48:21] /addskill Lindinhah, lvl
[04/07/2009 17:48:21] /addskill Lindinhah, lvl
[04/07/2009 17:48:21] /addskill Lindinhah, lvl
[04/07/2009 17:48:21] /addskill Lindinhah, lvl
[04/07/2009 17:48:21] /addskill Lindinhah, lvl
[04/07/2009 17:48:21] /addskill Lindinhah, lvl
[04/07/2009 17:48:21] /addskill Lindinhah, lvl
[04/07/2009 17:48:21] /addskill Lindinhah, lvl
[04/07/2009 17:48:21] /addskill Lindinhah, lvl
[04/07/2009 17:48:21] /addskill Lindinhah, lvl
[04/07/2009 17:48:21] /addskill Lindinhah, lvl
[04/07/2009 17:48:21] /addskill Lindinhah, lvl
[04/07/2009 17:48:21] /addskill Lindinhah, lvl
[04/07/2009 17:48:21] /addskill Lindinhah, lvl
[04/07/2009 17:48:21] /addskill Lindinhah, lvl
[04/07/2009 17:48:22] /addskill Lindinhah, lvl
[04/07/2009 17:48:22] /addskill Lindinhah, lvl
[04/07/2009 17:48:22] /addskill Lindinhah, lvl
[04/07/2009 17:48:22] /addskill Lindinhah, lvl
[04/07/2009 17:48:22] /addskill Lindinhah, lvl
[04/07/2009 17:48:22] /addskill Lindinhah, lvl
[04/07/2009 17:48:22] /addskill Lindinhah, lvl
[04/07/2009 17:48:22] /addskill Lindinhah, lvl
[04/07/2009 17:48:22] /addskill Lindinhah, lvl
[04/07/2009 17:48:22] /addskill Lindinhah, lvl
[04/07/2009 17:48:22] /addskill Lindinhah, lvl
[04/07/2009 17:48:22] /addskill Lindinhah, lvl
[04/07/2009 17:48:22] /addskill Lindinhah, lvl
[04/07/2009 17:48:22] /addskill Lindinhah, lvl
[04/07/2009 17:48:22] /addskill Lindinhah, lvl
[04/07/2009 17:48:22] /addskill Lindinhah, lvl
[04/07/2009 17:48:22] /addskill Lindinhah, lvl
[04/07/2009 17:48:22] /addskill Lindinhah, lvl
[04/07/2009 17:48:22] /addskill Lindinhah, lvl
[04/07/2009 17:48:22] /addskill Lindinhah, lvl
[04/07/2009 17:48:22] /addskill Lindinhah, lvl
[04/07/2009 17:48:22] /addskill Lindinhah, lvl
[04/07/2009 17:48:22] /addskill Lindinhah, lvl
[04/07/2009 17:48:22] /addskill Lindinhah, lvl
[04/07/2009 17:48:22] /addskill Lindinhah, lvl
[04/07/2009 17:48:22] /addskill Lindinhah, lvl
[04/07/2009 17:48:23] /addskill Lindinhah, lvl
[04/07/2009 17:48:23] /addskill Lindinhah, lvl
[04/07/2009 17:48:23] /addskill Lindinhah, lvl
[04/07/2009 17:48:23] /addskill Lindinhah, lvl
[04/07/2009 17:48:23] /addskill Lindinhah, lvl
[04/07/2009 17:48:23] /addskill Lindinhah, lvl
[04/07/2009 17:48:23] /addskill Lindinhah, lvl
[04/07/2009 17:48:23] /addskill Lindinhah, lvl
[04/07/2009 17:48:23] /addskill Lindinhah, lvl
[04/07/2009 17:48:23] /addskill Lindinhah, lvl
[04/07/2009 17:48:23] /addskill Lindinhah, lvl
[04/07/2009 17:48:23] /addskill Lindinhah, lvl
[04/07/2009 17:48:23] /addskill Lindinhah, lvl
[04/07/2009 17:48:23] /addskill Lindinhah, lvl
[04/07/2009 17:48:23] /addskill Lindinhah, lvl
[04/07/2009 17:48:23] /addskill Lindinhah, lvl
[04/07/2009 17:48:23] /addskill Lindinhah, lvl
[04/07/2009 17:48:23] /addskill Lindinhah, lvl
[04/07/2009 17:48:24] /addskill Lindinhah, lvl
[04/07/2009 17:48:24] /addskill Lindinhah, lvl
[04/07/2009 17:48:24] /addskill Lindinhah, lvl
[04/07/2009 17:48:24] /addskill Lindinhah, lvl
[04/07/2009 17:48:24] /addskill Lindinhah, lvl
[04/07/2009 17:48:24] /addskill Lindinhah, lvl
[04/07/2009 17:48:24] /addskill Lindinhah, lvl
[04/07/2009 17:48:24] /addskill Lindinhah, lvl
[04/07/2009 17:48:24] /addskill Lindinhah, lvl
[04/07/2009 17:48:24] /addskill Lindinhah, lvl
[04/07/2009 17:48:24] /addskill Lindinhah, lvl
[04/07/2009 17:48:24] /addskill Lindinhah, lvl
[04/07/2009 17:48:24] /addskill Lindinhah, lvl
[04/07/2009 17:48:24] /addskill Lindinhah, lvl
[04/07/2009 17:48:24] /addskill Lindinhah, lvl
[04/07/2009 17:48:24] /addskill Lindinhah, lvl
[04/07/2009 17:48:24] /addskill Lindinhah, lvl
[04/07/2009 17:48:24] /addskill Lindinhah, lvl
[04/07/2009 17:48:24] /addskill Lindinhah, lvl
[04/07/2009 17:48:24] /addskill Lindinhah, lvl
[04/07/2009 17:48:24] /addskill Lindinhah, lvl
[04/07/2009 17:48:24] /addskill Lindinhah, lvl
[04/07/2009 17:48:24] /addskill Lindinhah, lvl
[04/07/2009 17:48:24] /addskill Lindinhah, lvl
[04/07/2009 17:48:24] /addskill Lindinhah, lvl
[04/07/2009 17:48:24] /addskill Lindinhah, lvl
[04/07/2009 17:48:24] /addskill Lindinhah, lvl
[04/07/2009 17:48:24] /addskill Lindinhah, lvl
[04/07/2009 17:48:24] /addskill Lindinhah, lvl
[04/07/2009 17:48:24] /addskill Lindinhah, lvl
[04/07/2009 17:48:24] /addskill Lindinhah, lvl
[04/07/2009 17:48:24] /addskill Lindinhah, lvl
[04/07/2009 17:48:25] /addskill Lindinhah, lvl
[04/07/2009 17:48:25] /addskill Lindinhah, lvl
[04/07/2009 17:48:25] /addskill Lindinhah, lvl
[04/07/2009 17:48:25] /addskill Lindinhah, lvl
[04/07/2009 17:48:25] /addskill Lindinhah, lvl
[04/07/2009 17:48:25] /addskill Lindinhah, lvl
[04/07/2009 17:48:25] /addskill Lindinhah, lvl
[04/07/2009 17:48:25] /addskill Lindinhah, lvl
[04/07/2009 17:48:25] /addskill Lindinhah, lvl
[04/07/2009 17:48:25] /addskill Lindinhah, lvl
[04/07/2009 17:48:25] /addskill Lindinhah, lvl
[04/07/2009 17:48:25] /addskill Lindinhah, lvl
[04/07/2009 17:48:25] /addskill Lindinhah, lvl
[04/07/2009 17:48:25] /addskill Lindinhah, lvl
[04/07/2009 17:48:25] /addskill Lindinhah, lvl
[04/07/2009 17:48:25] /addskill Lindinhah, lvl
[04/07/2009 17:48:25] /addskill Lindinhah, lvl
[04/07/2009 17:48:25] /addskill Lindinhah, lvl
[04/07/2009 17:48:25] /addskill Lindinhah, lvl
[04/07/2009 17:48:26] /addskill Lindinhah, lvl
[04/07/2009 17:48:26] /addskill Lindinhah, lvl
[04/07/2009 17:48:26] /addskill Lindinhah, lvl
[04/07/2009 17:48:26] /addskill Lindinhah, lvl
[04/07/2009 17:48:26] /addskill Lindinhah, lvl
[04/07/2009 17:48:26] /addskill Lindinhah, lvl
[04/07/2009 17:48:26] /addskill Lindinhah, lvl
[04/07/2009 17:48:26] /addskill Lindinhah, lvl
[04/07/2009 17:48:26] /addskill Lindinhah, lvl
[04/07/2009 17:48:26] /addskill Lindinhah, lvl
[04/07/2009 17:48:26] /addskill Lindinhah, lvl
[04/07/2009 17:48:26] /addskill Lindinhah, lvl
[04/07/2009 17:48:26] /addskill Lindinhah, lvl
[04/07/2009 17:48:26] /addskill Lindinhah, lvl
[04/07/2009 17:48:26] /addskill Lindinhah, lvl
[04/07/2009 17:48:26] /addskill Lindinhah, lvl
[04/07/2009 17:48:26] /addskill Lindinhah, lvl
[04/07/2009 17:48:26] /addskill Lindinhah, lvl
[04/07/2009 17:48:26] /addskill Lindinhah, lvl
[04/07/2009 17:48:26] /addskill Lindinhah, lvl
[04/07/2009 17:48:26] /addskill Lindinhah, lvl
[04/07/2009 17:48:26] /addskill Lindinhah, lvl
[04/07/2009 17:48:26] /addskill Lindinhah, lvl
[04/07/2009 17:48:26] /addskill Lindinhah, lvl
[04/07/2009 17:48:26] /addskill Lindinhah, lvl
[04/07/2009 17:48:26] /addskill Lindinhah, lvl
[04/07/2009 17:48:26] /addskill Lindinhah, lvl
[04/07/2009 17:48:26] /addskill Lindinhah, lvl
[04/07/2009 17:48:26] /addskill Lindinhah, lvl
[04/07/2009 17:48:26] /addskill Lindinhah, lvl
[04/07/2009 17:48:26] /addskill Lindinhah, lvl
[04/07/2009 17:48:26] /addskill Lindinhah, lvl
[04/07/2009 17:48:26] /addskill Lindinhah, lvl
[04/07/2009 17:48:26] /addskill Lindinhah, lvl
[04/07/2009 17:48:26] /addskill Lindinhah, lvl
[04/07/2009 17:48:26] /addskill Lindinhah, lvl
[04/07/2009 17:48:26] /addskill Lindinhah, lvl
[04/07/2009 17:48:26] /addskill Lindinhah, lvl
[04/07/2009 17:48:27] /addskill Lindinhah, lvl
[04/07/2009 17:48:27] /addskill Lindinhah, lvl
[04/07/2009 17:48:27] /addskill Lindinhah, lvl
[04/07/2009 17:48:27] /addskill Lindinhah, lvl
[04/07/2009 17:48:27] /addskill Lindinhah, lvl
[04/07/2009 17:48:27] /addskill Lindinhah, lvl
[04/07/2009 17:48:27] /addskill Lindinhah, lvl
[04/07/2009 17:48:27] /addskill Lindinhah, lvl
[04/07/2009 17:48:27] /addskill Lindinhah, lvl
[04/07/2009 17:48:27] /addskill Lindinhah, lvl
[04/07/2009 17:48:27] /addskill Lindinhah, lvl
[04/07/2009 17:48:27] /addskill Lindinhah, lvl
[04/07/2009 17:48:27] /addskill Lindinhah, lvl
[04/07/2009 17:48:27] /addskill Lindinhah, lvl
[04/07/2009 17:48:27] /addskill Lindinhah, lvl
[04/07/2009 17:48:27] /addskill Lindinhah, lvl
[04/07/2009 17:48:27] /addskill Lindinhah, lvl
[04/07/2009 17:48:27] /addskill Lindinhah, lvl
[04/07/2009 17:48:27] /addskill Lindinhah, lvl
[04/07/2009 17:48:27] /addskill Lindinhah, lvl
[04/07/2009 17:48:27] /addskill Lindinhah, lvl
[04/07/2009 17:48:27] /addskill Lindinhah, lvl
[04/07/2009 17:48:27] /addskill Lindinhah, lvl
[04/07/2009 17:48:27] /addskill Lindinhah, lvl
[04/07/2009 17:48:27] /addskill Lindinhah, lvl
[04/07/2009 17:48:27] /addskill Lindinhah, lvl
[04/07/2009 17:48:28] /addskill Lindinhah, lvl
[04/07/2009 17:48:28] /addskill Lindinhah, lvl
[04/07/2009 17:48:28] /addskill Lindinhah, lvl
[04/07/2009 17:48:28] /addskill Lindinhah, lvl
[04/07/2009 17:48:28] /addskill Lindinhah, lvl
[04/07/2009 17:48:28] /addskill Lindinhah, lvl
[04/07/2009 17:48:28] /addskill Lindinhah, lvl
[04/07/2009 17:48:28] /addskill Lindinhah, lvl
[04/07/2009 17:48:28] /addskill Lindinhah, lvl
[04/07/2009 17:48:28] /addskill Lindinhah, lvl
[04/07/2009 17:48:28] /addskill Lindinhah, lvl
[04/07/2009 17:48:28] /addskill Lindinhah, lvl
[04/07/2009 17:48:28] /addskill Lindinhah, lvl
[04/07/2009 17:48:28] /addskill Lindinhah, lvl
[04/07/2009 17:48:28] /addskill Lindinhah, lvl
[04/07/2009 17:48:28] /addskill Lindinhah, lvl
[04/07/2009 17:48:28] /addskill Lindinhah, lvl
[04/07/2009 17:48:28] /addskill Lindinhah, lvl
[04/07/2009 17:48:28] /addskill Lindinhah, lvl
[04/07/2009 17:48:28] /addskill Lindinhah, lvl
[04/07/2009 17:48:28] /addskill Lindinhah, lvl
[04/07/2009 17:48:28] /addskill Lindinhah, lvl
[04/07/2009 17:48:28] /addskill Lindinhah, lvl
[04/07/2009 17:48:28] /addskill Lindinhah, lvl
[04/07/2009 17:48:28] /addskill Lindinhah, lvl
[04/07/2009 17:48:29] /addskill Lindinhah, lvl
[04/07/2009 17:48:29] /addskill Lindinhah, lvl
[04/07/2009 17:48:29] /addskill Lindinhah, lvl
[04/07/2009 17:48:29] /addskill Lindinhah, lvl
[04/07/2009 17:48:29] /addskill Lindinhah, lvl
[04/07/2009 17:48:29] /addskill Lindinhah, lvl
[04/07/2009 17:48:29] /addskill Lindinhah, lvl
[04/07/2009 17:48:29] /addskill Lindinhah, lvl
[04/07/2009 17:48:29] /addskill Lindinhah, lvl
[04/07/2009 17:48:29] /addskill Lindinhah, lvl
[04/07/2009 17:48:29] /addskill Lindinhah, lvl
[04/07/2009 17:48:29] /addskill Lindinhah, lvl
[04/07/2009 17:48:29] /addskill Lindinhah, lvl
[04/07/2009 17:48:30] /addskill Lindinhah, lvl
[04/07/2009 17:48:30] /addskill Lindinhah, lvl
[04/07/2009 17:48:30] /addskill Lindinhah, lvl
[04/07/2009 17:48:30] /addskill Lindinhah, lvl
[04/07/2009 17:48:30] /addskill Lindinhah, lvl
[04/07/2009 17:48:30] /addskill Lindinhah, lvl
[04/07/2009 17:48:30] /addskill Lindinhah, lvl
[04/07/2009 17:48:30] /addskill Lindinhah, lvl
[04/07/2009 17:48:30] /addskill Lindinhah, lvl
[04/07/2009 17:48:30] /addskill Lindinhah, lvl
[04/07/2009 17:48:30] /addskill Lindinhah, lvl
[04/07/2009 17:48:30] /addskill Lindinhah, lvl
[04/07/2009 17:48:30] /addskill Lindinhah, lvl
[04/07/2009 17:48:30] /addskill Lindinhah, lvl
[04/07/2009 17:48:30] /addskill Lindinhah, lvl
[04/07/2009 17:48:30] /addskill Lindinhah, lvl
[04/07/2009 17:48:30] /addskill Lindinhah, lvl
[04/07/2009 17:48:30] /addskill Lindinhah, lvl
[04/07/2009 17:48:30] /addskill Lindinhah, lvl
[04/07/2009 17:48:30] /addskill Lindinhah, lvl
[04/07/2009 17:48:30] /addskill Lindinhah, lvl
[04/07/2009 17:48:30] /addskill Lindinhah, lvl
[04/07/2009 17:48:30] /addskill Lindinhah, lvl
[04/07/2009 17:48:30] /addskill Lindinhah, lvl
[04/07/2009 17:48:30] /addskill Lindinhah, lvl
[04/07/2009 17:48:30] /addskill Lindinhah, lvl
[04/07/2009 17:48:30] /addskill Lindinhah, lvl
[04/07/2009 17:48:30] /addskill Lindinhah, lvl
[04/07/2009 17:48:30] /addskill Lindinhah, lvl
[04/07/2009 17:48:30] /addskill Lindinhah, lvl
[04/07/2009 17:48:30] /addskill Lindinhah, lvl
[04/07/2009 17:48:30] /addskill Lindinhah, lvl
[04/07/2009 17:48:30] /addskill Lindinhah, lvl
[04/07/2009 17:48:30] /addskill Lindinhah, lvl
[04/07/2009 17:48:30] /addskill Lindinhah, lvl
[04/07/2009 17:48:30] /addskill Lindinhah, lvl
[04/07/2009 17:48:30] /addskill Lindinhah, lvl
[04/07/2009 17:48:31] /addskill Lindinhah, lvl
[04/07/2009 17:48:31] /addskill Lindinhah, lvl
[04/07/2009 17:48:31] /addskill Lindinhah, lvl
[04/07/2009 17:48:31] /addskill Lindinhah, lvl
[04/07/2009 17:48:31] /addskill Lindinhah, lvl
[04/07/2009 17:48:31] /addskill Lindinhah, lvl
[04/07/2009 17:48:31] /addskill Lindinhah, lvl
[04/07/2009 17:48:31] /addskill Lindinhah, lvl
[04/07/2009 17:48:31] /addskill Lindinhah, lvl
[04/07/2009 17:48:31] /addskill Lindinhah, lvl
[04/07/2009 17:48:31] /addskill Lindinhah, lvl
[04/07/2009 17:48:31] /addskill Lindinhah, lvl
[04/07/2009 17:48:31] /addskill Lindinhah, lvl
[04/07/2009 17:48:31] /addskill Lindinhah, lvl
[04/07/2009 17:48:31] /addskill Lindinhah, lvl
[04/07/2009 17:48:31] /addskill Lindinhah, lvl
[04/07/2009 17:48:31] /addskill Lindinhah, lvl
[04/07/2009 17:48:31] /addskill Lindinhah, lvl
[04/07/2009 17:48:31] /addskill Lindinhah, lvl
[04/07/2009 17:48:31] /addskill Lindinhah, lvl
[04/07/2009 17:48:31] /addskill Lindinhah, lvl
[04/07/2009 17:48:31] /addskill Lindinhah, lvl
[04/07/2009 17:48:31] /addskill Lindinhah, lvl
[04/07/2009 17:48:31] /addskill Lindinhah, lvl
[04/07/2009 17:48:31] /addskill Lindinhah, lvl
[04/07/2009 17:48:32] /addskill Lindinhah, lvl
[04/07/2009 17:48:32] /addskill Lindinhah, lvl
[04/07/2009 17:48:32] /addskill Lindinhah, lvl
[04/07/2009 17:48:32] /addskill Lindinhah, lvl
[04/07/2009 17:48:32] /addskill Lindinhah, lvl
[04/07/2009 17:48:32] /addskill Lindinhah, lvl
[04/07/2009 17:48:32] /addskill Lindinhah, lvl
[04/07/2009 17:48:32] /addskill Lindinhah, lvl
[04/07/2009 17:48:32] /addskill Lindinhah, lvl
[04/07/2009 17:48:32] /addskill Lindinhah, lvl
[04/07/2009 17:48:32] /addskill Lindinhah, lvl
[04/07/2009 17:48:32] /addskill Lindinhah, lvl
[04/07/2009 17:48:32] /addskill Lindinhah, lvl
[04/07/2009 17:48:32] /addskill Lindinhah, lvl
[04/07/2009 17:48:32] /addskill Lindinhah, lvl
[04/07/2009 17:48:32] /addskill Lindinhah, lvl
[04/07/2009 17:48:32] /addskill Lindinhah, lvl
[04/07/2009 17:48:32] /addskill Lindinhah, lvl
[04/07/2009 17:48:32] /addskill Lindinhah, lvl
[04/07/2009 17:48:32] /addskill Lindinhah, lvl
[04/07/2009 17:48:32] /addskill Lindinhah, lvl
[04/07/2009 17:48:32] /addskill Lindinhah, lvl
[04/07/2009 17:48:32] /addskill Lindinhah, lvl
[04/07/2009 17:48:32] /addskill Lindinhah, lvl
[04/07/2009 17:48:32] /addskill Lindinhah, lvl
[04/07/2009 17:48:32] /addskill Lindinhah, lvl
[04/07/2009 17:48:32] /addskill Lindinhah, lvl
[04/07/2009 17:48:32] /addskill Lindinhah, lvl
[04/07/2009 17:48:33] /addskill Lindinhah, lvl
[04/07/2009 17:48:33] /addskill Lindinhah, lvl
[04/07/2009 17:48:33] /addskill Lindinhah, lvl
[04/07/2009 17:48:33] /addskill Lindinhah, lvl
[04/07/2009 17:48:33] /addskill Lindinhah, lvl
[04/07/2009 17:48:33] /addskill Lindinhah, lvl
[04/07/2009 17:48:33] /addskill Lindinhah, lvl
[04/07/2009 17:48:33] /addskill Lindinhah, lvl
[04/07/2009 17:48:33] /addskill Lindinhah, lvl
[04/07/2009 17:48:33] /addskill Lindinhah, lvl
[04/07/2009 17:48:33] /addskill Lindinhah, lvl
[04/07/2009 17:48:33] /addskill Lindinhah, lvl
[04/07/2009 17:48:33] /addskill Lindinhah, lvl
[04/07/2009 17:48:33] /addskill Lindinhah, lvl
[04/07/2009 17:48:33] /addskill Lindinhah, lvl
[04/07/2009 17:48:33] /addskill Lindinhah, lvl
[04/07/2009 17:48:33] /addskill Lindinhah, lvl
[04/07/2009 17:48:33] /addskill Lindinhah, lvl
[04/07/2009 17:48:33] /addskill Lindinhah, lvl
[04/07/2009 17:48:33] /addskill Lindinhah, lvl
[04/07/2009 17:48:33] /addskill Lindinhah, lvl
[04/07/2009 17:48:33] /addskill Lindinhah, lvl
[04/07/2009 17:48:34] /addskill Lindinhah, lvl
[04/07/2009 17:48:34] /addskill Lindinhah, lvl
[04/07/2009 17:48:34] /addskill Lindinhah, lvl
[04/07/2009 17:48:34] /addskill Lindinhah, lvl
[04/07/2009 17:48:34] /addskill Lindinhah, lvl
[04/07/2009 17:48:34] /addskill Lindinhah, lvl
[04/07/2009 17:48:34] /addskill Lindinhah, lvl
[04/07/2009 17:48:34] /addskill Lindinhah, lvl
[04/07/2009 17:48:34] /addskill Lindinhah, lvl
[04/07/2009 17:48:34] /addskill Lindinhah, lvl
[04/07/2009 17:48:34] /addskill Lindinhah, lvl
[04/07/2009 17:48:34] /addskill Lindinhah, lvl
[04/07/2009 17:48:34] /addskill Lindinhah, lvl
[04/07/2009 17:48:34] /addskill Lindinhah, lvl
[04/07/2009 17:48:34] /addskill Lindinhah, lvl
[04/07/2009 17:48:35] /addskill Lindinhah, lvl
[04/07/2009 17:48:35] /addskill Lindinhah, lvl
[04/07/2009 17:48:35] /addskill Lindinhah, lvl
[04/07/2009 17:48:35] /addskill Lindinhah, lvl
[04/07/2009 17:48:35] /addskill Lindinhah, lvl
[04/07/2009 17:48:35] /addskill Lindinhah, lvl
[04/07/2009 17:48:35] /addskill Lindinhah, lvl
[04/07/2009 17:48:35] /addskill Lindinhah, lvl
[04/07/2009 17:48:35] /addskill Lindinhah, lvl
[04/07/2009 17:48:35] /addskill Lindinhah, lvl
[04/07/2009 17:48:35] /addskill Lindinhah, lvl
[04/07/2009 17:48:35] /addskill Lindinhah, lvl
[04/07/2009 17:48:35] /addskill Lindinhah, lvl
[04/07/2009 17:48:35] /addskill Lindinhah, lvl
[04/07/2009 17:48:35] /addskill Lindinhah, lvl
[04/07/2009 17:48:35] /addskill Lindinhah, lvl
[04/07/2009 17:48:35] /addskill Lindinhah, lvl
[04/07/2009 17:48:35] /addskill Lindinhah, lvl
[04/07/2009 17:48:35] /addskill Lindinhah, lvl
[04/07/2009 17:48:35] /addskill Lindinhah, lvl
[04/07/2009 17:48:35] /addskill Lindinhah, lvl
[04/07/2009 17:48:35] /addskill Lindinhah, lvl
[04/07/2009 17:48:35] /addskill Lindinhah, lvl
[04/07/2009 17:48:35] /addskill Lindinhah, lvl
[04/07/2009 17:48:35] /addskill Lindinhah, lvl
[04/07/2009 17:48:35] /addskill Lindinhah, lvl
[04/07/2009 17:48:35] /addskill Lindinhah, lvl
[04/07/2009 17:48:35] /addskill Lindinhah, lvl
[04/07/2009 17:48:35] /addskill Lindinhah, lvl
[04/07/2009 17:48:35] /addskill Lindinhah, lvl
[04/07/2009 17:48:35] /addskill Lindinhah, lvl
[04/07/2009 17:48:35] /addskill Lindinhah, lvl
[04/07/2009 17:48:35] /addskill Lindinhah, lvl
[04/07/2009 17:48:35] /addskill Lindinhah, lvl
[04/07/2009 17:48:35] /addskill Lindinhah, lvl
[04/07/2009 17:48:35] /addskill Lindinhah, lvl
[04/07/2009 17:48:35] /addskill Lindinhah, lvl
[04/07/2009 17:48:35] /addskill Lindinhah, lvl
[04/07/2009 17:48:36] /addskill Lindinhah, lvl
[04/07/2009 17:48:36] /addskill Lindinhah, lvl
[04/07/2009 17:48:36] /addskill Lindinhah, lvl
[04/07/2009 17:48:36] /addskill Lindinhah, lvl
[04/07/2009 17:48:36] /addskill Lindinhah, lvl
[04/07/2009 17:48:36] /addskill Lindinhah, lvl
[04/07/2009 17:48:36] /addskill Lindinhah, lvl
[04/07/2009 17:48:36] /addskill Lindinhah, lvl
[04/07/2009 17:48:36] /addskill Lindinhah, lvl
[04/07/2009 17:48:36] /addskill Lindinhah, lvl
[04/07/2009 17:48:36] /addskill Lindinhah, lvl
[04/07/2009 17:48:36] /addskill Lindinhah, lvl
[04/07/2009 17:48:36] /addskill Lindinhah, lvl
[04/07/2009 17:48:36] /addskill Lindinhah, lvl
[04/07/2009 17:48:36] /addskill Lindinhah, lvl
[04/07/2009 17:48:36] /addskill Lindinhah, lvl
[04/07/2009 17:48:36] /addskill Lindinhah, lvl
[04/07/2009 17:48:36] /addskill Lindinhah, lvl
[04/07/2009 17:48:36] /addskill Lindinhah, lvl
[04/07/2009 17:48:36] /addskill Lindinhah, lvl
[04/07/2009 17:48:36] /addskill Lindinhah, lvl
[04/07/2009 17:48:36] /addskill Lindinhah, lvl
[04/07/2009 17:48:37] /addskill Lindinhah, lvl
[04/07/2009 17:48:37] /addskill Lindinhah, lvl
[04/07/2009 17:48:37] /addskill Lindinhah, lvl
[04/07/2009 17:48:37] /addskill Lindinhah, lvl
[04/07/2009 17:48:37] /addskill Lindinhah, lvl
[04/07/2009 17:48:37] /addskill Lindinhah, lvl
[04/07/2009 17:48:37] /addskill Lindinhah, lvl
[04/07/2009 17:48:37] /addskill Lindinhah, lvl
[04/07/2009 17:48:37] /addskill Lindinhah, lvl
[04/07/2009 17:48:37] /addskill Lindinhah, lvl
[04/07/2009 17:48:37] /addskill Lindinhah, lvl
[04/07/2009 17:48:37] /addskill Lindinhah, lvl
[04/07/2009 17:48:37] /addskill Lindinhah, lvl
[04/07/2009 17:48:37] /addskill Lindinhah, lvl
[04/07/2009 17:48:37] /addskill Lindinhah, lvl
[04/07/2009 17:48:37] /addskill Lindinhah, lvl
[04/07/2009 17:48:37] /addskill Lindinhah, lvl
[04/07/2009 17:48:37] /addskill Lindinhah, lvl
[04/07/2009 17:48:37] /addskill Lindinhah, lvl
[04/07/2009 17:48:37] /addskill Lindinhah, lvl
[04/07/2009 17:48:37] /addskill Lindinhah, lvl
[04/07/2009 17:48:37] /addskill Lindinhah, lvl
[04/07/2009 17:48:38] /addskill Lindinhah, lvl
[04/07/2009 17:48:38] /addskill Lindinhah, lvl
[04/07/2009 17:48:38] /addskill Lindinhah, lvl
[04/07/2009 17:48:38] /addskill Lindinhah, lvl
[04/07/2009 17:48:38] /addskill Lindinhah, lvl
[04/07/2009 17:48:38] /addskill Lindinhah, lvl
[04/07/2009 17:48:38] /addskill Lindinhah, lvl
[04/07/2009 17:48:38] /addskill Lindinhah, lvl
[04/07/2009 17:48:38] /addskill Lindinhah, lvl
[04/07/2009 17:48:38] /addskill Lindinhah, lvl
[04/07/2009 17:48:38] /addskill Lindinhah, lvl
[04/07/2009 17:48:38] /addskill Lindinhah, lvl
[04/07/2009 17:48:38] /addskill Lindinhah, lvl
[04/07/2009 17:48:38] /addskill Lindinhah, lvl
[04/07/2009 17:48:38] /addskill Lindinhah, lvl
[04/07/2009 17:48:38] /addskill Lindinhah, lvl
[04/07/2009 17:48:38] /addskill Lindinhah, lvl
[04/07/2009 17:48:38] /addskill Lindinhah, lvl
[04/07/2009 17:48:38] /addskill Lindinhah, lvl
[04/07/2009 17:48:38] /addskill Lindinhah, lvl
[04/07/2009 17:48:38] /addskill Lindinhah, lvl
[04/07/2009 17:48:38] /addskill Lindinhah, lvl
[04/07/2009 17:48:38] /addskill Lindinhah, lvl
[04/07/2009 17:48:39] /addskill Lindinhah, lvl
[04/07/2009 17:48:39] /addskill Lindinhah, lvl
[04/07/2009 17:48:39] /addskill Lindinhah, lvl
[04/07/2009 17:48:39] /addskill Lindinhah, lvl
[04/07/2009 17:48:39] /addskill Lindinhah, lvl
[04/07/2009 17:48:39] /addskill Lindinhah, lvl
[04/07/2009 17:48:39] /addskill Lindinhah, lvl
[04/07/2009 17:48:39] /addskill Lindinhah, lvl
[04/07/2009 17:48:39] /addskill Lindinhah, lvl
[04/07/2009 17:48:39] /addskill Lindinhah, lvl
[04/07/2009 17:48:39] /addskill Lindinhah, lvl
[04/07/2009 17:48:39] /addskill Lindinhah, lvl
[04/07/2009 17:48:39] /addskill Lindinhah, lvl
[04/07/2009 17:48:39] /addskill Lindinhah, lvl
[04/07/2009 17:48:39] /addskill Lindinhah, lvl
[04/07/2009 17:48:39] /addskill Lindinhah, lvl
[04/07/2009 17:48:39] /addskill Lindinhah, lvl
[04/07/2009 17:48:39] /addskill Lindinhah, lvl
[04/07/2009 17:48:39] /addskill Lindinhah, lvl
[04/07/2009 17:48:39] /addskill Lindinhah, lvl
[04/07/2009 17:48:39] /addskill Lindinhah, lvl
[04/07/2009 17:48:39] /addskill Lindinhah, lvl
[04/07/2009 17:48:39] /addskill Lindinhah, lvl
[04/07/2009 17:48:39] /addskill Lindinhah, lvl
[04/07/2009 17:48:39] /addskill Lindinhah, lvl
[04/07/2009 17:48:39] /addskill Lindinhah, lvl
[04/07/2009 17:48:40] /addskill Lindinhah, lvl
[04/07/2009 17:48:40] /addskill Lindinhah, lvl
[04/07/2009 17:48:40] /addskill Lindinhah, lvl
[04/07/2009 17:48:40] /addskill Lindinhah, lvl
[04/07/2009 17:48:40] /addskill Lindinhah, lvl
[04/07/2009 17:48:40] /addskill Lindinhah, lvl
[04/07/2009 17:48:40] /addskill Lindinhah, lvl
[04/07/2009 17:48:40] /addskill Lindinhah, lvl
[04/07/2009 17:48:40] /addskill Lindinhah, lvl
[04/07/2009 17:48:40] /addskill Lindinhah, lvl
[04/07/2009 17:48:40] /addskill Lindinhah, lvl
[04/07/2009 17:48:40] /addskill Lindinhah, lvl
[04/07/2009 17:48:40] /addskill Lindinhah, lvl
[04/07/2009 17:48:40] /addskill Lindinhah, lvl
[04/07/2009 17:48:40] /addskill Lindinhah, lvl
[04/07/2009 17:48:40] /addskill Lindinhah, lvl
[04/07/2009 17:48:40] /addskill Lindinhah, lvl
[04/07/2009 17:48:40] /addskill Lindinhah, lvl
[04/07/2009 17:48:40] /addskill Lindinhah, lvl
[04/07/2009 17:48:40] /addskill Lindinhah, lvl
[04/07/2009 17:48:40] /addskill Lindinhah, lvl
[04/07/2009 17:48:40] /addskill Lindinhah, lvl
[04/07/2009 17:48:40] /addskill Lindinhah, lvl
[04/07/2009 17:48:40] /addskill Lindinhah, lvl
[04/07/2009 17:48:40] /addskill Lindinhah, lvl
[04/07/2009 17:48:41] /addskill Lindinhah, lvl
[04/07/2009 17:48:41] /addskill Lindinhah, lvl
[04/07/2009 17:48:41] /addskill Lindinhah, lvl
[04/07/2009 17:48:41] /addskill Lindinhah, lvl
[04/07/2009 17:48:41] /addskill Lindinhah, lvl
[04/07/2009 17:48:41] /addskill Lindinhah, lvl
[04/07/2009 17:48:41] /addskill Lindinhah, lvl
[04/07/2009 17:48:41] /addskill Lindinhah, lvl
[04/07/2009 17:48:41] /addskill Lindinhah, lvl
[04/07/2009 17:48:41] /addskill Lindinhah, lvl
[04/07/2009 17:48:41] /addskill Lindinhah, lvl
[04/07/2009 17:48:41] /addskill Lindinhah, lvl
[04/07/2009 17:48:41] /addskill Lindinhah, lvl
[04/07/2009 17:48:41] /addskill Lindinhah, lvl
[04/07/2009 17:48:41] /addskill Lindinhah, lvl
[04/07/2009 17:48:41] /addskill Lindinhah, lvl
[04/07/2009 17:48:41] /addskill Lindinhah, lvl
[04/07/2009 17:48:41] /addskill Lindinhah, lvl
[04/07/2009 17:48:41] /addskill Lindinhah, lvl
[04/07/2009 17:48:41] /addskill Lindinhah, lvl
[04/07/2009 17:48:41] /addskill Lindinhah, lvl
[04/07/2009 17:48:41] /addskill Lindinhah, lvl
[04/07/2009 17:48:41] /addskill Lindinhah, lvl
[04/07/2009 17:48:41] /addskill Lindinhah, lvl
[04/07/2009 17:48:42] /addskill Lindinhah, lvl
[04/07/2009 17:48:42] /addskill Lindinhah, lvl
[04/07/2009 17:48:42] /addskill Lindinhah, lvl
[04/07/2009 17:48:42] /addskill Lindinhah, lvl
[04/07/2009 17:48:42] /addskill Lindinhah, lvl
[04/07/2009 17:48:42] /addskill Lindinhah, lvl
[04/07/2009 17:48:42] /addskill Lindinhah, lvl
[04/07/2009 17:48:42] /addskill Lindinhah, lvl
[04/07/2009 17:48:42] /addskill Lindinhah, lvl
[04/07/2009 17:48:42] /addskill Lindinhah, lvl
[04/07/2009 17:48:42] /addskill Lindinhah, lvl
[04/07/2009 17:48:42] /addskill Lindinhah, lvl
[04/07/2009 17:48:42] /addskill Lindinhah, lvl
[04/07/2009 17:48:42] /addskill Lindinhah, lvl
[04/07/2009 17:48:42] /addskill Lindinhah, lvl
[04/07/2009 17:48:42] /addskill Lindinhah, lvl
[04/07/2009 17:48:42] /addskill Lindinhah, lvl
[04/07/2009 17:48:42] /addskill Lindinhah, lvl
[04/07/2009 17:48:42] /addskill Lindinhah, lvl
[04/07/2009 17:48:42] /addskill Lindinhah, lvl
[04/07/2009 17:48:42] /addskill Lindinhah, lvl
[04/07/2009 17:48:42] /addskill Lindinhah, lvl
[04/07/2009 17:48:42] /addskill Lindinhah, lvl
[04/07/2009 17:48:42] /addskill Lindinhah, lvl
[04/07/2009 17:48:43] /addskill Lindinhah, lvl
[04/07/2009 17:48:43] /addskill Lindinhah, lvl
[04/07/2009 17:48:43] /addskill Lindinhah, lvl
[04/07/2009 17:48:43] /addskill Lindinhah, lvl
[04/07/2009 17:48:43] /addskill Lindinhah, lvl
[04/07/2009 17:48:43] /addskill Lindinhah, lvl
[04/07/2009 17:48:43] /addskill Lindinhah, lvl
[04/07/2009 17:48:43] /addskill Lindinhah, lvl
[04/07/2009 17:48:43] /addskill Lindinhah, lvl
[04/07/2009 17:48:43] /addskill Lindinhah, lvl
[04/07/2009 17:48:43] /addskill Lindinhah, lvl
[04/07/2009 17:48:43] /addskill Lindinhah, lvl
[04/07/2009 17:48:43] /addskill Lindinhah, lvl
[04/07/2009 17:48:43] /addskill Lindinhah, lvl
[04/07/2009 17:48:43] /addskill Lindinhah, lvl
[04/07/2009 17:48:43] /addskill Lindinhah, lvl
[04/07/2009 17:48:43] /addskill Lindinhah, lvl
[04/07/2009 17:48:43] /addskill Lindinhah, lvl
[04/07/2009 17:48:43] /addskill Lindinhah, lvl
[04/07/2009 17:48:43] /addskill Lindinhah, lvl
[04/07/2009 17:48:43] /addskill Lindinhah, lvl
[04/07/2009 17:48:43] /addskill Lindinhah, lvl
[04/07/2009 17:48:43] /addskill Lindinhah, lvl
[04/07/2009 17:48:43] /addskill Lindinhah, lvl
[04/07/2009 17:48:43] /addskill Lindinhah, lvl
[04/07/2009 17:48:44] /addskill Lindinhah, lvl
[04/07/2009 17:48:44] /addskill Lindinhah, lvl
[04/07/2009 17:48:44] /addskill Lindinhah, lvl
[04/07/2009 17:48:44] /addskill Lindinhah, lvl
[04/07/2009 17:48:44] /addskill Lindinhah, lvl
[04/07/2009 17:48:44] /addskill Lindinhah, lvl
[04/07/2009 17:48:44] /addskill Lindinhah, lvl
[04/07/2009 17:48:44] /addskill Lindinhah, lvl
[04/07/2009 17:48:44] /addskill Lindinhah, lvl
[04/07/2009 17:48:44] /addskill Lindinhah, lvl
[04/07/2009 17:48:44] /addskill Lindinhah, lvl
[04/07/2009 17:48:44] /addskill Lindinhah, lvl
[04/07/2009 17:48:44] /addskill Lindinhah, lvl
[04/07/2009 17:48:44] /addskill Lindinhah, lvl
[04/07/2009 17:48:44] /addskill Lindinhah, lvl
[04/07/2009 17:48:44] /addskill Lindinhah, lvl
[04/07/2009 17:48:44] /addskill Lindinhah, lvl
[04/07/2009 17:48:44] /addskill Lindinhah, lvl
[04/07/2009 17:48:44] /addskill Lindinhah, lvl
[04/07/2009 17:48:44] /addskill Lindinhah, lvl
[04/07/2009 17:48:44] /addskill Lindinhah, lvl
[04/07/2009 17:48:44] /addskill Lindinhah, lvl
[04/07/2009 17:48:44] /addskill Lindinhah, lvl
[04/07/2009 17:48:44] /addskill Lindinhah, lvl
[04/07/2009 17:48:44] /addskill Lindinhah, lvl
[04/07/2009 17:48:44] /addskill Lindinhah, lvl
[04/07/2009 17:48:45] /addskill Lindinhah, lvl
[04/07/2009 17:48:45] /addskill Lindinhah, lvl
[04/07/2009 17:48:45] /addskill Lindinhah, lvl
[04/07/2009 17:48:45] /addskill Lindinhah, lvl
[04/07/2009 17:48:45] /addskill Lindinhah, lvl
[04/07/2009 17:48:45] /addskill Lindinhah, lvl
[04/07/2009 17:48:45] /addskill Lindinhah, lvl
[04/07/2009 17:48:45] /addskill Lindinhah, lvl
[04/07/2009 17:48:45] /addskill Lindinhah, lvl
[04/07/2009 17:48:45] /addskill Lindinhah, lvl
[04/07/2009 17:48:45] /addskill Lindinhah, lvl
[04/07/2009 17:48:45] /addskill Lindinhah, lvl
[04/07/2009 17:48:45] /addskill Lindinhah, lvl
[04/07/2009 17:48:45] /addskill Lindinhah, lvl
[04/07/2009 17:48:45] /addskill Lindinhah, lvl
[04/07/2009 17:48:45] /addskill Lindinhah, lvl
[04/07/2009 17:48:45] /addskill Lindinhah, lvl
[04/07/2009 17:48:45] /addskill Lindinhah, lvl
[04/07/2009 17:48:45] /addskill Lindinhah, lvl
[04/07/2009 17:48:45] /addskill Lindinhah, lvl
[04/07/2009 17:48:45] /addskill Lindinhah, lvl
[04/07/2009 17:48:45] /addskill Lindinhah, lvl
[04/07/2009 17:48:45] /addskill Lindinhah, lvl
[04/07/2009 17:48:45] /addskill Lindinhah, lvl
[04/07/2009 17:48:45] /addskill Lindinhah, lvl
[04/07/2009 17:48:45] /addskill Lindinhah, lvl
[04/07/2009 17:48:46] /addskill Lindinhah, lvl
[04/07/2009 17:48:46] /addskill Lindinhah, lvl
[04/07/2009 17:48:46] /addskill Lindinhah, lvl
[04/07/2009 17:48:46] /addskill Lindinhah, lvl
[04/07/2009 17:48:46] /addskill Lindinhah, lvl
[04/07/2009 17:48:46] /addskill Lindinhah, lvl
[04/07/2009 17:48:46] /addskill Lindinhah, lvl
[04/07/2009 17:48:46] /addskill Lindinhah, lvl
[04/07/2009 17:48:46] /addskill Lindinhah, lvl
[04/07/2009 17:48:46] /addskill Lindinhah, lvl
[04/07/2009 17:49:07] /addskill Lindinhah, lvl
[04/07/2009 17:49:08] /addskill Lindinhah, lvl
[04/07/2009 17:49:08] /addskill Lindinhah, lvl
[04/07/2009 17:49:08] /addskill Lindinhah, lvl
[04/07/2009 17:49:08] /addskill Lindinhah, lvl
[04/07/2009 17:49:08] /addskill Lindinhah, lvl
[04/07/2009 17:49:08] /addskill Lindinhah, lvl
[04/07/2009 17:49:08] /addskill Lindinhah, lvl
[04/07/2009 17:49:08] /addskill Lindinhah, lvl
[04/07/2009 17:49:08] /addskill Lindinhah, lvl
[04/07/2009 17:49:08] /addskill Lindinhah, lvl
[04/07/2009 17:49:08] /addskill Lindinhah, lvl
[04/07/2009 17:49:08] /addskill Lindinhah, lvl
[04/07/2009 17:49:08] /addskill Lindinhah, lvl
[04/07/2009 17:49:08] /addskill Lindinhah, lvl
[04/07/2009 17:49:08] /addskill Lindinhah, lvl
[04/07/2009 17:49:08] /addskill Lindinhah, lvl
[04/07/2009 17:49:08] /addskill Lindinhah, lvl
[04/07/2009 17:49:08] /addskill Lindinhah, lvl
[04/07/2009 17:49:08] /addskill Lindinhah, lvl
[04/07/2009 17:49:08] /addskill Lindinhah, lvl
[04/07/2009 17:49:08] /addskill Lindinhah, lvl
[04/07/2009 17:49:09] /addskill Lindinhah, lvl
[04/07/2009 17:49:09] /addskill Lindinhah, lvl
[04/07/2009 17:49:09] /addskill Lindinhah, lvl
[04/07/2009 17:49:09] /addskill Lindinhah, lvl
[04/07/2009 17:49:09] /addskill Lindinhah, lvl
[04/07/2009 17:49:09] /addskill Lindinhah, lvl
[04/07/2009 17:49:09] /addskill Lindinhah, lvl
[04/07/2009 17:49:09] /addskill Lindinhah, lvl
[04/07/2009 17:49:09] /addskill Lindinhah, lvl
[04/07/2009 17:49:09] /addskill Lindinhah, lvl
[04/07/2009 17:49:09] /addskill Lindinhah, lvl
[04/07/2009 17:49:09] /addskill Lindinhah, lvl
[04/07/2009 17:49:09] /addskill Lindinhah, lvl
[04/07/2009 17:49:09] /addskill Lindinhah, lvl
[04/07/2009 17:49:09] /addskill Lindinhah, lvl
[04/07/2009 17:49:09] /addskill Lindinhah, lvl
[04/07/2009 17:49:09] /addskill Lindinhah, lvl
[04/07/2009 17:49:09] /addskill Lindinhah, lvl
[04/07/2009 17:49:09] /addskill Lindinhah, lvl
[04/07/2009 17:49:09] /addskill Lindinhah, lvl
[04/07/2009 17:49:09] /addskill Lindinhah, lvl
[04/07/2009 17:49:09] /addskill Lindinhah, lvl
[04/07/2009 17:49:09] /addskill Lindinhah, lvl
[04/07/2009 17:49:10] /addskill Lindinhah, lvl
[04/07/2009 17:49:10] /addskill Lindinhah, lvl
[04/07/2009 17:49:10] /addskill Lindinhah, lvl
[04/07/2009 17:49:10] /addskill Lindinhah, lvl
[04/07/2009 17:49:10] /addskill Lindinhah, lvl
[04/07/2009 17:49:10] /addskill Lindinhah, lvl
[04/07/2009 17:49:10] /addskill Lindinhah, lvl
[04/07/2009 17:49:10] /addskill Lindinhah, lvl
[04/07/2009 17:49:10] /addskill Lindinhah, lvl
[04/07/2009 17:49:10] /addskill Lindinhah, lvl
[04/07/2009 17:49:10] /addskill Lindinhah, lvl
[04/07/2009 17:49:10] /addskill Lindinhah, lvl
[04/07/2009 17:49:10] /addskill Lindinhah, lvl
[04/07/2009 17:49:10] /addskill Lindinhah, lvl
[04/07/2009 17:49:10] /addskill Lindinhah, lvl
[04/07/2009 17:49:10] /addskill Lindinhah, lvl
[04/07/2009 17:49:10] /addskill Lindinhah, lvl
[04/07/2009 17:49:10] /addskill Lindinhah, lvl
[04/07/2009 17:49:10] /addskill Lindinhah, lvl
[04/07/2009 17:49:10] /addskill Lindinhah, lvl
[04/07/2009 17:49:10] /addskill Lindinhah, lvl
[04/07/2009 17:49:10] /addskill Lindinhah, lvl
[04/07/2009 17:49:10] /addskill Lindinhah, lvl
[04/07/2009 17:49:10] /addskill Lindinhah, lvl
[04/07/2009 17:49:11] /addskill Lindinhah, lvl
[04/07/2009 17:49:11] /addskill Lindinhah, lvl
[04/07/2009 17:49:11] /addskill Lindinhah, lvl
[04/07/2009 17:49:11] /addskill Lindinhah, lvl
[04/07/2009 17:49:11] /addskill Lindinhah, lvl
[04/07/2009 17:49:11] /addskill Lindinhah, lvl
[04/07/2009 17:49:11] /addskill Lindinhah, lvl
[04/07/2009 17:49:11] /addskill Lindinhah, lvl
[04/07/2009 17:49:11] /addskill Lindinhah, lvl
[04/07/2009 17:49:11] /addskill Lindinhah, lvl
[04/07/2009 17:49:11] /addskill Lindinhah, lvl
[04/07/2009 17:49:11] /addskill Lindinhah, lvl
[04/07/2009 17:49:11] /addskill Lindinhah, lvl
[04/07/2009 17:49:11] /addskill Lindinhah, lvl
[04/07/2009 17:49:11] /addskill Lindinhah, lvl
[04/07/2009 17:49:11] /addskill Lindinhah, lvl
[04/07/2009 17:49:11] /addskill Lindinhah, lvl
[04/07/2009 17:49:11] /addskill Lindinhah, lvl
[04/07/2009 17:49:11] /addskill Lindinhah, lvl
[04/07/2009 17:49:11] /addskill Lindinhah, lvl
[04/07/2009 17:49:12] /addskill Lindinhah, lvl
[04/07/2009 17:49:12] /addskill Lindinhah, lvl
[04/07/2009 17:49:12] /addskill Lindinhah, lvl
[04/07/2009 17:49:12] /addskill Lindinhah, lvl
[04/07/2009 17:49:12] /addskill Lindinhah, lvl
[04/07/2009 17:49:12] /addskill Lindinhah, lvl
[04/07/2009 17:49:12] /addskill Lindinhah, lvl
[04/07/2009 17:49:12] /addskill Lindinhah, lvl
[04/07/2009 17:49:12] /addskill Lindinhah, lvl
[04/07/2009 17:49:12] /addskill Lindinhah, lvl
[04/07/2009 17:49:12] /addskill Lindinhah, lvl
[04/07/2009 17:49:12] /addskill Lindinhah, lvl
[04/07/2009 17:49:12] /addskill Lindinhah, lvl
[04/07/2009 17:49:12] /addskill Lindinhah, lvl
[04/07/2009 17:49:12] /addskill Lindinhah, lvl
[04/07/2009 17:49:12] /addskill Lindinhah, lvl
[04/07/2009 17:49:12] /addskill Lindinhah, lvl
[04/07/2009 17:49:12] /addskill Lindinhah, lvl
[04/07/2009 17:49:12] /addskill Lindinhah, lvl
[04/07/2009 17:49:12] /addskill Lindinhah, lvl
[04/07/2009 17:49:12] /addskill Lindinhah, lvl
[04/07/2009 17:49:12] /addskill Lindinhah, lvl
[04/07/2009 17:49:12] /addskill Lindinhah, lvl
[04/07/2009 17:49:12] /addskill Lindinhah, lvl
[04/07/2009 17:49:12] /addskill Lindinhah, lvl
[04/07/2009 17:49:12] /addskill Lindinhah, lvl
[04/07/2009 17:49:12] /addskill Lindinhah, lvl
[04/07/2009 17:49:13] /addskill Lindinhah, lvl
[04/07/2009 17:49:13] /addskill Lindinhah, lvl
[04/07/2009 17:49:13] /addskill Lindinhah, lvl
[04/07/2009 17:49:13] /addskill Lindinhah, lvl
[04/07/2009 17:49:13] /addskill Lindinhah, lvl
[04/07/2009 17:49:13] /addskill Lindinhah, lvl
[04/07/2009 17:49:13] /addskill Lindinhah, lvl
[04/07/2009 17:49:13] /addskill Lindinhah, lvl
[04/07/2009 17:49:13] /addskill Lindinhah, lvl
[04/07/2009 17:49:13] /addskill Lindinhah, lvl
[04/07/2009 17:49:13] /addskill Lindinhah, lvl
[04/07/2009 17:49:13] /addskill Lindinhah, lvl
[04/07/2009 17:49:13] /addskill Lindinhah, lvl
[04/07/2009 17:49:13] /addskill Lindinhah, lvl
[04/07/2009 17:49:13] /addskill Lindinhah, lvl
[04/07/2009 17:49:13] /addskill Lindinhah, lvl
[04/07/2009 17:49:13] /addskill Lindinhah, lvl
[04/07/2009 17:49:13] /addskill Lindinhah, lvl
[04/07/2009 17:49:13] /addskill Lindinhah, lvl
[04/07/2009 17:49:13] /addskill Lindinhah, lvl
[04/07/2009 17:49:13] /addskill Lindinhah, lvl
[04/07/2009 17:49:13] /addskill Lindinhah, lvl
[04/07/2009 17:49:13] /addskill Lindinhah, lvl
[04/07/2009 17:49:13] /addskill Lindinhah, lvl
[04/07/2009 17:49:13] /addskill Lindinhah, lvl
[04/07/2009 17:49:13] /addskill Lindinhah, lvl
[04/07/2009 17:49:14] /addskill Lindinhah, lvl
[04/07/2009 17:49:14] /addskill Lindinhah, lvl
[04/07/2009 17:49:14] /addskill Lindinhah, lvl
[04/07/2009 17:49:14] /addskill Lindinhah, lvl
[04/07/2009 17:49:14] /addskill Lindinhah, lvl
[04/07/2009 17:49:14] /addskill Lindinhah, lvl
[04/07/2009 17:49:14] /addskill Lindinhah, lvl
[04/07/2009 17:49:14] /addskill Lindinhah, lvl
[04/07/2009 17:49:14] /addskill Lindinhah, lvl
[04/07/2009 17:49:14] /addskill Lindinhah, lvl
[04/07/2009 17:49:14] /addskill Lindinhah, lvl
[04/07/2009 17:49:14] /addskill Lindinhah, lvl
[04/07/2009 17:49:14] /addskill Lindinhah, lvl
[04/07/2009 17:49:14] /addskill Lindinhah, lvl
[04/07/2009 17:49:14] /addskill Lindinhah, lvl
[04/07/2009 17:49:14] /addskill Lindinhah, lvl
[04/07/2009 17:49:14] /addskill Lindinhah, lvl
[04/07/2009 17:49:14] /addskill Lindinhah, lvl
[04/07/2009 17:49:14] /addskill Lindinhah, lvl
[04/07/2009 17:49:14] /addskill Lindinhah, lvl
[04/07/2009 17:49:14] /addskill Lindinhah, lvl
[04/07/2009 17:49:14] /addskill Lindinhah, lvl
[04/07/2009 17:49:15] /addskill Lindinhah, lvl
[04/07/2009 17:49:15] /addskill Lindinhah, lvl
[04/07/2009 17:49:15] /addskill Lindinhah, lvl
[04/07/2009 17:49:15] /addskill Lindinhah, lvl
[04/07/2009 17:49:15] /addskill Lindinhah, lvl
[04/07/2009 17:49:15] /addskill Lindinhah, lvl
[04/07/2009 17:49:15] /addskill Lindinhah, lvl
[04/07/2009 17:49:15] /addskill Lindinhah, lvl
[04/07/2009 17:49:15] /addskill Lindinhah, lvl
[04/07/2009 17:49:15] /addskill Lindinhah, lvl
[04/07/2009 17:49:15] /addskill Lindinhah, lvl
[04/07/2009 17:49:15] /addskill Lindinhah, lvl
[04/07/2009 17:49:15] /addskill Lindinhah, lvl
[04/07/2009 17:49:15] /addskill Lindinhah, lvl
[04/07/2009 17:49:15] /addskill Lindinhah, lvl
[04/07/2009 17:49:15] /addskill Lindinhah, lvl
[04/07/2009 17:49:15] /addskill Lindinhah, lvl
[04/07/2009 17:49:15] /addskill Lindinhah, lvl
[04/07/2009 17:49:15] /addskill Lindinhah, lvl
[04/07/2009 17:49:15] /addskill Lindinhah, lvl
[04/07/2009 17:49:15] /addskill Lindinhah, lvl
[04/07/2009 17:49:15] /addskill Lindinhah, lvl
[04/07/2009 17:49:15] /addskill Lindinhah, lvl
[04/07/2009 17:49:15] /addskill Lindinhah, lvl
[04/07/2009 17:49:15] /addskill Lindinhah, lvl
[04/07/2009 17:49:15] /addskill Lindinhah, lvl
[04/07/2009 17:49:16] /addskill Lindinhah, lvl
[04/07/2009 17:49:16] /addskill Lindinhah, lvl
[04/07/2009 17:49:16] /addskill Lindinhah, lvl
[04/07/2009 17:49:16] /addskill Lindinhah, lvl
[04/07/2009 17:49:16] /addskill Lindinhah, lvl
[04/07/2009 17:49:16] /addskill Lindinhah, lvl
[04/07/2009 17:49:16] /addskill Lindinhah, lvl
[04/07/2009 17:49:16] /addskill Lindinhah, lvl
[04/07/2009 17:49:16] /addskill Lindinhah, lvl
[04/07/2009 17:49:16] /addskill Lindinhah, lvl
[04/07/2009 17:49:16] /addskill Lindinhah, lvl
[04/07/2009 17:49:16] /addskill Lindinhah, lvl
[04/07/2009 17:49:16] /addskill Lindinhah, lvl
[04/07/2009 17:49:16] /addskill Lindinhah, lvl
[04/07/2009 17:49:16] /addskill Lindinhah, lvl
[04/07/2009 17:49:16] /addskill Lindinhah, lvl
[04/07/2009 17:49:16] /addskill Lindinhah, lvl
[04/07/2009 17:49:16] /addskill Lindinhah, lvl
[04/07/2009 17:49:16] /addskill Lindinhah, lvl
[04/07/2009 17:49:16] /addskill Lindinhah, lvl
[04/07/2009 17:49:16] /addskill Lindinhah, lvl
[04/07/2009 17:49:16] /addskill Lindinhah, lvl
[04/07/2009 17:49:16] /addskill Lindinhah, lvl
[04/07/2009 17:49:16] /addskill Lindinhah, lvl
[04/07/2009 17:49:17] /addskill Lindinhah, lvl
[04/07/2009 17:49:17] /addskill Lindinhah, lvl
[04/07/2009 17:49:17] /addskill Lindinhah, lvl
[04/07/2009 17:49:17] /addskill Lindinhah, lvl
[04/07/2009 17:49:17] /addskill Lindinhah, lvl
[04/07/2009 17:49:17] /addskill Lindinhah, lvl
[04/07/2009 17:49:17] /addskill Lindinhah, lvl
[04/07/2009 17:49:17] /addskill Lindinhah, lvl
[04/07/2009 17:49:17] /addskill Lindinhah, lvl
[04/07/2009 17:49:17] /addskill Lindinhah, lvl
[04/07/2009 17:49:17] /addskill Lindinhah, lvl
[04/07/2009 17:49:17] /addskill Lindinhah, lvl
[04/07/2009 17:49:21] /addskill Lindinhah, lvl
[04/07/2009 17:49:22] /addskill Lindinhah, lvl
[04/07/2009 17:49:22] /addskill Lindinhah, lvl
[04/07/2009 17:49:22] /addskill Lindinhah, lvl
[04/07/2009 17:49:22] /addskill Lindinhah, lvl
[04/07/2009 17:49:22] /addskill Lindinhah, lvl
[04/07/2009 17:49:22] /addskill Lindinhah, lvl
[04/07/2009 17:49:22] /addskill Lindinhah, lvl
[04/07/2009 17:49:22] /addskill Lindinhah, lvl
[04/07/2009 17:49:22] /addskill Lindinhah, lvl
[04/07/2009 17:49:22] /addskill Lindinhah, lvl
[04/07/2009 17:49:22] /addskill Lindinhah, lvl
[04/07/2009 17:49:22] /addskill Lindinhah, lvl
[04/07/2009 17:49:23] /addskill Lindinhah, lvl
[04/07/2009 17:49:23] /addskill Lindinhah, lvl
[04/07/2009 17:49:23] /addskill Lindinhah, lvl
[04/07/2009 17:49:23] /addskill Lindinhah, lvl
[04/07/2009 17:49:23] /addskill Lindinhah, lvl
[04/07/2009 17:49:23] /addskill Lindinhah, lvl
[04/07/2009 17:49:23] /addskill Lindinhah, lvl
[04/07/2009 17:49:23] /addskill Lindinhah, lvl
[04/07/2009 17:49:23] /addskill Lindinhah, lvl
[04/07/2009 17:49:23] /addskill Lindinhah, lvl
[04/07/2009 17:49:23] /addskill Lindinhah, lvl
[04/07/2009 17:49:23] /addskill Lindinhah, lvl
[04/07/2009 17:49:23] /addskill Lindinhah, lvl
[04/07/2009 17:49:23] /addskill Lindinhah, lvl
[04/07/2009 17:49:23] /addskill Lindinhah, lvl
[04/07/2009 17:49:23] /addskill Lindinhah, lvl
[04/07/2009 17:49:23] /addskill Lindinhah, lvl
[04/07/2009 17:49:23] /addskill Lindinhah, lvl
[04/07/2009 17:49:23] /addskill Lindinhah, lvl
[04/07/2009 17:49:24] /addskill Lindinhah, lvl
[04/07/2009 17:49:24] /addskill Lindinhah, lvl
[04/07/2009 17:49:24] /addskill Lindinhah, lvl
[04/07/2009 17:49:24] /addskill Lindinhah, lvl
[04/07/2009 17:49:24] /addskill Lindinhah, lvl
[04/07/2009 17:49:24] /addskill Lindinhah, lvl
[04/07/2009 17:49:25] /addskill Lindinhah, lvl
[04/07/2009 17:49:25] /addskill Lindinhah, lvl
[04/07/2009 17:49:25] /addskill Lindinhah, lvl
[04/07/2009 17:49:25] /addskill Lindinhah, lvl
[04/07/2009 17:49:25] /addskill Lindinhah, lvl
[04/07/2009 17:49:25] /addskill Lindinhah, lvl
[04/07/2009 17:49:25] /addskill Lindinhah, lvl
[04/07/2009 17:49:25] /addskill Lindinhah, lvl
[04/07/2009 17:49:25] /addskill Lindinhah, lvl
[04/07/2009 17:49:25] /addskill Lindinhah, lvl
[04/07/2009 17:49:25] /addskill Lindinhah, lvl
[04/07/2009 17:49:25] /addskill Lindinhah, lvl
[04/07/2009 17:49:25] /addskill Lindinhah, lvl
[04/07/2009 17:49:25] /addskill Lindinhah, lvl
[04/07/2009 17:49:25] /addskill Lindinhah, lvl
[04/07/2009 17:49:25] /addskill Lindinhah, lvl
[04/07/2009 17:49:25] /addskill Lindinhah, lvl
[04/07/2009 17:49:25] /addskill Lindinhah, lvl
[04/07/2009 17:49:26] /addskill Lindinhah, lvl
[04/07/2009 17:49:26] /addskill Lindinhah, lvl
[04/07/2009 17:49:26] /addskill Lindinhah, lvl
[04/07/2009 17:49:26] /addskill Lindinhah, lvl
[04/07/2009 17:49:26] /addskill Lindinhah, lvl
[04/07/2009 17:49:26] /addskill Lindinhah, lvl
[04/07/2009 17:49:26] /addskill Lindinhah, lvl
[04/07/2009 17:49:26] /addskill Lindinhah, lvl
[04/07/2009 17:49:26] /addskill Lindinhah, lvl
[04/07/2009 17:49:26] /addskill Lindinhah, lvl
[04/07/2009 17:49:26] /addskill Lindinhah, lvl
[04/07/2009 17:49:26] /addskill Lindinhah, lvl
[04/07/2009 17:49:26] /addskill Lindinhah, lvl
[04/07/2009 17:49:26] /addskill Lindinhah, lvl
[04/07/2009 17:49:26] /addskill Lindinhah, lvl
[04/07/2009 17:49:26] /addskill Lindinhah, lvl
[04/07/2009 17:49:26] /addskill Lindinhah, lvl
[04/07/2009 17:49:26] /addskill Lindinhah, lvl
[04/07/2009 17:49:26] /addskill Lindinhah, lvl
[04/07/2009 17:49:26] /addskill Lindinhah, lvl
[04/07/2009 17:49:26] /addskill Lindinhah, lvl
[04/07/2009 17:49:26] /addskill Lindinhah, lvl
[04/07/2009 17:49:27] /addskill Lindinhah, lvl
[04/07/2009 17:49:27] /addskill Lindinhah, lvl
[04/07/2009 17:49:27] /addskill Lindinhah, lvl
[04/07/2009 17:49:27] /addskill Lindinhah, lvl
[04/07/2009 17:49:27] /addskill Lindinhah, lvl
[04/07/2009 17:49:27] /addskill Lindinhah, lvl
[04/07/2009 17:49:27] /addskill Lindinhah, lvl
[04/07/2009 17:49:27] /addskill Lindinhah, lvl
[04/07/2009 17:49:27] /addskill Lindinhah, lvl
[04/07/2009 17:49:27] /addskill Lindinhah, lvl
[04/07/2009 17:49:27] /addskill Lindinhah, lvl
[04/07/2009 17:49:27] /addskill Lindinhah, lvl
[04/07/2009 17:49:27] /addskill Lindinhah, lvl
[04/07/2009 17:49:27] /addskill Lindinhah, lvl
[04/07/2009 17:49:27] /addskill Lindinhah, lvl
[04/07/2009 17:49:27] /addskill Lindinhah, lvl
[04/07/2009 17:49:27] /addskill Lindinhah, lvl
[04/07/2009 17:49:27] /addskill Lindinhah, lvl
[04/07/2009 17:49:27] /addskill Lindinhah, lvl
[04/07/2009 17:49:27] /addskill Lindinhah, lvl
[04/07/2009 17:49:27] /addskill Lindinhah, lvl
[04/07/2009 17:49:28] /addskill Lindinhah, lvl
[04/07/2009 17:49:28] /addskill Lindinhah, lvl
[04/07/2009 17:49:28] /addskill Lindinhah, lvl
[04/07/2009 17:49:28] /addskill Lindinhah, lvl
[04/07/2009 17:49:28] /addskill Lindinhah, lvl
[04/07/2009 17:49:28] /addskill Lindinhah, lvl
[04/07/2009 17:49:28] /addskill Lindinhah, lvl
[04/07/2009 17:49:28] /addskill Lindinhah, lvl
[04/07/2009 17:49:28] /addskill Lindinhah, lvl
[04/07/2009 17:49:28] /addskill Lindinhah, lvl
[04/07/2009 17:49:28] /addskill Lindinhah, lvl
[04/07/2009 17:49:28] /addskill Lindinhah, lvl
[04/07/2009 17:49:28] /addskill Lindinhah, lvl
[04/07/2009 17:49:28] /addskill Lindinhah, lvl
[04/07/2009 17:49:28] /addskill Lindinhah, lvl
[04/07/2009 17:49:28] /addskill Lindinhah, lvl
[04/07/2009 17:49:28] /addskill Lindinhah, lvl
[04/07/2009 17:49:28] /addskill Lindinhah, lvl
[04/07/2009 17:49:28] /addskill Lindinhah, lvl
[04/07/2009 17:49:28] /addskill Lindinhah, lvl
[04/07/2009 17:49:28] /addskill Lindinhah, lvl
[04/07/2009 17:49:28] /addskill Lindinhah, lvl
[04/07/2009 17:49:28] /addskill Lindinhah, lvl
[04/07/2009 17:49:28] /addskill Lindinhah, lvl
[04/07/2009 17:49:28] /addskill Lindinhah, lvl
[04/07/2009 17:49:28] /addskill Lindinhah, lvl
[04/07/2009 17:49:28] /addskill Lindinhah, lvl
[04/07/2009 17:49:28] /addskill Lindinhah, lvl
[04/07/2009 17:49:28] /addskill Lindinhah, lvl
[04/07/2009 17:49:29] /addskill Lindinhah, lvl
[04/07/2009 17:49:29] /addskill Lindinhah, lvl
[04/07/2009 17:49:29] /addskill Lindinhah, lvl
[04/07/2009 17:49:29] /addskill Lindinhah, lvl
[04/07/2009 17:49:29] /addskill Lindinhah, lvl
[04/07/2009 17:49:29] /addskill Lindinhah, lvl
[04/07/2009 17:49:29] /addskill Lindinhah, lvl
[04/07/2009 17:49:29] /addskill Lindinhah, lvl
[04/07/2009 17:49:29] /addskill Lindinhah, lvl
[04/07/2009 17:49:29] /addskill Lindinhah, lvl
[04/07/2009 17:49:29] /addskill Lindinhah, lvl
[04/07/2009 17:49:29] /addskill Lindinhah, lvl
[04/07/2009 17:49:29] /addskill Lindinhah, lvl
[04/07/2009 17:49:29] /addskill Lindinhah, lvl
[04/07/2009 17:49:29] /addskill Lindinhah, lvl
[04/07/2009 17:49:29] /addskill Lindinhah, lvl
[04/07/2009 17:49:30] /addskill Lindinhah, lvl
[04/07/2009 17:49:30] /addskill Lindinhah, lvl
[04/07/2009 17:49:30] /addskill Lindinhah, lvl
[04/07/2009 17:49:30] /addskill Lindinhah, lvl
[04/07/2009 17:49:30] /addskill Lindinhah, lvl
[04/07/2009 17:49:30] /addskill Lindinhah, lvl
[04/07/2009 17:49:30] /addskill Lindinhah, lvl
[04/07/2009 17:49:30] /addskill Lindinhah, lvl
[04/07/2009 17:49:30] /addskill Lindinhah, lvl
[04/07/2009 17:49:30] /addskill Lindinhah, lvl
[04/07/2009 17:53:47] /addskill super linda, lvl
[04/07/2009 17:53:47] /addskill super linda, lvl
[04/07/2009 17:53:47] /addskill super linda, lvl
[04/07/2009 17:53:47] /addskill super linda, lvl
[04/07/2009 17:53:47] /addskill super linda, lvl
[04/07/2009 17:53:47] /addskill super linda, lvl
[04/07/2009 17:53:47] /addskill super linda, lvl
[04/07/2009 17:53:47] /addskill super linda, lvl
[04/07/2009 17:53:47] /addskill super linda, lvl
[04/07/2009 17:53:47] /addskill super linda, lvl
[04/07/2009 17:53:48] /addskill super linda, lvl
[04/07/2009 17:53:48] /addskill super linda, lvl
[04/07/2009 17:53:48] /addskill super linda, lvl
[04/07/2009 17:53:48] /addskill super linda, lvl
[04/07/2009 17:53:48] /addskill super linda, lvl
[04/07/2009 17:53:48] /addskill super linda, lvl
[04/07/2009 17:53:48] /addskill super linda, lvl
[04/07/2009 17:53:48] /addskill super linda, lvl
[04/07/2009 17:53:48] /addskill super linda, lvl
[04/07/2009 17:53:48] /addskill super linda, lvl
[04/07/2009 17:53:48] /addskill super linda, lvl
[04/07/2009 17:53:48] /addskill super linda, lvl
[04/07/2009 17:53:48] /addskill super linda, lvl
[04/07/2009 17:53:48] /addskill super linda, lvl
[04/07/2009 17:53:48] /addskill super linda, lvl
[04/07/2009 17:53:48] /addskill super linda, lvl
[04/07/2009 17:53:48] /addskill super linda, lvl
[04/07/2009 17:53:48] /addskill super linda, lvl
[04/07/2009 17:53:48] /addskill super linda, lvl
[04/07/2009 17:53:48] /addskill super linda, lvl
[04/07/2009 17:53:48] /addskill super linda, lvl
[04/07/2009 17:53:48] /addskill super linda, lvl
[04/07/2009 17:53:48] /addskill super linda, lvl
[04/07/2009 17:53:48] /addskill super linda, lvl
[04/07/2009 17:53:48] /addskill super linda, lvl
[04/07/2009 17:53:48] /addskill super linda, lvl
[04/07/2009 17:53:48] /addskill super linda, lvl
[04/07/2009 17:53:48] /addskill super linda, lvl
[04/07/2009 17:53:48] /addskill super linda, lvl
[04/07/2009 17:53:48] /addskill super linda, lvl
[04/07/2009 17:53:48] /addskill super linda, lvl
[04/07/2009 17:53:48] /addskill super linda, lvl
[04/07/2009 17:53:48] /addskill super linda, lvl
[04/07/2009 17:53:48] /addskill super linda, lvl
[04/07/2009 17:53:49] /addskill super linda, lvl
[04/07/2009 17:53:49] /addskill super linda, lvl
[04/07/2009 17:53:49] /addskill super linda, lvl
[04/07/2009 17:53:49] /addskill super linda, lvl
[04/07/2009 17:53:49] /addskill super linda, lvl
[04/07/2009 17:53:49] /addskill super linda, lvl
[04/07/2009 17:53:49] /addskill super linda, lvl
[04/07/2009 17:53:49] /addskill super linda, lvl
[04/07/2009 17:53:49] /addskill super linda, lvl
[04/07/2009 17:53:49] /addskill super linda, lvl
[04/07/2009 17:53:49] /addskill super linda, lvl
[04/07/2009 17:53:49] /addskill super linda, lvl
[04/07/2009 17:53:49] /addskill super linda, lvl
[04/07/2009 17:53:49] /addskill super linda, lvl
[04/07/2009 17:53:49] /addskill super linda, lvl
[04/07/2009 17:53:49] /addskill super linda, lvl
[04/07/2009 17:53:49] /addskill super linda, lvl
[04/07/2009 17:53:49] /addskill super linda, lvl
[04/07/2009 17:53:49] /addskill super linda, lvl
[04/07/2009 17:53:49] /addskill super linda, lvl
[04/07/2009 17:53:49] /addskill super linda, lvl
[04/07/2009 17:53:49] /addskill super linda, lvl
[04/07/2009 17:53:49] /addskill super linda, lvl
[04/07/2009 17:53:49] /addskill super linda, lvl
[04/07/2009 17:53:49] /addskill super linda, lvl
[04/07/2009 17:53:49] /addskill super linda, lvl
[04/07/2009 17:53:49] /addskill super linda, lvl
[04/07/2009 17:53:49] /addskill super linda, lvl
[04/07/2009 17:53:49] /addskill super linda, lvl
[04/07/2009 17:53:49] /addskill super linda, lvl
[04/07/2009 17:53:49] /addskill super linda, lvl
[04/07/2009 17:53:49] /addskill super linda, lvl
[04/07/2009 17:53:50] /addskill super linda, lvl
[04/07/2009 17:53:50] /addskill super linda, lvl
[04/07/2009 17:53:50] /addskill super linda, lvl
[04/07/2009 17:53:50] /addskill super linda, lvl
[04/07/2009 17:53:50] /addskill super linda, lvl
[04/07/2009 17:53:50] /addskill super linda, lvl
[04/07/2009 17:53:50] /addskill super linda, lvl
[04/07/2009 17:53:50] /addskill super linda, lvl
[04/07/2009 17:53:50] /addskill super linda, lvl
[04/07/2009 17:53:50] /addskill super linda, lvl
[04/07/2009 17:53:50] /addskill super linda, lvl
[04/07/2009 17:53:50] /addskill super linda, lvl
[04/07/2009 17:53:50] /addskill super linda, lvl
[04/07/2009 17:53:50] /addskill super linda, lvl
[04/07/2009 17:53:50] /addskill super linda, lvl
[04/07/2009 17:53:50] /addskill super linda, lvl
[04/07/2009 17:53:50] /addskill super linda, lvl
[04/07/2009 17:53:50] /addskill super linda, lvl
[04/07/2009 17:53:50] /addskill super linda, lvl
[04/07/2009 17:53:50] /addskill super linda, lvl
[04/07/2009 17:53:50] /addskill super linda, lvl
[04/07/2009 17:53:50] /addskill super linda, lvl
[04/07/2009 17:53:50] /addskill super linda, lvl
[04/07/2009 17:53:50] /addskill super linda, lvl
[04/07/2009 17:53:50] /addskill super linda, lvl
[04/07/2009 17:53:50] /addskill super linda, lvl
[04/07/2009 17:53:50] /addskill super linda, lvl
[04/07/2009 17:53:50] /addskill super linda, lvl
[04/07/2009 17:53:50] /addskill super linda, lvl
[04/07/2009 17:53:51] /addskill super linda, lvl
[04/07/2009 17:53:51] /addskill super linda, lvl
[04/07/2009 17:53:51] /addskill super linda, lvl
[04/07/2009 17:54:04] /goto super linda
[04/07/2009 17:54:06] /addskill super linda, lvl
[04/07/2009 17:54:06] /addskill super linda, lvl
[04/07/2009 17:54:06] /addskill super linda, lvl
[04/07/2009 17:54:06] /addskill super linda, lvl
[04/07/2009 17:54:06] /addskill super linda, lvl
[04/07/2009 17:54:07] /addskill super linda, lvl
[04/07/2009 17:54:07] /addskill super linda, lvl
[04/07/2009 17:54:07] /addskill super linda, lvl
[04/07/2009 17:54:07] /addskill super linda, lvl
[04/07/2009 17:54:07] /addskill super linda, lvl
[04/07/2009 17:54:07] /addskill super linda, lvl
[04/07/2009 17:54:07] /addskill super linda, lvl
[04/07/2009 17:54:07] /addskill super linda, lvl
[04/07/2009 17:54:07] /addskill super linda, lvl
[04/07/2009 17:54:07] /addskill super linda, lvl
[04/07/2009 17:54:07] /addskill super linda, lvl
[04/07/2009 17:54:07] /addskill super linda, lvl
[04/07/2009 17:54:07] /addskill super linda, lvl
[04/07/2009 17:54:07] /addskill super linda, lvl
[04/07/2009 17:54:07] /addskill super linda, lvl
[04/07/2009 17:54:07] /addskill super linda, lvl
[04/07/2009 17:54:07] /addskill super linda, lvl
[04/07/2009 17:54:07] /addskill super linda, lvl
[04/07/2009 17:54:07] /addskill super linda, lvl
[04/07/2009 17:54:07] /addskill super linda, lvl
[04/07/2009 17:54:07] /addskill super linda, lvl
[04/07/2009 17:54:07] /addskill super linda, lvl
[04/07/2009 17:54:07] /addskill super linda, lvl
[04/07/2009 17:54:08] /addskill super linda, lvl
[04/07/2009 17:54:08] /addskill super linda, lvl
[04/07/2009 17:54:08] /addskill super linda, lvl
[04/07/2009 17:54:08] /addskill super linda, lvl
[04/07/2009 17:54:08] /addskill super linda, lvl
[04/07/2009 17:54:08] /addskill super linda, lvl
[04/07/2009 17:54:08] /addskill super linda, lvl
[04/07/2009 17:54:08] /addskill super linda, lvl
[04/07/2009 17:54:08] /addskill super linda, lvl
[04/07/2009 17:54:08] /addskill super linda, lvl
[04/07/2009 17:54:08] /addskill super linda, lvl
[04/07/2009 17:54:08] /addskill super linda, lvl
[04/07/2009 17:54:08] /addskill super linda, lvl
[04/07/2009 17:54:08] /addskill super linda, lvl
[04/07/2009 17:54:08] /addskill super linda, lvl
[04/07/2009 17:54:08] /addskill super linda, lvl
[04/07/2009 17:54:08] /addskill super linda, lvl
[04/07/2009 17:54:08] /addskill super linda, lvl
[04/07/2009 17:54:08] /addskill super linda, lvl
[04/07/2009 17:54:08] /addskill super linda, lvl
[04/07/2009 17:54:08] /addskill super linda, lvl
[04/07/2009 17:54:08] /addskill super linda, lvl
[04/07/2009 17:54:08] /addskill super linda, lvl
[04/07/2009 17:54:08] /addskill super linda, lvl
[04/07/2009 17:54:09] /addskill super linda, lvl
[04/07/2009 17:54:09] /addskill super linda, lvl
[04/07/2009 17:54:09] /addskill super linda, lvl
[04/07/2009 17:54:09] /addskill super linda, lvl
[04/07/2009 17:54:09] /addskill super linda, lvl
[04/07/2009 17:54:09] /addskill super linda, lvl
[04/07/2009 17:54:09] /addskill super linda, lvl
[04/07/2009 17:54:09] /addskill super linda, lvl
[04/07/2009 17:54:09] /addskill super linda, lvl
[04/07/2009 17:54:09] /addskill super linda, lvl
[04/07/2009 17:54:09] /addskill super linda, lvl
[04/07/2009 17:54:09] /addskill super linda, lvl
[04/07/2009 17:54:09] /addskill super linda, lvl
[04/07/2009 17:54:09] /addskill super linda, lvl
[04/07/2009 17:54:09] /addskill super linda, lvl
[04/07/2009 17:54:09] /addskill super linda, lvl
[04/07/2009 17:54:09] /addskill super linda, lvl
[04/07/2009 17:54:09] /addskill super linda, lvl
[04/07/2009 17:54:09] /addskill super linda, lvl
[04/07/2009 17:54:09] /addskill super linda, lvl
[04/07/2009 17:54:09] /addskill super linda, lvl
[04/07/2009 17:54:09] /addskill super linda, lvl
[04/07/2009 17:54:09] /addskill super linda, lvl
[04/07/2009 17:54:09] /addskill super linda, lvl
[04/07/2009 17:54:09] /addskill super linda, lvl
[04/07/2009 17:54:09] /addskill super linda, lvl
[04/07/2009 17:54:09] /addskill super linda, lvl
[04/07/2009 17:54:09] /addskill super linda, lvl
[04/07/2009 17:54:09] /addskill super linda, lvl
[04/07/2009 17:54:10] /addskill super linda, lvl
[04/07/2009 17:54:10] /addskill super linda, lvl
[04/07/2009 17:54:10] /addskill super linda, lvl
[04/07/2009 17:54:10] /addskill super linda, lvl
[04/07/2009 17:54:10] /addskill super linda, lvl
[04/07/2009 17:54:10] /addskill super linda, lvl
[04/07/2009 17:54:10] /addskill super linda, lvl
[04/07/2009 17:54:10] /addskill super linda, lvl
[04/07/2009 17:54:10] /addskill super linda, lvl
[04/07/2009 17:54:10] /addskill super linda, lvl
[04/07/2009 17:54:10] /addskill super linda, lvl
[04/07/2009 17:54:10] /addskill super linda, lvl
[04/07/2009 17:54:10] /addskill super linda, lvl
[04/07/2009 17:54:10] /addskill super linda, lvl
[04/07/2009 17:54:10] /addskill super linda, lvl
[04/07/2009 17:54:10] /addskill super linda, lvl
[04/07/2009 17:54:10] /addskill super linda, lvl
[04/07/2009 17:54:10] /addskill super linda, lvl
[04/07/2009 17:54:10] /addskill super linda, lvl
[04/07/2009 17:54:10] /addskill super linda, lvl
[04/07/2009 17:54:10] /addskill super linda, lvl
[04/07/2009 17:54:10] /addskill super linda, lvl
[04/07/2009 17:54:10] /addskill super linda, lvl
[04/07/2009 17:54:10] /addskill super linda, lvl
[04/07/2009 17:54:10] /addskill super linda, lvl
[04/07/2009 17:54:10] /addskill super linda, lvl
[04/07/2009 17:54:11] /addskill super linda, lvl
[04/07/2009 17:54:11] /addskill super linda, lvl
[04/07/2009 17:54:11] /addskill super linda, lvl
[04/07/2009 17:54:11] /addskill super linda, lvl
[04/07/2009 17:54:11] /addskill super linda, lvl
[04/07/2009 17:54:11] /addskill super linda, lvl
[04/07/2009 17:54:11] /addskill super linda, lvl
[04/07/2009 17:54:11] /addskill super linda, lvl
[04/07/2009 17:54:11] /addskill super linda, lvl
[04/07/2009 17:54:11] /addskill super linda, lvl
[04/07/2009 17:54:11] /addskill super linda, lvl
[04/07/2009 17:54:11] /addskill super linda, lvl
[04/07/2009 17:54:11] /addskill super linda, lvl
[04/07/2009 17:54:11] /addskill super linda, lvl
[04/07/2009 17:54:11] /addskill super linda, lvl
[04/07/2009 17:54:11] /addskill super linda, lvl
[04/07/2009 17:54:11] /addskill super linda, lvl
[04/07/2009 17:54:11] /addskill super linda, lvl
[04/07/2009 17:54:11] /addskill super linda, lvl
[04/07/2009 17:54:11] /addskill super linda, lvl
[04/07/2009 17:54:11] /addskill super linda, lvl
[04/07/2009 17:54:11] /addskill super linda, lvl
[04/07/2009 17:54:11] /addskill super linda, lvl
[04/07/2009 17:54:11] /addskill super linda, lvl
[04/07/2009 17:54:11] /addskill super linda, lvl
[04/07/2009 17:54:11] /addskill super linda, lvl
[04/07/2009 17:54:11] /addskill super linda, lvl
[04/07/2009 17:54:11] /addskill super linda, lvl
[04/07/2009 17:54:11] /addskill super linda, lvl
[04/07/2009 17:54:12] /addskill super linda, lvl
[04/07/2009 17:54:12] /addskill super linda, lvl
[04/07/2009 17:54:12] /addskill super linda, lvl
[04/07/2009 17:54:12] /addskill super linda, lvl
[04/07/2009 17:54:12] /addskill super linda, lvl
[04/07/2009 17:54:12] /addskill super linda, lvl
[04/07/2009 17:54:12] /addskill super linda, lvl
[04/07/2009 17:54:12] /addskill super linda, lvl
[04/07/2009 17:54:12] /addskill super linda, lvl
[04/07/2009 17:54:12] /addskill super linda, lvl
[04/07/2009 17:54:12] /addskill super linda, lvl
[04/07/2009 17:54:12] /addskill super linda, lvl
[04/07/2009 17:54:12] /addskill super linda, lvl
[04/07/2009 17:54:12] /addskill super linda, lvl
[04/07/2009 17:54:12] /addskill super linda, lvl
[04/07/2009 17:54:12] /addskill super linda, lvl
[04/07/2009 17:54:12] /addskill super linda, lvl
[04/07/2009 17:54:12] /addskill super linda, lvl
[04/07/2009 17:54:12] /addskill super linda, lvl
[04/07/2009 17:54:12] /addskill super linda, lvl
[04/07/2009 17:54:12] /addskill super linda, lvl
[04/07/2009 17:54:13] /addskill super linda, lvl
[04/07/2009 17:54:13] /addskill super linda, lvl
[04/07/2009 17:54:13] /addskill super linda, lvl
[04/07/2009 17:54:13] /addskill super linda, lvl
[04/07/2009 17:54:13] /addskill super linda, lvl
[04/07/2009 17:54:13] /addskill super linda, lvl
[04/07/2009 17:54:13] /addskill super linda, lvl
[04/07/2009 17:54:13] /addskill super linda, lvl
[04/07/2009 17:54:13] /addskill super linda, lvl
[04/07/2009 17:54:13] /addskill super linda, lvl
[04/07/2009 17:54:13] /addskill super linda, lvl
[04/07/2009 17:54:13] /addskill super linda, lvl
[04/07/2009 17:54:13] /addskill super linda, lvl
[04/07/2009 17:54:13] /addskill super linda, lvl
[04/07/2009 17:54:13] /addskill super linda, lvl
[04/07/2009 17:54:13] /addskill super linda, lvl
[04/07/2009 17:54:13] /addskill super linda, lvl
[04/07/2009 17:54:13] /addskill super linda, lvl
[04/07/2009 17:54:13] /addskill super linda, lvl
[04/07/2009 17:54:13] /addskill super linda, lvl
[04/07/2009 17:54:13] /addskill super linda, lvl
[04/07/2009 17:54:13] /addskill super linda, lvl
[04/07/2009 17:54:13] /addskill super linda, lvl
[04/07/2009 17:54:13] /addskill super linda, lvl
[04/07/2009 17:54:13] /addskill super linda, lvl
[04/07/2009 17:54:13] /addskill super linda, lvl
[04/07/2009 17:54:13] /addskill super linda, lvl
[04/07/2009 17:54:13] /addskill super linda, lvl
[04/07/2009 17:54:14] /addskill super linda, lvl
[04/07/2009 17:54:14] /addskill super linda, lvl
[04/07/2009 17:54:14] /addskill super linda, lvl
[04/07/2009 17:54:14] /addskill super linda, lvl
[04/07/2009 17:54:14] /addskill super linda, lvl
[04/07/2009 17:54:14] /addskill super linda, lvl
[04/07/2009 17:54:14] /addskill super linda, lvl
[04/07/2009 17:54:14] /addskill super linda, lvl
[04/07/2009 17:54:14] /addskill super linda, lvl
[04/07/2009 17:54:14] /addskill super linda, lvl
[04/07/2009 17:54:14] /addskill super linda, lvl
[04/07/2009 17:54:14] /addskill super linda, lvl
[04/07/2009 17:54:14] /addskill super linda, lvl
[04/07/2009 17:54:14] /addskill super linda, lvl
[04/07/2009 17:54:14] /addskill super linda, lvl
[04/07/2009 17:54:14] /addskill super linda, lvl
[04/07/2009 17:54:14] /addskill super linda, lvl
[04/07/2009 17:54:14] /addskill super linda, lvl
[04/07/2009 17:54:14] /addskill super linda, lvl
[04/07/2009 17:54:14] /addskill super linda, lvl
[04/07/2009 17:54:14] /addskill super linda, lvl
[04/07/2009 17:54:14] /addskill super linda, lvl
[04/07/2009 17:54:14] /addskill super linda, lvl
[04/07/2009 17:54:14] /addskill super linda, lvl
[04/07/2009 17:54:15] /addskill super linda, lvl
[04/07/2009 17:54:15] /addskill super linda, lvl
[04/07/2009 17:54:15] /addskill super linda, lvl
[04/07/2009 17:54:15] /addskill super linda, lvl
[04/07/2009 17:54:15] /addskill super linda, lvl
[04/07/2009 17:54:15] /addskill super linda, lvl
[04/07/2009 17:54:15] /addskill super linda, lvl
[04/07/2009 17:54:15] /addskill super linda, lvl
[04/07/2009 17:54:15] /addskill super linda, lvl
[04/07/2009 17:54:15] /addskill super linda, lvl
[04/07/2009 17:54:15] /addskill super linda, lvl
[04/07/2009 17:54:15] /addskill super linda, lvl
[04/07/2009 17:54:15] /addskill super linda, lvl
[04/07/2009 17:54:15] /addskill super linda, lvl
[04/07/2009 17:54:15] /addskill super linda, lvl
[04/07/2009 17:54:15] /addskill super linda, lvl
[04/07/2009 17:54:15] /addskill super linda, lvl
[04/07/2009 17:54:15] /addskill super linda, lvl
[04/07/2009 17:54:15] /addskill super linda, lvl
[04/07/2009 17:54:15] /addskill super linda, lvl
[04/07/2009 17:54:15] /addskill super linda, lvl
[04/07/2009 17:54:15] /addskill super linda, lvl
[04/07/2009 17:54:15] /addskill super linda, lvl
[04/07/2009 17:54:15] /addskill super linda, lvl
[04/07/2009 17:54:15] /addskill super linda, lvl
[04/07/2009 17:54:15] /addskill super linda, lvl
[04/07/2009 17:54:16] /addskill super linda, lvl
[04/07/2009 17:54:16] /addskill super linda, lvl
[04/07/2009 17:54:16] /addskill super linda, lvl
[04/07/2009 17:54:16] /addskill super linda, lvl
[04/07/2009 17:54:16] /addskill super linda, lvl
[04/07/2009 17:54:16] /addskill super linda, lvl
[04/07/2009 17:54:16] /addskill super linda, lvl
[04/07/2009 17:54:16] /addskill super linda, lvl
[04/07/2009 17:54:16] /addskill super linda, lvl
[04/07/2009 17:54:16] /addskill super linda, lvl
[04/07/2009 17:54:16] /addskill super linda, lvl
[04/07/2009 17:54:16] /addskill super linda, lvl
[04/07/2009 17:54:16] /addskill super linda, lvl
[04/07/2009 17:54:16] /addskill super linda, lvl
[04/07/2009 17:54:16] /addskill super linda, lvl
[04/07/2009 17:54:16] /addskill super linda, lvl
[04/07/2009 17:54:16] /addskill super linda, lvl
[04/07/2009 17:54:16] /addskill super linda, lvl
[04/07/2009 17:54:16] /addskill super linda, lvl
[04/07/2009 17:54:16] /addskill super linda, lvl
[04/07/2009 17:54:16] /addskill super linda, lvl
[04/07/2009 17:54:16] /addskill super linda, lvl
[04/07/2009 17:54:16] /addskill super linda, lvl
[04/07/2009 17:54:16] /addskill super linda, lvl
[04/07/2009 17:54:17] /addskill super linda, lvl
[04/07/2009 17:54:17] /addskill super linda, lvl
[04/07/2009 17:54:17] /addskill super linda, lvl
[04/07/2009 17:54:17] /addskill super linda, lvl
[04/07/2009 17:54:17] /addskill super linda, lvl
[04/07/2009 17:54:17] /addskill super linda, lvl
[04/07/2009 17:54:17] /addskill super linda, lvl
[04/07/2009 17:54:17] /addskill super linda, lvl
[04/07/2009 17:54:17] /addskill super linda, lvl
[04/07/2009 17:54:17] /addskill super linda, lvl
[04/07/2009 17:54:17] /addskill super linda, lvl
[04/07/2009 17:54:17] /addskill super linda, lvl
[04/07/2009 17:54:17] /addskill super linda, lvl
[04/07/2009 17:54:17] /addskill super linda, lvl
[04/07/2009 17:54:17] /addskill super linda, lvl
[04/07/2009 17:54:17] /addskill super linda, lvl
[04/07/2009 17:54:17] /addskill super linda, lvl
[04/07/2009 17:54:17] /addskill super linda, lvl
[04/07/2009 17:54:17] /addskill super linda, lvl
[04/07/2009 17:54:17] /addskill super linda, lvl
[04/07/2009 17:54:17] /addskill super linda, lvl
[04/07/2009 17:54:17] /addskill super linda, lvl
[04/07/2009 17:54:18] /addskill super linda, lvl
[04/07/2009 17:54:18] /addskill super linda, lvl
[04/07/2009 17:54:18] /addskill super linda, lvl
[04/07/2009 17:54:18] /addskill super linda, lvl
[04/07/2009 17:54:18] /addskill super linda, lvl
[04/07/2009 17:54:18] /addskill super linda, lvl
[04/07/2009 17:54:18] /addskill super linda, lvl
[04/07/2009 17:54:18] /addskill super linda, lvl
[04/07/2009 17:54:18] /addskill super linda, lvl
[04/07/2009 17:54:18] /addskill super linda, lvl
[04/07/2009 17:54:18] /addskill super linda, lvl
[04/07/2009 17:54:18] /addskill super linda, lvl
[04/07/2009 17:54:18] /addskill super linda, lvl
[04/07/2009 17:54:18] /addskill super linda, lvl
[04/07/2009 17:54:18] /addskill super linda, lvl
[04/07/2009 17:54:18] /addskill super linda, lvl
[04/07/2009 17:54:18] /addskill super linda, lvl
[04/07/2009 17:54:18] /addskill super linda, lvl
[04/07/2009 17:54:18] /addskill super linda, lvl
[04/07/2009 17:54:18] /addskill super linda, lvl
[04/07/2009 17:54:18] /addskill super linda, lvl
[04/07/2009 17:54:18] /addskill super linda, lvl
[04/07/2009 17:54:18] /addskill super linda, lvl
[04/07/2009 17:54:18] /addskill super linda, lvl
[04/07/2009 17:54:18] /addskill super linda, lvl
[04/07/2009 17:54:19] /addskill super linda, lvl
[04/07/2009 17:54:19] /addskill super linda, lvl
[04/07/2009 17:54:19] /addskill super linda, lvl
[04/07/2009 17:54:19] /addskill super linda, lvl
[04/07/2009 17:54:19] /addskill super linda, lvl
[04/07/2009 17:54:19] /addskill super linda, lvl
[04/07/2009 17:54:19] /addskill super linda, lvl
[04/07/2009 17:54:19] /addskill super linda, lvl
[04/07/2009 17:54:19] /addskill super linda, lvl
[04/07/2009 17:54:19] /addskill super linda, lvl
[04/07/2009 17:54:19] /addskill super linda, lvl
[04/07/2009 17:54:19] /addskill super linda, lvl
[04/07/2009 17:54:19] /addskill super linda, lvl
[04/07/2009 17:54:19] /addskill super linda, lvl
[04/07/2009 17:54:19] /addskill super linda, lvl
[04/07/2009 17:54:19] /addskill super linda, lvl
[04/07/2009 17:54:19] /addskill super linda, lvl
[04/07/2009 17:54:19] /addskill super linda, lvl
[04/07/2009 17:54:19] /addskill super linda, lvl
[04/07/2009 17:54:19] /addskill super linda, lvl
[04/07/2009 17:54:19] /addskill super linda, lvl
[04/07/2009 17:54:19] /addskill super linda, lvl
[04/07/2009 17:54:19] /addskill super linda, lvl
[04/07/2009 17:54:19] /addskill super linda, lvl
[04/07/2009 17:54:19] /addskill super linda, lvl
[04/07/2009 17:54:19] /addskill super linda, lvl
[04/07/2009 17:54:20] /addskill super linda, lvl
[04/07/2009 17:54:20] /addskill super linda, lvl
[04/07/2009 17:54:20] /addskill super linda, lvl
[04/07/2009 17:54:20] /addskill super linda, lvl
[04/07/2009 17:54:20] /addskill super linda, lvl
[04/07/2009 17:54:20] /addskill super linda, lvl
[04/07/2009 17:54:20] /addskill super linda, lvl
[04/07/2009 17:54:47] /t
[04/07/2009 17:55:36] /i Nightmare Shield
[04/07/2009 17:56:50] /i 2610
[04/07/2009 17:58:21] /i cristal coin
[04/07/2009 17:58:58] /i 2160
[04/07/2009 17:59:55] /goto Lindinhah
[04/07/2009 18:00:12] /a 5
[04/07/2009 18:02:12] /i Lindinhah
[04/07/2009 18:02:25] /i magic long sword
[04/07/2009 18:03:14] /i Magic Long Sword
[04/07/2009 18:03:20] /i Magic Long Sword
[04/07/2009 18:03:38] /i Emerald Sword
[04/07/2009 18:05:47] /i Key Ring
[04/07/2009 18:06:02] /i Key Ring
[04/07/2009 18:06:03] /i Key Ring
[04/07/2009 18:06:04] /i Key Ring
[04/07/2009 18:06:09] /i Key Ring
[04/07/2009 18:06:11] /i Key Ring
[04/07/2009 18:06:13] /i Key Ring
[04/07/2009 18:06:15] /i Key Ring
[04/07/2009 18:06:17] /i Key Ring
[04/07/2009 18:06:33] /i 2160
[04/07/2009 18:06:33] /i 2160
[04/07/2009 18:06:38] /i 2160
[04/07/2009 18:06:39] /i 2160
[04/07/2009 18:06:39] /i 2160
[04/07/2009 18:06:39] /i 2160
[04/07/2009 18:06:39] /i 2160
[04/07/2009 18:06:39] /i 2160
[04/07/2009 18:06:39] /i 2160
[04/07/2009 18:06:39] /i 2160
[04/07/2009 18:06:39] /i 2160
[04/07/2009 18:06:39] /i 2160
[04/07/2009 18:06:39] /i 2160
[04/07/2009 18:06:39] /i 2160
[04/07/2009 18:06:39] /i 2160
[04/07/2009 18:06:52] /addskill super linda, lvl
[04/07/2009 18:06:52] /addskill super linda, lvl
[04/07/2009 18:06:55] /i golden boots
[04/07/2009 18:06:56] /i golden boots
[04/07/2009 18:07:05] /i 2160
[04/07/2009 18:07:08] /i 2160
[04/07/2009 18:07:11] /i 2160
[04/07/2009 18:07:12] /i 2160
[04/07/2009 18:07:13] /i 2160
[04/07/2009 18:09:17] /addskill Lindinhah, skill
[04/07/2009 18:09:18] /addskill Lindinhah, skill
[04/07/2009 18:09:18] /addskill Lindinhah, skill
[04/07/2009 18:09:18] /addskill Lindinhah, skill
[04/07/2009 18:09:18] /addskill Lindinhah, skill
[04/07/2009 18:09:18] /addskill Lindinhah, skill
[04/07/2009 18:09:18] /addskill Lindinhah, skill
[04/07/2009 18:09:18] /addskill Lindinhah, skill
[04/07/2009 18:09:18] /addskill Lindinhah, skill
[04/07/2009 18:09:18] /addskill Lindinhah, skill
[04/07/2009 18:09:18] /addskill Lindinhah, skill
[04/07/2009 18:09:18] /addskill Lindinhah, skill
[04/07/2009 18:09:18] /addskill Lindinhah, skill
[04/07/2009 18:09:18] /addskill Lindinhah, skill
[04/07/2009 18:09:18] /addskill Lindinhah, skill
[04/07/2009 18:09:18] /addskill Lindinhah, skill
[04/07/2009 18:09:18] /addskill Lindinhah, skill
[04/07/2009 18:09:18] /addskill Lindinhah, skill
[04/07/2009 18:09:18] /addskill Lindinhah, skill
[04/07/2009 18:09:18] /addskill Lindinhah, skill
[04/07/2009 18:09:19] /addskill Lindinhah, skill
[04/07/2009 18:09:19] /addskill Lindinhah, skill
[04/07/2009 18:09:19] /addskill Lindinhah, skill
[04/07/2009 18:09:19] /addskill Lindinhah, skill
[04/07/2009 18:09:19] /addskill Lindinhah, skill
[04/07/2009 18:09:19] /addskill Lindinhah, skill
[04/07/2009 18:09:19] /addskill Lindinhah, skill
[04/07/2009 18:09:19] /addskill Lindinhah, skill
[04/07/2009 18:09:19] /addskill Lindinhah, skill
[04/07/2009 18:09:19] /addskill Lindinhah, skill
[04/07/2009 18:09:19] /addskill Lindinhah, skill
[04/07/2009 18:09:19] /addskill Lindinhah, skill
[04/07/2009 18:09:19] /addskill Lindinhah, skill
[04/07/2009 18:09:19] /addskill Lindinhah, skill
[04/07/2009 18:09:19] /addskill Lindinhah, skill
[04/07/2009 18:09:19] /addskill Lindinhah, skill
[04/07/2009 18:09:19] /addskill Lindinhah, skill
[04/07/2009 18:09:19] /addskill Lindinhah, skill
[04/07/2009 18:09:19] /addskill Lindinhah, skill
[04/07/2009 18:09:19] /addskill Lindinhah, skill
[04/07/2009 18:09:19] /addskill Lindinhah, skill
[04/07/2009 18:09:19] /addskill Lindinhah, skill
[04/07/2009 18:09:19] /addskill Lindinhah, skill
[04/07/2009 18:09:19] /addskill Lindinhah, skill
[04/07/2009 18:09:19] /addskill Lindinhah, skill
[04/07/2009 18:09:19] /addskill Lindinhah, skill
[04/07/2009 18:09:19] /addskill Lindinhah, skill
[04/07/2009 18:09:20] /addskill Lindinhah, skill
[04/07/2009 18:09:20] /addskill Lindinhah, skill
[04/07/2009 18:09:20] /addskill Lindinhah, skill
[04/07/2009 18:09:20] /addskill Lindinhah, skill
[04/07/2009 18:09:20] /addskill Lindinhah, skill
[04/07/2009 18:09:20] /addskill Lindinhah, skill
[04/07/2009 18:09:20] /addskill Lindinhah, skill
[04/07/2009 18:09:20] /addskill Lindinhah, skill
[04/07/2009 18:09:20] /addskill Lindinhah, skill
[04/07/2009 18:09:20] /addskill Lindinhah, skill
[04/07/2009 18:09:20] /addskill Lindinhah, skill
[04/07/2009 18:09:20] /addskill Lindinhah, skill
[04/07/2009 18:09:20] /addskill Lindinhah, skill
[04/07/2009 18:09:20] /addskill Lindinhah, skill
[04/07/2009 18:09:20] /addskill Lindinhah, skill
[04/07/2009 18:09:20] /addskill Lindinhah, skill
[04/07/2009 18:09:20] /addskill Lindinhah, skill
[04/07/2009 18:09:20] /addskill Lindinhah, skill
[04/07/2009 18:09:20] /addskill Lindinhah, skill
[04/07/2009 18:09:20] /addskill Lindinhah, skill
[04/07/2009 18:09:20] /addskill Lindinhah, skill
[04/07/2009 18:09:20] /addskill Lindinhah, skill
[04/07/2009 18:09:20] /addskill Lindinhah, skill
[04/07/2009 18:09:20] /addskill Lindinhah, skill
[04/07/2009 18:09:20] /addskill Lindinhah, skill
[04/07/2009 18:09:20] /addskill Lindinhah, skill
[04/07/2009 18:09:20] /addskill Lindinhah, skill
[04/07/2009 18:09:20] /addskill Lindinhah, skill
[04/07/2009 18:09:20] /addskill Lindinhah, skill
[04/07/2009 18:09:20] /addskill Lindinhah, skill
[04/07/2009 18:09:20] /addskill Lindinhah, skill
[04/07/2009 18:09:20] /addskill Lindinhah, skill
[04/07/2009 18:09:20] /addskill Lindinhah, skill
[04/07/2009 18:09:20] /addskill Lindinhah, skill
[04/07/2009 18:09:21] /addskill Lindinhah, skill
[04/07/2009 18:09:21] /addskill Lindinhah, skill
[04/07/2009 18:09:21] /addskill Lindinhah, skill
[04/07/2009 18:09:21] /addskill Lindinhah, skill
[04/07/2009 18:09:21] /addskill Lindinhah, skill
[04/07/2009 18:09:21] /addskill Lindinhah, skill
[04/07/2009 18:09:21] /addskill Lindinhah, skill
[04/07/2009 18:09:21] /addskill Lindinhah, skill
[04/07/2009 18:09:21] /addskill Lindinhah, skill
[04/07/2009 18:09:21] /addskill Lindinhah, skill
[04/07/2009 18:09:21] /addskill Lindinhah, skill
[04/07/2009 18:09:21] /addskill Lindinhah, skill
[04/07/2009 18:09:21] /addskill Lindinhah, skill
[04/07/2009 18:09:21] /addskill Lindinhah, skill
[04/07/2009 18:09:21] /addskill Lindinhah, skill
[04/07/2009 18:09:21] /addskill Lindinhah, skill
[04/07/2009 18:09:21] /addskill Lindinhah, skill
[04/07/2009 18:09:21] /addskill Lindinhah, skill
[04/07/2009 18:09:21] /addskill Lindinhah, skill
[04/07/2009 18:09:21] /addskill Lindinhah, skill
[04/07/2009 18:09:21] /addskill Lindinhah, skill
[04/07/2009 18:09:21] /addskill Lindinhah, skill
[04/07/2009 18:09:21] /addskill Lindinhah, skill
[04/07/2009 18:09:21] /addskill Lindinhah, skill
[04/07/2009 18:09:22] /addskill Lindinhah, skill
[04/07/2009 18:09:22] /addskill Lindinhah, skill
[04/07/2009 18:09:22] /addskill Lindinhah, skill
[04/07/2009 18:09:42] /addskill Lindinhah, skill distance
[04/07/2009 18:09:43] /addskill Lindinhah, skill distance
[04/07/2009 18:09:54] /addskill Lindinhah, distance
[04/07/2009 18:09:55] /addskill Lindinhah, distance
[04/07/2009 18:09:55] /addskill Lindinhah, distance
[04/07/2009 18:09:55] /addskill Lindinhah, distance
[04/07/2009 18:09:55] /addskill Lindinhah, distance
[04/07/2009 18:09:55] /addskill Lindinhah, distance
[04/07/2009 18:09:55] /addskill Lindinhah, distance
[04/07/2009 18:09:55] /addskill Lindinhah, distance
[04/07/2009 18:09:55] /addskill Lindinhah, distance
[04/07/2009 18:09:55] /addskill Lindinhah, distance
[04/07/2009 18:09:55] /addskill Lindinhah, distance
[04/07/2009 18:09:55] /addskill Lindinhah, distance
[04/07/2009 18:09:55] /addskill Lindinhah, distance
[04/07/2009 18:09:55] /addskill Lindinhah, distance
[04/07/2009 18:09:55] /addskill Lindinhah, distance
[04/07/2009 18:09:55] /addskill Lindinhah, distance
[04/07/2009 18:09:55] /addskill Lindinhah, distance
[04/07/2009 18:09:55] /addskill Lindinhah, distance
[04/07/2009 18:09:55] /addskill Lindinhah, distance
[04/07/2009 18:09:55] /addskill Lindinhah, distance
[04/07/2009 18:09:56] /addskill Lindinhah, distance
[04/07/2009 18:09:56] /addskill Lindinhah, distance
[04/07/2009 18:09:56] /addskill Lindinhah, distance
[04/07/2009 18:09:56] /addskill Lindinhah, distance
[04/07/2009 18:09:56] /addskill Lindinhah, distance
[04/07/2009 18:09:56] /addskill Lindinhah, distance
[04/07/2009 18:09:56] /addskill Lindinhah, distance
[04/07/2009 18:09:56] /addskill Lindinhah, distance
[04/07/2009 18:09:56] /addskill Lindinhah, distance
[04/07/2009 18:09:56] /addskill Lindinhah, distance
[04/07/2009 18:09:56] /addskill Lindinhah, distance
[04/07/2009 18:09:56] /addskill Lindinhah, distance
[04/07/2009 18:09:56] /addskill Lindinhah, distance
[04/07/2009 18:09:56] /addskill Lindinhah, distance
[04/07/2009 18:09:56] /addskill Lindinhah, distance
[04/07/2009 18:09:56] /addskill Lindinhah, distance
[04/07/2009 18:09:56] /addskill Lindinhah, distance
[04/07/2009 18:09:56] /addskill Lindinhah, distance
[04/07/2009 18:09:56] /addskill Lindinhah, distance
[04/07/2009 18:09:56] /addskill Lindinhah, distance
[04/07/2009 18:09:56] /addskill Lindinhah, distance
[04/07/2009 18:09:56] /addskill Lindinhah, distance
[04/07/2009 18:09:56] /addskill Lindinhah, distance
[04/07/2009 18:09:56] /addskill Lindinhah, distance
[04/07/2009 18:09:56] /addskill Lindinhah, distance
[04/07/2009 18:09:56] /addskill Lindinhah, distance
[04/07/2009 18:09:57] /addskill Lindinhah, distance
[04/07/2009 18:09:57] /addskill Lindinhah, distance
[04/07/2009 18:09:57] /addskill Lindinhah, distance
[04/07/2009 18:09:57] /addskill Lindinhah, distance
[04/07/2009 18:09:57] /addskill Lindinhah, distance
[04/07/2009 18:09:57] /addskill Lindinhah, distance
[04/07/2009 18:09:57] /addskill Lindinhah, distance
[04/07/2009 18:09:57] /addskill Lindinhah, distance
[04/07/2009 18:09:57] /addskill Lindinhah, distance
[04/07/2009 18:09:57] /addskill Lindinhah, distance
[04/07/2009 18:09:57] /addskill Lindinhah, distance
[04/07/2009 18:09:57] /addskill Lindinhah, distance
[04/07/2009 18:09:57] /addskill Lindinhah, distance
[04/07/2009 18:09:57] /addskill Lindinhah, distance
[04/07/2009 18:09:57] /addskill Lindinhah, distance
[04/07/2009 18:09:57] /addskill Lindinhah, distance
[04/07/2009 18:09:57] /addskill Lindinhah, distance
[04/07/2009 18:09:57] /addskill Lindinhah, distance
[04/07/2009 18:09:57] /addskill Lindinhah, distance
[04/07/2009 18:09:57] /addskill Lindinhah, distance
[04/07/2009 18:09:57] /addskill Lindinhah, distance
[04/07/2009 18:09:57] /addskill Lindinhah, distance
[04/07/2009 18:09:57] /addskill Lindinhah, distance
[04/07/2009 18:09:57] /addskill Lindinhah, distance
[04/07/2009 18:09:57] /addskill Lindinhah, distance
[04/07/2009 18:09:57] /addskill Lindinhah, distance
[04/07/2009 18:09:57] /addskill Lindinhah, distance
[04/07/2009 18:09:57] /addskill Lindinhah, distance
[04/07/2009 18:09:57] /addskill Lindinhah, distance
[04/07/2009 18:09:57] /addskill Lindinhah, distance
[04/07/2009 18:09:57] /addskill Lindinhah, distance
[04/07/2009 18:09:57] /addskill Lindinhah, distance
[04/07/2009 18:09:57] /addskill Lindinhah, distance
[04/07/2009 18:09:58] /addskill Lindinhah, distance
[04/07/2009 18:09:58] /addskill Lindinhah, distance
[04/07/2009 18:09:58] /addskill Lindinhah, distance
[04/07/2009 18:09:58] /addskill Lindinhah, distance
[04/07/2009 18:09:58] /addskill Lindinhah, distance
[04/07/2009 18:09:58] /addskill Lindinhah, distance
[04/07/2009 18:09:58] /addskill Lindinhah, distance
[04/07/2009 18:09:58] /addskill Lindinhah, distance
[04/07/2009 18:09:58] /addskill Lindinhah, distance
[04/07/2009 18:09:58] /addskill Lindinhah, distance
[04/07/2009 18:09:58] /addskill Lindinhah, distance
[04/07/2009 18:09:58] /addskill Lindinhah, distance
[04/07/2009 18:09:58] /addskill Lindinhah, distance
[04/07/2009 18:09:58] /addskill Lindinhah, distance
[04/07/2009 18:09:58] /addskill Lindinhah, distance
[04/07/2009 18:09:58] /addskill Lindinhah, distance
[04/07/2009 18:09:58] /addskill Lindinhah, distance
[04/07/2009 18:09:58] /addskill Lindinhah, distance
[04/07/2009 18:09:58] /addskill Lindinhah, distance
[04/07/2009 18:09:58] /addskill Lindinhah, distance
[04/07/2009 18:09:58] /addskill Lindinhah, distance
[04/07/2009 18:09:58] /addskill Lindinhah, distance
[04/07/2009 18:09:58] /addskill Lindinhah, distance
[04/07/2009 18:09:58] /addskill Lindinhah, distance
[04/07/2009 18:09:59] /addskill Lindinhah, distance
[04/07/2009 18:09:59] /addskill Lindinhah, distance
[04/07/2009 18:09:59] /addskill Lindinhah, distance
[04/07/2009 18:09:59] /addskill Lindinhah, distance
[04/07/2009 18:09:59] /addskill Lindinhah, distance
[04/07/2009 18:09:59] /addskill Lindinhah, distance
[04/07/2009 18:09:59] /addskill Lindinhah, distance
[04/07/2009 18:09:59] /addskill Lindinhah, distance
[04/07/2009 18:09:59] /addskill Lindinhah, distance
[04/07/2009 18:09:59] /addskill Lindinhah, distance
[04/07/2009 18:09:59] /addskill Lindinhah, distance
[04/07/2009 18:09:59] /addskill Lindinhah, distance
[04/07/2009 18:09:59] /addskill Lindinhah, distance
[04/07/2009 18:09:59] /addskill Lindinhah, distance
[04/07/2009 18:09:59] /addskill Lindinhah, distance
[04/07/2009 18:09:59] /addskill Lindinhah, distance
[04/07/2009 18:09:59] /addskill Lindinhah, distance
[04/07/2009 18:09:59] /addskill Lindinhah, distance
[04/07/2009 18:09:59] /addskill Lindinhah, distance
[04/07/2009 18:09:59] /addskill Lindinhah, distance
[04/07/2009 18:09:59] /addskill Lindinhah, distance
[04/07/2009 18:09:59] /addskill Lindinhah, distance
[04/07/2009 18:09:59] /addskill Lindinhah, distance
[04/07/2009 18:09:59] /addskill Lindinhah, distance
[04/07/2009 18:09:59] /addskill Lindinhah, distance
[04/07/2009 18:09:59] /addskill Lindinhah, distance
[04/07/2009 18:09:59] /addskill Lindinhah, distance
[04/07/2009 18:09:59] /addskill Lindinhah, distance
[04/07/2009 18:09:59] /addskill Lindinhah, distance
[04/07/2009 18:09:59] /addskill Lindinhah, distance
[04/07/2009 18:09:59] /addskill Lindinhah, distance
[04/07/2009 18:09:59] /addskill Lindinhah, distance
[04/07/2009 18:09:59] /addskill Lindinhah, distance
[04/07/2009 18:09:59] /addskill Lindinhah, distance
[04/07/2009 18:09:59] /addskill Lindinhah, distance
[04/07/2009 18:09:59] /addskill Lindinhah, distance
[04/07/2009 18:09:59] /addskill Lindinhah, distance
[04/07/2009 18:09:59] /addskill Lindinhah, distance
[04/07/2009 18:09:59] /addskill Lindinhah, distance
[04/07/2009 18:09:59] /addskill Lindinhah, distance
[04/07/2009 18:10:00] /addskill Lindinhah, distance
[04/07/2009 18:10:00] /addskill Lindinhah, distance
[04/07/2009 18:10:00] /addskill Lindinhah, distance
[04/07/2009 18:10:00] /addskill Lindinhah, distance
[04/07/2009 18:10:00] /addskill Lindinhah, distance
[04/07/2009 18:10:00] /addskill Lindinhah, distance
[04/07/2009 18:10:00] /addskill Lindinhah, distance
[04/07/2009 18:10:00] /addskill Lindinhah, distance
[04/07/2009 18:10:00] /addskill Lindinhah, distance
[04/07/2009 18:10:00] /addskill Lindinhah, distance
[04/07/2009 18:10:00] /addskill Lindinhah, distance
[04/07/2009 18:10:00] /addskill Lindinhah, distance
[04/07/2009 18:10:00] /addskill Lindinhah, distance
[04/07/2009 18:10:00] /addskill Lindinhah, distance
[04/07/2009 18:10:00] /addskill Lindinhah, distance
[04/07/2009 18:10:00] /addskill Lindinhah, distance
[04/07/2009 18:10:00] /addskill Lindinhah, distance
[04/07/2009 18:10:00] /addskill Lindinhah, distance
[04/07/2009 18:10:00] /addskill Lindinhah, distance
[04/07/2009 18:10:00] /addskill Lindinhah, distance
[04/07/2009 18:10:00] /addskill Lindinhah, distance
[04/07/2009 18:10:00] /addskill Lindinhah, distance
[04/07/2009 18:10:00] /addskill Lindinhah, distance
[04/07/2009 18:10:00] /addskill Lindinhah, distance
[04/07/2009 18:10:00] /addskill Lindinhah, distance
[04/07/2009 18:10:00] /addskill Lindinhah, distance
[04/07/2009 18:10:01] /addskill Lindinhah, distance
[04/07/2009 18:10:01] /addskill Lindinhah, distance
[04/07/2009 18:10:01] /addskill Lindinhah, distance
[04/07/2009 18:10:01] /addskill Lindinhah, distance
[04/07/2009 18:10:01] /addskill Lindinhah, distance
[04/07/2009 18:10:01] /addskill Lindinhah, distance
[04/07/2009 18:10:01] /addskill Lindinhah, distance
[04/07/2009 18:10:01] /addskill Lindinhah, distance
[04/07/2009 18:10:01] /addskill Lindinhah, distance
[04/07/2009 18:10:01] /addskill Lindinhah, distance
[04/07/2009 18:10:01] /addskill Lindinhah, distance
[04/07/2009 18:10:01] /addskill Lindinhah, distance
[04/07/2009 18:10:01] /addskill Lindinhah, distance
[04/07/2009 18:10:01] /addskill Lindinhah, distance
[04/07/2009 18:10:01] /addskill Lindinhah, distance
[04/07/2009 18:10:01] /addskill Lindinhah, distance
[04/07/2009 18:10:01] /addskill Lindinhah, distance
[04/07/2009 18:10:01] /addskill Lindinhah, distance
[04/07/2009 18:10:01] /addskill Lindinhah, distance
[04/07/2009 18:10:01] /addskill Lindinhah, distance
[04/07/2009 18:10:01] /addskill Lindinhah, distance
[04/07/2009 18:10:01] /addskill Lindinhah, distance
[04/07/2009 18:10:01] /addskill Lindinhah, distance
[04/07/2009 18:10:01] /addskill Lindinhah, distance
[04/07/2009 18:10:01] /addskill Lindinhah, distance
[04/07/2009 18:10:01] /addskill Lindinhah, distance
[04/07/2009 18:10:01] /addskill Lindinhah, distance
[04/07/2009 18:10:01] /addskill Lindinhah, distance
[04/07/2009 18:10:01] /addskill Lindinhah, distance
[04/07/2009 18:10:01] /addskill Lindinhah, distance
[04/07/2009 18:10:01] /addskill Lindinhah, distance
[04/07/2009 18:10:01] /addskill Lindinhah, distance
[04/07/2009 18:10:01] /addskill Lindinhah, distance
[04/07/2009 18:10:01] /addskill Lindinhah, distance
[04/07/2009 18:10:01] /addskill Lindinhah, distance
[04/07/2009 18:10:02] /addskill Lindinhah, distance
[04/07/2009 18:10:02] /addskill Lindinhah, distance
[04/07/2009 18:10:02] /addskill Lindinhah, distance
[04/07/2009 18:10:02] /addskill Lindinhah, distance
[04/07/2009 18:10:02] /addskill Lindinhah, distance
[04/07/2009 18:10:02] /addskill Lindinhah, distance
[04/07/2009 18:10:02] /addskill Lindinhah, distance
[04/07/2009 18:10:02] /addskill Lindinhah, distance
[04/07/2009 18:10:02] /addskill Lindinhah, distance
[04/07/2009 18:10:02] /addskill Lindinhah, distance
[04/07/2009 18:10:02] /addskill Lindinhah, distance
[04/07/2009 18:10:02] /addskill Lindinhah, distance
[04/07/2009 18:10:02] /addskill Lindinhah, distance
[04/07/2009 18:10:02] /addskill Lindinhah, distance
[04/07/2009 18:10:02] /addskill Lindinhah, distance
[04/07/2009 18:10:02] /addskill Lindinhah, distance
[04/07/2009 18:10:02] /addskill Lindinhah, distance
[04/07/2009 18:10:02] /addskill Lindinhah, distance
[04/07/2009 18:10:02] /addskill Lindinhah, distance
[04/07/2009 18:10:02] /addskill Lindinhah, distance
[04/07/2009 18:10:02] /addskill Lindinhah, distance
[04/07/2009 18:10:02] /addskill Lindinhah, distance
[04/07/2009 18:10:02] /addskill Lindinhah, distance
[04/07/2009 18:10:02] /addskill Lindinhah, distance
[04/07/2009 18:10:02] /addskill Lindinhah, distance
[04/07/2009 18:10:02] /addskill Lindinhah, distance
[04/07/2009 18:10:02] /addskill Lindinhah, distance
[04/07/2009 18:10:03] /addskill Lindinhah, distance
[04/07/2009 18:10:03] /addskill Lindinhah, distance
[04/07/2009 18:10:03] /addskill Lindinhah, distance
[04/07/2009 18:10:03] /addskill Lindinhah, distance
[04/07/2009 18:10:03] /addskill Lindinhah, distance
[04/07/2009 18:10:03] /addskill Lindinhah, distance
[04/07/2009 18:10:03] /addskill Lindinhah, distance
[04/07/2009 18:10:03] /addskill Lindinhah, distance
[04/07/2009 18:10:03] /addskill Lindinhah, distance
[04/07/2009 18:10:03] /addskill Lindinhah, distance
[04/07/2009 18:10:03] /addskill Lindinhah, distance
[04/07/2009 18:10:03] /addskill Lindinhah, distance
[04/07/2009 18:10:03] /addskill Lindinhah, distance
[04/07/2009 18:10:03] /addskill Lindinhah, distance
[04/07/2009 18:10:03] /addskill Lindinhah, distance
[04/07/2009 18:10:03] /addskill Lindinhah, distance
[04/07/2009 18:10:03] /addskill Lindinhah, distance
[04/07/2009 18:10:03] /addskill Lindinhah, distance
[04/07/2009 18:10:03] /addskill Lindinhah, distance
[04/07/2009 18:10:03] /addskill Lindinhah, distance
[04/07/2009 18:10:03] /addskill Lindinhah, distance
[04/07/2009 18:10:03] /addskill Lindinhah, distance
[04/07/2009 18:10:04] /addskill Lindinhah, distance
[04/07/2009 18:10:04] /addskill Lindinhah, distance
[04/07/2009 18:10:04] /addskill Lindinhah, distance
[04/07/2009 18:10:04] /addskill Lindinhah, distance
[04/07/2009 18:10:04] /addskill Lindinhah, distance
[04/07/2009 18:10:04] /addskill Lindinhah, distance
[04/07/2009 18:10:04] /addskill Lindinhah, distance
[04/07/2009 18:10:04] /addskill Lindinhah, distance
[04/07/2009 18:10:04] /addskill Lindinhah, distance
[04/07/2009 18:10:04] /addskill Lindinhah, distance
[04/07/2009 18:10:04] /addskill Lindinhah, distance
[04/07/2009 18:10:04] /addskill Lindinhah, distance
[04/07/2009 18:10:04] /addskill Lindinhah, distance
[04/07/2009 18:10:04] /addskill Lindinhah, distance
[04/07/2009 18:10:04] /addskill Lindinhah, distance
[04/07/2009 18:10:04] /addskill Lindinhah, distance
[04/07/2009 18:10:04] /addskill Lindinhah, distance
[04/07/2009 18:10:04] /addskill Lindinhah, distance
[04/07/2009 18:10:04] /addskill Lindinhah, distance
[04/07/2009 18:10:04] /addskill Lindinhah, distance
[04/07/2009 18:10:04] /addskill Lindinhah, distance
[04/07/2009 18:10:04] /addskill Lindinhah, distance
[04/07/2009 18:10:04] /addskill Lindinhah, distance
[04/07/2009 18:10:04] /addskill Lindinhah, distance
[04/07/2009 18:10:04] /addskill Lindinhah, distance
[04/07/2009 18:10:04] /addskill Lindinhah, distance
[04/07/2009 18:10:05] /addskill Lindinhah, distance
[04/07/2009 18:10:05] /addskill Lindinhah, distance
[04/07/2009 18:10:05] /addskill Lindinhah, distance
[04/07/2009 18:10:05] /addskill Lindinhah, distance
[04/07/2009 18:10:05] /addskill Lindinhah, distance
[04/07/2009 18:10:05] /addskill Lindinhah, distance
[04/07/2009 18:10:05] /addskill Lindinhah, distance
[04/07/2009 18:10:05] /addskill Lindinhah, distance
[04/07/2009 18:10:05] /addskill Lindinhah, distance
[04/07/2009 18:10:05] /addskill Lindinhah, distance
[04/07/2009 18:10:05] /addskill Lindinhah, distance
[04/07/2009 18:10:05] /addskill Lindinhah, distance
[04/07/2009 18:10:05] /addskill Lindinhah, distance
[04/07/2009 18:10:05] /addskill Lindinhah, distance
[04/07/2009 18:10:13] /addskill Lindinhah, distance
[04/07/2009 18:10:14] /addskill Lindinhah, distance
[04/07/2009 18:10:14] /addskill Lindinhah, distance
[04/07/2009 18:10:14] /addskill Lindinhah, distance
[04/07/2009 18:10:14] /addskill Lindinhah, distance
[04/07/2009 18:10:14] /addskill Lindinhah, distance
[04/07/2009 18:10:14] /addskill Lindinhah, distance
[04/07/2009 18:10:14] /addskill Lindinhah, distance
[04/07/2009 18:10:14] /addskill Lindinhah, distance
[04/07/2009 18:10:14] /addskill Lindinhah, distance
[04/07/2009 18:10:14] /addskill Lindinhah, distance
[04/07/2009 18:10:14] /addskill Lindinhah, distance
[04/07/2009 18:10:14] /addskill Lindinhah, distance
[04/07/2009 18:10:14] /addskill Lindinhah, distance
[04/07/2009 18:10:14] /addskill Lindinhah, distance
[04/07/2009 18:10:14] /addskill Lindinhah, distance
[04/07/2009 18:10:14] /addskill Lindinhah, distance
[04/07/2009 18:10:14] /addskill Lindinhah, distance
[04/07/2009 18:10:14] /addskill Lindinhah, distance
[04/07/2009 18:10:14] /addskill Lindinhah, distance
[04/07/2009 18:10:14] /addskill Lindinhah, distance
[04/07/2009 18:10:14] /addskill Lindinhah, distance
[04/07/2009 18:10:14] /addskill Lindinhah, distance
[04/07/2009 18:10:14] /addskill Lindinhah, distance
[04/07/2009 18:10:14] /addskill Lindinhah, distance
[04/07/2009 18:10:14] /addskill Lindinhah, distance
[04/07/2009 18:10:15] /addskill Lindinhah, distance
[04/07/2009 18:10:15] /addskill Lindinhah, distance
[04/07/2009 18:10:15] /addskill Lindinhah, distance
[04/07/2009 18:10:15] /addskill Lindinhah, distance
[04/07/2009 18:10:15] /addskill Lindinhah, distance
[04/07/2009 18:10:15] /addskill Lindinhah, distance
[04/07/2009 18:10:15] /addskill Lindinhah, distance
[04/07/2009 18:10:15] /addskill Lindinhah, distance
[04/07/2009 18:10:15] /addskill Lindinhah, distance
[04/07/2009 18:10:15] /addskill Lindinhah, distance
[04/07/2009 18:10:15] /addskill Lindinhah, distance
[04/07/2009 18:10:15] /addskill Lindinhah, distance
[04/07/2009 18:10:15] /addskill Lindinhah, distance
[04/07/2009 18:10:15] /addskill Lindinhah, distance
[04/07/2009 18:10:15] /addskill Lindinhah, distance
[04/07/2009 18:10:15] /addskill Lindinhah, distance
[04/07/2009 18:10:15] /addskill Lindinhah, distance
[04/07/2009 18:10:15] /addskill Lindinhah, distance
[04/07/2009 18:10:15] /addskill Lindinhah, distance
[04/07/2009 18:10:15] /addskill Lindinhah, distance
[04/07/2009 18:10:15] /addskill Lindinhah, distance
[04/07/2009 18:10:15] /addskill Lindinhah, distance
[04/07/2009 18:10:15] /addskill Lindinhah, distance
[04/07/2009 18:10:15] /addskill Lindinhah, distance
[04/07/2009 18:10:20] /addskill Lindinhah, distance
[04/07/2009 18:10:21] /addskill Lindinhah, distance
[04/07/2009 18:10:21] /addskill Lindinhah, distance
[04/07/2009 18:10:21] /addskill Lindinhah, distance
[04/07/2009 18:10:21] /addskill Lindinhah, distance
[04/07/2009 18:10:21] /addskill Lindinhah, distance
[04/07/2009 18:10:21] /addskill Lindinhah, distance
[04/07/2009 18:10:21] /addskill Lindinhah, distance
[04/07/2009 18:10:21] /addskill Lindinhah, distance
[04/07/2009 18:10:21] /addskill Lindinhah, distance
[04/07/2009 18:10:21] /addskill Lindinhah, distance
[04/07/2009 18:10:21] /addskill Lindinhah, distance
[04/07/2009 18:10:21] /addskill Lindinhah, distance
[04/07/2009 18:10:21] /addskill Lindinhah, distance
[04/07/2009 18:10:21] /addskill Lindinhah, distance
[04/07/2009 18:10:21] /addskill Lindinhah, distance
[04/07/2009 18:10:21] /addskill Lindinhah, distance
[04/07/2009 18:10:21] /addskill Lindinhah, distance
[04/07/2009 18:10:21] /addskill Lindinhah, distance
[04/07/2009 18:10:21] /addskill Lindinhah, distance
[04/07/2009 18:10:21] /addskill Lindinhah, distance
[04/07/2009 18:10:22] /addskill Lindinhah, distance
[04/07/2009 18:10:22] /addskill Lindinhah, distance
[04/07/2009 18:10:22] /addskill Lindinhah, distance
[04/07/2009 18:10:22] /addskill Lindinhah, distance
[04/07/2009 18:10:22] /addskill Lindinhah, distance
[04/07/2009 18:10:22] /addskill Lindinhah, distance
[04/07/2009 18:10:22] /addskill Lindinhah, distance
[04/07/2009 18:10:22] /addskill Lindinhah, distance
[04/07/2009 18:10:22] /addskill Lindinhah, distance
[04/07/2009 18:10:22] /addskill Lindinhah, distance
[04/07/2009 18:10:22] /addskill Lindinhah, distance
[04/07/2009 18:10:22] /addskill Lindinhah, distance
[04/07/2009 18:10:22] /addskill Lindinhah, distance
[04/07/2009 18:10:22] /addskill Lindinhah, distance
[04/07/2009 18:10:22] /addskill Lindinhah, distance
[04/07/2009 18:10:22] /addskill Lindinhah, distance
[04/07/2009 18:10:22] /addskill Lindinhah, distance
[04/07/2009 18:10:22] /addskill Lindinhah, distance
[04/07/2009 18:10:22] /addskill Lindinhah, distance
[04/07/2009 18:10:22] /addskill Lindinhah, distance
[04/07/2009 18:10:22] /addskill Lindinhah, distance
[04/07/2009 18:10:22] /addskill Lindinhah, distance
[04/07/2009 18:10:22] /addskill Lindinhah, distance
[04/07/2009 18:10:22] /addskill Lindinhah, distance
[04/07/2009 18:10:22] /addskill Lindinhah, distance
[04/07/2009 18:10:22] /addskill Lindinhah, distance
[04/07/2009 18:10:22] /addskill Lindinhah, distance
[04/07/2009 18:10:22] /addskill Lindinhah, distance
[04/07/2009 18:10:22] /addskill Lindinhah, distance
[04/07/2009 18:10:22] /addskill Lindinhah, distance
[04/07/2009 18:10:22] /addskill Lindinhah, distance
[04/07/2009 18:10:23] /addskill Lindinhah, distance
[04/07/2009 18:10:23] /addskill Lindinhah, distance
[04/07/2009 18:10:23] /addskill Lindinhah, distance
[04/07/2009 18:10:23] /addskill Lindinhah, distance
[04/07/2009 18:10:23] /addskill Lindinhah, distance
[04/07/2009 18:10:23] /addskill Lindinhah, distance
[04/07/2009 18:10:23] /addskill Lindinhah, distance
[04/07/2009 18:10:23] /addskill Lindinhah, distance
[04/07/2009 18:10:23] /addskill Lindinhah, distance
[04/07/2009 18:10:23] /addskill Lindinhah, distance
[04/07/2009 18:10:23] /addskill Lindinhah, distance
[04/07/2009 18:10:23] /addskill Lindinhah, distance
[04/07/2009 18:10:23] /addskill Lindinhah, distance
[04/07/2009 18:10:23] /addskill Lindinhah, distance
[04/07/2009 18:10:23] /addskill Lindinhah, distance
[04/07/2009 18:10:23] /addskill Lindinhah, distance
[04/07/2009 18:10:23] /addskill Lindinhah, distance
[04/07/2009 18:10:23] /addskill Lindinhah, distance
[04/07/2009 18:10:23] /addskill Lindinhah, distance
[04/07/2009 18:10:23] /addskill Lindinhah, distance
[04/07/2009 18:10:23] /addskill Lindinhah, distance
[04/07/2009 18:10:23] /addskill Lindinhah, distance
[04/07/2009 18:10:23] /addskill Lindinhah, distance
[04/07/2009 18:10:23] /addskill Lindinhah, distance
[04/07/2009 18:10:23] /addskill Lindinhah, distance
[04/07/2009 18:10:23] /addskill Lindinhah, distance
[04/07/2009 18:10:23] /addskill Lindinhah, distance
[04/07/2009 18:10:24] /addskill Lindinhah, distance
[04/07/2009 18:10:24] /addskill Lindinhah, distance
[04/07/2009 18:10:24] /addskill Lindinhah, distance
[04/07/2009 18:10:24] /addskill Lindinhah, distance
[04/07/2009 18:10:24] /addskill Lindinhah, distance
[04/07/2009 18:10:24] /addskill Lindinhah, distance
[04/07/2009 18:10:24] /addskill Lindinhah, distance
[04/07/2009 18:10:24] /addskill Lindinhah, distance
[04/07/2009 18:10:24] /addskill Lindinhah, distance
[04/07/2009 18:10:24] /addskill Lindinhah, distance
[04/07/2009 18:10:24] /addskill Lindinhah, distance
[04/07/2009 18:10:24] /addskill Lindinhah, distance
[04/07/2009 18:10:24] /addskill Lindinhah, distance
[04/07/2009 18:10:24] /addskill Lindinhah, distance
[04/07/2009 18:10:24] /addskill Lindinhah, distance
[04/07/2009 18:10:24] /addskill Lindinhah, distance
[04/07/2009 18:10:24] /addskill Lindinhah, distance
[04/07/2009 18:10:24] /addskill Lindinhah, distance
[04/07/2009 18:10:24] /addskill Lindinhah, distance
[04/07/2009 18:10:24] /addskill Lindinhah, distance
[04/07/2009 18:10:24] /addskill Lindinhah, distance
[04/07/2009 18:10:24] /addskill Lindinhah, distance
[04/07/2009 18:10:24] /addskill Lindinhah, distance
[04/07/2009 18:10:25] /addskill Lindinhah, distance
[04/07/2009 18:10:25] /addskill Lindinhah, distance
[04/07/2009 18:10:25] /addskill Lindinhah, distance
[04/07/2009 18:10:25] /addskill Lindinhah, distance
[04/07/2009 18:10:25] /addskill Lindinhah, distance
[04/07/2009 18:10:35] /addskill Lindinhah, distance
[04/07/2009 18:10:35] /addskill Lindinhah, distance
[04/07/2009 18:10:35] /addskill Lindinhah, distance
[04/07/2009 18:10:35] /addskill Lindinhah, distance
[04/07/2009 18:10:35] /addskill Lindinhah, distance
[04/07/2009 18:10:35] /addskill Lindinhah, distance
[04/07/2009 18:10:35] /addskill Lindinhah, distance
[04/07/2009 18:10:35] /addskill Lindinhah, distance
[04/07/2009 18:10:35] /addskill Lindinhah, distance
[04/07/2009 18:10:36] /addskill Lindinhah, distance
[04/07/2009 18:10:36] /addskill Lindinhah, distance
[04/07/2009 18:10:36] /addskill Lindinhah, distance
[04/07/2009 18:10:36] /addskill Lindinhah, distance
[04/07/2009 18:10:36] /addskill Lindinhah, distance
[04/07/2009 18:10:36] /addskill Lindinhah, distance
[04/07/2009 18:10:36] /addskill Lindinhah, distance
[04/07/2009 18:10:36] /addskill Lindinhah, distance
[04/07/2009 18:10:36] /addskill Lindinhah, distance
[04/07/2009 18:10:36] /addskill Lindinhah, distance
[04/07/2009 18:10:36] /addskill Lindinhah, distance
[04/07/2009 18:10:36] /addskill Lindinhah, distance
[04/07/2009 18:10:36] /addskill Lindinhah, distance
[04/07/2009 18:10:36] /addskill Lindinhah, distance
[04/07/2009 18:10:36] /addskill Lindinhah, distance
[04/07/2009 18:10:36] /addskill Lindinhah, distance
[04/07/2009 18:10:36] /addskill Lindinhah, distance
[04/07/2009 18:10:36] /addskill Lindinhah, distance
[04/07/2009 18:10:36] /addskill Lindinhah, distance
[04/07/2009 18:10:36] /addskill Lindinhah, distance
[04/07/2009 18:10:36] /addskill Lindinhah, distance
[04/07/2009 18:10:36] /addskill Lindinhah, distance
[04/07/2009 18:10:36] /addskill Lindinhah, distance
[04/07/2009 18:10:36] /addskill Lindinhah, distance
[04/07/2009 18:10:36] /addskill Lindinhah, distance
[04/07/2009 18:10:36] /addskill Lindinhah, distance
[04/07/2009 18:10:36] /addskill Lindinhah, distance
[04/07/2009 18:10:36] /addskill Lindinhah, distance
[04/07/2009 18:10:36] /addskill Lindinhah, distance
[04/07/2009 18:10:36] /addskill Lindinhah, distance
[04/07/2009 18:10:36] /addskill Lindinhah, distance
[04/07/2009 18:10:37] /addskill Lindinhah, distance
[04/07/2009 18:10:37] /addskill Lindinhah, distance
[04/07/2009 18:10:37] /addskill Lindinhah, distance
[04/07/2009 18:10:37] /addskill Lindinhah, distance
[04/07/2009 18:10:37] /addskill Lindinhah, distance
[04/07/2009 18:10:37] /addskill Lindinhah, distance
[04/07/2009 18:10:37] /addskill Lindinhah, distance
[04/07/2009 18:10:37] /addskill Lindinhah, distance
[04/07/2009 18:10:37] /addskill Lindinhah, distance
[04/07/2009 18:10:37] /addskill Lindinhah, distance
[04/07/2009 18:10:37] /addskill Lindinhah, distance
[04/07/2009 18:10:37] /addskill Lindinhah, distance
[04/07/2009 18:10:37] /addskill Lindinhah, distance
[04/07/2009 18:10:37] /addskill Lindinhah, distance
[04/07/2009 18:10:37] /addskill Lindinhah, distance
[04/07/2009 18:10:37] /addskill Lindinhah, distance
[04/07/2009 18:10:37] /addskill Lindinhah, distance
[04/07/2009 18:10:37] /addskill Lindinhah, distance
[04/07/2009 18:10:37] /addskill Lindinhah, distance
[04/07/2009 18:10:37] /addskill Lindinhah, distance
[04/07/2009 18:10:37] /addskill Lindinhah, distance
[04/07/2009 18:10:37] /addskill Lindinhah, distance
[04/07/2009 18:10:37] /addskill Lindinhah, distance
[04/07/2009 18:10:37] /addskill Lindinhah, distance
[04/07/2009 18:10:37] /addskill Lindinhah, distance
[04/07/2009 18:10:37] /addskill Lindinhah, distance
[04/07/2009 18:10:37] /addskill Lindinhah, distance
[04/07/2009 18:10:37] /addskill Lindinhah, distance
[04/07/2009 18:10:37] /addskill Lindinhah, distance
[04/07/2009 18:10:38] /addskill Lindinhah, distance
[04/07/2009 18:10:38] /addskill Lindinhah, distance
[04/07/2009 18:10:38] /addskill Lindinhah, distance
[04/07/2009 18:10:38] /addskill Lindinhah, distance
[04/07/2009 18:10:38] /addskill Lindinhah, distance
[04/07/2009 18:10:38] /addskill Lindinhah, distance
[04/07/2009 18:10:38] /addskill Lindinhah, distance
[04/07/2009 18:10:38] /addskill Lindinhah, distance
[04/07/2009 18:10:38] /addskill Lindinhah, distance
[04/07/2009 18:10:38] /addskill Lindinhah, distance
[04/07/2009 18:10:38] /addskill Lindinhah, distance
[04/07/2009 18:10:38] /addskill Lindinhah, distance
[04/07/2009 18:10:38] /addskill Lindinhah, distance
[04/07/2009 18:10:38] /addskill Lindinhah, distance
[04/07/2009 18:10:38] /addskill Lindinhah, distance
[04/07/2009 18:10:38] /addskill Lindinhah, distance
[04/07/2009 18:10:38] /addskill Lindinhah, distance
[04/07/2009 18:10:38] /addskill Lindinhah, distance
[04/07/2009 18:10:38] /addskill Lindinhah, distance
[04/07/2009 18:10:38] /addskill Lindinhah, distance
[04/07/2009 18:10:38] /addskill Lindinhah, distance
[04/07/2009 18:10:38] /addskill Lindinhah, distance
[04/07/2009 18:10:38] /addskill Lindinhah, distance
[04/07/2009 18:10:39] /addskill Lindinhah, distance
[04/07/2009 18:10:39] /addskill Lindinhah, distance
[04/07/2009 18:10:39] /addskill Lindinhah, distance
[04/07/2009 18:10:39] /addskill Lindinhah, distance
[04/07/2009 18:10:39] /addskill Lindinhah, distance
[04/07/2009 18:10:39] /addskill Lindinhah, distance
[04/07/2009 18:10:39] /addskill Lindinhah, distance
[04/07/2009 18:10:39] /addskill Lindinhah, distance
[04/07/2009 18:10:39] /addskill Lindinhah, distance
[04/07/2009 18:10:39] /addskill Lindinhah, distance
[04/07/2009 18:10:39] /addskill Lindinhah, distance
[04/07/2009 18:10:39] /addskill Lindinhah, distance
[04/07/2009 18:10:39] /addskill Lindinhah, distance
[04/07/2009 18:10:39] /addskill Lindinhah, distance
[04/07/2009 18:10:39] /addskill Lindinhah, distance
[04/07/2009 18:10:39] /addskill Lindinhah, distance
[04/07/2009 18:10:39] /addskill Lindinhah, distance
[04/07/2009 18:10:39] /addskill Lindinhah, distance
[04/07/2009 18:10:39] /addskill Lindinhah, distance
[04/07/2009 18:10:39] /addskill Lindinhah, distance
[04/07/2009 18:10:39] /addskill Lindinhah, distance
[04/07/2009 18:10:39] /addskill Lindinhah, distance
[04/07/2009 18:10:39] /addskill Lindinhah, distance
[04/07/2009 18:10:39] /addskill Lindinhah, distance
[04/07/2009 18:10:39] /addskill Lindinhah, distance
[04/07/2009 18:10:39] /addskill Lindinhah, distance
[04/07/2009 18:10:39] /addskill Lindinhah, distance
[04/07/2009 18:10:39] /addskill Lindinhah, distance
[04/07/2009 18:10:39] /addskill Lindinhah, distance
[04/07/2009 18:10:51] /addskill Lindinhah, shield
[04/07/2009 18:10:51] /addskill Lindinhah, shield
[04/07/2009 18:10:51] /addskill Lindinhah, shield
[04/07/2009 18:10:51] /addskill Lindinhah, shield
[04/07/2009 18:10:51] /addskill Lindinhah, shield
[04/07/2009 18:10:51] /addskill Lindinhah, shield
[04/07/2009 18:10:51] /addskill Lindinhah, shield
[04/07/2009 18:10:51] /addskill Lindinhah, shield
[04/07/2009 18:10:51] /addskill Lindinhah, shield
[04/07/2009 18:10:51] /addskill Lindinhah, shield
[04/07/2009 18:10:52] /addskill Lindinhah, shield
[04/07/2009 18:10:52] /addskill Lindinhah, shield
[04/07/2009 18:10:52] /addskill Lindinhah, shield
[04/07/2009 18:10:52] /addskill Lindinhah, shield
[04/07/2009 18:10:52] /addskill Lindinhah, shield
[04/07/2009 18:10:52] /addskill Lindinhah, shield
[04/07/2009 18:10:52] /addskill Lindinhah, shield
[04/07/2009 18:10:52] /addskill Lindinhah, shield
[04/07/2009 18:10:52] /addskill Lindinhah, shield
[04/07/2009 18:10:52] /addskill Lindinhah, shield
[04/07/2009 18:10:52] /addskill Lindinhah, shield
[04/07/2009 18:10:52] /addskill Lindinhah, shield
[04/07/2009 18:10:52] /addskill Lindinhah, shield
[04/07/2009 18:10:52] /addskill Lindinhah, shield
[04/07/2009 18:10:52] /addskill Lindinhah, shield
[04/07/2009 18:10:52] /addskill Lindinhah, shield
[04/07/2009 18:10:52] /addskill Lindinhah, shield
[04/07/2009 18:10:52] /addskill Lindinhah, shield
[04/07/2009 18:10:52] /addskill Lindinhah, shield
[04/07/2009 18:10:52] /addskill Lindinhah, shield
[04/07/2009 18:10:52] /addskill Lindinhah, shield
[04/07/2009 18:10:53] /addskill Lindinhah, shield
[04/07/2009 18:10:53] /addskill Lindinhah, shield
[04/07/2009 18:10:53] /addskill Lindinhah, shield
[04/07/2009 18:10:53] /addskill Lindinhah, shield
[04/07/2009 18:10:53] /addskill Lindinhah, shield
[04/07/2009 18:10:53] /addskill Lindinhah, shield
[04/07/2009 18:10:53] /addskill Lindinhah, shield
[04/07/2009 18:10:53] /addskill Lindinhah, shield
[04/07/2009 18:10:53] /addskill Lindinhah, shield
[04/07/2009 18:10:53] /addskill Lindinhah, shield
[04/07/2009 18:10:53] /addskill Lindinhah, shield
[04/07/2009 18:10:53] /addskill Lindinhah, shield
[04/07/2009 18:10:53] /addskill Lindinhah, shield
[04/07/2009 18:10:53] /addskill Lindinhah, shield
[04/07/2009 18:10:53] /addskill Lindinhah, shield
[04/07/2009 18:10:53] /addskill Lindinhah, shield
[04/07/2009 18:10:53] /addskill Lindinhah, shield
[04/07/2009 18:10:53] /addskill Lindinhah, shield
[04/07/2009 18:10:53] /addskill Lindinhah, shield
[04/07/2009 18:10:53] /addskill Lindinhah, shield
[04/07/2009 18:10:53] /addskill Lindinhah, shield
[04/07/2009 18:10:53] /addskill Lindinhah, shield
[04/07/2009 18:10:53] /addskill Lindinhah, shield
[04/07/2009 18:10:53] /addskill Lindinhah, shield
[04/07/2009 18:10:53] /addskill Lindinhah, shield
[04/07/2009 18:10:53] /addskill Lindinhah, shield
[04/07/2009 18:10:53] /addskill Lindinhah, shield
[04/07/2009 18:10:53] /addskill Lindinhah, shield
[04/07/2009 18:10:53] /addskill Lindinhah, shield
[04/07/2009 18:10:53] /addskill Lindinhah, shield
[04/07/2009 18:10:53] /addskill Lindinhah, shield
[04/07/2009 18:10:53] /addskill Lindinhah, shield
[04/07/2009 18:10:53] /addskill Lindinhah, shield
[04/07/2009 18:10:54] /addskill Lindinhah, shield
[04/07/2009 18:10:54] /addskill Lindinhah, shield
[04/07/2009 18:10:54] /addskill Lindinhah, shield
[04/07/2009 18:10:54] /addskill Lindinhah, shield
[04/07/2009 18:10:54] /addskill Lindinhah, shield
[04/07/2009 18:10:54] /addskill Lindinhah, shield
[04/07/2009 18:10:54] /addskill Lindinhah, shield
[04/07/2009 18:10:54] /addskill Lindinhah, shield
[04/07/2009 18:10:54] /addskill Lindinhah, shield
[04/07/2009 18:10:54] /addskill Lindinhah, shield
[04/07/2009 18:10:54] /addskill Lindinhah, shield
[04/07/2009 18:10:54] /addskill Lindinhah, shield
[04/07/2009 18:10:54] /addskill Lindinhah, shield
[04/07/2009 18:10:54] /addskill Lindinhah, shield
[04/07/2009 18:10:54] /addskill Lindinhah, shield
[04/07/2009 18:10:54] /addskill Lindinhah, shield
[04/07/2009 18:10:54] /addskill Lindinhah, shield
[04/07/2009 18:10:54] /addskill Lindinhah, shield
[04/07/2009 18:10:54] /addskill Lindinhah, shield
[04/07/2009 18:10:54] /addskill Lindinhah, shield
[04/07/2009 18:10:54] /addskill Lindinhah, shield
[04/07/2009 18:10:54] /addskill Lindinhah, shield
[04/07/2009 18:10:54] /addskill Lindinhah, shield
[04/07/2009 18:10:54] /addskill Lindinhah, shield
[04/07/2009 18:10:54] /addskill Lindinhah, shield
[04/07/2009 18:10:54] /addskill Lindinhah, shield
[04/07/2009 18:10:54] /addskill Lindinhah, shield
[04/07/2009 18:10:54] /addskill Lindinhah, shield
[04/07/2009 18:10:54] /addskill Lindinhah, shield
[04/07/2009 18:10:54] /addskill Lindinhah, shield
[04/07/2009 18:10:54] /addskill Lindinhah, shield
[04/07/2009 18:10:54] /addskill Lindinhah, shield
[04/07/2009 18:10:54] /addskill Lindinhah, shield
[04/07/2009 18:10:54] /addskill Lindinhah, shield
[04/07/2009 18:10:54] /addskill Lindinhah, shield
[04/07/2009 18:10:54] /addskill Lindinhah, shield
[04/07/2009 18:10:54] /addskill Lindinhah, shield
[04/07/2009 18:10:54] /addskill Lindinhah, shield
[04/07/2009 18:10:54] /addskill Lindinhah, shield
[04/07/2009 18:10:54] /addskill Lindinhah, shield
[04/07/2009 18:10:54] /addskill Lindinhah, shield
[04/07/2009 18:10:54] /addskill Lindinhah, shield
[04/07/2009 18:10:55] /addskill Lindinhah, shield
[04/07/2009 18:10:55] /addskill Lindinhah, shield
[04/07/2009 18:10:55] /addskill Lindinhah, shield
[04/07/2009 18:10:55] /addskill Lindinhah, shield
[04/07/2009 18:10:55] /addskill Lindinhah, shield
[04/07/2009 18:10:55] /addskill Lindinhah, shield
[04/07/2009 18:10:55] /addskill Lindinhah, shield
[04/07/2009 18:10:55] /addskill Lindinhah, shield
[04/07/2009 18:10:55] /addskill Lindinhah, shield
[04/07/2009 18:10:55] /addskill Lindinhah, shield
[04/07/2009 18:10:55] /addskill Lindinhah, shield
[04/07/2009 18:10:55] /addskill Lindinhah, shield
[04/07/2009 18:10:55] /addskill Lindinhah, shield
[04/07/2009 18:10:55] /addskill Lindinhah, shield
[04/07/2009 18:10:55] /addskill Lindinhah, shield
[04/07/2009 18:10:55] /addskill Lindinhah, shield
[04/07/2009 18:10:55] /addskill Lindinhah, shield
[04/07/2009 18:10:55] /addskill Lindinhah, shield
[04/07/2009 18:10:55] /addskill Lindinhah, shield
[04/07/2009 18:10:55] /addskill Lindinhah, shield
[04/07/2009 18:10:55] /addskill Lindinhah, shield
[04/07/2009 18:10:55] /addskill Lindinhah, shield
[04/07/2009 18:10:55] /addskill Lindinhah, shield
[04/07/2009 18:10:55] /addskill Lindinhah, shield
[04/07/2009 18:10:55] /addskill Lindinhah, shield
[04/07/2009 18:10:55] /addskill Lindinhah, shield
[04/07/2009 18:10:56] /addskill Lindinhah, shield
[04/07/2009 18:10:56] /addskill Lindinhah, shield
[04/07/2009 18:10:56] /addskill Lindinhah, shield
[04/07/2009 18:10:56] /addskill Lindinhah, shield
[04/07/2009 18:10:56] /addskill Lindinhah, shield
[04/07/2009 18:10:56] /addskill Lindinhah, shield
[04/07/2009 18:10:56] /addskill Lindinhah, shield
[04/07/2009 18:10:56] /addskill Lindinhah, shield
[04/07/2009 18:10:56] /addskill Lindinhah, shield
[04/07/2009 18:10:56] /addskill Lindinhah, shield
[04/07/2009 18:10:56] /addskill Lindinhah, shield
[04/07/2009 18:10:56] /addskill Lindinhah, shield
[04/07/2009 18:10:56] /addskill Lindinhah, shield
[04/07/2009 18:10:56] /addskill Lindinhah, shield
[04/07/2009 18:10:56] /addskill Lindinhah, shield
[04/07/2009 18:10:56] /addskill Lindinhah, shield
[04/07/2009 18:10:56] /addskill Lindinhah, shield
[04/07/2009 18:10:56] /addskill Lindinhah, shield
[04/07/2009 18:10:56] /addskill Lindinhah, shield
[04/07/2009 18:10:56] /addskill Lindinhah, shield
[04/07/2009 18:10:56] /addskill Lindinhah, shield
[04/07/2009 18:10:56] /addskill Lindinhah, shield
[04/07/2009 18:10:56] /addskill Lindinhah, shield
[04/07/2009 18:10:56] /addskill Lindinhah, shield
[04/07/2009 18:10:56] /addskill Lindinhah, shield
[04/07/2009 18:10:56] /addskill Lindinhah, shield
[04/07/2009 18:10:56] /addskill Lindinhah, shield
[04/07/2009 18:10:56] /addskill Lindinhah, shield
[04/07/2009 18:10:57] /addskill Lindinhah, shield
[04/07/2009 18:10:57] /addskill Lindinhah, shield
[04/07/2009 18:10:57] /addskill Lindinhah, shield
[04/07/2009 18:10:57] /addskill Lindinhah, shield
[04/07/2009 18:10:57] /addskill Lindinhah, shield
[04/07/2009 18:10:57] /addskill Lindinhah, shield
[04/07/2009 18:10:57] /addskill Lindinhah, shield
[04/07/2009 18:10:57] /addskill Lindinhah, shield
[04/07/2009 18:10:57] /addskill Lindinhah, shield
[04/07/2009 18:10:57] /addskill Lindinhah, shield
[04/07/2009 18:10:57] /addskill Lindinhah, shield
[04/07/2009 18:10:57] /addskill Lindinhah, shield
[04/07/2009 18:10:57] /addskill Lindinhah, shield
[04/07/2009 18:10:57] /addskill Lindinhah, shield
[04/07/2009 18:10:57] /addskill Lindinhah, shield
[04/07/2009 18:10:57] /addskill Lindinhah, shield
[04/07/2009 18:10:57] /addskill Lindinhah, shield
[04/07/2009 18:10:57] /addskill Lindinhah, shield
[04/07/2009 18:10:57] /addskill Lindinhah, shield
[04/07/2009 18:10:57] /addskill Lindinhah, shield
[04/07/2009 18:10:57] /addskill Lindinhah, shield
[04/07/2009 18:10:57] /addskill Lindinhah, shield
[04/07/2009 18:10:57] /addskill Lindinhah, shield
[04/07/2009 18:10:57] /addskill Lindinhah, shield
[04/07/2009 18:10:57] /addskill Lindinhah, shield
[04/07/2009 18:10:57] /addskill Lindinhah, shield
[04/07/2009 18:10:57] /addskill Lindinhah, shield
[04/07/2009 18:10:57] /addskill Lindinhah, shield
[04/07/2009 18:10:57] /addskill Lindinhah, shield
[04/07/2009 18:10:57] /addskill Lindinhah, shield
[04/07/2009 18:10:57] /addskill Lindinhah, shield
[04/07/2009 18:10:58] /addskill Lindinhah, shield
[04/07/2009 18:10:58] /addskill Lindinhah, shield
[04/07/2009 18:10:58] /addskill Lindinhah, shield
[04/07/2009 18:10:58] /addskill Lindinhah, shield
[04/07/2009 18:10:58] /addskill Lindinhah, shield
[04/07/2009 18:10:58] /addskill Lindinhah, shield
[04/07/2009 18:10:58] /addskill Lindinhah, shield
[04/07/2009 18:10:58] /addskill Lindinhah, shield
[04/07/2009 18:10:58] /addskill Lindinhah, shield
[04/07/2009 18:10:58] /addskill Lindinhah, shield
[04/07/2009 18:10:58] /addskill Lindinhah, shield
[04/07/2009 18:10:58] /addskill Lindinhah, shield
[04/07/2009 18:10:58] /addskill Lindinhah, shield
[04/07/2009 18:10:58] /addskill Lindinhah, shield
[04/07/2009 18:10:58] /addskill Lindinhah, shield
[04/07/2009 18:10:58] /addskill Lindinhah, shield
[04/07/2009 18:10:58] /addskill Lindinhah, shield
[04/07/2009 18:10:58] /addskill Lindinhah, shield
[04/07/2009 18:10:58] /addskill Lindinhah, shield
[04/07/2009 18:10:58] /addskill Lindinhah, shield
[04/07/2009 18:10:58] /addskill Lindinhah, shield
[04/07/2009 18:10:58] /addskill Lindinhah, shield
[04/07/2009 18:10:58] /addskill Lindinhah, shield
[04/07/2009 18:10:58] /addskill Lindinhah, shield
[04/07/2009 18:10:59] /addskill Lindinhah, shield
[04/07/2009 18:10:59] /addskill Lindinhah, shield
[04/07/2009 18:10:59] /addskill Lindinhah, shield
[04/07/2009 18:10:59] /addskill Lindinhah, shield
[04/07/2009 18:10:59] /addskill Lindinhah, shield
[04/07/2009 18:10:59] /addskill Lindinhah, shield
[04/07/2009 18:10:59] /addskill Lindinhah, shield
[04/07/2009 18:10:59] /addskill Lindinhah, shield
[04/07/2009 18:10:59] /addskill Lindinhah, shield
[04/07/2009 18:10:59] /addskill Lindinhah, shield
[04/07/2009 18:10:59] /addskill Lindinhah, shield
[04/07/2009 18:10:59] /addskill Lindinhah, shield
[04/07/2009 18:10:59] /addskill Lindinhah, shield
[04/07/2009 18:10:59] /addskill Lindinhah, shield
[04/07/2009 18:12:40] /i Elvenhair Rope 
[04/07/2009 18:13:04] /a 5
[04/07/2009 18:13:50] /i 2160
[04/07/2009 18:13:51] /i 2160
[04/07/2009 18:13:51] /i 2160
[04/07/2009 18:13:51] /i 2160
[04/07/2009 18:13:51] /i 2160
[04/07/2009 18:13:51] /i 2160
[04/07/2009 18:13:51] /i 2160
[04/07/2009 18:13:51] /i 2160
[04/07/2009 18:13:51] /i 2160
[04/07/2009 18:13:51] /i 2160
[04/07/2009 18:13:51] /i 2160
[04/07/2009 18:13:51] /i 2160
[04/07/2009 18:13:51] /i 2160
[04/07/2009 18:13:51] /i 2160
[04/07/2009 18:13:51] /i 2160
[04/07/2009 18:13:51] /i 2160
[04/07/2009 18:13:51] /i 2160
[04/07/2009 18:13:51] /i 2160
[04/07/2009 18:13:52] /i 2160
[04/07/2009 18:13:52] /i 2160
[04/07/2009 18:13:52] /i 2160
[04/07/2009 18:13:52] /i 2160
[04/07/2009 18:13:52] /i 2160
[04/07/2009 18:13:52] /i 2160
[04/07/2009 18:13:52] /i 2160
[04/07/2009 18:13:52] /i 2160
[04/07/2009 18:13:52] /i 2160
[04/07/2009 18:13:52] /i 2160
[04/07/2009 18:13:52] /i 2160
[04/07/2009 18:13:52] /i 2160
[04/07/2009 18:13:52] /i 2160
[04/07/2009 18:13:52] /i 2160
[04/07/2009 18:13:52] /i 2160
[04/07/2009 18:13:52] /i 2160
[04/07/2009 18:13:52] /i 2160
[04/07/2009 18:13:52] /i 2160
[04/07/2009 18:13:52] /i 2160
[04/07/2009 18:13:52] /i 2160
[04/07/2009 18:13:52] /i 2160
[04/07/2009 18:13:52] /i 2160
[04/07/2009 18:13:52] /i 2160
[04/07/2009 18:13:53] /i 2160
[04/07/2009 18:13:53] /i 2160
[04/07/2009 18:15:19] /i Solar Axe
[04/07/2009 18:17:54] /i Dark Trinity Mace
[04/07/2009 18:21:20] /m demon
[04/07/2009 18:21:22] /m demon
[04/07/2009 18:21:23] /m demon
[04/07/2009 18:21:23] /m demon
[04/07/2009 18:21:24] /m demon
[04/07/2009 18:21:24] /m demon
[04/07/2009 18:21:48] /m apocalypse
[04/07/2009 18:21:50] /m apocalypse
[04/07/2009 18:21:51] /m apocalypse
[04/07/2009 18:21:52] /m apocalypse
[04/07/2009 18:21:53] /m apocalypse
[04/07/2009 18:21:53] /m apocalypse
[04/07/2009 18:21:54] /m apocalypse
[04/07/2009 18:22:27] /m apocalypse
[04/07/2009 18:22:28] /m apocalypse
[04/07/2009 18:23:28] /t
[05/07/2009 11:46:58] /a 2
[05/07/2009 11:47:29] /addskill Rainha lady Queen, skill
[05/07/2009 11:47:30] /addskill Rainha lady Queen, skill
[05/07/2009 11:47:30] /addskill Rainha lady Queen, skill
[05/07/2009 11:47:30] /addskill Rainha lady Queen, skill
[05/07/2009 11:47:30] /addskill Rainha lady Queen, skill
[05/07/2009 11:47:30] /addskill Rainha lady Queen, skill
[05/07/2009 11:47:30] /addskill Rainha lady Queen, skill
[05/07/2009 11:47:30] /addskill Rainha lady Queen, skill
[05/07/2009 11:47:30] /addskill Rainha lady Queen, skill
[05/07/2009 11:47:30] /addskill Rainha lady Queen, skill
[05/07/2009 11:47:30] /addskill Rainha lady Queen, skill
[05/07/2009 11:47:30] /addskill Rainha lady Queen, skill
[05/07/2009 11:47:30] /addskill Rainha lady Queen, skill
[05/07/2009 11:47:30] /addskill Rainha lady Queen, skill
[05/07/2009 11:47:31] /addskill Rainha lady Queen, skill
[05/07/2009 11:47:31] /addskill Rainha lady Queen, skill
[05/07/2009 11:47:31] /addskill Rainha lady Queen, skill
[05/07/2009 11:47:31] /addskill Rainha lady Queen, skill
[05/07/2009 11:47:31] /addskill Rainha lady Queen, skill
[05/07/2009 11:47:31] /addskill Rainha lady Queen, skill
[05/07/2009 11:47:31] /addskill Rainha lady Queen, skill
[05/07/2009 11:47:31] /addskill Rainha lady Queen, skill
[05/07/2009 11:47:31] /addskill Rainha lady Queen, skill
[05/07/2009 11:47:31] /addskill Rainha lady Queen, skill
[05/07/2009 11:47:31] /addskill Rainha lady Queen, skill
[05/07/2009 11:47:31] /addskill Rainha lady Queen, skill
[05/07/2009 11:47:31] /addskill Rainha lady Queen, skill
[05/07/2009 11:47:31] /addskill Rainha lady Queen, skill
[05/07/2009 11:47:31] /addskill Rainha lady Queen, skill
[05/07/2009 11:47:31] /addskill Rainha lady Queen, skill
[05/07/2009 11:47:31] /addskill Rainha lady Queen, skill
[05/07/2009 11:47:31] /addskill Rainha lady Queen, skill
[05/07/2009 11:47:31] /addskill Rainha lady Queen, skill
[05/07/2009 11:47:31] /addskill Rainha lady Queen, skill
[05/07/2009 11:47:41] /addskill Rainha lady Queen, axe
[05/07/2009 11:47:42] /addskill Rainha lady Queen, axe
[05/07/2009 11:47:42] /addskill Rainha lady Queen, axe
[05/07/2009 11:47:42] /addskill Rainha lady Queen, axe
[05/07/2009 11:47:42] /addskill Rainha lady Queen, axe
[05/07/2009 11:47:42] /addskill Rainha lady Queen, axe
[05/07/2009 11:47:42] /addskill Rainha lady Queen, axe
[05/07/2009 11:47:42] /addskill Rainha lady Queen, axe
[05/07/2009 11:47:42] /addskill Rainha lady Queen, axe
[05/07/2009 11:47:42] /addskill Rainha lady Queen, axe
[05/07/2009 11:47:42] /addskill Rainha lady Queen, axe
[05/07/2009 11:47:42] /addskill Rainha lady Queen, axe
[05/07/2009 11:47:42] /addskill Rainha lady Queen, axe
[05/07/2009 11:47:42] /addskill Rainha lady Queen, axe
[05/07/2009 11:47:42] /addskill Rainha lady Queen, axe
[05/07/2009 11:47:42] /addskill Rainha lady Queen, axe
[05/07/2009 11:47:42] /addskill Rainha lady Queen, axe
[05/07/2009 11:47:42] /addskill Rainha lady Queen, axe
[05/07/2009 11:47:42] /addskill Rainha lady Queen, axe
[05/07/2009 11:47:42] /addskill Rainha lady Queen, axe
[05/07/2009 11:47:42] /addskill Rainha lady Queen, axe
[05/07/2009 11:47:42] /addskill Rainha lady Queen, axe
[05/07/2009 11:47:42] /addskill Rainha lady Queen, axe
[05/07/2009 11:47:43] /addskill Rainha lady Queen, axe
[05/07/2009 11:47:43] /addskill Rainha lady Queen, axe
[05/07/2009 11:47:43] /addskill Rainha lady Queen, axe
[05/07/2009 11:47:43] /addskill Rainha lady Queen, axe
[05/07/2009 11:47:43] /addskill Rainha lady Queen, axe
[05/07/2009 11:47:43] /addskill Rainha lady Queen, axe
[05/07/2009 11:47:43] /addskill Rainha lady Queen, axe
[05/07/2009 11:47:43] /addskill Rainha lady Queen, axe
[05/07/2009 11:47:43] /addskill Rainha lady Queen, axe
[05/07/2009 11:47:43] /addskill Rainha lady Queen, axe
[05/07/2009 11:47:43] /addskill Rainha lady Queen, axe
[05/07/2009 11:47:43] /addskill Rainha lady Queen, axe
[05/07/2009 11:47:43] /addskill Rainha lady Queen, axe
[05/07/2009 11:47:43] /addskill Rainha lady Queen, axe
[05/07/2009 11:47:43] /addskill Rainha lady Queen, axe
[05/07/2009 11:47:43] /addskill Rainha lady Queen, axe
[05/07/2009 11:47:43] /addskill Rainha lady Queen, axe
[05/07/2009 11:47:43] /addskill Rainha lady Queen, axe
[05/07/2009 11:47:43] /addskill Rainha lady Queen, axe
[05/07/2009 11:47:43] /addskill Rainha lady Queen, axe
[05/07/2009 11:47:43] /addskill Rainha lady Queen, axe
[05/07/2009 11:47:43] /addskill Rainha lady Queen, axe
[05/07/2009 11:47:43] /addskill Rainha lady Queen, axe
[05/07/2009 11:47:43] /addskill Rainha lady Queen, axe
[05/07/2009 11:47:43] /addskill Rainha lady Queen, axe
[05/07/2009 11:47:44] /addskill Rainha lady Queen, axe
[05/07/2009 11:47:44] /addskill Rainha lady Queen, axe
[05/07/2009 11:47:44] /addskill Rainha lady Queen, axe
[05/07/2009 11:47:44] /addskill Rainha lady Queen, axe
[05/07/2009 11:47:44] /addskill Rainha lady Queen, axe
[05/07/2009 11:47:44] /addskill Rainha lady Queen, axe
[05/07/2009 11:47:44] /addskill Rainha lady Queen, axe
[05/07/2009 11:47:44] /addskill Rainha lady Queen, axe
[05/07/2009 11:47:44] /addskill Rainha lady Queen, axe
[05/07/2009 11:47:44] /addskill Rainha lady Queen, axe
[05/07/2009 11:47:44] /addskill Rainha lady Queen, axe
[05/07/2009 11:47:44] /addskill Rainha lady Queen, axe
[05/07/2009 11:47:44] /addskill Rainha lady Queen, axe
[05/07/2009 11:47:44] /addskill Rainha lady Queen, axe
[05/07/2009 11:47:44] /addskill Rainha lady Queen, axe
[05/07/2009 11:47:44] /addskill Rainha lady Queen, axe
[05/07/2009 11:47:44] /addskill Rainha lady Queen, axe
[05/07/2009 11:47:44] /addskill Rainha lady Queen, axe
[05/07/2009 11:47:44] /addskill Rainha lady Queen, axe
[05/07/2009 11:47:44] /addskill Rainha lady Queen, axe
[05/07/2009 11:47:45] /addskill Rainha lady Queen, axe
[05/07/2009 11:47:45] /addskill Rainha lady Queen, axe
[05/07/2009 11:47:45] /addskill Rainha lady Queen, axe
[05/07/2009 11:47:45] /addskill Rainha lady Queen, axe
[05/07/2009 11:47:45] /addskill Rainha lady Queen, axe
[05/07/2009 11:47:45] /addskill Rainha lady Queen, axe
[05/07/2009 11:47:45] /addskill Rainha lady Queen, axe
[05/07/2009 11:47:45] /addskill Rainha lady Queen, axe
[05/07/2009 11:47:45] /addskill Rainha lady Queen, axe
[05/07/2009 11:47:45] /addskill Rainha lady Queen, axe
[05/07/2009 11:47:45] /addskill Rainha lady Queen, axe
[05/07/2009 11:47:45] /addskill Rainha lady Queen, axe
[05/07/2009 11:47:45] /addskill Rainha lady Queen, axe
[05/07/2009 11:47:45] /addskill Rainha lady Queen, axe
[05/07/2009 11:47:45] /addskill Rainha lady Queen, axe
[05/07/2009 11:47:45] /addskill Rainha lady Queen, axe
[05/07/2009 11:47:45] /addskill Rainha lady Queen, axe
[05/07/2009 11:47:45] /addskill Rainha lady Queen, axe
[05/07/2009 11:47:45] /addskill Rainha lady Queen, axe
[05/07/2009 11:47:45] /addskill Rainha lady Queen, axe
[05/07/2009 11:47:45] /addskill Rainha lady Queen, axe
[05/07/2009 11:47:45] /addskill Rainha lady Queen, axe
[05/07/2009 11:47:45] /addskill Rainha lady Queen, axe
[05/07/2009 11:47:45] /addskill Rainha lady Queen, axe
[05/07/2009 11:47:45] /addskill Rainha lady Queen, axe
[05/07/2009 11:47:45] /addskill Rainha lady Queen, axe
[05/07/2009 11:47:45] /addskill Rainha lady Queen, axe
[05/07/2009 11:47:45] /addskill Rainha lady Queen, axe
[05/07/2009 11:47:45] /addskill Rainha lady Queen, axe
[05/07/2009 11:47:45] /addskill Rainha lady Queen, axe
[05/07/2009 11:47:46] /addskill Rainha lady Queen, axe
[05/07/2009 11:47:46] /addskill Rainha lady Queen, axe
[05/07/2009 11:47:46] /addskill Rainha lady Queen, axe
[05/07/2009 11:47:46] /addskill Rainha lady Queen, axe
[05/07/2009 11:47:46] /addskill Rainha lady Queen, axe
[05/07/2009 11:47:46] /addskill Rainha lady Queen, axe
[05/07/2009 11:47:46] /addskill Rainha lady Queen, axe
[05/07/2009 11:47:46] /addskill Rainha lady Queen, axe
[05/07/2009 11:47:46] /addskill Rainha lady Queen, axe
[05/07/2009 11:47:46] /addskill Rainha lady Queen, axe
[05/07/2009 11:47:46] /addskill Rainha lady Queen, axe
[05/07/2009 11:47:46] /addskill Rainha lady Queen, axe
[05/07/2009 11:47:46] /addskill Rainha lady Queen, axe
[05/07/2009 11:47:46] /addskill Rainha lady Queen, axe
[05/07/2009 11:47:46] /addskill Rainha lady Queen, axe
[05/07/2009 11:47:46] /addskill Rainha lady Queen, axe
[05/07/2009 11:47:46] /addskill Rainha lady Queen, axe
[05/07/2009 11:47:46] /addskill Rainha lady Queen, axe
[05/07/2009 11:47:46] /addskill Rainha lady Queen, axe
[05/07/2009 11:47:46] /addskill Rainha lady Queen, axe
[05/07/2009 11:47:46] /addskill Rainha lady Queen, axe
[05/07/2009 11:47:46] /addskill Rainha lady Queen, axe
[05/07/2009 11:47:46] /addskill Rainha lady Queen, axe
[05/07/2009 11:47:47] /addskill Rainha lady Queen, axe
[05/07/2009 11:47:47] /addskill Rainha lady Queen, axe
[05/07/2009 11:47:47] /addskill Rainha lady Queen, axe
[05/07/2009 11:47:47] /addskill Rainha lady Queen, axe
[05/07/2009 11:47:47] /addskill Rainha lady Queen, axe
[05/07/2009 11:47:47] /addskill Rainha lady Queen, axe
[05/07/2009 11:47:47] /addskill Rainha lady Queen, axe
[05/07/2009 11:47:47] /addskill Rainha lady Queen, axe
[05/07/2009 11:47:47] /addskill Rainha lady Queen, axe
[05/07/2009 11:47:47] /addskill Rainha lady Queen, axe
[05/07/2009 11:47:47] /addskill Rainha lady Queen, axe
[05/07/2009 11:47:47] /addskill Rainha lady Queen, axe
[05/07/2009 11:47:47] /addskill Rainha lady Queen, axe
[05/07/2009 11:47:47] /addskill Rainha lady Queen, axe
[05/07/2009 11:47:47] /addskill Rainha lady Queen, axe
[05/07/2009 11:47:47] /addskill Rainha lady Queen, axe
[05/07/2009 11:47:47] /addskill Rainha lady Queen, axe
[05/07/2009 11:47:47] /addskill Rainha lady Queen, axe
[05/07/2009 11:47:47] /addskill Rainha lady Queen, axe
[05/07/2009 11:47:47] /addskill Rainha lady Queen, axe
[05/07/2009 11:47:47] /addskill Rainha lady Queen, axe
[05/07/2009 11:47:47] /addskill Rainha lady Queen, axe
[05/07/2009 11:47:48] /addskill Rainha lady Queen, axe
[05/07/2009 11:47:48] /addskill Rainha lady Queen, axe
[05/07/2009 11:47:48] /addskill Rainha lady Queen, axe
[05/07/2009 11:47:48] /addskill Rainha lady Queen, axe
[05/07/2009 11:47:57] /addskill Rainha lady Queen, shield
[05/07/2009 11:47:57] /addskill Rainha lady Queen, shield
[05/07/2009 11:47:57] /addskill Rainha lady Queen, shield
[05/07/2009 11:47:57] /addskill Rainha lady Queen, shield
[05/07/2009 11:47:57] /addskill Rainha lady Queen, shield
[05/07/2009 11:47:57] /addskill Rainha lady Queen, shield
[05/07/2009 11:47:57] /addskill Rainha lady Queen, shield
[05/07/2009 11:47:57] /addskill Rainha lady Queen, shield
[05/07/2009 11:47:57] /addskill Rainha lady Queen, shield
[05/07/2009 11:47:57] /addskill Rainha lady Queen, shield
[05/07/2009 11:47:57] /addskill Rainha lady Queen, shield
[05/07/2009 11:47:57] /addskill Rainha lady Queen, shield
[05/07/2009 11:47:58] /addskill Rainha lady Queen, shield
[05/07/2009 11:47:58] /addskill Rainha lady Queen, shield
[05/07/2009 11:47:58] /addskill Rainha lady Queen, shield
[05/07/2009 11:47:58] /addskill Rainha lady Queen, shield
[05/07/2009 11:47:58] /addskill Rainha lady Queen, shield
[05/07/2009 11:47:58] /addskill Rainha lady Queen, shield
[05/07/2009 11:47:58] /addskill Rainha lady Queen, shield
[05/07/2009 11:47:58] /addskill Rainha lady Queen, shield
[05/07/2009 11:47:58] /addskill Rainha lady Queen, shield
[05/07/2009 11:47:58] /addskill Rainha lady Queen, shield
[05/07/2009 11:47:58] /addskill Rainha lady Queen, shield
[05/07/2009 11:47:58] /addskill Rainha lady Queen, shield
[05/07/2009 11:47:58] /addskill Rainha lady Queen, shield
[05/07/2009 11:47:58] /addskill Rainha lady Queen, shield
[05/07/2009 11:47:58] /addskill Rainha lady Queen, shield
[05/07/2009 11:47:58] /addskill Rainha lady Queen, shield
[05/07/2009 11:47:58] /addskill Rainha lady Queen, shield
[05/07/2009 11:47:58] /addskill Rainha lady Queen, shield
[05/07/2009 11:47:58] /addskill Rainha lady Queen, shield
[05/07/2009 11:47:58] /addskill Rainha lady Queen, shield
[05/07/2009 11:47:58] /addskill Rainha lady Queen, shield
[05/07/2009 11:47:58] /addskill Rainha lady Queen, shield
[05/07/2009 11:47:58] /addskill Rainha lady Queen, shield
[05/07/2009 11:47:58] /addskill Rainha lady Queen, shield
[05/07/2009 11:47:58] /addskill Rainha lady Queen, shield
[05/07/2009 11:47:58] /addskill Rainha lady Queen, shield
[05/07/2009 11:47:58] /addskill Rainha lady Queen, shield
[05/07/2009 11:47:59] /addskill Rainha lady Queen, shield
[05/07/2009 11:47:59] /addskill Rainha lady Queen, shield
[05/07/2009 11:47:59] /addskill Rainha lady Queen, shield
[05/07/2009 11:47:59] /addskill Rainha lady Queen, shield
[05/07/2009 11:47:59] /addskill Rainha lady Queen, shield
[05/07/2009 11:47:59] /addskill Rainha lady Queen, shield
[05/07/2009 11:47:59] /addskill Rainha lady Queen, shield
[05/07/2009 11:47:59] /addskill Rainha lady Queen, shield
[05/07/2009 11:47:59] /addskill Rainha lady Queen, shield
[05/07/2009 11:47:59] /addskill Rainha lady Queen, shield
[05/07/2009 11:47:59] /addskill Rainha lady Queen, shield
[05/07/2009 11:47:59] /addskill Rainha lady Queen, shield
[05/07/2009 11:47:59] /addskill Rainha lady Queen, shield
[05/07/2009 11:47:59] /addskill Rainha lady Queen, shield
[05/07/2009 11:47:59] /addskill Rainha lady Queen, shield
[05/07/2009 11:47:59] /addskill Rainha lady Queen, shield
[05/07/2009 11:47:59] /addskill Rainha lady Queen, shield
[05/07/2009 11:47:59] /addskill Rainha lady Queen, shield
[05/07/2009 11:47:59] /addskill Rainha lady Queen, shield
[05/07/2009 11:47:59] /addskill Rainha lady Queen, shield
[05/07/2009 11:47:59] /addskill Rainha lady Queen, shield
[05/07/2009 11:47:59] /addskill Rainha lady Queen, shield
[05/07/2009 11:47:59] /addskill Rainha lady Queen, shield
[05/07/2009 11:47:59] /addskill Rainha lady Queen, shield
[05/07/2009 11:48:00] /addskill Rainha lady Queen, shield
[05/07/2009 11:48:00] /addskill Rainha lady Queen, shield
[05/07/2009 11:48:00] /addskill Rainha lady Queen, shield
[05/07/2009 11:48:00] /addskill Rainha lady Queen, shield
[05/07/2009 11:48:00] /addskill Rainha lady Queen, shield
[05/07/2009 11:48:00] /addskill Rainha lady Queen, shield
[05/07/2009 11:48:00] /addskill Rainha lady Queen, shield
[05/07/2009 11:48:00] /addskill Rainha lady Queen, shield
[05/07/2009 11:48:00] /addskill Rainha lady Queen, shield
[05/07/2009 11:48:00] /addskill Rainha lady Queen, shield
[05/07/2009 11:48:00] /addskill Rainha lady Queen, shield
[05/07/2009 11:48:00] /addskill Rainha lady Queen, shield
[05/07/2009 11:48:00] /addskill Rainha lady Queen, shield
[05/07/2009 11:48:00] /addskill Rainha lady Queen, shield
[05/07/2009 11:48:00] /addskill Rainha lady Queen, shield
[05/07/2009 11:48:00] /addskill Rainha lady Queen, shield
[05/07/2009 11:48:00] /addskill Rainha lady Queen, shield
[05/07/2009 11:48:00] /addskill Rainha lady Queen, shield
[05/07/2009 11:48:00] /addskill Rainha lady Queen, shield
[05/07/2009 11:48:00] /addskill Rainha lady Queen, shield
[05/07/2009 11:48:00] /addskill Rainha lady Queen, shield
[05/07/2009 11:48:00] /addskill Rainha lady Queen, shield
[05/07/2009 11:48:00] /addskill Rainha lady Queen, shield
[05/07/2009 11:48:00] /addskill Rainha lady Queen, shield
[05/07/2009 11:48:00] /addskill Rainha lady Queen, shield
[05/07/2009 11:48:01] /addskill Rainha lady Queen, shield
[05/07/2009 11:48:01] /addskill Rainha lady Queen, shield
[05/07/2009 11:48:01] /addskill Rainha lady Queen, shield
[05/07/2009 11:48:01] /addskill Rainha lady Queen, shield
[05/07/2009 11:48:01] /addskill Rainha lady Queen, shield
[05/07/2009 11:48:01] /addskill Rainha lady Queen, shield
[05/07/2009 11:48:01] /addskill Rainha lady Queen, shield
[05/07/2009 11:48:01] /addskill Rainha lady Queen, shield
[05/07/2009 11:48:01] /addskill Rainha lady Queen, shield
[05/07/2009 11:48:01] /addskill Rainha lady Queen, shield
[05/07/2009 11:48:01] /addskill Rainha lady Queen, shield
[05/07/2009 11:48:01] /addskill Rainha lady Queen, shield
[05/07/2009 11:48:01] /addskill Rainha lady Queen, shield
[05/07/2009 11:48:01] /addskill Rainha lady Queen, shield
[05/07/2009 11:48:01] /addskill Rainha lady Queen, shield
[05/07/2009 11:48:01] /addskill Rainha lady Queen, shield
[05/07/2009 11:48:01] /addskill Rainha lady Queen, shield
[05/07/2009 11:48:01] /addskill Rainha lady Queen, shield
[05/07/2009 11:48:01] /addskill Rainha lady Queen, shield
[05/07/2009 11:48:01] /addskill Rainha lady Queen, shield
[05/07/2009 11:48:01] /addskill Rainha lady Queen, shield
[05/07/2009 11:48:01] /addskill Rainha lady Queen, shield
[05/07/2009 11:48:01] /addskill Rainha lady Queen, shield
[05/07/2009 11:48:01] /addskill Rainha lady Queen, shield
[05/07/2009 11:48:01] /addskill Rainha lady Queen, shield
[05/07/2009 11:48:01] /addskill Rainha lady Queen, shield
[05/07/2009 11:48:01] /addskill Rainha lady Queen, shield
[05/07/2009 11:48:01] /addskill Rainha lady Queen, shield
[05/07/2009 11:48:02] /addskill Rainha lady Queen, shield
[05/07/2009 11:48:02] /addskill Rainha lady Queen, shield
[05/07/2009 11:48:02] /addskill Rainha lady Queen, shield
[05/07/2009 11:48:02] /addskill Rainha lady Queen, shield
[05/07/2009 11:48:02] /addskill Rainha lady Queen, shield
[05/07/2009 11:48:02] /addskill Rainha lady Queen, shield
[05/07/2009 11:48:02] /addskill Rainha lady Queen, shield
[05/07/2009 11:48:02] /addskill Rainha lady Queen, shield
[05/07/2009 11:48:02] /addskill Rainha lady Queen, shield
[05/07/2009 11:48:02] /addskill Rainha lady Queen, shield
[05/07/2009 11:48:02] /addskill Rainha lady Queen, shield
[05/07/2009 11:48:02] /addskill Rainha lady Queen, shield
[05/07/2009 11:48:02] /addskill Rainha lady Queen, shield
[05/07/2009 11:48:02] /addskill Rainha lady Queen, shield
[05/07/2009 11:48:02] /addskill Rainha lady Queen, shield
[05/07/2009 11:48:02] /addskill Rainha lady Queen, shield
[05/07/2009 11:48:02] /addskill Rainha lady Queen, shield
[05/07/2009 11:48:03] /addskill Rainha lady Queen, shield
[05/07/2009 11:48:03] /addskill Rainha lady Queen, shield
[05/07/2009 11:48:03] /addskill Rainha lady Queen, shield
[05/07/2009 11:48:03] /addskill Rainha lady Queen, shield
[05/07/2009 11:48:03] /addskill Rainha lady Queen, shield
[05/07/2009 11:48:03] /addskill Rainha lady Queen, shield
[05/07/2009 11:48:03] /addskill Rainha lady Queen, shield
[05/07/2009 11:48:03] /addskill Rainha lady Queen, shield
[05/07/2009 11:48:03] /addskill Rainha lady Queen, shield
[05/07/2009 11:48:03] /addskill Rainha lady Queen, shield
[05/07/2009 11:48:03] /addskill Rainha lady Queen, shield
[05/07/2009 11:48:03] /addskill Rainha lady Queen, shield
[05/07/2009 11:48:03] /addskill Rainha lady Queen, shield
[05/07/2009 11:48:03] /addskill Rainha lady Queen, shield
[05/07/2009 11:48:03] /addskill Rainha lady Queen, shield
[05/07/2009 11:48:03] /addskill Rainha lady Queen, shield
[05/07/2009 11:48:03] /addskill Rainha lady Queen, shield
[05/07/2009 11:48:03] /addskill Rainha lady Queen, shield
[05/07/2009 11:48:03] /addskill Rainha lady Queen, shield
[05/07/2009 11:48:03] /addskill Rainha lady Queen, shield
[05/07/2009 11:48:03] /addskill Rainha lady Queen, shield
[05/07/2009 11:48:03] /addskill Rainha lady Queen, shield
[05/07/2009 11:48:03] /addskill Rainha lady Queen, shield
[05/07/2009 11:48:03] /addskill Rainha lady Queen, shield
[05/07/2009 11:48:03] /addskill Rainha lady Queen, shield
[05/07/2009 11:48:03] /addskill Rainha lady Queen, shield
[05/07/2009 11:48:03] /addskill Rainha lady Queen, shield
[05/07/2009 11:48:03] /addskill Rainha lady Queen, shield
[05/07/2009 11:48:03] /addskill Rainha lady Queen, shield
[05/07/2009 11:48:03] /addskill Rainha lady Queen, shield
[05/07/2009 11:48:03] /addskill Rainha lady Queen, shield
[05/07/2009 11:48:04] /addskill Rainha lady Queen, shield
[05/07/2009 11:48:04] /addskill Rainha lady Queen, shield
[05/07/2009 11:48:04] /addskill Rainha lady Queen, shield
[05/07/2009 11:48:04] /addskill Rainha lady Queen, shield
[05/07/2009 11:48:04] /addskill Rainha lady Queen, shield
[05/07/2009 11:48:04] /addskill Rainha lady Queen, shield
[05/07/2009 11:48:04] /addskill Rainha lady Queen, shield
[05/07/2009 11:48:04] /addskill Rainha lady Queen, shield
[05/07/2009 11:48:04] /addskill Rainha lady Queen, shield
[05/07/2009 11:48:05] /addskill Rainha lady Queen, shield
[05/07/2009 11:48:05] /addskill Rainha lady Queen, shield
[05/07/2009 11:48:05] /addskill Rainha lady Queen, shield
[05/07/2009 11:48:05] /addskill Rainha lady Queen, shield
[05/07/2009 11:48:05] /addskill Rainha lady Queen, shield
[05/07/2009 11:48:05] /addskill Rainha lady Queen, shield
[05/07/2009 11:48:05] /addskill Rainha lady Queen, shield
[05/07/2009 11:48:05] /addskill Rainha lady Queen, shield
[05/07/2009 11:48:05] /addskill Rainha lady Queen, shield
[05/07/2009 11:48:05] /addskill Rainha lady Queen, shield
[05/07/2009 11:48:05] /addskill Rainha lady Queen, shield
[05/07/2009 11:48:05] /addskill Rainha lady Queen, shield
[05/07/2009 11:48:05] /addskill Rainha lady Queen, shield
[05/07/2009 11:48:05] /addskill Rainha lady Queen, shield
[05/07/2009 11:48:05] /addskill Rainha lady Queen, shield
[05/07/2009 11:48:05] /addskill Rainha lady Queen, shield
[05/07/2009 11:48:06] /addskill Rainha lady Queen, shield
[05/07/2009 11:48:06] /addskill Rainha lady Queen, shield
[05/07/2009 11:48:06] /addskill Rainha lady Queen, shield
[05/07/2009 11:48:06] /addskill Rainha lady Queen, shield
[05/07/2009 11:48:06] /addskill Rainha lady Queen, shield
[05/07/2009 11:48:06] /addskill Rainha lady Queen, shield
[05/07/2009 11:48:14] /a 2
[05/07/2009 11:48:23] /goto rei comedinha
[05/07/2009 12:05:13] /i 5915
[05/07/2009 12:11:23] /goto rei comedinha
[05/07/2009 12:11:42] /goto rei comedinha
[05/07/2009 12:11:49] /goto rei comedinha
[05/07/2009 12:12:00] /goto rei comedinha
[05/07/2009 12:12:14] /goto rei comedinha
[05/07/2009 12:12:40] /goto rei comedinha
[05/07/2009 12:12:47] /goto rei comedinha
[05/07/2009 12:12:53] /goto rei comedinha
[05/07/2009 12:13:18] /goto rei comedinha
[05/07/2009 12:13:20] /goto rei comedinha
[05/07/2009 12:13:24] /goto rei comedinha
[05/07/2009 12:13:27] /goto rei comedinha
[05/07/2009 12:13:29] /goto rei comedinha
[05/07/2009 12:13:32] /goto rei comedinha
[05/07/2009 12:13:34] /goto rei comedinha
[05/07/2009 12:13:35] /goto rei comedinha
[05/07/2009 12:13:36] /goto rei comedinha
[05/07/2009 12:13:44] /goto rei comedinha
[05/07/2009 12:14:47] /t
[05/07/2009 12:16:56] /i eye patch
[05/07/2009 12:17:14] /i peg leg
[05/07/2009 12:17:24] /i hook
[05/07/2009 12:24:58] /i 1 ron the ripper's sabre
[05/07/2009 12:25:11] /i ron the ripper's sabre
[05/07/2009 12:25:21] /i deadeye devious' eye patch
[05/07/2009 12:25:30] /i ethal lissy's shirt
[05/07/2009 12:25:43] /i lethal lissy's shirt
[05/07/2009 12:25:53] /i brutus bloodbeard's hat
[05/07/2009 12:26:51] /i bear paw
[05/07/2009 12:27:01] /i wolf paw
[05/07/2009 12:28:01] /i demon dust
[05/07/2009 12:28:10] /clean
[05/07/2009 12:31:31] /goto rei comedinha
[05/07/2009 12:32:23] /t
[05/07/2009 12:41:14] /a 4
[05/07/2009 12:41:39] /i 10024
[05/07/2009 12:41:55] /i 10028
[05/07/2009 12:41:58] /i 10028
[05/07/2009 12:41:59] /i 10028
[05/07/2009 12:42:00] /i 10028
[05/07/2009 12:43:28] /i dwarven legs
[05/07/2009 12:43:37] /i dwarven armor
[05/07/2009 12:43:50] /i soft boots
[05/07/2009 12:45:47] /i fighting spirit
[05/07/2009 12:46:11] /i warrior's sweat
[05/07/2009 12:46:20] /i spool of yarn
[05/07/2009 12:46:54] /i huge chunk of crude iron
[05/07/2009 12:47:38] /i huge chunk of crude iron
[05/07/2009 12:48:13] /i damaged steel helmet
[05/07/2009 12:48:22] /i warrior's sweat
[05/07/2009 12:48:33] /i piece of royal steel
[05/07/2009 12:49:13] /m Medusa
[05/07/2009 12:49:14] /m Medusa
[05/07/2009 12:49:15] /m Medusa
[05/07/2009 12:49:16] /m Medusa
[05/07/2009 12:49:17] /m Medusa
[05/07/2009 12:49:18] /m Medusa
[05/07/2009 12:49:18] /m Medusa
[05/07/2009 12:49:19] /m Medusa
[05/07/2009 12:50:30] /clean
[05/07/2009 12:50:36] /clean
[05/07/2009 12:51:03] /m medusa
[05/07/2009 12:55:49] /clean
[05/07/2009 12:55:51] /clean
[05/07/2009 12:55:55] /clean
[05/07/2009 12:57:32] /i Dwarven Helmet
[05/07/2009 12:57:59] /i Full Helmet of the Ancients
[05/07/2009 13:02:11] /i Small Ruby  encatado
[05/07/2009 13:07:27] /i CROWN BACKPACK
[05/07/2009 13:08:02] /i Firewalker Boots
[05/07/2009 13:08:17] /a 5
[05/07/2009 13:08:36] /i 10028
[05/07/2009 13:20:16] /i Greenwood Coat
[05/07/2009 13:21:36] /i Skullcracker Armor
[05/07/2009 13:21:50] /i Velvet Mantle
[05/07/2009 13:22:29] /i Dwarven Legs
[05/07/2009 13:22:42] /i Dwarven armor
[05/07/2009 13:22:51] /i Dwarven helmet
[05/07/2009 13:23:08] /i Terra Legs
[05/07/2009 13:23:44] /i soft boots
[05/07/2009 13:23:48] /i soft boots
[05/07/2009 13:24:26] /i Yalahari Mask 
[05/07/2009 13:25:11] /i Great Shield
[05/07/2009 13:25:13] /i Great Shield
[05/07/2009 13:26:00] /i Terra Boots 
[05/07/2009 13:27:19] /i Spellbook of Lost Souls
[05/07/2009 13:27:34] /i 10028
[05/07/2009 13:30:31] /goto rei comedinha
[05/07/2009 13:34:07] /i elane's crossbow
[05/07/2009 13:34:14] /i elane's crossbow
[05/07/2009 13:34:25] /i ferumbras hat
[05/07/2009 13:34:32] /i ferumbras hat's
[05/07/2009 13:35:32] /i ferumbras' hat 
[05/07/2009 13:35:45] /i ferumbras' hat 
[05/07/2009 13:36:57] /i red dragon leather
[05/07/2009 13:36:59] /i red dragon leather
[05/07/2009 13:37:21] /i huge chunk of crude iron
[05/07/2009 13:37:23] /i huge chunk of crude iron
[05/07/2009 13:38:32] /goto rei comedinha
[05/07/2009 13:38:57] /a 4
[05/07/2009 13:40:22] /i 10033
[05/07/2009 13:40:44] /i 10029
[05/07/2009 13:41:02] /i 10025
[05/07/2009 13:41:16] /a 6
[05/07/2009 13:41:20] /a 4
[05/07/2009 13:41:34] /a 4
[05/07/2009 13:41:45] /down
[05/07/2009 13:41:47] /down
[05/07/2009 13:42:16] /up
[05/07/2009 13:42:18] /up
[05/07/2009 13:42:29] /down
[05/07/2009 13:42:31] /down
[05/07/2009 13:42:45] /m medusa
[05/07/2009 13:48:37] /m bug
[05/07/2009 13:48:39] /m bug
[05/07/2009 13:48:41] /m bug
[05/07/2009 13:48:42] /m bug
[05/07/2009 13:48:43] /m bug
[05/07/2009 13:48:44] /m bug
[05/07/2009 13:48:44] /m bug
[05/07/2009 13:48:49] /m bug
[05/07/2009 13:48:57] /m bug
[05/07/2009 13:48:58] /m bug
[05/07/2009 13:48:59] /m bug
[05/07/2009 13:49:00] /m bug
[05/07/2009 13:49:01] /m bug
[05/07/2009 13:49:02] /m bug
[05/07/2009 13:49:03] /m bug
[05/07/2009 13:49:09] /m bug
[05/07/2009 13:49:11] /m bug
[05/07/2009 13:51:46] /t
[05/07/2009 13:52:07] /a 4
[05/07/2009 13:52:40] /a 4
[05/07/2009 13:53:37] /a 4
[05/07/2009 13:54:14] /a 4
[05/07/2009 13:54:25] /m medusa
[05/07/2009 13:54:27] /m medusa
[05/07/2009 13:54:28] /m medusa
[05/07/2009 13:54:29] /m medusa
