[04/07/2009 13:59:50] /a 2
[04/07/2009 13:59:52] /a 2
[04/07/2009 14:02:46] /goto Rainha Lady Queen
[04/07/2009 14:02:58] /c princesa juh
[04/07/2009 14:02:59] /c princesa juh
[04/07/2009 14:07:36] /owner Rei Comedinha
[04/07/2009 14:07:41] /r
[04/07/2009 14:07:43] /r
[04/07/2009 14:07:43] /r
[04/07/2009 14:07:44] /r
[04/07/2009 14:07:44] /r
[04/07/2009 14:07:47] /r
[04/07/2009 14:07:47] /r
[04/07/2009 14:07:49] /r
[04/07/2009 14:07:49] /r
[04/07/2009 14:07:51] /r
[04/07/2009 14:07:52] /r
[04/07/2009 14:11:59] /m new6
[04/07/2009 14:12:01] /r
[04/07/2009 14:12:03] /m new7
[04/07/2009 14:12:08] /r
[04/07/2009 14:12:13] /m new8
[04/07/2009 14:12:16] /r
[04/07/2009 14:12:19] /m new5
[04/07/2009 14:12:31] /m new5
[04/07/2009 14:12:42] /m new5
[04/07/2009 14:12:42] /m new5
[04/07/2009 14:12:42] /m new5
[04/07/2009 14:12:43] /m new5
[04/07/2009 14:12:43] /m new5
[04/07/2009 14:12:44] /m new5
[04/07/2009 14:12:44] /m new5
[04/07/2009 14:12:44] /m new5
[04/07/2009 14:12:44] /m new5
[04/07/2009 14:12:44] /m new5
[04/07/2009 14:12:45] /m new5
[04/07/2009 14:12:45] /m new5
[04/07/2009 14:12:45] /m new5
[04/07/2009 14:12:45] /m new5
[04/07/2009 14:12:45] /m new5
[04/07/2009 14:12:46] /m new5
[04/07/2009 14:12:46] /m new5
[04/07/2009 14:12:46] /m new5
[04/07/2009 14:12:46] /m new5
[04/07/2009 14:12:46] /m new5
[04/07/2009 14:12:47] /m new5
[04/07/2009 14:12:47] /m new5
[04/07/2009 14:12:47] /m new5
[04/07/2009 14:12:48] /m new5
[04/07/2009 14:12:48] /m new5
[04/07/2009 14:12:48] /m new5
[04/07/2009 14:12:48] /m new5
[04/07/2009 14:12:49] /m new5
[04/07/2009 14:12:49] /m new5
[04/07/2009 14:12:49] /m new5
[04/07/2009 14:12:49] /m new5
[04/07/2009 14:12:49] /m new5
[04/07/2009 14:12:50] /m new5
[04/07/2009 14:12:50] /m new5
[04/07/2009 14:12:50] /m new5
[04/07/2009 14:12:50] /m new5
[04/07/2009 14:12:50] /m new5
[04/07/2009 14:12:51] /m new5
[04/07/2009 14:12:51] /m new5
[04/07/2009 14:12:51] /m new5
[04/07/2009 14:12:51] /m new5
[04/07/2009 14:12:51] /m new5
[04/07/2009 14:12:52] /m new5
[04/07/2009 14:12:52] /m new5
[04/07/2009 14:12:52] /m new5
[04/07/2009 14:12:52] /m new5
[04/07/2009 14:12:53] /m new5
[04/07/2009 14:12:53] /m new5
[04/07/2009 14:12:53] /m new5
[04/07/2009 14:12:53] /m new5
[04/07/2009 14:12:55] /a 2
[04/07/2009 14:13:46] /c Magnu Reggea
[04/07/2009 14:14:30] /r
[04/07/2009 14:15:09] /clean
[04/07/2009 14:27:03] /a 2
[04/07/2009 14:27:04] /a 2
[04/07/2009 14:27:05] /a 2
[04/07/2009 14:27:53] /r
[04/07/2009 14:28:05] /c god kainho
[04/07/2009 14:29:23] /i 2160
[04/07/2009 14:29:31] /r
[04/07/2009 14:29:44] /r
[04/07/2009 14:29:44] /r
[04/07/2009 14:30:06] /c Noiadinhaa
[04/07/2009 14:36:03] /t
[04/07/2009 14:36:04] /a 5
[04/07/2009 14:36:05] /a 5
[04/07/2009 14:36:06] /a 5
[04/07/2009 14:36:06] /a 5
[04/07/2009 14:36:06] /a 5
[04/07/2009 14:36:07] /a 5
[04/07/2009 14:36:07] /a 5
[04/07/2009 14:36:08] /a 5
[04/07/2009 14:36:09] /a 5
[04/07/2009 14:36:10] /a 5
[04/07/2009 14:36:13] /r
[04/07/2009 14:36:39] /a 2
[04/07/2009 14:36:52] /i 2766
[04/07/2009 14:37:08] /i 2152
[04/07/2009 14:37:33] /ghost
[04/07/2009 14:37:50] /a 2
[04/07/2009 14:38:31] /ghost
[04/07/2009 14:38:34] /ghost
[04/07/2009 14:38:36] /a 2
[04/07/2009 14:38:48] /a 2
[04/07/2009 14:39:16] /a 2
[04/07/2009 14:39:17] /a 2
[04/07/2009 14:39:17] /a 2
[04/07/2009 14:39:19] /a 2
[04/07/2009 14:39:30] /a 2
[04/07/2009 14:39:31] /a 2
[04/07/2009 14:39:31] /a 2
[04/07/2009 14:39:53] /r
[04/07/2009 14:39:54] /r
[04/07/2009 14:40:16] /a 1
[04/07/2009 14:40:18] /a 1
[04/07/2009 14:40:25] /i 4651
[04/07/2009 14:40:30] /r
[04/07/2009 14:40:34] /r
[04/07/2009 14:40:41] /i 4645
[04/07/2009 14:40:43] /a 1
[04/07/2009 14:40:58] /i 4645
[04/07/2009 14:41:05] /i 4644
[04/07/2009 14:41:08] /i 4643
[04/07/2009 14:41:11] /r
[04/07/2009 14:41:12] /r
[04/07/2009 14:41:12] /r
[04/07/2009 14:41:18] /i 4646
[04/07/2009 14:41:23] /a 2
[04/07/2009 14:41:25] /a 1
[04/07/2009 14:41:37] /i 4541
[04/07/2009 14:41:40] /a 1
[04/07/2009 14:41:41] /i 4541
[04/07/2009 14:41:43] /a 1
[04/07/2009 14:41:44] /i 4541
[04/07/2009 14:42:30] /ghost
[04/07/2009 14:42:47] /a 2
[04/07/2009 14:42:48] /a 2
[04/07/2009 14:43:16] /c Noiadinhaa
[04/07/2009 14:43:40] /i 2160
[04/07/2009 14:44:43] /ghost
[04/07/2009 14:46:55] /c Elite Skazy
[04/07/2009 14:47:21] /c Noiadinhaa
[04/07/2009 14:47:53] /i 2160
[04/07/2009 14:48:06] /t
[04/07/2009 14:48:09] /clean
[04/07/2009 14:48:18] /ghost
[04/07/2009 14:48:53] /a 2
[04/07/2009 14:48:54] /a 2
[04/07/2009 14:49:48] /c rainha lady queen
[04/07/2009 14:51:05] /c princesa juh
[04/07/2009 14:51:07] /c princesa juh
[04/07/2009 14:51:42] /c Kahzinho Psy
[04/07/2009 14:54:55] /t Kahzinho Psy
[04/07/2009 15:00:09] /a 1
[04/07/2009 15:00:11] /c Fawkinho
[04/07/2009 15:03:14] /up
[04/07/2009 15:03:16] /c Kainho
[04/07/2009 15:03:52] /up
[04/07/2009 15:03:55] /c nego da faca
[04/07/2009 15:07:36] /c Magnu Reggea
[04/07/2009 15:08:03] /c princesa juh
[04/07/2009 15:08:04] /c princesa juh
[04/07/2009 15:08:14] /c rainha lady queen
[04/07/2009 15:08:16] /c rainha lady queen
[04/07/2009 15:08:16] /c rainha lady queen
[04/07/2009 15:12:04] /r
[04/07/2009 15:13:00] /c Principe Reggea
[04/07/2009 15:16:52] /ghost
[04/07/2009 15:17:54] /c Soul Kire
[04/07/2009 15:18:02] /a 2
[04/07/2009 15:19:04] /i 2160
[04/07/2009 15:19:32] /a 2
[04/07/2009 15:19:46] /a 2
[04/07/2009 15:20:05] /t Parma
[04/07/2009 15:20:55] /c Andre
[04/07/2009 15:21:11] /c Noiadinhaa
[04/07/2009 15:21:25] /c Elite Skazy
[04/07/2009 15:21:26] /c Elite Skazy
[04/07/2009 15:21:27] /c Elite Skazy
[04/07/2009 15:21:28] /c Elite Skazy
[04/07/2009 15:21:41] /c Soul Kire
[04/07/2009 15:22:01] /c Jonhzaum
[04/07/2009 15:22:28] /ghost
[04/07/2009 15:24:33] /r
[04/07/2009 15:24:41] /i 3362
[04/07/2009 15:24:42] /a 5
[04/07/2009 15:24:46] /r
[04/07/2009 15:24:53] /i 4526
[04/07/2009 15:24:56] /a 1
[04/07/2009 15:24:57] /i 4526
[04/07/2009 15:24:58] /a 1
[04/07/2009 15:24:59] /i 4526
[04/07/2009 15:25:00] /a 1
[04/07/2009 15:25:01] /i 4526
[04/07/2009 15:25:03] /a 1
[04/07/2009 15:25:04] /i 4526
[04/07/2009 15:25:05] /a 1
[04/07/2009 15:25:06] /i 4526
[04/07/2009 15:25:07] /r
[04/07/2009 15:25:10] /r
[04/07/2009 15:25:15] /a 2
[04/07/2009 15:26:01] /ghost
[04/07/2009 15:26:09] /a 2
[04/07/2009 15:26:15] /i 2160
[04/07/2009 15:26:25] /a 2
[04/07/2009 15:26:40] /r
[04/07/2009 15:26:45] /a 1
[04/07/2009 15:26:46] /r
[04/07/2009 15:27:58] /r
[04/07/2009 15:29:44] /a 2
[04/07/2009 15:30:17] /goto Andre
[04/07/2009 15:31:00] /a 2
[04/07/2009 15:31:02] /a 2
[04/07/2009 15:31:03] /a 2
[04/07/2009 15:31:03] /a 2
[04/07/2009 15:31:04] /a 2
[04/07/2009 15:31:04] /a 2
[04/07/2009 15:31:04] /a 2
[04/07/2009 15:31:05] /a 2
[04/07/2009 15:31:05] /a 2
[04/07/2009 15:32:20] /t Kahzinho Psy
[04/07/2009 15:32:25] /t kinazinhp psy
[04/07/2009 15:32:32] /t kinazinhpo psy
[04/07/2009 15:32:39] /t Kinazinhu Psy
[04/07/2009 15:35:00] /ghost
[04/07/2009 15:38:42] /r
[04/07/2009 15:38:48] /r
[04/07/2009 15:39:01] /a 1
[04/07/2009 15:39:07] /t andre
[04/07/2009 15:39:39] /m demon
[04/07/2009 15:39:41] /c Andre
[04/07/2009 15:39:51] /r
[04/07/2009 15:39:53] /r
[04/07/2009 15:39:54] /r
[04/07/2009 15:39:54] /r
[04/07/2009 15:39:56] /r
[04/07/2009 15:39:58] /a 5
[04/07/2009 15:39:59] /a 5
[04/07/2009 15:40:04] /a 2
[04/07/2009 15:41:15] /up
[04/07/2009 15:41:24] /i 1386
[04/07/2009 15:41:29] /i 1386
[04/07/2009 15:41:40] /a 2
[04/07/2009 15:41:42] /c v
[04/07/2009 15:41:43] /c Andre
[04/07/2009 15:41:45] /a 2
[04/07/2009 15:43:25] /clean
[04/07/2009 15:43:39] /t Wizzard
[04/07/2009 15:45:39] /a 2
[04/07/2009 15:45:40] /a 2
[04/07/2009 15:45:41] /a 2
[04/07/2009 15:45:41] /a 2
[04/07/2009 15:45:41] /a 2
[04/07/2009 15:45:41] /a 2
[04/07/2009 15:45:42] /a 2
[04/07/2009 15:45:42] /a 2
[04/07/2009 15:45:42] /a 2
[04/07/2009 15:45:43] /a 2
[04/07/2009 15:45:49] /c Principe Reggea
[04/07/2009 15:45:50] /c Principe Reggea
[04/07/2009 15:47:15] /c parma
[04/07/2009 15:47:21] /c Princesa Juh
[04/07/2009 15:47:23] /c Princesa Juh
[04/07/2009 15:47:23] /c Princesa Juh
[04/07/2009 15:47:24] /c Princesa Juh
[04/07/2009 15:47:25] /c Princesa Juh
[04/07/2009 15:47:28] /r
[04/07/2009 15:47:29] /r
[04/07/2009 15:47:32] /r
[04/07/2009 15:47:36] /r
[04/07/2009 15:47:57] /c Anakelly
[04/07/2009 15:48:22] /c cainho
[04/07/2009 15:48:48] /c Principe Reggea
[04/07/2009 15:50:16] /c Principe Reggea
[04/07/2009 15:56:32] /r
[04/07/2009 15:56:47] /c Principe Parma
[04/07/2009 15:57:54] /r
[04/07/2009 16:03:42] /t Principe Leonardo
[04/07/2009 16:03:54] /t
[04/07/2009 16:04:09] /goto Noiadinhaa
[04/07/2009 16:05:22] /t
[04/07/2009 16:06:13] /c Noiadinhaa
[04/07/2009 16:06:31] /c Magnu Reggea
[04/07/2009 16:06:32] /c Magnu Reggea
[04/07/2009 16:06:34] /c Magnu Reggea
[04/07/2009 16:06:45] /c Soul Kire
[04/07/2009 16:06:46] /c Soul Kire
[04/07/2009 16:08:07] /c Jonhzaum
[04/07/2009 16:08:17] /c Andre
[04/07/2009 16:08:18] /c Andre
[04/07/2009 16:08:28] /c Soul Kire
[04/07/2009 16:08:29] /a 5
[04/07/2009 16:08:39] /i 3366
[04/07/2009 16:10:28] /clean
[04/07/2009 16:11:56] /i 2160
[04/07/2009 16:11:56] /i 2160
[04/07/2009 16:11:57] /i 2160
[04/07/2009 16:11:58] /i 2160
[04/07/2009 16:13:05] /t Rei Comedinha
[04/07/2009 16:13:15] /t Pallyzinhu Psy
[04/07/2009 16:13:26] /a 2
[04/07/2009 16:13:26] /a 2
[04/07/2009 16:13:26] /a 2
[04/07/2009 16:14:11] /r
[04/07/2009 16:20:41] /c rainha lady queen
[04/07/2009 16:20:42] /c rainha lady queen
[04/07/2009 16:20:51] /c rainha lady queen
[04/07/2009 16:20:53] /c rainha lady queen
[04/07/2009 16:20:54] /c rainha lady queen
[04/07/2009 16:20:55] /c rainha lady queen
[04/07/2009 16:20:55] /c rainha lady queen
[04/07/2009 16:20:56] /c rainha lady queen
[04/07/2009 16:20:56] /c rainha lady queen
[04/07/2009 16:20:57] /c rainha lady queen
[04/07/2009 16:20:57] /c rainha lady queen
[04/07/2009 16:20:58] /c rainha lady queen
[04/07/2009 16:26:07] /goto Jonhzaum
[04/07/2009 16:27:37] /i 2160
[04/07/2009 16:28:34] /c pally mito
[04/07/2009 16:29:03] /c andre
[04/07/2009 16:29:04] /c andre
[04/07/2009 16:29:04] /c andre
[04/07/2009 16:31:40] /c rainha lady queen
[04/07/2009 16:31:42] /c rainha lady queen
[04/07/2009 16:31:45] /c rainha lady queen
[04/07/2009 16:31:52] /c princesa juh
[04/07/2009 16:39:01] /t
[04/07/2009 16:39:03] /up
[04/07/2009 16:39:36] /down
[04/07/2009 16:39:39] /a 2
[04/07/2009 16:39:39] /a 2
[04/07/2009 16:39:39] /a 2
[04/07/2009 16:39:40] /a 2
[04/07/2009 16:39:40] /a 2
[04/07/2009 16:39:40] /a 2
[04/07/2009 16:39:40] /a 2
[04/07/2009 16:39:41] /a 2
[04/07/2009 16:39:41] /a 2
[04/07/2009 16:39:41] /a 2
[04/07/2009 16:39:41] /a 2
[04/07/2009 16:40:45] /a 2
[04/07/2009 16:40:54] /owner andre
[04/07/2009 16:40:56] /c andre
[04/07/2009 16:42:12] /owner Jonhzinhu
[04/07/2009 16:42:30] /a 2
[04/07/2009 16:42:36] /c Jonhzinhu
[04/07/2009 16:42:37] /c Jonhzinhu
[04/07/2009 16:43:01] /goto god kainho
[04/07/2009 16:44:06] /ghost
[04/07/2009 16:45:07] /ghost
[04/07/2009 16:45:11] /a 2
[04/07/2009 16:46:50] /a 2
[04/07/2009 16:46:52] /a 2
[04/07/2009 16:47:08] /c GM Andre
[04/07/2009 16:47:58] /a 2
[04/07/2009 16:48:18] /up
[04/07/2009 16:48:20] /c 
[04/07/2009 16:48:23] /c Lewo
[04/07/2009 16:48:58] /i 2160
[04/07/2009 16:49:08] /t Lewo
[04/07/2009 16:49:09] /t
[04/07/2009 16:49:57] /goto Anjo Da Morte
[04/07/2009 16:50:02] /r
[04/07/2009 16:50:10] /r
[04/07/2009 16:50:20] /i 4645
[04/07/2009 16:50:21] /a 2
[04/07/2009 16:50:21] /a 2
[04/07/2009 16:50:22] /a 2
[04/07/2009 16:50:22] /a 2
[04/07/2009 16:50:25] /r
[04/07/2009 16:50:33] /a 1
[04/07/2009 16:50:34] /a 1
[04/07/2009 16:50:41] /i 4650
[04/07/2009 16:51:04] /t
[04/07/2009 16:51:06] /a 5
[04/07/2009 16:51:07] /a 5
[04/07/2009 16:51:07] /a 5
[04/07/2009 16:51:07] /a 5
[04/07/2009 16:51:09] /a 5
[04/07/2009 16:51:09] /a 5
[04/07/2009 16:51:09] /a 5
[04/07/2009 16:51:10] /a 5
[04/07/2009 16:51:10] /a 5
[04/07/2009 16:51:12] /t
[04/07/2009 16:51:14] /a 5
[04/07/2009 16:51:15] /a 5
[04/07/2009 16:51:15] /a 5
[04/07/2009 16:51:15] /a 5
[04/07/2009 16:51:15] /a 5
[04/07/2009 16:51:16] /a 5
[04/07/2009 16:51:16] /a 5
[04/07/2009 16:51:16] /a 5
[04/07/2009 16:51:17] /a 5
[04/07/2009 16:51:18] /a 5
[04/07/2009 16:51:18] /a 5
[04/07/2009 16:51:18] /a 5
[04/07/2009 16:51:18] /a 5
[04/07/2009 16:51:19] /a 5
[04/07/2009 16:51:21] /a 5
[04/07/2009 16:51:22] /a 5
[04/07/2009 16:51:23] /a 5
[04/07/2009 16:51:23] /a 5
[04/07/2009 16:51:24] /a 5
[04/07/2009 16:51:24] /a 5
[04/07/2009 16:51:35] /a 1
[04/07/2009 16:51:40] /i 4647
[04/07/2009 16:51:42] /r
[04/07/2009 16:51:49] /i 4649
[04/07/2009 16:51:52] /r
[04/07/2009 16:51:55] /i 4648
[04/07/2009 16:51:57] /r
[04/07/2009 16:51:59] /i 4645
[04/07/2009 16:52:01] /r
[04/07/2009 16:52:03] /i 4644
[04/07/2009 16:52:05] /r
[04/07/2009 16:52:09] /i 4646
[04/07/2009 16:52:14] /a 1
[04/07/2009 16:52:18] /a 1
[04/07/2009 16:52:26] /i 4531
[04/07/2009 16:52:28] /a 1
[04/07/2009 16:52:29] /i 4531
[04/07/2009 16:52:30] /a 5
[04/07/2009 16:52:31] /a 5
[04/07/2009 16:52:32] /a 5
[04/07/2009 16:52:33] /a 5
[04/07/2009 16:52:35] /a 5
[04/07/2009 16:54:00] /m ferumbras
[04/07/2009 16:55:17] /c god kainho
[04/07/2009 17:02:19] /a 5
[04/07/2009 17:04:08] /r
[04/07/2009 17:04:51] /r
[04/07/2009 17:04:55] /r
[04/07/2009 17:04:59] /r
[04/07/2009 17:05:07] /r
[04/07/2009 17:05:07] /r
[04/07/2009 17:05:37] /clean
[04/07/2009 17:08:01] /c Jack Paruduine
[04/07/2009 17:08:01] /c Jack Paruduine
[04/07/2009 17:08:02] /c Jack Paruduine
[04/07/2009 17:08:02] /c Jack Paruduine
[04/07/2009 17:08:03] /c Jack Paruduine
[04/07/2009 17:08:04] /c Jack Paruduine
[04/07/2009 17:08:08] /a 5
[04/07/2009 17:08:10] /c Jack Paruduine
[04/07/2009 17:08:13] /a 5
[04/07/2009 17:08:23] /c Kainho xd
[04/07/2009 17:08:56] /r
[04/07/2009 17:09:05] /kick Kainho xd
[04/07/2009 17:09:52] /t Lord Rox
[04/07/2009 17:10:05] /i 2160
[04/07/2009 17:10:18] /c Alissow Ots
[04/07/2009 17:11:15] /t
[04/07/2009 17:11:17] /up
[04/07/2009 17:11:19] /a 2
[04/07/2009 17:11:20] /c Alissow Ots
[04/07/2009 17:11:47] /a 2
[04/07/2009 17:12:14] /c GM Soul Kire
[04/07/2009 17:12:15] /c GM Soul Kire
[04/07/2009 17:12:16] /c GM Soul Kire
[04/07/2009 17:13:14] /a 2
[04/07/2009 17:13:17] /r
[04/07/2009 17:13:18] /r
[04/07/2009 17:13:19] /r
[04/07/2009 17:13:20] /r
[04/07/2009 17:13:21] /r
[04/07/2009 17:13:22] /r
[04/07/2009 17:13:23] /r
[04/07/2009 17:13:23] /r
[04/07/2009 17:13:24] /r
[04/07/2009 17:13:24] /r
[04/07/2009 17:13:25] /r
[04/07/2009 17:13:26] /r
[04/07/2009 17:13:26] /r
[04/07/2009 17:13:27] /r
[04/07/2009 17:13:27] /r
[04/07/2009 17:13:27] /r
[04/07/2009 17:13:28] /r
[04/07/2009 17:13:28] /r
[04/07/2009 17:13:28] /r
[04/07/2009 17:13:28] /r
[04/07/2009 17:13:28] /r
[04/07/2009 17:13:28] /r
[04/07/2009 17:13:28] /r
[04/07/2009 17:13:28] /r
[04/07/2009 17:13:28] /r
[04/07/2009 17:13:28] /r
[04/07/2009 17:13:28] /r
[04/07/2009 17:13:28] /r
[04/07/2009 17:13:28] /r
[04/07/2009 17:13:28] /r
[04/07/2009 17:13:28] /r
[04/07/2009 17:13:28] /r
[04/07/2009 17:13:28] /r
[04/07/2009 17:13:28] /r
[04/07/2009 17:13:28] /r
[04/07/2009 17:13:29] /r
[04/07/2009 17:13:29] /r
[04/07/2009 17:13:29] /r
[04/07/2009 17:13:29] /r
[04/07/2009 17:13:29] /r
[04/07/2009 17:13:29] /r
[04/07/2009 17:13:29] /r
[04/07/2009 17:13:29] /r
[04/07/2009 17:13:29] /r
[04/07/2009 17:13:29] /r
[04/07/2009 17:13:29] /r
[04/07/2009 17:13:29] /r
[04/07/2009 17:13:29] /r
[04/07/2009 17:13:29] /r
[04/07/2009 17:13:29] /r
[04/07/2009 17:13:29] /r
[04/07/2009 17:13:29] /r
[04/07/2009 17:13:29] /r
[04/07/2009 17:13:29] /r
[04/07/2009 17:13:29] /r
[04/07/2009 17:13:29] /r
[04/07/2009 17:13:29] /r
[04/07/2009 17:13:29] /r
[04/07/2009 17:13:30] /r
[04/07/2009 17:13:30] /r
[04/07/2009 17:13:30] /r
[04/07/2009 17:13:30] /r
[04/07/2009 17:13:30] /r
[04/07/2009 17:13:30] /r
[04/07/2009 17:13:30] /r
[04/07/2009 17:13:30] /r
[04/07/2009 17:13:30] /r
[04/07/2009 17:13:30] /r
[04/07/2009 17:13:30] /r
[04/07/2009 17:13:30] /r
[04/07/2009 17:13:30] /r
[04/07/2009 17:13:30] /r
[04/07/2009 17:13:30] /r
[04/07/2009 17:13:30] /r
[04/07/2009 17:13:30] /r
[04/07/2009 17:13:30] /r
[04/07/2009 17:13:30] /r
[04/07/2009 17:13:30] /r
[04/07/2009 17:13:30] /r
[04/07/2009 17:13:30] /r
[04/07/2009 17:13:30] /r
[04/07/2009 17:13:30] /r
[04/07/2009 17:13:30] /r
[04/07/2009 17:13:30] /r
[04/07/2009 17:13:30] /r
[04/07/2009 17:13:31] /r
[04/07/2009 17:13:31] /r
[04/07/2009 17:13:31] /r
[04/07/2009 17:13:31] /r
[04/07/2009 17:13:31] /r
[04/07/2009 17:13:31] /r
[04/07/2009 17:13:31] /r
[04/07/2009 17:13:31] /r
[04/07/2009 17:13:31] /r
[04/07/2009 17:13:31] /r
[04/07/2009 17:13:31] /r
[04/07/2009 17:13:31] /r
[04/07/2009 17:13:31] /r
[04/07/2009 17:13:31] /r
[04/07/2009 17:13:31] /r
[04/07/2009 17:13:31] /r
[04/07/2009 17:13:31] /r
[04/07/2009 17:13:31] /r
[04/07/2009 17:13:31] /r
[04/07/2009 17:13:31] /r
[04/07/2009 17:13:31] /r
[04/07/2009 17:13:31] /r
[04/07/2009 17:13:31] /r
[04/07/2009 17:13:31] /r
[04/07/2009 17:13:31] /r
[04/07/2009 17:13:31] /r
[04/07/2009 17:13:31] /r
[04/07/2009 17:13:31] /r
[04/07/2009 17:13:32] /r
[04/07/2009 17:13:32] /r
[04/07/2009 17:13:32] /r
[04/07/2009 17:13:32] /r
[04/07/2009 17:13:32] /r
[04/07/2009 17:13:32] /r
[04/07/2009 17:13:32] /r
[04/07/2009 17:13:32] /r
[04/07/2009 17:13:32] /r
[04/07/2009 17:13:32] /r
[04/07/2009 17:13:32] /r
[04/07/2009 17:13:32] /r
[04/07/2009 17:13:32] /r
[04/07/2009 17:13:32] /r
[04/07/2009 17:13:32] /r
[04/07/2009 17:13:32] /r
[04/07/2009 17:13:32] /r
[04/07/2009 17:13:32] /r
[04/07/2009 17:13:32] /r
[04/07/2009 17:13:32] /r
[04/07/2009 17:13:32] /r
[04/07/2009 17:13:32] /r
[04/07/2009 17:13:32] /r
[04/07/2009 17:13:32] /r
[04/07/2009 17:13:32] /r
[04/07/2009 17:13:32] /r
[04/07/2009 17:13:33] /r
[04/07/2009 17:13:33] /r
[04/07/2009 17:13:33] /r
[04/07/2009 17:13:33] /r
[04/07/2009 17:13:33] /r
[04/07/2009 17:13:33] /r
[04/07/2009 17:13:33] /r
[04/07/2009 17:13:33] /r
[04/07/2009 17:13:33] /r
[04/07/2009 17:13:33] /r
[04/07/2009 17:13:33] /r
[04/07/2009 17:13:33] /r
[04/07/2009 17:13:33] /r
[04/07/2009 17:13:33] /r
[04/07/2009 17:13:33] /r
[04/07/2009 17:13:33] /r
[04/07/2009 17:13:33] /r
[04/07/2009 17:13:33] /r
[04/07/2009 17:13:33] /r
[04/07/2009 17:13:33] /r
[04/07/2009 17:13:33] /r
[04/07/2009 17:13:33] /r
[04/07/2009 17:13:33] /r
[04/07/2009 17:13:33] /r
[04/07/2009 17:13:33] /r
[04/07/2009 17:13:33] /r
[04/07/2009 17:13:33] /r
[04/07/2009 17:13:33] /r
[04/07/2009 17:13:33] /r
[04/07/2009 17:13:34] /r
[04/07/2009 17:13:34] /r
[04/07/2009 17:13:34] /r
[04/07/2009 17:13:34] /r
[04/07/2009 17:13:34] /r
[04/07/2009 17:13:34] /r
[04/07/2009 17:13:34] /r
[04/07/2009 17:13:34] /r
[04/07/2009 17:13:34] /r
[04/07/2009 17:13:34] /r
[04/07/2009 17:13:34] /r
[04/07/2009 17:13:34] /r
[04/07/2009 17:13:34] /r
[04/07/2009 17:13:34] /r
[04/07/2009 17:13:34] /r
[04/07/2009 17:13:34] /r
[04/07/2009 17:13:34] /r
[04/07/2009 17:13:34] /r
[04/07/2009 17:13:34] /r
[04/07/2009 17:13:34] /r
[04/07/2009 17:13:34] /r
[04/07/2009 17:13:34] /r
[04/07/2009 17:13:34] /r
[04/07/2009 17:13:34] /r
[04/07/2009 17:13:34] /r
[04/07/2009 17:13:34] /r
[04/07/2009 17:13:34] /r
[04/07/2009 17:13:34] /r
[04/07/2009 17:13:35] /r
[04/07/2009 17:13:35] /r
[04/07/2009 17:13:35] /r
[04/07/2009 17:13:35] /r
[04/07/2009 17:13:35] /r
[04/07/2009 17:13:35] /r
[04/07/2009 17:13:35] /r
[04/07/2009 17:13:35] /r
[04/07/2009 17:13:35] /r
[04/07/2009 17:13:35] /r
[04/07/2009 17:13:35] /r
[04/07/2009 17:13:35] /r
[04/07/2009 17:13:35] /r
[04/07/2009 17:13:35] /r
[04/07/2009 17:13:35] /r
[04/07/2009 17:13:35] /r
[04/07/2009 17:13:35] /r
[04/07/2009 17:13:35] /r
[04/07/2009 17:13:35] /r
[04/07/2009 17:13:35] /r
[04/07/2009 17:13:35] /r
[04/07/2009 17:13:35] /r
[04/07/2009 17:13:35] /r
[04/07/2009 17:13:35] /r
[04/07/2009 17:13:35] /r
[04/07/2009 17:13:35] /r
[04/07/2009 17:13:35] /r
[04/07/2009 17:13:35] /r
[04/07/2009 17:13:36] /r
[04/07/2009 17:13:36] /r
[04/07/2009 17:13:36] /r
[04/07/2009 17:13:36] /r
[04/07/2009 17:13:36] /r
[04/07/2009 17:13:36] /r
[04/07/2009 17:13:36] /r
[04/07/2009 17:13:36] /r
[04/07/2009 17:13:36] /r
[04/07/2009 17:13:36] /r
[04/07/2009 17:13:36] /r
[04/07/2009 17:13:36] /r
[04/07/2009 17:13:36] /r
[04/07/2009 17:13:36] /r
[04/07/2009 17:13:36] /r
[04/07/2009 17:13:36] /r
[04/07/2009 17:13:36] /r
[04/07/2009 17:13:36] /r
[04/07/2009 17:13:36] /r
[04/07/2009 17:13:36] /r
[04/07/2009 17:13:36] /r
[04/07/2009 17:13:36] /r
[04/07/2009 17:13:36] /r
[04/07/2009 17:13:36] /r
[04/07/2009 17:13:36] /r
[04/07/2009 17:13:36] /r
[04/07/2009 17:13:36] /r
[04/07/2009 17:13:37] /r
[04/07/2009 17:13:37] /r
[04/07/2009 17:13:37] /r
[04/07/2009 17:13:37] /r
[04/07/2009 17:13:37] /r
[04/07/2009 17:13:37] /r
[04/07/2009 17:13:37] /r
[04/07/2009 17:13:37] /r
[04/07/2009 17:13:37] /r
[04/07/2009 17:13:37] /r
[04/07/2009 17:13:37] /r
[04/07/2009 17:13:37] /r
[04/07/2009 17:13:37] /r
[04/07/2009 17:13:37] /r
[04/07/2009 17:13:37] /r
[04/07/2009 17:13:37] /r
[04/07/2009 17:13:37] /r
[04/07/2009 17:13:37] /r
[04/07/2009 17:13:37] /r
[04/07/2009 17:13:37] /r
[04/07/2009 17:13:37] /r
[04/07/2009 17:13:37] /r
[04/07/2009 17:13:37] /r
[04/07/2009 17:13:37] /r
[04/07/2009 17:13:37] /r
[04/07/2009 17:13:37] /r
[04/07/2009 17:13:37] /r
[04/07/2009 17:13:37] /r
[04/07/2009 17:13:37] /r
[04/07/2009 17:13:38] /r
[04/07/2009 17:13:38] /r
[04/07/2009 17:13:38] /r
[04/07/2009 17:13:38] /r
[04/07/2009 17:13:38] /r
[04/07/2009 17:13:38] /r
[04/07/2009 17:13:38] /r
[04/07/2009 17:13:38] /r
[04/07/2009 17:13:38] /r
[04/07/2009 17:13:38] /r
[04/07/2009 17:13:38] /r
[04/07/2009 17:13:38] /r
[04/07/2009 17:13:38] /r
[04/07/2009 17:13:38] /r
[04/07/2009 17:13:38] /r
[04/07/2009 17:13:38] /r
[04/07/2009 17:13:38] /r
[04/07/2009 17:13:38] /r
[04/07/2009 17:13:38] /r
[04/07/2009 17:13:38] /r
[04/07/2009 17:13:38] /r
[04/07/2009 17:13:38] /r
[04/07/2009 17:13:38] /r
[04/07/2009 17:13:38] /r
[04/07/2009 17:13:38] /r
[04/07/2009 17:13:38] /r
[04/07/2009 17:13:38] /r
[04/07/2009 17:13:38] /r
[04/07/2009 17:13:39] /r
[04/07/2009 17:13:39] /r
[04/07/2009 17:13:39] /r
[04/07/2009 17:13:39] /r
[04/07/2009 17:13:39] /r
[04/07/2009 17:13:39] /r
[04/07/2009 17:13:39] /r
[04/07/2009 17:13:39] /r
[04/07/2009 17:13:39] /r
[04/07/2009 17:13:39] /r
[04/07/2009 17:13:39] /r
[04/07/2009 17:13:39] /r
[04/07/2009 17:13:39] /r
[04/07/2009 17:13:39] /r
[04/07/2009 17:13:39] /r
[04/07/2009 17:13:39] /r
[04/07/2009 17:13:39] /r
[04/07/2009 17:13:39] /r
[04/07/2009 17:13:39] /r
[04/07/2009 17:13:39] /r
[04/07/2009 17:13:39] /r
[04/07/2009 17:13:39] /r
[04/07/2009 17:13:39] /r
[04/07/2009 17:13:39] /r
[04/07/2009 17:13:39] /r
[04/07/2009 17:13:39] /r
[04/07/2009 17:13:39] /r
[04/07/2009 17:13:39] /r
[04/07/2009 17:13:40] /r
[04/07/2009 17:13:40] /r
[04/07/2009 17:13:40] /r
[04/07/2009 17:13:40] /r
[04/07/2009 17:13:40] /r
[04/07/2009 17:13:40] /r
[04/07/2009 17:13:40] /r
[04/07/2009 17:13:40] /r
[04/07/2009 17:13:40] /r
[04/07/2009 17:13:40] /r
[04/07/2009 17:13:40] /r
[04/07/2009 17:13:40] /r
[04/07/2009 17:13:40] /r
[04/07/2009 17:13:40] /r
[04/07/2009 17:13:40] /r
[04/07/2009 17:13:40] /r
[04/07/2009 17:13:40] /r
[04/07/2009 17:13:40] /r
[04/07/2009 17:13:40] /r
[04/07/2009 17:13:40] /r
[04/07/2009 17:13:40] /r
[04/07/2009 17:13:40] /r
[04/07/2009 17:13:40] /r
[04/07/2009 17:13:40] /r
[04/07/2009 17:13:40] /r
[04/07/2009 17:13:40] /r
[04/07/2009 17:13:40] /r
[04/07/2009 17:13:40] /r
[04/07/2009 17:13:41] /r
[04/07/2009 17:13:41] /r
[04/07/2009 17:13:41] /r
[04/07/2009 17:13:41] /r
[04/07/2009 17:13:41] /r
[04/07/2009 17:13:41] /r
[04/07/2009 17:13:41] /r
[04/07/2009 17:13:41] /r
[04/07/2009 17:13:41] /r
[04/07/2009 17:13:41] /r
[04/07/2009 17:13:41] /r
[04/07/2009 17:13:41] /r
[04/07/2009 17:13:41] /r
[04/07/2009 17:13:41] /r
[04/07/2009 17:13:41] /r
[04/07/2009 17:13:41] /r
[04/07/2009 17:13:41] /r
[04/07/2009 17:13:41] /r
[04/07/2009 17:13:41] /r
[04/07/2009 17:13:41] /r
[04/07/2009 17:13:41] /r
[04/07/2009 17:13:41] /r
[04/07/2009 17:13:41] /r
[04/07/2009 17:13:41] /r
[04/07/2009 17:13:41] /r
[04/07/2009 17:13:41] /r
[04/07/2009 17:13:42] /r
[04/07/2009 17:13:42] /r
[04/07/2009 17:13:42] /r
[04/07/2009 17:13:42] /r
[04/07/2009 17:13:42] /r
[04/07/2009 17:13:42] /r
[04/07/2009 17:13:42] /r
[04/07/2009 17:13:42] /r
[04/07/2009 17:13:42] /r
[04/07/2009 17:13:42] /r
[04/07/2009 17:13:42] /r
[04/07/2009 17:13:42] /r
[04/07/2009 17:13:42] /r
[04/07/2009 17:13:42] /r
[04/07/2009 17:13:42] /r
[04/07/2009 17:13:42] /r
[04/07/2009 17:13:42] /r
[04/07/2009 17:13:42] /r
[04/07/2009 17:13:42] /r
[04/07/2009 17:13:42] /r
[04/07/2009 17:13:42] /r
[04/07/2009 17:13:42] /r
[04/07/2009 17:13:42] /r
[04/07/2009 17:13:42] /r
[04/07/2009 17:13:42] /r
[04/07/2009 17:13:42] /r
[04/07/2009 17:13:42] /r
[04/07/2009 17:13:43] /r
[04/07/2009 17:13:43] /r
[04/07/2009 17:13:43] /r
[04/07/2009 17:13:43] /r
[04/07/2009 17:13:43] /r
[04/07/2009 17:13:43] /r
[04/07/2009 17:13:43] /r
[04/07/2009 17:13:43] /r
[04/07/2009 17:13:43] /r
[04/07/2009 17:13:43] /r
[04/07/2009 17:13:43] /r
[04/07/2009 17:13:43] /r
[04/07/2009 17:13:43] /r
[04/07/2009 17:13:43] /r
[04/07/2009 17:13:43] /r
[04/07/2009 17:13:43] /r
[04/07/2009 17:13:43] /r
[04/07/2009 17:13:43] /r
[04/07/2009 17:13:43] /r
[04/07/2009 17:13:43] /r
[04/07/2009 17:13:43] /r
[04/07/2009 17:13:43] /r
[04/07/2009 17:13:43] /r
[04/07/2009 17:13:43] /r
[04/07/2009 17:13:43] /r
[04/07/2009 17:13:43] /r
[04/07/2009 17:13:43] /r
[04/07/2009 17:13:43] /r
[04/07/2009 17:13:43] /r
[04/07/2009 17:13:44] /r
[04/07/2009 17:13:44] /r
[04/07/2009 17:13:44] /r
[04/07/2009 17:13:44] /r
[04/07/2009 17:13:44] /r
[04/07/2009 17:13:44] /r
[04/07/2009 17:13:44] /r
[04/07/2009 17:13:44] /r
[04/07/2009 17:13:44] /r
[04/07/2009 17:13:44] /r
[04/07/2009 17:13:44] /r
[04/07/2009 17:13:44] /r
[04/07/2009 17:13:44] /r
[04/07/2009 17:13:44] /r
[04/07/2009 17:13:44] /r
[04/07/2009 17:13:44] /r
[04/07/2009 17:13:44] /r
[04/07/2009 17:13:44] /r
[04/07/2009 17:13:44] /r
[04/07/2009 17:13:44] /r
[04/07/2009 17:13:44] /r
[04/07/2009 17:13:44] /r
[04/07/2009 17:13:44] /r
[04/07/2009 17:13:44] /r
[04/07/2009 17:13:44] /r
[04/07/2009 17:13:44] /r
[04/07/2009 17:13:44] /r
[04/07/2009 17:13:45] /r
[04/07/2009 17:13:45] /r
[04/07/2009 17:13:45] /r
[04/07/2009 17:13:45] /r
[04/07/2009 17:13:45] /r
[04/07/2009 17:13:45] /r
[04/07/2009 17:13:45] /r
[04/07/2009 17:13:45] /r
[04/07/2009 17:13:45] /r
[04/07/2009 17:13:45] /r
[04/07/2009 17:13:45] /r
[04/07/2009 17:13:45] /r
[04/07/2009 17:13:45] /r
[04/07/2009 17:13:45] /r
[04/07/2009 17:13:45] /r
[04/07/2009 17:13:45] /r
[04/07/2009 17:13:45] /r
[04/07/2009 17:13:45] /r
[04/07/2009 17:13:45] /r
[04/07/2009 17:13:45] /r
[04/07/2009 17:13:45] /r
[04/07/2009 17:13:45] /r
[04/07/2009 17:13:45] /r
[04/07/2009 17:13:45] /r
[04/07/2009 17:13:45] /r
[04/07/2009 17:13:45] /r
[04/07/2009 17:13:45] /r
[04/07/2009 17:13:45] /r
[04/07/2009 17:13:46] /r
[04/07/2009 17:13:46] /r
[04/07/2009 17:13:46] /r
[04/07/2009 17:13:46] /r
[04/07/2009 17:13:46] /r
[04/07/2009 17:13:46] /r
[04/07/2009 17:13:46] /r
[04/07/2009 17:13:46] /r
[04/07/2009 17:13:46] /r
[04/07/2009 17:13:46] /r
[04/07/2009 17:13:46] /r
[04/07/2009 17:13:46] /r
[04/07/2009 17:13:46] /r
[04/07/2009 17:13:46] /r
[04/07/2009 17:13:46] /r
[04/07/2009 17:13:46] /r
[04/07/2009 17:13:46] /r
[04/07/2009 17:13:46] /r
[04/07/2009 17:13:46] /r
[04/07/2009 17:13:46] /r
[04/07/2009 17:13:46] /r
[04/07/2009 17:13:46] /r
[04/07/2009 17:13:46] /r
[04/07/2009 17:13:46] /r
[04/07/2009 17:13:46] /r
[04/07/2009 17:13:46] /r
[04/07/2009 17:13:46] /r
[04/07/2009 17:13:46] /r
[04/07/2009 17:13:46] /r
[04/07/2009 17:13:47] /r
[04/07/2009 17:13:47] /r
[04/07/2009 17:13:47] /r
[04/07/2009 17:13:47] /r
[04/07/2009 17:13:47] /r
[04/07/2009 17:13:47] /r
[04/07/2009 17:13:47] /r
[04/07/2009 17:13:47] /r
[04/07/2009 17:13:47] /r
[04/07/2009 17:13:47] /r
[04/07/2009 17:13:47] /r
[04/07/2009 17:13:47] /r
[04/07/2009 17:13:47] /r
[04/07/2009 17:13:47] /r
[04/07/2009 17:13:47] /r
[04/07/2009 17:13:47] /r
[04/07/2009 17:13:47] /r
[04/07/2009 17:13:47] /r
[04/07/2009 17:13:47] /r
[04/07/2009 17:13:47] /r
[04/07/2009 17:13:47] /r
[04/07/2009 17:13:47] /r
[04/07/2009 17:13:47] /r
[04/07/2009 17:13:47] /r
[04/07/2009 17:13:47] /r
[04/07/2009 17:13:47] /r
[04/07/2009 17:13:47] /r
[04/07/2009 17:13:48] /r
[04/07/2009 17:13:48] /r
[04/07/2009 17:13:48] /r
[04/07/2009 17:13:48] /r
[04/07/2009 17:13:48] /r
[04/07/2009 17:13:50] /a 2
[04/07/2009 17:13:52] /r
[04/07/2009 17:13:53] /r
[04/07/2009 17:13:54] /r
[04/07/2009 17:13:54] /r
[04/07/2009 17:13:54] /r
[04/07/2009 17:13:54] /r
[04/07/2009 17:13:54] /r
[04/07/2009 17:13:54] /r
[04/07/2009 17:13:54] /r
[04/07/2009 17:13:54] /r
[04/07/2009 17:13:54] /r
[04/07/2009 17:13:54] /a 2
[04/07/2009 17:14:38] /a 2
[04/07/2009 17:14:47] /goto alissow ot
[04/07/2009 17:14:50] /goto alissow ots
[04/07/2009 17:14:57] /clean
[04/07/2009 17:15:19] /i demon sheld
[04/07/2009 17:15:41] /i demon shield
[04/07/2009 17:17:45] /c Dih Paladino
[04/07/2009 17:17:48] /i crossbow
[04/07/2009 17:21:17] /c Cigano
[04/07/2009 17:24:04] /r
[04/07/2009 17:32:14] /goto cigano
[04/07/2009 17:33:26] /t
[04/07/2009 17:33:29] /a 5
[04/07/2009 17:33:30] /a 5
[04/07/2009 17:33:45] /c rainha lady queen
[04/07/2009 17:39:50] /goto Rainha Lady Queen
[04/07/2009 17:45:16] /addskill Rainha Lady Queen, lvl
[04/07/2009 17:45:18] /addskill Rainha Lady Queen, lvl
[04/07/2009 17:45:19] /addskill Rainha Lady Queen, lvl
[04/07/2009 17:45:21] /addskill Rainha Lady Queen, lvl
[04/07/2009 17:45:35] /addskill Rei Comedinha, lvl
[04/07/2009 17:45:36] /addskill Rei Comedinha, lvl
[04/07/2009 17:45:36] /addskill Rei Comedinha, lvl
[04/07/2009 17:45:37] /addskill Rei Comedinha, lvl
[04/07/2009 17:45:40] /addskill Rei Comedinha, lvl
[04/07/2009 17:45:53] /addskill Rei Comedinha, lvl
[04/07/2009 17:45:53] /addskill Rei Comedinha, lvl
[04/07/2009 17:45:53] /addskill Rei Comedinha, lvl
[04/07/2009 17:45:53] /addskill Rei Comedinha, lvl
[04/07/2009 17:45:54] /addskill Rei Comedinha, lvl
[04/07/2009 17:45:54] /addskill Rei Comedinha, lvl
[04/07/2009 17:45:54] /addskill Rei Comedinha, lvl
[04/07/2009 17:45:54] /addskill Rei Comedinha, lvl
[04/07/2009 17:45:54] /addskill Rei Comedinha, lvl
[04/07/2009 17:45:54] /addskill Rei Comedinha, lvl
[04/07/2009 17:45:54] /addskill Rei Comedinha, lvl
[04/07/2009 17:45:54] /addskill Rei Comedinha, lvl
[04/07/2009 17:45:54] /addskill Rei Comedinha, lvl
[04/07/2009 17:45:54] /addskill Rei Comedinha, lvl
[04/07/2009 17:45:54] /addskill Rei Comedinha, lvl
[04/07/2009 17:45:54] /addskill Rei Comedinha, lvl
[04/07/2009 17:45:54] /addskill Rei Comedinha, lvl
[04/07/2009 17:45:54] /addskill Rei Comedinha, lvl
[04/07/2009 17:45:54] /addskill Rei Comedinha, lvl
[04/07/2009 17:45:54] /addskill Rei Comedinha, lvl
[04/07/2009 17:45:54] /addskill Rei Comedinha, lvl
[04/07/2009 17:45:54] /addskill Rei Comedinha, lvl
[04/07/2009 17:45:54] /addskill Rei Comedinha, lvl
[04/07/2009 17:45:54] /addskill Rei Comedinha, lvl
[04/07/2009 17:45:54] /addskill Rei Comedinha, lvl
[04/07/2009 17:45:54] /addskill Rei Comedinha, lvl
[04/07/2009 17:45:54] /addskill Rei Comedinha, lvl
[04/07/2009 17:45:54] /addskill Rei Comedinha, lvl
[04/07/2009 17:45:54] /addskill Rei Comedinha, lvl
[04/07/2009 17:45:54] /addskill Rei Comedinha, lvl
[04/07/2009 17:45:54] /addskill Rei Comedinha, lvl
[04/07/2009 17:45:54] /addskill Rei Comedinha, lvl
[04/07/2009 17:45:55] /addskill Rei Comedinha, lvl
[04/07/2009 17:45:55] /addskill Rei Comedinha, lvl
[04/07/2009 17:45:55] /addskill Rei Comedinha, lvl
[04/07/2009 17:45:55] /addskill Rei Comedinha, lvl
[04/07/2009 17:45:55] /addskill Rei Comedinha, lvl
[04/07/2009 17:45:55] /addskill Rei Comedinha, lvl
[04/07/2009 17:45:55] /addskill Rei Comedinha, lvl
[04/07/2009 17:45:55] /addskill Rei Comedinha, lvl
[04/07/2009 17:45:55] /addskill Rei Comedinha, lvl
[04/07/2009 17:45:55] /addskill Rei Comedinha, lvl
[04/07/2009 17:45:55] /addskill Rei Comedinha, lvl
[04/07/2009 17:45:55] /addskill Rei Comedinha, lvl
[04/07/2009 17:45:55] /addskill Rei Comedinha, lvl
[04/07/2009 17:45:55] /addskill Rei Comedinha, lvl
[04/07/2009 17:45:55] /addskill Rei Comedinha, lvl
[04/07/2009 17:45:55] /addskill Rei Comedinha, lvl
[04/07/2009 17:45:55] /addskill Rei Comedinha, lvl
[04/07/2009 17:45:55] /addskill Rei Comedinha, lvl
[04/07/2009 17:45:55] /addskill Rei Comedinha, lvl
[04/07/2009 17:45:55] /addskill Rei Comedinha, lvl
[04/07/2009 17:45:55] /addskill Rei Comedinha, lvl
[04/07/2009 17:45:55] /addskill Rei Comedinha, lvl
[04/07/2009 17:45:55] /addskill Rei Comedinha, lvl
[04/07/2009 17:45:55] /addskill Rei Comedinha, lvl
[04/07/2009 17:45:55] /addskill Rei Comedinha, lvl
[04/07/2009 17:45:55] /addskill Rei Comedinha, lvl
[04/07/2009 17:45:55] /addskill Rei Comedinha, lvl
[04/07/2009 17:45:55] /addskill Rei Comedinha, lvl
[04/07/2009 17:45:56] /addskill Rei Comedinha, lvl
[04/07/2009 17:45:56] /addskill Rei Comedinha, lvl
[04/07/2009 17:45:56] /addskill Rei Comedinha, lvl
[04/07/2009 17:45:56] /addskill Rei Comedinha, lvl
[04/07/2009 17:45:56] /addskill Rei Comedinha, lvl
[04/07/2009 17:45:56] /addskill Rei Comedinha, lvl
[04/07/2009 17:45:56] /addskill Rei Comedinha, lvl
[04/07/2009 17:45:56] /addskill Rei Comedinha, lvl
[04/07/2009 17:45:56] /addskill Rei Comedinha, lvl
[04/07/2009 17:45:56] /addskill Rei Comedinha, lvl
[04/07/2009 17:45:56] /addskill Rei Comedinha, lvl
[04/07/2009 17:45:56] /addskill Rei Comedinha, lvl
[04/07/2009 17:45:56] /addskill Rei Comedinha, lvl
[04/07/2009 17:45:56] /addskill Rei Comedinha, lvl
[04/07/2009 17:45:56] /addskill Rei Comedinha, lvl
[04/07/2009 17:45:56] /addskill Rei Comedinha, lvl
[04/07/2009 17:45:56] /addskill Rei Comedinha, lvl
[04/07/2009 17:45:56] /addskill Rei Comedinha, lvl
[04/07/2009 17:45:56] /addskill Rei Comedinha, lvl
[04/07/2009 17:45:56] /addskill Rei Comedinha, lvl
[04/07/2009 17:45:56] /addskill Rei Comedinha, lvl
[04/07/2009 17:45:56] /addskill Rei Comedinha, lvl
[04/07/2009 17:45:56] /addskill Rei Comedinha, lvl
[04/07/2009 17:45:56] /addskill Rei Comedinha, lvl
[04/07/2009 17:45:56] /addskill Rei Comedinha, lvl
[04/07/2009 17:45:56] /addskill Rei Comedinha, lvl
[04/07/2009 17:45:56] /addskill Rei Comedinha, lvl
[04/07/2009 17:45:56] /addskill Rei Comedinha, lvl
[04/07/2009 17:45:57] /addskill Rei Comedinha, lvl
[04/07/2009 17:45:57] /addskill Rei Comedinha, lvl
[04/07/2009 17:45:57] /addskill Rei Comedinha, lvl
[04/07/2009 17:45:57] /addskill Rei Comedinha, lvl
[04/07/2009 17:45:57] /addskill Rei Comedinha, lvl
[04/07/2009 17:45:57] /addskill Rei Comedinha, lvl
[04/07/2009 17:45:57] /addskill Rei Comedinha, lvl
[04/07/2009 17:45:57] /addskill Rei Comedinha, lvl
[04/07/2009 17:45:57] /addskill Rei Comedinha, lvl
[04/07/2009 17:45:57] /addskill Rei Comedinha, lvl
[04/07/2009 17:45:57] /addskill Rei Comedinha, lvl
[04/07/2009 17:45:57] /addskill Rei Comedinha, lvl
[04/07/2009 17:45:57] /addskill Rei Comedinha, lvl
[04/07/2009 17:45:57] /addskill Rei Comedinha, lvl
[04/07/2009 17:45:57] /addskill Rei Comedinha, lvl
[04/07/2009 17:45:57] /addskill Rei Comedinha, lvl
[04/07/2009 17:45:57] /addskill Rei Comedinha, lvl
[04/07/2009 17:45:57] /addskill Rei Comedinha, lvl
[04/07/2009 17:45:57] /addskill Rei Comedinha, lvl
[04/07/2009 17:45:57] /addskill Rei Comedinha, lvl
[04/07/2009 17:45:57] /addskill Rei Comedinha, lvl
[04/07/2009 17:45:57] /addskill Rei Comedinha, lvl
[04/07/2009 17:45:57] /addskill Rei Comedinha, lvl
[04/07/2009 17:45:57] /addskill Rei Comedinha, lvl
[04/07/2009 17:45:57] /addskill Rei Comedinha, lvl
[04/07/2009 17:45:57] /addskill Rei Comedinha, lvl
[04/07/2009 17:45:57] /addskill Rei Comedinha, lvl
[04/07/2009 17:45:57] /addskill Rei Comedinha, lvl
[04/07/2009 17:45:57] /addskill Rei Comedinha, lvl
[04/07/2009 17:45:58] /addskill Rei Comedinha, lvl
[04/07/2009 17:45:58] /addskill Rei Comedinha, lvl
[04/07/2009 17:45:58] /addskill Rei Comedinha, lvl
[04/07/2009 17:45:58] /addskill Rei Comedinha, lvl
[04/07/2009 17:45:58] /addskill Rei Comedinha, lvl
[04/07/2009 17:45:58] /addskill Rei Comedinha, lvl
[04/07/2009 17:45:58] /addskill Rei Comedinha, lvl
[04/07/2009 17:45:58] /addskill Rei Comedinha, lvl
[04/07/2009 17:45:58] /addskill Rei Comedinha, lvl
[04/07/2009 17:45:58] /addskill Rei Comedinha, lvl
[04/07/2009 17:45:58] /addskill Rei Comedinha, lvl
[04/07/2009 17:45:58] /addskill Rei Comedinha, lvl
[04/07/2009 17:45:58] /addskill Rei Comedinha, lvl
[04/07/2009 17:45:58] /addskill Rei Comedinha, lvl
[04/07/2009 17:45:58] /addskill Rei Comedinha, lvl
[04/07/2009 17:45:58] /addskill Rei Comedinha, lvl
[04/07/2009 17:45:58] /addskill Rei Comedinha, lvl
[04/07/2009 17:45:58] /addskill Rei Comedinha, lvl
[04/07/2009 17:45:58] /addskill Rei Comedinha, lvl
[04/07/2009 17:45:58] /addskill Rei Comedinha, lvl
[04/07/2009 17:45:58] /addskill Rei Comedinha, lvl
[04/07/2009 17:45:58] /addskill Rei Comedinha, lvl
[04/07/2009 17:45:58] /addskill Rei Comedinha, lvl
[04/07/2009 17:45:58] /addskill Rei Comedinha, lvl
[04/07/2009 17:45:58] /addskill Rei Comedinha, lvl
[04/07/2009 17:45:58] /addskill Rei Comedinha, lvl
[04/07/2009 17:45:58] /addskill Rei Comedinha, lvl
[04/07/2009 17:45:58] /addskill Rei Comedinha, lvl
[04/07/2009 17:45:59] /addskill Rei Comedinha, lvl
[04/07/2009 17:45:59] /addskill Rei Comedinha, lvl
[04/07/2009 17:45:59] /addskill Rei Comedinha, lvl
[04/07/2009 17:45:59] /addskill Rei Comedinha, lvl
[04/07/2009 17:45:59] /addskill Rei Comedinha, lvl
[04/07/2009 17:45:59] /addskill Rei Comedinha, lvl
[04/07/2009 17:45:59] /addskill Rei Comedinha, lvl
[04/07/2009 17:45:59] /addskill Rei Comedinha, lvl
[04/07/2009 17:45:59] /addskill Rei Comedinha, lvl
[04/07/2009 17:45:59] /addskill Rei Comedinha, lvl
[04/07/2009 17:45:59] /addskill Rei Comedinha, lvl
[04/07/2009 17:45:59] /addskill Rei Comedinha, lvl
[04/07/2009 17:45:59] /addskill Rei Comedinha, lvl
[04/07/2009 17:45:59] /addskill Rei Comedinha, lvl
[04/07/2009 17:45:59] /addskill Rei Comedinha, lvl
[04/07/2009 17:45:59] /addskill Rei Comedinha, lvl
[04/07/2009 17:45:59] /addskill Rei Comedinha, lvl
[04/07/2009 17:45:59] /addskill Rei Comedinha, lvl
[04/07/2009 17:45:59] /addskill Rei Comedinha, lvl
[04/07/2009 17:45:59] /addskill Rei Comedinha, lvl
[04/07/2009 17:45:59] /addskill Rei Comedinha, lvl
[04/07/2009 17:45:59] /addskill Rei Comedinha, lvl
[04/07/2009 17:45:59] /addskill Rei Comedinha, lvl
[04/07/2009 17:45:59] /addskill Rei Comedinha, lvl
[04/07/2009 17:45:59] /addskill Rei Comedinha, lvl
[04/07/2009 17:45:59] /addskill Rei Comedinha, lvl
[04/07/2009 17:45:59] /addskill Rei Comedinha, lvl
[04/07/2009 17:45:59] /addskill Rei Comedinha, lvl
[04/07/2009 17:46:00] /addskill Rei Comedinha, lvl
[04/07/2009 17:46:00] /addskill Rei Comedinha, lvl
[04/07/2009 17:46:00] /addskill Rei Comedinha, lvl
[04/07/2009 17:46:00] /addskill Rei Comedinha, lvl
[04/07/2009 17:46:00] /addskill Rei Comedinha, lvl
[04/07/2009 17:46:00] /addskill Rei Comedinha, lvl
[04/07/2009 17:46:00] /addskill Rei Comedinha, lvl
[04/07/2009 17:46:00] /addskill Rei Comedinha, lvl
[04/07/2009 17:46:00] /addskill Rei Comedinha, lvl
[04/07/2009 17:46:00] /addskill Rei Comedinha, lvl
[04/07/2009 17:46:00] /addskill Rei Comedinha, lvl
[04/07/2009 17:46:00] /addskill Rei Comedinha, lvl
[04/07/2009 17:46:00] /addskill Rei Comedinha, lvl
[04/07/2009 17:46:00] /addskill Rei Comedinha, lvl
[04/07/2009 17:46:00] /addskill Rei Comedinha, lvl
[04/07/2009 17:46:00] /addskill Rei Comedinha, lvl
[04/07/2009 17:46:00] /addskill Rei Comedinha, lvl
[04/07/2009 17:46:00] /addskill Rei Comedinha, lvl
[04/07/2009 17:46:00] /addskill Rei Comedinha, lvl
[04/07/2009 17:46:00] /addskill Rei Comedinha, lvl
[04/07/2009 17:46:00] /addskill Rei Comedinha, lvl
[04/07/2009 17:46:00] /addskill Rei Comedinha, lvl
[04/07/2009 17:46:00] /addskill Rei Comedinha, lvl
[04/07/2009 17:46:00] /addskill Rei Comedinha, lvl
[04/07/2009 17:46:00] /addskill Rei Comedinha, lvl
[04/07/2009 17:46:00] /addskill Rei Comedinha, lvl
[04/07/2009 17:46:00] /addskill Rei Comedinha, lvl
[04/07/2009 17:46:00] /addskill Rei Comedinha, lvl
[04/07/2009 17:46:00] /addskill Rei Comedinha, lvl
[04/07/2009 17:46:01] /addskill Rei Comedinha, lvl
[04/07/2009 17:46:01] /addskill Rei Comedinha, lvl
[04/07/2009 17:46:01] /addskill Rei Comedinha, lvl
[04/07/2009 17:46:01] /addskill Rei Comedinha, lvl
[04/07/2009 17:46:01] /addskill Rei Comedinha, lvl
[04/07/2009 17:46:01] /addskill Rei Comedinha, lvl
[04/07/2009 17:46:01] /addskill Rei Comedinha, lvl
[04/07/2009 17:46:01] /addskill Rei Comedinha, lvl
[04/07/2009 17:46:01] /addskill Rei Comedinha, lvl
[04/07/2009 17:46:01] /addskill Rei Comedinha, lvl
[04/07/2009 17:46:01] /addskill Rei Comedinha, lvl
[04/07/2009 17:46:01] /addskill Rei Comedinha, lvl
[04/07/2009 17:46:01] /addskill Rei Comedinha, lvl
[04/07/2009 17:46:01] /addskill Rei Comedinha, lvl
[04/07/2009 17:46:01] /addskill Rei Comedinha, lvl
[04/07/2009 17:46:01] /addskill Rei Comedinha, lvl
[04/07/2009 17:46:01] /addskill Rei Comedinha, lvl
[04/07/2009 17:46:01] /addskill Rei Comedinha, lvl
[04/07/2009 17:46:01] /addskill Rei Comedinha, lvl
[04/07/2009 17:46:01] /addskill Rei Comedinha, lvl
[04/07/2009 17:46:01] /addskill Rei Comedinha, lvl
[04/07/2009 17:46:01] /addskill Rei Comedinha, lvl
[04/07/2009 17:46:01] /addskill Rei Comedinha, lvl
[04/07/2009 17:46:01] /addskill Rei Comedinha, lvl
[04/07/2009 17:46:01] /addskill Rei Comedinha, lvl
[04/07/2009 17:46:01] /addskill Rei Comedinha, lvl
[04/07/2009 17:46:01] /addskill Rei Comedinha, lvl
[04/07/2009 17:46:01] /addskill Rei Comedinha, lvl
[04/07/2009 17:46:01] /addskill Rei Comedinha, lvl
[04/07/2009 17:46:02] /addskill Rei Comedinha, lvl
[04/07/2009 17:46:02] /addskill Rei Comedinha, lvl
[04/07/2009 17:46:02] /addskill Rei Comedinha, lvl
[04/07/2009 17:46:02] /addskill Rei Comedinha, lvl
[04/07/2009 17:46:02] /addskill Rei Comedinha, lvl
[04/07/2009 17:46:02] /addskill Rei Comedinha, lvl
[04/07/2009 17:46:02] /addskill Rei Comedinha, lvl
[04/07/2009 17:46:02] /addskill Rei Comedinha, lvl
[04/07/2009 17:46:02] /addskill Rei Comedinha, lvl
[04/07/2009 17:46:02] /addskill Rei Comedinha, lvl
[04/07/2009 17:46:02] /addskill Rei Comedinha, lvl
[04/07/2009 17:46:02] /addskill Rei Comedinha, lvl
[04/07/2009 17:46:02] /addskill Rei Comedinha, lvl
[04/07/2009 17:46:02] /addskill Rei Comedinha, lvl
[04/07/2009 17:46:02] /addskill Rei Comedinha, lvl
[04/07/2009 17:46:02] /addskill Rei Comedinha, lvl
[04/07/2009 17:46:02] /addskill Rei Comedinha, lvl
[04/07/2009 17:46:02] /addskill Rei Comedinha, lvl
[04/07/2009 17:46:02] /addskill Rei Comedinha, lvl
[04/07/2009 17:46:02] /addskill Rei Comedinha, lvl
[04/07/2009 17:46:02] /addskill Rei Comedinha, lvl
[04/07/2009 17:46:02] /addskill Rei Comedinha, lvl
[04/07/2009 17:46:02] /addskill Rei Comedinha, lvl
[04/07/2009 17:46:02] /addskill Rei Comedinha, lvl
[04/07/2009 17:46:02] /addskill Rei Comedinha, lvl
[04/07/2009 17:46:02] /addskill Rei Comedinha, lvl
[04/07/2009 17:46:02] /addskill Rei Comedinha, lvl
[04/07/2009 17:46:02] /addskill Rei Comedinha, lvl
[04/07/2009 17:46:03] /addskill Rei Comedinha, lvl
[04/07/2009 17:46:03] /addskill Rei Comedinha, lvl
[04/07/2009 17:46:03] /addskill Rei Comedinha, lvl
[04/07/2009 17:46:03] /addskill Rei Comedinha, lvl
[04/07/2009 17:46:03] /addskill Rei Comedinha, lvl
[04/07/2009 17:46:03] /addskill Rei Comedinha, lvl
[04/07/2009 17:46:03] /addskill Rei Comedinha, lvl
[04/07/2009 17:46:03] /addskill Rei Comedinha, lvl
[04/07/2009 17:46:03] /addskill Rei Comedinha, lvl
[04/07/2009 17:46:03] /addskill Rei Comedinha, lvl
[04/07/2009 17:46:03] /addskill Rei Comedinha, lvl
[04/07/2009 17:46:03] /addskill Rei Comedinha, lvl
[04/07/2009 17:46:03] /addskill Rei Comedinha, lvl
[04/07/2009 17:46:03] /addskill Rei Comedinha, lvl
[04/07/2009 17:46:03] /addskill Rei Comedinha, lvl
[04/07/2009 17:46:03] /addskill Rei Comedinha, lvl
[04/07/2009 17:46:03] /addskill Rei Comedinha, lvl
[04/07/2009 17:46:03] /addskill Rei Comedinha, lvl
[04/07/2009 17:46:03] /addskill Rei Comedinha, lvl
[04/07/2009 17:46:03] /addskill Rei Comedinha, lvl
[04/07/2009 17:46:03] /addskill Rei Comedinha, lvl
[04/07/2009 17:46:03] /addskill Rei Comedinha, lvl
[04/07/2009 17:46:03] /addskill Rei Comedinha, lvl
[04/07/2009 17:46:03] /addskill Rei Comedinha, lvl
[04/07/2009 17:46:03] /addskill Rei Comedinha, lvl
[04/07/2009 17:46:03] /addskill Rei Comedinha, lvl
[04/07/2009 17:46:03] /addskill Rei Comedinha, lvl
[04/07/2009 17:46:04] /addskill Rei Comedinha, lvl
[04/07/2009 17:46:04] /addskill Rei Comedinha, lvl
[04/07/2009 17:46:04] /addskill Rei Comedinha, lvl
[04/07/2009 17:46:04] /addskill Rei Comedinha, lvl
[04/07/2009 17:46:04] /addskill Rei Comedinha, lvl
[04/07/2009 17:46:04] /addskill Rei Comedinha, lvl
[04/07/2009 17:46:04] /addskill Rei Comedinha, lvl
[04/07/2009 17:46:04] /addskill Rei Comedinha, lvl
[04/07/2009 17:46:04] /addskill Rei Comedinha, lvl
[04/07/2009 17:46:04] /addskill Rei Comedinha, lvl
[04/07/2009 17:46:04] /addskill Rei Comedinha, lvl
[04/07/2009 17:46:04] /addskill Rei Comedinha, lvl
[04/07/2009 17:46:04] /addskill Rei Comedinha, lvl
[04/07/2009 17:46:04] /addskill Rei Comedinha, lvl
[04/07/2009 17:46:04] /addskill Rei Comedinha, lvl
[04/07/2009 17:46:04] /addskill Rei Comedinha, lvl
[04/07/2009 17:46:04] /addskill Rei Comedinha, lvl
[04/07/2009 17:46:04] /addskill Rei Comedinha, lvl
[04/07/2009 17:46:04] /addskill Rei Comedinha, lvl
[04/07/2009 17:46:04] /addskill Rei Comedinha, lvl
[04/07/2009 17:46:04] /addskill Rei Comedinha, lvl
[04/07/2009 17:46:04] /addskill Rei Comedinha, lvl
[04/07/2009 17:46:04] /addskill Rei Comedinha, lvl
[04/07/2009 17:46:04] /addskill Rei Comedinha, lvl
[04/07/2009 17:46:04] /addskill Rei Comedinha, lvl
[04/07/2009 17:46:04] /addskill Rei Comedinha, lvl
[04/07/2009 17:46:04] /addskill Rei Comedinha, lvl
[04/07/2009 17:46:05] /addskill Rei Comedinha, lvl
[04/07/2009 17:46:05] /addskill Rei Comedinha, lvl
[04/07/2009 17:46:05] /addskill Rei Comedinha, lvl
[04/07/2009 17:46:05] /addskill Rei Comedinha, lvl
[04/07/2009 17:46:05] /addskill Rei Comedinha, lvl
[04/07/2009 17:46:05] /addskill Rei Comedinha, lvl
[04/07/2009 17:46:05] /addskill Rei Comedinha, lvl
[04/07/2009 17:46:05] /addskill Rei Comedinha, lvl
[04/07/2009 17:46:05] /addskill Rei Comedinha, lvl
[04/07/2009 17:46:05] /addskill Rei Comedinha, lvl
[04/07/2009 17:46:05] /addskill Rei Comedinha, lvl
[04/07/2009 17:46:05] /addskill Rei Comedinha, lvl
[04/07/2009 17:46:05] /addskill Rei Comedinha, lvl
[04/07/2009 17:46:05] /addskill Rei Comedinha, lvl
[04/07/2009 17:46:05] /addskill Rei Comedinha, lvl
[04/07/2009 17:46:05] /addskill Rei Comedinha, lvl
[04/07/2009 17:46:05] /addskill Rei Comedinha, lvl
[04/07/2009 17:46:05] /addskill Rei Comedinha, lvl
[04/07/2009 17:46:05] /addskill Rei Comedinha, lvl
[04/07/2009 17:46:05] /addskill Rei Comedinha, lvl
[04/07/2009 17:46:05] /addskill Rei Comedinha, lvl
[04/07/2009 17:46:05] /addskill Rei Comedinha, lvl
[04/07/2009 17:46:05] /addskill Rei Comedinha, lvl
[04/07/2009 17:46:05] /addskill Rei Comedinha, lvl
[04/07/2009 17:46:05] /addskill Rei Comedinha, lvl
[04/07/2009 17:46:05] /addskill Rei Comedinha, lvl
[04/07/2009 17:46:05] /addskill Rei Comedinha, lvl
[04/07/2009 17:46:05] /addskill Rei Comedinha, lvl
[04/07/2009 17:46:06] /addskill Rei Comedinha, lvl
[04/07/2009 17:46:06] /addskill Rei Comedinha, lvl
[04/07/2009 17:46:06] /addskill Rei Comedinha, lvl
[04/07/2009 17:46:06] /addskill Rei Comedinha, lvl
[04/07/2009 17:46:06] /addskill Rei Comedinha, lvl
[04/07/2009 17:46:06] /addskill Rei Comedinha, lvl
[04/07/2009 17:46:06] /addskill Rei Comedinha, lvl
[04/07/2009 17:46:06] /addskill Rei Comedinha, lvl
[04/07/2009 17:46:06] /addskill Rei Comedinha, lvl
[04/07/2009 17:46:06] /addskill Rei Comedinha, lvl
[04/07/2009 17:46:06] /addskill Rei Comedinha, lvl
[04/07/2009 17:46:06] /addskill Rei Comedinha, lvl
[04/07/2009 17:46:06] /addskill Rei Comedinha, lvl
[04/07/2009 17:46:06] /addskill Rei Comedinha, lvl
[04/07/2009 17:46:06] /addskill Rei Comedinha, lvl
[04/07/2009 17:46:06] /addskill Rei Comedinha, lvl
[04/07/2009 17:46:06] /addskill Rei Comedinha, lvl
[04/07/2009 17:46:06] /addskill Rei Comedinha, lvl
[04/07/2009 17:46:06] /addskill Rei Comedinha, lvl
[04/07/2009 17:46:06] /addskill Rei Comedinha, lvl
[04/07/2009 17:46:06] /addskill Rei Comedinha, lvl
[04/07/2009 17:46:06] /addskill Rei Comedinha, lvl
[04/07/2009 17:46:06] /addskill Rei Comedinha, lvl
[04/07/2009 17:46:06] /addskill Rei Comedinha, lvl
[04/07/2009 17:46:06] /addskill Rei Comedinha, lvl
[04/07/2009 17:46:06] /addskill Rei Comedinha, lvl
[04/07/2009 17:46:06] /addskill Rei Comedinha, lvl
[04/07/2009 17:46:06] /addskill Rei Comedinha, lvl
[04/07/2009 17:46:07] /addskill Rei Comedinha, lvl
[04/07/2009 17:46:07] /addskill Rei Comedinha, lvl
[04/07/2009 17:46:07] /addskill Rei Comedinha, lvl
[04/07/2009 17:46:07] /addskill Rei Comedinha, lvl
[04/07/2009 17:46:07] /addskill Rei Comedinha, lvl
[04/07/2009 17:46:07] /addskill Rei Comedinha, lvl
[04/07/2009 17:46:07] /addskill Rei Comedinha, lvl
[04/07/2009 17:46:07] /addskill Rei Comedinha, lvl
[04/07/2009 17:46:07] /addskill Rei Comedinha, lvl
[04/07/2009 17:46:07] /addskill Rei Comedinha, lvl
[04/07/2009 17:46:07] /addskill Rei Comedinha, lvl
[04/07/2009 17:46:07] /addskill Rei Comedinha, lvl
[04/07/2009 17:46:07] /addskill Rei Comedinha, lvl
[04/07/2009 17:46:07] /addskill Rei Comedinha, lvl
[04/07/2009 17:46:07] /addskill Rei Comedinha, lvl
[04/07/2009 17:46:07] /addskill Rei Comedinha, lvl
[04/07/2009 17:46:07] /addskill Rei Comedinha, lvl
[04/07/2009 17:46:07] /addskill Rei Comedinha, lvl
[04/07/2009 17:46:07] /addskill Rei Comedinha, lvl
[04/07/2009 17:46:07] /addskill Rei Comedinha, lvl
[04/07/2009 17:46:07] /addskill Rei Comedinha, lvl
[04/07/2009 17:46:07] /addskill Rei Comedinha, lvl
[04/07/2009 17:46:07] /addskill Rei Comedinha, lvl
[04/07/2009 17:46:07] /addskill Rei Comedinha, lvl
[04/07/2009 17:46:07] /addskill Rei Comedinha, lvl
[04/07/2009 17:46:07] /addskill Rei Comedinha, lvl
[04/07/2009 17:46:07] /addskill Rei Comedinha, lvl
[04/07/2009 17:46:07] /addskill Rei Comedinha, lvl
[04/07/2009 17:46:07] /addskill Rei Comedinha, lvl
[04/07/2009 17:46:08] /addskill Rei Comedinha, lvl
[04/07/2009 17:46:08] /addskill Rei Comedinha, lvl
[04/07/2009 17:46:08] /addskill Rei Comedinha, lvl
[04/07/2009 17:46:08] /addskill Rei Comedinha, lvl
[04/07/2009 17:46:08] /addskill Rei Comedinha, lvl
[04/07/2009 17:46:08] /addskill Rei Comedinha, lvl
[04/07/2009 17:46:08] /addskill Rei Comedinha, lvl
[04/07/2009 17:46:08] /addskill Rei Comedinha, lvl
[04/07/2009 17:46:08] /addskill Rei Comedinha, lvl
[04/07/2009 17:46:08] /addskill Rei Comedinha, lvl
[04/07/2009 17:46:08] /addskill Rei Comedinha, lvl
[04/07/2009 17:46:08] /addskill Rei Comedinha, lvl
[04/07/2009 17:46:08] /addskill Rei Comedinha, lvl
[04/07/2009 17:46:08] /addskill Rei Comedinha, lvl
[04/07/2009 17:46:08] /addskill Rei Comedinha, lvl
[04/07/2009 17:46:08] /addskill Rei Comedinha, lvl
[04/07/2009 17:46:08] /addskill Rei Comedinha, lvl
[04/07/2009 17:46:08] /addskill Rei Comedinha, lvl
[04/07/2009 17:46:08] /addskill Rei Comedinha, lvl
[04/07/2009 17:46:08] /addskill Rei Comedinha, lvl
[04/07/2009 17:46:08] /addskill Rei Comedinha, lvl
[04/07/2009 17:46:08] /addskill Rei Comedinha, lvl
[04/07/2009 17:46:08] /addskill Rei Comedinha, lvl
[04/07/2009 17:46:08] /addskill Rei Comedinha, lvl
[04/07/2009 17:46:08] /addskill Rei Comedinha, lvl
[04/07/2009 17:46:08] /addskill Rei Comedinha, lvl
[04/07/2009 17:46:08] /addskill Rei Comedinha, lvl
[04/07/2009 17:46:09] /addskill Rei Comedinha, lvl
[04/07/2009 17:46:09] /addskill Rei Comedinha, lvl
[04/07/2009 17:46:09] /addskill Rei Comedinha, lvl
[04/07/2009 17:46:09] /addskill Rei Comedinha, lvl
[04/07/2009 17:46:09] /addskill Rei Comedinha, lvl
[04/07/2009 17:46:09] /addskill Rei Comedinha, lvl
[04/07/2009 17:46:09] /addskill Rei Comedinha, lvl
[04/07/2009 17:46:09] /addskill Rei Comedinha, lvl
[04/07/2009 17:46:09] /addskill Rei Comedinha, lvl
[04/07/2009 17:46:09] /addskill Rei Comedinha, lvl
[04/07/2009 17:46:09] /addskill Rei Comedinha, lvl
[04/07/2009 17:46:09] /addskill Rei Comedinha, lvl
[04/07/2009 17:46:09] /addskill Rei Comedinha, lvl
[04/07/2009 17:46:09] /addskill Rei Comedinha, lvl
[04/07/2009 17:46:09] /addskill Rei Comedinha, lvl
[04/07/2009 17:46:09] /addskill Rei Comedinha, lvl
[04/07/2009 17:46:09] /addskill Rei Comedinha, lvl
[04/07/2009 17:46:09] /addskill Rei Comedinha, lvl
[04/07/2009 17:46:09] /addskill Rei Comedinha, lvl
[04/07/2009 17:46:09] /addskill Rei Comedinha, lvl
[04/07/2009 17:46:09] /addskill Rei Comedinha, lvl
[04/07/2009 17:46:09] /addskill Rei Comedinha, lvl
[04/07/2009 17:46:09] /addskill Rei Comedinha, lvl
[04/07/2009 17:46:09] /addskill Rei Comedinha, lvl
[04/07/2009 17:46:09] /addskill Rei Comedinha, lvl
[04/07/2009 17:46:09] /addskill Rei Comedinha, lvl
[04/07/2009 17:46:09] /addskill Rei Comedinha, lvl
[04/07/2009 17:46:09] /addskill Rei Comedinha, lvl
[04/07/2009 17:46:09] /addskill Rei Comedinha, lvl
[04/07/2009 17:46:10] /addskill Rei Comedinha, lvl
[04/07/2009 17:46:10] /addskill Rei Comedinha, lvl
[04/07/2009 17:46:10] /addskill Rei Comedinha, lvl
[04/07/2009 17:46:10] /addskill Rei Comedinha, lvl
[04/07/2009 17:46:10] /addskill Rei Comedinha, lvl
[04/07/2009 17:46:10] /addskill Rei Comedinha, lvl
[04/07/2009 17:46:10] /addskill Rei Comedinha, lvl
[04/07/2009 17:46:10] /addskill Rei Comedinha, lvl
[04/07/2009 17:46:10] /addskill Rei Comedinha, lvl
[04/07/2009 17:46:10] /addskill Rei Comedinha, lvl
[04/07/2009 17:46:10] /addskill Rei Comedinha, lvl
[04/07/2009 17:46:10] /addskill Rei Comedinha, lvl
[04/07/2009 17:46:10] /addskill Rei Comedinha, lvl
[04/07/2009 17:46:10] /addskill Rei Comedinha, lvl
[04/07/2009 17:46:10] /addskill Rei Comedinha, lvl
[04/07/2009 17:46:10] /addskill Rei Comedinha, lvl
[04/07/2009 17:46:10] /addskill Rei Comedinha, lvl
[04/07/2009 17:46:10] /addskill Rei Comedinha, lvl
[04/07/2009 17:46:10] /addskill Rei Comedinha, lvl
[04/07/2009 17:46:10] /addskill Rei Comedinha, lvl
[04/07/2009 17:46:10] /addskill Rei Comedinha, lvl
[04/07/2009 17:46:10] /addskill Rei Comedinha, lvl
[04/07/2009 17:46:10] /addskill Rei Comedinha, lvl
[04/07/2009 17:46:10] /addskill Rei Comedinha, lvl
[04/07/2009 17:46:10] /addskill Rei Comedinha, lvl
[04/07/2009 17:46:10] /addskill Rei Comedinha, lvl
[04/07/2009 17:46:11] /addskill Rei Comedinha, lvl
[04/07/2009 17:46:11] /addskill Rei Comedinha, lvl
[04/07/2009 17:46:11] /addskill Rei Comedinha, lvl
[04/07/2009 17:46:11] /addskill Rei Comedinha, lvl
[04/07/2009 17:46:11] /addskill Rei Comedinha, lvl
[04/07/2009 17:46:11] /addskill Rei Comedinha, lvl
[04/07/2009 17:46:11] /addskill Rei Comedinha, lvl
[04/07/2009 17:46:11] /addskill Rei Comedinha, lvl
[04/07/2009 17:46:11] /addskill Rei Comedinha, lvl
[04/07/2009 17:46:11] /addskill Rei Comedinha, lvl
[04/07/2009 17:46:11] /addskill Rei Comedinha, lvl
[04/07/2009 17:46:11] /addskill Rei Comedinha, lvl
[04/07/2009 17:46:11] /addskill Rei Comedinha, lvl
[04/07/2009 17:46:11] /addskill Rei Comedinha, lvl
[04/07/2009 17:46:11] /addskill Rei Comedinha, lvl
[04/07/2009 17:46:11] /addskill Rei Comedinha, lvl
[04/07/2009 17:46:11] /addskill Rei Comedinha, lvl
[04/07/2009 17:46:11] /addskill Rei Comedinha, lvl
[04/07/2009 17:46:11] /addskill Rei Comedinha, lvl
[04/07/2009 17:46:11] /addskill Rei Comedinha, lvl
[04/07/2009 17:46:11] /addskill Rei Comedinha, lvl
[04/07/2009 17:46:11] /addskill Rei Comedinha, lvl
[04/07/2009 17:46:11] /addskill Rei Comedinha, lvl
[04/07/2009 17:46:11] /addskill Rei Comedinha, lvl
[04/07/2009 17:46:11] /addskill Rei Comedinha, lvl
[04/07/2009 17:46:11] /addskill Rei Comedinha, lvl
[04/07/2009 17:46:11] /addskill Rei Comedinha, lvl
[04/07/2009 17:46:11] /addskill Rei Comedinha, lvl
[04/07/2009 17:46:11] /addskill Rei Comedinha, lvl
[04/07/2009 17:46:12] /addskill Rei Comedinha, lvl
[04/07/2009 17:46:12] /addskill Rei Comedinha, lvl
[04/07/2009 17:46:12] /addskill Rei Comedinha, lvl
[04/07/2009 17:46:12] /addskill Rei Comedinha, lvl
[04/07/2009 17:46:12] /addskill Rei Comedinha, lvl
[04/07/2009 17:46:12] /addskill Rei Comedinha, lvl
[04/07/2009 17:46:12] /addskill Rei Comedinha, lvl
[04/07/2009 17:46:12] /addskill Rei Comedinha, lvl
[04/07/2009 17:46:12] /addskill Rei Comedinha, lvl
[04/07/2009 17:46:12] /addskill Rei Comedinha, lvl
[04/07/2009 17:46:12] /addskill Rei Comedinha, lvl
[04/07/2009 17:46:12] /addskill Rei Comedinha, lvl
[04/07/2009 17:46:12] /addskill Rei Comedinha, lvl
[04/07/2009 17:46:12] /addskill Rei Comedinha, lvl
[04/07/2009 17:46:12] /addskill Rei Comedinha, lvl
[04/07/2009 17:46:12] /addskill Rei Comedinha, lvl
[04/07/2009 17:46:12] /addskill Rei Comedinha, lvl
[04/07/2009 17:46:12] /addskill Rei Comedinha, lvl
[04/07/2009 17:46:12] /addskill Rei Comedinha, lvl
[04/07/2009 17:46:12] /addskill Rei Comedinha, lvl
[04/07/2009 17:46:12] /addskill Rei Comedinha, lvl
[04/07/2009 17:46:12] /addskill Rei Comedinha, lvl
[04/07/2009 17:46:12] /addskill Rei Comedinha, lvl
[04/07/2009 17:46:12] /addskill Rei Comedinha, lvl
[04/07/2009 17:46:12] /addskill Rei Comedinha, lvl
[04/07/2009 17:46:12] /addskill Rei Comedinha, lvl
[04/07/2009 17:46:12] /addskill Rei Comedinha, lvl
[04/07/2009 17:46:12] /addskill Rei Comedinha, lvl
[04/07/2009 17:46:13] /addskill Rei Comedinha, lvl
[04/07/2009 17:46:13] /addskill Rei Comedinha, lvl
[04/07/2009 17:46:13] /addskill Rei Comedinha, lvl
[04/07/2009 17:46:13] /addskill Rei Comedinha, lvl
[04/07/2009 17:46:13] /addskill Rei Comedinha, lvl
[04/07/2009 17:46:13] /addskill Rei Comedinha, lvl
[04/07/2009 17:46:13] /addskill Rei Comedinha, lvl
[04/07/2009 17:46:13] /addskill Rei Comedinha, lvl
[04/07/2009 17:46:13] /addskill Rei Comedinha, lvl
[04/07/2009 17:46:13] /addskill Rei Comedinha, lvl
[04/07/2009 17:46:13] /addskill Rei Comedinha, lvl
[04/07/2009 17:46:13] /addskill Rei Comedinha, lvl
[04/07/2009 17:46:13] /addskill Rei Comedinha, lvl
[04/07/2009 17:46:13] /addskill Rei Comedinha, lvl
[04/07/2009 17:46:13] /addskill Rei Comedinha, lvl
[04/07/2009 17:46:13] /addskill Rei Comedinha, lvl
[04/07/2009 17:46:13] /addskill Rei Comedinha, lvl
[04/07/2009 17:46:13] /addskill Rei Comedinha, lvl
[04/07/2009 17:46:13] /addskill Rei Comedinha, lvl
[04/07/2009 17:46:13] /addskill Rei Comedinha, lvl
[04/07/2009 17:46:13] /addskill Rei Comedinha, lvl
[04/07/2009 17:46:13] /addskill Rei Comedinha, lvl
[04/07/2009 17:46:13] /addskill Rei Comedinha, lvl
[04/07/2009 17:46:13] /addskill Rei Comedinha, lvl
[04/07/2009 17:46:13] /addskill Rei Comedinha, lvl
[04/07/2009 17:46:13] /addskill Rei Comedinha, lvl
[04/07/2009 17:46:13] /addskill Rei Comedinha, lvl
[04/07/2009 17:46:13] /addskill Rei Comedinha, lvl
[04/07/2009 17:46:14] /addskill Rei Comedinha, lvl
[04/07/2009 17:46:14] /addskill Rei Comedinha, lvl
[04/07/2009 17:46:14] /addskill Rei Comedinha, lvl
[04/07/2009 17:46:14] /addskill Rei Comedinha, lvl
[04/07/2009 17:46:14] /addskill Rei Comedinha, lvl
[04/07/2009 17:46:14] /addskill Rei Comedinha, lvl
[04/07/2009 17:46:14] /addskill Rei Comedinha, lvl
[04/07/2009 17:46:14] /addskill Rei Comedinha, lvl
[04/07/2009 17:46:14] /addskill Rei Comedinha, lvl
[04/07/2009 17:46:14] /addskill Rei Comedinha, lvl
[04/07/2009 17:46:14] /addskill Rei Comedinha, lvl
[04/07/2009 17:46:14] /addskill Rei Comedinha, lvl
[04/07/2009 17:46:14] /addskill Rei Comedinha, lvl
[04/07/2009 17:46:14] /addskill Rei Comedinha, lvl
[04/07/2009 17:46:16] /addskill Rei Comedinha, lvl
[04/07/2009 17:46:16] /addskill Rei Comedinha, lvl
[04/07/2009 17:46:16] /addskill Rei Comedinha, lvl
[04/07/2009 17:46:17] /addskill Rei Comedinha, lvl
[04/07/2009 17:46:17] /addskill Rei Comedinha, lvl
[04/07/2009 17:46:17] /addskill Rei Comedinha, lvl
[04/07/2009 17:46:17] /addskill Rei Comedinha, lvl
[04/07/2009 17:46:18] /addskill Rei Comedinha, lvl
[04/07/2009 17:46:18] /addskill Rei Comedinha, lvl
[04/07/2009 17:46:18] /addskill Rei Comedinha, lvl
[04/07/2009 17:46:18] /addskill Rei Comedinha, lvl
[04/07/2009 17:46:22] /addskill Rei Comedinha, lvl
[04/07/2009 17:46:23] /addskill Rei Comedinha, lvl
[04/07/2009 17:46:24] /addskill Rei Comedinha, lvl
[04/07/2009 17:46:24] /addskill Rei Comedinha, lvl
[04/07/2009 17:46:24] /addskill Rei Comedinha, lvl
[04/07/2009 17:46:25] /addskill Rei Comedinha, lvl
[04/07/2009 17:46:27] /addskill Rei Comedinha, lvl
[04/07/2009 17:46:32] /addskill Rei Comedinha, lvl
[04/07/2009 17:46:33] /addskill Rei Comedinha, lvl
[04/07/2009 17:46:34] /addskill Rei Comedinha, lvl
[04/07/2009 17:46:34] /addskill Rei Comedinha, lvl
[04/07/2009 17:46:35] /addskill Rei Comedinha, lvl
[04/07/2009 17:46:38] /addskill Rei Comedinha, lvl
[04/07/2009 17:46:39] /addskill Rei Comedinha, lvl
[04/07/2009 17:46:39] /addskill Rei Comedinha, lvl
[04/07/2009 17:46:39] /addskill Rei Comedinha, lvl
[04/07/2009 17:46:40] /addskill Rei Comedinha, lvl
[04/07/2009 17:46:40] /addskill Rei Comedinha, lvl
[04/07/2009 17:46:40] /addskill Rei Comedinha, lvl
[04/07/2009 17:46:40] /addskill Rei Comedinha, lvl
[04/07/2009 17:46:40] /addskill Rei Comedinha, lvl
[04/07/2009 17:46:40] /addskill Rei Comedinha, lvl
[04/07/2009 17:46:40] /addskill Rei Comedinha, lvl
[04/07/2009 17:46:40] /addskill Rei Comedinha, lvl
[04/07/2009 17:46:40] /addskill Rei Comedinha, lvl
[04/07/2009 17:46:40] /addskill Rei Comedinha, lvl
[04/07/2009 17:46:40] /addskill Rei Comedinha, lvl
[04/07/2009 17:46:40] /addskill Rei Comedinha, lvl
[04/07/2009 17:46:40] /addskill Rei Comedinha, lvl
[04/07/2009 17:46:40] /addskill Rei Comedinha, lvl
[04/07/2009 17:46:40] /addskill Rei Comedinha, lvl
[04/07/2009 17:46:40] /addskill Rei Comedinha, lvl
[04/07/2009 17:46:40] /addskill Rei Comedinha, lvl
[04/07/2009 17:46:40] /addskill Rei Comedinha, lvl
[04/07/2009 17:46:41] /addskill Rei Comedinha, lvl
[04/07/2009 17:46:41] /addskill Rei Comedinha, lvl
[04/07/2009 17:46:41] /addskill Rei Comedinha, lvl
[04/07/2009 17:46:41] /addskill Rei Comedinha, lvl
[04/07/2009 17:46:41] /addskill Rei Comedinha, lvl
[04/07/2009 17:46:41] /addskill Rei Comedinha, lvl
[04/07/2009 17:46:41] /addskill Rei Comedinha, lvl
[04/07/2009 17:46:41] /addskill Rei Comedinha, lvl
[04/07/2009 17:46:41] /addskill Rei Comedinha, lvl
[04/07/2009 17:46:41] /addskill Rei Comedinha, lvl
[04/07/2009 17:46:41] /addskill Rei Comedinha, lvl
[04/07/2009 17:46:41] /addskill Rei Comedinha, lvl
[04/07/2009 17:46:41] /addskill Rei Comedinha, lvl
[04/07/2009 17:46:41] /addskill Rei Comedinha, lvl
[04/07/2009 17:46:41] /addskill Rei Comedinha, lvl
[04/07/2009 17:46:41] /addskill Rei Comedinha, lvl
[04/07/2009 17:46:41] /addskill Rei Comedinha, lvl
[04/07/2009 17:46:41] /addskill Rei Comedinha, lvl
[04/07/2009 17:46:41] /addskill Rei Comedinha, lvl
[04/07/2009 17:46:41] /addskill Rei Comedinha, lvl
[04/07/2009 17:46:41] /addskill Rei Comedinha, lvl
[04/07/2009 17:46:41] /addskill Rei Comedinha, lvl
[04/07/2009 17:46:41] /addskill Rei Comedinha, lvl
[04/07/2009 17:46:41] /addskill Rei Comedinha, lvl
[04/07/2009 17:46:41] /addskill Rei Comedinha, lvl
[04/07/2009 17:46:41] /addskill Rei Comedinha, lvl
[04/07/2009 17:46:41] /addskill Rei Comedinha, lvl
[04/07/2009 17:46:41] /addskill Rei Comedinha, lvl
[04/07/2009 17:46:41] /addskill Rei Comedinha, lvl
[04/07/2009 17:46:42] /addskill Rei Comedinha, lvl
[04/07/2009 17:46:42] /addskill Rei Comedinha, lvl
[04/07/2009 17:46:42] /addskill Rei Comedinha, lvl
[04/07/2009 17:46:42] /addskill Rei Comedinha, lvl
[04/07/2009 17:46:42] /addskill Rei Comedinha, lvl
[04/07/2009 17:46:42] /addskill Rei Comedinha, lvl
[04/07/2009 17:46:42] /addskill Rei Comedinha, lvl
[04/07/2009 17:46:42] /addskill Rei Comedinha, lvl
[04/07/2009 17:46:42] /addskill Rei Comedinha, lvl
[04/07/2009 17:46:42] /addskill Rei Comedinha, lvl
[04/07/2009 17:46:42] /addskill Rei Comedinha, lvl
[04/07/2009 17:46:42] /addskill Rei Comedinha, lvl
[04/07/2009 17:46:42] /addskill Rei Comedinha, lvl
[04/07/2009 17:46:42] /addskill Rei Comedinha, lvl
[04/07/2009 17:46:42] /addskill Rei Comedinha, lvl
[04/07/2009 17:46:42] /addskill Rei Comedinha, lvl
[04/07/2009 17:46:42] /addskill Rei Comedinha, lvl
[04/07/2009 17:46:42] /addskill Rei Comedinha, lvl
[04/07/2009 17:46:42] /addskill Rei Comedinha, lvl
[04/07/2009 17:46:42] /addskill Rei Comedinha, lvl
[04/07/2009 17:46:42] /addskill Rei Comedinha, lvl
[04/07/2009 17:46:42] /addskill Rei Comedinha, lvl
[04/07/2009 17:46:42] /addskill Rei Comedinha, lvl
[04/07/2009 17:46:42] /addskill Rei Comedinha, lvl
[04/07/2009 17:46:42] /addskill Rei Comedinha, lvl
[04/07/2009 17:46:42] /addskill Rei Comedinha, lvl
[04/07/2009 17:46:42] /addskill Rei Comedinha, lvl
[04/07/2009 17:46:43] /addskill Rei Comedinha, lvl
[04/07/2009 17:46:43] /addskill Rei Comedinha, lvl
[04/07/2009 17:46:43] /addskill Rei Comedinha, lvl
[04/07/2009 17:46:43] /addskill Rei Comedinha, lvl
[04/07/2009 17:46:43] /addskill Rei Comedinha, lvl
[04/07/2009 17:46:43] /addskill Rei Comedinha, lvl
[04/07/2009 17:46:43] /addskill Rei Comedinha, lvl
[04/07/2009 17:46:43] /addskill Rei Comedinha, lvl
[04/07/2009 17:46:43] /addskill Rei Comedinha, lvl
[04/07/2009 17:46:43] /addskill Rei Comedinha, lvl
[04/07/2009 17:46:43] /addskill Rei Comedinha, lvl
[04/07/2009 17:46:43] /addskill Rei Comedinha, lvl
[04/07/2009 17:46:43] /addskill Rei Comedinha, lvl
[04/07/2009 17:46:43] /addskill Rei Comedinha, lvl
[04/07/2009 17:46:43] /addskill Rei Comedinha, lvl
[04/07/2009 17:46:43] /addskill Rei Comedinha, lvl
[04/07/2009 17:46:43] /addskill Rei Comedinha, lvl
[04/07/2009 17:46:43] /addskill Rei Comedinha, lvl
[04/07/2009 17:46:43] /addskill Rei Comedinha, lvl
[04/07/2009 17:46:43] /addskill Rei Comedinha, lvl
[04/07/2009 17:46:43] /addskill Rei Comedinha, lvl
[04/07/2009 17:46:43] /addskill Rei Comedinha, lvl
[04/07/2009 17:46:43] /addskill Rei Comedinha, lvl
[04/07/2009 17:46:43] /addskill Rei Comedinha, lvl
[04/07/2009 17:46:43] /addskill Rei Comedinha, lvl
[04/07/2009 17:46:43] /addskill Rei Comedinha, lvl
[04/07/2009 17:46:43] /addskill Rei Comedinha, lvl
[04/07/2009 17:46:43] /addskill Rei Comedinha, lvl
[04/07/2009 17:46:44] /addskill Rei Comedinha, lvl
[04/07/2009 17:46:44] /addskill Rei Comedinha, lvl
[04/07/2009 17:46:44] /addskill Rei Comedinha, lvl
[04/07/2009 17:46:44] /addskill Rei Comedinha, lvl
[04/07/2009 17:46:44] /addskill Rei Comedinha, lvl
[04/07/2009 17:46:44] /addskill Rei Comedinha, lvl
[04/07/2009 17:46:44] /addskill Rei Comedinha, lvl
[04/07/2009 17:46:44] /addskill Rei Comedinha, lvl
[04/07/2009 17:46:44] /addskill Rei Comedinha, lvl
[04/07/2009 17:46:44] /addskill Rei Comedinha, lvl
[04/07/2009 17:46:44] /addskill Rei Comedinha, lvl
[04/07/2009 17:46:44] /addskill Rei Comedinha, lvl
[04/07/2009 17:46:44] /addskill Rei Comedinha, lvl
[04/07/2009 17:46:44] /addskill Rei Comedinha, lvl
[04/07/2009 17:46:44] /addskill Rei Comedinha, lvl
[04/07/2009 17:46:44] /addskill Rei Comedinha, lvl
[04/07/2009 17:46:44] /addskill Rei Comedinha, lvl
[04/07/2009 17:46:44] /addskill Rei Comedinha, lvl
[04/07/2009 17:46:44] /addskill Rei Comedinha, lvl
[04/07/2009 17:46:44] /addskill Rei Comedinha, lvl
[04/07/2009 17:46:44] /addskill Rei Comedinha, lvl
[04/07/2009 17:46:44] /addskill Rei Comedinha, lvl
[04/07/2009 17:46:44] /addskill Rei Comedinha, lvl
[04/07/2009 17:46:44] /addskill Rei Comedinha, lvl
[04/07/2009 17:46:44] /addskill Rei Comedinha, lvl
[04/07/2009 17:46:44] /addskill Rei Comedinha, lvl
[04/07/2009 17:46:44] /addskill Rei Comedinha, lvl
[04/07/2009 17:46:44] /addskill Rei Comedinha, lvl
[04/07/2009 17:46:45] /addskill Rei Comedinha, lvl
[04/07/2009 17:46:45] /addskill Rei Comedinha, lvl
[04/07/2009 17:46:45] /addskill Rei Comedinha, lvl
[04/07/2009 17:46:45] /addskill Rei Comedinha, lvl
[04/07/2009 17:46:45] /addskill Rei Comedinha, lvl
[04/07/2009 17:46:45] /addskill Rei Comedinha, lvl
[04/07/2009 17:46:45] /addskill Rei Comedinha, lvl
[04/07/2009 17:46:45] /addskill Rei Comedinha, lvl
[04/07/2009 17:46:45] /addskill Rei Comedinha, lvl
[04/07/2009 17:46:45] /addskill Rei Comedinha, lvl
[04/07/2009 17:46:45] /addskill Rei Comedinha, lvl
[04/07/2009 17:46:45] /addskill Rei Comedinha, lvl
[04/07/2009 17:46:45] /addskill Rei Comedinha, lvl
[04/07/2009 17:46:45] /addskill Rei Comedinha, lvl
[04/07/2009 17:46:45] /addskill Rei Comedinha, lvl
[04/07/2009 17:46:45] /addskill Rei Comedinha, lvl
[04/07/2009 17:46:45] /addskill Rei Comedinha, lvl
[04/07/2009 17:46:45] /addskill Rei Comedinha, lvl
[04/07/2009 17:46:45] /addskill Rei Comedinha, lvl
[04/07/2009 17:46:45] /addskill Rei Comedinha, lvl
[04/07/2009 17:46:45] /addskill Rei Comedinha, lvl
[04/07/2009 17:46:45] /addskill Rei Comedinha, lvl
[04/07/2009 17:46:45] /addskill Rei Comedinha, lvl
[04/07/2009 17:46:45] /addskill Rei Comedinha, lvl
[04/07/2009 17:46:45] /addskill Rei Comedinha, lvl
[04/07/2009 17:46:45] /addskill Rei Comedinha, lvl
[04/07/2009 17:46:45] /addskill Rei Comedinha, lvl
[04/07/2009 17:46:45] /addskill Rei Comedinha, lvl
[04/07/2009 17:46:45] /addskill Rei Comedinha, lvl
[04/07/2009 17:46:46] /addskill Rei Comedinha, lvl
[04/07/2009 17:46:46] /addskill Rei Comedinha, lvl
[04/07/2009 17:46:46] /addskill Rei Comedinha, lvl
[04/07/2009 17:46:46] /addskill Rei Comedinha, lvl
[04/07/2009 17:46:46] /addskill Rei Comedinha, lvl
[04/07/2009 17:46:46] /addskill Rei Comedinha, lvl
[04/07/2009 17:46:46] /addskill Rei Comedinha, lvl
[04/07/2009 17:46:46] /addskill Rei Comedinha, lvl
[04/07/2009 17:46:46] /addskill Rei Comedinha, lvl
[04/07/2009 17:46:46] /addskill Rei Comedinha, lvl
[04/07/2009 17:46:46] /addskill Rei Comedinha, lvl
[04/07/2009 17:46:46] /addskill Rei Comedinha, lvl
[04/07/2009 17:46:46] /addskill Rei Comedinha, lvl
[04/07/2009 17:46:46] /addskill Rei Comedinha, lvl
[04/07/2009 17:46:46] /addskill Rei Comedinha, lvl
[04/07/2009 17:46:46] /addskill Rei Comedinha, lvl
[04/07/2009 17:46:46] /addskill Rei Comedinha, lvl
[04/07/2009 17:46:46] /addskill Rei Comedinha, lvl
[04/07/2009 17:46:46] /addskill Rei Comedinha, lvl
[04/07/2009 17:46:46] /addskill Rei Comedinha, lvl
[04/07/2009 17:46:46] /addskill Rei Comedinha, lvl
[04/07/2009 17:46:46] /addskill Rei Comedinha, lvl
[04/07/2009 17:46:46] /addskill Rei Comedinha, lvl
[04/07/2009 17:46:46] /addskill Rei Comedinha, lvl
[04/07/2009 17:46:46] /addskill Rei Comedinha, lvl
[04/07/2009 17:46:46] /addskill Rei Comedinha, lvl
[04/07/2009 17:46:47] /addskill Rei Comedinha, lvl
[04/07/2009 17:46:47] /addskill Rei Comedinha, lvl
[04/07/2009 17:46:47] /addskill Rei Comedinha, lvl
[04/07/2009 17:46:47] /addskill Rei Comedinha, lvl
[04/07/2009 17:46:47] /addskill Rei Comedinha, lvl
[04/07/2009 17:46:47] /addskill Rei Comedinha, lvl
[04/07/2009 17:46:47] /addskill Rei Comedinha, lvl
[04/07/2009 17:46:47] /addskill Rei Comedinha, lvl
[04/07/2009 17:46:47] /addskill Rei Comedinha, lvl
[04/07/2009 17:46:47] /addskill Rei Comedinha, lvl
[04/07/2009 17:46:47] /addskill Rei Comedinha, lvl
[04/07/2009 17:46:47] /addskill Rei Comedinha, lvl
[04/07/2009 17:46:47] /addskill Rei Comedinha, lvl
[04/07/2009 17:46:47] /addskill Rei Comedinha, lvl
[04/07/2009 17:46:47] /addskill Rei Comedinha, lvl
[04/07/2009 17:46:47] /addskill Rei Comedinha, lvl
[04/07/2009 17:46:47] /addskill Rei Comedinha, lvl
[04/07/2009 17:46:47] /addskill Rei Comedinha, lvl
[04/07/2009 17:46:47] /addskill Rei Comedinha, lvl
[04/07/2009 17:46:47] /addskill Rei Comedinha, lvl
[04/07/2009 17:46:47] /addskill Rei Comedinha, lvl
[04/07/2009 17:46:47] /addskill Rei Comedinha, lvl
[04/07/2009 17:46:47] /addskill Rei Comedinha, lvl
[04/07/2009 17:46:47] /addskill Rei Comedinha, lvl
[04/07/2009 17:46:47] /addskill Rei Comedinha, lvl
[04/07/2009 17:46:47] /addskill Rei Comedinha, lvl
[04/07/2009 17:46:47] /addskill Rei Comedinha, lvl
[04/07/2009 17:46:47] /addskill Rei Comedinha, lvl
[04/07/2009 17:46:48] /addskill Rei Comedinha, lvl
[04/07/2009 17:46:48] /addskill Rei Comedinha, lvl
[04/07/2009 17:46:48] /addskill Rei Comedinha, lvl
[04/07/2009 17:46:48] /addskill Rei Comedinha, lvl
[04/07/2009 17:46:48] /addskill Rei Comedinha, lvl
[04/07/2009 17:46:48] /addskill Rei Comedinha, lvl
[04/07/2009 17:46:48] /addskill Rei Comedinha, lvl
[04/07/2009 17:46:48] /addskill Rei Comedinha, lvl
[04/07/2009 17:46:48] /addskill Rei Comedinha, lvl
[04/07/2009 17:46:48] /addskill Rei Comedinha, lvl
[04/07/2009 17:46:48] /addskill Rei Comedinha, lvl
[04/07/2009 17:46:48] /addskill Rei Comedinha, lvl
[04/07/2009 17:46:48] /addskill Rei Comedinha, lvl
[04/07/2009 17:46:48] /addskill Rei Comedinha, lvl
[04/07/2009 17:46:48] /addskill Rei Comedinha, lvl
[04/07/2009 17:46:48] /addskill Rei Comedinha, lvl
[04/07/2009 17:46:48] /addskill Rei Comedinha, lvl
[04/07/2009 17:46:48] /addskill Rei Comedinha, lvl
[04/07/2009 17:46:48] /addskill Rei Comedinha, lvl
[04/07/2009 17:46:48] /addskill Rei Comedinha, lvl
[04/07/2009 17:46:48] /addskill Rei Comedinha, lvl
[04/07/2009 17:46:48] /addskill Rei Comedinha, lvl
[04/07/2009 17:46:48] /addskill Rei Comedinha, lvl
[04/07/2009 17:46:48] /addskill Rei Comedinha, lvl
[04/07/2009 17:46:48] /addskill Rei Comedinha, lvl
[04/07/2009 17:46:48] /addskill Rei Comedinha, lvl
[04/07/2009 17:46:48] /addskill Rei Comedinha, lvl
[04/07/2009 17:46:48] /addskill Rei Comedinha, lvl
[04/07/2009 17:46:49] /addskill Rei Comedinha, lvl
[04/07/2009 17:46:49] /addskill Rei Comedinha, lvl
[04/07/2009 17:46:49] /addskill Rei Comedinha, lvl
[04/07/2009 17:46:50] /addskill Rei Comedinha, lvl
[04/07/2009 17:46:50] /addskill Rei Comedinha, lvl
[04/07/2009 17:46:50] /addskill Rei Comedinha, lvl
[04/07/2009 17:46:50] /addskill Rei Comedinha, lvl
[04/07/2009 17:46:51] /addskill Rei Comedinha, lvl
[04/07/2009 17:46:51] /addskill Rei Comedinha, lvl
[04/07/2009 17:46:51] /addskill Rei Comedinha, lvl
[04/07/2009 17:46:51] /addskill Rei Comedinha, lvl
[04/07/2009 17:46:52] /addskill Rei Comedinha, lvl
[04/07/2009 17:46:53] /addskill Rei Comedinha, lvl
[04/07/2009 17:46:53] /addskill Rei Comedinha, lvl
[04/07/2009 17:46:54] /addskill Rei Comedinha, lvl
[04/07/2009 17:46:55] /addskill Rei Comedinha, lvl
[04/07/2009 17:46:55] /addskill Rei Comedinha, lvl
[04/07/2009 17:46:56] /addskill Rei Comedinha, lvl
[04/07/2009 17:46:56] /addskill Rei Comedinha, lvl
[04/07/2009 17:46:56] /addskill Rei Comedinha, lvl
[04/07/2009 17:46:56] /addskill Rei Comedinha, lvl
[04/07/2009 17:46:56] /addskill Rei Comedinha, lvl
[04/07/2009 17:46:56] /addskill Rei Comedinha, lvl
[04/07/2009 17:46:56] /addskill Rei Comedinha, lvl
[04/07/2009 17:46:56] /addskill Rei Comedinha, lvl
[04/07/2009 17:46:56] /addskill Rei Comedinha, lvl
[04/07/2009 17:46:56] /addskill Rei Comedinha, lvl
[04/07/2009 17:46:56] /addskill Rei Comedinha, lvl
[04/07/2009 17:46:56] /addskill Rei Comedinha, lvl
[04/07/2009 17:46:56] /addskill Rei Comedinha, lvl
[04/07/2009 17:46:56] /addskill Rei Comedinha, lvl
[04/07/2009 17:46:56] /addskill Rei Comedinha, lvl
[04/07/2009 17:46:57] /addskill Rei Comedinha, lvl
[04/07/2009 17:46:57] /addskill Rei Comedinha, lvl
[04/07/2009 17:46:57] /addskill Rei Comedinha, lvl
[04/07/2009 17:46:57] /addskill Rei Comedinha, lvl
[04/07/2009 17:46:57] /addskill Rei Comedinha, lvl
[04/07/2009 17:46:57] /addskill Rei Comedinha, lvl
[04/07/2009 17:46:57] /addskill Rei Comedinha, lvl
[04/07/2009 17:46:57] /addskill Rei Comedinha, lvl
[04/07/2009 17:46:57] /addskill Rei Comedinha, lvl
[04/07/2009 17:46:57] /addskill Rei Comedinha, lvl
[04/07/2009 17:46:57] /addskill Rei Comedinha, lvl
[04/07/2009 17:46:57] /addskill Rei Comedinha, lvl
[04/07/2009 17:46:57] /addskill Rei Comedinha, lvl
[04/07/2009 17:46:57] /addskill Rei Comedinha, lvl
[04/07/2009 17:46:57] /addskill Rei Comedinha, lvl
[04/07/2009 17:46:57] /addskill Rei Comedinha, lvl
[04/07/2009 17:46:57] /addskill Rei Comedinha, lvl
[04/07/2009 17:46:57] /addskill Rei Comedinha, lvl
[04/07/2009 17:46:57] /addskill Rei Comedinha, lvl
[04/07/2009 17:46:57] /addskill Rei Comedinha, lvl
[04/07/2009 17:46:57] /addskill Rei Comedinha, lvl
[04/07/2009 17:46:57] /addskill Rei Comedinha, lvl
[04/07/2009 17:46:57] /addskill Rei Comedinha, lvl
[04/07/2009 17:46:57] /addskill Rei Comedinha, lvl
[04/07/2009 17:46:57] /addskill Rei Comedinha, lvl
[04/07/2009 17:46:57] /addskill Rei Comedinha, lvl
[04/07/2009 17:46:57] /addskill Rei Comedinha, lvl
[04/07/2009 17:46:57] /addskill Rei Comedinha, lvl
[04/07/2009 17:46:58] /addskill Rei Comedinha, lvl
[04/07/2009 17:46:58] /addskill Rei Comedinha, lvl
[04/07/2009 17:46:58] /addskill Rei Comedinha, lvl
[04/07/2009 17:46:58] /addskill Rei Comedinha, lvl
[04/07/2009 17:46:58] /addskill Rei Comedinha, lvl
[04/07/2009 17:46:58] /addskill Rei Comedinha, lvl
[04/07/2009 17:46:58] /addskill Rei Comedinha, lvl
[04/07/2009 17:46:58] /addskill Rei Comedinha, lvl
[04/07/2009 17:46:58] /addskill Rei Comedinha, lvl
[04/07/2009 17:46:58] /addskill Rei Comedinha, lvl
[04/07/2009 17:46:58] /addskill Rei Comedinha, lvl
[04/07/2009 17:46:59] /addskill Rei Comedinha, lvl
[04/07/2009 17:46:59] /addskill Rei Comedinha, lvl
[04/07/2009 17:47:00] /addskill Rei Comedinha, lvl
[04/07/2009 17:47:00] /addskill Rei Comedinha, lvl
[04/07/2009 17:47:00] /addskill Rei Comedinha, lvl
[04/07/2009 17:47:00] /addskill Rei Comedinha, lvl
[04/07/2009 17:47:00] /addskill Rei Comedinha, lvl
[04/07/2009 17:47:00] /addskill Rei Comedinha, lvl
[04/07/2009 17:47:00] /addskill Rei Comedinha, lvl
[04/07/2009 17:47:01] /addskill Rei Comedinha, lvl
[04/07/2009 17:47:01] /addskill Rei Comedinha, lvl
[04/07/2009 17:47:01] /addskill Rei Comedinha, lvl
[04/07/2009 17:47:01] /addskill Rei Comedinha, lvl
[04/07/2009 17:47:01] /addskill Rei Comedinha, lvl
[04/07/2009 17:47:02] /addskill Rei Comedinha, lvl
[04/07/2009 17:47:02] /addskill Rei Comedinha, lvl
[04/07/2009 17:47:02] /addskill Rei Comedinha, lvl
[04/07/2009 17:47:02] /addskill Rei Comedinha, lvl
[04/07/2009 17:47:02] /addskill Rei Comedinha, lvl
[04/07/2009 17:47:03] /addskill Rei Comedinha, lvl
[04/07/2009 17:47:03] /addskill Rei Comedinha, lvl
[04/07/2009 17:47:03] /addskill Rei Comedinha, lvl
[04/07/2009 17:47:03] /addskill Rei Comedinha, lvl
[04/07/2009 17:47:04] /addskill Rei Comedinha, lvl
[04/07/2009 17:47:04] /addskill Rei Comedinha, lvl
[04/07/2009 17:47:04] /addskill Rei Comedinha, lvl
[04/07/2009 17:47:04] /addskill Rei Comedinha, lvl
[04/07/2009 17:47:04] /addskill Rei Comedinha, lvl
[04/07/2009 17:47:05] /addskill Rei Comedinha, lvl
[04/07/2009 17:47:05] /addskill Rei Comedinha, lvl
[04/07/2009 17:47:05] /addskill Rei Comedinha, lvl
[04/07/2009 17:47:05] /addskill Rei Comedinha, lvl
[04/07/2009 17:47:05] /addskill Rei Comedinha, lvl
[04/07/2009 17:47:06] /addskill Rei Comedinha, lvl
[04/07/2009 17:47:06] /addskill Rei Comedinha, lvl
[04/07/2009 17:47:06] /addskill Rei Comedinha, lvl
[04/07/2009 17:47:06] /addskill Rei Comedinha, lvl
[04/07/2009 17:47:07] /addskill Rei Comedinha, lvl
[04/07/2009 17:47:07] /addskill Rei Comedinha, lvl
[04/07/2009 17:47:07] /addskill Rei Comedinha, lvl
[04/07/2009 17:47:08] /addskill Rei Comedinha, lvl
[04/07/2009 17:47:09] /addskill Rei Comedinha, lvl
[04/07/2009 17:47:11] /addskill Rei Comedinha, lvl
[04/07/2009 17:47:12] /addskill Rei Comedinha, lvl
[04/07/2009 17:47:19] /addskill Rei Comedinha, lvl
[04/07/2009 17:47:27] /r
[04/07/2009 17:47:29] /r
[04/07/2009 17:47:31] /r
[04/07/2009 17:47:34] /r
[04/07/2009 17:47:36] /r
[04/07/2009 17:47:37] /r
[04/07/2009 17:47:38] /r
[04/07/2009 17:47:39] /r
[04/07/2009 17:47:39] /r
[04/07/2009 17:47:40] /r
[04/07/2009 17:47:41] /r
[04/07/2009 17:47:41] /r
[04/07/2009 17:47:44] /r
[04/07/2009 17:47:45] /r
[04/07/2009 17:47:45] /r
[04/07/2009 17:47:46] /r
[04/07/2009 17:47:47] /r
[04/07/2009 17:47:48] /r
[04/07/2009 17:47:50] /r
[04/07/2009 17:47:50] /r
[04/07/2009 17:47:51] /r
[04/07/2009 17:47:52] /r
[04/07/2009 17:47:54] /r
[04/07/2009 17:47:56] /r
[04/07/2009 17:47:58] /r
[04/07/2009 17:48:01] /clean
[04/07/2009 17:48:17] /r
[04/07/2009 17:57:37] /goto rainha lady queen
[04/07/2009 17:57:40] /r
[04/07/2009 18:04:01] /a 2
[04/07/2009 18:04:02] /a 2
[04/07/2009 18:04:02] /a 2
[04/07/2009 18:04:02] /a 2
[04/07/2009 18:04:04] /up
[04/07/2009 18:04:06] /a 5
[04/07/2009 18:04:10] /c cainho xd
[04/07/2009 18:04:11] /c cainho xd
[04/07/2009 18:04:16] /c kainho xd
[04/07/2009 18:04:45] /t Kainho xd
[04/07/2009 18:09:50] /t
[04/07/2009 18:10:04] /r
[04/07/2009 18:10:54] /clean
[04/07/2009 18:11:25] /t Kainho xd
[04/07/2009 18:11:43] /clean
[04/07/2009 18:12:58] /r
[04/07/2009 18:13:54] /kick Kainho xd
[04/07/2009 18:14:08] /a 50
[04/07/2009 18:14:09] /a 5
[04/07/2009 18:14:10] /a 5
[04/07/2009 18:14:10] /a 5
[04/07/2009 18:15:17] /c GM Andre
[04/07/2009 18:15:21] /c GM Soul Kire
[04/07/2009 18:15:38] /c Princesa Juh
[04/07/2009 18:15:44] /c Rainha Lady Queen
[04/07/2009 18:20:08] /c kainho xd
[04/07/2009 18:22:01] /c kainho xd
[04/07/2009 18:22:02] /c kainho xd
[04/07/2009 18:22:03] /c kainho xd
[04/07/2009 18:22:03] /c kainho xd
[04/07/2009 18:22:04] /c kainho xd
[04/07/2009 18:22:04] /c kainho xd
[04/07/2009 18:22:05] /c kainho xd
[04/07/2009 18:22:05] /c kainho xd
[04/07/2009 18:22:14] /c kainho xd
[04/07/2009 18:22:15] /c kainho xd
[04/07/2009 18:22:16] /c kainho xd
[04/07/2009 18:22:21] /c kainho xd
[04/07/2009 18:22:24] /c kainho xd
[04/07/2009 18:22:25] /a 5
[04/07/2009 18:22:26] /a 5
[04/07/2009 18:22:28] /c kainho xd
[04/07/2009 18:22:29] /a 5
[04/07/2009 18:22:30] /c kainho xd
[04/07/2009 18:22:33] /c kainho xd
[04/07/2009 18:22:35] /c kainho xd
[04/07/2009 18:22:37] /c kainho xd
[04/07/2009 18:22:42] /c kainho xd
[04/07/2009 18:22:43] /c kainho xd
[04/07/2009 18:23:39] /save
[05/07/2009 11:48:07] /t
[05/07/2009 11:48:47] /i 10039
[05/07/2009 11:48:54] /i 10022
[05/07/2009 11:49:03] /i 10023
[05/07/2009 11:49:11] /i 10024
[05/07/2009 11:49:21] /i 10025
[05/07/2009 11:49:29] /i 10026
[05/07/2009 11:49:37] /i 10027
[05/07/2009 11:49:48] /i 10028
[05/07/2009 11:50:00] /i 10029
[05/07/2009 11:50:14] /i 10034
[05/07/2009 11:50:51] /i 20001
[05/07/2009 11:50:54] /i 20001
[05/07/2009 11:50:59] /i 20002
[05/07/2009 11:51:04] /i 20028
[05/07/2009 11:51:09] /i 20027
[05/07/2009 11:57:50] /r
[05/07/2009 12:03:26] /i 10038
[05/07/2009 12:04:09] /i 10039
[05/07/2009 12:04:22] /i 10039
[05/07/2009 12:04:26] /r
[05/07/2009 12:04:37] /i 10040
[05/07/2009 12:04:39] /r
[05/07/2009 12:04:42] /r
[05/07/2009 12:05:59] /i 10033
[05/07/2009 12:06:05] /r
[05/07/2009 12:10:27] /goto fico doido
[05/07/2009 12:10:37] /goto Rainha Lady Queen
[05/07/2009 12:10:39] /i 2160
[05/07/2009 12:10:53] /i 260
[05/07/2009 12:10:56] /i 2160
[05/07/2009 12:11:15] /town 2
[05/07/2009 12:11:39] /town 3
[05/07/2009 12:11:46] /town 4
[05/07/2009 12:11:57] /town 5
[05/07/2009 12:12:12] /town 6
[05/07/2009 12:12:35] /town 7
[05/07/2009 12:12:37] /town 8
[05/07/2009 12:12:38] /town 9
[05/07/2009 12:12:39] /town 8
[05/07/2009 12:12:45] /town 9
[05/07/2009 12:12:47] /town 10
[05/07/2009 12:12:50] /town 11
[05/07/2009 12:13:00] /town 13
[05/07/2009 12:13:01] /town 14
[05/07/2009 12:13:02] /town 15
[05/07/2009 12:13:02] /town 16
[05/07/2009 12:13:03] /town 17
[05/07/2009 12:13:15] /town 1
[05/07/2009 12:13:16] /town 2
[05/07/2009 12:13:17] /town 3
[05/07/2009 12:13:17] /town 4
[05/07/2009 12:13:18] /town 5
[05/07/2009 12:13:19] /town 6
[05/07/2009 12:13:20] /town 7
[05/07/2009 12:13:21] /town 7
[05/07/2009 12:13:24] /town 8
[05/07/2009 12:13:25] /town 9
[05/07/2009 12:13:27] /town 10
[05/07/2009 12:13:27] /town 11
[05/07/2009 12:13:29] /town 12
[05/07/2009 12:13:29] /town 13
[05/07/2009 12:13:30] /town 14
[05/07/2009 12:13:31] /town 15
[05/07/2009 12:13:31] /town 16
[05/07/2009 12:13:32] /town 17
[05/07/2009 12:13:33] /town 18
[05/07/2009 12:13:33] /town 19
[05/07/2009 12:13:35] /town 20
[05/07/2009 12:13:35] /town 21
[05/07/2009 12:13:36] /town 22
[05/07/2009 12:13:37] /town 23
[05/07/2009 12:13:38] /town 24
[05/07/2009 12:13:38] /town 25
[05/07/2009 12:13:39] /town 26
[05/07/2009 12:13:40] /town 27
[05/07/2009 12:13:41] /town 28
[05/07/2009 12:13:41] /town 29
[05/07/2009 12:13:42] /town 30
[05/07/2009 12:13:43] /town 31
[05/07/2009 12:13:45] /town 32
[05/07/2009 12:13:46] /town 33
[05/07/2009 12:13:46] /town 34
[05/07/2009 12:13:47] /town 35
[05/07/2009 12:13:48] /town 36
[05/07/2009 12:13:49] /town 37
[05/07/2009 12:13:49] /town 38
[05/07/2009 12:13:50] /town 39
[05/07/2009 12:13:52] /town 40
[05/07/2009 12:13:53] /town 41
[05/07/2009 12:14:00] /r
[05/07/2009 12:14:53] /t
[05/07/2009 12:27:10] /clean
[05/07/2009 12:27:34] /i 10025
[05/07/2009 12:28:44] /i 10024
[05/07/2009 12:30:13] /c Rainha Lady Queen
[05/07/2009 12:31:21] /a 5
[05/07/2009 12:32:56] /a 2
[05/07/2009 12:33:10] /a 2
[05/07/2009 12:33:17] /a 2
[05/07/2009 12:33:18] /a 2
[05/07/2009 12:33:18] /a 2
[05/07/2009 12:33:19] /a 2
[05/07/2009 12:34:14] /a 5
[05/07/2009 12:34:41] /a 5
[05/07/2009 12:34:43] /a 5
[05/07/2009 12:34:54] /a 5
[05/07/2009 12:34:55] /a 5
[05/07/2009 12:34:55] /a 5
[05/07/2009 12:34:56] /a 5
[05/07/2009 12:34:57] /a 5
[05/07/2009 12:34:57] /a 5
[05/07/2009 12:34:58] /a 5
[05/07/2009 12:34:59] /a 5
[05/07/2009 12:34:59] /a 5
[05/07/2009 12:35:00] /a 5
[05/07/2009 12:35:14] /a 5
[05/07/2009 12:35:31] /t
[05/07/2009 12:37:08] /goto Magnu Druid
[05/07/2009 12:39:36] /i 10029
[05/07/2009 12:39:43] /i 10029
[05/07/2009 12:40:11] /i 10025
[05/07/2009 12:40:24] /i 10025
[05/07/2009 12:40:28] /i 10025
[05/07/2009 12:40:29] /i 10025
[05/07/2009 12:40:32] /i 10025
[05/07/2009 12:43:52] /m medusa
[05/07/2009 12:44:02] /r
[05/07/2009 12:44:34] /r
[05/07/2009 12:44:35] /r
[05/07/2009 12:44:38] /m medusa
[05/07/2009 12:46:17] /r
[05/07/2009 12:46:21] /r
[05/07/2009 12:46:34] /c Master Sazuke
[05/07/2009 12:46:53] /m medusa
[05/07/2009 12:56:11] /r
[05/07/2009 12:56:17] /r
[05/07/2009 12:56:24] /r
[05/07/2009 12:56:28] /r
[05/07/2009 12:56:48] /r
[05/07/2009 12:57:25] /r
[05/07/2009 12:58:43] /r
[05/07/2009 12:58:47] /r
[05/07/2009 12:58:48] /r
[05/07/2009 12:58:50] /r
[05/07/2009 12:58:51] /r
[05/07/2009 13:11:14] /newtype 1
[05/07/2009 13:11:16] /newtype 330
[05/07/2009 13:11:19] /newtype 329
[05/07/2009 13:11:20] /newtype 328
[05/07/2009 13:24:10] /r
[05/07/2009 13:24:45] /r
[05/07/2009 13:25:21] /r
[05/07/2009 13:25:53] /r
[05/07/2009 13:26:26] /up
[05/07/2009 13:26:27] /up
[05/07/2009 13:26:27] /up
[05/07/2009 13:26:28] /up
[05/07/2009 13:26:32] /clean
[05/07/2009 13:28:30] /newtype 333
[05/07/2009 13:29:51] /c gm andre
[05/07/2009 13:30:22] /newtype 332
[05/07/2009 13:30:28] /down
[05/07/2009 13:30:29] /down
[05/07/2009 13:30:29] /down
[05/07/2009 13:30:30] /down
[05/07/2009 13:31:10] /i minotaur leather
[05/07/2009 13:32:34] /i 10000
[05/07/2009 13:32:40] /r
[05/07/2009 13:32:42] /i 10000
[05/07/2009 13:33:04] /r
[05/07/2009 13:33:16] /i 10040
[05/07/2009 13:33:18] /r
[05/07/2009 13:33:21] /i 10041
[05/07/2009 13:33:22] /i 10042
[05/07/2009 13:33:25] /i 10038
[05/07/2009 13:33:27] /i 10037
[05/07/2009 13:33:28] /i 10039
[05/07/2009 13:33:29] /i 10035
[05/07/2009 13:33:30] /i 10034
[05/07/2009 13:33:32] /i 10033
[05/07/2009 13:33:34] /i 10032
[05/07/2009 13:33:35] /i 10031
[05/07/2009 13:33:38] /r
[05/07/2009 13:33:40] /i 10030
[05/07/2009 13:33:42] /r
[05/07/2009 13:33:44] /i 10029
[05/07/2009 13:33:46] /i 10028
[05/07/2009 13:33:47] /i 10027
[05/07/2009 13:33:48] /i 10026
[05/07/2009 13:33:50] /i 10025
[05/07/2009 13:33:50] /i 10024
[05/07/2009 13:33:51] /i 10023
[05/07/2009 13:33:52] /i 10022
[05/07/2009 13:33:53] /i 10021
[05/07/2009 13:33:55] /i 10020
[05/07/2009 13:33:57] /r
[05/07/2009 13:34:00] /i 10020
[05/07/2009 13:34:03] /r
[05/07/2009 13:34:04] /r
[05/07/2009 13:34:09] /i 10021
[05/07/2009 13:34:10] /i 10021
[05/07/2009 13:34:16] /r
[05/07/2009 13:34:17] /r
[05/07/2009 13:34:20] /i 10019
[05/07/2009 13:34:22] /i 10018
[05/07/2009 13:34:24] /i 10017
[05/07/2009 13:34:25] /i 10016
[05/07/2009 13:34:28] /i 10015
[05/07/2009 13:34:31] /r
[05/07/2009 13:34:33] /r
[05/07/2009 13:34:34] /r
[05/07/2009 13:36:05] /r
[05/07/2009 13:36:50] /up
[05/07/2009 13:36:51] /up
[05/07/2009 13:43:11] /down
[05/07/2009 13:43:12] /down
[05/07/2009 13:43:20] /r
[05/07/2009 13:43:23] /r
[05/07/2009 13:43:27] /r
[05/07/2009 13:43:30] /r
[05/07/2009 13:43:55] /clean
[05/07/2009 13:44:23] /m medusa
[05/07/2009 13:45:56] /r
[05/07/2009 13:46:23] /clean
[05/07/2009 13:46:49] /i 1600
[05/07/2009 13:47:20] /c Joker
[05/07/2009 13:47:24] /c Rainha Lady Queen
[05/07/2009 13:47:29] /c Joaozytows
[05/07/2009 13:47:36] /c Noiadinhaa
[05/07/2009 13:47:40] /c Rhyu
[05/07/2009 13:47:44] /c GM Soul Kire
[05/07/2009 13:47:49] /c Cachorro
[05/07/2009 13:47:56] /c Boladinha
[05/07/2009 13:48:00] /c Flix Full
[05/07/2009 13:48:09] /c Andrezin Lpk
[05/07/2009 13:48:13] /c Mage Be
[05/07/2009 13:48:18] /c Pracus Sorc
[05/07/2009 13:48:22] /c Dynamps
[05/07/2009 13:48:26] /c Ronaldo
[05/07/2009 13:48:27] /c Ronaldo
[05/07/2009 13:48:29] /a 2
[05/07/2009 13:48:30] /c Ronaldo
[05/07/2009 13:48:31] /a 2
[05/07/2009 13:48:38] /c Dynamps
[05/07/2009 13:48:40] /c Dynamps
[05/07/2009 13:48:52] /c Naah
[05/07/2009 13:48:56] /c Melado Druid
[05/07/2009 13:49:11] /clean
[05/07/2009 13:49:12] /clean
[05/07/2009 13:49:12] /clean
[05/07/2009 13:49:13] /clean
[05/07/2009 13:49:14] /clean
[05/07/2009 13:49:15] /clean
[05/07/2009 13:49:45] /clean
[05/07/2009 13:50:07] /c cachorro
[05/07/2009 13:50:09] /c cachorro
[05/07/2009 13:50:16] /c cachorro
[05/07/2009 13:50:16] /c cachorro
[05/07/2009 13:50:17] /c cachorro
[05/07/2009 13:51:46] /r
[05/07/2009 13:51:57] /clean
[05/07/2009 13:54:13] /a 2
[05/07/2009 13:54:45] /r
[05/07/2009 13:54:49] /r
[05/07/2009 13:55:12] /r
[05/07/2009 13:55:21] /c Noiadinhaa
[05/07/2009 13:55:26] /c Boladinha
[05/07/2009 13:55:44] /r
[05/07/2009 13:55:46] /r
[05/07/2009 13:55:47] /r
[05/07/2009 13:55:49] /a 5
[05/07/2009 13:56:49] /t
[05/07/2009 13:56:49] /up
[05/07/2009 13:56:50] /up
[05/07/2009 13:56:50] /up
[05/07/2009 13:56:54] /t
[05/07/2009 13:59:49] /clean
[05/07/2009 13:59:51] /r
[05/07/2009 14:00:45] /i 2160
[05/07/2009 14:00:51] /i 2160
[05/07/2009 14:02:52] /i 2160
[05/07/2009 14:02:52] /i 2160
[05/07/2009 14:02:52] /i 2160
[05/07/2009 14:02:53] /i 2160
[05/07/2009 14:02:53] /i 2160
[05/07/2009 14:02:53] /i 2160
[05/07/2009 14:02:53] /i 2160
[05/07/2009 14:02:54] /i 2160
[05/07/2009 14:02:54] /i 2160
[05/07/2009 14:02:54] /i 2160
[05/07/2009 14:02:54] /i 2160
[05/07/2009 14:02:55] /i 2160
[05/07/2009 14:02:55] /i 2160
[05/07/2009 14:02:55] /i 2160
[05/07/2009 14:02:55] /i 2160
[05/07/2009 14:02:55] /i 2160
[05/07/2009 14:02:56] /i 2160
[05/07/2009 14:02:56] /i 2160
[05/07/2009 14:02:56] /i 2160
[05/07/2009 14:02:56] /i 2160
[05/07/2009 14:02:57] /i 2160
[05/07/2009 14:02:57] /i 2160
[05/07/2009 14:02:57] /i 2160
[05/07/2009 14:02:58] /i 2160
[05/07/2009 14:02:58] /i 2160
[05/07/2009 14:02:58] /i 2160
[05/07/2009 14:02:59] /i 2160
[05/07/2009 14:02:59] /i 2160
[05/07/2009 14:02:59] /i 2160
[05/07/2009 14:02:59] /i 2160
[05/07/2009 14:03:00] /i 2160
[05/07/2009 14:03:00] /i 2160
[05/07/2009 14:03:00] /i 2160
[05/07/2009 14:03:01] /i 2160
[05/07/2009 14:03:01] /i 2160
[05/07/2009 14:03:01] /i 2160
[05/07/2009 14:03:01] /i 2160
[05/07/2009 14:03:02] /i 2160
[05/07/2009 14:03:02] /i 2160
[05/07/2009 14:03:02] /i 2160
[05/07/2009 14:03:02] /i 2160
[05/07/2009 14:03:03] /i 2160
[05/07/2009 14:03:03] /i 2160
[05/07/2009 14:03:03] /i 2160
[05/07/2009 14:03:04] /i 2160
[05/07/2009 14:03:04] /i 2160
[05/07/2009 14:03:04] /i 2160
[05/07/2009 14:03:05] /i 2160
[05/07/2009 14:03:05] /i 2160
[05/07/2009 14:03:05] /i 2160
[05/07/2009 14:03:06] /i 2160
[05/07/2009 14:03:06] /i 2160
[05/07/2009 14:03:07] /i 2160
[05/07/2009 14:03:11] /i 2160
[05/07/2009 14:03:13] /r
[05/07/2009 14:03:14] /r
[05/07/2009 14:03:15] /r
[05/07/2009 14:03:17] /clean
[05/07/2009 14:07:17] /i fight spirit
[05/07/2009 14:07:32] /i Fight Spirit
[05/07/2009 14:07:35] /i Fight
[05/07/2009 14:07:56] /i Fighting Spirit
[05/07/2009 14:08:12] /i Fighting Spirit
[05/07/2009 14:09:28] /i 2160
[05/07/2009 14:09:28] /i 2160
[05/07/2009 14:09:29] /i 2160
[05/07/2009 14:09:29] /i 2160
[05/07/2009 14:09:29] /i 2160
[05/07/2009 14:09:29] /i 2160
[05/07/2009 14:09:29] /i 2160
[05/07/2009 14:09:29] /i 2160
[05/07/2009 14:09:29] /i 2160
[05/07/2009 14:09:30] /i 2160
[05/07/2009 14:09:30] /i 2160
[05/07/2009 14:09:30] /i 2160
[05/07/2009 14:09:30] /i 2160
[05/07/2009 14:09:30] /i 2160
[05/07/2009 14:09:30] /i 2160
[05/07/2009 14:09:30] /i 2160
[05/07/2009 14:09:30] /i 2160
[05/07/2009 14:09:30] /i 2160
[05/07/2009 14:09:30] /i 2160
[05/07/2009 14:09:30] /i 2160
[05/07/2009 14:09:31] /i 2160
[05/07/2009 14:09:32] /i 2160
[05/07/2009 14:09:32] /i 2160
[05/07/2009 14:09:32] /i 2160
[05/07/2009 14:09:32] /i 2160
[05/07/2009 14:09:33] /i 2160
[05/07/2009 14:09:33] /i 2160
[05/07/2009 14:09:34] /i 2160
[05/07/2009 14:09:34] /i 2160
[05/07/2009 14:09:34] /i 2160
[05/07/2009 14:09:35] /i 2160
[05/07/2009 14:09:35] /i 2160
[05/07/2009 14:09:36] /i 2160
[05/07/2009 14:09:37] /i 2160
[05/07/2009 14:09:37] /i 2160
[05/07/2009 14:09:37] /i 2160
[05/07/2009 14:09:38] /i 2160
[05/07/2009 14:09:38] /i 2160
[05/07/2009 14:09:39] /i 2160
[05/07/2009 14:09:39] /i 2160
[05/07/2009 14:09:40] /i 2160
[05/07/2009 14:09:40] /i 2160
[05/07/2009 14:09:41] /i 2160
[05/07/2009 14:09:41] /i 2160
[05/07/2009 14:09:41] /i 2160
[05/07/2009 14:09:42] /i 2160
[05/07/2009 14:09:42] /i 2160
[05/07/2009 14:09:43] /i 2160
[05/07/2009 14:09:43] /i 2160
[05/07/2009 14:09:44] /i 2160
[05/07/2009 14:09:44] /i 2160
[05/07/2009 14:09:44] /i 2160
[05/07/2009 14:09:45] /i 2160
[05/07/2009 14:09:45] /i 2160
[05/07/2009 14:09:45] /i 2160
[05/07/2009 14:09:46] /i 2160
[05/07/2009 14:09:47] /i 2160
[05/07/2009 14:09:47] /i 2160
[05/07/2009 14:09:48] /i 2160
[05/07/2009 14:09:53] /r
[05/07/2009 14:09:55] /i 2160
[05/07/2009 14:11:33] /owner Seu Madruga
[05/07/2009 14:12:29] /down
[05/07/2009 14:12:29] /down
[05/07/2009 14:14:18] /goto seu amdruga
[05/07/2009 14:14:22] /goto seu madruga
[05/07/2009 14:14:23] /goto seu madruga
[05/07/2009 14:14:36] /ghost
[05/07/2009 14:14:49] /goto Boladinha
[05/07/2009 14:14:53] /a 2
[05/07/2009 14:14:56] /a 2
[05/07/2009 14:15:43] /a 2
[05/07/2009 14:15:44] /a 2
[05/07/2009 14:16:53] /goto noiadinha
[05/07/2009 14:17:01] /goto Boladinha
[05/07/2009 14:17:53] /a 2
[05/07/2009 14:17:54] /a 2
[05/07/2009 14:19:34] /a 2
[05/07/2009 14:20:00] /a 2
[05/07/2009 14:20:24] /ghost
[05/07/2009 14:20:39] /a 2
[05/07/2009 14:20:41] /a 2
[05/07/2009 14:20:43] /a 2
[05/07/2009 14:21:18] /goto GM Soul Kire
[05/07/2009 14:21:24] /ghost
[05/07/2009 14:22:58] /clean
[05/07/2009 14:24:02] /goto GM Soul Kire
[05/07/2009 14:29:04] /up
[05/07/2009 14:29:08] /r
[05/07/2009 14:29:20] /i 9118
[05/07/2009 14:30:36] /up
[05/07/2009 14:30:37] /up
[05/07/2009 14:30:38] /up
[05/07/2009 14:30:42] /up
[05/07/2009 14:30:45] /i 432
[05/07/2009 14:31:26] /up
[05/07/2009 14:31:33] /goto GM Soul Kire
[05/07/2009 14:32:45] /a 1
[05/07/2009 14:32:55] /c gm sol kire
[05/07/2009 14:33:00] /c gm soul kire
[05/07/2009 14:33:57] /ghost
[05/07/2009 14:34:52] /c GM Andre
[05/07/2009 14:34:54] /c GM Andre
[05/07/2009 14:34:54] /c GM Andre
[05/07/2009 14:35:03] /c GM Andre
[05/07/2009 14:35:14] /c GM Andre
[05/07/2009 14:35:21] /c GM Andre
[05/07/2009 14:35:22] /c GM Andre
[05/07/2009 14:35:23] /c GM Andre
[05/07/2009 14:35:23] /c GM Andre
[05/07/2009 14:35:23] /c GM Andre
[05/07/2009 14:35:23] /c GM Andre
[05/07/2009 14:35:24] /c GM Andre
[05/07/2009 14:35:25] /c GM Andre
[05/07/2009 14:35:25] /c GM Andre
[05/07/2009 14:35:26] /c GM Andre
[05/07/2009 14:35:33] /c GM Andre
[05/07/2009 14:35:34] /c GM Andre
[05/07/2009 14:35:35] /c GM Andre
[05/07/2009 14:36:20] /c princesa juh
[05/07/2009 14:36:42] /i 10023
[05/07/2009 14:36:46] /i 10024
[05/07/2009 14:36:48] /i 10025
[05/07/2009 14:36:52] /i 10022
[05/07/2009 14:46:13] /t Joaozytows
[05/07/2009 14:51:44] /t
[05/07/2009 14:51:50] /clean
[05/07/2009 14:53:05] /i 6132
[05/07/2009 14:53:07] /i 6132
[05/07/2009 14:59:08] /i dragon claw
[05/07/2009 14:59:11] /i dragon claw
[05/07/2009 14:59:21] /i piece of royal steel
[05/07/2009 14:59:22] /i piece of royal steel
[05/07/2009 15:00:07] /i 2640
[05/07/2009 15:01:14] /i 2160
[05/07/2009 15:01:19] /clean
[05/07/2009 15:01:58] /clean
[05/07/2009 15:03:29] /i iron ore
[05/07/2009 15:03:40] /i huge chunk of crude iron
[05/07/2009 15:03:51] /i green piece of cloth
[05/07/2009 15:03:58] /i red piece of cloth
[05/07/2009 15:04:05] /i spool of yarn
[05/07/2009 15:04:26] /i warrior's sweat
[05/07/2009 15:04:36] /i perfect behemoth fang
[05/07/2009 15:04:45] /i lizard leather
[05/07/2009 15:05:29] /goto Noiadinhaa
[05/07/2009 15:05:33] /a 2
[05/07/2009 15:05:46] /goto noiadinhaa
[05/07/2009 15:05:48] /a 2
[05/07/2009 15:05:52] /a 1
[05/07/2009 15:05:54] /r
[05/07/2009 15:06:18] /t
[05/07/2009 15:10:17] /i nose ring
[05/07/2009 15:10:23] /i behemoth claw
[05/07/2009 15:10:31] /i blue piece of cloth
[05/07/2009 15:10:58] /i brown piece of cloth
[05/07/2009 15:11:05] /i yellow piece of cloth
[05/07/2009 15:11:18] /i white piece of cloth
[05/07/2009 15:11:24] /i spool of yarn
[05/07/2009 15:12:38] /i Magic Plate Armor
[05/07/2009 15:13:11] /i Dragon Scale Legs
[05/07/2009 15:13:35] /i Golden Helmet
[05/07/2009 15:14:19] /i Spellbook of Dark Mysteries
[05/07/2009 15:14:48] /i Boots of Haste
[05/07/2009 15:15:14] /i Amulet of Loss
[05/07/2009 15:15:19] /i Amulet of Loss
[05/07/2009 15:15:28] /i Amulet of Life
[05/07/2009 15:15:53] /i Infernal Bolt
[05/07/2009 15:16:09] /i Royal Crossbow
[05/07/2009 15:16:17] /i Arbalest
[05/07/2009 15:16:28] /i Warsinger Bow
[05/07/2009 15:16:37] /i The Ironworker
[05/07/2009 15:16:42] /i The Devileye
[05/07/2009 15:16:59] /i Chain Bolter
[05/07/2009 15:17:17] /i Life Ring
[05/07/2009 15:17:28] /i Death Ring
[05/07/2009 15:17:46] /i Energy Ring
[05/07/2009 15:18:02] /i Great Spirit Potion
[05/07/2009 15:18:05] /i Great Spirit Potion
[05/07/2009 15:18:07] /i Great Spirit Potion
[05/07/2009 15:18:29] /i Bullseye Potion
[05/07/2009 15:18:31] /i Bullseye Potion
[05/07/2009 15:18:34] /i Bullseye Potion
[05/07/2009 15:18:36] /i Bullseye Potion
[05/07/2009 15:18:38] /i Bullseye Potion
[05/07/2009 15:19:02] /i Strong Health Potion
[05/07/2009 15:19:05] /i Strong Health Potion
[05/07/2009 15:19:08] /i Strong Health Potion
[05/07/2009 15:19:37] /i 2160
[05/07/2009 15:19:40] /i 2160
[05/07/2009 15:19:40] /i 2160
[05/07/2009 15:19:40] /i 2160
[05/07/2009 15:19:40] /i 2160
[05/07/2009 15:19:40] /i 2160
[05/07/2009 15:19:40] /i 2160
[05/07/2009 15:19:40] /i 2160
[05/07/2009 15:19:40] /i 2160
[05/07/2009 15:19:40] /i 2160
[05/07/2009 15:19:40] /i 2160
[05/07/2009 15:19:40] /i 2160
[05/07/2009 15:19:40] /i 2160
[05/07/2009 15:19:41] /i 2160
[05/07/2009 15:19:41] /i 2160
[05/07/2009 15:19:42] /i 2160
[05/07/2009 15:19:42] /i 2160
[05/07/2009 15:19:42] /i 2160
[05/07/2009 15:19:42] /i 2160
[05/07/2009 15:19:42] /i 2160
[05/07/2009 15:19:42] /i 2160
[05/07/2009 15:19:42] /i 2160
[05/07/2009 15:19:42] /i 2160
[05/07/2009 15:19:42] /i 2160
[05/07/2009 15:19:42] /i 2160
[05/07/2009 15:19:42] /i 2160
[05/07/2009 15:19:42] /i 2160
[05/07/2009 15:19:42] /i 2160
[05/07/2009 15:19:42] /i 2160
[05/07/2009 15:19:42] /i 2160
[05/07/2009 15:19:42] /i 2160
[05/07/2009 15:19:42] /i 2160
[05/07/2009 15:19:42] /i 2160
[05/07/2009 15:19:42] /i 2160
[05/07/2009 15:19:42] /i 2160
[05/07/2009 15:19:42] /i 2160
[05/07/2009 15:19:42] /i 2160
[05/07/2009 15:19:44] /i 2160
[05/07/2009 15:19:44] /i 2160
[05/07/2009 15:19:44] /i 2160
[05/07/2009 15:19:45] /i 2160
[05/07/2009 15:19:46] /i 2160
[05/07/2009 15:19:47] /i 2160
[05/07/2009 15:19:47] /i 2160
[05/07/2009 15:19:54] /i 2160
[05/07/2009 15:19:55] /i 2160
[05/07/2009 15:19:55] /i 2160
[05/07/2009 15:19:55] /i 2160
[05/07/2009 15:19:55] /i 2160
[05/07/2009 15:19:56] /i 2160
[05/07/2009 15:19:56] /i 2160
[05/07/2009 15:19:57] /i 2160
[05/07/2009 15:19:58] /i 2160
[05/07/2009 15:19:58] /i 2160
[05/07/2009 15:19:59] /i 2160
[05/07/2009 15:19:59] /i 2160
[05/07/2009 15:20:00] /i 2160
[05/07/2009 15:20:01] /i 2160
[05/07/2009 15:20:01] /i 2160
[05/07/2009 15:20:02] /i 2160
[05/07/2009 15:20:02] /i 2160
[05/07/2009 15:20:03] /i 2160
[05/07/2009 15:20:03] /i 2160
[05/07/2009 15:20:04] /i 2160
[05/07/2009 15:20:04] /i 2160
[05/07/2009 15:20:05] /i 2160
[05/07/2009 15:20:05] /i 2160
[05/07/2009 15:20:05] /i 2160
[05/07/2009 15:20:06] /i 2160
[05/07/2009 15:20:06] /i 2160
[05/07/2009 15:20:06] /i 2160
[05/07/2009 15:20:07] /i 2160
[05/07/2009 15:20:07] /i 2160
[05/07/2009 15:20:08] /i 2160
[05/07/2009 15:20:08] /i 2160
[05/07/2009 15:20:09] /i 2160
[05/07/2009 15:20:12] /i 2160
[05/07/2009 15:20:18] /i 2160
[05/07/2009 15:20:21] /i 2160
[05/07/2009 15:20:21] /i 2160
[05/07/2009 15:20:23] /i 2160
[05/07/2009 15:20:31] /i 2160
[05/07/2009 15:20:37] /i 2160
[05/07/2009 15:20:38] /i 2160
[05/07/2009 15:20:38] /i 2160
[05/07/2009 15:20:39] /i 2160
[05/07/2009 15:20:45] /i 2160
[05/07/2009 15:20:45] /i 2160
[05/07/2009 15:20:46] /i 2160
[05/07/2009 15:20:46] /i 2160
[05/07/2009 15:20:47] /i 2160
[05/07/2009 15:20:47] /i 2160
[05/07/2009 15:20:53] /i 2160
[05/07/2009 15:20:53] /i 2160
[05/07/2009 15:20:54] /i 2160
[05/07/2009 15:20:54] /i 2160
[05/07/2009 15:20:55] /i 2160
[05/07/2009 15:20:58] /i 2160
[05/07/2009 15:20:59] /i 2160
[05/07/2009 15:21:00] /i 2160
[05/07/2009 15:21:00] /i 2160
[05/07/2009 15:21:01] /i 2160
[05/07/2009 15:21:01] /i 2160
[05/07/2009 15:21:02] /i 2160
[05/07/2009 15:21:02] /i 2160
[05/07/2009 15:21:03] /i 2160
[05/07/2009 15:21:03] /i 2160
[05/07/2009 15:21:04] /i 2160
[05/07/2009 15:21:04] /i 2160
[05/07/2009 15:21:04] /i 2160
[05/07/2009 15:21:05] /i 2160
[05/07/2009 15:21:06] /i 2160
[05/07/2009 15:21:06] /i 2160
[05/07/2009 15:21:06] /i 2160
[05/07/2009 15:21:07] /i 2160
[05/07/2009 15:21:07] /i 2160
[05/07/2009 15:21:07] /i 2160
[05/07/2009 15:21:08] /i 2160
[05/07/2009 15:21:08] /i 2160
[05/07/2009 15:21:09] /i 2160
[05/07/2009 15:21:09] /i 2160
[05/07/2009 15:21:09] /i 2160
[05/07/2009 15:21:10] /i 2160
[05/07/2009 15:21:10] /i 2160
[05/07/2009 15:21:10] /i 2160
[05/07/2009 15:21:39] /i 7443
[05/07/2009 15:22:22] /i demon helmet
[05/07/2009 15:22:28] /i demon legs
[05/07/2009 15:22:32] /i demon legs
[05/07/2009 15:22:37] /r
[05/07/2009 15:22:43] /i demon armor
[05/07/2009 15:22:49] /i 10025
[05/07/2009 15:23:18] /i Firewalker Boots
[05/07/2009 15:24:14] /i Amulet of Life
[05/07/2009 15:24:33] /i Bronze Necklace
[05/07/2009 15:24:39] /i Bronze Necklace
[05/07/2009 15:24:51] /i Lightning Pendant
[05/07/2009 15:25:00] /r
[05/07/2009 15:25:02] /i Magma Amulet
[05/07/2009 15:25:07] /r
[05/07/2009 15:25:17] /i Sapphire Amulet
[05/07/2009 15:25:23] /i Terra Amulet
[05/07/2009 15:25:27] /r
[05/07/2009 15:25:42] /i Amulet of Loss
[05/07/2009 15:25:57] /i 2160
[05/07/2009 15:26:06] /i 6529
[05/07/2009 15:26:31] /i minotaur leather
[05/07/2009 15:26:45] /i bat wing
[05/07/2009 15:26:52] /i red piece of cloth
[05/07/2009 15:26:56] /i ape fur,
[05/07/2009 15:27:02] /i holy orchid
[05/07/2009 15:27:07] /i giant spider silk
[05/07/2009 15:27:16] /i lizard scale
[05/07/2009 15:27:21] /i red dragon scale
[05/07/2009 15:27:26] /i fire sword
[05/07/2009 15:27:27] /i fire sword
[05/07/2009 15:27:27] /i fire sword
[05/07/2009 15:27:31] /i vampire dust
[05/07/2009 15:31:48] /i ape fur
[05/07/2009 15:34:28] /clean
[05/07/2009 15:34:31] /r
[05/07/2009 15:34:33] /r
[05/07/2009 15:34:35] /r
[05/07/2009 15:34:36] /r
[05/07/2009 15:34:38] /r
[05/07/2009 15:35:09] /i demon dust
[05/07/2009 15:35:18] /i demonic essence
[05/07/2009 15:35:19] /i demonic essence
[05/07/2009 15:35:24] /i talon
[05/07/2009 15:36:17] /i demon dust
[05/07/2009 15:36:18] /i demon dust
[05/07/2009 15:36:18] /i demon dust
[05/07/2009 15:36:19] /i demon dust
[05/07/2009 15:36:19] /i demon dust
[05/07/2009 15:36:20] /i demon dust
[05/07/2009 15:36:20] /i demon dust
[05/07/2009 15:36:21] /i demon dust
[05/07/2009 15:36:21] /i demon dust
[05/07/2009 15:36:22] /i demon dust
[05/07/2009 15:36:23] /i demon dust
[05/07/2009 15:36:23] /i demon dust
[05/07/2009 15:36:24] /i demon dust
[05/07/2009 15:36:24] /i demon dust
[05/07/2009 15:36:25] /i demon dust
[05/07/2009 15:36:26] /i demon dust
[05/07/2009 15:36:26] /i demon dust
[05/07/2009 15:36:27] /i demon dust
[05/07/2009 15:36:27] /i demon dust
[05/07/2009 15:36:28] /i demon dust
[05/07/2009 15:36:28] /i demon dust
[05/07/2009 15:36:29] /i demon dust
[05/07/2009 15:36:29] /i demon dust
[05/07/2009 15:36:30] /i demon dust
[05/07/2009 15:36:31] /i demon dust
[05/07/2009 15:36:33] /r
[05/07/2009 15:36:33] /r
[05/07/2009 15:36:34] /r
[05/07/2009 15:36:34] /r
[05/07/2009 15:36:34] /r
[05/07/2009 15:36:34] /r
[05/07/2009 15:36:36] /r
[05/07/2009 15:36:36] /r
[05/07/2009 15:36:36] /r
[05/07/2009 15:36:37] /r
[05/07/2009 15:36:37] /r
[05/07/2009 15:36:37] /r
[05/07/2009 15:36:37] /r
[05/07/2009 15:36:38] /r
[05/07/2009 15:36:38] /r
[05/07/2009 15:36:38] /r
[05/07/2009 15:36:38] /r
[05/07/2009 15:36:39] /r
[05/07/2009 15:36:39] /r
[05/07/2009 15:36:39] /r
[05/07/2009 15:36:40] /r
[05/07/2009 15:36:40] /r
[05/07/2009 15:36:40] /r
[05/07/2009 15:36:40] /r
[05/07/2009 15:36:41] /r
[05/07/2009 15:36:43] /r
[05/07/2009 15:36:45] /r
[05/07/2009 15:38:29] /i 5906
[05/07/2009 15:38:34] /r
[05/07/2009 15:38:36] /i 2160
[05/07/2009 15:39:00] /i vampire dust
[05/07/2009 15:39:09] /i demon horn
[05/07/2009 15:39:21] /i demonic essence
[05/07/2009 15:39:30] /i demon horn
[05/07/2009 15:39:46] /i talon
[05/07/2009 15:40:04] /r
[05/07/2009 15:40:07] /i demon horn
[05/07/2009 15:40:58] /clean
[05/07/2009 16:35:28] /ghost
[05/07/2009 16:35:38] /goto GM Soul Kire
[05/07/2009 16:35:55] /bc evento de que?
[05/07/2009 16:36:54] /bc ond ele ta soul?
[05/07/2009 16:37:23] /bc ond ele ta soul?
[05/07/2009 16:37:32] /a 2
[05/07/2009 16:38:39] /goto gm soul fire
[05/07/2009 16:38:56] /goto gm soul fire
[05/07/2009 16:39:20] /goto GM Soul Kire
[05/07/2009 16:39:48] /down
[05/07/2009 16:39:50] /a 2
[05/07/2009 16:39:53] /c Seu Madruga
[05/07/2009 16:39:55] /a 2
[05/07/2009 16:39:56] /up
[05/07/2009 16:40:11] /c Seu Madruga
[05/07/2009 16:40:28] /i demon helmt
[05/07/2009 16:40:32] /i demon helmet
[05/07/2009 16:40:58] /i demon helmet
[05/07/2009 16:41:13] /i demon helmet
[05/07/2009 16:41:23] /i demon helmet
[05/07/2009 16:41:37] /i demon helmet
[05/07/2009 16:42:13] /i demon helmet
[05/07/2009 16:42:43] /i demon helmet
[05/07/2009 16:42:50] /i demon helmet
[05/07/2009 16:42:59] /i demon helmet
[05/07/2009 16:43:09] /i demon helmet
[05/07/2009 16:43:37] /i demon helmet
[05/07/2009 16:44:10] /i demon helmet
[05/07/2009 16:44:19] /i demon helmet
[05/07/2009 16:44:25] /i demon helmet
[05/07/2009 16:44:30] /i demon helmet
[05/07/2009 16:44:37] /i demon helmet
[05/07/2009 16:44:42] /i demon helmet
[05/07/2009 16:44:46] /i demon helmet
[05/07/2009 16:44:58] /i demon helmet
[05/07/2009 16:44:58] /i demon helmet
[05/07/2009 16:44:59] /i demon helmet
[05/07/2009 16:44:59] /i demon helmet
[05/07/2009 16:44:59] /i demon helmet
[05/07/2009 16:44:59] /i demon helmet
[05/07/2009 16:44:59] /i demon helmet
[05/07/2009 16:45:00] /i demon helmet
[05/07/2009 16:45:00] /i demon helmet
[05/07/2009 16:45:00] /i demon helmet
[05/07/2009 16:45:00] /i demon helmet
[05/07/2009 16:45:00] /i demon helmet
[05/07/2009 16:45:01] /i demon helmet
[05/07/2009 16:45:01] /i demon helmet
[05/07/2009 16:45:01] /i demon helmet
[05/07/2009 16:45:01] /i demon helmet
[05/07/2009 16:45:01] /i demon helmet
[05/07/2009 16:45:02] /i demon helmet
[05/07/2009 16:45:02] /i demon helmet
[05/07/2009 16:45:02] /i demon helmet
[05/07/2009 16:45:02] /i demon helmet
[05/07/2009 16:45:02] /i demon helmet
[05/07/2009 16:45:02] /i demon helmet
[05/07/2009 16:45:03] /i demon helmet
[05/07/2009 16:45:03] /i demon helmet
[05/07/2009 16:45:03] /i demon helmet
[05/07/2009 16:45:03] /i demon helmet
[05/07/2009 16:45:04] /i demon helmet
[05/07/2009 16:45:04] /i demon helmet
[05/07/2009 16:45:04] /i demon helmet
[05/07/2009 16:45:04] /i demon helmet
[05/07/2009 16:45:04] /i demon helmet
[05/07/2009 16:45:05] /i demon helmet
[05/07/2009 16:45:05] /i demon helmet
[05/07/2009 16:45:05] /i demon helmet
[05/07/2009 16:45:05] /i demon helmet
[05/07/2009 16:45:05] /i demon helmet
[05/07/2009 16:45:06] /i demon helmet
[05/07/2009 16:45:06] /i demon helmet
[05/07/2009 16:45:06] /i demon helmet
[05/07/2009 16:45:06] /i demon helmet
[05/07/2009 16:45:06] /i demon helmet
[05/07/2009 16:45:07] /i demon helmet
[05/07/2009 16:45:07] /i demon helmet
[05/07/2009 16:45:07] /i demon helmet
[05/07/2009 16:45:07] /i demon helmet
[05/07/2009 16:45:07] /i demon helmet
[05/07/2009 16:45:08] /i demon helmet
[05/07/2009 16:45:08] /i demon helmet
[05/07/2009 16:45:08] /i demon helmet
[05/07/2009 16:45:08] /i demon helmet
[05/07/2009 16:45:08] /i demon helmet
[05/07/2009 16:45:09] /i demon helmet
[05/07/2009 16:45:09] /i demon helmet
[05/07/2009 16:45:09] /i demon helmet
[05/07/2009 16:45:09] /i demon helmet
[05/07/2009 16:45:09] /i demon helmet
[05/07/2009 16:45:10] /i demon helmet
[05/07/2009 16:45:10] /i demon helmet
[05/07/2009 16:45:10] /i demon helmet
[05/07/2009 16:45:10] /i demon helmet
[05/07/2009 16:45:10] /i demon helmet
[05/07/2009 16:45:11] /i demon helmet
[05/07/2009 16:45:11] /i demon helmet
[05/07/2009 16:45:11] /i demon helmet
[05/07/2009 16:45:11] /i demon helmet
[05/07/2009 16:45:11] /i demon helmet
[05/07/2009 16:45:12] /i demon helmet
[05/07/2009 16:45:12] /i demon helmet
[05/07/2009 16:45:12] /i demon helmet
[05/07/2009 16:45:12] /i demon helmet
[05/07/2009 16:45:13] /i demon helmet
[05/07/2009 16:45:13] /i demon helmet
[05/07/2009 16:45:13] /i demon helmet
[05/07/2009 16:45:13] /i demon helmet
[05/07/2009 16:45:13] /i demon helmet
[05/07/2009 16:45:14] /i demon helmet
[05/07/2009 16:45:14] /i demon helmet
[05/07/2009 16:45:14] /i demon helmet
[05/07/2009 16:45:14] /i demon helmet
[05/07/2009 16:45:15] /i demon helmet
[05/07/2009 16:45:15] /i demon helmet
[05/07/2009 16:45:15] /i demon helmet
[05/07/2009 16:45:15] /i demon helmet
[05/07/2009 16:45:15] /i demon helmet
[05/07/2009 16:45:16] /i demon helmet
[05/07/2009 16:45:16] /i demon helmet
[05/07/2009 16:45:16] /i demon helmet
[05/07/2009 16:45:16] /i demon helmet
[05/07/2009 16:45:17] /i demon helmet
[05/07/2009 16:45:17] /i demon helmet
[05/07/2009 16:45:17] /i demon helmet
[05/07/2009 16:45:17] /i demon helmet
[05/07/2009 16:45:17] /i demon helmet
[05/07/2009 16:45:18] /i demon helmet
[05/07/2009 16:45:18] /i demon helmet
[05/07/2009 16:45:18] /i demon helmet
[05/07/2009 16:45:18] /i demon helmet
[05/07/2009 16:45:19] /i demon helmet
[05/07/2009 16:45:19] /i demon helmet
[05/07/2009 16:45:19] /i demon helmet
[05/07/2009 16:45:19] /i demon helmet
[05/07/2009 16:45:19] /i demon helmet
[05/07/2009 16:45:20] /i demon helmet
[05/07/2009 16:45:20] /i demon helmet
[05/07/2009 16:45:20] /i demon helmet
[05/07/2009 16:45:20] /i demon helmet
[05/07/2009 16:45:21] /i demon helmet
[05/07/2009 16:45:21] /i demon helmet
[05/07/2009 16:45:21] /i demon helmet
[05/07/2009 16:45:21] /i demon helmet
[05/07/2009 16:45:22] /i demon helmet
[05/07/2009 16:45:22] /i demon helmet
[05/07/2009 16:45:22] /i demon helmet
[05/07/2009 16:45:22] /i demon helmet
[05/07/2009 16:45:23] /i demon helmet
[05/07/2009 16:45:23] /i demon helmet
[05/07/2009 16:45:32] /i demon helmet
[05/07/2009 16:45:36] /i 2160
[05/07/2009 16:45:36] /i 2160
[05/07/2009 16:45:36] /i 2160
[05/07/2009 16:45:37] /i 2160
[05/07/2009 16:45:37] /i 2160
[05/07/2009 16:45:37] /i 2160
[05/07/2009 16:45:38] /i 2160
[05/07/2009 16:45:38] /i 2160
[05/07/2009 16:45:38] /i 2160
[05/07/2009 16:45:38] /i 2160
[05/07/2009 16:45:38] /i 2160
[05/07/2009 16:45:38] /i 2160
[05/07/2009 16:45:39] /i 2160
[05/07/2009 16:45:39] /i 2160
[05/07/2009 16:45:39] /i 2160
[05/07/2009 16:45:39] /i 2160
[05/07/2009 16:45:40] /i 2160
[05/07/2009 16:45:40] /i 2160
[05/07/2009 16:45:40] /i 2160
[05/07/2009 16:45:40] /i 2160
[05/07/2009 16:45:40] /i 2160
[05/07/2009 16:45:41] /i 2160
[05/07/2009 16:45:41] /i 2160
[05/07/2009 16:45:41] /i 2160
[05/07/2009 16:45:41] /i 2160
[05/07/2009 16:45:41] /i 2160
[05/07/2009 16:45:42] /i 2160
[05/07/2009 16:45:42] /i 2160
[05/07/2009 16:45:42] /i 2160
[05/07/2009 16:45:42] /i 2160
[05/07/2009 16:45:42] /i 2160
[05/07/2009 16:45:43] /i 2160
[05/07/2009 16:45:43] /i 2160
[05/07/2009 16:45:43] /i 2160
[05/07/2009 16:45:43] /i 2160
[05/07/2009 16:45:44] /i 2160
[05/07/2009 16:45:44] /i 2160
[05/07/2009 16:45:44] /i 2160
[05/07/2009 16:45:44] /i 2160
[05/07/2009 16:45:44] /i 2160
[05/07/2009 16:45:45] /i 2160
[05/07/2009 16:45:45] /i 2160
[05/07/2009 16:45:45] /i 2160
[05/07/2009 16:45:45] /i 2160
[05/07/2009 16:45:46] /i 2160
[05/07/2009 16:45:46] /i 2160
[05/07/2009 16:45:46] /i 2160
[05/07/2009 16:45:46] /i 2160
[05/07/2009 16:45:46] /i 2160
[05/07/2009 16:45:47] /i 2160
[05/07/2009 16:45:47] /i 2160
[05/07/2009 16:45:47] /i 2160
[05/07/2009 16:45:47] /i 2160
[05/07/2009 16:45:48] /i 2160
[05/07/2009 16:45:48] /i 2160
[05/07/2009 16:45:48] /i 2160
[05/07/2009 16:45:48] /i 2160
[05/07/2009 16:45:48] /i 2160
[05/07/2009 16:45:49] /i 2160
[05/07/2009 16:45:49] /i 2160
[05/07/2009 16:45:49] /i 2160
[05/07/2009 16:45:49] /i 2160
[05/07/2009 16:45:49] /i 2160
[05/07/2009 16:45:50] /i 2160
[05/07/2009 16:45:50] /i 2160
[05/07/2009 16:45:50] /i 2160
[05/07/2009 16:45:50] /i 2160
[05/07/2009 16:45:51] /i 2160
[05/07/2009 16:45:51] /i 2160
[05/07/2009 16:45:51] /i 2160
[05/07/2009 16:45:51] /i 2160
[05/07/2009 16:45:51] /i 2160
[05/07/2009 16:45:52] /i 2160
[05/07/2009 16:45:52] /i 2160
[05/07/2009 16:45:52] /i 2160
[05/07/2009 16:45:52] /i 2160
[05/07/2009 16:45:53] /i 2160
[05/07/2009 16:45:53] /i 2160
[05/07/2009 16:45:53] /i 2160
[05/07/2009 16:45:53] /i 2160
[05/07/2009 16:45:54] /i 2160
[05/07/2009 16:45:54] /i 2160
[05/07/2009 16:45:54] /i 2160
[05/07/2009 16:45:54] /i 2160
[05/07/2009 16:45:55] /i 2160
[05/07/2009 16:45:55] /i 2160
[05/07/2009 16:45:55] /i 2160
[05/07/2009 16:45:55] /i 2160
[05/07/2009 16:45:55] /i 2160
[05/07/2009 16:45:56] /i 2160
[05/07/2009 16:45:56] /i 2160
[05/07/2009 16:45:56] /i 2160
[05/07/2009 16:45:56] /i 2160
[05/07/2009 16:45:57] /i 2160
[05/07/2009 16:45:57] /i 2160
[05/07/2009 16:45:57] /i 2160
[05/07/2009 16:45:57] /i 2160
[05/07/2009 16:45:57] /i 2160
[05/07/2009 16:45:58] /i 2160
[05/07/2009 16:46:02] /c seu madruga
[05/07/2009 16:46:32] /clean
[05/07/2009 16:46:45] /ghost
[05/07/2009 16:47:45] /goto princesa juhh
[05/07/2009 16:47:46] /goto princesa juh
[05/07/2009 16:47:47] /goto princesa juh
[05/07/2009 16:47:48] /goto princesa juh
[05/07/2009 16:47:48] /goto princesa juh
[05/07/2009 16:47:49] /goto princesa juh
[05/07/2009 16:47:49] /goto princesa juh
[05/07/2009 16:47:50] /goto princesa juh
[05/07/2009 16:47:51] /goto princesa juh
[05/07/2009 16:47:51] /goto princesa juh
[05/07/2009 16:47:52] /goto princesa juh
[05/07/2009 16:47:53] /goto princesa juh
[05/07/2009 16:47:53] /goto princesa juh
[05/07/2009 16:48:37] /goto Magezinhah
[05/07/2009 16:49:06] /i Small Amethyst
[05/07/2009 16:49:10] /r
[05/07/2009 16:49:12] /r
[05/07/2009 16:49:33] /r
[05/07/2009 16:49:57] /goto Magezinhah
[06/07/2009 13:29:39] /goto Lord Xisdee
[06/07/2009 13:29:45] /a 2
[06/07/2009 13:29:48] /m medusa
[06/07/2009 13:29:48] /m medusa
[06/07/2009 13:29:49] /m medusa
[06/07/2009 13:29:49] /m medusa
[06/07/2009 13:29:50] /m medusa
[06/07/2009 13:29:50] /m medusa
[06/07/2009 13:29:53] /r
[06/07/2009 13:29:54] /r
[06/07/2009 13:29:56] /r
[06/07/2009 13:29:56] /r
[06/07/2009 13:29:58] /r
[06/07/2009 13:29:58] /r
[06/07/2009 13:30:04] /r
[06/07/2009 13:30:21] /c Lord Xisdee
[06/07/2009 13:30:22] /c Lord Xisdee
[06/07/2009 13:32:20] /m medusa
[06/07/2009 13:32:21] /m medusa
[06/07/2009 13:32:21] /m medusa
[06/07/2009 13:32:22] /m medusa
[06/07/2009 13:32:25] /r
[06/07/2009 13:32:26] /r
[06/07/2009 13:32:28] /r
[06/07/2009 13:32:28] /r
[06/07/2009 13:32:41] /c Lord Xisdee
[06/07/2009 13:32:46] /t Lord Xisdee
[06/07/2009 13:46:52] /goto Mc Jack
[06/07/2009 13:46:57] /i demon helmet
[06/07/2009 13:46:58] /i demon helmet
[06/07/2009 13:47:00] /r
[06/07/2009 13:47:02] /i 2160
[06/07/2009 13:47:40] /i 2173
[06/07/2009 13:47:42] /i 2173
[06/07/2009 13:47:50] /i 8851
[06/07/2009 13:47:58] /i 2471
[06/07/2009 13:48:06] /i 2472
[06/07/2009 13:48:12] /i 2469
[06/07/2009 13:48:21] /i 9933
[06/07/2009 13:48:29] /i 6529
[06/07/2009 13:48:36] /i 10025
[06/07/2009 13:48:57] /t Noiadinhaa
[06/07/2009 13:59:45] /down
[06/07/2009 13:59:45] /down
[06/07/2009 13:59:46] /a 5
[06/07/2009 13:59:47] /a 5
[06/07/2009 13:59:47] /a 5
[06/07/2009 13:59:48] /a 5
[06/07/2009 14:00:42] /down
[06/07/2009 14:08:21] /c Mc Jack
[06/07/2009 14:08:23] /c Mc Jack
[06/07/2009 14:10:03] /a 5
[06/07/2009 14:10:04] /a 5
[06/07/2009 14:10:04] /a 5
[06/07/2009 14:10:04] /a 5
[06/07/2009 14:10:04] /a 5
[06/07/2009 14:10:05] /a 5
[06/07/2009 14:10:05] /a 5
[06/07/2009 14:10:05] /a 5
[06/07/2009 14:10:05] /a 5
[06/07/2009 14:10:06] /a 5
[06/07/2009 14:10:06] /a 5
[06/07/2009 14:10:06] /a 5
[06/07/2009 14:10:06] /a 5
[06/07/2009 14:10:07] /a 5
[06/07/2009 14:10:07] /a 5
[06/07/2009 14:10:07] /a 5
[06/07/2009 14:10:07] /a 5
[06/07/2009 14:10:08] /a 5
[06/07/2009 14:10:08] /a 5
[06/07/2009 14:10:08] /a 5
[06/07/2009 14:10:08] /a 5
[06/07/2009 14:10:09] /a 5
[06/07/2009 14:10:09] /a 5
[06/07/2009 14:10:09] /a 5
[06/07/2009 14:10:09] /a 5
[06/07/2009 14:10:10] /a 5
[06/07/2009 14:10:10] /a 5
[06/07/2009 14:10:10] /a 5
[06/07/2009 14:10:10] /a 5
[06/07/2009 14:10:11] /a 5
[06/07/2009 14:10:11] /a 5
[06/07/2009 14:10:12] /a 5
[06/07/2009 14:10:12] /a 5
[06/07/2009 14:10:13] /a 5
[06/07/2009 14:10:13] /a 5
[06/07/2009 14:10:20] /c Elite Skazy
[06/07/2009 14:10:33] /c Noiadinhaa
[06/07/2009 14:10:34] /c Noiadinhaa
[06/07/2009 14:10:43] /c Mc Jack
[06/07/2009 14:10:44] /c Mc Jack
[06/07/2009 14:10:46] /c Mc Jack
[06/07/2009 14:10:46] /c Mc Jack
[06/07/2009 14:10:47] /c Mc Jack
[06/07/2009 14:10:48] /c Mc Jack
[06/07/2009 14:10:48] /c Mc Jack
[06/07/2009 14:10:53] /c Mc Jack
[06/07/2009 14:10:53] /c Mc Jack
[06/07/2009 14:10:53] /c Mc Jack
[06/07/2009 14:21:28] /c Mc Jack
[06/07/2009 14:21:28] /c Mc Jack
[06/07/2009 14:21:48] /t Mc Jack
[06/07/2009 14:22:38] /c Noiadinhaa
[06/07/2009 14:22:41] /i 2160
[06/07/2009 14:22:46] /t Noiadinhaa
[06/07/2009 14:22:56] /t
[06/07/2009 14:23:02] /goto Mc Jack
[06/07/2009 14:23:04] /a 13
[06/07/2009 14:23:09] /a 13
[06/07/2009 14:23:11] /a 1
[06/07/2009 14:23:17] /a 2
[06/07/2009 14:23:33] /town 1
[06/07/2009 14:23:34] /town 2
[06/07/2009 14:23:37] /town 3
[06/07/2009 14:23:39] /town 4
[06/07/2009 14:23:40] /town 4
[06/07/2009 14:23:50] /kick Noiadinhaa
[06/07/2009 14:23:56] /c Noiadinhaa
[06/07/2009 14:25:31] /town 2
[06/07/2009 14:25:33] /c Noiadinhaa
[06/07/2009 14:25:41] /town 3
[06/07/2009 14:26:37] /a 2
[06/07/2009 14:27:26] /owner Mc Jack
[06/07/2009 14:29:05] /m Addoner
[06/07/2009 14:29:07] /c Addoner
[06/07/2009 14:29:08] /c Addoner
[06/07/2009 14:29:09] /c Addoner
[06/07/2009 14:29:23] /c adonner
[06/07/2009 14:29:26] /c Addoner
[06/07/2009 14:29:29] /goto Addoner
[06/07/2009 14:29:36] /c Noiadinhaa
[06/07/2009 14:32:09] /i eye patch
[06/07/2009 14:32:17] /i peg leg
[06/07/2009 14:32:29] /i hook por first pirate
[06/07/2009 14:32:35] /i hook por first
[06/07/2009 14:32:47] /i hook
[06/07/2009 14:32:59] /i ron the ripper's sabre
[06/07/2009 14:33:05] /i deadeye devious' eye patch
[06/07/2009 14:33:12] /i lethal lissy's shirt
[06/07/2009 14:33:19] /i brutus bloodbeard's hat
[06/07/2009 14:39:01] /clean
[06/07/2009 14:39:04] /ghost
[06/07/2009 14:39:10] /goto principe leonardo
[06/07/2009 14:39:19] /goto principe leonardo
[06/07/2009 14:39:20] /goto principe leonardo
[06/07/2009 14:39:21] /goto principe leonardo
[06/07/2009 14:39:21] /goto principe leonardo
[06/07/2009 14:39:22] /goto principe leonardo
[06/07/2009 14:39:22] /goto principe leonardo
[06/07/2009 14:39:23] /goto principe leonardo
[06/07/2009 14:39:24] /goto principe leonardo
[06/07/2009 14:39:25] /goto principe leonardo
[06/07/2009 14:39:28] /goto principe leonardo
[06/07/2009 14:39:39] /goto principe leonardo
[06/07/2009 14:42:58] /goto Principe Leonardo
[06/07/2009 14:42:59] /goto Principe Leonardo
[06/07/2009 14:43:00] /goto Principe Leonardo
[06/07/2009 14:43:00] /goto Principe Leonardo
[06/07/2009 14:43:15] /goto Principe Leonardo
[06/07/2009 14:48:58] /i infernal bots
[06/07/2009 14:48:59] /i infernal bot
[06/07/2009 14:50:20] /r
[06/07/2009 14:55:43] /i 2160
[06/07/2009 14:55:44] /i 2160
[06/07/2009 14:55:45] /i 2160
[06/07/2009 14:56:13] /i 10025
[06/07/2009 14:56:16] /i 2160
[06/07/2009 14:56:20] /i 2160
[06/07/2009 14:56:23] /i 2160
[06/07/2009 14:56:23] /i 2160
[06/07/2009 14:56:23] /i 2160
[06/07/2009 14:56:24] /i 2160
[06/07/2009 14:56:24] /i 2160
[06/07/2009 14:56:25] /i 2160
[06/07/2009 14:56:26] /i 2160
[06/07/2009 14:56:26] /i 2160
[06/07/2009 14:56:26] /i 2160
[06/07/2009 14:56:27] /i 2160
[06/07/2009 14:56:28] /i 2160
[06/07/2009 14:56:32] /i 2160
[06/07/2009 14:56:33] /i 2160
[06/07/2009 14:56:33] /i 2160
[06/07/2009 14:56:33] /i 2160
[06/07/2009 14:56:34] /i 2160
[06/07/2009 14:56:34] /i 2160
[06/07/2009 14:56:35] /i 2160
[06/07/2009 14:57:20] /i 10025
[06/07/2009 14:57:23] /i 2160
[06/07/2009 14:57:24] /i 2160
[06/07/2009 14:57:24] /i 2160
[06/07/2009 14:57:24] /i 2160
[06/07/2009 14:57:25] /i 2160
[06/07/2009 14:57:25] /i 2160
[06/07/2009 14:57:29] /i 2160
[06/07/2009 14:57:30] /i 2160
[06/07/2009 14:57:30] /i 2160
[06/07/2009 14:57:30] /i 2160
[06/07/2009 14:57:32] /i 2160
[06/07/2009 14:57:32] /i 2160
[06/07/2009 14:57:33] /i 2160
[06/07/2009 14:57:34] /i 2160
[06/07/2009 14:57:34] /i 2160
[06/07/2009 14:57:34] /i 2160
[06/07/2009 14:57:35] /i 2160
[06/07/2009 14:57:35] /i 2160
[06/07/2009 14:57:36] /i 2160
[06/07/2009 14:57:36] /i 2160
[06/07/2009 14:57:47] /i 10025
[06/07/2009 14:57:53] /i 2160
[06/07/2009 14:57:53] /i 2160
[06/07/2009 14:57:53] /i 2160
[06/07/2009 14:57:53] /i 2160
[06/07/2009 14:57:54] /i 2160
[06/07/2009 14:57:54] /i 2160
[06/07/2009 14:57:54] /i 2160
[06/07/2009 14:57:55] /i 2160
[06/07/2009 14:57:55] /i 2160
[06/07/2009 14:57:57] /i 2160
[06/07/2009 14:57:58] /i 10025
[06/07/2009 14:57:58] /i 10025
[06/07/2009 14:57:58] /i 10025
[06/07/2009 14:57:59] /i 10025
[06/07/2009 14:57:59] /i 10025
[06/07/2009 14:58:01] /i 2160
[06/07/2009 14:58:01] /i 2160
[06/07/2009 14:58:02] /i 2160
[06/07/2009 14:58:02] /i 2160
[06/07/2009 14:58:02] /i 2160
[06/07/2009 14:58:09] /i 2160
[06/07/2009 14:58:09] /i 2160
[06/07/2009 14:58:09] /i 2160
[06/07/2009 14:58:10] /i 2160
[06/07/2009 14:58:10] /i 2160
[06/07/2009 14:58:10] /i 2160
[06/07/2009 14:58:10] /i 2160
[06/07/2009 14:58:11] /i 2160
[06/07/2009 14:58:12] /i 2160
[06/07/2009 14:58:12] /i 2160
[06/07/2009 14:58:21] /i 2160
[06/07/2009 14:58:22] /i 2160
[06/07/2009 14:58:22] /i 2160
[06/07/2009 14:58:22] /i 2160
[06/07/2009 14:58:22] /i 2160
[06/07/2009 14:58:22] /i 2160
[06/07/2009 14:58:22] /i 2160
[06/07/2009 14:58:22] /i 2160
[06/07/2009 14:58:22] /i 2160
[06/07/2009 14:58:22] /i 2160
[06/07/2009 14:58:22] /i 2160
[06/07/2009 14:58:22] /i 2160
[06/07/2009 14:58:22] /i 2160
[06/07/2009 14:58:22] /i 2160
[06/07/2009 14:58:22] /i 2160
[06/07/2009 14:58:22] /i 2160
[06/07/2009 14:58:22] /i 2160
[06/07/2009 14:58:22] /i 2160
[06/07/2009 14:58:22] /i 2160
[06/07/2009 14:58:22] /i 2160
[06/07/2009 14:58:22] /i 2160
[06/07/2009 14:58:23] /i 2160
[06/07/2009 14:58:23] /i 2160
[06/07/2009 14:58:23] /i 2160
[06/07/2009 14:58:23] /i 2160
[06/07/2009 14:58:23] /i 2160
[06/07/2009 14:58:23] /i 2160
[06/07/2009 14:58:23] /i 2160
[06/07/2009 14:58:23] /i 2160
[06/07/2009 14:58:23] /i 2160
[06/07/2009 14:58:23] /i 2160
[06/07/2009 14:58:23] /i 2160
[06/07/2009 14:58:23] /i 2160
[06/07/2009 14:58:23] /i 2160
[06/07/2009 14:58:23] /i 2160
[06/07/2009 14:58:23] /i 2160
[06/07/2009 14:58:23] /i 2160
[06/07/2009 14:58:23] /i 2160
[06/07/2009 14:58:23] /i 2160
[06/07/2009 14:58:23] /i 2160
[06/07/2009 14:58:23] /i 2160
[06/07/2009 14:58:23] /i 2160
[06/07/2009 14:58:23] /i 2160
[06/07/2009 14:58:23] /i 2160
[06/07/2009 14:58:23] /i 2160
[06/07/2009 14:58:23] /i 2160
[06/07/2009 14:58:23] /i 2160
[06/07/2009 14:58:23] /i 2160
[06/07/2009 14:58:23] /i 2160
[06/07/2009 14:58:24] /i 2160
[06/07/2009 14:58:24] /i 2160
[06/07/2009 14:58:24] /i 2160
[06/07/2009 14:58:24] /i 2160
[06/07/2009 14:58:24] /i 2160
[06/07/2009 14:58:24] /i 2160
[06/07/2009 14:58:24] /i 2160
[06/07/2009 14:58:24] /i 2160
[06/07/2009 14:58:24] /i 2160
[06/07/2009 14:58:24] /i 2160
[06/07/2009 14:58:24] /i 2160
[06/07/2009 14:58:24] /i 2160
[06/07/2009 14:58:24] /i 2160
[06/07/2009 14:58:24] /i 2160
[06/07/2009 14:58:24] /i 2160
[06/07/2009 14:58:24] /i 2160
[06/07/2009 14:58:24] /i 2160
[06/07/2009 14:58:24] /i 2160
[06/07/2009 14:58:24] /i 2160
[06/07/2009 14:58:24] /i 2160
[06/07/2009 14:58:24] /i 2160
[06/07/2009 14:58:24] /i 2160
[06/07/2009 14:58:24] /i 2160
[06/07/2009 14:58:24] /i 2160
[06/07/2009 14:58:24] /i 2160
[06/07/2009 14:58:24] /i 2160
[06/07/2009 14:58:24] /i 2160
[06/07/2009 14:58:24] /i 2160
[06/07/2009 14:58:25] /i 2160
[06/07/2009 14:58:25] /i 2160
[06/07/2009 14:58:25] /i 2160
[06/07/2009 14:58:25] /i 2160
[06/07/2009 14:58:29] /i 2160
[06/07/2009 14:58:29] /i 2160
[06/07/2009 14:58:29] /i 2160
[06/07/2009 14:58:30] /i 2160
[06/07/2009 14:58:30] /i 2160
[06/07/2009 14:58:30] /i 2160
[06/07/2009 14:58:30] /i 2160
[06/07/2009 14:58:30] /i 2160
[06/07/2009 14:58:31] /i 2160
[06/07/2009 14:59:25] /clean
[06/07/2009 14:59:43] /i 10025
[06/07/2009 14:59:59] /i 10025
[06/07/2009 14:59:59] /i 10025
[06/07/2009 14:59:59] /i 10025
[06/07/2009 14:59:59] /i 10025
[06/07/2009 14:59:59] /i 10025
[06/07/2009 14:59:59] /i 10025
[06/07/2009 14:59:59] /i 10025
[06/07/2009 14:59:59] /i 10025
[06/07/2009 15:00:00] /i 10025
[06/07/2009 15:00:00] /i 10025
[06/07/2009 15:00:00] /i 10025
[06/07/2009 15:00:00] /i 10025
[06/07/2009 15:00:00] /i 10025
[06/07/2009 15:00:01] /i 10025
[06/07/2009 15:00:01] /i 10025
[06/07/2009 15:00:01] /i 10025
[06/07/2009 15:00:02] /i 10025
[06/07/2009 15:00:02] /i 10025
[06/07/2009 15:00:02] /i 10025
[06/07/2009 15:00:02] /i 10025
[06/07/2009 15:00:06] /i 2160
[06/07/2009 15:00:09] /i 2160
[06/07/2009 15:00:09] /i 2160
[06/07/2009 15:00:09] /i 2160
[06/07/2009 15:00:09] /i 2160
[06/07/2009 15:00:09] /i 2160
[06/07/2009 15:00:09] /i 2160
[06/07/2009 15:00:09] /i 2160
[06/07/2009 15:00:09] /i 2160
[06/07/2009 15:00:09] /i 2160
[06/07/2009 15:00:10] /i 2160
[06/07/2009 15:00:10] /i 2160
[06/07/2009 15:00:10] /i 2160
[06/07/2009 15:00:10] /i 2160
[06/07/2009 15:00:10] /i 2160
[06/07/2009 15:00:10] /i 2160
[06/07/2009 15:00:10] /i 2160
[06/07/2009 15:00:10] /i 2160
[06/07/2009 15:00:10] /i 2160
[06/07/2009 15:00:10] /i 2160
[06/07/2009 15:00:10] /i 2160
[06/07/2009 15:00:10] /i 2160
[06/07/2009 15:00:10] /i 2160
[06/07/2009 15:00:10] /i 2160
[06/07/2009 15:00:10] /i 2160
[06/07/2009 15:00:10] /i 2160
[06/07/2009 15:00:10] /i 2160
[06/07/2009 15:00:10] /i 2160
[06/07/2009 15:00:10] /i 2160
[06/07/2009 15:00:10] /i 2160
[06/07/2009 15:00:10] /i 2160
[06/07/2009 15:00:10] /i 2160
[06/07/2009 15:00:10] /i 2160
[06/07/2009 15:00:10] /i 2160
[06/07/2009 15:00:10] /i 2160
[06/07/2009 15:00:10] /i 2160
[06/07/2009 15:00:10] /i 2160
[06/07/2009 15:00:10] /i 2160
[06/07/2009 15:00:11] /i 2160
[06/07/2009 15:00:11] /i 2160
[06/07/2009 15:00:11] /i 2160
[06/07/2009 15:00:11] /i 2160
[06/07/2009 15:00:11] /i 2160
[06/07/2009 15:00:11] /i 2160
[06/07/2009 15:00:11] /i 2160
[06/07/2009 15:00:11] /i 2160
[06/07/2009 15:00:11] /i 2160
[06/07/2009 15:00:11] /i 2160
[06/07/2009 15:00:11] /i 2160
[06/07/2009 15:00:12] /i 2160
[06/07/2009 15:00:12] /i 2160
[06/07/2009 15:00:12] /i 2160
[06/07/2009 15:00:12] /i 2160
[06/07/2009 15:00:12] /i 2160
[06/07/2009 15:00:12] /i 2160
[06/07/2009 15:00:12] /i 2160
[06/07/2009 15:00:12] /i 2160
[06/07/2009 15:00:12] /i 2160
[06/07/2009 15:00:12] /i 2160
[06/07/2009 15:00:13] /i 2160
[06/07/2009 15:00:13] /i 2160
[06/07/2009 15:00:13] /i 2160
[06/07/2009 15:00:13] /i 2160
[06/07/2009 15:00:13] /i 2160
[06/07/2009 15:00:13] /i 2160
[06/07/2009 15:00:13] /i 2160
[06/07/2009 15:00:13] /i 2160
[06/07/2009 15:00:13] /i 2160
[06/07/2009 15:00:13] /i 2160
[06/07/2009 15:00:13] /i 2160
[06/07/2009 15:00:13] /i 2160
[06/07/2009 15:00:13] /i 2160
[06/07/2009 15:00:13] /i 2160
[06/07/2009 15:00:13] /i 2160
[06/07/2009 15:00:13] /i 2160
[06/07/2009 15:00:13] /i 2160
[06/07/2009 15:00:13] /i 2160
[06/07/2009 15:00:13] /i 2160
[06/07/2009 15:00:14] /i 2160
[06/07/2009 15:00:14] /i 2160
[06/07/2009 15:00:14] /i 2160
[06/07/2009 15:00:14] /i 2160
[06/07/2009 15:00:14] /i 2160
[06/07/2009 15:00:14] /i 2160
[06/07/2009 15:00:14] /i 2160
[06/07/2009 15:00:14] /i 2160
[06/07/2009 15:00:14] /i 2160
[06/07/2009 15:00:14] /i 2160
[06/07/2009 15:00:14] /i 2160
[06/07/2009 15:00:14] /i 2160
[06/07/2009 15:00:14] /i 2160
[06/07/2009 15:00:14] /i 2160
[06/07/2009 15:00:14] /i 2160
[06/07/2009 15:00:14] /i 2160
[06/07/2009 15:00:14] /i 2160
[06/07/2009 15:00:14] /i 2160
[06/07/2009 15:00:14] /i 2160
[06/07/2009 15:00:14] /i 2160
[06/07/2009 15:00:14] /i 2160
[06/07/2009 15:00:14] /i 2160
[06/07/2009 15:00:14] /i 2160
[06/07/2009 15:00:14] /i 2160
[06/07/2009 15:00:14] /i 2160
[06/07/2009 15:00:14] /i 2160
[06/07/2009 15:00:14] /i 2160
[06/07/2009 15:00:14] /i 2160
[06/07/2009 15:00:15] /i 2160
[06/07/2009 15:00:15] /i 2160
[06/07/2009 15:00:15] /i 2160
[06/07/2009 15:00:15] /i 2160
[06/07/2009 15:00:15] /i 2160
[06/07/2009 15:00:15] /i 2160
[06/07/2009 15:00:15] /i 2160
[06/07/2009 15:00:15] /i 2160
[06/07/2009 15:00:15] /i 2160
[06/07/2009 15:00:15] /i 2160
[06/07/2009 15:00:15] /i 2160
[06/07/2009 15:00:15] /i 2160
[06/07/2009 15:00:15] /i 2160
[06/07/2009 15:00:15] /i 2160
[06/07/2009 15:00:16] /i 2160
[06/07/2009 15:00:17] /i 2160
[06/07/2009 15:00:17] /i 2160
[06/07/2009 15:00:17] /i 2160
[06/07/2009 15:00:17] /i 2160
[06/07/2009 15:00:17] /i 2160
[06/07/2009 15:00:17] /i 2160
[06/07/2009 15:00:17] /i 2160
[06/07/2009 15:00:17] /i 2160
[06/07/2009 15:00:17] /i 2160
[06/07/2009 15:00:17] /i 2160
[06/07/2009 15:00:17] /i 2160
[06/07/2009 15:00:17] /i 2160
[06/07/2009 15:00:17] /i 2160
[06/07/2009 15:00:17] /i 2160
[06/07/2009 15:00:17] /i 2160
[06/07/2009 15:00:18] /i 2160
[06/07/2009 15:00:18] /i 2160
[06/07/2009 15:00:18] /i 2160
[06/07/2009 15:00:18] /i 2160
[06/07/2009 15:00:18] /i 2160
[06/07/2009 15:00:18] /i 2160
[06/07/2009 15:00:18] /i 2160
[06/07/2009 15:00:18] /i 2160
[06/07/2009 15:00:18] /i 2160
[06/07/2009 15:00:18] /i 2160
[06/07/2009 15:00:18] /i 2160
[06/07/2009 15:00:18] /i 2160
[06/07/2009 15:00:18] /i 2160
[06/07/2009 15:00:18] /i 2160
[06/07/2009 15:00:18] /i 2160
[06/07/2009 15:00:18] /i 2160
[06/07/2009 15:00:18] /i 2160
[06/07/2009 15:00:18] /i 2160
[06/07/2009 15:00:18] /i 2160
[06/07/2009 15:00:18] /i 2160
[06/07/2009 15:00:18] /i 2160
[06/07/2009 15:00:18] /i 2160
[06/07/2009 15:00:18] /i 2160
[06/07/2009 15:00:18] /i 2160
[06/07/2009 15:00:18] /i 2160
[06/07/2009 15:00:18] /i 2160
[06/07/2009 15:00:18] /i 2160
[06/07/2009 15:00:18] /i 2160
[06/07/2009 15:00:19] /i 2160
[06/07/2009 15:00:20] /i 2160
[06/07/2009 15:00:20] /i 2160
[06/07/2009 15:00:20] /i 2160
[06/07/2009 15:00:20] /i 2160
[06/07/2009 15:00:20] /i 2160
[06/07/2009 15:00:20] /i 2160
[06/07/2009 15:00:20] /i 2160
[06/07/2009 15:00:20] /i 2160
[06/07/2009 15:00:20] /i 2160
[06/07/2009 15:00:20] /i 2160
[06/07/2009 15:00:20] /i 2160
[06/07/2009 15:00:20] /i 2160
[06/07/2009 15:00:20] /i 2160
[06/07/2009 15:00:20] /i 2160
[06/07/2009 15:00:20] /i 2160
[06/07/2009 15:00:20] /i 2160
[06/07/2009 15:00:20] /i 2160
[06/07/2009 15:00:20] /i 2160
[06/07/2009 15:00:20] /i 2160
[06/07/2009 15:00:20] /i 2160
[06/07/2009 15:00:20] /i 2160
[06/07/2009 15:00:21] /i 2160
[06/07/2009 15:00:21] /i 2160
[06/07/2009 15:00:21] /i 2160
[06/07/2009 15:00:21] /i 2160
[06/07/2009 15:00:21] /i 2160
[06/07/2009 15:00:21] /i 2160
[06/07/2009 15:00:21] /i 2160
[06/07/2009 15:00:21] /i 2160
[06/07/2009 15:00:21] /i 2160
[06/07/2009 15:00:21] /i 2160
[06/07/2009 15:00:21] /i 2160
[06/07/2009 15:00:21] /i 2160
[06/07/2009 15:00:21] /i 2160
[06/07/2009 15:00:21] /i 2160
[06/07/2009 15:00:21] /i 2160
[06/07/2009 15:00:21] /i 2160
[06/07/2009 15:00:21] /i 2160
[06/07/2009 15:00:21] /i 2160
[06/07/2009 15:00:21] /i 2160
[06/07/2009 15:00:21] /i 2160
[06/07/2009 15:00:21] /i 2160
[06/07/2009 15:00:21] /i 2160
[06/07/2009 15:00:21] /i 2160
[06/07/2009 15:00:21] /i 2160
[06/07/2009 15:00:21] /i 2160
[06/07/2009 15:00:21] /i 2160
[06/07/2009 15:00:21] /i 2160
[06/07/2009 15:00:21] /i 2160
[06/07/2009 15:00:22] /i 2160
[06/07/2009 15:00:22] /i 2160
[06/07/2009 15:00:22] /i 2160
[06/07/2009 15:00:22] /i 2160
[06/07/2009 15:00:22] /i 2160
[06/07/2009 15:00:22] /i 2160
[06/07/2009 15:00:22] /i 2160
[06/07/2009 15:00:22] /i 2160
[06/07/2009 15:00:22] /i 2160
[06/07/2009 15:00:22] /i 2160
[06/07/2009 15:00:22] /i 2160
[06/07/2009 15:00:22] /i 2160
[06/07/2009 15:00:22] /i 2160
[06/07/2009 15:00:22] /i 2160
[06/07/2009 15:00:22] /i 2160
[06/07/2009 15:00:22] /i 2160
[06/07/2009 15:00:22] /i 2160
[06/07/2009 15:00:22] /i 2160
[06/07/2009 15:00:22] /i 2160
[06/07/2009 15:00:22] /i 2160
[06/07/2009 15:00:22] /i 2160
[06/07/2009 15:00:22] /i 2160
[06/07/2009 15:00:22] /i 2160
[06/07/2009 15:00:22] /i 2160
[06/07/2009 15:00:22] /i 2160
[06/07/2009 15:00:22] /i 2160
[06/07/2009 15:00:22] /i 2160
[06/07/2009 15:00:22] /i 2160
[06/07/2009 15:00:22] /i 2160
[06/07/2009 15:00:23] /i 2160
[06/07/2009 15:00:23] /i 2160
[06/07/2009 15:00:23] /i 2160
[06/07/2009 15:00:23] /i 2160
[06/07/2009 15:00:23] /i 2160
[06/07/2009 15:00:23] /i 2160
[06/07/2009 15:00:23] /i 2160
[06/07/2009 15:00:23] /i 2160
[06/07/2009 15:00:23] /i 2160
[06/07/2009 15:00:23] /i 2160
[06/07/2009 15:00:23] /i 2160
[06/07/2009 15:00:23] /i 2160
[06/07/2009 15:00:23] /i 2160
[06/07/2009 15:00:23] /i 2160
[06/07/2009 15:00:24] /i 2160
[06/07/2009 15:00:24] /i 2160
[06/07/2009 15:00:24] /i 2160
[06/07/2009 15:00:24] /i 2160
[06/07/2009 15:00:24] /i 2160
[06/07/2009 15:00:24] /i 2160
[06/07/2009 15:00:25] /i 2160
[06/07/2009 15:00:25] /i 2160
[06/07/2009 15:00:25] /i 2160
[06/07/2009 15:00:25] /i 2160
[06/07/2009 15:00:25] /i 2160
[06/07/2009 15:00:25] /i 2160
[06/07/2009 15:00:25] /i 2160
[06/07/2009 15:00:25] /i 2160
[06/07/2009 15:00:25] /i 2160
[06/07/2009 15:00:25] /i 2160
[06/07/2009 15:00:25] /i 2160
[06/07/2009 15:00:25] /i 2160
[06/07/2009 15:00:25] /i 2160
[06/07/2009 15:00:25] /i 2160
[06/07/2009 15:00:25] /i 2160
[06/07/2009 15:00:25] /i 2160
[06/07/2009 15:00:25] /i 2160
[06/07/2009 15:00:25] /i 2160
[06/07/2009 15:00:25] /i 2160
[06/07/2009 15:00:25] /i 2160
[06/07/2009 15:00:25] /i 2160
[06/07/2009 15:00:25] /i 2160
[06/07/2009 15:00:25] /i 2160
[06/07/2009 15:00:25] /i 2160
[06/07/2009 15:00:25] /i 2160
[06/07/2009 15:00:25] /i 2160
[06/07/2009 15:00:25] /i 2160
[06/07/2009 15:00:25] /i 2160
[06/07/2009 15:00:25] /i 2160
[06/07/2009 15:00:26] /i 2160
[06/07/2009 15:00:26] /i 2160
[06/07/2009 15:00:26] /i 2160
[06/07/2009 15:00:26] /i 2160
[06/07/2009 15:00:26] /i 2160
[06/07/2009 15:00:26] /i 2160
[06/07/2009 15:00:26] /i 2160
[06/07/2009 15:00:26] /i 2160
[06/07/2009 15:00:26] /i 2160
[06/07/2009 15:00:26] /i 2160
[06/07/2009 15:00:26] /i 2160
[06/07/2009 15:00:26] /i 2160
[06/07/2009 15:00:26] /i 2160
[06/07/2009 15:00:26] /i 2160
[06/07/2009 15:00:26] /i 2160
[06/07/2009 15:00:26] /i 2160
[06/07/2009 15:00:26] /i 2160
[06/07/2009 15:00:26] /i 2160
[06/07/2009 15:00:26] /i 2160
[06/07/2009 15:00:26] /i 2160
[06/07/2009 15:00:26] /i 2160
[06/07/2009 15:00:26] /i 2160
[06/07/2009 15:00:26] /i 2160
[06/07/2009 15:00:26] /i 2160
[06/07/2009 15:00:26] /i 2160
[06/07/2009 15:00:26] /i 2160
[06/07/2009 15:00:26] /i 2160
[06/07/2009 15:00:26] /i 2160
[06/07/2009 15:00:26] /i 2160
[06/07/2009 15:00:27] /i 2160
[06/07/2009 15:00:27] /i 2160
[06/07/2009 15:00:27] /i 2160
[06/07/2009 15:00:27] /i 2160
[06/07/2009 15:00:27] /i 2160
[06/07/2009 15:00:27] /i 2160
[06/07/2009 15:00:27] /i 2160
[06/07/2009 15:00:27] /i 2160
[06/07/2009 15:00:27] /i 2160
[06/07/2009 15:00:27] /i 2160
[06/07/2009 15:00:27] /i 2160
[06/07/2009 15:00:27] /i 2160
[06/07/2009 15:00:27] /i 2160
[06/07/2009 15:00:27] /i 2160
[06/07/2009 15:00:27] /i 2160
[06/07/2009 15:00:27] /i 2160
[06/07/2009 15:00:27] /i 2160
[06/07/2009 15:00:27] /i 2160
[06/07/2009 15:00:27] /i 2160
[06/07/2009 15:00:27] /i 2160
[06/07/2009 15:00:27] /i 2160
[06/07/2009 15:00:27] /i 2160
[06/07/2009 15:00:27] /i 2160
[06/07/2009 15:00:27] /i 2160
[06/07/2009 15:00:27] /i 2160
[06/07/2009 15:00:27] /i 2160
[06/07/2009 15:00:27] /i 2160
[06/07/2009 15:00:27] /i 2160
[06/07/2009 15:00:28] /i 2160
[06/07/2009 15:00:28] /i 2160
[06/07/2009 15:00:28] /i 2160
[06/07/2009 15:00:28] /i 2160
[06/07/2009 15:00:28] /i 2160
[06/07/2009 15:00:28] /i 2160
[06/07/2009 15:00:28] /i 2160
[06/07/2009 15:00:28] /i 2160
[06/07/2009 15:00:28] /i 2160
[06/07/2009 15:00:28] /i 2160
[06/07/2009 15:00:28] /i 2160
[06/07/2009 15:00:28] /i 2160
[06/07/2009 15:00:28] /i 2160
[06/07/2009 15:00:30] /i 2160
[06/07/2009 15:00:30] /i 2160
[06/07/2009 15:00:30] /i 2160
[06/07/2009 15:00:30] /i 2160
[06/07/2009 15:00:30] /i 2160
[06/07/2009 15:00:30] /i 2160
[06/07/2009 15:00:30] /i 2160
[06/07/2009 15:00:30] /i 2160
[06/07/2009 15:00:30] /i 2160
[06/07/2009 15:00:30] /i 2160
[06/07/2009 15:00:30] /i 2160
[06/07/2009 15:00:30] /i 2160
[06/07/2009 15:00:31] /i 2160
[06/07/2009 15:00:31] /i 2160
[06/07/2009 15:00:31] /i 2160
[06/07/2009 15:00:31] /i 2160
[06/07/2009 15:00:31] /i 2160
[06/07/2009 15:00:31] /i 2160
[06/07/2009 15:00:31] /i 2160
[06/07/2009 15:00:31] /i 2160
[06/07/2009 15:00:31] /i 2160
[06/07/2009 15:00:31] /i 2160
[06/07/2009 15:00:31] /i 2160
[06/07/2009 15:00:31] /i 2160
[06/07/2009 15:00:31] /i 2160
[06/07/2009 15:00:31] /i 2160
[06/07/2009 15:00:31] /i 2160
[06/07/2009 15:00:31] /i 2160
[06/07/2009 15:00:31] /i 2160
[06/07/2009 15:00:31] /i 2160
[06/07/2009 15:00:35] /i 2160
[06/07/2009 15:00:35] /i 2160
[06/07/2009 15:00:35] /i 2160
[06/07/2009 15:00:36] /i 2160
[06/07/2009 15:00:36] /i 2160
[06/07/2009 15:00:36] /i 2160
[06/07/2009 15:00:36] /i 2160
[06/07/2009 15:00:37] /i 2160
[06/07/2009 15:00:51] /clean
[06/07/2009 15:01:17] /clean
[06/07/2009 15:02:58] /ghost
[06/07/2009 15:03:07] /a 5
[06/07/2009 15:03:08] /a 5
[06/07/2009 15:03:08] /a 5
[06/07/2009 15:03:08] /a 5
[06/07/2009 15:03:09] /a 5
[06/07/2009 15:03:09] /a 5
[06/07/2009 15:03:09] /a 5
[06/07/2009 15:03:10] /a 5
[06/07/2009 15:03:10] /a 5
[06/07/2009 15:03:10] /a 5
[06/07/2009 15:03:10] /a 5
[06/07/2009 15:03:11] /a 5
[06/07/2009 15:03:11] /a 5
[06/07/2009 15:03:11] /a 5
[06/07/2009 15:03:11] /a 5
[06/07/2009 15:03:12] /a 5
[06/07/2009 15:03:12] /a 5
[06/07/2009 15:03:12] /a 5
[06/07/2009 15:03:12] /a 5
[06/07/2009 15:03:13] /a 5
[06/07/2009 15:03:13] /a 5
[06/07/2009 15:03:13] /a 5
[06/07/2009 15:03:14] /a 5
[06/07/2009 15:03:14] /a 5
[06/07/2009 15:03:14] /a 5
[06/07/2009 15:03:14] /a 5
[06/07/2009 15:03:15] /a 5
[06/07/2009 15:03:15] /a 5
[06/07/2009 15:03:15] /a 5
[06/07/2009 15:03:15] /a 5
[06/07/2009 15:03:16] /a 5
[06/07/2009 15:03:16] /a 5
[06/07/2009 15:03:16] /a 5
[06/07/2009 15:03:17] /a 5
[06/07/2009 15:03:17] /a 5
[06/07/2009 15:03:17] /a 5
[06/07/2009 15:03:17] /a 5
[06/07/2009 15:03:18] /a 5
[06/07/2009 15:03:20] /a 5
[06/07/2009 15:03:21] /a 5
[06/07/2009 15:03:21] /a 5
[06/07/2009 15:03:21] /a 5
[06/07/2009 15:03:22] /a 5
[06/07/2009 15:03:22] /a 5
[06/07/2009 15:03:23] /a 5
[06/07/2009 15:03:23] /a 5
[06/07/2009 15:03:23] /a 5
[06/07/2009 15:03:24] /a 5
[06/07/2009 15:03:24] /a 5
[06/07/2009 15:03:25] /a 5
[06/07/2009 15:03:26] /a 5
[06/07/2009 15:03:27] /a 5
[06/07/2009 15:03:28] /a 5
[06/07/2009 15:03:28] /a 5
[06/07/2009 15:03:29] /a 5
[06/07/2009 15:03:29] /a 5
[06/07/2009 15:03:30] /a 5
[06/07/2009 15:03:30] /a 5
[06/07/2009 15:03:32] /a 5
[06/07/2009 15:03:32] /a 5
[06/07/2009 15:03:33] /a 5
[06/07/2009 15:03:33] /a 5
[06/07/2009 15:03:33] /a 5
[06/07/2009 15:03:33] /a 5
[06/07/2009 15:03:34] /a 5
[06/07/2009 15:03:34] /a 5
[06/07/2009 15:03:34] /a 5
[06/07/2009 15:03:35] /a 5
[06/07/2009 15:03:35] /a 5
[06/07/2009 15:03:36] /a 5
[06/07/2009 15:03:36] /a 5
[06/07/2009 15:03:36] /a 5
[06/07/2009 15:03:37] /a 5
[06/07/2009 15:03:44] /a 5
[06/07/2009 15:04:09] /c Paladin Do Bem
[06/07/2009 15:04:10] /c Paladin Do Bem
[06/07/2009 15:04:14] /ghost
[06/07/2009 15:04:25] /t Magnu Druid
[06/07/2009 15:04:27] /kick Magnu Druid
[06/07/2009 15:05:09] /t Paladin Do Bem
[06/07/2009 15:05:16] /c Sir darkbruts
[06/07/2009 15:05:31] /c Sir darkbruts
[06/07/2009 15:05:44] /c Sir darkbruts
[06/07/2009 15:06:47] /ghost
[06/07/2009 15:07:18] /goto Lordz Xt
[06/07/2009 15:07:45] /newtype 331
[06/07/2009 15:07:51] /newtype 330
[06/07/2009 15:07:58] /newtype 333
[06/07/2009 15:08:05] /newtype 332
[06/07/2009 15:08:06] /newtype 331
[06/07/2009 15:08:06] /newtype 330
[06/07/2009 15:08:08] /newtype 329
[06/07/2009 15:08:10] /newtype 327
[06/07/2009 15:08:12] /newtype 326
[06/07/2009 15:08:15] /newtype 325
[06/07/2009 15:08:16] /newtype 324
[06/07/2009 15:08:17] /newtype 323
[06/07/2009 15:08:18] /newtype 322
[06/07/2009 15:08:19] /newtype 321
[06/07/2009 15:08:21] /newtype 333
[06/07/2009 15:08:23] /newtype 332
[06/07/2009 15:14:46] /i meat 100
[06/07/2009 15:14:48] /i meat
[06/07/2009 15:15:33] /t Sir darkbruts
[06/07/2009 15:16:30] /a 2
[06/07/2009 15:16:33] /up
[06/07/2009 15:16:35] /m medusa
[06/07/2009 15:16:38] /down
[06/07/2009 15:16:40] /a 2
[06/07/2009 15:18:01] /m queen rot
[06/07/2009 15:18:21] /m queen Rotworm
[06/07/2009 15:18:31] /m Queen Rotworm
[06/07/2009 15:18:32] /m Queen Rotworm
[06/07/2009 15:18:33] /m Queen Rotworm
[06/07/2009 15:40:28] /clean
[06/07/2009 15:41:13] /goto Seu Madruga
[06/07/2009 15:45:33] /i 2471
[06/07/2009 15:45:42] /i 2472
[06/07/2009 15:45:47] /i 2469
[06/07/2009 15:45:52] /i 9933
[06/07/2009 15:46:02] /i 10025
[06/07/2009 15:46:10] /i 2173
[06/07/2009 15:46:14] /i 8851
[06/07/2009 15:46:57] /i 6529
[06/07/2009 15:48:57] /c fudencio
[06/07/2009 15:51:17] /newtype 327
[06/07/2009 15:51:19] /newtype 328
[06/07/2009 15:51:20] /newtype 329
[06/07/2009 15:51:22] /newtype 330
[06/07/2009 15:51:23] /newtype 331
[06/07/2009 15:51:24] /newtype 332
[06/07/2009 15:51:26] /newtype 333
[06/07/2009 15:51:27] /newtype 332
[06/07/2009 15:55:10] /i 10038
[06/07/2009 15:55:14] /i 10037
[06/07/2009 15:55:16] /i 10036
[06/07/2009 15:55:19] /i 10035
[06/07/2009 15:55:22] /i 10034
[06/07/2009 15:55:24] /i 10033
[06/07/2009 15:55:28] /i 10032
[06/07/2009 15:55:33] /r
[06/07/2009 15:55:34] /r
[06/07/2009 15:55:35] /r
[06/07/2009 15:55:46] /i 10039
[06/07/2009 15:55:49] /i 10040
[06/07/2009 15:55:53] /i 10041
[06/07/2009 15:56:22] /i 1024
[06/07/2009 15:56:29] /i 10024
[06/07/2009 15:56:32] /i 10025
[06/07/2009 15:56:35] /i 10026
[06/07/2009 15:56:42] /i 10027
[06/07/2009 15:56:44] /i 10028
[06/07/2009 15:56:45] /i 10029
[06/07/2009 15:56:48] /i 10030
[06/07/2009 15:56:49] /i 10031
[06/07/2009 15:56:53] /i 10032
[06/07/2009 15:57:07] /i 10023
[06/07/2009 15:57:09] /i 10022
[06/07/2009 15:57:11] /i 10021
[06/07/2009 15:57:13] /i 10020
[06/07/2009 15:57:16] /r
[06/07/2009 15:58:25] /i 406
[06/07/2009 16:01:47] /r
[06/07/2009 16:01:48] /r
[06/07/2009 16:01:49] /r
[06/07/2009 16:01:49] /r
[06/07/2009 16:02:02] /r
[06/07/2009 16:02:02] /r
[06/07/2009 16:02:03] /r
[06/07/2009 16:02:05] /r
[06/07/2009 16:02:05] /r
[06/07/2009 16:02:05] /r
[06/07/2009 16:02:06] /r
[06/07/2009 16:02:06] /r
[06/07/2009 16:02:06] /r
[06/07/2009 16:02:06] /r
[06/07/2009 16:02:07] /r
[06/07/2009 16:02:07] /r
[06/07/2009 16:02:07] /r
[06/07/2009 16:02:07] /r
[06/07/2009 16:02:07] /r
[06/07/2009 16:02:08] /r
[06/07/2009 16:02:08] /r
[06/07/2009 16:02:08] /r
[06/07/2009 16:02:08] /r
[06/07/2009 16:02:08] /r
[06/07/2009 16:02:08] /r
[06/07/2009 16:02:08] /r
[06/07/2009 16:02:08] /r
[06/07/2009 16:02:08] /r
[06/07/2009 16:02:08] /r
[06/07/2009 16:02:08] /r
[06/07/2009 16:02:08] /r
[06/07/2009 16:02:08] /r
[06/07/2009 16:02:08] /r
[06/07/2009 16:02:08] /r
[06/07/2009 16:02:08] /r
[06/07/2009 16:02:08] /r
[06/07/2009 16:02:08] /r
[06/07/2009 16:02:08] /r
[06/07/2009 16:02:08] /r
[06/07/2009 16:02:08] /r
[06/07/2009 16:02:08] /r
[06/07/2009 16:02:08] /r
[06/07/2009 16:02:08] /r
[06/07/2009 16:02:08] /r
[06/07/2009 16:02:08] /r
[06/07/2009 16:02:08] /r
[06/07/2009 16:02:08] /r
[06/07/2009 16:02:09] /r
[06/07/2009 16:02:09] /r
[06/07/2009 16:02:09] /r
[06/07/2009 16:02:09] /r
[06/07/2009 16:02:09] /r
[06/07/2009 16:02:09] /r
[06/07/2009 16:02:10] /r
[06/07/2009 16:02:10] /r
[06/07/2009 16:02:10] /r
[06/07/2009 16:02:10] /r
[06/07/2009 16:02:10] /r
[06/07/2009 16:02:10] /r
[06/07/2009 16:02:10] /r
[06/07/2009 16:02:10] /r
[06/07/2009 16:02:10] /r
[06/07/2009 16:02:11] /r
[06/07/2009 16:02:11] /r
[06/07/2009 16:02:11] /r
[06/07/2009 16:02:11] /r
[06/07/2009 16:02:11] /r
[06/07/2009 16:02:11] /r
[06/07/2009 16:02:11] /r
[06/07/2009 16:02:12] /r
[06/07/2009 16:02:12] /r
[06/07/2009 16:02:12] /r
[06/07/2009 16:02:13] /r
[06/07/2009 16:02:13] /r
[06/07/2009 16:02:13] /r
[06/07/2009 16:02:13] /r
[06/07/2009 16:02:13] /r
[06/07/2009 16:02:13] /r
[06/07/2009 16:02:13] /r
[06/07/2009 16:02:13] /r
[06/07/2009 16:02:14] /r
[06/07/2009 16:02:14] /r
[06/07/2009 16:02:14] /r
[06/07/2009 16:02:14] /r
[06/07/2009 16:02:14] /r
[06/07/2009 16:02:14] /r
[06/07/2009 16:02:15] /r
[06/07/2009 16:02:15] /r
[06/07/2009 16:02:15] /r
[06/07/2009 16:02:16] /r
[06/07/2009 16:02:16] /r
[06/07/2009 16:02:16] /r
[06/07/2009 16:02:16] /r
[06/07/2009 16:02:17] /r
[06/07/2009 16:02:17] /r
[06/07/2009 16:02:18] /r
[06/07/2009 16:02:20] /r
[06/07/2009 16:02:20] /r
[06/07/2009 16:02:20] /r
[06/07/2009 16:02:21] /r
[06/07/2009 16:02:32] /r
[06/07/2009 16:02:34] /r
[06/07/2009 16:02:36] /r
[06/07/2009 16:02:38] /r
[06/07/2009 16:02:39] /r
[06/07/2009 16:02:41] /r
[06/07/2009 16:02:43] /r
[06/07/2009 16:02:43] /r
[06/07/2009 16:02:44] /r
[06/07/2009 16:02:45] /r
[06/07/2009 16:02:47] /i demon helmet
[06/07/2009 16:02:47] /i demon helmet
[06/07/2009 16:02:47] /i demon helmet
[06/07/2009 16:02:47] /i demon helmet
[06/07/2009 16:02:47] /i demon helmet
[06/07/2009 16:02:47] /i demon helmet
[06/07/2009 16:02:47] /i demon helmet
[06/07/2009 16:02:47] /i demon helmet
[06/07/2009 16:02:47] /i demon helmet
[06/07/2009 16:02:48] /i 2160
[06/07/2009 16:02:48] /i 2160
[06/07/2009 16:02:48] /i 2160
[06/07/2009 16:02:48] /i 2160
[06/07/2009 16:02:48] /i 2160
[06/07/2009 16:02:48] /i 2160
[06/07/2009 16:02:48] /i 2160
[06/07/2009 16:02:48] /i 2160
[06/07/2009 16:02:48] /i 2160
[06/07/2009 16:02:48] /i 2160
[06/07/2009 16:02:48] /i 2160
[06/07/2009 16:02:49] /i 2160
[06/07/2009 16:02:49] /i 2160
[06/07/2009 16:02:49] /i 2160
[06/07/2009 16:02:49] /i 2160
[06/07/2009 16:02:49] /i 2160
[06/07/2009 16:02:49] /i 2160
[06/07/2009 16:02:49] /i 2160
[06/07/2009 16:02:49] /i 2160
[06/07/2009 16:02:49] /i 2160
[06/07/2009 16:02:49] /i 2160
[06/07/2009 16:02:49] /i 2160
[06/07/2009 16:02:49] /i 2160
[06/07/2009 16:02:49] /i 2160
[06/07/2009 16:02:49] /i 2160
[06/07/2009 16:02:49] /i 2160
[06/07/2009 16:02:49] /i 2160
[06/07/2009 16:02:49] /i 2160
[06/07/2009 16:02:49] /i 2160
[06/07/2009 16:02:49] /i 2160
[06/07/2009 16:02:49] /i 10025
[06/07/2009 16:02:50] /i 10025
[06/07/2009 16:02:50] /i 10025
[06/07/2009 16:02:50] /i 10025
[06/07/2009 16:02:50] /i 10025
[06/07/2009 16:02:50] /r
[06/07/2009 16:02:51] /r
[06/07/2009 16:02:51] /r
[06/07/2009 16:02:51] /r
[06/07/2009 16:02:52] /r
[06/07/2009 16:02:52] /r
[06/07/2009 16:02:52] /r
[06/07/2009 16:02:52] /r
[06/07/2009 16:02:52] /r
[06/07/2009 16:02:52] /r
[06/07/2009 16:02:52] /r
[06/07/2009 16:02:52] /r
[06/07/2009 16:02:52] /r
[06/07/2009 16:02:52] /r
[06/07/2009 16:02:52] /r
[06/07/2009 16:02:52] /r
[06/07/2009 16:02:52] /r
[06/07/2009 16:02:52] /r
[06/07/2009 16:02:52] /r
[06/07/2009 16:02:52] /r
[06/07/2009 16:02:52] /r
[06/07/2009 16:02:52] /r
[06/07/2009 16:02:52] /r
[06/07/2009 16:02:52] /r
[06/07/2009 16:02:52] /r
[06/07/2009 16:02:52] /r
[06/07/2009 16:02:52] /r
[06/07/2009 16:02:52] /r
[06/07/2009 16:02:52] /r
[06/07/2009 16:02:52] /r
[06/07/2009 16:02:52] /r
[06/07/2009 16:02:52] /r
[06/07/2009 16:02:53] /r
[06/07/2009 16:02:53] /r
[06/07/2009 16:02:53] /r
[06/07/2009 16:02:53] /r
[06/07/2009 16:02:53] /r
[06/07/2009 16:02:53] /r
[06/07/2009 16:02:53] /r
[06/07/2009 16:02:53] /r
[06/07/2009 16:02:53] /r
[06/07/2009 16:02:53] /r
[06/07/2009 16:02:53] /r
[06/07/2009 16:02:53] /r
[06/07/2009 16:02:53] /r
[06/07/2009 16:02:53] /r
[06/07/2009 16:02:53] /r
[06/07/2009 16:02:53] /r
[06/07/2009 16:02:53] /r
[06/07/2009 16:02:53] /r
[06/07/2009 16:02:53] /r
[06/07/2009 16:02:53] /r
[06/07/2009 16:02:53] /r
[06/07/2009 16:02:53] /r
[06/07/2009 16:02:53] /r
[06/07/2009 16:02:53] /r
[06/07/2009 16:02:53] /r
[06/07/2009 16:02:53] /r
[06/07/2009 16:02:53] /r
[06/07/2009 16:02:53] /r
[06/07/2009 16:02:53] /r
[06/07/2009 16:02:54] /r
[06/07/2009 16:02:54] /r
[06/07/2009 16:02:54] /r
[06/07/2009 16:02:54] /r
[06/07/2009 16:02:54] /r
[06/07/2009 16:02:54] /r
[06/07/2009 16:02:54] /r
[06/07/2009 16:02:54] /r
[06/07/2009 16:02:54] /r
[06/07/2009 16:02:54] /r
[06/07/2009 16:02:54] /r
[06/07/2009 16:02:54] /r
[06/07/2009 16:02:54] /r
[06/07/2009 16:02:54] /r
[06/07/2009 16:02:54] /r
[06/07/2009 16:02:54] /r
[06/07/2009 16:02:54] /r
[06/07/2009 16:02:54] /r
[06/07/2009 16:02:54] /r
[06/07/2009 16:02:54] /r
[06/07/2009 16:02:54] /r
[06/07/2009 16:02:54] /r
[06/07/2009 16:02:54] /r
[06/07/2009 16:02:54] /r
[06/07/2009 16:02:54] /r
[06/07/2009 16:02:54] /r
[06/07/2009 16:02:54] /r
[06/07/2009 16:02:54] /r
[06/07/2009 16:02:55] /r
[06/07/2009 16:02:55] /r
[06/07/2009 16:02:55] /r
[06/07/2009 16:02:55] /r
[06/07/2009 16:02:55] /r
[06/07/2009 16:02:55] /r
[06/07/2009 16:02:55] /r
[06/07/2009 16:02:55] /r
[06/07/2009 16:02:55] /r
[06/07/2009 16:02:55] /r
[06/07/2009 16:02:55] /r
[06/07/2009 16:02:55] /r
[06/07/2009 16:02:55] /r
[06/07/2009 16:02:55] /r
[06/07/2009 16:02:55] /r
[06/07/2009 16:02:55] /r
[06/07/2009 16:02:55] /r
[06/07/2009 16:02:55] /r
[06/07/2009 16:02:55] /r
[06/07/2009 16:02:56] /r
[06/07/2009 16:02:57] /r
[06/07/2009 16:02:57] /r
[06/07/2009 16:02:57] /r
[06/07/2009 16:02:57] /r
[06/07/2009 16:02:57] /r
[06/07/2009 16:02:57] /r
[06/07/2009 16:02:57] /r
[06/07/2009 16:02:57] /r
[06/07/2009 16:02:57] /r
[06/07/2009 16:02:57] /r
[06/07/2009 16:02:58] /r
[06/07/2009 16:02:58] /r
[06/07/2009 16:02:58] /r
[06/07/2009 16:02:58] /r
[06/07/2009 16:02:58] /r
[06/07/2009 16:02:58] /r
[06/07/2009 16:02:58] /r
[06/07/2009 16:02:58] /r
[06/07/2009 16:02:58] /r
[06/07/2009 16:02:58] /r
[06/07/2009 16:02:58] /r
[06/07/2009 16:02:59] /r
[06/07/2009 16:02:59] /r
[06/07/2009 16:02:59] /r
[06/07/2009 16:02:59] /r
[06/07/2009 16:02:59] /r
[06/07/2009 16:02:59] /r
[06/07/2009 16:02:59] /r
[06/07/2009 16:02:59] /r
[06/07/2009 16:02:59] /r
[06/07/2009 16:02:59] /r
[06/07/2009 16:02:59] /r
[06/07/2009 16:02:59] /r
[06/07/2009 16:02:59] /r
[06/07/2009 16:02:59] /r
[06/07/2009 16:02:59] /r
[06/07/2009 16:02:59] /r
[06/07/2009 16:02:59] /r
[06/07/2009 16:02:59] /r
[06/07/2009 16:02:59] /r
[06/07/2009 16:02:59] /r
[06/07/2009 16:02:59] /r
[06/07/2009 16:02:59] /r
[06/07/2009 16:02:59] /r
[06/07/2009 16:02:59] /r
[06/07/2009 16:02:59] /r
[06/07/2009 16:02:59] /r
[06/07/2009 16:02:59] /r
[06/07/2009 16:02:59] /r
[06/07/2009 16:03:00] /r
[06/07/2009 16:03:00] /r
[06/07/2009 16:03:00] /r
[06/07/2009 16:03:00] /r
[06/07/2009 16:03:00] /r
[06/07/2009 16:03:00] /r
[06/07/2009 16:03:00] /r
[06/07/2009 16:03:00] /r
[06/07/2009 16:03:00] /r
[06/07/2009 16:03:00] /r
[06/07/2009 16:03:00] /r
[06/07/2009 16:03:00] /r
[06/07/2009 16:03:00] /r
[06/07/2009 16:03:00] /r
[06/07/2009 16:03:00] /r
[06/07/2009 16:03:00] /r
[06/07/2009 16:03:00] /r
[06/07/2009 16:03:00] /r
[06/07/2009 16:03:00] /r
[06/07/2009 16:03:00] /r
[06/07/2009 16:03:00] /r
[06/07/2009 16:03:00] /r
[06/07/2009 16:03:00] /r
[06/07/2009 16:03:00] /r
[06/07/2009 16:03:00] /r
[06/07/2009 16:03:00] /r
[06/07/2009 16:03:00] /r
[06/07/2009 16:03:00] /r
[06/07/2009 16:03:01] /r
[06/07/2009 16:03:01] /r
[06/07/2009 16:03:01] /r
[06/07/2009 16:03:01] /r
[06/07/2009 16:03:01] /r
[06/07/2009 16:03:01] /r
[06/07/2009 16:03:01] /r
[06/07/2009 16:03:01] /r
[06/07/2009 16:03:01] /r
[06/07/2009 16:03:01] /r
[06/07/2009 16:03:01] /r
[06/07/2009 16:03:01] /r
[06/07/2009 16:03:01] /r
[06/07/2009 16:03:01] /r
[06/07/2009 16:03:01] /r
[06/07/2009 16:03:01] /r
[06/07/2009 16:03:01] /r
[06/07/2009 16:03:01] /r
[06/07/2009 16:03:01] /r
[06/07/2009 16:03:01] /r
[06/07/2009 16:03:01] /r
[06/07/2009 16:03:01] /r
[06/07/2009 16:03:01] /r
[06/07/2009 16:03:01] /r
[06/07/2009 16:03:01] /r
[06/07/2009 16:03:01] /r
[06/07/2009 16:03:01] /r
[06/07/2009 16:03:02] /r
[06/07/2009 16:03:02] /r
[06/07/2009 16:03:02] /r
[06/07/2009 16:03:02] /r
[06/07/2009 16:03:02] /r
[06/07/2009 16:03:02] /r
[06/07/2009 16:03:02] /r
[06/07/2009 16:03:02] /r
[06/07/2009 16:03:02] /r
[06/07/2009 16:03:02] /r
[06/07/2009 16:03:02] /r
[06/07/2009 16:03:02] /r
[06/07/2009 16:03:02] /r
[06/07/2009 16:03:02] /r
[06/07/2009 16:03:02] /r
[06/07/2009 16:03:02] /r
[06/07/2009 16:03:02] /r
[06/07/2009 16:03:02] /r
[06/07/2009 16:03:02] /r
[06/07/2009 16:03:02] /r
[06/07/2009 16:03:02] /r
[06/07/2009 16:03:02] /r
[06/07/2009 16:03:02] /r
[06/07/2009 16:03:02] /r
[06/07/2009 16:03:02] /r
[06/07/2009 16:03:02] /r
[06/07/2009 16:03:02] /r
[06/07/2009 16:03:02] /r
[06/07/2009 16:03:03] /r
[06/07/2009 16:03:03] /r
[06/07/2009 16:03:03] /r
[06/07/2009 16:03:03] /r
[06/07/2009 16:03:03] /r
[06/07/2009 16:03:03] /r
[06/07/2009 16:03:03] /r
[06/07/2009 16:03:03] /r
[06/07/2009 16:03:03] /r
[06/07/2009 16:03:03] /r
[06/07/2009 16:03:03] /r
[06/07/2009 16:03:03] /r
[06/07/2009 16:03:03] /r
[06/07/2009 16:03:03] /r
[06/07/2009 16:03:03] /r
[06/07/2009 16:03:03] /r
[06/07/2009 16:03:03] /r
[06/07/2009 16:03:03] /r
[06/07/2009 16:03:03] /r
[06/07/2009 16:03:03] /r
[06/07/2009 16:03:03] /r
[06/07/2009 16:03:03] /r
[06/07/2009 16:03:03] /r
[06/07/2009 16:03:03] /r
[06/07/2009 16:03:03] /r
[06/07/2009 16:03:03] /r
[06/07/2009 16:03:03] /r
[06/07/2009 16:03:03] /r
[06/07/2009 16:03:03] /r
[06/07/2009 16:03:04] /r
[06/07/2009 16:03:04] /r
[06/07/2009 16:03:04] /r
[06/07/2009 16:03:04] /r
[06/07/2009 16:03:04] /r
[06/07/2009 16:03:04] /r
[06/07/2009 16:03:04] /r
[06/07/2009 16:03:04] /r
[06/07/2009 16:03:04] /r
[06/07/2009 16:03:04] /r
[06/07/2009 16:03:04] /r
[06/07/2009 16:03:04] /r
[06/07/2009 16:03:04] /r
[06/07/2009 16:03:04] /r
[06/07/2009 16:03:04] /r
[06/07/2009 16:03:04] /r
[06/07/2009 16:03:04] /r
[06/07/2009 16:03:04] /r
[06/07/2009 16:03:04] /r
[06/07/2009 16:03:04] /r
[06/07/2009 16:03:04] /r
[06/07/2009 16:03:04] /r
[06/07/2009 16:03:04] /r
[06/07/2009 16:03:04] /r
[06/07/2009 16:03:04] /r
[06/07/2009 16:03:04] /r
[06/07/2009 16:03:04] /r
[06/07/2009 16:03:04] /r
[06/07/2009 16:03:05] /r
[06/07/2009 16:03:05] /r
[06/07/2009 16:03:05] /r
[06/07/2009 16:03:05] /r
[06/07/2009 16:03:05] /r
[06/07/2009 16:03:05] /r
[06/07/2009 16:03:05] /r
[06/07/2009 16:03:05] /r
[06/07/2009 16:03:05] /r
[06/07/2009 16:03:05] /r
[06/07/2009 16:03:05] /r
[06/07/2009 16:03:05] /r
[06/07/2009 16:03:05] /r
[06/07/2009 16:03:05] /r
[06/07/2009 16:03:05] /r
[06/07/2009 16:03:05] /r
[06/07/2009 16:03:05] /r
[06/07/2009 16:03:05] /r
[06/07/2009 16:03:05] /r
[06/07/2009 16:03:05] /r
[06/07/2009 16:03:05] /r
[06/07/2009 16:03:05] /r
[06/07/2009 16:03:05] /r
[06/07/2009 16:03:05] /r
[06/07/2009 16:03:05] /r
[06/07/2009 16:03:05] /r
[06/07/2009 16:03:05] /r
[06/07/2009 16:03:05] /r
[06/07/2009 16:03:06] /r
[06/07/2009 16:03:06] /r
[06/07/2009 16:03:06] /r
[06/07/2009 16:03:06] /r
[06/07/2009 16:03:06] /r
[06/07/2009 16:03:06] /r
[06/07/2009 16:03:06] /r
[06/07/2009 16:03:06] /r
[06/07/2009 16:03:06] /r
[06/07/2009 16:03:06] /r
[06/07/2009 16:03:06] /r
[06/07/2009 16:03:06] /r
[06/07/2009 16:03:06] /r
[06/07/2009 16:03:06] /r
[06/07/2009 16:03:06] /r
[06/07/2009 16:03:06] /r
[06/07/2009 16:03:06] /r
[06/07/2009 16:03:06] /r
[06/07/2009 16:03:06] /r
[06/07/2009 16:03:06] /r
[06/07/2009 16:03:06] /r
[06/07/2009 16:03:06] /r
[06/07/2009 16:03:06] /r
[06/07/2009 16:03:06] /r
[06/07/2009 16:03:06] /r
[06/07/2009 16:03:06] /r
[06/07/2009 16:03:06] /r
[06/07/2009 16:03:06] /r
[06/07/2009 16:03:07] /r
[06/07/2009 16:03:07] /r
[06/07/2009 16:03:07] /r
[06/07/2009 16:03:07] /r
[06/07/2009 16:03:07] /r
[06/07/2009 16:03:07] /r
[06/07/2009 16:03:07] /r
[06/07/2009 16:03:07] /r
[06/07/2009 16:03:07] /r
[06/07/2009 16:03:07] /r
[06/07/2009 16:03:07] /r
[06/07/2009 16:03:07] /r
[06/07/2009 16:03:07] /r
[06/07/2009 16:03:07] /r
[06/07/2009 16:03:07] /r
[06/07/2009 16:03:07] /r
[06/07/2009 16:03:07] /r
[06/07/2009 16:03:07] /r
[06/07/2009 16:03:07] /r
[06/07/2009 16:03:07] /r
[06/07/2009 16:03:07] /r
[06/07/2009 16:03:07] /r
[06/07/2009 16:03:07] /r
[06/07/2009 16:03:07] /r
[06/07/2009 16:03:07] /r
[06/07/2009 16:03:07] /r
[06/07/2009 16:03:07] /r
[06/07/2009 16:03:07] /r
[06/07/2009 16:03:08] /r
[06/07/2009 16:03:08] /r
[06/07/2009 16:03:08] /r
[06/07/2009 16:03:08] /r
[06/07/2009 16:03:08] /r
[06/07/2009 16:03:08] /r
[06/07/2009 16:03:08] /r
[06/07/2009 16:03:08] /r
[06/07/2009 16:03:08] /r
[06/07/2009 16:03:08] /r
[06/07/2009 16:03:08] /r
[06/07/2009 16:03:08] /r
[06/07/2009 16:03:08] /r
[06/07/2009 16:03:08] /r
[06/07/2009 16:03:08] /r
[06/07/2009 16:03:08] /r
[06/07/2009 16:03:08] /r
[06/07/2009 16:03:08] /r
[06/07/2009 16:03:08] /r
[06/07/2009 16:03:08] /r
[06/07/2009 16:03:08] /r
[06/07/2009 16:03:08] /r
[06/07/2009 16:03:08] /r
[06/07/2009 16:03:08] /r
[06/07/2009 16:03:08] /r
[06/07/2009 16:03:08] /r
[06/07/2009 16:03:08] /r
[06/07/2009 16:03:08] /r
[06/07/2009 16:03:08] /r
[06/07/2009 16:03:09] /r
[06/07/2009 16:03:09] /r
[06/07/2009 16:03:09] /r
[06/07/2009 16:03:09] /r
[06/07/2009 16:03:09] /r
[06/07/2009 16:03:09] /r
[06/07/2009 16:03:09] /r
[06/07/2009 16:03:09] /r
[06/07/2009 16:03:09] /r
[06/07/2009 16:03:09] /r
[06/07/2009 16:03:09] /r
[06/07/2009 16:03:09] /r
[06/07/2009 16:03:09] /r
[06/07/2009 16:03:09] /r
[06/07/2009 16:03:09] /r
[06/07/2009 16:03:09] /r
[06/07/2009 16:03:09] /r
[06/07/2009 16:03:09] /r
[06/07/2009 16:03:09] /r
[06/07/2009 16:03:09] /r
[06/07/2009 16:03:09] /r
[06/07/2009 16:03:09] /r
[06/07/2009 16:03:09] /r
[06/07/2009 16:03:09] /r
[06/07/2009 16:03:09] /r
[06/07/2009 16:03:09] /r
[06/07/2009 16:03:09] /r
[06/07/2009 16:03:09] /r
[06/07/2009 16:03:10] /r
[06/07/2009 16:03:10] /r
[06/07/2009 16:03:10] /r
[06/07/2009 16:03:10] /r
[06/07/2009 16:03:10] /r
[06/07/2009 16:03:10] /r
[06/07/2009 16:03:10] /r
[06/07/2009 16:03:10] /r
[06/07/2009 16:03:10] /r
[06/07/2009 16:03:10] /r
[06/07/2009 16:03:10] /r
[06/07/2009 16:03:10] /r
[06/07/2009 16:03:10] /r
[06/07/2009 16:03:10] /r
[06/07/2009 16:03:10] /r
[06/07/2009 16:03:10] /r
[06/07/2009 16:03:10] /r
[06/07/2009 16:03:10] /r
[06/07/2009 16:03:10] /r
[06/07/2009 16:03:10] /r
[06/07/2009 16:03:10] /r
[06/07/2009 16:03:10] /r
[06/07/2009 16:03:10] /r
[06/07/2009 16:03:10] /r
[06/07/2009 16:03:10] /r
[06/07/2009 16:03:10] /r
[06/07/2009 16:03:10] /r
[06/07/2009 16:03:10] /r
[06/07/2009 16:03:10] /r
[06/07/2009 16:03:11] /r
[06/07/2009 16:03:11] /r
[06/07/2009 16:03:11] /r
[06/07/2009 16:03:11] /r
[06/07/2009 16:03:11] /r
[06/07/2009 16:03:11] /r
[06/07/2009 16:03:11] /r
[06/07/2009 16:03:11] /r
[06/07/2009 16:03:11] /r
[06/07/2009 16:03:11] /r
[06/07/2009 16:03:11] /r
[06/07/2009 16:03:11] /r
[06/07/2009 16:03:11] /r
[06/07/2009 16:03:11] /r
[06/07/2009 16:03:11] /r
[06/07/2009 16:03:11] /r
[06/07/2009 16:03:11] /r
[06/07/2009 16:03:11] /r
[06/07/2009 16:03:11] /r
[06/07/2009 16:03:11] /r
[06/07/2009 16:03:11] /r
[06/07/2009 16:03:11] /r
[06/07/2009 16:03:11] /r
[06/07/2009 16:03:11] /r
[06/07/2009 16:03:11] /r
[06/07/2009 16:03:11] /r
[06/07/2009 16:03:11] /r
[06/07/2009 16:03:11] /r
[06/07/2009 16:03:12] /r
[06/07/2009 16:03:12] /r
[06/07/2009 16:03:12] /r
[06/07/2009 16:03:12] /r
[06/07/2009 16:03:12] /r
[06/07/2009 16:03:12] /r
[06/07/2009 16:03:12] /r
[06/07/2009 16:03:12] /r
[06/07/2009 16:03:12] /r
[06/07/2009 16:03:12] /r
[06/07/2009 16:03:12] /r
[06/07/2009 16:03:12] /r
[06/07/2009 16:03:12] /r
[06/07/2009 16:03:12] /r
[06/07/2009 16:03:12] /r
[06/07/2009 16:03:12] /r
[06/07/2009 16:03:12] /r
[06/07/2009 16:03:12] /r
[06/07/2009 16:03:12] /r
[06/07/2009 16:03:12] /r
[06/07/2009 16:03:12] /r
[06/07/2009 16:03:12] /r
[06/07/2009 16:03:12] /r
[06/07/2009 16:03:12] /r
[06/07/2009 16:03:12] /r
[06/07/2009 16:03:12] /r
[06/07/2009 16:03:12] /r
[06/07/2009 16:03:12] /r
[06/07/2009 16:03:12] /r
[06/07/2009 16:03:13] /r
[06/07/2009 16:03:13] /r
[06/07/2009 16:03:13] /r
[06/07/2009 16:03:13] /r
[06/07/2009 16:03:13] /r
[06/07/2009 16:03:13] /r
[06/07/2009 16:03:13] /r
[06/07/2009 16:03:13] /r
[06/07/2009 16:03:13] /r
[06/07/2009 16:03:13] /r
[06/07/2009 16:03:13] /r
[06/07/2009 16:03:13] /r
[06/07/2009 16:03:13] /r
[06/07/2009 16:03:13] /r
[06/07/2009 16:03:13] /r
[06/07/2009 16:03:13] /r
[06/07/2009 16:03:13] /r
[06/07/2009 16:03:13] /r
[06/07/2009 16:03:13] /r
[06/07/2009 16:03:13] /r
[06/07/2009 16:03:13] /r
[06/07/2009 16:03:13] /r
[06/07/2009 16:03:13] /r
[06/07/2009 16:03:13] /r
[06/07/2009 16:03:13] /r
[06/07/2009 16:03:13] /r
[06/07/2009 16:03:13] /r
[06/07/2009 16:03:13] /r
[06/07/2009 16:03:14] /r
[06/07/2009 16:03:14] /r
[06/07/2009 16:03:14] /r
[06/07/2009 16:03:14] /r
[06/07/2009 16:03:14] /r
[06/07/2009 16:03:14] /r
[06/07/2009 16:03:14] /r
[06/07/2009 16:03:14] /r
[06/07/2009 16:03:14] /r
[06/07/2009 16:03:14] /r
[06/07/2009 16:03:14] /r
[06/07/2009 16:03:14] /r
[06/07/2009 16:03:14] /r
[06/07/2009 16:03:14] /r
[06/07/2009 16:03:14] /r
[06/07/2009 16:03:14] /r
[06/07/2009 16:03:14] /r
[06/07/2009 16:03:14] /r
[06/07/2009 16:03:14] /r
[06/07/2009 16:03:14] /r
[06/07/2009 16:03:14] /r
[06/07/2009 16:03:14] /r
[06/07/2009 16:03:14] /r
[06/07/2009 16:03:14] /r
[06/07/2009 16:03:14] /r
[06/07/2009 16:03:14] /r
[06/07/2009 16:03:15] /r
[06/07/2009 16:03:15] /r
[06/07/2009 16:03:15] /r
[06/07/2009 16:03:15] /r
[06/07/2009 16:03:15] /r
[06/07/2009 16:03:15] /r
[06/07/2009 16:03:15] /r
[06/07/2009 16:03:15] /r
[06/07/2009 16:03:15] /r
[06/07/2009 16:03:15] /r
[06/07/2009 16:03:15] /r
[06/07/2009 16:03:15] /r
[06/07/2009 16:03:15] /r
[06/07/2009 16:03:15] /r
[06/07/2009 16:03:15] /r
[06/07/2009 16:03:15] /r
[06/07/2009 16:03:15] /r
[06/07/2009 16:03:15] /r
[06/07/2009 16:03:15] /r
[06/07/2009 16:03:15] /r
[06/07/2009 16:03:15] /r
[06/07/2009 16:03:15] /r
[06/07/2009 16:03:15] /r
[06/07/2009 16:03:15] /r
[06/07/2009 16:03:15] /r
[06/07/2009 16:03:15] /r
[06/07/2009 16:03:15] /r
[06/07/2009 16:03:15] /r
[06/07/2009 16:03:16] /r
[06/07/2009 16:03:16] /r
[06/07/2009 16:03:16] /r
[06/07/2009 16:03:16] /r
[06/07/2009 16:03:16] /r
[06/07/2009 16:03:16] /r
[06/07/2009 16:03:16] /r
[06/07/2009 16:03:16] /r
[06/07/2009 16:03:16] /r
[06/07/2009 16:03:16] /r
[06/07/2009 16:03:16] /r
[06/07/2009 16:03:16] /r
[06/07/2009 16:03:16] /r
[06/07/2009 16:03:16] /r
[06/07/2009 16:03:16] /r
[06/07/2009 16:03:16] /r
[06/07/2009 16:03:16] /r
[06/07/2009 16:03:16] /r
[06/07/2009 16:03:16] /r
[06/07/2009 16:03:16] /r
[06/07/2009 16:03:16] /r
[06/07/2009 16:03:16] /r
[06/07/2009 16:03:16] /r
[06/07/2009 16:03:16] /r
[06/07/2009 16:03:16] /r
[06/07/2009 16:03:16] /r
[06/07/2009 16:03:16] /r
[06/07/2009 16:03:16] /r
[06/07/2009 16:03:17] /r
[06/07/2009 16:03:17] /r
[06/07/2009 16:03:17] /r
[06/07/2009 16:03:17] /r
[06/07/2009 16:03:17] /r
[06/07/2009 16:03:17] /r
[06/07/2009 16:03:17] /r
[06/07/2009 16:03:17] /r
[06/07/2009 16:03:17] /r
[06/07/2009 16:03:17] /r
[06/07/2009 16:03:17] /r
[06/07/2009 16:03:17] /r
[06/07/2009 16:03:17] /r
[06/07/2009 16:03:17] /r
[06/07/2009 16:03:17] /r
[06/07/2009 16:03:17] /r
[06/07/2009 16:03:17] /r
[06/07/2009 16:03:17] /r
[06/07/2009 16:03:17] /r
[06/07/2009 16:03:17] /r
[06/07/2009 16:03:17] /r
[06/07/2009 16:03:17] /r
[06/07/2009 16:03:17] /r
[06/07/2009 16:03:17] /r
[06/07/2009 16:03:17] /r
[06/07/2009 16:03:17] /r
[06/07/2009 16:03:17] /r
[06/07/2009 16:03:17] /r
[06/07/2009 16:03:18] /r
[06/07/2009 16:03:18] /r
[06/07/2009 16:03:18] /r
[06/07/2009 16:03:18] /r
[06/07/2009 16:03:18] /r
[06/07/2009 16:03:18] /r
[06/07/2009 16:03:18] /r
[06/07/2009 16:03:18] /r
[06/07/2009 16:03:18] /r
[06/07/2009 16:03:18] /r
[06/07/2009 16:03:18] /r
[06/07/2009 16:03:18] /r
[06/07/2009 16:03:18] /r
[06/07/2009 16:03:18] /r
[06/07/2009 16:03:18] /r
[06/07/2009 16:03:18] /r
[06/07/2009 16:03:18] /r
[06/07/2009 16:03:18] /r
[06/07/2009 16:03:18] /r
[06/07/2009 16:03:18] /r
[06/07/2009 16:03:18] /r
[06/07/2009 16:03:18] /r
[06/07/2009 16:03:18] /r
[06/07/2009 16:03:18] /r
[06/07/2009 16:03:18] /r
[06/07/2009 16:03:18] /r
[06/07/2009 16:03:18] /r
[06/07/2009 16:03:18] /r
[06/07/2009 16:03:18] /r
[06/07/2009 16:03:19] /r
[06/07/2009 16:03:19] /r
[06/07/2009 16:03:19] /r
[06/07/2009 16:03:19] /r
[06/07/2009 16:03:19] /r
[06/07/2009 16:03:19] /r
[06/07/2009 16:03:19] /r
[06/07/2009 16:03:19] /r
[06/07/2009 16:03:19] /r
[06/07/2009 16:03:19] /r
[06/07/2009 16:03:19] /r
[06/07/2009 16:03:19] /r
[06/07/2009 16:03:19] /r
[06/07/2009 16:03:19] /r
[06/07/2009 16:03:19] /r
[06/07/2009 16:03:19] /r
[06/07/2009 16:03:19] /r
[06/07/2009 16:03:19] /r
[06/07/2009 16:03:19] /r
[06/07/2009 16:03:19] /r
[06/07/2009 16:03:19] /r
[06/07/2009 16:03:19] /r
[06/07/2009 16:03:19] /r
[06/07/2009 16:03:19] /r
[06/07/2009 16:03:19] /r
[06/07/2009 16:03:19] /r
[06/07/2009 16:03:19] /r
[06/07/2009 16:03:20] /r
[06/07/2009 16:03:20] /r
[06/07/2009 16:03:20] /r
[06/07/2009 16:03:20] /r
[06/07/2009 16:03:20] /r
[06/07/2009 16:03:20] /r
[06/07/2009 16:03:20] /r
[06/07/2009 16:03:20] /r
[06/07/2009 16:03:20] /r
[06/07/2009 16:03:20] /r
[06/07/2009 16:03:20] /r
[06/07/2009 16:03:20] /r
[06/07/2009 16:03:20] /r
[06/07/2009 16:03:20] /r
[06/07/2009 16:03:20] /r
[06/07/2009 16:03:20] /r
[06/07/2009 16:03:20] /r
[06/07/2009 16:03:20] /r
[06/07/2009 16:03:20] /r
[06/07/2009 16:03:20] /r
[06/07/2009 16:03:20] /r
[06/07/2009 16:03:20] /r
[06/07/2009 16:03:20] /r
[06/07/2009 16:03:20] /r
[06/07/2009 16:03:20] /r
[06/07/2009 16:03:20] /r
[06/07/2009 16:03:20] /r
[06/07/2009 16:03:20] /r
[06/07/2009 16:03:20] /r
[06/07/2009 16:03:21] /r
[06/07/2009 16:03:21] /r
[06/07/2009 16:03:21] /r
[06/07/2009 16:03:21] /r
[06/07/2009 16:03:21] /r
[06/07/2009 16:03:21] /r
[06/07/2009 16:03:21] /r
[06/07/2009 16:03:21] /r
[06/07/2009 16:03:21] /r
[06/07/2009 16:03:21] /r
[06/07/2009 16:03:21] /r
[06/07/2009 16:03:21] /r
[06/07/2009 16:03:21] /r
[06/07/2009 16:03:21] /r
[06/07/2009 16:03:21] /r
[06/07/2009 16:03:21] /r
[06/07/2009 16:03:21] /r
[06/07/2009 16:03:21] /r
[06/07/2009 16:03:21] /r
[06/07/2009 16:03:21] /r
[06/07/2009 16:03:21] /r
[06/07/2009 16:03:21] /r
[06/07/2009 16:03:21] /r
[06/07/2009 16:03:21] /r
[06/07/2009 16:03:21] /r
[06/07/2009 16:03:21] /r
[06/07/2009 16:03:21] /r
[06/07/2009 16:03:21] /r
[06/07/2009 16:03:21] /r
[06/07/2009 16:03:22] /r
[06/07/2009 16:03:22] /r
[06/07/2009 16:03:22] /r
[06/07/2009 16:03:22] /r
[06/07/2009 16:03:22] /r
[06/07/2009 16:03:22] /r
[06/07/2009 16:03:22] /r
[06/07/2009 16:03:22] /r
[06/07/2009 16:03:22] /r
[06/07/2009 16:03:22] /r
[06/07/2009 16:03:22] /r
[06/07/2009 16:03:22] /r
[06/07/2009 16:03:22] /r
[06/07/2009 16:03:22] /r
[06/07/2009 16:03:22] /r
[06/07/2009 16:03:22] /r
[06/07/2009 16:03:22] /r
[06/07/2009 16:03:22] /r
[06/07/2009 16:03:22] /r
[06/07/2009 16:03:22] /r
[06/07/2009 16:03:22] /r
[06/07/2009 16:03:22] /r
[06/07/2009 16:03:22] /r
[06/07/2009 16:03:22] /r
[06/07/2009 16:03:22] /r
[06/07/2009 16:03:22] /r
[06/07/2009 16:03:22] /r
[06/07/2009 16:03:22] /r
[06/07/2009 16:03:23] /r
[06/07/2009 16:03:23] /r
[06/07/2009 16:03:23] /r
[06/07/2009 16:03:23] /r
[06/07/2009 16:03:23] /r
[06/07/2009 16:03:23] /r
[06/07/2009 16:03:23] /r
[06/07/2009 16:03:23] /r
[06/07/2009 16:03:23] /r
[06/07/2009 16:03:23] /r
[06/07/2009 16:03:23] /r
[06/07/2009 16:03:23] /r
[06/07/2009 16:03:23] /r
[06/07/2009 16:03:23] /r
[06/07/2009 16:03:23] /r
[06/07/2009 16:03:23] /r
[06/07/2009 16:03:23] /r
[06/07/2009 16:03:23] /r
[06/07/2009 16:03:23] /r
[06/07/2009 16:03:23] /r
[06/07/2009 16:03:23] /r
[06/07/2009 16:03:23] /r
[06/07/2009 16:03:23] /r
[06/07/2009 16:03:23] /r
[06/07/2009 16:03:23] /r
[06/07/2009 16:03:23] /r
[06/07/2009 16:03:23] /r
[06/07/2009 16:03:23] /r
[06/07/2009 16:03:23] /r
[06/07/2009 16:03:24] /r
[06/07/2009 16:03:24] /r
[06/07/2009 16:03:24] /r
[06/07/2009 16:03:24] /r
[06/07/2009 16:03:24] /r
[06/07/2009 16:03:24] /r
[06/07/2009 16:03:24] /r
[06/07/2009 16:03:24] /r
[06/07/2009 16:03:24] /r
[06/07/2009 16:03:24] /r
[06/07/2009 16:03:24] /r
[06/07/2009 16:03:24] /r
[06/07/2009 16:03:24] /r
[06/07/2009 16:03:24] /r
[06/07/2009 16:03:24] /r
[06/07/2009 16:03:24] /r
[06/07/2009 16:03:24] /r
[06/07/2009 16:03:24] /r
[06/07/2009 16:03:24] /r
[06/07/2009 16:03:24] /r
[06/07/2009 16:03:24] /r
[06/07/2009 16:03:24] /r
[06/07/2009 16:03:24] /r
[06/07/2009 16:03:24] /r
[06/07/2009 16:03:24] /r
[06/07/2009 16:03:24] /r
[06/07/2009 16:03:24] /r
[06/07/2009 16:03:24] /r
[06/07/2009 16:03:25] /r
[06/07/2009 16:03:25] /r
[06/07/2009 16:03:25] /r
[06/07/2009 16:03:25] /r
[06/07/2009 16:03:25] /r
[06/07/2009 16:03:25] /r
[06/07/2009 16:03:25] /r
[06/07/2009 16:03:25] /r
[06/07/2009 16:03:25] /r
[06/07/2009 16:03:25] /r
[06/07/2009 16:03:25] /r
[06/07/2009 16:03:25] /r
[06/07/2009 16:03:25] /r
[06/07/2009 16:03:25] /r
[06/07/2009 16:03:25] /r
[06/07/2009 16:03:25] /r
[06/07/2009 16:03:25] /r
[06/07/2009 16:03:25] /r
[06/07/2009 16:03:25] /r
[06/07/2009 16:03:25] /r
[06/07/2009 16:03:25] /r
[06/07/2009 16:03:25] /r
[06/07/2009 16:03:25] /r
[06/07/2009 16:03:25] /r
[06/07/2009 16:03:25] /r
[06/07/2009 16:03:25] /r
[06/07/2009 16:03:25] /r
[06/07/2009 16:03:25] /r
[06/07/2009 16:03:25] /r
[06/07/2009 16:03:26] /r
[06/07/2009 16:03:26] /r
[06/07/2009 16:03:26] /r
[06/07/2009 16:03:26] /r
[06/07/2009 16:03:26] /r
[06/07/2009 16:03:26] /r
[06/07/2009 16:03:26] /r
[06/07/2009 16:03:26] /r
[06/07/2009 16:03:26] /r
[06/07/2009 16:03:26] /r
[06/07/2009 16:03:26] /r
[06/07/2009 16:03:26] /r
[06/07/2009 16:03:26] /r
[06/07/2009 16:03:26] /r
[06/07/2009 16:03:26] /r
[06/07/2009 16:03:26] /r
[06/07/2009 16:03:26] /r
[06/07/2009 16:03:26] /r
[06/07/2009 16:03:26] /r
[06/07/2009 16:03:26] /r
[06/07/2009 16:03:26] /r
[06/07/2009 16:03:26] /r
[06/07/2009 16:03:26] /r
[06/07/2009 16:03:26] /r
[06/07/2009 16:03:26] /r
[06/07/2009 16:03:26] /r
[06/07/2009 16:03:26] /r
[06/07/2009 16:03:26] /r
[06/07/2009 16:03:27] /r
[06/07/2009 16:03:27] /r
[06/07/2009 16:03:27] /r
[06/07/2009 16:03:27] /r
[06/07/2009 16:03:27] /r
[06/07/2009 16:03:27] /r
[06/07/2009 16:03:27] /r
[06/07/2009 16:03:27] /r
[06/07/2009 16:03:27] /r
[06/07/2009 16:03:27] /r
[06/07/2009 16:03:27] /r
[06/07/2009 16:03:27] /r
[06/07/2009 16:03:27] /r
[06/07/2009 16:03:27] /r
[06/07/2009 16:03:27] /r
[06/07/2009 16:03:27] /r
[06/07/2009 16:03:27] /r
[06/07/2009 16:03:27] /r
[06/07/2009 16:03:27] /r
[06/07/2009 16:03:27] /r
[06/07/2009 16:03:27] /r
[06/07/2009 16:03:27] /r
[06/07/2009 16:03:27] /r
[06/07/2009 16:03:27] /r
[06/07/2009 16:03:27] /r
[06/07/2009 16:03:27] /r
[06/07/2009 16:03:27] /r
[06/07/2009 16:03:27] /r
[06/07/2009 16:03:28] /r
[06/07/2009 16:03:28] /r
[06/07/2009 16:03:28] /r
[06/07/2009 16:03:28] /r
[06/07/2009 16:03:28] /r
[06/07/2009 16:03:28] /r
[06/07/2009 16:03:28] /r
[06/07/2009 16:03:28] /r
[06/07/2009 16:03:28] /r
[06/07/2009 16:03:28] /r
[06/07/2009 16:03:28] /r
[06/07/2009 16:03:28] /r
[06/07/2009 16:03:28] /r
[06/07/2009 16:03:28] /r
[06/07/2009 16:03:28] /r
[06/07/2009 16:03:28] /r
[06/07/2009 16:03:28] /r
[06/07/2009 16:03:28] /r
[06/07/2009 16:03:28] /r
[06/07/2009 16:03:28] /r
[06/07/2009 16:03:28] /r
[06/07/2009 16:03:28] /r
[06/07/2009 16:03:28] /r
[06/07/2009 16:03:28] /r
[06/07/2009 16:03:28] /r
[06/07/2009 16:03:28] /r
[06/07/2009 16:03:28] /r
[06/07/2009 16:03:28] /r
[06/07/2009 16:03:28] /r
[06/07/2009 16:03:29] /r
[06/07/2009 16:03:29] /r
[06/07/2009 16:03:29] /r
[06/07/2009 16:03:29] /r
[06/07/2009 16:03:29] /r
[06/07/2009 16:03:29] /r
[06/07/2009 16:03:29] /r
[06/07/2009 16:03:29] /r
[06/07/2009 16:03:29] /r
[06/07/2009 16:03:29] /r
[06/07/2009 16:03:29] /r
[06/07/2009 16:03:29] /r
[06/07/2009 16:03:29] /r
[06/07/2009 16:03:29] /r
[06/07/2009 16:03:29] /r
[06/07/2009 16:03:29] /r
[06/07/2009 16:03:29] /r
[06/07/2009 16:03:29] /r
[06/07/2009 16:03:29] /r
[06/07/2009 16:03:29] /r
[06/07/2009 16:03:29] /r
[06/07/2009 16:03:29] /r
[06/07/2009 16:03:29] /r
[06/07/2009 16:03:29] /r
[06/07/2009 16:03:29] /r
[06/07/2009 16:03:29] /r
[06/07/2009 16:03:29] /r
[06/07/2009 16:03:29] /r
[06/07/2009 16:03:30] /r
[06/07/2009 16:03:30] /r
[06/07/2009 16:03:30] /r
[06/07/2009 16:03:30] /r
[06/07/2009 16:03:30] /r
[06/07/2009 16:03:30] /r
[06/07/2009 16:03:30] /r
[06/07/2009 16:03:30] /r
[06/07/2009 16:03:30] /r
[06/07/2009 16:03:30] /r
[06/07/2009 16:03:30] /r
[06/07/2009 16:03:30] /r
[06/07/2009 16:03:30] /r
[06/07/2009 16:03:30] /r
[06/07/2009 16:03:30] /r
[06/07/2009 16:03:30] /r
[06/07/2009 16:03:30] /r
[06/07/2009 16:03:30] /r
[06/07/2009 16:03:30] /r
[06/07/2009 16:03:30] /r
[06/07/2009 16:03:30] /r
[06/07/2009 16:03:30] /r
[06/07/2009 16:03:30] /r
[06/07/2009 16:03:30] /r
[06/07/2009 16:03:30] /r
[06/07/2009 16:03:30] /r
[06/07/2009 16:03:30] /r
[06/07/2009 16:03:30] /r
[06/07/2009 16:03:30] /r
[06/07/2009 16:03:31] /r
[06/07/2009 16:03:31] /r
[06/07/2009 16:03:31] /r
[06/07/2009 16:03:31] /r
[06/07/2009 16:03:31] /r
[06/07/2009 16:03:31] /r
[06/07/2009 16:03:31] /r
[06/07/2009 16:03:31] /r
[06/07/2009 16:03:31] /r
[06/07/2009 16:03:31] /r
[06/07/2009 16:03:31] /r
[06/07/2009 16:03:31] /r
[06/07/2009 16:03:31] /r
[06/07/2009 16:03:31] /r
[06/07/2009 16:03:31] /r
[06/07/2009 16:03:31] /r
[06/07/2009 16:03:31] /r
[06/07/2009 16:03:31] /r
[06/07/2009 16:03:31] /r
[06/07/2009 16:03:31] /r
[06/07/2009 16:03:31] /r
[06/07/2009 16:03:31] /r
[06/07/2009 16:03:31] /r
[06/07/2009 16:03:31] /r
[06/07/2009 16:03:31] /r
[06/07/2009 16:03:31] /r
[06/07/2009 16:03:31] /r
[06/07/2009 16:03:32] /r
[06/07/2009 16:03:32] /r
[06/07/2009 16:03:32] /r
[06/07/2009 16:03:32] /r
[06/07/2009 16:03:32] /r
[06/07/2009 16:03:32] /r
[06/07/2009 16:03:32] /r
[06/07/2009 16:03:32] /r
[06/07/2009 16:03:32] /r
[06/07/2009 16:03:32] /r
[06/07/2009 16:03:32] /r
[06/07/2009 16:03:32] /r
[06/07/2009 16:03:32] /r
[06/07/2009 16:03:32] /r
[06/07/2009 16:03:32] /r
[06/07/2009 16:03:32] /r
[06/07/2009 16:03:32] /r
[06/07/2009 16:03:32] /r
[06/07/2009 16:03:32] /r
[06/07/2009 16:03:32] /r
[06/07/2009 16:03:32] /r
[06/07/2009 16:03:32] /r
[06/07/2009 16:03:32] /r
[06/07/2009 16:03:32] /r
[06/07/2009 16:03:32] /r
[06/07/2009 16:03:32] /r
[06/07/2009 16:03:32] /r
[06/07/2009 16:03:32] /r
[06/07/2009 16:03:32] /r
[06/07/2009 16:03:33] /r
[06/07/2009 16:03:33] /r
[06/07/2009 16:03:33] /r
[06/07/2009 16:03:33] /r
[06/07/2009 16:03:33] /r
[06/07/2009 16:03:33] /r
[06/07/2009 16:03:33] /r
[06/07/2009 16:03:33] /r
[06/07/2009 16:03:33] /r
[06/07/2009 16:03:33] /r
[06/07/2009 16:03:33] /r
[06/07/2009 16:03:33] /r
[06/07/2009 16:03:33] /r
[06/07/2009 16:03:33] /r
[06/07/2009 16:03:33] /r
[06/07/2009 16:03:33] /r
[06/07/2009 16:03:33] /r
[06/07/2009 16:03:33] /r
[06/07/2009 16:03:33] /r
[06/07/2009 16:03:33] /r
[06/07/2009 16:03:33] /r
[06/07/2009 16:03:33] /r
[06/07/2009 16:03:33] /r
[06/07/2009 16:03:33] /r
[06/07/2009 16:03:33] /r
[06/07/2009 16:03:33] /r
[06/07/2009 16:03:33] /r
[06/07/2009 16:03:33] /r
[06/07/2009 16:03:34] /r
[06/07/2009 16:03:34] /r
[06/07/2009 16:03:34] /r
[06/07/2009 16:03:34] /r
[06/07/2009 16:03:34] /r
[06/07/2009 16:03:34] /r
[06/07/2009 16:03:34] /r
[06/07/2009 16:03:34] /r
[06/07/2009 16:03:34] /r
[06/07/2009 16:03:34] /r
[06/07/2009 16:03:34] /r
[06/07/2009 16:03:34] /r
[06/07/2009 16:03:34] /r
[06/07/2009 16:03:34] /r
[06/07/2009 16:03:34] /r
[06/07/2009 16:03:34] /r
[06/07/2009 16:03:34] /r
[06/07/2009 16:03:34] /r
[06/07/2009 16:03:34] /r
[06/07/2009 16:03:34] /r
[06/07/2009 16:03:34] /r
[06/07/2009 16:03:34] /r
[06/07/2009 16:03:34] /r
[06/07/2009 16:03:34] /r
[06/07/2009 16:03:34] /r
[06/07/2009 16:03:34] /r
[06/07/2009 16:03:34] /r
[06/07/2009 16:03:34] /r
[06/07/2009 16:03:34] /r
[06/07/2009 16:03:35] /r
[06/07/2009 16:03:35] /r
[06/07/2009 16:03:35] /r
[06/07/2009 16:03:35] /r
[06/07/2009 16:03:35] /r
[06/07/2009 16:03:35] /r
[06/07/2009 16:03:35] /r
[06/07/2009 16:03:35] /r
[06/07/2009 16:03:35] /r
[06/07/2009 16:03:35] /r
[06/07/2009 16:03:35] /r
[06/07/2009 16:03:35] /r
[06/07/2009 16:03:35] /r
[06/07/2009 16:03:35] /r
[06/07/2009 16:03:35] /r
[06/07/2009 16:03:35] /r
[06/07/2009 16:03:35] /r
[06/07/2009 16:03:35] /r
[06/07/2009 16:03:35] /r
[06/07/2009 16:03:35] /r
[06/07/2009 16:03:35] /r
[06/07/2009 16:03:35] /r
[06/07/2009 16:03:35] /r
[06/07/2009 16:03:35] /r
[06/07/2009 16:03:35] /r
[06/07/2009 16:03:35] /r
[06/07/2009 16:03:35] /r
[06/07/2009 16:03:35] /r
[06/07/2009 16:03:36] /r
[06/07/2009 16:03:36] /r
[06/07/2009 16:03:36] /r
[06/07/2009 16:03:36] /r
[06/07/2009 16:03:36] /r
[06/07/2009 16:03:36] /r
[06/07/2009 16:03:36] /r
[06/07/2009 16:03:36] /r
[06/07/2009 16:03:36] /r
[06/07/2009 16:03:36] /r
[06/07/2009 16:03:36] /r
[06/07/2009 16:03:36] /r
[06/07/2009 16:03:36] /r
[06/07/2009 16:03:36] /r
[06/07/2009 16:03:36] /r
[06/07/2009 16:03:36] /r
[06/07/2009 16:03:36] /r
[06/07/2009 16:03:36] /r
[06/07/2009 16:03:36] /r
[06/07/2009 16:03:36] /r
[06/07/2009 16:03:36] /r
[06/07/2009 16:03:36] /r
[06/07/2009 16:03:36] /r
[06/07/2009 16:03:36] /r
[06/07/2009 16:03:36] /r
[06/07/2009 16:03:36] /r
[06/07/2009 16:03:36] /r
[06/07/2009 16:03:36] /r
[06/07/2009 16:03:36] /r
[06/07/2009 16:03:37] /r
[06/07/2009 16:03:37] /r
[06/07/2009 16:03:37] /r
[06/07/2009 16:03:37] /r
[06/07/2009 16:03:37] /r
[06/07/2009 16:03:37] /r
[06/07/2009 16:03:37] /r
[06/07/2009 16:03:37] /r
[06/07/2009 16:03:37] /r
[06/07/2009 16:03:37] /r
[06/07/2009 16:03:37] /r
[06/07/2009 16:03:37] /r
[06/07/2009 16:03:37] /r
[06/07/2009 16:03:37] /r
[06/07/2009 16:03:37] /r
[06/07/2009 16:03:37] /r
[06/07/2009 16:03:37] /r
[06/07/2009 16:03:37] /r
[06/07/2009 16:03:37] /r
[06/07/2009 16:03:37] /r
[06/07/2009 16:03:37] /r
[06/07/2009 16:03:37] /r
[06/07/2009 16:03:37] /r
[06/07/2009 16:03:37] /r
[06/07/2009 16:03:37] /r
[06/07/2009 16:03:37] /r
[06/07/2009 16:03:37] /r
[06/07/2009 16:03:37] /r
[06/07/2009 16:03:38] /r
[06/07/2009 16:03:38] /r
[06/07/2009 16:03:38] /r
[06/07/2009 16:03:38] /r
[06/07/2009 16:03:38] /r
[06/07/2009 16:03:38] /r
[06/07/2009 16:03:38] /r
[06/07/2009 16:03:38] /r
[06/07/2009 16:03:38] /r
[06/07/2009 16:03:38] /r
[06/07/2009 16:03:38] /r
[06/07/2009 16:03:38] /r
[06/07/2009 16:03:38] /r
[06/07/2009 16:03:38] /r
[06/07/2009 16:03:38] /r
[06/07/2009 16:03:38] /r
[06/07/2009 16:03:38] /r
[06/07/2009 16:03:38] /r
[06/07/2009 16:03:38] /r
[06/07/2009 16:03:38] /r
[06/07/2009 16:03:38] /r
[06/07/2009 16:03:38] /r
[06/07/2009 16:03:38] /r
[06/07/2009 16:03:38] /r
[06/07/2009 16:03:38] /r
[06/07/2009 16:03:38] /r
[06/07/2009 16:03:38] /r
[06/07/2009 16:03:39] /r
[06/07/2009 16:03:39] /r
[06/07/2009 16:03:39] /r
[06/07/2009 16:03:39] /r
[06/07/2009 16:03:39] /r
[06/07/2009 16:03:39] /r
[06/07/2009 16:03:39] /r
[06/07/2009 16:03:39] /r
[06/07/2009 16:03:39] /r
[06/07/2009 16:03:39] /r
[06/07/2009 16:03:39] /r
[06/07/2009 16:03:39] /r
[06/07/2009 16:03:39] /r
[06/07/2009 16:03:39] /r
[06/07/2009 16:03:39] /r
[06/07/2009 16:03:39] /r
[06/07/2009 16:03:39] /r
[06/07/2009 16:03:39] /r
[06/07/2009 16:03:39] /r
[06/07/2009 16:03:39] /r
[06/07/2009 16:03:39] /r
[06/07/2009 16:03:39] /r
[06/07/2009 16:03:39] /r
[06/07/2009 16:03:39] /r
[06/07/2009 16:03:39] /r
[06/07/2009 16:03:39] /r
[06/07/2009 16:03:39] /r
[06/07/2009 16:03:39] /r
[06/07/2009 16:03:39] /r
[06/07/2009 16:03:40] /r
[06/07/2009 16:03:40] /r
[06/07/2009 16:03:40] /r
[06/07/2009 16:03:40] /r
[06/07/2009 16:03:40] /r
[06/07/2009 16:03:40] /r
[06/07/2009 16:03:40] /r
[06/07/2009 16:03:40] /r
[06/07/2009 16:03:40] /r
[06/07/2009 16:03:40] /r
[06/07/2009 16:03:40] /r
[06/07/2009 16:03:40] /r
[06/07/2009 16:03:40] /r
[06/07/2009 16:03:40] /r
[06/07/2009 16:03:40] /r
[06/07/2009 16:03:40] /r
[06/07/2009 16:03:40] /r
[06/07/2009 16:03:40] /r
[06/07/2009 16:03:40] /r
[06/07/2009 16:03:40] /r
[06/07/2009 16:03:40] /r
[06/07/2009 16:03:40] /r
[06/07/2009 16:03:40] /r
[06/07/2009 16:03:40] /r
[06/07/2009 16:03:40] /r
[06/07/2009 16:03:40] /r
[06/07/2009 16:03:40] /r
[06/07/2009 16:03:40] /r
[06/07/2009 16:03:41] /r
[06/07/2009 16:03:41] /r
[06/07/2009 16:03:41] /r
[06/07/2009 16:03:41] /r
[06/07/2009 16:03:41] /r
[06/07/2009 16:03:41] /r
[06/07/2009 16:03:41] /r
[06/07/2009 16:03:41] /r
[06/07/2009 16:03:41] /r
[06/07/2009 16:03:41] /r
[06/07/2009 16:03:41] /r
[06/07/2009 16:03:41] /r
[06/07/2009 16:03:41] /r
[06/07/2009 16:03:41] /r
[06/07/2009 16:03:41] /r
[06/07/2009 16:03:41] /r
[06/07/2009 16:03:41] /r
[06/07/2009 16:03:41] /r
[06/07/2009 16:03:41] /r
[06/07/2009 16:03:41] /r
[06/07/2009 16:03:41] /r
[06/07/2009 16:03:41] /r
[06/07/2009 16:03:41] /r
[06/07/2009 16:03:41] /r
[06/07/2009 16:03:41] /r
[06/07/2009 16:03:41] /r
[06/07/2009 16:03:41] /r
[06/07/2009 16:03:41] /r
[06/07/2009 16:03:42] /r
[06/07/2009 16:03:42] /r
[06/07/2009 16:03:42] /r
[06/07/2009 16:03:42] /r
[06/07/2009 16:03:42] /r
[06/07/2009 16:03:42] /r
[06/07/2009 16:03:42] /r
[06/07/2009 16:03:42] /r
[06/07/2009 16:03:42] /r
[06/07/2009 16:03:42] /r
[06/07/2009 16:03:42] /r
[06/07/2009 16:03:42] /r
[06/07/2009 16:03:42] /r
[06/07/2009 16:03:42] /r
[06/07/2009 16:03:42] /r
[06/07/2009 16:03:42] /r
[06/07/2009 16:03:42] /r
[06/07/2009 16:03:42] /r
[06/07/2009 16:03:42] /r
[06/07/2009 16:03:42] /r
[06/07/2009 16:03:42] /r
[06/07/2009 16:03:42] /r
[06/07/2009 16:03:42] /r
[06/07/2009 16:03:42] /r
[06/07/2009 16:03:42] /r
[06/07/2009 16:03:42] /r
[06/07/2009 16:03:42] /r
[06/07/2009 16:03:42] /r
[06/07/2009 16:03:43] /r
[06/07/2009 16:03:43] /r
[06/07/2009 16:03:43] /r
[06/07/2009 16:03:43] /r
[06/07/2009 16:03:43] /r
[06/07/2009 16:03:43] /r
[06/07/2009 16:03:43] /r
[06/07/2009 16:03:43] /r
[06/07/2009 16:03:43] /r
[06/07/2009 16:03:43] /r
[06/07/2009 16:03:43] /r
[06/07/2009 16:03:43] /r
[06/07/2009 16:03:43] /r
[06/07/2009 16:03:43] /r
[06/07/2009 16:03:43] /r
[06/07/2009 16:03:43] /r
[06/07/2009 16:03:43] /r
[06/07/2009 16:03:43] /r
[06/07/2009 16:03:43] /r
[06/07/2009 16:03:43] /r
[06/07/2009 16:03:43] /r
[06/07/2009 16:03:43] /r
[06/07/2009 16:03:43] /r
[06/07/2009 16:03:43] /r
[06/07/2009 16:03:43] /r
[06/07/2009 16:03:43] /r
[06/07/2009 16:03:43] /r
[06/07/2009 16:03:43] /r
[06/07/2009 16:03:44] /r
[06/07/2009 16:03:44] /r
[06/07/2009 16:03:44] /r
[06/07/2009 16:03:44] /r
[06/07/2009 16:03:44] /r
[06/07/2009 16:03:44] /r
[06/07/2009 16:03:44] /r
[06/07/2009 16:03:44] /r
[06/07/2009 16:03:44] /r
[06/07/2009 16:03:44] /r
[06/07/2009 16:03:44] /r
[06/07/2009 16:03:44] /r
[06/07/2009 16:03:44] /r
[06/07/2009 16:03:44] /r
[06/07/2009 16:03:44] /r
[06/07/2009 16:03:44] /r
[06/07/2009 16:03:44] /r
[06/07/2009 16:03:44] /r
[06/07/2009 16:03:44] /r
[06/07/2009 16:03:44] /r
[06/07/2009 16:03:44] /r
[06/07/2009 16:03:44] /r
[06/07/2009 16:03:44] /r
[06/07/2009 16:03:44] /r
[06/07/2009 16:03:44] /r
[06/07/2009 16:03:44] /r
[06/07/2009 16:03:44] /r
[06/07/2009 16:03:44] /r
[06/07/2009 16:03:45] /r
[06/07/2009 16:03:45] /r
[06/07/2009 16:03:45] /r
[06/07/2009 16:03:45] /r
[06/07/2009 16:03:45] /r
[06/07/2009 16:03:45] /r
[06/07/2009 16:03:45] /r
[06/07/2009 16:03:45] /r
[06/07/2009 16:03:45] /r
[06/07/2009 16:03:45] /r
[06/07/2009 16:03:45] /r
[06/07/2009 16:03:45] /r
[06/07/2009 16:03:45] /r
[06/07/2009 16:03:45] /r
[06/07/2009 16:03:45] /r
[06/07/2009 16:03:45] /r
[06/07/2009 16:03:45] /r
[06/07/2009 16:03:45] /r
[06/07/2009 16:03:45] /r
[06/07/2009 16:03:45] /r
[06/07/2009 16:03:45] /r
[06/07/2009 16:03:45] /r
[06/07/2009 16:03:45] /r
[06/07/2009 16:03:45] /r
[06/07/2009 16:03:45] /r
[06/07/2009 16:03:45] /r
[06/07/2009 16:03:45] /r
[06/07/2009 16:03:45] /r
[06/07/2009 16:03:46] /r
[06/07/2009 16:03:46] /r
[06/07/2009 16:03:46] /r
[06/07/2009 16:03:46] /r
[06/07/2009 16:03:46] /r
[06/07/2009 16:03:46] /r
[06/07/2009 16:03:46] /r
[06/07/2009 16:03:46] /r
[06/07/2009 16:03:46] /r
[06/07/2009 16:03:46] /r
[06/07/2009 16:03:46] /r
[06/07/2009 16:03:46] /r
[06/07/2009 16:03:46] /r
[06/07/2009 16:03:46] /r
[06/07/2009 16:03:46] /r
[06/07/2009 16:03:46] /r
[06/07/2009 16:03:46] /r
[06/07/2009 16:03:46] /r
[06/07/2009 16:03:46] /r
[06/07/2009 16:03:46] /r
[06/07/2009 16:03:46] /r
[06/07/2009 16:03:46] /r
[06/07/2009 16:03:46] /r
[06/07/2009 16:03:46] /r
[06/07/2009 16:03:46] /r
[06/07/2009 16:03:46] /r
[06/07/2009 16:03:46] /r
[06/07/2009 16:03:46] /r
[06/07/2009 16:03:47] /r
[06/07/2009 16:03:47] /r
[06/07/2009 16:03:47] /r
[06/07/2009 16:03:47] /r
[06/07/2009 16:03:47] /r
[06/07/2009 16:03:47] /r
[06/07/2009 16:03:47] /r
[06/07/2009 16:03:47] /r
[06/07/2009 16:03:47] /r
[06/07/2009 16:03:47] /r
[06/07/2009 16:03:47] /r
[06/07/2009 16:03:47] /r
[06/07/2009 16:03:47] /r
[06/07/2009 16:03:47] /r
[06/07/2009 16:03:47] /r
[06/07/2009 16:03:47] /r
[06/07/2009 16:03:47] /r
[06/07/2009 16:03:47] /r
[06/07/2009 16:03:47] /r
[06/07/2009 16:03:47] /r
[06/07/2009 16:03:47] /r
[06/07/2009 16:03:47] /r
[06/07/2009 16:03:47] /r
[06/07/2009 16:03:47] /r
[06/07/2009 16:03:47] /r
[06/07/2009 16:03:47] /r
[06/07/2009 16:03:47] /r
[06/07/2009 16:03:48] /r
[06/07/2009 16:03:48] /r
[06/07/2009 16:03:48] /r
[06/07/2009 16:03:48] /r
[06/07/2009 16:03:48] /r
[06/07/2009 16:03:48] /r
[06/07/2009 16:03:48] /r
[06/07/2009 16:03:48] /r
[06/07/2009 16:03:48] /r
[06/07/2009 16:03:48] /r
[06/07/2009 16:03:48] /r
[06/07/2009 16:03:48] /r
[06/07/2009 16:03:48] /r
[06/07/2009 16:03:48] /r
[06/07/2009 16:03:48] /r
[06/07/2009 16:03:48] /r
[06/07/2009 16:03:48] /r
[06/07/2009 16:03:48] /r
[06/07/2009 16:03:48] /r
[06/07/2009 16:03:48] /r
[06/07/2009 16:03:48] /r
[06/07/2009 16:03:48] /r
[06/07/2009 16:03:48] /r
[06/07/2009 16:03:48] /r
[06/07/2009 16:03:48] /r
[06/07/2009 16:03:48] /r
[06/07/2009 16:03:48] /r
[06/07/2009 16:03:48] /r
[06/07/2009 16:03:49] /r
[06/07/2009 16:03:49] /r
[06/07/2009 16:03:49] /r
[06/07/2009 16:03:49] /r
[06/07/2009 16:03:49] /r
[06/07/2009 16:03:49] /r
[06/07/2009 16:03:49] /r
[06/07/2009 16:03:49] /r
[06/07/2009 16:03:49] /r
[06/07/2009 16:03:49] /r
[06/07/2009 16:03:49] /r
[06/07/2009 16:03:49] /r
[06/07/2009 16:03:49] /r
[06/07/2009 16:03:49] /r
[06/07/2009 16:03:49] /r
[06/07/2009 16:03:49] /r
[06/07/2009 16:03:49] /r
[06/07/2009 16:03:49] /r
[06/07/2009 16:03:49] /r
[06/07/2009 16:03:49] /r
[06/07/2009 16:03:49] /r
[06/07/2009 16:03:49] /r
[06/07/2009 16:03:49] /r
[06/07/2009 16:03:49] /r
[06/07/2009 16:03:49] /r
[06/07/2009 16:03:49] /r
[06/07/2009 16:03:49] /r
[06/07/2009 16:03:49] /r
[06/07/2009 16:03:50] /r
[06/07/2009 16:03:50] /r
[06/07/2009 16:03:50] /r
[06/07/2009 16:03:50] /r
[06/07/2009 16:03:50] /r
[06/07/2009 16:03:50] /r
[06/07/2009 16:03:50] /r
[06/07/2009 16:03:50] /r
[06/07/2009 16:03:50] /r
[06/07/2009 16:03:50] /r
[06/07/2009 16:03:50] /r
[06/07/2009 16:03:50] /r
[06/07/2009 16:03:50] /r
[06/07/2009 16:03:50] /r
[06/07/2009 16:03:50] /r
[06/07/2009 16:03:50] /r
[06/07/2009 16:03:50] /r
[06/07/2009 16:03:50] /r
[06/07/2009 16:03:50] /r
[06/07/2009 16:03:50] /r
[06/07/2009 16:03:50] /r
[06/07/2009 16:03:50] /r
[06/07/2009 16:03:50] /r
[06/07/2009 16:03:50] /r
[06/07/2009 16:03:50] /r
[06/07/2009 16:03:50] /r
[06/07/2009 16:03:50] /r
[06/07/2009 16:03:50] /r
[06/07/2009 16:03:51] /r
[06/07/2009 16:03:51] /r
[06/07/2009 16:03:51] /r
[06/07/2009 16:03:51] /r
[06/07/2009 16:03:51] /r
[06/07/2009 16:03:51] /r
[06/07/2009 16:03:51] /r
[06/07/2009 16:03:51] /r
[06/07/2009 16:03:51] /r
[06/07/2009 16:03:51] /r
[06/07/2009 16:03:51] /r
[06/07/2009 16:03:51] /r
[06/07/2009 16:03:51] /r
[06/07/2009 16:03:51] /r
[06/07/2009 16:03:51] /r
[06/07/2009 16:03:51] /r
[06/07/2009 16:03:51] /r
[06/07/2009 16:03:51] /r
[06/07/2009 16:03:51] /r
[06/07/2009 16:03:51] /r
[06/07/2009 16:03:51] /r
[06/07/2009 16:03:51] /r
[06/07/2009 16:03:51] /r
[06/07/2009 16:03:51] /r
[06/07/2009 16:03:51] /r
[06/07/2009 16:03:51] /r
[06/07/2009 16:03:51] /r
[06/07/2009 16:03:52] /r
[06/07/2009 16:03:52] /r
[06/07/2009 16:03:52] /r
[06/07/2009 16:03:52] /r
[06/07/2009 16:03:52] /r
[06/07/2009 16:03:52] /r
[06/07/2009 16:03:52] /r
[06/07/2009 16:03:52] /r
[06/07/2009 16:03:52] /r
[06/07/2009 16:03:52] /r
[06/07/2009 16:03:52] /r
[06/07/2009 16:03:52] /r
[06/07/2009 16:03:52] /r
[06/07/2009 16:03:52] /r
[06/07/2009 16:03:52] /r
[06/07/2009 16:03:52] /r
[06/07/2009 16:03:52] /r
[06/07/2009 16:03:52] /r
[06/07/2009 16:03:52] /r
[06/07/2009 16:03:52] /r
[06/07/2009 16:03:52] /r
[06/07/2009 16:03:52] /r
[06/07/2009 16:03:52] /r
[06/07/2009 16:03:52] /r
[06/07/2009 16:03:52] /r
[06/07/2009 16:03:52] /r
[06/07/2009 16:03:53] /r
[06/07/2009 16:03:53] /r
[06/07/2009 16:03:53] /r
[06/07/2009 16:03:53] /r
[06/07/2009 16:03:53] /r
[06/07/2009 16:03:53] /r
[06/07/2009 16:03:53] /r
[06/07/2009 16:03:53] /r
[06/07/2009 16:03:53] /r
[06/07/2009 16:03:53] /r
[06/07/2009 16:03:53] /r
[06/07/2009 16:03:53] /r
[06/07/2009 16:03:53] /r
[06/07/2009 16:03:53] /r
[06/07/2009 16:03:53] /r
[06/07/2009 16:03:53] /r
[06/07/2009 16:03:53] /r
[06/07/2009 16:03:53] /r
[06/07/2009 16:03:53] /r
[06/07/2009 16:03:53] /r
[06/07/2009 16:03:53] /r
[06/07/2009 16:03:53] /r
[06/07/2009 16:03:53] /r
[06/07/2009 16:03:53] /r
[06/07/2009 16:03:53] /r
[06/07/2009 16:03:53] /r
[06/07/2009 16:03:53] /r
[06/07/2009 16:03:53] /r
[06/07/2009 16:03:53] /r
[06/07/2009 16:03:54] /r
[06/07/2009 16:03:54] /r
[06/07/2009 16:03:54] /r
[06/07/2009 16:03:54] /r
[06/07/2009 16:03:54] /r
[06/07/2009 16:03:54] /r
[06/07/2009 16:03:54] /r
[06/07/2009 16:03:54] /r
[06/07/2009 16:03:54] /r
[06/07/2009 16:03:54] /r
[06/07/2009 16:03:54] /r
[06/07/2009 16:03:54] /r
[06/07/2009 16:03:54] /r
[06/07/2009 16:03:54] /r
[06/07/2009 16:03:54] /r
[06/07/2009 16:03:54] /r
[06/07/2009 16:03:54] /r
[06/07/2009 16:03:54] /r
[06/07/2009 16:03:54] /r
[06/07/2009 16:03:54] /r
[06/07/2009 16:03:54] /r
[06/07/2009 16:03:54] /r
[06/07/2009 16:03:54] /r
[06/07/2009 16:03:54] /r
[06/07/2009 16:03:54] /r
[06/07/2009 16:03:54] /r
[06/07/2009 16:03:54] /r
[06/07/2009 16:03:55] /r
[06/07/2009 16:03:55] /r
[06/07/2009 16:03:55] /r
[06/07/2009 16:03:55] /r
[06/07/2009 16:03:55] /r
[06/07/2009 16:03:55] /r
[06/07/2009 16:03:55] /r
[06/07/2009 16:03:55] /r
[06/07/2009 16:03:55] /r
[06/07/2009 16:03:55] /r
[06/07/2009 16:03:55] /r
[06/07/2009 16:03:55] /r
[06/07/2009 16:03:55] /r
[06/07/2009 16:03:55] /r
[06/07/2009 16:03:55] /r
[06/07/2009 16:03:55] /r
[06/07/2009 16:03:55] /r
[06/07/2009 16:03:55] /r
[06/07/2009 16:03:55] /r
[06/07/2009 16:03:55] /r
[06/07/2009 16:03:55] /r
[06/07/2009 16:03:56] /r
[06/07/2009 16:03:56] /r
[06/07/2009 16:03:56] /r
[06/07/2009 16:03:57] /r
[06/07/2009 16:03:57] /r
[06/07/2009 16:03:57] /r
[06/07/2009 16:03:58] /r
[06/07/2009 16:03:58] /r
[06/07/2009 16:03:58] /r
[06/07/2009 16:03:58] /r
[06/07/2009 16:03:59] /r
[06/07/2009 16:03:59] /r
[06/07/2009 16:03:59] /r
[06/07/2009 16:04:00] /r
[06/07/2009 16:04:00] /r
[06/07/2009 16:04:00] /r
[06/07/2009 16:04:07] /r
[06/07/2009 16:04:08] /r
[06/07/2009 16:04:08] /r
[06/07/2009 16:04:08] /r
[06/07/2009 16:04:08] /r
[06/07/2009 16:04:08] /r
[06/07/2009 16:04:08] /r
[06/07/2009 16:04:08] /r
[06/07/2009 16:04:08] /r
[06/07/2009 16:04:08] /r
[06/07/2009 16:04:08] /r
[06/07/2009 16:04:08] /r
[06/07/2009 16:04:08] /r
[06/07/2009 16:04:08] /r
[06/07/2009 16:04:08] /r
[06/07/2009 16:04:08] /r
[06/07/2009 16:04:08] /r
[06/07/2009 16:04:08] /r
[06/07/2009 16:04:08] /r
[06/07/2009 16:04:08] /r
[06/07/2009 16:04:08] /r
[06/07/2009 16:04:08] /r
[06/07/2009 16:04:08] /r
[06/07/2009 16:04:09] /r
[06/07/2009 16:04:09] /r
[06/07/2009 16:04:09] /r
[06/07/2009 16:04:09] /r
[06/07/2009 16:04:09] /r
[06/07/2009 16:04:09] /r
[06/07/2009 16:04:09] /r
[06/07/2009 16:04:09] /r
[06/07/2009 16:04:09] /r
[06/07/2009 16:04:09] /r
[06/07/2009 16:04:09] /r
[06/07/2009 16:04:09] /r
[06/07/2009 16:04:09] /r
[06/07/2009 16:04:09] /r
[06/07/2009 16:04:09] /r
[06/07/2009 16:04:09] /r
[06/07/2009 16:04:09] /r
[06/07/2009 16:04:09] /r
[06/07/2009 16:04:09] /r
[06/07/2009 16:04:09] /r
[06/07/2009 16:04:09] /r
[06/07/2009 16:04:09] /r
[06/07/2009 16:04:09] /r
[06/07/2009 16:04:09] /r
[06/07/2009 16:04:09] /r
[06/07/2009 16:04:09] /r
[06/07/2009 16:04:09] /r
[06/07/2009 16:04:09] /r
[06/07/2009 16:04:09] /r
[06/07/2009 16:04:10] /r
[06/07/2009 16:04:10] /r
[06/07/2009 16:04:10] /r
[06/07/2009 16:04:10] /r
[06/07/2009 16:04:10] /r
[06/07/2009 16:04:10] /r
[06/07/2009 16:04:10] /r
[06/07/2009 16:04:10] /r
[06/07/2009 16:04:10] /r
[06/07/2009 16:04:10] /r
[06/07/2009 16:04:10] /r
[06/07/2009 16:04:10] /r
[06/07/2009 16:04:10] /r
[06/07/2009 16:04:10] /r
[06/07/2009 16:04:10] /r
[06/07/2009 16:04:10] /r
[06/07/2009 16:04:10] /r
[06/07/2009 16:04:10] /r
[06/07/2009 16:04:10] /r
[06/07/2009 16:04:10] /r
[06/07/2009 16:04:10] /r
[06/07/2009 16:04:10] /r
[06/07/2009 16:04:10] /r
[06/07/2009 16:04:10] /r
[06/07/2009 16:04:10] /r
[06/07/2009 16:04:10] /r
[06/07/2009 16:04:10] /r
[06/07/2009 16:04:10] /r
[06/07/2009 16:04:11] /r
[06/07/2009 16:04:11] /r
[06/07/2009 16:04:11] /r
[06/07/2009 16:04:11] /r
[06/07/2009 16:04:11] /r
[06/07/2009 16:04:11] /r
[06/07/2009 16:04:11] /r
[06/07/2009 16:04:11] /r
[06/07/2009 16:04:11] /r
[06/07/2009 16:04:11] /r
[06/07/2009 16:04:11] /r
[06/07/2009 16:04:11] /r
[06/07/2009 16:04:11] /r
[06/07/2009 16:04:11] /r
[06/07/2009 16:04:11] /r
[06/07/2009 16:04:11] /r
[06/07/2009 16:04:11] /r
[06/07/2009 16:04:11] /r
[06/07/2009 16:04:11] /r
[06/07/2009 16:04:11] /r
[06/07/2009 16:04:11] /r
[06/07/2009 16:04:11] /r
[06/07/2009 16:04:11] /r
[06/07/2009 16:04:11] /r
[06/07/2009 16:04:11] /r
[06/07/2009 16:04:11] /r
[06/07/2009 16:04:11] /r
[06/07/2009 16:04:11] /r
[06/07/2009 16:04:11] /r
[06/07/2009 16:04:12] /r
[06/07/2009 16:04:12] /r
[06/07/2009 16:04:12] /r
[06/07/2009 16:04:12] /r
[06/07/2009 16:04:12] /r
[06/07/2009 16:04:12] /r
[06/07/2009 16:04:12] /r
[06/07/2009 16:04:12] /r
[06/07/2009 16:04:12] /r
[06/07/2009 16:04:12] /r
[06/07/2009 16:04:12] /r
[06/07/2009 16:04:12] /r
[06/07/2009 16:04:12] /r
[06/07/2009 16:04:12] /r
[06/07/2009 16:04:12] /r
[06/07/2009 16:04:12] /r
[06/07/2009 16:04:12] /r
[06/07/2009 16:04:12] /r
[06/07/2009 16:04:12] /r
[06/07/2009 16:04:12] /r
[06/07/2009 16:04:12] /r
[06/07/2009 16:04:12] /r
[06/07/2009 16:04:12] /r
[06/07/2009 16:04:12] /r
[06/07/2009 16:04:12] /r
[06/07/2009 16:04:12] /r
[06/07/2009 16:04:12] /r
[06/07/2009 16:04:12] /r
[06/07/2009 16:04:13] /r
[06/07/2009 16:04:13] /r
[06/07/2009 16:04:13] /r
[06/07/2009 16:04:13] /r
[06/07/2009 16:04:13] /r
[06/07/2009 16:04:13] /r
[06/07/2009 16:04:13] /r
[06/07/2009 16:04:13] /r
[06/07/2009 16:04:13] /r
[06/07/2009 16:04:13] /r
[06/07/2009 16:04:13] /r
[06/07/2009 16:04:13] /r
[06/07/2009 16:04:13] /r
[06/07/2009 16:04:13] /r
[06/07/2009 16:04:13] /r
[06/07/2009 16:04:13] /r
[06/07/2009 16:04:13] /r
[06/07/2009 16:04:13] /r
[06/07/2009 16:04:13] /r
[06/07/2009 16:04:13] /r
[06/07/2009 16:04:13] /r
[06/07/2009 16:04:13] /r
[06/07/2009 16:04:13] /r
[06/07/2009 16:04:13] /r
[06/07/2009 16:04:13] /r
[06/07/2009 16:04:13] /r
[06/07/2009 16:04:13] /r
[06/07/2009 16:04:13] /r
[06/07/2009 16:04:13] /r
[06/07/2009 16:04:14] /r
[06/07/2009 16:04:14] /r
[06/07/2009 16:04:14] /r
[06/07/2009 16:04:14] /r
[06/07/2009 16:04:14] /r
[06/07/2009 16:04:14] /r
[06/07/2009 16:04:14] /r
[06/07/2009 16:04:14] /r
[06/07/2009 16:04:14] /r
[06/07/2009 16:04:14] /r
[06/07/2009 16:04:14] /r
[06/07/2009 16:04:14] /r
[06/07/2009 16:04:14] /r
[06/07/2009 16:04:14] /r
[06/07/2009 16:04:14] /r
[06/07/2009 16:04:14] /r
[06/07/2009 16:04:14] /r
[06/07/2009 16:04:14] /r
[06/07/2009 16:04:14] /r
[06/07/2009 16:04:14] /r
[06/07/2009 16:04:14] /r
[06/07/2009 16:04:14] /r
[06/07/2009 16:04:14] /r
[06/07/2009 16:04:14] /r
[06/07/2009 16:04:14] /r
[06/07/2009 16:04:14] /r
[06/07/2009 16:04:14] /r
[06/07/2009 16:04:14] /r
[06/07/2009 16:04:15] /r
[06/07/2009 16:04:15] /r
[06/07/2009 16:04:15] /r
[06/07/2009 16:04:15] /r
[06/07/2009 16:04:15] /r
[06/07/2009 16:04:15] /r
[06/07/2009 16:04:15] /r
[06/07/2009 16:04:15] /r
[06/07/2009 16:04:15] /r
[06/07/2009 16:04:15] /r
[06/07/2009 16:04:15] /r
[06/07/2009 16:04:15] /r
[06/07/2009 16:04:15] /r
[06/07/2009 16:04:15] /r
[06/07/2009 16:04:15] /r
[06/07/2009 16:04:15] /r
[06/07/2009 16:04:15] /r
[06/07/2009 16:04:15] /r
[06/07/2009 16:04:15] /r
[06/07/2009 16:04:15] /r
[06/07/2009 16:04:15] /r
[06/07/2009 16:04:15] /r
[06/07/2009 16:04:15] /r
[06/07/2009 16:04:15] /r
[06/07/2009 16:04:15] /r
[06/07/2009 16:04:15] /r
[06/07/2009 16:04:15] /r
[06/07/2009 16:04:15] /r
[06/07/2009 16:04:15] /r
[06/07/2009 16:04:16] /r
[06/07/2009 16:04:16] /r
[06/07/2009 16:04:16] /r
[06/07/2009 16:04:16] /r
[06/07/2009 16:04:16] /r
[06/07/2009 16:04:16] /r
[06/07/2009 16:04:16] /r
[06/07/2009 16:04:16] /r
[06/07/2009 16:04:16] /r
[06/07/2009 16:04:16] /r
[06/07/2009 16:04:16] /r
[06/07/2009 16:04:16] /r
[06/07/2009 16:04:16] /r
[06/07/2009 16:04:16] /r
[06/07/2009 16:04:16] /r
[06/07/2009 16:04:16] /r
[06/07/2009 16:04:16] /r
[06/07/2009 16:04:16] /r
[06/07/2009 16:04:16] /r
[06/07/2009 16:04:16] /r
[06/07/2009 16:04:16] /r
[06/07/2009 16:04:16] /r
[06/07/2009 16:04:16] /r
[06/07/2009 16:04:16] /r
[06/07/2009 16:04:16] /r
[06/07/2009 16:04:16] /r
[06/07/2009 16:04:16] /r
[06/07/2009 16:04:16] /r
[06/07/2009 16:04:17] /r
[06/07/2009 16:04:17] /r
[06/07/2009 16:04:17] /r
[06/07/2009 16:04:17] /r
[06/07/2009 16:04:18] /r
[06/07/2009 16:04:18] /r
[06/07/2009 16:04:18] /r
[06/07/2009 16:04:19] /r
[06/07/2009 16:04:19] /r
[06/07/2009 16:04:19] /r
[06/07/2009 16:04:20] /r
[06/07/2009 16:04:20] /r
[06/07/2009 16:04:20] /r
[06/07/2009 16:04:21] /r
[06/07/2009 16:04:21] /r
[06/07/2009 16:04:21] /r
[06/07/2009 16:04:22] /r
[06/07/2009 16:04:22] /r
[06/07/2009 16:04:22] /r
[06/07/2009 16:04:22] /r
[06/07/2009 16:04:22] /r
[06/07/2009 16:04:22] /r
[06/07/2009 16:04:22] /r
[06/07/2009 16:04:22] /r
[06/07/2009 16:04:22] /r
[06/07/2009 16:04:22] /r
[06/07/2009 16:04:22] /r
[06/07/2009 16:04:22] /r
[06/07/2009 16:04:22] /r
[06/07/2009 16:04:22] /r
[06/07/2009 16:04:22] /r
[06/07/2009 16:04:22] /r
[06/07/2009 16:04:22] /r
[06/07/2009 16:04:22] /r
[06/07/2009 16:04:22] /r
[06/07/2009 16:04:22] /r
[06/07/2009 16:04:22] /r
[06/07/2009 16:04:22] /r
[06/07/2009 16:04:22] /r
[06/07/2009 16:04:22] /r
[06/07/2009 16:04:22] /r
[06/07/2009 16:04:22] /r
[06/07/2009 16:04:22] /r
[06/07/2009 16:04:22] /r
[06/07/2009 16:04:23] /r
[06/07/2009 16:04:23] /r
[06/07/2009 16:04:23] /r
[06/07/2009 16:04:23] /r
[06/07/2009 16:04:23] /r
[06/07/2009 16:04:23] /r
[06/07/2009 16:04:23] /r
[06/07/2009 16:04:23] /r
[06/07/2009 16:04:23] /r
[06/07/2009 16:04:23] /r
[06/07/2009 16:04:23] /r
[06/07/2009 16:04:23] /r
[06/07/2009 16:04:23] /r
[06/07/2009 16:04:23] /r
[06/07/2009 16:04:23] /r
[06/07/2009 16:04:23] /r
[06/07/2009 16:04:23] /r
[06/07/2009 16:04:23] /r
[06/07/2009 16:04:23] /r
[06/07/2009 16:04:23] /r
[06/07/2009 16:04:23] /r
[06/07/2009 16:04:23] /r
[06/07/2009 16:04:23] /r
[06/07/2009 16:04:23] /r
[06/07/2009 16:04:23] /r
[06/07/2009 16:04:23] /r
[06/07/2009 16:04:23] /r
[06/07/2009 16:04:23] /r
[06/07/2009 16:04:24] /r
[06/07/2009 16:04:24] /r
[06/07/2009 16:04:24] /r
[06/07/2009 16:04:24] /r
[06/07/2009 16:04:24] /r
[06/07/2009 16:04:24] /r
[06/07/2009 16:04:24] /r
[06/07/2009 16:04:24] /r
[06/07/2009 16:04:24] /r
[06/07/2009 16:04:24] /r
[06/07/2009 16:04:24] /r
[06/07/2009 16:04:24] /r
[06/07/2009 16:04:24] /r
[06/07/2009 16:04:24] /r
[06/07/2009 16:04:24] /r
[06/07/2009 16:04:24] /r
[06/07/2009 16:04:24] /r
[06/07/2009 16:04:24] /r
[06/07/2009 16:04:24] /r
[06/07/2009 16:04:24] /r
[06/07/2009 16:04:24] /r
[06/07/2009 16:04:24] /r
[06/07/2009 16:04:24] /r
[06/07/2009 16:04:24] /r
[06/07/2009 16:04:24] /r
[06/07/2009 16:04:24] /r
[06/07/2009 16:04:24] /r
[06/07/2009 16:04:24] /r
[06/07/2009 16:04:24] /r
[06/07/2009 16:04:25] /r
[06/07/2009 16:04:25] /r
[06/07/2009 16:04:25] /r
[06/07/2009 16:04:25] /r
[06/07/2009 16:04:25] /r
[06/07/2009 16:04:25] /r
[06/07/2009 16:04:25] /r
[06/07/2009 16:04:25] /r
[06/07/2009 16:04:25] /r
[06/07/2009 16:04:25] /r
[06/07/2009 16:04:25] /r
[06/07/2009 16:04:25] /r
[06/07/2009 16:04:25] /r
[06/07/2009 16:04:25] /r
[06/07/2009 16:04:25] /r
[06/07/2009 16:04:25] /r
[06/07/2009 16:04:25] /r
[06/07/2009 16:04:25] /r
[06/07/2009 16:04:25] /r
[06/07/2009 16:04:25] /r
[06/07/2009 16:04:25] /r
[06/07/2009 16:04:25] /r
[06/07/2009 16:04:25] /r
[06/07/2009 16:04:25] /r
[06/07/2009 16:04:25] /r
[06/07/2009 16:04:25] /r
[06/07/2009 16:04:25] /r
[06/07/2009 16:04:25] /r
[06/07/2009 16:04:26] /r
[06/07/2009 16:04:26] /r
[06/07/2009 16:04:26] /r
[06/07/2009 16:04:26] /r
[06/07/2009 16:04:26] /r
[06/07/2009 16:04:26] /r
[06/07/2009 16:04:26] /r
[06/07/2009 16:04:26] /r
[06/07/2009 16:04:26] /r
[06/07/2009 16:04:26] /r
[06/07/2009 16:04:26] /r
[06/07/2009 16:04:26] /r
[06/07/2009 16:04:26] /r
[06/07/2009 16:04:26] /r
[06/07/2009 16:04:26] /r
[06/07/2009 16:04:26] /r
[06/07/2009 16:04:26] /r
[06/07/2009 16:04:26] /r
[06/07/2009 16:04:26] /r
[06/07/2009 16:04:26] /r
[06/07/2009 16:04:26] /r
[06/07/2009 16:04:26] /r
[06/07/2009 16:04:26] /r
[06/07/2009 16:04:26] /r
[06/07/2009 16:04:26] /r
[06/07/2009 16:04:26] /r
[06/07/2009 16:04:26] /r
[06/07/2009 16:04:26] /r
[06/07/2009 16:04:27] /r
[06/07/2009 16:04:27] /r
[06/07/2009 16:04:27] /r
[06/07/2009 16:04:27] /r
[06/07/2009 16:04:27] /r
[06/07/2009 16:04:27] /r
[06/07/2009 16:04:27] /r
[06/07/2009 16:04:27] /r
[06/07/2009 16:04:27] /r
[06/07/2009 16:04:27] /r
[06/07/2009 16:04:27] /r
[06/07/2009 16:04:27] /r
[06/07/2009 16:04:27] /r
[06/07/2009 16:04:27] /r
[06/07/2009 16:04:27] /r
[06/07/2009 16:04:27] /r
[06/07/2009 16:04:27] /r
[06/07/2009 16:04:27] /r
[06/07/2009 16:04:27] /r
[06/07/2009 16:04:27] /r
[06/07/2009 16:04:27] /r
[06/07/2009 16:04:27] /r
[06/07/2009 16:04:27] /r
[06/07/2009 16:04:27] /r
[06/07/2009 16:04:27] /r
[06/07/2009 16:04:27] /r
[06/07/2009 16:04:27] /r
[06/07/2009 16:04:27] /r
[06/07/2009 16:04:28] /r
[06/07/2009 16:04:28] /r
[06/07/2009 16:04:28] /r
[06/07/2009 16:04:28] /r
[06/07/2009 16:04:28] /r
[06/07/2009 16:04:28] /r
[06/07/2009 16:04:28] /r
[06/07/2009 16:04:28] /r
[06/07/2009 16:04:28] /r
[06/07/2009 16:04:28] /r
[06/07/2009 16:04:28] /r
[06/07/2009 16:04:28] /r
[06/07/2009 16:04:28] /r
[06/07/2009 16:04:28] /r
[06/07/2009 16:04:28] /r
[06/07/2009 16:04:28] /r
[06/07/2009 16:04:28] /r
[06/07/2009 16:04:28] /r
[06/07/2009 16:04:28] /r
[06/07/2009 16:04:28] /r
[06/07/2009 16:04:28] /r
[06/07/2009 16:04:28] /r
[06/07/2009 16:04:28] /r
[06/07/2009 16:04:28] /r
[06/07/2009 16:04:28] /r
[06/07/2009 16:04:28] /r
[06/07/2009 16:04:28] /r
[06/07/2009 16:04:28] /r
[06/07/2009 16:04:29] /r
[06/07/2009 16:04:29] /r
[06/07/2009 16:04:29] /r
[06/07/2009 16:04:29] /r
[06/07/2009 16:04:29] /r
[06/07/2009 16:04:29] /r
[06/07/2009 16:04:29] /r
[06/07/2009 16:04:29] /r
[06/07/2009 16:04:29] /r
[06/07/2009 16:04:29] /r
[06/07/2009 16:04:29] /r
[06/07/2009 16:04:29] /r
[06/07/2009 16:04:29] /r
[06/07/2009 16:04:29] /r
[06/07/2009 16:04:29] /r
[06/07/2009 16:04:29] /r
[06/07/2009 16:04:29] /r
[06/07/2009 16:04:29] /r
[06/07/2009 16:04:29] /r
[06/07/2009 16:04:29] /r
[06/07/2009 16:04:29] /r
[06/07/2009 16:04:29] /r
[06/07/2009 16:04:29] /r
[06/07/2009 16:04:29] /r
[06/07/2009 16:04:29] /r
[06/07/2009 16:04:29] /r
[06/07/2009 16:04:29] /r
[06/07/2009 16:04:29] /r
[06/07/2009 16:04:30] /r
[06/07/2009 16:04:30] /r
[06/07/2009 16:04:30] /r
[06/07/2009 16:04:30] /r
[06/07/2009 16:04:30] /r
[06/07/2009 16:04:30] /r
[06/07/2009 16:04:30] /r
[06/07/2009 16:04:30] /r
[06/07/2009 16:04:30] /r
[06/07/2009 16:04:30] /r
[06/07/2009 16:04:30] /r
[06/07/2009 16:04:30] /r
[06/07/2009 16:04:30] /r
[06/07/2009 16:04:30] /r
[06/07/2009 16:04:30] /r
[06/07/2009 16:04:30] /r
[06/07/2009 16:04:30] /r
[06/07/2009 16:04:30] /r
[06/07/2009 16:04:30] /r
[06/07/2009 16:04:30] /r
[06/07/2009 16:04:30] /r
[06/07/2009 16:04:30] /r
[06/07/2009 16:04:30] /r
[06/07/2009 16:04:30] /r
[06/07/2009 16:04:30] /r
[06/07/2009 16:04:30] /r
[06/07/2009 16:04:30] /r
[06/07/2009 16:04:30] /r
[06/07/2009 16:04:30] /r
[06/07/2009 16:04:30] /r
[06/07/2009 16:04:31] /r
[06/07/2009 16:04:31] /r
[06/07/2009 16:04:31] /r
[06/07/2009 16:04:31] /r
[06/07/2009 16:04:31] /r
[06/07/2009 16:04:31] /r
[06/07/2009 16:04:31] /r
[06/07/2009 16:04:31] /r
[06/07/2009 16:04:31] /r
[06/07/2009 16:04:31] /r
[06/07/2009 16:04:31] /r
[06/07/2009 16:04:31] /r
[06/07/2009 16:04:31] /r
[06/07/2009 16:04:31] /r
[06/07/2009 16:04:31] /r
[06/07/2009 16:04:31] /r
[06/07/2009 16:04:31] /r
[06/07/2009 16:04:31] /r
[06/07/2009 16:04:31] /r
[06/07/2009 16:04:31] /r
[06/07/2009 16:04:31] /r
[06/07/2009 16:04:31] /r
[06/07/2009 16:04:31] /r
[06/07/2009 16:04:31] /r
[06/07/2009 16:04:31] /r
[06/07/2009 16:04:31] /r
[06/07/2009 16:04:31] /r
[06/07/2009 16:04:32] /r
[06/07/2009 16:04:32] /r
[06/07/2009 16:04:32] /r
[06/07/2009 16:04:32] /r
[06/07/2009 16:04:32] /r
[06/07/2009 16:04:32] /r
[06/07/2009 16:04:32] /r
[06/07/2009 16:04:32] /r
[06/07/2009 16:04:32] /r
[06/07/2009 16:04:32] /r
[06/07/2009 16:04:32] /r
[06/07/2009 16:04:32] /r
[06/07/2009 16:04:32] /r
[06/07/2009 16:04:32] /r
[06/07/2009 16:04:32] /r
[06/07/2009 16:04:32] /r
[06/07/2009 16:04:32] /r
[06/07/2009 16:04:32] /r
[06/07/2009 16:04:32] /r
[06/07/2009 16:04:32] /r
[06/07/2009 16:04:32] /r
[06/07/2009 16:04:32] /r
[06/07/2009 16:04:32] /r
[06/07/2009 16:04:32] /r
[06/07/2009 16:04:32] /r
[06/07/2009 16:04:32] /r
[06/07/2009 16:04:32] /r
[06/07/2009 16:04:32] /r
[06/07/2009 16:04:32] /r
[06/07/2009 16:04:33] /r
[06/07/2009 16:04:33] /r
[06/07/2009 16:04:33] /r
[06/07/2009 16:04:33] /r
[06/07/2009 16:04:33] /r
[06/07/2009 16:04:33] /r
[06/07/2009 16:04:33] /r
[06/07/2009 16:04:33] /r
[06/07/2009 16:04:33] /r
[06/07/2009 16:04:33] /r
[06/07/2009 16:04:33] /r
[06/07/2009 16:04:33] /r
[06/07/2009 16:04:33] /r
[06/07/2009 16:04:33] /r
[06/07/2009 16:04:33] /r
[06/07/2009 16:04:33] /r
[06/07/2009 16:04:33] /r
[06/07/2009 16:04:33] /r
[06/07/2009 16:04:33] /r
[06/07/2009 16:04:33] /r
[06/07/2009 16:04:33] /r
[06/07/2009 16:04:33] /r
[06/07/2009 16:04:33] /r
[06/07/2009 16:04:33] /r
[06/07/2009 16:04:33] /r
[06/07/2009 16:04:33] /r
[06/07/2009 16:04:33] /r
[06/07/2009 16:04:33] /r
[06/07/2009 16:04:34] /r
[06/07/2009 16:04:34] /r
[06/07/2009 16:04:34] /r
[06/07/2009 16:04:34] /r
[06/07/2009 16:04:34] /r
[06/07/2009 16:04:34] /r
[06/07/2009 16:04:34] /r
[06/07/2009 16:04:34] /r
[06/07/2009 16:04:34] /r
[06/07/2009 16:04:34] /r
[06/07/2009 16:04:34] /r
[06/07/2009 16:04:34] /r
[06/07/2009 16:04:34] /r
[06/07/2009 16:04:34] /r
[06/07/2009 16:04:34] /r
[06/07/2009 16:04:34] /r
[06/07/2009 16:04:34] /r
[06/07/2009 16:04:34] /r
[06/07/2009 16:04:34] /r
[06/07/2009 16:04:34] /r
[06/07/2009 16:04:34] /r
[06/07/2009 16:04:34] /r
[06/07/2009 16:04:34] /r
[06/07/2009 16:04:34] /r
[06/07/2009 16:04:34] /r
[06/07/2009 16:04:34] /r
[06/07/2009 16:04:34] /r
[06/07/2009 16:04:34] /r
[06/07/2009 16:04:34] /r
[06/07/2009 16:04:35] /r
[06/07/2009 16:04:35] /r
[06/07/2009 16:04:35] /r
[06/07/2009 16:04:35] /r
[06/07/2009 16:04:35] /r
[06/07/2009 16:04:35] /r
[06/07/2009 16:04:35] /r
[06/07/2009 16:04:35] /r
[06/07/2009 16:04:35] /r
[06/07/2009 16:04:35] /r
[06/07/2009 16:04:35] /r
[06/07/2009 16:04:35] /r
[06/07/2009 16:04:35] /r
[06/07/2009 16:04:35] /r
[06/07/2009 16:04:35] /r
[06/07/2009 16:04:35] /r
[06/07/2009 16:04:35] /r
[06/07/2009 16:04:35] /r
[06/07/2009 16:04:35] /r
[06/07/2009 16:04:35] /r
[06/07/2009 16:04:35] /r
[06/07/2009 16:04:35] /r
[06/07/2009 16:04:35] /r
[06/07/2009 16:04:35] /r
[06/07/2009 16:04:35] /r
[06/07/2009 16:04:35] /r
[06/07/2009 16:04:35] /r
[06/07/2009 16:04:35] /r
[06/07/2009 16:04:35] /r
[06/07/2009 16:04:36] /r
[06/07/2009 16:04:36] /r
[06/07/2009 16:04:36] /r
[06/07/2009 16:04:36] /r
[06/07/2009 16:04:36] /r
[06/07/2009 16:04:36] /r
[06/07/2009 16:04:36] /r
[06/07/2009 16:04:36] /r
[06/07/2009 16:04:36] /r
[06/07/2009 16:04:36] /r
[06/07/2009 16:04:36] /r
[06/07/2009 16:04:36] /r
[06/07/2009 16:04:36] /r
[06/07/2009 16:04:36] /r
[06/07/2009 16:04:36] /r
[06/07/2009 16:04:36] /r
[06/07/2009 16:04:36] /r
[06/07/2009 16:04:36] /r
[06/07/2009 16:04:36] /r
[06/07/2009 16:04:36] /r
[06/07/2009 16:04:36] /r
[06/07/2009 16:04:36] /r
[06/07/2009 16:04:36] /r
[06/07/2009 16:04:36] /r
[06/07/2009 16:04:36] /r
[06/07/2009 16:04:36] /r
[06/07/2009 16:04:36] /r
[06/07/2009 16:04:36] /r
[06/07/2009 16:04:37] /r
[06/07/2009 16:04:37] /r
[06/07/2009 16:04:37] /r
[06/07/2009 16:04:37] /r
[06/07/2009 16:04:37] /r
[06/07/2009 16:04:37] /r
[06/07/2009 16:04:37] /r
[06/07/2009 16:04:37] /r
[06/07/2009 16:04:37] /r
[06/07/2009 16:04:37] /r
[06/07/2009 16:04:37] /r
[06/07/2009 16:04:37] /r
[06/07/2009 16:04:37] /r
[06/07/2009 16:04:37] /r
[06/07/2009 16:04:37] /r
[06/07/2009 16:04:37] /r
[06/07/2009 16:04:37] /r
[06/07/2009 16:04:37] /r
[06/07/2009 16:04:37] /r
[06/07/2009 16:04:37] /r
[06/07/2009 16:04:37] /r
[06/07/2009 16:04:37] /r
[06/07/2009 16:04:37] /r
[06/07/2009 16:04:37] /r
[06/07/2009 16:04:37] /r
[06/07/2009 16:04:37] /r
[06/07/2009 16:04:37] /r
[06/07/2009 16:04:37] /r
[06/07/2009 16:04:38] /r
[06/07/2009 16:04:38] /r
[06/07/2009 16:04:38] /r
[06/07/2009 16:04:38] /r
[06/07/2009 16:04:38] /r
[06/07/2009 16:04:38] /r
[06/07/2009 16:04:38] /r
[06/07/2009 16:04:38] /r
[06/07/2009 16:04:38] /r
[06/07/2009 16:04:38] /r
[06/07/2009 16:04:38] /r
[06/07/2009 16:04:38] /r
[06/07/2009 16:04:38] /r
[06/07/2009 16:04:38] /r
[06/07/2009 16:04:38] /r
[06/07/2009 16:04:38] /r
[06/07/2009 16:04:38] /r
[06/07/2009 16:04:38] /r
[06/07/2009 16:04:38] /r
[06/07/2009 16:04:38] /r
[06/07/2009 16:04:38] /r
[06/07/2009 16:04:38] /r
[06/07/2009 16:04:38] /r
[06/07/2009 16:04:38] /r
[06/07/2009 16:04:38] /r
[06/07/2009 16:04:38] /r
[06/07/2009 16:04:38] /r
[06/07/2009 16:04:38] /r
[06/07/2009 16:04:38] /r
[06/07/2009 16:04:39] /r
[06/07/2009 16:04:39] /r
[06/07/2009 16:04:39] /r
[06/07/2009 16:04:39] /r
[06/07/2009 16:04:39] /r
[06/07/2009 16:04:39] /r
[06/07/2009 16:04:39] /r
[06/07/2009 16:04:39] /r
[06/07/2009 16:04:39] /r
[06/07/2009 16:04:39] /r
[06/07/2009 16:04:39] /r
[06/07/2009 16:04:39] /r
[06/07/2009 16:04:39] /r
[06/07/2009 16:04:39] /r
[06/07/2009 16:04:39] /r
[06/07/2009 16:04:39] /r
[06/07/2009 16:04:39] /r
[06/07/2009 16:04:39] /r
[06/07/2009 16:04:39] /r
[06/07/2009 16:04:39] /r
[06/07/2009 16:04:39] /r
[06/07/2009 16:04:39] /r
[06/07/2009 16:04:39] /r
[06/07/2009 16:04:39] /r
[06/07/2009 16:04:39] /r
[06/07/2009 16:04:39] /r
[06/07/2009 16:04:39] /r
[06/07/2009 16:04:39] /r
[06/07/2009 16:04:40] /r
[06/07/2009 16:04:40] /r
[06/07/2009 16:04:40] /r
[06/07/2009 16:04:40] /r
[06/07/2009 16:04:40] /r
[06/07/2009 16:04:40] /r
[06/07/2009 16:04:42] /r
[06/07/2009 16:04:42] /r
[06/07/2009 16:04:42] /r
[06/07/2009 16:04:42] /r
[06/07/2009 16:04:42] /r
[06/07/2009 16:04:42] /r
[06/07/2009 16:04:42] /r
[06/07/2009 16:04:42] /r
[06/07/2009 16:04:42] /r
[06/07/2009 16:04:42] /r
[06/07/2009 16:04:42] /r
[06/07/2009 16:04:42] /r
[06/07/2009 16:04:42] /r
[06/07/2009 16:04:42] /r
[06/07/2009 16:04:42] /r
[06/07/2009 16:04:42] /r
[06/07/2009 16:04:42] /r
[06/07/2009 16:04:42] /r
[06/07/2009 16:04:42] /r
[06/07/2009 16:04:42] /r
[06/07/2009 16:04:43] /r
[06/07/2009 16:04:43] /r
[06/07/2009 16:04:43] /r
[06/07/2009 16:04:43] /r
[06/07/2009 16:04:43] /r
[06/07/2009 16:04:43] /r
[06/07/2009 16:04:43] /r
[06/07/2009 16:04:43] /r
[06/07/2009 16:04:43] /r
[06/07/2009 16:04:43] /r
[06/07/2009 16:04:43] /r
[06/07/2009 16:04:43] /r
[06/07/2009 16:04:43] /r
[06/07/2009 16:04:43] /r
[06/07/2009 16:04:43] /r
[06/07/2009 16:04:43] /r
[06/07/2009 16:04:43] /r
[06/07/2009 16:04:43] /r
[06/07/2009 16:04:43] /r
[06/07/2009 16:04:43] /r
[06/07/2009 16:04:43] /r
[06/07/2009 16:04:43] /r
[06/07/2009 16:04:43] /r
[06/07/2009 16:04:43] /r
[06/07/2009 16:04:43] /r
[06/07/2009 16:04:43] /r
[06/07/2009 16:04:43] /r
[06/07/2009 16:04:43] /r
[06/07/2009 16:04:43] /r
[06/07/2009 16:04:44] /r
[06/07/2009 16:04:44] /r
[06/07/2009 16:04:44] /r
[06/07/2009 16:04:44] /r
[06/07/2009 16:04:44] /r
[06/07/2009 16:04:44] /r
[06/07/2009 16:04:44] /r
[06/07/2009 16:04:44] /r
[06/07/2009 16:04:44] /r
[06/07/2009 16:04:44] /r
[06/07/2009 16:04:44] /r
[06/07/2009 16:04:44] /r
[06/07/2009 16:04:44] /r
[06/07/2009 16:04:44] /r
[06/07/2009 16:04:44] /r
[06/07/2009 16:04:44] /r
[06/07/2009 16:04:44] /r
[06/07/2009 16:04:44] /r
[06/07/2009 16:04:44] /r
[06/07/2009 16:04:44] /r
[06/07/2009 16:04:44] /r
[06/07/2009 16:04:44] /r
[06/07/2009 16:04:44] /r
[06/07/2009 16:04:44] /r
[06/07/2009 16:04:44] /r
[06/07/2009 16:04:44] /r
[06/07/2009 16:04:45] /r
[06/07/2009 16:04:45] /r
[06/07/2009 16:04:45] /r
[06/07/2009 16:04:45] /r
[06/07/2009 16:04:45] /r
[06/07/2009 16:04:45] /r
[06/07/2009 16:04:45] /r
[06/07/2009 16:04:45] /r
[06/07/2009 16:04:45] /r
[06/07/2009 16:04:45] /r
[06/07/2009 16:04:45] /r
[06/07/2009 16:04:45] /r
[06/07/2009 16:04:45] /r
[06/07/2009 16:04:45] /r
[06/07/2009 16:04:45] /r
[06/07/2009 16:04:45] /r
[06/07/2009 16:04:45] /r
[06/07/2009 16:04:45] /r
[06/07/2009 16:04:45] /r
[06/07/2009 16:04:45] /r
[06/07/2009 16:04:45] /r
[06/07/2009 16:04:45] /r
[06/07/2009 16:04:45] /r
[06/07/2009 16:04:45] /r
[06/07/2009 16:04:45] /r
[06/07/2009 16:04:45] /r
[06/07/2009 16:04:45] /r
[06/07/2009 16:04:45] /r
[06/07/2009 16:04:46] /r
[06/07/2009 16:04:46] /r
[06/07/2009 16:04:46] /r
[06/07/2009 16:04:46] /r
[06/07/2009 16:04:46] /r
[06/07/2009 16:04:46] /r
[06/07/2009 16:04:46] /r
[06/07/2009 16:04:46] /r
[06/07/2009 16:04:46] /r
[06/07/2009 16:04:46] /r
[06/07/2009 16:04:46] /r
[06/07/2009 16:04:46] /r
[06/07/2009 16:04:46] /r
[06/07/2009 16:04:46] /r
[06/07/2009 16:04:46] /r
[06/07/2009 16:04:46] /r
[06/07/2009 16:04:46] /r
[06/07/2009 16:04:46] /r
[06/07/2009 16:04:46] /r
[06/07/2009 16:04:46] /r
[06/07/2009 16:04:46] /r
[06/07/2009 16:04:46] /r
[06/07/2009 16:04:46] /r
[06/07/2009 16:04:46] /r
[06/07/2009 16:04:46] /r
[06/07/2009 16:04:46] /r
[06/07/2009 16:04:46] /r
[06/07/2009 16:04:46] /r
[06/07/2009 16:04:47] /r
[06/07/2009 16:04:47] /r
[06/07/2009 16:04:47] /r
[06/07/2009 16:04:47] /r
[06/07/2009 16:04:47] /r
[06/07/2009 16:04:47] /r
[06/07/2009 16:04:47] /r
[06/07/2009 16:04:47] /r
[06/07/2009 16:04:47] /r
[06/07/2009 16:04:47] /r
[06/07/2009 16:04:47] /r
[06/07/2009 16:04:47] /r
[06/07/2009 16:04:47] /r
[06/07/2009 16:04:47] /r
[06/07/2009 16:04:47] /r
[06/07/2009 16:04:47] /r
[06/07/2009 16:04:47] /r
[06/07/2009 16:04:47] /r
[06/07/2009 16:04:47] /r
[06/07/2009 16:04:47] /r
[06/07/2009 16:04:47] /r
[06/07/2009 16:04:47] /r
[06/07/2009 16:04:47] /r
[06/07/2009 16:04:47] /r
[06/07/2009 16:04:47] /r
[06/07/2009 16:04:47] /r
[06/07/2009 16:04:47] /r
[06/07/2009 16:04:47] /r
[06/07/2009 16:04:47] /r
[06/07/2009 16:04:48] /r
[06/07/2009 16:04:48] /r
[06/07/2009 16:04:48] /r
[06/07/2009 16:04:48] /r
[06/07/2009 16:04:48] /r
[06/07/2009 16:04:48] /r
[06/07/2009 16:04:48] /r
[06/07/2009 16:04:48] /r
[06/07/2009 16:04:48] /r
[06/07/2009 16:04:48] /r
[06/07/2009 16:04:48] /r
[06/07/2009 16:04:48] /r
[06/07/2009 16:04:48] /r
[06/07/2009 16:04:48] /r
[06/07/2009 16:04:48] /r
[06/07/2009 16:04:48] /r
[06/07/2009 16:04:48] /r
[06/07/2009 16:04:48] /r
[06/07/2009 16:04:48] /r
[06/07/2009 16:04:48] /r
[06/07/2009 16:04:49] /r
[06/07/2009 16:04:49] /r
[06/07/2009 16:04:49] /r
[06/07/2009 16:04:49] /r
[06/07/2009 16:04:49] /r
[06/07/2009 16:04:49] /r
[06/07/2009 16:04:49] /r
[06/07/2009 16:04:49] /r
[06/07/2009 16:04:49] /r
[06/07/2009 16:04:49] /r
[06/07/2009 16:04:49] /r
[06/07/2009 16:04:49] /r
[06/07/2009 16:04:49] /r
[06/07/2009 16:04:49] /r
[06/07/2009 16:04:49] /r
[06/07/2009 16:04:49] /r
[06/07/2009 16:04:49] /r
[06/07/2009 16:04:49] /r
[06/07/2009 16:04:49] /r
[06/07/2009 16:04:49] /r
[06/07/2009 16:04:49] /r
[06/07/2009 16:04:49] /r
[06/07/2009 16:04:49] /r
[06/07/2009 16:04:49] /r
[06/07/2009 16:04:49] /r
[06/07/2009 16:04:49] /r
[06/07/2009 16:04:49] /r
[06/07/2009 16:04:50] /r
[06/07/2009 16:04:50] /r
[06/07/2009 16:04:50] /r
[06/07/2009 16:04:50] /r
[06/07/2009 16:04:50] /r
[06/07/2009 16:04:50] /r
[06/07/2009 16:04:50] /r
[06/07/2009 16:04:50] /r
[06/07/2009 16:04:50] /r
[06/07/2009 16:04:50] /r
[06/07/2009 16:04:50] /r
[06/07/2009 16:04:50] /r
[06/07/2009 16:04:50] /r
[06/07/2009 16:04:50] /r
[06/07/2009 16:04:50] /r
[06/07/2009 16:04:50] /r
[06/07/2009 16:04:50] /r
[06/07/2009 16:04:50] /r
[06/07/2009 16:04:50] /r
[06/07/2009 16:04:50] /r
[06/07/2009 16:04:50] /r
[06/07/2009 16:04:50] /r
[06/07/2009 16:04:50] /r
[06/07/2009 16:04:50] /r
[06/07/2009 16:04:50] /r
[06/07/2009 16:04:50] /r
[06/07/2009 16:04:50] /r
[06/07/2009 16:04:51] /r
[06/07/2009 16:04:51] /r
[06/07/2009 16:04:51] /r
[06/07/2009 16:04:51] /r
[06/07/2009 16:04:51] /r
[06/07/2009 16:04:51] /r
[06/07/2009 16:04:51] /r
[06/07/2009 16:04:51] /r
[06/07/2009 16:04:51] /r
[06/07/2009 16:04:51] /r
[06/07/2009 16:04:51] /r
[06/07/2009 16:04:51] /r
[06/07/2009 16:04:51] /r
[06/07/2009 16:04:51] /r
[06/07/2009 16:04:51] /r
[06/07/2009 16:04:51] /r
[06/07/2009 16:04:51] /r
[06/07/2009 16:04:51] /r
[06/07/2009 16:04:51] /r
[06/07/2009 16:04:51] /r
[06/07/2009 16:04:51] /r
[06/07/2009 16:04:51] /r
[06/07/2009 16:04:51] /r
[06/07/2009 16:04:51] /r
[06/07/2009 16:04:51] /r
[06/07/2009 16:04:51] /r
[06/07/2009 16:04:51] /r
[06/07/2009 16:04:51] /r
[06/07/2009 16:04:52] /r
[06/07/2009 16:04:52] /r
[06/07/2009 16:04:52] /r
[06/07/2009 16:04:52] /r
[06/07/2009 16:04:52] /r
[06/07/2009 16:04:52] /r
[06/07/2009 16:04:52] /r
[06/07/2009 16:04:52] /r
[06/07/2009 16:04:52] /r
[06/07/2009 16:04:52] /r
[06/07/2009 16:04:52] /r
[06/07/2009 16:04:52] /r
[06/07/2009 16:04:52] /r
[06/07/2009 16:04:52] /r
[06/07/2009 16:04:52] /r
[06/07/2009 16:04:52] /r
[06/07/2009 16:04:52] /r
[06/07/2009 16:04:52] /r
[06/07/2009 16:04:52] /r
[06/07/2009 16:04:52] /r
[06/07/2009 16:04:52] /r
[06/07/2009 16:04:52] /r
[06/07/2009 16:04:52] /r
[06/07/2009 16:04:52] /r
[06/07/2009 16:04:52] /r
[06/07/2009 16:04:52] /r
[06/07/2009 16:04:52] /r
[06/07/2009 16:04:52] /r
[06/07/2009 16:04:53] /r
[06/07/2009 16:04:53] /r
[06/07/2009 16:04:53] /r
[06/07/2009 16:04:53] /r
[06/07/2009 16:04:53] /r
[06/07/2009 16:04:53] /r
[06/07/2009 16:04:53] /r
[06/07/2009 16:04:53] /r
[06/07/2009 16:04:53] /r
[06/07/2009 16:04:53] /r
[06/07/2009 16:04:53] /r
[06/07/2009 16:04:53] /r
[06/07/2009 16:04:53] /r
[06/07/2009 16:04:53] /r
[06/07/2009 16:04:53] /r
[06/07/2009 16:04:53] /r
[06/07/2009 16:04:53] /r
[06/07/2009 16:04:53] /r
[06/07/2009 16:04:53] /r
[06/07/2009 16:04:53] /r
[06/07/2009 16:04:53] /r
[06/07/2009 16:04:53] /r
[06/07/2009 16:04:53] /r
[06/07/2009 16:04:53] /r
[06/07/2009 16:04:53] /r
[06/07/2009 16:04:53] /r
[06/07/2009 16:04:53] /r
[06/07/2009 16:04:53] /r
[06/07/2009 16:04:54] /r
[06/07/2009 16:04:54] /r
[06/07/2009 16:04:54] /r
[06/07/2009 16:04:54] /r
[06/07/2009 16:04:54] /r
[06/07/2009 16:04:54] /r
[06/07/2009 16:04:54] /r
[06/07/2009 16:04:54] /r
[06/07/2009 16:04:54] /r
[06/07/2009 16:04:54] /r
[06/07/2009 16:04:54] /r
[06/07/2009 16:04:54] /r
[06/07/2009 16:04:54] /r
[06/07/2009 16:04:54] /r
[06/07/2009 16:04:54] /r
[06/07/2009 16:04:54] /r
[06/07/2009 16:04:54] /r
[06/07/2009 16:04:54] /r
[06/07/2009 16:04:54] /r
[06/07/2009 16:04:54] /r
[06/07/2009 16:04:54] /r
[06/07/2009 16:04:54] /r
[06/07/2009 16:04:54] /r
[06/07/2009 16:04:54] /r
[06/07/2009 16:04:54] /r
[06/07/2009 16:04:54] /r
[06/07/2009 16:04:54] /r
[06/07/2009 16:04:54] /r
[06/07/2009 16:04:55] /r
[06/07/2009 16:04:55] /r
[06/07/2009 16:04:55] /r
[06/07/2009 16:04:55] /r
[06/07/2009 16:04:55] /r
[06/07/2009 16:04:55] /r
[06/07/2009 16:04:55] /r
[06/07/2009 16:04:55] /r
[06/07/2009 16:04:55] /r
[06/07/2009 16:04:55] /r
[06/07/2009 16:04:55] /r
[06/07/2009 16:04:55] /r
[06/07/2009 16:04:55] /r
[06/07/2009 16:04:55] /r
[06/07/2009 16:04:55] /r
[06/07/2009 16:04:55] /r
[06/07/2009 16:04:55] /r
[06/07/2009 16:04:55] /r
[06/07/2009 16:04:55] /r
[06/07/2009 16:04:55] /r
[06/07/2009 16:04:55] /r
[06/07/2009 16:04:55] /r
[06/07/2009 16:04:55] /r
[06/07/2009 16:04:55] /r
[06/07/2009 16:04:55] /r
[06/07/2009 16:04:55] /r
[06/07/2009 16:04:56] /r
[06/07/2009 16:04:56] /r
[06/07/2009 16:04:56] /r
[06/07/2009 16:04:56] /r
[06/07/2009 16:04:56] /r
[06/07/2009 16:04:56] /r
[06/07/2009 16:04:56] /r
[06/07/2009 16:04:56] /r
[06/07/2009 16:04:56] /r
[06/07/2009 16:04:56] /r
[06/07/2009 16:04:56] /r
[06/07/2009 16:04:56] /r
[06/07/2009 16:04:56] /r
[06/07/2009 16:04:56] /r
[06/07/2009 16:04:56] /r
[06/07/2009 16:04:56] /r
[06/07/2009 16:04:56] /r
[06/07/2009 16:04:56] /r
[06/07/2009 16:04:56] /r
[06/07/2009 16:04:56] /r
[06/07/2009 16:04:56] /r
[06/07/2009 16:04:56] /r
[06/07/2009 16:04:56] /r
[06/07/2009 16:04:56] /r
[06/07/2009 16:04:56] /r
[06/07/2009 16:04:56] /r
[06/07/2009 16:04:56] /r
[06/07/2009 16:04:56] /r
[06/07/2009 16:04:56] /r
[06/07/2009 16:04:57] /r
[06/07/2009 16:04:57] /r
[06/07/2009 16:04:57] /r
[06/07/2009 16:04:57] /r
[06/07/2009 16:04:57] /r
[06/07/2009 16:04:57] /r
[06/07/2009 16:04:57] /r
[06/07/2009 16:04:57] /r
[06/07/2009 16:04:57] /r
[06/07/2009 16:04:57] /r
[06/07/2009 16:04:57] /r
[06/07/2009 16:04:57] /r
[06/07/2009 16:04:57] /r
[06/07/2009 16:04:57] /r
[06/07/2009 16:04:57] /r
[06/07/2009 16:04:57] /r
[06/07/2009 16:04:57] /r
[06/07/2009 16:04:57] /r
[06/07/2009 16:04:57] /r
[06/07/2009 16:04:57] /r
[06/07/2009 16:04:57] /r
[06/07/2009 16:04:57] /r
[06/07/2009 16:04:57] /r
[06/07/2009 16:04:57] /r
[06/07/2009 16:04:57] /r
[06/07/2009 16:04:57] /r
[06/07/2009 16:04:57] /r
[06/07/2009 16:04:57] /r
[06/07/2009 16:04:58] /r
[06/07/2009 16:04:58] /r
[06/07/2009 16:04:58] /r
[06/07/2009 16:04:58] /r
[06/07/2009 16:04:58] /r
[06/07/2009 16:04:58] /r
[06/07/2009 16:04:58] /r
[06/07/2009 16:04:58] /r
[06/07/2009 16:04:58] /r
[06/07/2009 16:04:58] /r
[06/07/2009 16:04:58] /r
[06/07/2009 16:04:58] /r
[06/07/2009 16:04:58] /r
[06/07/2009 16:04:58] /r
[06/07/2009 16:04:58] /r
[06/07/2009 16:04:58] /r
[06/07/2009 16:04:58] /r
[06/07/2009 16:04:58] /r
[06/07/2009 16:04:58] /r
[06/07/2009 16:04:58] /r
[06/07/2009 16:04:58] /r
[06/07/2009 16:04:58] /r
[06/07/2009 16:04:58] /r
[06/07/2009 16:04:58] /r
[06/07/2009 16:04:58] /r
[06/07/2009 16:04:58] /r
[06/07/2009 16:04:58] /r
[06/07/2009 16:04:58] /r
[06/07/2009 16:04:59] /r
[06/07/2009 16:04:59] /r
[06/07/2009 16:04:59] /r
[06/07/2009 16:04:59] /r
[06/07/2009 16:04:59] /r
[06/07/2009 16:04:59] /r
[06/07/2009 16:04:59] /r
[06/07/2009 16:04:59] /r
[06/07/2009 16:04:59] /r
[06/07/2009 16:04:59] /r
[06/07/2009 16:04:59] /r
[06/07/2009 16:04:59] /r
[06/07/2009 16:04:59] /r
[06/07/2009 16:04:59] /r
[06/07/2009 16:04:59] /r
[06/07/2009 16:04:59] /r
[06/07/2009 16:04:59] /r
[06/07/2009 16:04:59] /r
[06/07/2009 16:04:59] /r
[06/07/2009 16:04:59] /r
[06/07/2009 16:04:59] /r
[06/07/2009 16:04:59] /r
[06/07/2009 16:04:59] /r
[06/07/2009 16:04:59] /r
[06/07/2009 16:04:59] /r
[06/07/2009 16:04:59] /r
[06/07/2009 16:04:59] /r
[06/07/2009 16:04:59] /r
[06/07/2009 16:05:00] /r
[06/07/2009 16:05:00] /r
[06/07/2009 16:05:00] /r
[06/07/2009 16:05:00] /r
[06/07/2009 16:05:00] /r
[06/07/2009 16:05:00] /r
[06/07/2009 16:05:00] /r
[06/07/2009 16:05:00] /r
[06/07/2009 16:05:00] /r
[06/07/2009 16:05:00] /r
[06/07/2009 16:05:00] /r
[06/07/2009 16:05:00] /r
[06/07/2009 16:05:00] /r
[06/07/2009 16:05:00] /r
[06/07/2009 16:05:00] /r
[06/07/2009 16:05:00] /r
[06/07/2009 16:05:00] /r
[06/07/2009 16:05:00] /r
[06/07/2009 16:05:00] /r
[06/07/2009 16:05:00] /r
[06/07/2009 16:05:00] /r
[06/07/2009 16:05:00] /r
[06/07/2009 16:05:00] /r
[06/07/2009 16:05:00] /r
[06/07/2009 16:05:00] /r
[06/07/2009 16:05:00] /r
[06/07/2009 16:05:00] /r
[06/07/2009 16:05:00] /r
[06/07/2009 16:05:01] /r
[06/07/2009 16:05:01] /r
[06/07/2009 16:05:01] /r
[06/07/2009 16:05:01] /r
[06/07/2009 16:05:01] /r
[06/07/2009 16:05:01] /r
[06/07/2009 16:05:01] /r
[06/07/2009 16:05:01] /r
[06/07/2009 16:05:01] /r
[06/07/2009 16:05:01] /r
[06/07/2009 16:05:01] /r
[06/07/2009 16:05:01] /r
[06/07/2009 16:05:01] /r
[06/07/2009 16:05:01] /r
[06/07/2009 16:05:01] /r
[06/07/2009 16:05:01] /r
[06/07/2009 16:05:01] /r
[06/07/2009 16:05:01] /r
[06/07/2009 16:05:01] /r
[06/07/2009 16:05:01] /r
[06/07/2009 16:05:01] /r
[06/07/2009 16:05:01] /r
[06/07/2009 16:05:01] /r
[06/07/2009 16:05:01] /r
[06/07/2009 16:05:01] /r
[06/07/2009 16:05:01] /r
[06/07/2009 16:05:01] /r
[06/07/2009 16:05:02] /r
[06/07/2009 16:05:02] /r
[06/07/2009 16:05:02] /r
[06/07/2009 16:05:02] /r
[06/07/2009 16:05:02] /r
[06/07/2009 16:05:02] /r
[06/07/2009 16:05:02] /r
[06/07/2009 16:05:02] /r
[06/07/2009 16:05:02] /r
[06/07/2009 16:05:02] /r
[06/07/2009 16:05:02] /r
[06/07/2009 16:05:02] /r
[06/07/2009 16:05:02] /r
[06/07/2009 16:05:02] /r
[06/07/2009 16:05:02] /r
[06/07/2009 16:05:02] /r
[06/07/2009 16:05:02] /r
[06/07/2009 16:05:02] /r
[06/07/2009 16:05:02] /r
[06/07/2009 16:05:02] /r
[06/07/2009 16:05:02] /r
[06/07/2009 16:05:02] /r
[06/07/2009 16:05:02] /r
[06/07/2009 16:05:02] /r
[06/07/2009 16:05:02] /r
[06/07/2009 16:05:02] /r
[06/07/2009 16:05:02] /r
[06/07/2009 16:05:02] /r
[06/07/2009 16:05:03] /r
[06/07/2009 16:05:03] /r
[06/07/2009 16:05:03] /r
[06/07/2009 16:05:03] /r
[06/07/2009 16:05:03] /r
[06/07/2009 16:05:03] /r
[06/07/2009 16:05:03] /r
[06/07/2009 16:05:03] /r
[06/07/2009 16:05:03] /r
[06/07/2009 16:05:03] /r
[06/07/2009 16:05:03] /r
[06/07/2009 16:05:03] /r
[06/07/2009 16:05:03] /r
[06/07/2009 16:05:03] /r
[06/07/2009 16:05:03] /r
[06/07/2009 16:05:03] /r
[06/07/2009 16:05:03] /r
[06/07/2009 16:05:03] /r
[06/07/2009 16:05:03] /r
[06/07/2009 16:05:03] /r
[06/07/2009 16:05:03] /r
[06/07/2009 16:05:03] /r
[06/07/2009 16:05:03] /r
[06/07/2009 16:05:03] /r
[06/07/2009 16:05:03] /r
[06/07/2009 16:05:03] /r
[06/07/2009 16:05:03] /r
[06/07/2009 16:05:03] /r
[06/07/2009 16:05:04] /r
[06/07/2009 16:05:04] /r
[06/07/2009 16:05:04] /r
[06/07/2009 16:05:04] /r
[06/07/2009 16:05:04] /r
[06/07/2009 16:05:04] /r
[06/07/2009 16:05:04] /r
[06/07/2009 16:05:04] /r
[06/07/2009 16:05:04] /r
[06/07/2009 16:05:04] /r
[06/07/2009 16:05:04] /r
[06/07/2009 16:05:04] /r
[06/07/2009 16:05:04] /r
[06/07/2009 16:05:04] /r
[06/07/2009 16:05:04] /r
[06/07/2009 16:05:04] /r
[06/07/2009 16:05:04] /r
[06/07/2009 16:05:04] /r
[06/07/2009 16:05:04] /r
[06/07/2009 16:05:04] /r
[06/07/2009 16:05:04] /r
[06/07/2009 16:05:04] /r
[06/07/2009 16:05:04] /r
[06/07/2009 16:05:04] /r
[06/07/2009 16:05:04] /r
[06/07/2009 16:05:04] /r
[06/07/2009 16:05:04] /r
[06/07/2009 16:05:04] /r
[06/07/2009 16:05:05] /r
[06/07/2009 16:05:05] /r
[06/07/2009 16:05:05] /r
[06/07/2009 16:05:05] /r
[06/07/2009 16:05:05] /r
[06/07/2009 16:05:05] /r
[06/07/2009 16:05:05] /r
[06/07/2009 16:05:05] /r
[06/07/2009 16:05:05] /r
[06/07/2009 16:05:05] /r
[06/07/2009 16:05:05] /r
[06/07/2009 16:05:05] /r
[06/07/2009 16:05:05] /r
[06/07/2009 16:05:05] /r
[06/07/2009 16:05:05] /r
[06/07/2009 16:05:05] /r
[06/07/2009 16:05:05] /r
[06/07/2009 16:05:05] /r
[06/07/2009 16:05:05] /r
[06/07/2009 16:05:05] /r
[06/07/2009 16:05:05] /r
[06/07/2009 16:05:05] /r
[06/07/2009 16:05:05] /r
[06/07/2009 16:05:05] /r
[06/07/2009 16:05:05] /r
[06/07/2009 16:05:05] /r
[06/07/2009 16:05:05] /r
[06/07/2009 16:05:06] /r
[06/07/2009 16:05:06] /r
[06/07/2009 16:05:06] /r
[06/07/2009 16:05:06] /r
[06/07/2009 16:05:06] /r
[06/07/2009 16:05:06] /r
[06/07/2009 16:05:06] /r
[06/07/2009 16:05:06] /r
[06/07/2009 16:05:06] /r
[06/07/2009 16:05:06] /r
[06/07/2009 16:05:06] /r
[06/07/2009 16:05:06] /r
[06/07/2009 16:05:06] /r
[06/07/2009 16:05:06] /r
[06/07/2009 16:05:06] /r
[06/07/2009 16:05:06] /r
[06/07/2009 16:05:06] /r
[06/07/2009 16:05:06] /r
[06/07/2009 16:05:06] /r
[06/07/2009 16:05:06] /r
[06/07/2009 16:05:06] /r
[06/07/2009 16:05:06] /r
[06/07/2009 16:05:06] /r
[06/07/2009 16:05:06] /r
[06/07/2009 16:05:06] /r
[06/07/2009 16:05:06] /r
[06/07/2009 16:05:06] /r
[06/07/2009 16:05:06] /r
[06/07/2009 16:05:07] /r
[06/07/2009 16:05:07] /r
[06/07/2009 16:05:07] /r
[06/07/2009 16:05:07] /r
[06/07/2009 16:05:07] /r
[06/07/2009 16:05:07] /r
[06/07/2009 16:05:07] /r
[06/07/2009 16:05:07] /r
[06/07/2009 16:05:07] /r
[06/07/2009 16:05:07] /r
[06/07/2009 16:05:07] /r
[06/07/2009 16:05:07] /r
[06/07/2009 16:05:07] /r
[06/07/2009 16:05:07] /r
[06/07/2009 16:05:07] /r
[06/07/2009 16:05:07] /r
[06/07/2009 16:05:07] /r
[06/07/2009 16:05:07] /r
[06/07/2009 16:05:07] /r
[06/07/2009 16:05:07] /r
[06/07/2009 16:05:07] /r
[06/07/2009 16:05:07] /r
[06/07/2009 16:05:07] /r
[06/07/2009 16:05:07] /r
[06/07/2009 16:05:07] /r
[06/07/2009 16:05:07] /r
[06/07/2009 16:05:07] /r
[06/07/2009 16:05:08] /r
[06/07/2009 16:05:08] /r
[06/07/2009 16:05:08] /r
[06/07/2009 16:05:08] /r
[06/07/2009 16:05:08] /r
[06/07/2009 16:05:08] /r
[06/07/2009 16:05:08] /r
[06/07/2009 16:05:08] /r
[06/07/2009 16:05:08] /r
[06/07/2009 16:05:08] /r
[06/07/2009 16:05:08] /r
[06/07/2009 16:05:08] /r
[06/07/2009 16:05:08] /r
[06/07/2009 16:05:08] /r
[06/07/2009 16:05:08] /r
[06/07/2009 16:05:08] /r
[06/07/2009 16:05:08] /r
[06/07/2009 16:05:08] /r
[06/07/2009 16:05:08] /r
[06/07/2009 16:05:08] /r
[06/07/2009 16:05:10] /r
[06/07/2009 16:05:10] /r
[06/07/2009 16:05:10] /r
[06/07/2009 16:05:10] /r
[06/07/2009 16:05:10] /r
[06/07/2009 16:05:10] /r
[06/07/2009 16:05:10] /r
[06/07/2009 16:05:10] /r
[06/07/2009 16:05:10] /r
[06/07/2009 16:05:10] /r
[06/07/2009 16:05:10] /r
[06/07/2009 16:05:10] /r
[06/07/2009 16:05:10] /r
[06/07/2009 16:05:10] /r
[06/07/2009 16:05:10] /r
[06/07/2009 16:05:11] /r
[06/07/2009 16:05:11] /r
[06/07/2009 16:05:11] /r
[06/07/2009 16:05:11] /r
[06/07/2009 16:05:11] /r
[06/07/2009 16:05:11] /r
[06/07/2009 16:05:11] /r
[06/07/2009 16:05:11] /r
[06/07/2009 16:05:11] /r
[06/07/2009 16:05:11] /r
[06/07/2009 16:05:11] /r
[06/07/2009 16:05:11] /r
[06/07/2009 16:05:11] /r
[06/07/2009 16:05:11] /r
[06/07/2009 16:05:11] /r
[06/07/2009 16:05:11] /r
[06/07/2009 16:05:11] /r
[06/07/2009 16:05:11] /r
[06/07/2009 16:05:11] /r
[06/07/2009 16:05:11] /r
[06/07/2009 16:05:11] /r
[06/07/2009 16:05:11] /r
[06/07/2009 16:05:11] /r
[06/07/2009 16:05:11] /r
[06/07/2009 16:05:11] /r
[06/07/2009 16:05:11] /r
[06/07/2009 16:05:11] /r
[06/07/2009 16:05:11] /r
[06/07/2009 16:05:11] /r
[06/07/2009 16:05:12] /r
[06/07/2009 16:05:12] /r
[06/07/2009 16:05:12] /r
[06/07/2009 16:05:12] /r
[06/07/2009 16:05:12] /r
[06/07/2009 16:05:12] /r
[06/07/2009 16:05:12] /r
[06/07/2009 16:05:12] /r
[06/07/2009 16:05:12] /r
[06/07/2009 16:05:12] /r
[06/07/2009 16:05:12] /r
[06/07/2009 16:05:12] /r
[06/07/2009 16:05:12] /r
[06/07/2009 16:05:12] /r
[06/07/2009 16:05:12] /r
[06/07/2009 16:05:12] /r
[06/07/2009 16:05:12] /r
[06/07/2009 16:05:12] /r
[06/07/2009 16:05:12] /r
[06/07/2009 16:05:12] /r
[06/07/2009 16:05:12] /r
[06/07/2009 16:05:12] /r
[06/07/2009 16:05:12] /r
[06/07/2009 16:05:12] /r
[06/07/2009 16:05:12] /r
[06/07/2009 16:05:12] /r
[06/07/2009 16:05:12] /r
[06/07/2009 16:05:12] /r
[06/07/2009 16:05:13] /r
[06/07/2009 16:05:13] /r
[06/07/2009 16:05:13] /r
[06/07/2009 16:05:13] /r
[06/07/2009 16:05:13] /r
[06/07/2009 16:05:13] /r
[06/07/2009 16:05:13] /r
[06/07/2009 16:05:13] /r
[06/07/2009 16:05:13] /r
[06/07/2009 16:05:13] /r
[06/07/2009 16:05:13] /r
[06/07/2009 16:05:13] /r
[06/07/2009 16:05:13] /r
[06/07/2009 16:05:13] /r
[06/07/2009 16:05:13] /r
[06/07/2009 16:05:13] /r
[06/07/2009 16:05:13] /r
[06/07/2009 16:05:13] /r
[06/07/2009 16:05:13] /r
[06/07/2009 16:05:13] /r
[06/07/2009 16:05:13] /r
[06/07/2009 16:05:13] /r
[06/07/2009 16:05:13] /r
[06/07/2009 16:05:13] /r
[06/07/2009 16:05:13] /r
[06/07/2009 16:05:13] /r
[06/07/2009 16:05:13] /r
[06/07/2009 16:05:14] /r
[06/07/2009 16:05:14] /r
[06/07/2009 16:05:14] /r
[06/07/2009 16:05:14] /r
[06/07/2009 16:05:14] /r
[06/07/2009 16:05:14] /r
[06/07/2009 16:05:14] /r
[06/07/2009 16:05:14] /r
[06/07/2009 16:05:14] /r
[06/07/2009 16:05:14] /r
[06/07/2009 16:05:14] /r
[06/07/2009 16:05:14] /r
[06/07/2009 16:05:14] /r
[06/07/2009 16:05:14] /r
[06/07/2009 16:05:16] /i 2160
[06/07/2009 16:05:17] /i 2160
[06/07/2009 16:05:17] /i 2160
[06/07/2009 16:05:49] /r
[06/07/2009 16:05:54] /r
[06/07/2009 16:05:55] /r
[06/07/2009 16:05:55] /r
[06/07/2009 16:05:55] /r
[06/07/2009 16:05:56] /r
[06/07/2009 16:05:56] /r
[06/07/2009 16:05:56] /r
[06/07/2009 16:05:56] /r
[06/07/2009 16:05:57] /r
[06/07/2009 16:05:57] /r
[06/07/2009 16:05:57] /r
[06/07/2009 16:05:57] /r
[06/07/2009 16:05:57] /r
[06/07/2009 16:05:57] /r
[06/07/2009 16:05:57] /r
[06/07/2009 16:05:57] /r
[06/07/2009 16:05:57] /r
[06/07/2009 16:05:57] /r
[06/07/2009 16:05:57] /r
[06/07/2009 16:05:57] /r
[06/07/2009 16:05:57] /r
[06/07/2009 16:05:57] /r
[06/07/2009 16:05:57] /r
[06/07/2009 16:05:57] /r
[06/07/2009 16:05:57] /r
[06/07/2009 16:05:57] /r
[06/07/2009 16:05:58] /r
[06/07/2009 16:05:58] /r
[06/07/2009 16:05:58] /r
[06/07/2009 16:05:58] /r
[06/07/2009 16:05:58] /r
[06/07/2009 16:05:58] /r
[06/07/2009 16:05:58] /r
[06/07/2009 16:05:58] /r
[06/07/2009 16:05:58] /r
[06/07/2009 16:05:58] /r
[06/07/2009 16:05:58] /r
[06/07/2009 16:05:58] /r
[06/07/2009 16:05:58] /r
[06/07/2009 16:05:58] /r
[06/07/2009 16:05:58] /r
[06/07/2009 16:05:58] /r
[06/07/2009 16:05:58] /r
[06/07/2009 16:05:58] /r
[06/07/2009 16:05:58] /r
[06/07/2009 16:05:58] /r
[06/07/2009 16:05:58] /r
[06/07/2009 16:05:58] /r
[06/07/2009 16:05:58] /r
[06/07/2009 16:05:58] /r
[06/07/2009 16:05:58] /r
[06/07/2009 16:05:58] /r
[06/07/2009 16:05:58] /r
[06/07/2009 16:05:59] /r
[06/07/2009 16:05:59] /r
[06/07/2009 16:05:59] /r
[06/07/2009 16:05:59] /r
[06/07/2009 16:05:59] /r
[06/07/2009 16:05:59] /r
[06/07/2009 16:05:59] /r
[06/07/2009 16:05:59] /r
[06/07/2009 16:05:59] /r
[06/07/2009 16:05:59] /r
[06/07/2009 16:05:59] /r
[06/07/2009 16:05:59] /r
[06/07/2009 16:05:59] /r
[06/07/2009 16:05:59] /r
[06/07/2009 16:05:59] /r
[06/07/2009 16:05:59] /r
[06/07/2009 16:05:59] /r
[06/07/2009 16:05:59] /r
[06/07/2009 16:05:59] /r
[06/07/2009 16:05:59] /r
[06/07/2009 16:05:59] /r
[06/07/2009 16:05:59] /r
[06/07/2009 16:05:59] /r
[06/07/2009 16:05:59] /r
[06/07/2009 16:05:59] /r
[06/07/2009 16:06:00] /r
[06/07/2009 16:06:01] /r
[06/07/2009 16:06:01] /r
[06/07/2009 16:06:01] /r
[06/07/2009 16:06:01] /r
[06/07/2009 16:06:01] /r
[06/07/2009 16:06:01] /r
[06/07/2009 16:06:01] /r
[06/07/2009 16:06:01] /r
[06/07/2009 16:06:01] /r
[06/07/2009 16:06:01] /r
[06/07/2009 16:06:01] /r
[06/07/2009 16:06:01] /r
[06/07/2009 16:06:01] /r
[06/07/2009 16:06:01] /r
[06/07/2009 16:06:01] /r
[06/07/2009 16:06:06] /r
[06/07/2009 16:06:07] /r
[06/07/2009 16:06:07] /r
[06/07/2009 16:06:08] /r
[06/07/2009 16:06:08] /r
[06/07/2009 16:06:09] /r
[06/07/2009 16:06:16] /r
[06/07/2009 16:06:17] /r
[06/07/2009 16:06:34] /i 2160
[06/07/2009 16:07:24] /i demon helmet
[06/07/2009 16:07:25] /i demon helmet
[06/07/2009 16:07:25] /i demon helmet
[06/07/2009 16:07:25] /i demon helmet
[06/07/2009 16:07:25] /i demon helmet
[06/07/2009 16:07:25] /i demon helmet
[06/07/2009 16:07:25] /i demon helmet
[06/07/2009 16:07:26] /i 2160
[06/07/2009 16:07:27] /i 2160
[06/07/2009 16:07:27] /i 10025
[06/07/2009 16:07:29] /i 10025
[06/07/2009 16:07:29] /i 10025
[06/07/2009 16:07:30] /i 10025
[06/07/2009 16:07:30] /i 10025
[06/07/2009 16:07:30] /i 10025
[06/07/2009 16:07:30] /i 10025
[06/07/2009 16:07:30] /i 10025
[06/07/2009 16:07:30] /i 10025
[06/07/2009 16:07:30] /i 10025
[06/07/2009 16:07:30] /i 10025
[06/07/2009 16:07:30] /i 10025
[06/07/2009 16:07:30] /i 10025
[06/07/2009 16:07:30] /i 10025
[06/07/2009 16:07:30] /i 10025
[06/07/2009 16:07:30] /i 10025
[06/07/2009 16:07:30] /i 10025
[06/07/2009 16:07:30] /i 10025
[06/07/2009 16:07:30] /i 10025
[06/07/2009 16:07:30] /i 10025
[06/07/2009 16:07:30] /i 10025
[06/07/2009 16:07:30] /i 10025
[06/07/2009 16:07:30] /i 10025
[06/07/2009 16:07:30] /i 10025
[06/07/2009 16:07:30] /i 10025
[06/07/2009 16:07:30] /i 10025
[06/07/2009 16:07:30] /i 10025
[06/07/2009 16:07:30] /i 10025
[06/07/2009 16:07:30] /i 10025
[06/07/2009 16:07:30] /i 10025
[06/07/2009 16:07:30] /i 10025
[06/07/2009 16:07:30] /i 10025
[06/07/2009 16:07:31] /i 10025
[06/07/2009 16:07:31] /i 10025
[06/07/2009 16:07:31] /i 10025
[06/07/2009 16:07:31] /i 10025
[06/07/2009 16:07:31] /i 10025
[06/07/2009 16:07:31] /i 10025
[06/07/2009 16:07:31] /i 10025
[06/07/2009 16:07:31] /i 10025
[06/07/2009 16:07:31] /i 10025
[06/07/2009 16:07:31] /i 10025
[06/07/2009 16:07:31] /i 10025
[06/07/2009 16:07:31] /i 10025
[06/07/2009 16:07:31] /i 10025
[06/07/2009 16:07:31] /i 10025
[06/07/2009 16:07:31] /i 10025
[06/07/2009 16:07:31] /i 10025
[06/07/2009 16:07:31] /i 10025
[06/07/2009 16:07:31] /i 10025
[06/07/2009 16:07:31] /i 10025
[06/07/2009 16:07:31] /i 10025
[06/07/2009 16:07:31] /i 10025
[06/07/2009 16:07:31] /i 10025
[06/07/2009 16:07:31] /i 10025
[06/07/2009 16:07:31] /i 10025
[06/07/2009 16:07:31] /i 10025
[06/07/2009 16:07:31] /i 10025
[06/07/2009 16:07:31] /i 10025
[06/07/2009 16:07:31] /i 10025
[06/07/2009 16:07:32] /i 10025
[06/07/2009 16:07:32] /i 10025
[06/07/2009 16:07:32] /i 10025
[06/07/2009 16:07:32] /i 10025
[06/07/2009 16:07:32] /i 10025
[06/07/2009 16:07:32] /i 10025
[06/07/2009 16:07:32] /i 10025
[06/07/2009 16:07:32] /i 10025
[06/07/2009 16:07:32] /i 10025
[06/07/2009 16:07:32] /i 10025
[06/07/2009 16:07:32] /i 10025
[06/07/2009 16:07:32] /i 10025
[06/07/2009 16:07:32] /i 10025
[06/07/2009 16:07:32] /i 10025
[06/07/2009 16:07:32] /i 10025
[06/07/2009 16:07:32] /i 10025
[06/07/2009 16:07:32] /i 10025
[06/07/2009 16:07:32] /i 10025
[06/07/2009 16:07:32] /i 10025
[06/07/2009 16:07:32] /i 10025
[06/07/2009 16:07:32] /i 10025
[06/07/2009 16:07:32] /i 10025
[06/07/2009 16:07:32] /i 10025
[06/07/2009 16:07:32] /i 10025
[06/07/2009 16:07:32] /i 10025
[06/07/2009 16:07:32] /i 10025
[06/07/2009 16:07:32] /i 10025
[06/07/2009 16:07:32] /i 10025
[06/07/2009 16:07:32] /i 10025
[06/07/2009 16:07:33] /i 10025
[06/07/2009 16:07:33] /i 10025
[06/07/2009 16:07:33] /i 10025
[06/07/2009 16:07:33] /i 10025
[06/07/2009 16:07:33] /i 10025
[06/07/2009 16:07:33] /i 10025
[06/07/2009 16:07:33] /i 10025
[06/07/2009 16:07:33] /i 10025
[06/07/2009 16:07:33] /i 10025
[06/07/2009 16:07:33] /i 10025
[06/07/2009 16:07:33] /i 10025
[06/07/2009 16:07:33] /i 10025
[06/07/2009 16:07:33] /i 10025
[06/07/2009 16:07:33] /i 10025
[06/07/2009 16:07:33] /i 10025
[06/07/2009 16:07:33] /i 10025
[06/07/2009 16:07:33] /i 10025
[06/07/2009 16:07:33] /i 10025
[06/07/2009 16:07:33] /i 10025
[06/07/2009 16:07:33] /i 10025
[06/07/2009 16:07:33] /i 10025
[06/07/2009 16:07:33] /i 10025
[06/07/2009 16:07:33] /i 10025
[06/07/2009 16:07:33] /i 10025
[06/07/2009 16:07:33] /i 10025
[06/07/2009 16:07:33] /i 10025
[06/07/2009 16:07:33] /i 10025
[06/07/2009 16:07:33] /i 10025
[06/07/2009 16:07:34] /i 10025
[06/07/2009 16:07:34] /i 10025
[06/07/2009 16:07:34] /i 10025
[06/07/2009 16:07:34] /i 10025
[06/07/2009 16:07:34] /i 10025
[06/07/2009 16:07:34] /i 10025
[06/07/2009 16:07:34] /i 10025
[06/07/2009 16:07:34] /i 10025
[06/07/2009 16:07:34] /i 10025
[06/07/2009 16:07:34] /i 10025
[06/07/2009 16:07:34] /i 10025
[06/07/2009 16:07:34] /i 10025
[06/07/2009 16:07:34] /i 10025
[06/07/2009 16:07:34] /i 10025
[06/07/2009 16:07:34] /i 10025
[06/07/2009 16:07:34] /i 10025
[06/07/2009 16:07:34] /i 10025
[06/07/2009 16:07:34] /i 10025
[06/07/2009 16:07:34] /i 10025
[06/07/2009 16:07:34] /i 10025
[06/07/2009 16:07:34] /i 10025
[06/07/2009 16:07:34] /i 10025
[06/07/2009 16:07:34] /i 10025
[06/07/2009 16:07:34] /i 10025
[06/07/2009 16:07:34] /i 10025
[06/07/2009 16:07:34] /i 10025
[06/07/2009 16:07:34] /i 10025
[06/07/2009 16:07:34] /i 10025
[06/07/2009 16:07:34] /i 10025
[06/07/2009 16:07:35] /i 10025
[06/07/2009 16:07:35] /i 10025
[06/07/2009 16:07:35] /i 10025
[06/07/2009 16:07:35] /i 10025
[06/07/2009 16:07:35] /i 10025
[06/07/2009 16:07:35] /i 10025
[06/07/2009 16:07:35] /i 10025
[06/07/2009 16:07:35] /i 10025
[06/07/2009 16:07:35] /i 10025
[06/07/2009 16:07:35] /i 10025
[06/07/2009 16:07:35] /i 10025
[06/07/2009 16:07:35] /i 10025
[06/07/2009 16:07:35] /i 10025
[06/07/2009 16:07:35] /i 10025
[06/07/2009 16:07:35] /i 10025
[06/07/2009 16:07:35] /i 10025
[06/07/2009 16:07:35] /i 10025
[06/07/2009 16:07:35] /i 10025
[06/07/2009 16:07:35] /i 10025
[06/07/2009 16:07:35] /i 10025
[06/07/2009 16:07:35] /i 10025
[06/07/2009 16:07:35] /i 10025
[06/07/2009 16:07:35] /i 10025
[06/07/2009 16:07:35] /i 10025
[06/07/2009 16:07:35] /i 10025
[06/07/2009 16:07:35] /i 10025
[06/07/2009 16:07:35] /i 10025
[06/07/2009 16:07:35] /i 10025
[06/07/2009 16:07:36] /i 10025
[06/07/2009 16:07:36] /i 10025
[06/07/2009 16:07:36] /i 10025
[06/07/2009 16:07:36] /i 10025
[06/07/2009 16:07:36] /i 10025
[06/07/2009 16:07:36] /i 10025
[06/07/2009 16:07:36] /i 10025
[06/07/2009 16:07:36] /i 10025
[06/07/2009 16:07:36] /i 10025
[06/07/2009 16:07:36] /i 10025
[06/07/2009 16:07:36] /i 10025
[06/07/2009 16:07:36] /i 10025
[06/07/2009 16:07:36] /i 10025
[06/07/2009 16:07:36] /i 10025
[06/07/2009 16:07:36] /i 10025
[06/07/2009 16:07:36] /i 10025
[06/07/2009 16:07:36] /i 10025
[06/07/2009 16:07:36] /i 10025
[06/07/2009 16:07:36] /i 10025
[06/07/2009 16:07:36] /i 10025
[06/07/2009 16:07:36] /i 10025
[06/07/2009 16:07:36] /i 10025
[06/07/2009 16:07:36] /i 10025
[06/07/2009 16:07:36] /i 10025
[06/07/2009 16:07:36] /i 10025
[06/07/2009 16:07:36] /i 10025
[06/07/2009 16:07:36] /i 10025
[06/07/2009 16:07:36] /i 10025
[06/07/2009 16:07:36] /i 10025
[06/07/2009 16:07:37] /i 10025
[06/07/2009 16:07:37] /i 10025
[06/07/2009 16:07:37] /i 10025
[06/07/2009 16:07:37] /i 10025
[06/07/2009 16:07:37] /i 10025
[06/07/2009 16:07:37] /i 10025
[06/07/2009 16:07:37] /i 10025
[06/07/2009 16:07:37] /i 10025
[06/07/2009 16:07:37] /i 10025
[06/07/2009 16:07:37] /i 10025
[06/07/2009 16:07:37] /i 10025
[06/07/2009 16:07:37] /i 10025
[06/07/2009 16:07:37] /i 10025
[06/07/2009 16:07:37] /i 10025
[06/07/2009 16:07:37] /i 10025
[06/07/2009 16:07:37] /i 10025
[06/07/2009 16:07:37] /i 10025
[06/07/2009 16:07:37] /i 10025
[06/07/2009 16:07:37] /i 10025
[06/07/2009 16:07:37] /i 10025
[06/07/2009 16:07:37] /i 10025
[06/07/2009 16:07:37] /i 10025
[06/07/2009 16:07:37] /i 10025
[06/07/2009 16:07:37] /i 10025
[06/07/2009 16:07:37] /i 10025
[06/07/2009 16:07:37] /i 10025
[06/07/2009 16:07:37] /i 10025
[06/07/2009 16:07:37] /i 10025
[06/07/2009 16:07:38] /i 10025
[06/07/2009 16:07:38] /i 10025
[06/07/2009 16:07:38] /i 10025
[06/07/2009 16:07:38] /i 10025
[06/07/2009 16:07:38] /i 10025
[06/07/2009 16:07:38] /i 10025
[06/07/2009 16:07:38] /i 10025
[06/07/2009 16:07:38] /i 10025
[06/07/2009 16:07:38] /i 10025
[06/07/2009 16:07:38] /i 10025
[06/07/2009 16:07:38] /i 10025
[06/07/2009 16:07:38] /i 10025
[06/07/2009 16:07:38] /i 10025
[06/07/2009 16:07:38] /i 10025
[06/07/2009 16:07:38] /i 10025
[06/07/2009 16:07:38] /i 10025
[06/07/2009 16:07:38] /i 10025
[06/07/2009 16:07:38] /i 10025
[06/07/2009 16:07:38] /i 10025
[06/07/2009 16:07:38] /i 10025
[06/07/2009 16:07:38] /i 10025
[06/07/2009 16:07:38] /i 10025
[06/07/2009 16:07:38] /i 10025
[06/07/2009 16:07:38] /i 10025
[06/07/2009 16:07:38] /i 10025
[06/07/2009 16:07:38] /i 10025
[06/07/2009 16:07:38] /i 10025
[06/07/2009 16:07:38] /i 10025
[06/07/2009 16:07:38] /i 10025
[06/07/2009 16:07:39] /i 10025
[06/07/2009 16:07:39] /i 10025
[06/07/2009 16:07:39] /i 10025
[06/07/2009 16:07:39] /i 10025
[06/07/2009 16:07:39] /i 10025
[06/07/2009 16:07:39] /i 10025
[06/07/2009 16:07:39] /i 10025
[06/07/2009 16:07:39] /i 10025
[06/07/2009 16:07:39] /i 10025
[06/07/2009 16:07:39] /i 10025
[06/07/2009 16:07:39] /i 10025
[06/07/2009 16:07:39] /i 10025
[06/07/2009 16:07:39] /i 10025
[06/07/2009 16:07:39] /i 10025
[06/07/2009 16:07:39] /i 10025
[06/07/2009 16:07:39] /i 10025
[06/07/2009 16:07:39] /i 10025
[06/07/2009 16:07:39] /i 10025
[06/07/2009 16:07:39] /i 10025
[06/07/2009 16:07:39] /i 10025
[06/07/2009 16:07:39] /i 10025
[06/07/2009 16:07:39] /i 10025
[06/07/2009 16:07:39] /i 10025
[06/07/2009 16:07:39] /i 10025
[06/07/2009 16:07:39] /i 10025
[06/07/2009 16:07:39] /i 10025
[06/07/2009 16:07:39] /i 10025
[06/07/2009 16:07:39] /i 10025
[06/07/2009 16:07:40] /i 10025
[06/07/2009 16:07:40] /i 10025
[06/07/2009 16:07:40] /i 10025
[06/07/2009 16:07:40] /i 10025
[06/07/2009 16:07:40] /i 10025
[06/07/2009 16:07:40] /i 10025
[06/07/2009 16:07:40] /i 10025
[06/07/2009 16:07:40] /i 10025
[06/07/2009 16:07:40] /i 10025
[06/07/2009 16:07:40] /i 10025
[06/07/2009 16:07:40] /i 10025
[06/07/2009 16:07:40] /i 10025
[06/07/2009 16:07:40] /i 10025
[06/07/2009 16:07:40] /i 10025
[06/07/2009 16:07:40] /i 10025
[06/07/2009 16:07:40] /i 10025
[06/07/2009 16:07:40] /i 10025
[06/07/2009 16:07:40] /i 10025
[06/07/2009 16:07:40] /i 10025
[06/07/2009 16:07:40] /i 10025
[06/07/2009 16:07:40] /i 10025
[06/07/2009 16:07:40] /i 10025
[06/07/2009 16:07:40] /i 10025
[06/07/2009 16:07:40] /i 10025
[06/07/2009 16:07:40] /i 10025
[06/07/2009 16:07:40] /i 10025
[06/07/2009 16:07:40] /i 10025
[06/07/2009 16:07:40] /i 10025
[06/07/2009 16:07:40] /i 10025
[06/07/2009 16:07:41] /i 10025
[06/07/2009 16:07:41] /i 10025
[06/07/2009 16:07:41] /i 10025
[06/07/2009 16:07:41] /i 10025
[06/07/2009 16:07:41] /i 10025
[06/07/2009 16:07:41] /i 10025
[06/07/2009 16:07:41] /i 10025
[06/07/2009 16:07:41] /i 10025
[06/07/2009 16:07:41] /i 10025
[06/07/2009 16:07:41] /i 10025
[06/07/2009 16:07:41] /i 10025
[06/07/2009 16:07:41] /i 10025
[06/07/2009 16:07:41] /i 10025
[06/07/2009 16:07:41] /i 10025
[06/07/2009 16:07:41] /i 10025
[06/07/2009 16:07:41] /i 10025
[06/07/2009 16:07:41] /i 10025
[06/07/2009 16:07:41] /i 10025
[06/07/2009 16:07:41] /i 10025
[06/07/2009 16:07:41] /i 10025
[06/07/2009 16:07:41] /i 10025
[06/07/2009 16:07:41] /i 10025
[06/07/2009 16:07:41] /i 10025
[06/07/2009 16:07:41] /i 10025
[06/07/2009 16:07:41] /i 10025
[06/07/2009 16:07:41] /i 10025
[06/07/2009 16:07:41] /i 10025
[06/07/2009 16:07:41] /i 10025
[06/07/2009 16:07:42] /i 10025
[06/07/2009 16:07:42] /i 10025
[06/07/2009 16:07:42] /i 10025
[06/07/2009 16:07:42] /i 10025
[06/07/2009 16:07:42] /i 10025
[06/07/2009 16:07:42] /i 10025
[06/07/2009 16:07:42] /i 10025
[06/07/2009 16:07:42] /i 10025
[06/07/2009 16:07:42] /i 10025
[06/07/2009 16:07:42] /i 10025
[06/07/2009 16:07:42] /i 10025
[06/07/2009 16:07:42] /i 10025
[06/07/2009 16:07:42] /i 10025
[06/07/2009 16:07:42] /i 10025
[06/07/2009 16:07:42] /i 10025
[06/07/2009 16:07:42] /i 10025
[06/07/2009 16:07:42] /i 10025
[06/07/2009 16:07:42] /i 10025
[06/07/2009 16:07:42] /i 10025
[06/07/2009 16:07:42] /i 10025
[06/07/2009 16:07:42] /i 10025
[06/07/2009 16:07:42] /i 10025
[06/07/2009 16:07:42] /i 10025
[06/07/2009 16:07:42] /i 10025
[06/07/2009 16:07:42] /i 10025
[06/07/2009 16:07:42] /i 10025
[06/07/2009 16:07:42] /i 10025
[06/07/2009 16:07:42] /i 10025
[06/07/2009 16:07:43] /i 10025
[06/07/2009 16:07:43] /i 10025
[06/07/2009 16:07:43] /i 10025
[06/07/2009 16:07:43] /i 10025
[06/07/2009 16:07:43] /i 10025
[06/07/2009 16:07:43] /i 10025
[06/07/2009 16:07:43] /i 10025
[06/07/2009 16:07:43] /i 10025
[06/07/2009 16:07:43] /i 10025
[06/07/2009 16:07:43] /i 10025
[06/07/2009 16:07:43] /i 10025
[06/07/2009 16:07:43] /i 10025
[06/07/2009 16:07:43] /i 10025
[06/07/2009 16:07:43] /i 10025
[06/07/2009 16:07:43] /i 10025
[06/07/2009 16:07:43] /i 10025
[06/07/2009 16:07:43] /i 10025
[06/07/2009 16:07:43] /i 10025
[06/07/2009 16:07:43] /i 10025
[06/07/2009 16:07:43] /i 10025
[06/07/2009 16:07:43] /i 10025
[06/07/2009 16:07:43] /i 10025
[06/07/2009 16:07:43] /i 10025
[06/07/2009 16:07:43] /i 10025
[06/07/2009 16:07:43] /i 10025
[06/07/2009 16:07:43] /i 10025
[06/07/2009 16:07:43] /i 10025
[06/07/2009 16:07:43] /i 10025
[06/07/2009 16:07:43] /i 10025
[06/07/2009 16:07:44] /i 10025
[06/07/2009 16:07:44] /i 10025
[06/07/2009 16:07:44] /i 10025
[06/07/2009 16:07:44] /i 10025
[06/07/2009 16:07:44] /i 10025
[06/07/2009 16:07:44] /i 10025
[06/07/2009 16:07:44] /i 10025
[06/07/2009 16:07:44] /i 10025
[06/07/2009 16:07:44] /i 10025
[06/07/2009 16:07:44] /i 10025
[06/07/2009 16:07:44] /i 10025
[06/07/2009 16:07:44] /i 10025
[06/07/2009 16:07:44] /i 10025
[06/07/2009 16:07:44] /i 10025
[06/07/2009 16:07:44] /i 10025
[06/07/2009 16:07:44] /i 10025
[06/07/2009 16:07:44] /i 10025
[06/07/2009 16:07:44] /i 10025
[06/07/2009 16:07:44] /i 10025
[06/07/2009 16:07:44] /i 10025
[06/07/2009 16:07:44] /i 10025
[06/07/2009 16:07:44] /i 10025
[06/07/2009 16:07:44] /i 10025
[06/07/2009 16:07:44] /i 10025
[06/07/2009 16:07:44] /i 10025
[06/07/2009 16:07:44] /i 10025
[06/07/2009 16:07:44] /i 10025
[06/07/2009 16:07:44] /i 10025
[06/07/2009 16:07:45] /i 10025
[06/07/2009 16:07:45] /i 10025
[06/07/2009 16:07:45] /i 10025
[06/07/2009 16:07:45] /i 10025
[06/07/2009 16:07:45] /i 10025
[06/07/2009 16:07:45] /i 10025
[06/07/2009 16:07:45] /i 10025
[06/07/2009 16:07:45] /i 10025
[06/07/2009 16:07:45] /i 10025
[06/07/2009 16:07:45] /i 10025
[06/07/2009 16:07:45] /i 10025
[06/07/2009 16:07:45] /i 10025
[06/07/2009 16:07:45] /i 10025
[06/07/2009 16:07:45] /i 10025
[06/07/2009 16:07:45] /i 10025
[06/07/2009 16:07:45] /i 10025
[06/07/2009 16:07:45] /i 10025
[06/07/2009 16:07:45] /i 10025
[06/07/2009 16:07:45] /i 10025
[06/07/2009 16:07:45] /i 10025
[06/07/2009 16:07:45] /i 10025
[06/07/2009 16:07:45] /i 10025
[06/07/2009 16:07:45] /i 10025
[06/07/2009 16:07:45] /i 10025
[06/07/2009 16:07:45] /i 10025
[06/07/2009 16:07:45] /i 10025
[06/07/2009 16:07:45] /i 10025
[06/07/2009 16:07:45] /i 10025
[06/07/2009 16:07:45] /i 10025
[06/07/2009 16:07:46] /i 10025
[06/07/2009 16:07:46] /i 10025
[06/07/2009 16:07:46] /i 10025
[06/07/2009 16:07:46] /i 10025
[06/07/2009 16:07:46] /i 10025
[06/07/2009 16:07:46] /i 10025
[06/07/2009 16:07:46] /i 10025
[06/07/2009 16:07:46] /i 10025
[06/07/2009 16:07:46] /i 10025
[06/07/2009 16:07:46] /i 10025
[06/07/2009 16:07:46] /i 10025
[06/07/2009 16:07:46] /i 10025
[06/07/2009 16:07:46] /i 10025
[06/07/2009 16:07:46] /i 10025
[06/07/2009 16:07:46] /i 10025
[06/07/2009 16:07:46] /i 10025
[06/07/2009 16:07:46] /i 10025
[06/07/2009 16:07:46] /i 10025
[06/07/2009 16:07:46] /i 10025
[06/07/2009 16:07:46] /i 10025
[06/07/2009 16:07:46] /i 10025
[06/07/2009 16:07:46] /i 10025
[06/07/2009 16:07:46] /i 10025
[06/07/2009 16:07:46] /i 10025
[06/07/2009 16:07:46] /i 10025
[06/07/2009 16:07:46] /i 10025
[06/07/2009 16:07:46] /i 10025
[06/07/2009 16:07:46] /i 10025
[06/07/2009 16:07:47] /i 10025
[06/07/2009 16:07:47] /i 10025
[06/07/2009 16:07:47] /i 10025
[06/07/2009 16:07:47] /i 10025
[06/07/2009 16:07:47] /i 10025
[06/07/2009 16:07:47] /i 10025
[06/07/2009 16:07:47] /i 10025
[06/07/2009 16:07:47] /i 10025
[06/07/2009 16:07:47] /i 10025
[06/07/2009 16:07:47] /i 10025
[06/07/2009 16:07:47] /i 10025
[06/07/2009 16:07:47] /i 10025
[06/07/2009 16:07:47] /i 10025
[06/07/2009 16:07:47] /i 10025
[06/07/2009 16:07:47] /i 10025
[06/07/2009 16:07:47] /i 10025
[06/07/2009 16:07:47] /i 10025
[06/07/2009 16:07:47] /i 10025
[06/07/2009 16:07:47] /i 10025
[06/07/2009 16:07:47] /i 10025
[06/07/2009 16:07:47] /i 10025
[06/07/2009 16:07:47] /i 10025
[06/07/2009 16:07:47] /i 10025
[06/07/2009 16:07:47] /i 10025
[06/07/2009 16:07:47] /i 10025
[06/07/2009 16:08:01] /i 2160
[06/07/2009 16:08:02] /i 2160
[06/07/2009 16:08:02] /i 2160
[06/07/2009 16:08:02] /i 2160
[06/07/2009 16:08:02] /i 2160
[06/07/2009 16:08:02] /i 2160
[06/07/2009 16:08:02] /i 2160
[06/07/2009 16:08:02] /i 2160
[06/07/2009 16:08:02] /i 2160
[06/07/2009 16:08:02] /i 2160
[06/07/2009 16:08:02] /i 2160
[06/07/2009 16:08:02] /i 2160
[06/07/2009 16:08:02] /i 2160
[06/07/2009 16:08:02] /i 2160
[06/07/2009 16:08:02] /i 2160
[06/07/2009 16:08:02] /i 2160
[06/07/2009 16:08:03] /i 2160
[06/07/2009 16:08:03] /i 2160
[06/07/2009 16:08:03] /i 2160
[06/07/2009 16:08:03] /i 2160
[06/07/2009 16:08:03] /i 2160
[06/07/2009 16:08:03] /i 2160
[06/07/2009 16:08:03] /i 2160
[06/07/2009 16:08:03] /i 2160
[06/07/2009 16:08:03] /i 2160
[06/07/2009 16:08:03] /i 2160
[06/07/2009 16:08:03] /i 2160
[06/07/2009 16:08:03] /i 2160
[06/07/2009 16:08:03] /i 2160
[06/07/2009 16:08:03] /i 2160
[06/07/2009 16:08:03] /i 2160
[06/07/2009 16:08:03] /i 2160
[06/07/2009 16:08:03] /i 2160
[06/07/2009 16:08:03] /i 2160
[06/07/2009 16:08:03] /i 2160
[06/07/2009 16:08:03] /i 2160
[06/07/2009 16:08:03] /i 2160
[06/07/2009 16:08:03] /i 2160
[06/07/2009 16:08:03] /i 2160
[06/07/2009 16:08:03] /i 2160
[06/07/2009 16:08:03] /i 2160
[06/07/2009 16:08:03] /i 2160
[06/07/2009 16:08:03] /i 2160
[06/07/2009 16:08:03] /i 2160
[06/07/2009 16:08:03] /i 2160
[06/07/2009 16:08:04] /i 2160
[06/07/2009 16:08:04] /i 2160
[06/07/2009 16:08:04] /i 2160
[06/07/2009 16:08:04] /i 2160
[06/07/2009 16:08:04] /i 2160
[06/07/2009 16:08:04] /i 2160
[06/07/2009 16:08:04] /i 2160
[06/07/2009 16:08:04] /i 2160
[06/07/2009 16:08:04] /i 2160
[06/07/2009 16:08:04] /i 2160
[06/07/2009 16:08:04] /i 2160
[06/07/2009 16:08:04] /i 2160
[06/07/2009 16:08:04] /i 2160
[06/07/2009 16:08:04] /i 2160
[06/07/2009 16:08:04] /i 2160
[06/07/2009 16:08:04] /i 2160
[06/07/2009 16:08:04] /i 2160
[06/07/2009 16:08:04] /i 2160
[06/07/2009 16:08:04] /i 2160
[06/07/2009 16:08:04] /i 2160
[06/07/2009 16:08:04] /i 2160
[06/07/2009 16:08:04] /i 2160
[06/07/2009 16:08:04] /i 2160
[06/07/2009 16:08:04] /i 2160
[06/07/2009 16:08:04] /i 2160
[06/07/2009 16:08:04] /i 2160
[06/07/2009 16:08:04] /i 2160
[06/07/2009 16:08:04] /i 2160
[06/07/2009 16:08:05] /i 2160
[06/07/2009 16:08:05] /i 2160
[06/07/2009 16:08:05] /i 2160
[06/07/2009 16:08:05] /i 2160
[06/07/2009 16:08:05] /i 2160
[06/07/2009 16:08:05] /i 2160
[06/07/2009 16:08:05] /i 2160
[06/07/2009 16:08:05] /i 2160
[06/07/2009 16:08:05] /i 2160
[06/07/2009 16:08:05] /i 2160
[06/07/2009 16:08:05] /i 2160
[06/07/2009 16:08:05] /i 2160
[06/07/2009 16:08:05] /i 2160
[06/07/2009 16:08:05] /i 2160
[06/07/2009 16:08:05] /i 2160
[06/07/2009 16:08:05] /i 2160
[06/07/2009 16:08:05] /i 2160
[06/07/2009 16:08:05] /i 2160
[06/07/2009 16:08:05] /i 2160
[06/07/2009 16:08:05] /i 2160
[06/07/2009 16:08:05] /i 2160
[06/07/2009 16:08:05] /i 2160
[06/07/2009 16:08:05] /i 2160
[06/07/2009 16:08:05] /i 2160
[06/07/2009 16:08:05] /i 2160
[06/07/2009 16:08:05] /i 2160
[06/07/2009 16:08:05] /i 2160
[06/07/2009 16:08:05] /i 2160
[06/07/2009 16:08:06] /i 2160
[06/07/2009 16:08:06] /i 2160
[06/07/2009 16:08:06] /i 2160
[06/07/2009 16:08:06] /i 2160
[06/07/2009 16:08:06] /i 2160
[06/07/2009 16:08:06] /i 2160
[06/07/2009 16:08:06] /i 2160
[06/07/2009 16:08:06] /i 2160
[06/07/2009 16:08:06] /i 2160
[06/07/2009 16:08:06] /i 2160
[06/07/2009 16:08:06] /i 2160
[06/07/2009 16:08:06] /i 2160
[06/07/2009 16:08:06] /i 2160
[06/07/2009 16:08:06] /i 2160
[06/07/2009 16:08:06] /i 2160
[06/07/2009 16:08:06] /i 2160
[06/07/2009 16:08:06] /i 2160
[06/07/2009 16:08:06] /i 2160
[06/07/2009 16:08:06] /i 2160
[06/07/2009 16:08:06] /i 2160
[06/07/2009 16:08:06] /i 2160
[06/07/2009 16:08:06] /i 2160
[06/07/2009 16:08:06] /i 2160
[06/07/2009 16:08:06] /i 2160
[06/07/2009 16:08:06] /i 2160
[06/07/2009 16:08:06] /i 2160
[06/07/2009 16:08:06] /i 2160
[06/07/2009 16:08:06] /i 2160
[06/07/2009 16:08:07] /i 2160
[06/07/2009 16:08:07] /i 2160
[06/07/2009 16:08:07] /i 2160
[06/07/2009 16:08:07] /i 2160
[06/07/2009 16:08:07] /i 2160
[06/07/2009 16:08:07] /i 2160
[06/07/2009 16:08:07] /i 2160
[06/07/2009 16:08:07] /i 2160
[06/07/2009 16:08:07] /i 2160
[06/07/2009 16:08:07] /i 2160
[06/07/2009 16:08:07] /i 2160
[06/07/2009 16:08:07] /i 2160
[06/07/2009 16:08:07] /i 2160
[06/07/2009 16:08:07] /i 2160
[06/07/2009 16:08:07] /i 2160
[06/07/2009 16:08:07] /i 2160
[06/07/2009 16:08:07] /i 2160
[06/07/2009 16:08:07] /i 2160
[06/07/2009 16:08:07] /i 2160
[06/07/2009 16:08:07] /i 2160
[06/07/2009 16:08:07] /i 2160
[06/07/2009 16:08:07] /i 2160
[06/07/2009 16:08:07] /i 2160
[06/07/2009 16:08:07] /i 2160
[06/07/2009 16:08:07] /i 2160
[06/07/2009 16:08:07] /i 2160
[06/07/2009 16:08:07] /i 2160
[06/07/2009 16:08:07] /i 2160
[06/07/2009 16:08:08] /i 2160
[06/07/2009 16:08:08] /i 2160
[06/07/2009 16:08:08] /i 2160
[06/07/2009 16:08:08] /i 2160
[06/07/2009 16:08:08] /i 2160
[06/07/2009 16:08:08] /i 2160
[06/07/2009 16:08:08] /i 2160
[06/07/2009 16:08:08] /i 2160
[06/07/2009 16:08:08] /i 2160
[06/07/2009 16:08:08] /i 2160
[06/07/2009 16:08:08] /i 2160
[06/07/2009 16:08:08] /i 2160
[06/07/2009 16:08:08] /i 2160
[06/07/2009 16:08:08] /i 2160
[06/07/2009 16:08:08] /i 2160
[06/07/2009 16:08:08] /i 2160
[06/07/2009 16:08:08] /i 2160
[06/07/2009 16:08:08] /i 2160
[06/07/2009 16:08:08] /i 2160
[06/07/2009 16:08:08] /i 2160
[06/07/2009 16:08:08] /i 2160
[06/07/2009 16:08:08] /i 2160
[06/07/2009 16:08:08] /i 2160
[06/07/2009 16:08:08] /i 2160
[06/07/2009 16:08:08] /i 2160
[06/07/2009 16:08:08] /i 2160
[06/07/2009 16:08:08] /i 2160
[06/07/2009 16:08:08] /i 2160
[06/07/2009 16:08:08] /i 2160
[06/07/2009 16:08:09] /i 2160
[06/07/2009 16:08:09] /i 2160
[06/07/2009 16:08:09] /i 2160
[06/07/2009 16:08:09] /i 2160
[06/07/2009 16:08:09] /i 2160
[06/07/2009 16:08:09] /i 2160
[06/07/2009 16:08:09] /i 2160
[06/07/2009 16:08:09] /i 2160
[06/07/2009 16:08:09] /i 2160
[06/07/2009 16:08:09] /i 2160
[06/07/2009 16:08:09] /i 2160
[06/07/2009 16:08:09] /i 2160
[06/07/2009 16:08:09] /i 2160
[06/07/2009 16:08:09] /i 2160
[06/07/2009 16:08:09] /i 2160
[06/07/2009 16:08:09] /i 2160
[06/07/2009 16:08:09] /i 2160
[06/07/2009 16:08:09] /i 2160
[06/07/2009 16:08:09] /i 2160
[06/07/2009 16:08:09] /i 2160
[06/07/2009 16:08:09] /i 2160
[06/07/2009 16:08:09] /i 2160
[06/07/2009 16:08:09] /i 2160
[06/07/2009 16:08:09] /i 2160
[06/07/2009 16:08:09] /i 2160
[06/07/2009 16:08:09] /i 2160
[06/07/2009 16:08:09] /i 2160
[06/07/2009 16:08:09] /i 2160
[06/07/2009 16:08:09] /i 2160
[06/07/2009 16:08:10] /i 2160
[06/07/2009 16:08:10] /i 2160
[06/07/2009 16:08:10] /i 2160
[06/07/2009 16:08:10] /i 2160
[06/07/2009 16:08:10] /i 2160
[06/07/2009 16:08:10] /i 2160
[06/07/2009 16:08:10] /i 2160
[06/07/2009 16:08:10] /i 2160
[06/07/2009 16:08:10] /i 2160
[06/07/2009 16:08:10] /i 2160
[06/07/2009 16:08:10] /i 2160
[06/07/2009 16:08:10] /i 2160
[06/07/2009 16:08:10] /i 2160
[06/07/2009 16:08:10] /i 2160
[06/07/2009 16:08:10] /i 2160
[06/07/2009 16:08:10] /i 2160
[06/07/2009 16:08:10] /i 2160
[06/07/2009 16:08:10] /i 2160
[06/07/2009 16:08:10] /i 2160
[06/07/2009 16:08:10] /i 2160
[06/07/2009 16:08:10] /i 2160
[06/07/2009 16:08:10] /i 2160
[06/07/2009 16:08:10] /i 2160
[06/07/2009 16:08:10] /i 2160
[06/07/2009 16:08:10] /i 2160
[06/07/2009 16:08:10] /i 2160
[06/07/2009 16:08:10] /i 2160
[06/07/2009 16:08:10] /i 2160
[06/07/2009 16:08:11] /i 2160
[06/07/2009 16:08:11] /i 2160
[06/07/2009 16:08:11] /i 2160
[06/07/2009 16:08:11] /i 2160
[06/07/2009 16:08:11] /i 2160
[06/07/2009 16:08:11] /i 2160
[06/07/2009 16:08:11] /i 2160
[06/07/2009 16:08:11] /i 2160
[06/07/2009 16:08:11] /i 2160
[06/07/2009 16:08:11] /i 2160
[06/07/2009 16:08:11] /i 2160
[06/07/2009 16:08:11] /i 2160
[06/07/2009 16:08:11] /i 2160
[06/07/2009 16:08:11] /i 2160
[06/07/2009 16:08:11] /i 2160
[06/07/2009 16:08:11] /i 2160
[06/07/2009 16:08:11] /i 2160
[06/07/2009 16:08:11] /i 2160
[06/07/2009 16:08:11] /i 2160
[06/07/2009 16:08:11] /i 2160
[06/07/2009 16:08:11] /i 2160
[06/07/2009 16:08:11] /i 2160
[06/07/2009 16:08:11] /i 2160
[06/07/2009 16:08:11] /i 2160
[06/07/2009 16:08:11] /i 2160
[06/07/2009 16:08:11] /i 2160
[06/07/2009 16:08:11] /i 2160
[06/07/2009 16:08:11] /i 2160
[06/07/2009 16:08:11] /i 2160
[06/07/2009 16:08:12] /i 2160
[06/07/2009 16:08:12] /i 2160
[06/07/2009 16:08:12] /i 2160
[06/07/2009 16:08:12] /i 2160
[06/07/2009 16:08:12] /i 2160
[06/07/2009 16:08:12] /i 2160
[06/07/2009 16:08:12] /i 2160
[06/07/2009 16:08:12] /i 2160
[06/07/2009 16:08:12] /i 2160
[06/07/2009 16:08:12] /i 2160
[06/07/2009 16:08:12] /i 2160
[06/07/2009 16:08:12] /i 2160
[06/07/2009 16:08:12] /i 2160
[06/07/2009 16:08:12] /i 2160
[06/07/2009 16:08:12] /i 2160
[06/07/2009 16:08:12] /i 2160
[06/07/2009 16:08:12] /i 2160
[06/07/2009 16:08:12] /i 2160
[06/07/2009 16:08:12] /i 2160
[06/07/2009 16:08:12] /i 2160
[06/07/2009 16:08:12] /i 2160
[06/07/2009 16:08:12] /i 2160
[06/07/2009 16:08:12] /i 2160
[06/07/2009 16:08:12] /i 2160
[06/07/2009 16:08:12] /i 2160
[06/07/2009 16:08:12] /i 2160
[06/07/2009 16:08:12] /i 2160
[06/07/2009 16:08:12] /i 2160
[06/07/2009 16:08:13] /i 2160
[06/07/2009 16:08:13] /i 2160
[06/07/2009 16:08:13] /i 2160
[06/07/2009 16:08:13] /i 2160
[06/07/2009 16:08:13] /i 2160
[06/07/2009 16:08:13] /i 2160
[06/07/2009 16:08:13] /i 2160
[06/07/2009 16:08:13] /i 2160
[06/07/2009 16:08:13] /i 2160
[06/07/2009 16:08:13] /i 2160
[06/07/2009 16:08:13] /i 2160
[06/07/2009 16:08:13] /i 2160
[06/07/2009 16:08:13] /i 2160
[06/07/2009 16:08:13] /i 2160
[06/07/2009 16:08:13] /i 2160
[06/07/2009 16:08:13] /i 2160
[06/07/2009 16:08:13] /i 2160
[06/07/2009 16:08:13] /i 2160
[06/07/2009 16:08:13] /i 2160
[06/07/2009 16:08:13] /i 2160
[06/07/2009 16:08:13] /i 2160
[06/07/2009 16:08:13] /i 2160
[06/07/2009 16:08:13] /i 2160
[06/07/2009 16:08:13] /i 2160
[06/07/2009 16:08:13] /i 2160
[06/07/2009 16:08:13] /i 2160
[06/07/2009 16:08:13] /i 2160
[06/07/2009 16:08:13] /i 2160
[06/07/2009 16:08:14] /i 2160
[06/07/2009 16:08:14] /i 2160
[06/07/2009 16:08:14] /i 2160
[06/07/2009 16:08:14] /i 2160
[06/07/2009 16:08:14] /i 2160
[06/07/2009 16:08:14] /i 2160
[06/07/2009 16:08:14] /i 2160
[06/07/2009 16:08:14] /i 2160
[06/07/2009 16:08:14] /i 2160
[06/07/2009 16:08:14] /i 2160
[06/07/2009 16:08:14] /i 2160
[06/07/2009 16:08:14] /i 2160
[06/07/2009 16:08:14] /i 2160
[06/07/2009 16:08:14] /i 2160
[06/07/2009 16:08:14] /i 2160
[06/07/2009 16:08:14] /i 2160
[06/07/2009 16:08:14] /i 2160
[06/07/2009 16:08:14] /i 2160
[06/07/2009 16:08:14] /i 2160
[06/07/2009 16:08:14] /i 2160
[06/07/2009 16:08:14] /i 2160
[06/07/2009 16:08:14] /i 2160
[06/07/2009 16:08:14] /i 2160
[06/07/2009 16:08:14] /i 2160
[06/07/2009 16:08:14] /i 2160
[06/07/2009 16:08:14] /i 2160
[06/07/2009 16:08:14] /i 2160
[06/07/2009 16:08:15] /i 2160
[06/07/2009 16:08:15] /i 2160
[06/07/2009 16:08:15] /i 2160
[06/07/2009 16:08:15] /i 2160
[06/07/2009 16:08:15] /i 2160
[06/07/2009 16:08:15] /i 2160
[06/07/2009 16:08:15] /i 2160
[06/07/2009 16:08:15] /i 2160
[06/07/2009 16:08:15] /i 2160
[06/07/2009 16:08:15] /i 2160
[06/07/2009 16:08:15] /i 2160
[06/07/2009 16:08:15] /i 2160
[06/07/2009 16:08:15] /i 2160
[06/07/2009 16:08:15] /i 2160
[06/07/2009 16:08:15] /i 2160
[06/07/2009 16:08:15] /i 2160
[06/07/2009 16:08:15] /i 2160
[06/07/2009 16:08:15] /i 2160
[06/07/2009 16:08:15] /i 2160
[06/07/2009 16:08:15] /i 2160
[06/07/2009 16:08:15] /i 2160
[06/07/2009 16:08:15] /i 2160
[06/07/2009 16:08:15] /i 2160
[06/07/2009 16:08:15] /i 2160
[06/07/2009 16:08:15] /i 2160
[06/07/2009 16:08:16] /i 2160
[06/07/2009 16:08:16] /i 2160
[06/07/2009 16:08:16] /i 2160
[06/07/2009 16:08:16] /i 2160
[06/07/2009 16:08:16] /i 2160
[06/07/2009 16:08:16] /i 2160
[06/07/2009 16:08:16] /i 2160
[06/07/2009 16:08:16] /i 2160
[06/07/2009 16:08:16] /i 2160
[06/07/2009 16:08:16] /i 2160
[06/07/2009 16:08:16] /i 2160
[06/07/2009 16:08:16] /i 2160
[06/07/2009 16:08:16] /i 2160
[06/07/2009 16:08:16] /i 2160
[06/07/2009 16:08:16] /i 2160
[06/07/2009 16:08:16] /i 2160
[06/07/2009 16:08:16] /i 2160
[06/07/2009 16:08:16] /i 2160
[06/07/2009 16:08:16] /i 2160
[06/07/2009 16:08:16] /i 2160
[06/07/2009 16:08:16] /i 2160
[06/07/2009 16:08:16] /i 2160
[06/07/2009 16:08:16] /i 2160
[06/07/2009 16:08:16] /i 2160
[06/07/2009 16:08:16] /i 2160
[06/07/2009 16:08:16] /i 2160
[06/07/2009 16:08:16] /i 2160
[06/07/2009 16:08:17] /i 2160
[06/07/2009 16:08:17] /i 2160
[06/07/2009 16:08:17] /i 2160
[06/07/2009 16:08:17] /i 2160
[06/07/2009 16:08:17] /i 2160
[06/07/2009 16:08:17] /i 2160
[06/07/2009 16:08:17] /i 2160
[06/07/2009 16:08:17] /i 2160
[06/07/2009 16:08:17] /i 2160
[06/07/2009 16:08:17] /i 2160
[06/07/2009 16:08:17] /i 2160
[06/07/2009 16:08:17] /i 2160
[06/07/2009 16:08:17] /i 2160
[06/07/2009 16:08:17] /i 2160
[06/07/2009 16:08:17] /i 2160
[06/07/2009 16:08:17] /i 2160
[06/07/2009 16:08:17] /i 2160
[06/07/2009 16:08:17] /i 2160
[06/07/2009 16:08:17] /i 2160
[06/07/2009 16:08:17] /i 2160
[06/07/2009 16:08:17] /i 2160
[06/07/2009 16:08:17] /i 2160
[06/07/2009 16:08:17] /i 2160
[06/07/2009 16:08:17] /i 2160
[06/07/2009 16:08:17] /i 2160
[06/07/2009 16:08:17] /i 2160
[06/07/2009 16:08:18] /i 2160
[06/07/2009 16:08:18] /i 2160
[06/07/2009 16:08:18] /i 2160
[06/07/2009 16:08:18] /i 2160
[06/07/2009 16:08:18] /i 2160
[06/07/2009 16:08:18] /i 2160
[06/07/2009 16:08:18] /i 2160
[06/07/2009 16:08:18] /i 2160
[06/07/2009 16:08:18] /i 2160
[06/07/2009 16:08:18] /i 2160
[06/07/2009 16:08:18] /i 2160
[06/07/2009 16:08:18] /i 2160
[06/07/2009 16:08:18] /i 2160
[06/07/2009 16:08:18] /i 2160
[06/07/2009 16:08:18] /i 2160
[06/07/2009 16:08:18] /i 2160
[06/07/2009 16:08:18] /i 2160
[06/07/2009 16:08:18] /i 2160
[06/07/2009 16:08:18] /i 2160
[06/07/2009 16:08:18] /i 2160
[06/07/2009 16:08:18] /i 2160
[06/07/2009 16:08:18] /i 2160
[06/07/2009 16:08:18] /i 2160
[06/07/2009 16:08:18] /i 2160
[06/07/2009 16:08:18] /i 2160
[06/07/2009 16:08:18] /i 2160
[06/07/2009 16:08:18] /i 2160
[06/07/2009 16:08:18] /i 2160
[06/07/2009 16:08:19] /i 2160
[06/07/2009 16:08:19] /i 2160
[06/07/2009 16:08:19] /i 2160
[06/07/2009 16:08:19] /i 2160
[06/07/2009 16:08:19] /i 2160
[06/07/2009 16:08:19] /i 2160
[06/07/2009 16:08:19] /i 2160
[06/07/2009 16:08:19] /i 2160
[06/07/2009 16:08:19] /i 2160
[06/07/2009 16:08:19] /i 2160
[06/07/2009 16:08:19] /i 2160
[06/07/2009 16:08:19] /i 2160
[06/07/2009 16:08:19] /i 2160
[06/07/2009 16:08:19] /i 2160
[06/07/2009 16:08:19] /i 2160
[06/07/2009 16:08:19] /i 2160
[06/07/2009 16:08:19] /i 2160
[06/07/2009 16:08:19] /i 2160
[06/07/2009 16:08:19] /i 2160
[06/07/2009 16:08:19] /i 2160
[06/07/2009 16:08:19] /i 2160
[06/07/2009 16:08:19] /i 2160
[06/07/2009 16:08:19] /i 2160
[06/07/2009 16:08:19] /i 2160
[06/07/2009 16:08:19] /i 2160
[06/07/2009 16:08:19] /i 2160
[06/07/2009 16:08:19] /i 2160
[06/07/2009 16:08:19] /i 2160
[06/07/2009 16:08:19] /i 2160
[06/07/2009 16:08:20] /i 2160
[06/07/2009 16:08:20] /i 2160
[06/07/2009 16:08:20] /i 2160
[06/07/2009 16:08:20] /i 2160
[06/07/2009 16:08:20] /i 2160
[06/07/2009 16:08:20] /i 2160
[06/07/2009 16:08:20] /i 2160
[06/07/2009 16:08:20] /i 2160
[06/07/2009 16:08:20] /i 2160
[06/07/2009 16:08:20] /i 2160
[06/07/2009 16:08:20] /i 2160
[06/07/2009 16:08:20] /i 2160
[06/07/2009 16:08:20] /i 2160
[06/07/2009 16:08:20] /i 2160
[06/07/2009 16:08:20] /i 2160
[06/07/2009 16:08:20] /i 2160
[06/07/2009 16:08:20] /i 2160
[06/07/2009 16:08:20] /i 2160
[06/07/2009 16:08:20] /i 2160
[06/07/2009 16:08:20] /i 2160
[06/07/2009 16:08:20] /i 2160
[06/07/2009 16:08:20] /i 2160
[06/07/2009 16:08:20] /i 2160
[06/07/2009 16:08:20] /i 2160
[06/07/2009 16:08:20] /i 2160
[06/07/2009 16:08:20] /i 2160
[06/07/2009 16:08:21] /i 2160
[06/07/2009 16:08:21] /i 2160
[06/07/2009 16:08:21] /i 2160
[06/07/2009 16:08:21] /i 2160
[06/07/2009 16:08:21] /i 2160
[06/07/2009 16:08:21] /i 2160
[06/07/2009 16:08:21] /i 2160
[06/07/2009 16:08:21] /i 2160
[06/07/2009 16:08:21] /i 2160
[06/07/2009 16:08:21] /i 2160
[06/07/2009 16:08:21] /i 2160
[06/07/2009 16:08:21] /i 2160
[06/07/2009 16:08:21] /i 2160
[06/07/2009 16:08:21] /i 2160
[06/07/2009 16:08:21] /i 2160
[06/07/2009 16:08:21] /i 2160
[06/07/2009 16:08:21] /i 2160
[06/07/2009 16:08:21] /i 2160
[06/07/2009 16:08:21] /i 2160
[06/07/2009 16:08:21] /i 2160
[06/07/2009 16:08:21] /i 2160
[06/07/2009 16:08:21] /i 2160
[06/07/2009 16:08:21] /i 2160
[06/07/2009 16:08:21] /i 2160
[06/07/2009 16:08:21] /i 2160
[06/07/2009 16:08:21] /i 2160
[06/07/2009 16:08:21] /i 2160
[06/07/2009 16:08:21] /i 2160
[06/07/2009 16:08:21] /i 2160
[06/07/2009 16:08:22] /i 2160
[06/07/2009 16:08:22] /i 2160
[06/07/2009 16:08:22] /i 2160
[06/07/2009 16:08:22] /i 2160
[06/07/2009 16:08:22] /i 2160
[06/07/2009 16:08:22] /i 2160
[06/07/2009 16:08:22] /i 2160
[06/07/2009 16:08:22] /i 2160
[06/07/2009 16:08:22] /i 2160
[06/07/2009 16:08:22] /i 2160
[06/07/2009 16:08:22] /i 2160
[06/07/2009 16:08:22] /i 2160
[06/07/2009 16:08:22] /i 2160
[06/07/2009 16:08:22] /i 2160
[06/07/2009 16:08:22] /i 2160
[06/07/2009 16:08:22] /i 2160
[06/07/2009 16:08:22] /i 2160
[06/07/2009 16:08:22] /i 2160
[06/07/2009 16:08:22] /i 2160
[06/07/2009 16:08:22] /i 2160
[06/07/2009 16:08:22] /i 2160
[06/07/2009 16:08:22] /i 2160
[06/07/2009 16:08:22] /i 2160
[06/07/2009 16:08:22] /i 2160
[06/07/2009 16:08:22] /i 2160
[06/07/2009 16:08:22] /i 2160
[06/07/2009 16:08:22] /i 2160
[06/07/2009 16:08:22] /i 2160
[06/07/2009 16:08:23] /i 2160
[06/07/2009 16:08:23] /i 2160
[06/07/2009 16:08:23] /i 2160
[06/07/2009 16:08:23] /i 2160
[06/07/2009 16:08:23] /i 2160
[06/07/2009 16:08:23] /i 2160
[06/07/2009 16:08:23] /i 2160
[06/07/2009 16:08:23] /i 2160
[06/07/2009 16:08:23] /i 2160
[06/07/2009 16:08:23] /i 2160
[06/07/2009 16:08:23] /i 2160
[06/07/2009 16:08:23] /i 2160
[06/07/2009 16:08:23] /i 2160
[06/07/2009 16:08:23] /i 2160
[06/07/2009 16:08:23] /i 2160
[06/07/2009 16:08:23] /i 2160
[06/07/2009 16:08:23] /i 2160
[06/07/2009 16:08:23] /i 2160
[06/07/2009 16:08:23] /i 2160
[06/07/2009 16:08:23] /i 2160
[06/07/2009 16:08:23] /i 2160
[06/07/2009 16:08:23] /i 2160
[06/07/2009 16:08:23] /i 2160
[06/07/2009 16:08:23] /i 2160
[06/07/2009 16:08:23] /i 2160
[06/07/2009 16:08:23] /i 2160
[06/07/2009 16:08:23] /i 2160
[06/07/2009 16:08:24] /i 2160
[06/07/2009 16:08:24] /i 2160
[06/07/2009 16:08:24] /i 2160
[06/07/2009 16:08:24] /i 2160
[06/07/2009 16:08:24] /i 2160
[06/07/2009 16:08:24] /i 2160
[06/07/2009 16:08:24] /i 2160
[06/07/2009 16:08:24] /i 2160
[06/07/2009 16:08:24] /i 2160
[06/07/2009 16:08:24] /i 2160
[06/07/2009 16:08:24] /i 2160
[06/07/2009 16:08:24] /i 2160
[06/07/2009 16:08:24] /i 2160
[06/07/2009 16:08:24] /i 2160
[06/07/2009 16:08:24] /i 2160
[06/07/2009 16:08:24] /i 2160
[06/07/2009 16:08:24] /i 2160
[06/07/2009 16:08:24] /i 2160
[06/07/2009 16:08:24] /i 2160
[06/07/2009 16:08:24] /i 2160
[06/07/2009 16:08:24] /i 2160
[06/07/2009 16:08:24] /i 2160
[06/07/2009 16:08:24] /i 2160
[06/07/2009 16:08:24] /i 2160
[06/07/2009 16:08:24] /i 2160
[06/07/2009 16:08:24] /i 2160
[06/07/2009 16:08:24] /i 2160
[06/07/2009 16:08:24] /i 2160
[06/07/2009 16:08:24] /i 2160
[06/07/2009 16:08:25] /i 2160
[06/07/2009 16:08:25] /i 2160
[06/07/2009 16:08:25] /i 2160
[06/07/2009 16:08:25] /i 2160
[06/07/2009 16:08:25] /i 2160
[06/07/2009 16:08:25] /i 2160
[06/07/2009 16:08:25] /i 2160
[06/07/2009 16:08:25] /i 2160
[06/07/2009 16:08:25] /i 2160
[06/07/2009 16:08:25] /i 2160
[06/07/2009 16:08:25] /i 2160
[06/07/2009 16:08:25] /i 2160
[06/07/2009 16:08:25] /i 2160
[06/07/2009 16:08:25] /i 2160
[06/07/2009 16:08:25] /i 2160
[06/07/2009 16:08:25] /i 2160
[06/07/2009 16:08:25] /i 2160
[06/07/2009 16:08:25] /i 2160
[06/07/2009 16:08:25] /i 2160
[06/07/2009 16:08:25] /i 2160
[06/07/2009 16:08:25] /i 2160
[06/07/2009 16:08:25] /i 2160
[06/07/2009 16:08:25] /i 2160
[06/07/2009 16:08:25] /i 2160
[06/07/2009 16:08:25] /i 2160
[06/07/2009 16:08:25] /i 2160
[06/07/2009 16:08:25] /i 2160
[06/07/2009 16:08:25] /i 2160
[06/07/2009 16:08:25] /i 2160
[06/07/2009 16:08:26] /i 2160
[06/07/2009 16:08:26] /i 2160
[06/07/2009 16:08:26] /i 2160
[06/07/2009 16:08:26] /i 2160
[06/07/2009 16:08:26] /i 2160
[06/07/2009 16:08:26] /i 2160
[06/07/2009 16:08:26] /i 2160
[06/07/2009 16:08:26] /i 2160
[06/07/2009 16:08:26] /i 2160
[06/07/2009 16:08:26] /i 2160
[06/07/2009 16:08:26] /i 2160
[06/07/2009 16:08:26] /i 2160
[06/07/2009 16:08:26] /i 2160
[06/07/2009 16:08:26] /i 2160
[06/07/2009 16:08:26] /i 2160
[06/07/2009 16:08:26] /i 2160
[06/07/2009 16:08:26] /i 2160
[06/07/2009 16:08:26] /i 2160
[06/07/2009 16:08:26] /i 2160
[06/07/2009 16:08:26] /i 2160
[06/07/2009 16:08:26] /i 2160
[06/07/2009 16:08:26] /i 2160
[06/07/2009 16:08:26] /i 2160
[06/07/2009 16:08:26] /i 2160
[06/07/2009 16:08:26] /i 2160
[06/07/2009 16:08:26] /i 2160
[06/07/2009 16:08:26] /i 2160
[06/07/2009 16:08:26] /i 2160
[06/07/2009 16:08:27] /i 2160
[06/07/2009 16:08:27] /i 2160
[06/07/2009 16:08:27] /i 2160
[06/07/2009 16:08:27] /i 2160
[06/07/2009 16:08:27] /i 2160
[06/07/2009 16:08:27] /i 2160
[06/07/2009 16:08:27] /i 2160
[06/07/2009 16:08:27] /i 2160
[06/07/2009 16:08:27] /i 2160
[06/07/2009 16:08:27] /i 2160
[06/07/2009 16:08:27] /i 2160
[06/07/2009 16:08:27] /i 2160
[06/07/2009 16:08:27] /i 2160
[06/07/2009 16:08:27] /i 2160
[06/07/2009 16:08:27] /i 2160
[06/07/2009 16:08:27] /i 2160
[06/07/2009 16:08:27] /i 2160
[06/07/2009 16:08:27] /i 2160
[06/07/2009 16:08:27] /i 2160
[06/07/2009 16:08:27] /i 2160
[06/07/2009 16:08:27] /i 2160
[06/07/2009 16:08:27] /i 2160
[06/07/2009 16:08:27] /i 2160
[06/07/2009 16:08:27] /i 2160
[06/07/2009 16:08:27] /i 2160
[06/07/2009 16:08:27] /i 2160
[06/07/2009 16:08:27] /i 2160
[06/07/2009 16:08:27] /i 2160
[06/07/2009 16:08:28] /i 2160
[06/07/2009 16:08:28] /i 2160
[06/07/2009 16:08:28] /i 2160
[06/07/2009 16:08:28] /i 2160
[06/07/2009 16:08:28] /i 2160
[06/07/2009 16:08:28] /i 2160
[06/07/2009 16:08:28] /i 2160
[06/07/2009 16:08:28] /i 2160
[06/07/2009 16:08:28] /i 2160
[06/07/2009 16:08:28] /i 2160
[06/07/2009 16:08:28] /i 2160
[06/07/2009 16:08:28] /i 2160
[06/07/2009 16:08:28] /i 2160
[06/07/2009 16:08:28] /i 2160
[06/07/2009 16:08:28] /i 2160
[06/07/2009 16:08:28] /i 2160
[06/07/2009 16:08:28] /i 2160
[06/07/2009 16:08:28] /i 2160
[06/07/2009 16:08:28] /i 2160
[06/07/2009 16:08:28] /i 2160
[06/07/2009 16:08:28] /i 2160
[06/07/2009 16:08:28] /i 2160
[06/07/2009 16:08:28] /i 2160
[06/07/2009 16:08:28] /i 2160
[06/07/2009 16:08:28] /i 2160
[06/07/2009 16:08:28] /i 2160
[06/07/2009 16:08:28] /i 2160
[06/07/2009 16:08:28] /i 2160
[06/07/2009 16:08:29] /i 2160
[06/07/2009 16:08:29] /i 2160
[06/07/2009 16:08:29] /i 2160
[06/07/2009 16:08:29] /i 2160
[06/07/2009 16:08:29] /i 2160
[06/07/2009 16:08:29] /i 2160
[06/07/2009 16:08:29] /i 2160
[06/07/2009 16:08:29] /i 2160
[06/07/2009 16:08:29] /i 2160
[06/07/2009 16:08:29] /i 2160
[06/07/2009 16:08:29] /i 2160
[06/07/2009 16:08:29] /i 2160
[06/07/2009 16:08:29] /i 2160
[06/07/2009 16:08:29] /i 2160
[06/07/2009 16:08:29] /i 2160
[06/07/2009 16:08:29] /i 2160
[06/07/2009 16:08:29] /i 2160
[06/07/2009 16:08:29] /i 2160
[06/07/2009 16:08:29] /i 2160
[06/07/2009 16:08:29] /i 2160
[06/07/2009 16:08:29] /i 2160
[06/07/2009 16:08:29] /i 2160
[06/07/2009 16:08:29] /i 2160
[06/07/2009 16:08:29] /i 2160
[06/07/2009 16:08:29] /i 2160
[06/07/2009 16:08:29] /i 2160
[06/07/2009 16:08:29] /i 2160
[06/07/2009 16:08:29] /i 2160
[06/07/2009 16:08:29] /i 2160
[06/07/2009 16:08:30] /i 2160
[06/07/2009 16:08:30] /i 2160
[06/07/2009 16:08:30] /i 2160
[06/07/2009 16:08:30] /i 2160
[06/07/2009 16:08:30] /i 2160
[06/07/2009 16:08:30] /i 2160
[06/07/2009 16:08:30] /i 2160
[06/07/2009 16:08:30] /i 2160
[06/07/2009 16:08:30] /i 2160
[06/07/2009 16:08:30] /i 2160
[06/07/2009 16:08:30] /i 2160
[06/07/2009 16:08:30] /i 2160
[06/07/2009 16:08:30] /i 2160
[06/07/2009 16:08:30] /i 2160
[06/07/2009 16:08:30] /i 2160
[06/07/2009 16:08:30] /i 2160
[06/07/2009 16:08:30] /i 2160
[06/07/2009 16:08:30] /i 2160
[06/07/2009 16:08:30] /i 2160
[06/07/2009 16:08:30] /i 2160
[06/07/2009 16:08:30] /i 2160
[06/07/2009 16:08:30] /i 2160
[06/07/2009 16:08:30] /i 2160
[06/07/2009 16:08:30] /i 2160
[06/07/2009 16:08:30] /i 2160
[06/07/2009 16:08:30] /i 2160
[06/07/2009 16:08:30] /i 2160
[06/07/2009 16:08:30] /i 2160
[06/07/2009 16:08:30] /i 2160
[06/07/2009 16:08:31] /i 2160
[06/07/2009 16:08:31] /i 2160
[06/07/2009 16:08:31] /i 2160
[06/07/2009 16:08:31] /i 2160
[06/07/2009 16:08:31] /i 2160
[06/07/2009 16:08:31] /i 2160
[06/07/2009 16:08:31] /i 2160
[06/07/2009 16:08:31] /i 2160
[06/07/2009 16:08:31] /i 2160
[06/07/2009 16:08:31] /i 2160
[06/07/2009 16:08:31] /i 2160
[06/07/2009 16:08:31] /i 2160
[06/07/2009 16:08:31] /i 2160
[06/07/2009 16:08:31] /i 2160
[06/07/2009 16:08:31] /i 2160
[06/07/2009 16:08:31] /i 2160
[06/07/2009 16:08:31] /i 2160
[06/07/2009 16:08:31] /i 2160
[06/07/2009 16:08:31] /i 2160
[06/07/2009 16:08:31] /i 2160
[06/07/2009 16:08:31] /i 2160
[06/07/2009 16:08:31] /i 2160
[06/07/2009 16:08:31] /i 2160
[06/07/2009 16:08:31] /i 2160
[06/07/2009 16:08:31] /i 2160
[06/07/2009 16:08:31] /i 2160
[06/07/2009 16:08:31] /i 2160
[06/07/2009 16:08:31] /i 2160
[06/07/2009 16:08:32] /i 2160
[06/07/2009 16:08:32] /i 2160
[06/07/2009 16:08:32] /i 2160
[06/07/2009 16:08:32] /i 2160
[06/07/2009 16:08:32] /i 2160
[06/07/2009 16:08:32] /i 2160
[06/07/2009 16:08:32] /i 2160
[06/07/2009 16:08:32] /i 2160
[06/07/2009 16:08:32] /i 2160
[06/07/2009 16:08:32] /i 2160
[06/07/2009 16:08:32] /i 2160
[06/07/2009 16:08:32] /i 2160
[06/07/2009 16:08:32] /i 2160
[06/07/2009 16:08:32] /i 2160
[06/07/2009 16:08:32] /i 2160
[06/07/2009 16:08:32] /i 2160
[06/07/2009 16:08:32] /i 2160
[06/07/2009 16:08:32] /i 2160
[06/07/2009 16:08:32] /i 2160
[06/07/2009 16:08:32] /i 2160
[06/07/2009 16:08:32] /i 2160
[06/07/2009 16:08:32] /i 2160
[06/07/2009 16:08:32] /i 2160
[06/07/2009 16:08:32] /i 2160
[06/07/2009 16:08:32] /i 2160
[06/07/2009 16:08:32] /i 2160
[06/07/2009 16:08:32] /i 2160
[06/07/2009 16:08:32] /i 2160
[06/07/2009 16:08:32] /i 2160
[06/07/2009 16:08:33] /i 2160
[06/07/2009 16:08:33] /i 2160
[06/07/2009 16:08:33] /i 2160
[06/07/2009 16:08:33] /i 2160
[06/07/2009 16:08:33] /i 2160
[06/07/2009 16:08:33] /i 2160
[06/07/2009 16:08:33] /i 2160
[06/07/2009 16:08:33] /i 2160
[06/07/2009 16:08:33] /i 2160
[06/07/2009 16:08:33] /i 2160
[06/07/2009 16:08:33] /i 2160
[06/07/2009 16:08:33] /i 2160
[06/07/2009 16:08:33] /i 2160
[06/07/2009 16:08:33] /i 2160
[06/07/2009 16:08:33] /i 2160
[06/07/2009 16:08:33] /i 2160
[06/07/2009 16:08:33] /i 2160
[06/07/2009 16:08:33] /i 2160
[06/07/2009 16:08:33] /i 2160
[06/07/2009 16:08:33] /i 2160
[06/07/2009 16:08:33] /i 2160
[06/07/2009 16:08:33] /i 2160
[06/07/2009 16:08:33] /i 2160
[06/07/2009 16:08:33] /i 2160
[06/07/2009 16:08:33] /i 2160
[06/07/2009 16:08:33] /i 2160
[06/07/2009 16:08:33] /i 2160
[06/07/2009 16:08:33] /i 2160
[06/07/2009 16:08:34] /i 2160
[06/07/2009 16:08:34] /i 2160
[06/07/2009 16:08:34] /i 2160
[06/07/2009 16:08:34] /i 2160
[06/07/2009 16:08:34] /i 2160
[06/07/2009 16:08:34] /i 2160
[06/07/2009 16:08:34] /i 2160
[06/07/2009 16:08:34] /i 2160
[06/07/2009 16:08:34] /i 2160
[06/07/2009 16:08:34] /i 2160
[06/07/2009 16:08:34] /i 2160
[06/07/2009 16:08:34] /i 2160
[06/07/2009 16:08:34] /i 2160
[06/07/2009 16:08:34] /i 2160
[06/07/2009 16:08:34] /i 2160
[06/07/2009 16:08:34] /i 2160
[06/07/2009 16:08:34] /i 2160
[06/07/2009 16:08:34] /i 2160
[06/07/2009 16:08:34] /i 2160
[06/07/2009 16:08:34] /i 2160
[06/07/2009 16:08:34] /i 2160
[06/07/2009 16:08:34] /i 2160
[06/07/2009 16:08:34] /i 2160
[06/07/2009 16:08:34] /i 2160
[06/07/2009 16:08:34] /i 2160
[06/07/2009 16:08:34] /i 2160
[06/07/2009 16:08:34] /i 2160
[06/07/2009 16:08:34] /i 2160
[06/07/2009 16:08:35] /i 2160
[06/07/2009 16:08:35] /i 2160
[06/07/2009 16:08:35] /i 2160
[06/07/2009 16:08:35] /i 2160
[06/07/2009 16:08:35] /i 2160
[06/07/2009 16:08:35] /i 2160
[06/07/2009 16:08:35] /i 2160
[06/07/2009 16:08:35] /i 2160
[06/07/2009 16:08:35] /i 2160
[06/07/2009 16:08:35] /i 2160
[06/07/2009 16:08:35] /i 2160
[06/07/2009 16:08:35] /i 2160
[06/07/2009 16:08:35] /i 2160
[06/07/2009 16:08:35] /i 2160
[06/07/2009 16:08:35] /i 2160
[06/07/2009 16:08:35] /i 2160
[06/07/2009 16:08:35] /i 2160
[06/07/2009 16:08:35] /i 2160
[06/07/2009 16:08:35] /i 2160
[06/07/2009 16:08:35] /i 2160
[06/07/2009 16:08:35] /i 2160
[06/07/2009 16:08:35] /i 2160
[06/07/2009 16:08:35] /i 2160
[06/07/2009 16:08:35] /i 2160
[06/07/2009 16:08:35] /i 2160
[06/07/2009 16:08:35] /i 2160
[06/07/2009 16:08:35] /i 2160
[06/07/2009 16:08:35] /i 2160
[06/07/2009 16:08:36] /i 2160
[06/07/2009 16:08:36] /i 2160
[06/07/2009 16:08:36] /i 2160
[06/07/2009 16:08:36] /i 2160
[06/07/2009 16:08:36] /i 2160
[06/07/2009 16:08:36] /i 2160
[06/07/2009 16:08:36] /i 2160
[06/07/2009 16:08:36] /i 2160
[06/07/2009 16:08:36] /i 2160
[06/07/2009 16:08:36] /i 2160
[06/07/2009 16:08:36] /i 2160
[06/07/2009 16:08:36] /i 2160
[06/07/2009 16:08:36] /i 2160
[06/07/2009 16:08:36] /i 2160
[06/07/2009 16:08:36] /i 2160
[06/07/2009 16:08:36] /i 2160
[06/07/2009 16:08:36] /i 2160
[06/07/2009 16:08:36] /i 2160
[06/07/2009 16:08:36] /i 2160
[06/07/2009 16:08:36] /i 2160
[06/07/2009 16:08:36] /i 2160
[06/07/2009 16:08:36] /i 2160
[06/07/2009 16:08:36] /i 2160
[06/07/2009 16:08:36] /i 2160
[06/07/2009 16:08:36] /i 2160
[06/07/2009 16:08:36] /i 2160
[06/07/2009 16:08:36] /i 2160
[06/07/2009 16:08:36] /i 2160
[06/07/2009 16:08:36] /i 2160
[06/07/2009 16:08:37] /i 2160
[06/07/2009 16:08:37] /i 2160
[06/07/2009 16:08:37] /i 2160
[06/07/2009 16:08:37] /i 2160
[06/07/2009 16:08:37] /i 2160
[06/07/2009 16:08:37] /i 2160
[06/07/2009 16:08:37] /i 2160
[06/07/2009 16:08:37] /i 2160
[06/07/2009 16:08:37] /i 2160
[06/07/2009 16:08:37] /i 2160
[06/07/2009 16:08:37] /i 2160
[06/07/2009 16:08:37] /i 2160
[06/07/2009 16:08:37] /i 2160
[06/07/2009 16:08:37] /i 2160
[06/07/2009 16:08:37] /i 2160
[06/07/2009 16:08:37] /i 2160
[06/07/2009 16:08:37] /i 2160
[06/07/2009 16:08:37] /i 2160
[06/07/2009 16:08:37] /i 2160
[06/07/2009 16:08:37] /i 2160
[06/07/2009 16:08:37] /i 2160
[06/07/2009 16:08:37] /i 2160
[06/07/2009 16:08:37] /i 2160
[06/07/2009 16:08:37] /i 2160
[06/07/2009 16:08:37] /i 2160
[06/07/2009 16:08:37] /i 2160
[06/07/2009 16:08:37] /i 2160
[06/07/2009 16:08:38] /i 2160
[06/07/2009 16:08:38] /i 2160
[06/07/2009 16:08:38] /i 2160
[06/07/2009 16:08:38] /i 2160
[06/07/2009 16:08:38] /i 2160
[06/07/2009 16:08:38] /i 2160
[06/07/2009 16:08:38] /i 2160
[06/07/2009 16:08:38] /i 2160
[06/07/2009 16:08:38] /i 2160
[06/07/2009 16:08:38] /i 2160
[06/07/2009 16:08:38] /i 2160
[06/07/2009 16:08:38] /i 2160
[06/07/2009 16:08:38] /i 2160
[06/07/2009 16:08:38] /i 2160
[06/07/2009 16:08:38] /i 2160
[06/07/2009 16:08:38] /i 2160
[06/07/2009 16:08:38] /i 2160
[06/07/2009 16:08:38] /i 2160
[06/07/2009 16:08:38] /i 2160
[06/07/2009 16:08:38] /i 2160
[06/07/2009 16:08:38] /i 2160
[06/07/2009 16:08:38] /i 2160
[06/07/2009 16:08:38] /i 2160
[06/07/2009 16:08:38] /i 2160
[06/07/2009 16:08:38] /i 2160
[06/07/2009 16:08:38] /i 2160
[06/07/2009 16:08:38] /i 2160
[06/07/2009 16:08:39] /i 2160
[06/07/2009 16:08:39] /i 2160
[06/07/2009 16:08:39] /i 2160
[06/07/2009 16:08:39] /i 2160
[06/07/2009 16:08:39] /i 2160
[06/07/2009 16:08:39] /i 2160
[06/07/2009 16:08:39] /i 2160
[06/07/2009 16:08:39] /i 2160
[06/07/2009 16:08:39] /i 2160
[06/07/2009 16:08:39] /i 2160
[06/07/2009 16:08:39] /i 2160
[06/07/2009 16:08:39] /i 2160
[06/07/2009 16:08:39] /i 2160
[06/07/2009 16:08:39] /i 2160
[06/07/2009 16:08:39] /i 2160
[06/07/2009 16:08:39] /i 2160
[06/07/2009 16:08:39] /i 2160
[06/07/2009 16:08:39] /i 2160
[06/07/2009 16:08:39] /i 2160
[06/07/2009 16:08:39] /i 2160
[06/07/2009 16:08:39] /i 2160
[06/07/2009 16:08:39] /i 2160
[06/07/2009 16:08:39] /i 2160
[06/07/2009 16:08:39] /i 2160
[06/07/2009 16:08:39] /i 2160
[06/07/2009 16:08:39] /i 2160
[06/07/2009 16:08:39] /i 2160
[06/07/2009 16:08:39] /i 2160
[06/07/2009 16:08:40] /i 2160
[06/07/2009 16:08:40] /i 2160
[06/07/2009 16:08:40] /i 2160
[06/07/2009 16:08:40] /i 2160
[06/07/2009 16:08:40] /i 2160
[06/07/2009 16:08:40] /i 2160
[06/07/2009 16:08:40] /i 2160
[06/07/2009 16:08:40] /i 2160
[06/07/2009 16:08:40] /i 2160
[06/07/2009 16:08:40] /i 2160
[06/07/2009 16:08:40] /i 2160
[06/07/2009 16:08:40] /i 2160
[06/07/2009 16:08:40] /i 2160
[06/07/2009 16:08:40] /i 2160
[06/07/2009 16:08:40] /i 2160
[06/07/2009 16:08:40] /i 2160
[06/07/2009 16:08:40] /i 2160
[06/07/2009 16:08:40] /i 2160
[06/07/2009 16:08:40] /i 2160
[06/07/2009 16:08:40] /i 2160
[06/07/2009 16:08:40] /i 2160
[06/07/2009 16:08:40] /i 2160
[06/07/2009 16:08:40] /i 2160
[06/07/2009 16:08:40] /i 2160
[06/07/2009 16:08:40] /i 2160
[06/07/2009 16:08:40] /i 2160
[06/07/2009 16:08:40] /i 2160
[06/07/2009 16:08:40] /i 2160
[06/07/2009 16:08:41] /i 2160
[06/07/2009 16:08:41] /i 2160
[06/07/2009 16:08:41] /i 2160
[06/07/2009 16:08:41] /i 2160
[06/07/2009 16:08:41] /i 2160
[06/07/2009 16:08:41] /i 2160
[06/07/2009 16:08:41] /i 2160
[06/07/2009 16:08:41] /i 2160
[06/07/2009 16:08:41] /i 2160
[06/07/2009 16:08:41] /i 2160
[06/07/2009 16:08:41] /i 2160
[06/07/2009 16:08:41] /i 2160
[06/07/2009 16:08:41] /i 2160
[06/07/2009 16:08:41] /i 2160
[06/07/2009 16:08:41] /i 2160
[06/07/2009 16:08:41] /i 2160
[06/07/2009 16:08:41] /i 2160
[06/07/2009 16:08:41] /i 2160
[06/07/2009 16:08:41] /i 2160
[06/07/2009 16:08:41] /i 2160
[06/07/2009 16:08:41] /i 2160
[06/07/2009 16:08:41] /i 2160
[06/07/2009 16:08:41] /i 2160
[06/07/2009 16:08:41] /i 2160
[06/07/2009 16:08:41] /i 2160
[06/07/2009 16:08:41] /i 2160
[06/07/2009 16:08:41] /i 2160
[06/07/2009 16:08:41] /i 2160
[06/07/2009 16:08:42] /i 2160
[06/07/2009 16:08:42] /i 2160
[06/07/2009 16:08:42] /i 2160
[06/07/2009 16:08:42] /i 2160
[06/07/2009 16:08:42] /i 2160
[06/07/2009 16:08:42] /i 2160
[06/07/2009 16:08:42] /i 2160
[06/07/2009 16:08:42] /i 2160
[06/07/2009 16:08:42] /i 2160
[06/07/2009 16:08:42] /i 2160
[06/07/2009 16:08:42] /i 2160
[06/07/2009 16:08:42] /i 2160
[06/07/2009 16:08:42] /i 2160
[06/07/2009 16:08:42] /i 2160
[06/07/2009 16:08:42] /i 2160
[06/07/2009 16:08:42] /i 2160
[06/07/2009 16:08:42] /i 2160
[06/07/2009 16:08:42] /i 2160
[06/07/2009 16:08:42] /i 2160
[06/07/2009 16:08:42] /i 2160
[06/07/2009 16:08:42] /i 2160
[06/07/2009 16:08:42] /i 2160
[06/07/2009 16:08:42] /i 2160
[06/07/2009 16:08:42] /i 2160
[06/07/2009 16:08:42] /i 2160
[06/07/2009 16:08:42] /i 2160
[06/07/2009 16:08:42] /i 2160
[06/07/2009 16:08:42] /i 2160
[06/07/2009 16:08:43] /i 2160
[06/07/2009 16:08:43] /i 2160
[06/07/2009 16:08:43] /i 2160
[06/07/2009 16:08:43] /i 2160
[06/07/2009 16:08:43] /i 2160
[06/07/2009 16:08:43] /i 2160
[06/07/2009 16:08:43] /i 2160
[06/07/2009 16:08:43] /i 2160
[06/07/2009 16:08:43] /i 2160
[06/07/2009 16:08:43] /i 2160
[06/07/2009 16:08:43] /i 2160
[06/07/2009 16:08:43] /i 2160
[06/07/2009 16:08:43] /i 2160
[06/07/2009 16:08:43] /i 2160
[06/07/2009 16:08:43] /i 2160
[06/07/2009 16:08:43] /i 2160
[06/07/2009 16:08:43] /i 2160
[06/07/2009 16:08:43] /i 2160
[06/07/2009 16:08:43] /i 2160
[06/07/2009 16:08:43] /i 2160
[06/07/2009 16:08:43] /i 2160
[06/07/2009 16:08:43] /i 2160
[06/07/2009 16:08:43] /i 2160
[06/07/2009 16:08:43] /i 2160
[06/07/2009 16:08:43] /i 2160
[06/07/2009 16:08:43] /i 2160
[06/07/2009 16:08:43] /i 2160
[06/07/2009 16:08:43] /i 2160
[06/07/2009 16:08:43] /i 2160
[06/07/2009 16:08:44] /i 2160
[06/07/2009 16:08:44] /i 2160
[06/07/2009 16:08:44] /i 2160
[06/07/2009 16:08:44] /i 2160
[06/07/2009 16:08:44] /i 2160
[06/07/2009 16:08:44] /i 2160
[06/07/2009 16:08:44] /i 2160
[06/07/2009 16:08:44] /i 2160
[06/07/2009 16:08:44] /i 2160
[06/07/2009 16:08:44] /i 2160
[06/07/2009 16:08:44] /i 2160
[06/07/2009 16:08:44] /i 2160
[06/07/2009 16:08:44] /i 2160
[06/07/2009 16:08:44] /i 2160
[06/07/2009 16:08:44] /i 2160
[06/07/2009 16:08:44] /i 2160
[06/07/2009 16:08:44] /i 2160
[06/07/2009 16:08:44] /i 2160
[06/07/2009 16:08:44] /i 2160
[06/07/2009 16:08:44] /i 2160
[06/07/2009 16:08:44] /i 2160
[06/07/2009 16:08:44] /i 2160
[06/07/2009 16:08:44] /i 2160
[06/07/2009 16:08:44] /i 2160
[06/07/2009 16:08:44] /i 2160
[06/07/2009 16:08:44] /i 2160
[06/07/2009 16:08:44] /i 2160
[06/07/2009 16:08:44] /i 2160
[06/07/2009 16:08:45] /i 2160
[06/07/2009 16:08:45] /i 2160
[06/07/2009 16:08:45] /i 2160
[06/07/2009 16:08:45] /i 2160
[06/07/2009 16:08:45] /i 2160
[06/07/2009 16:08:45] /i 2160
[06/07/2009 16:08:45] /i 2160
[06/07/2009 16:08:45] /i 2160
[06/07/2009 16:08:45] /i 2160
[06/07/2009 16:08:45] /i 2160
[06/07/2009 16:08:45] /i 2160
[06/07/2009 16:08:45] /i 2160
[06/07/2009 16:08:45] /i 2160
[06/07/2009 16:08:45] /i 2160
[06/07/2009 16:08:45] /i 2160
[06/07/2009 16:08:45] /i 2160
[06/07/2009 16:08:45] /i 2160
[06/07/2009 16:08:45] /i 2160
[06/07/2009 16:08:45] /i 2160
[06/07/2009 16:08:45] /i 2160
[06/07/2009 16:08:45] /i 2160
[06/07/2009 16:08:45] /i 2160
[06/07/2009 16:08:45] /i 2160
[06/07/2009 16:08:45] /i 2160
[06/07/2009 16:08:45] /i 2160
[06/07/2009 16:08:45] /i 2160
[06/07/2009 16:08:45] /i 2160
[06/07/2009 16:08:45] /i 2160
[06/07/2009 16:08:45] /i 2160
[06/07/2009 16:08:46] /i 2160
[06/07/2009 16:08:46] /i 2160
[06/07/2009 16:08:46] /i 2160
[06/07/2009 16:08:46] /i 2160
[06/07/2009 16:08:46] /i 2160
[06/07/2009 16:08:46] /i 2160
[06/07/2009 16:08:46] /i 2160
[06/07/2009 16:08:46] /i 2160
[06/07/2009 16:08:46] /i 2160
[06/07/2009 16:08:46] /i 2160
[06/07/2009 16:08:46] /i 2160
[06/07/2009 16:08:46] /i 2160
[06/07/2009 16:08:46] /i 2160
[06/07/2009 16:08:46] /i 2160
[06/07/2009 16:08:46] /i 2160
[06/07/2009 16:08:46] /i 2160
[06/07/2009 16:08:46] /i 2160
[06/07/2009 16:08:46] /i 2160
[06/07/2009 16:08:46] /i 2160
[06/07/2009 16:08:46] /i 2160
[06/07/2009 16:08:46] /i 2160
[06/07/2009 16:08:46] /i 2160
[06/07/2009 16:08:46] /i 2160
[06/07/2009 16:08:46] /i 2160
[06/07/2009 16:08:46] /i 2160
[06/07/2009 16:08:46] /i 2160
[06/07/2009 16:08:46] /i 2160
[06/07/2009 16:08:46] /i 2160
[06/07/2009 16:08:47] /i 2160
[06/07/2009 16:08:47] /i 2160
[06/07/2009 16:08:47] /i 2160
[06/07/2009 16:08:47] /i 2160
[06/07/2009 16:08:47] /i 2160
[06/07/2009 16:08:47] /i 2160
[06/07/2009 16:08:47] /i 2160
[06/07/2009 16:08:47] /i 2160
[06/07/2009 16:08:47] /i 2160
[06/07/2009 16:08:47] /i 2160
[06/07/2009 16:08:47] /i 2160
[06/07/2009 16:08:47] /i 2160
[06/07/2009 16:08:47] /i 2160
[06/07/2009 16:08:47] /i 2160
[06/07/2009 16:08:47] /i 2160
[06/07/2009 16:08:47] /i 2160
[06/07/2009 16:08:47] /i 2160
[06/07/2009 16:08:47] /i 2160
[06/07/2009 16:08:47] /i 2160
[06/07/2009 16:08:47] /i 2160
[06/07/2009 16:08:47] /i 2160
[06/07/2009 16:08:47] /i 2160
[06/07/2009 16:08:47] /i 2160
[06/07/2009 16:08:47] /i 2160
[06/07/2009 16:08:47] /i 2160
[06/07/2009 16:08:47] /i 2160
[06/07/2009 16:08:47] /i 2160
[06/07/2009 16:08:47] /i 2160
[06/07/2009 16:08:47] /i 2160
[06/07/2009 16:08:48] /i 2160
[06/07/2009 16:08:48] /i 2160
[06/07/2009 16:08:48] /i 2160
[06/07/2009 16:08:48] /i 2160
[06/07/2009 16:08:48] /i 2160
[06/07/2009 16:08:48] /i 2160
[06/07/2009 16:08:48] /i 2160
[06/07/2009 16:08:48] /i 2160
[06/07/2009 16:08:48] /i 2160
[06/07/2009 16:08:48] /i 2160
[06/07/2009 16:08:48] /i 2160
[06/07/2009 16:08:48] /i 2160
[06/07/2009 16:08:48] /i 2160
[06/07/2009 16:08:48] /i 2160
[06/07/2009 16:08:48] /i 2160
[06/07/2009 16:08:48] /i 2160
[06/07/2009 16:08:48] /i 2160
[06/07/2009 16:08:48] /i 2160
[06/07/2009 16:08:48] /i 2160
[06/07/2009 16:08:48] /i 2160
[06/07/2009 16:08:48] /i 2160
[06/07/2009 16:08:48] /i 2160
[06/07/2009 16:08:48] /i 2160
[06/07/2009 16:08:48] /i 2160
[06/07/2009 16:08:48] /i 2160
[06/07/2009 16:08:48] /i 2160
[06/07/2009 16:08:48] /i 2160
[06/07/2009 16:08:48] /i 2160
[06/07/2009 16:08:49] /i 2160
[06/07/2009 16:08:49] /i 2160
[06/07/2009 16:08:49] /i 2160
[06/07/2009 16:08:49] /i 2160
[06/07/2009 16:08:49] /i 2160
[06/07/2009 16:08:49] /i 2160
[06/07/2009 16:08:49] /i 2160
[06/07/2009 16:08:49] /i 2160
[06/07/2009 16:08:49] /i 2160
[06/07/2009 16:08:49] /i 2160
[06/07/2009 16:08:49] /i 2160
[06/07/2009 16:08:49] /i 2160
[06/07/2009 16:08:49] /i 2160
[06/07/2009 16:08:49] /i 2160
[06/07/2009 16:08:49] /i 2160
[06/07/2009 16:08:49] /i 2160
[06/07/2009 16:08:49] /i 2160
[06/07/2009 16:08:49] /i 2160
[06/07/2009 16:08:49] /i 2160
[06/07/2009 16:08:49] /i 2160
[06/07/2009 16:08:49] /i 2160
[06/07/2009 16:08:49] /i 2160
[06/07/2009 16:08:49] /i 2160
[06/07/2009 16:08:49] /i 2160
[06/07/2009 16:08:49] /i 2160
[06/07/2009 16:08:49] /i 2160
[06/07/2009 16:08:49] /i 2160
[06/07/2009 16:08:49] /i 2160
[06/07/2009 16:08:50] /i 2160
[06/07/2009 16:08:50] /i 2160
[06/07/2009 16:08:50] /i 2160
[06/07/2009 16:09:38] /i 2160
[06/07/2009 16:09:39] /i 2160
[06/07/2009 16:09:39] /i 2160
[06/07/2009 16:09:39] /i 2160
[06/07/2009 16:09:39] /i 2160
[06/07/2009 16:09:39] /i 2160
[06/07/2009 16:09:39] /i 2160
[06/07/2009 16:09:39] /i 2160
[06/07/2009 16:09:39] /i 2160
[06/07/2009 16:09:39] /i 2160
[06/07/2009 16:09:39] /i 2160
[06/07/2009 16:09:39] /i 2160
[06/07/2009 16:09:39] /i 2160
[06/07/2009 16:09:39] /i 2160
[06/07/2009 16:09:39] /i 2160
[06/07/2009 16:09:39] /i 2160
[06/07/2009 16:09:39] /i 2160
[06/07/2009 16:09:39] /i 2160
[06/07/2009 16:09:39] /i 2160
[06/07/2009 16:09:39] /i 2160
[06/07/2009 16:09:39] /i 2160
[06/07/2009 16:09:39] /i 2160
[06/07/2009 16:09:39] /i 2160
[06/07/2009 16:09:40] /i 2160
[06/07/2009 16:09:40] /i 2160
[06/07/2009 16:09:40] /i 2160
[06/07/2009 16:09:40] /i 2160
[06/07/2009 16:09:40] /i 2160
[06/07/2009 16:09:40] /i 2160
[06/07/2009 16:09:40] /i 2160
[06/07/2009 16:09:40] /i 2160
[06/07/2009 16:09:40] /i 2160
[06/07/2009 16:09:40] /i 2160
[06/07/2009 16:09:40] /i 2160
[06/07/2009 16:09:40] /i 2160
[06/07/2009 16:09:40] /i 2160
[06/07/2009 16:09:40] /i 2160
[06/07/2009 16:09:40] /i 2160
[06/07/2009 16:09:40] /i 2160
[06/07/2009 16:09:40] /i 2160
[06/07/2009 16:09:40] /i 2160
[06/07/2009 16:09:40] /i 2160
[06/07/2009 16:09:40] /i 2160
[06/07/2009 16:09:40] /i 2160
[06/07/2009 16:09:40] /i 2160
[06/07/2009 16:09:40] /i 2160
[06/07/2009 16:09:40] /i 2160
[06/07/2009 16:09:40] /i 2160
[06/07/2009 16:09:40] /i 2160
[06/07/2009 16:09:40] /i 2160
[06/07/2009 16:09:40] /i 2160
[06/07/2009 16:09:41] /i 2160
[06/07/2009 16:09:41] /i 2160
[06/07/2009 16:09:41] /i 2160
[06/07/2009 16:09:41] /i 2160
[06/07/2009 16:09:41] /i 2160
[06/07/2009 16:09:41] /i 2160
[06/07/2009 16:09:41] /i 2160
[06/07/2009 16:09:41] /i 2160
[06/07/2009 16:09:41] /i 2160
[06/07/2009 16:09:41] /i 2160
[06/07/2009 16:09:41] /i 2160
[06/07/2009 16:09:41] /i 2160
[06/07/2009 16:09:41] /i 2160
[06/07/2009 16:09:41] /i 2160
[06/07/2009 16:09:41] /i 2160
[06/07/2009 16:09:41] /i 2160
[06/07/2009 16:09:41] /i 2160
[06/07/2009 16:09:41] /i 2160
[06/07/2009 16:09:41] /i 2160
[06/07/2009 16:09:41] /i 2160
[06/07/2009 16:09:41] /i 2160
[06/07/2009 16:09:41] /i 2160
[06/07/2009 16:09:41] /i 2160
[06/07/2009 16:09:41] /i 2160
[06/07/2009 16:09:41] /i 2160
[06/07/2009 16:09:41] /i 2160
[06/07/2009 16:09:41] /i 2160
[06/07/2009 16:09:41] /i 2160
[06/07/2009 16:09:41] /i 2160
[06/07/2009 16:09:42] /i 2160
[06/07/2009 16:09:42] /i 2160
[06/07/2009 16:09:42] /i 2160
[06/07/2009 16:09:42] /i 2160
[06/07/2009 16:09:42] /i 2160
[06/07/2009 16:09:42] /i 2160
[06/07/2009 16:09:42] /i 2160
[06/07/2009 16:09:42] /i 2160
[06/07/2009 16:09:42] /i 2160
[06/07/2009 16:09:42] /i 2160
[06/07/2009 16:09:42] /i 2160
[06/07/2009 16:09:42] /i 2160
[06/07/2009 16:09:42] /i 2160
[06/07/2009 16:09:42] /i 2160
[06/07/2009 16:09:42] /i 2160
[06/07/2009 16:09:42] /i 2160
[06/07/2009 16:09:42] /i 2160
[06/07/2009 16:09:42] /i 2160
[06/07/2009 16:09:42] /i 2160
[06/07/2009 16:09:42] /i 2160
[06/07/2009 16:09:42] /i 2160
[06/07/2009 16:09:42] /i 2160
[06/07/2009 16:09:42] /i 2160
[06/07/2009 16:09:42] /i 2160
[06/07/2009 16:09:42] /i 2160
[06/07/2009 16:09:42] /i 2160
[06/07/2009 16:09:42] /i 2160
[06/07/2009 16:09:42] /i 2160
[06/07/2009 16:09:43] /i 2160
[06/07/2009 16:09:43] /i 2160
[06/07/2009 16:09:43] /i 2160
[06/07/2009 16:09:43] /i 2160
[06/07/2009 16:09:43] /i 2160
[06/07/2009 16:09:43] /i 2160
[06/07/2009 16:09:43] /i 2160
[06/07/2009 16:09:43] /i 2160
[06/07/2009 16:09:43] /i 2160
[06/07/2009 16:09:43] /i 2160
[06/07/2009 16:09:43] /i 2160
[06/07/2009 16:09:43] /i 2160
[06/07/2009 16:09:43] /i 2160
[06/07/2009 16:09:43] /i 2160
[06/07/2009 16:09:43] /i 2160
[06/07/2009 16:09:43] /i 2160
[06/07/2009 16:09:43] /i 2160
[06/07/2009 16:09:43] /i 2160
[06/07/2009 16:09:43] /i 2160
[06/07/2009 16:09:43] /i 2160
[06/07/2009 16:09:43] /i 2160
[06/07/2009 16:09:43] /i 2160
[06/07/2009 16:09:43] /i 2160
[06/07/2009 16:09:43] /i 2160
[06/07/2009 16:09:43] /i 2160
[06/07/2009 16:09:43] /i 2160
[06/07/2009 16:09:43] /i 2160
[06/07/2009 16:09:43] /i 2160
[06/07/2009 16:09:43] /i 2160
[06/07/2009 16:09:44] /i 2160
[06/07/2009 16:09:44] /i 2160
[06/07/2009 16:09:44] /i 2160
[06/07/2009 16:09:44] /i 2160
[06/07/2009 16:09:44] /i 2160
[06/07/2009 16:09:44] /i 2160
[06/07/2009 16:09:44] /i 2160
[06/07/2009 16:09:44] /i 2160
[06/07/2009 16:09:44] /i 2160
[06/07/2009 16:09:44] /i 2160
[06/07/2009 16:09:44] /i 2160
[06/07/2009 16:09:44] /i 2160
[06/07/2009 16:09:44] /i 2160
[06/07/2009 16:09:44] /i 2160
[06/07/2009 16:09:44] /i 2160
[06/07/2009 16:09:44] /i 2160
[06/07/2009 16:09:44] /i 2160
[06/07/2009 16:09:44] /i 2160
[06/07/2009 16:09:44] /i 2160
[06/07/2009 16:09:44] /i 2160
[06/07/2009 16:09:44] /i 2160
[06/07/2009 16:09:44] /i 2160
[06/07/2009 16:09:44] /i 2160
[06/07/2009 16:09:44] /i 2160
[06/07/2009 16:09:44] /i 2160
[06/07/2009 16:09:44] /i 2160
[06/07/2009 16:09:44] /i 2160
[06/07/2009 16:09:44] /i 2160
[06/07/2009 16:09:45] /i 2160
[06/07/2009 16:09:45] /i 2160
[06/07/2009 16:09:45] /i 2160
[06/07/2009 16:09:45] /i 2160
[06/07/2009 16:09:45] /i 2160
[06/07/2009 16:09:45] /i 2160
[06/07/2009 16:09:45] /i 2160
[06/07/2009 16:09:45] /i 2160
[06/07/2009 16:09:45] /i 2160
[06/07/2009 16:09:45] /i 2160
[06/07/2009 16:09:45] /i 2160
[06/07/2009 16:09:45] /i 2160
[06/07/2009 16:09:45] /i 2160
[06/07/2009 16:09:45] /i 2160
[06/07/2009 16:09:45] /i 2160
[06/07/2009 16:09:45] /i 2160
[06/07/2009 16:09:45] /i 2160
[06/07/2009 16:09:45] /i 2160
[06/07/2009 16:09:45] /i 2160
[06/07/2009 16:09:45] /i 2160
[06/07/2009 16:09:45] /i 2160
[06/07/2009 16:09:45] /i 2160
[06/07/2009 16:09:45] /i 2160
[06/07/2009 16:09:45] /i 2160
[06/07/2009 16:09:45] /i 2160
[06/07/2009 16:09:45] /i 2160
[06/07/2009 16:09:45] /i 2160
[06/07/2009 16:09:45] /i 2160
[06/07/2009 16:09:46] /i 2160
[06/07/2009 16:09:46] /i 2160
[06/07/2009 16:09:46] /i 2160
[06/07/2009 16:09:46] /i 2160
[06/07/2009 16:09:46] /i 2160
[06/07/2009 16:09:46] /i 2160
[06/07/2009 16:09:46] /i 2160
[06/07/2009 16:09:46] /i 2160
[06/07/2009 16:09:46] /i 2160
[06/07/2009 16:09:46] /i 2160
[06/07/2009 16:09:46] /i 2160
[06/07/2009 16:09:46] /i 2160
[06/07/2009 16:09:46] /i 2160
[06/07/2009 16:09:46] /i 2160
[06/07/2009 16:09:46] /i 2160
[06/07/2009 16:09:46] /i 2160
[06/07/2009 16:09:46] /i 2160
[06/07/2009 16:09:46] /i 2160
[06/07/2009 16:09:46] /i 2160
[06/07/2009 16:09:46] /i 2160
[06/07/2009 16:09:46] /i 2160
[06/07/2009 16:09:46] /i 2160
[06/07/2009 16:09:46] /i 2160
[06/07/2009 16:09:46] /i 2160
[06/07/2009 16:09:46] /i 2160
[06/07/2009 16:09:46] /i 2160
[06/07/2009 16:09:46] /i 2160
[06/07/2009 16:09:46] /i 2160
[06/07/2009 16:09:47] /i 2160
[06/07/2009 16:09:47] /i 2160
[06/07/2009 16:09:47] /i 2160
[06/07/2009 16:09:47] /i 2160
[06/07/2009 16:09:47] /i 2160
[06/07/2009 16:09:47] /i 2160
[06/07/2009 16:09:47] /i 2160
[06/07/2009 16:09:47] /i 2160
[06/07/2009 16:09:47] /i 2160
[06/07/2009 16:09:47] /i 2160
[06/07/2009 16:09:47] /i 2160
[06/07/2009 16:09:47] /i 2160
[06/07/2009 16:09:47] /i 2160
[06/07/2009 16:09:47] /i 2160
[06/07/2009 16:09:47] /i 2160
[06/07/2009 16:09:47] /i 2160
[06/07/2009 16:09:47] /i 2160
[06/07/2009 16:09:47] /i 2160
[06/07/2009 16:09:47] /i 2160
[06/07/2009 16:09:47] /i 2160
[06/07/2009 16:09:47] /i 2160
[06/07/2009 16:09:47] /i 2160
[06/07/2009 16:09:47] /i 2160
[06/07/2009 16:09:47] /i 2160
[06/07/2009 16:09:47] /i 2160
[06/07/2009 16:09:47] /i 2160
[06/07/2009 16:09:47] /i 2160
[06/07/2009 16:09:47] /i 2160
[06/07/2009 16:09:48] /i 2160
[06/07/2009 16:09:48] /i 2160
[06/07/2009 16:09:48] /i 2160
[06/07/2009 16:09:48] /i 2160
[06/07/2009 16:09:48] /i 2160
[06/07/2009 16:09:48] /i 2160
[06/07/2009 16:09:48] /i 2160
[06/07/2009 16:09:48] /i 2160
[06/07/2009 16:09:48] /i 2160
[06/07/2009 16:09:48] /i 2160
[06/07/2009 16:09:48] /i 2160
[06/07/2009 16:09:48] /i 2160
[06/07/2009 16:09:48] /i 2160
[06/07/2009 16:09:48] /i 2160
[06/07/2009 16:09:48] /i 2160
[06/07/2009 16:09:48] /i 2160
[06/07/2009 16:09:48] /i 2160
[06/07/2009 16:09:48] /i 2160
[06/07/2009 16:09:48] /i 2160
[06/07/2009 16:09:48] /i 2160
[06/07/2009 16:09:48] /i 2160
[06/07/2009 16:09:48] /i 2160
[06/07/2009 16:09:48] /i 2160
[06/07/2009 16:09:48] /i 2160
[06/07/2009 16:09:48] /i 2160
[06/07/2009 16:09:48] /i 2160
[06/07/2009 16:09:48] /i 2160
[06/07/2009 16:09:48] /i 2160
[06/07/2009 16:09:49] /i 2160
[06/07/2009 16:09:49] /i 2160
[06/07/2009 16:09:49] /i 2160
[06/07/2009 16:09:49] /i 2160
[06/07/2009 16:09:49] /i 2160
[06/07/2009 16:09:49] /i 2160
[06/07/2009 16:09:49] /i 2160
[06/07/2009 16:09:49] /i 2160
[06/07/2009 16:09:49] /i 2160
[06/07/2009 16:09:49] /i 2160
[06/07/2009 16:09:49] /i 2160
[06/07/2009 16:09:49] /i 2160
[06/07/2009 16:09:49] /i 2160
[06/07/2009 16:09:49] /i 2160
[06/07/2009 16:09:49] /i 2160
[06/07/2009 16:09:49] /i 2160
[06/07/2009 16:09:49] /i 2160
[06/07/2009 16:09:49] /i 2160
[06/07/2009 16:09:49] /i 2160
[06/07/2009 16:09:49] /i 2160
[06/07/2009 16:09:49] /i 2160
[06/07/2009 16:09:49] /i 2160
[06/07/2009 16:09:49] /i 2160
[06/07/2009 16:09:49] /i 2160
[06/07/2009 16:09:49] /i 2160
[06/07/2009 16:09:49] /i 2160
[06/07/2009 16:09:49] /i 2160
[06/07/2009 16:09:49] /i 2160
[06/07/2009 16:09:49] /i 2160
[06/07/2009 16:09:50] /i 2160
[06/07/2009 16:09:50] /i 2160
[06/07/2009 16:09:50] /i 2160
[06/07/2009 16:09:50] /i 2160
[06/07/2009 16:09:50] /i 2160
[06/07/2009 16:09:50] /i 2160
[06/07/2009 16:10:16] /i 2160
[06/07/2009 16:10:16] /i 2160
[06/07/2009 16:10:16] /i 2160
[06/07/2009 16:10:16] /i 2160
[06/07/2009 16:10:17] /i 2160
[06/07/2009 16:10:18] /i 2160
[06/07/2009 16:10:18] /i 2160
[06/07/2009 16:10:18] /i 2160
[06/07/2009 16:10:18] /i 2160
[06/07/2009 16:10:18] /i 2160
[06/07/2009 16:10:18] /i 2160
[06/07/2009 16:10:18] /i 2160
[06/07/2009 16:10:18] /i 2160
[06/07/2009 16:10:18] /i 2160
[06/07/2009 16:10:18] /i 2160
[06/07/2009 16:10:18] /i 2160
[06/07/2009 16:10:18] /i 2160
[06/07/2009 16:10:18] /i 2160
[06/07/2009 16:10:18] /i 2160
[06/07/2009 16:10:19] /i 2160
[06/07/2009 16:10:19] /i 2160
[06/07/2009 16:10:19] /i 2160
[06/07/2009 16:10:19] /i 2160
[06/07/2009 16:10:19] /i 2160
[06/07/2009 16:10:19] /i 2160
[06/07/2009 16:10:19] /i 2160
[06/07/2009 16:10:19] /i 2160
[06/07/2009 16:10:19] /i 2160
[06/07/2009 16:10:19] /i 2160
[06/07/2009 16:10:19] /i 2160
[06/07/2009 16:10:19] /i 2160
[06/07/2009 16:10:19] /i 2160
[06/07/2009 16:10:19] /i 2160
[06/07/2009 16:10:19] /i 2160
[06/07/2009 16:10:19] /i 2160
[06/07/2009 16:10:19] /i 2160
[06/07/2009 16:10:19] /i 2160
[06/07/2009 16:10:19] /i 2160
[06/07/2009 16:10:19] /i 2160
[06/07/2009 16:10:19] /i 2160
[06/07/2009 16:10:19] /i 2160
[06/07/2009 16:10:19] /i 2160
[06/07/2009 16:10:19] /i 2160
[06/07/2009 16:10:19] /i 2160
[06/07/2009 16:10:19] /i 2160
[06/07/2009 16:10:19] /i 2160
[06/07/2009 16:10:19] /i 2160
[06/07/2009 16:10:20] /i 2160
[06/07/2009 16:10:20] /i 2160
[06/07/2009 16:10:20] /i 2160
[06/07/2009 16:10:20] /i 2160
[06/07/2009 16:10:20] /i 2160
[06/07/2009 16:10:20] /i 2160
[06/07/2009 16:10:20] /i 2160
[06/07/2009 16:10:20] /i 2160
[06/07/2009 16:10:20] /i 2160
[06/07/2009 16:10:20] /i 2160
[06/07/2009 16:10:20] /i 2160
[06/07/2009 16:10:20] /i 2160
[06/07/2009 16:10:20] /i 2160
[06/07/2009 16:10:20] /i 2160
[06/07/2009 16:10:20] /i 2160
[06/07/2009 16:10:20] /i 2160
[06/07/2009 16:10:20] /i 2160
[06/07/2009 16:10:20] /i 2160
[06/07/2009 16:10:20] /i 2160
[06/07/2009 16:10:20] /i 2160
[06/07/2009 16:10:20] /i 2160
[06/07/2009 16:10:20] /i 2160
[06/07/2009 16:10:20] /i 2160
[06/07/2009 16:10:20] /i 2160
[06/07/2009 16:10:20] /i 2160
[06/07/2009 16:10:20] /i 2160
[06/07/2009 16:10:20] /i 2160
[06/07/2009 16:10:20] /i 2160
[06/07/2009 16:10:20] /i 2160
[06/07/2009 16:10:21] /i 2160
[06/07/2009 16:10:21] /i 2160
[06/07/2009 16:10:21] /i 2160
[06/07/2009 16:10:21] /i 2160
[06/07/2009 16:10:21] /i 2160
[06/07/2009 16:10:21] /i 2160
[06/07/2009 16:10:21] /i 2160
[06/07/2009 16:10:21] /i 2160
[06/07/2009 16:10:21] /i 2160
[06/07/2009 16:10:21] /i 2160
[06/07/2009 16:10:21] /i 2160
[06/07/2009 16:10:21] /i 2160
[06/07/2009 16:10:21] /i 2160
[06/07/2009 16:10:21] /i 2160
[06/07/2009 16:10:21] /i 2160
[06/07/2009 16:10:21] /i 2160
[06/07/2009 16:10:21] /i 2160
[06/07/2009 16:10:21] /i 2160
[06/07/2009 16:10:21] /i 2160
[06/07/2009 16:10:21] /i 2160
[06/07/2009 16:10:21] /i 2160
[06/07/2009 16:10:21] /i 2160
[06/07/2009 16:10:21] /i 2160
[06/07/2009 16:10:21] /i 2160
[06/07/2009 16:10:21] /i 2160
[06/07/2009 16:10:21] /i 2160
[06/07/2009 16:10:21] /i 2160
[06/07/2009 16:10:21] /i 2160
[06/07/2009 16:10:22] /i 2160
[06/07/2009 16:10:22] /i 2160
[06/07/2009 16:10:22] /i 2160
[06/07/2009 16:10:22] /i 2160
[06/07/2009 16:10:22] /i 2160
[06/07/2009 16:10:22] /i 2160
[06/07/2009 16:10:22] /i 2160
[06/07/2009 16:10:22] /i 2160
[06/07/2009 16:10:22] /i 2160
[06/07/2009 16:10:22] /i 2160
[06/07/2009 16:10:22] /i 2160
[06/07/2009 16:10:22] /i 2160
[06/07/2009 16:10:22] /i 2160
[06/07/2009 16:10:22] /i 2160
[06/07/2009 16:10:22] /i 2160
[06/07/2009 16:10:22] /i 2160
[06/07/2009 16:10:22] /i 2160
[06/07/2009 16:10:22] /i 2160
[06/07/2009 16:10:22] /i 2160
[06/07/2009 16:10:22] /i 2160
[06/07/2009 16:10:22] /i 2160
[06/07/2009 16:10:22] /i 2160
[06/07/2009 16:10:22] /i 2160
[06/07/2009 16:10:22] /i 2160
[06/07/2009 16:10:22] /i 2160
[06/07/2009 16:10:22] /i 2160
[06/07/2009 16:10:22] /i 2160
[06/07/2009 16:10:22] /i 2160
[06/07/2009 16:10:22] /i 2160
[06/07/2009 16:10:23] /i 2160
[06/07/2009 16:10:23] /i 2160
[06/07/2009 16:10:23] /i 2160
[06/07/2009 16:10:23] /i 2160
[06/07/2009 16:10:23] /i 2160
[06/07/2009 16:10:23] /i 2160
[06/07/2009 16:10:23] /i 2160
[06/07/2009 16:10:23] /i 2160
[06/07/2009 16:10:23] /i 2160
[06/07/2009 16:10:23] /i 2160
[06/07/2009 16:10:23] /i 2160
[06/07/2009 16:10:23] /i 2160
[06/07/2009 16:10:23] /i 2160
[06/07/2009 16:10:23] /i 2160
[06/07/2009 16:10:23] /i 2160
[06/07/2009 16:10:23] /i 2160
[06/07/2009 16:10:23] /i 2160
[06/07/2009 16:10:23] /i 2160
[06/07/2009 16:10:23] /i 2160
[06/07/2009 16:10:23] /i 2160
[06/07/2009 16:10:23] /i 2160
[06/07/2009 16:10:23] /i 2160
[06/07/2009 16:10:23] /i 2160
[06/07/2009 16:10:23] /i 2160
[06/07/2009 16:10:23] /i 2160
[06/07/2009 16:10:23] /i 2160
[06/07/2009 16:10:23] /i 2160
[06/07/2009 16:10:23] /i 2160
[06/07/2009 16:10:24] /i 2160
[06/07/2009 16:10:24] /i 2160
[06/07/2009 16:10:24] /i 2160
[06/07/2009 16:10:24] /i 2160
[06/07/2009 16:10:24] /i 2160
[06/07/2009 16:10:24] /i 2160
[06/07/2009 16:10:24] /i 2160
[06/07/2009 16:10:24] /i 2160
[06/07/2009 16:10:24] /i 2160
[06/07/2009 16:10:24] /i 2160
[06/07/2009 16:10:24] /i 2160
[06/07/2009 16:10:24] /i 2160
[06/07/2009 16:10:24] /i 2160
[06/07/2009 16:10:24] /i 2160
[06/07/2009 16:10:24] /i 2160
[06/07/2009 16:10:24] /i 2160
[06/07/2009 16:10:24] /i 2160
[06/07/2009 16:10:24] /i 2160
[06/07/2009 16:10:24] /i 2160
[06/07/2009 16:10:24] /i 2160
[06/07/2009 16:10:24] /i 2160
[06/07/2009 16:10:24] /i 2160
[06/07/2009 16:10:24] /i 2160
[06/07/2009 16:10:24] /i 2160
[06/07/2009 16:10:24] /i 2160
[06/07/2009 16:10:24] /i 2160
[06/07/2009 16:10:24] /i 2160
[06/07/2009 16:10:25] /i 2160
[06/07/2009 16:10:25] /i 2160
[06/07/2009 16:10:25] /i 2160
[06/07/2009 16:10:25] /i 2160
[06/07/2009 16:10:25] /i 2160
[06/07/2009 16:10:25] /i 2160
[06/07/2009 16:10:25] /i 2160
[06/07/2009 16:10:25] /i 2160
[06/07/2009 16:10:25] /i 2160
[06/07/2009 16:10:25] /i 2160
[06/07/2009 16:10:25] /i 2160
[06/07/2009 16:10:25] /i 2160
[06/07/2009 16:10:25] /i 2160
[06/07/2009 16:10:25] /i 2160
[06/07/2009 16:10:25] /i 2160
[06/07/2009 16:10:25] /i 2160
[06/07/2009 16:10:25] /i 2160
[06/07/2009 16:10:25] /i 2160
[06/07/2009 16:10:25] /i 2160
[06/07/2009 16:10:25] /i 2160
[06/07/2009 16:10:25] /i 2160
[06/07/2009 16:10:25] /i 2160
[06/07/2009 16:10:25] /i 2160
[06/07/2009 16:10:25] /i 2160
[06/07/2009 16:10:25] /i 2160
[06/07/2009 16:10:25] /i 2160
[06/07/2009 16:10:25] /i 2160
[06/07/2009 16:10:25] /i 2160
[06/07/2009 16:10:26] /i 2160
[06/07/2009 16:10:26] /i 2160
[06/07/2009 16:10:26] /i 2160
[06/07/2009 16:10:26] /i 2160
[06/07/2009 16:10:26] /i 2160
[06/07/2009 16:10:26] /i 2160
[06/07/2009 16:10:26] /i 2160
[06/07/2009 16:10:26] /i 2160
[06/07/2009 16:10:26] /i 2160
[06/07/2009 16:10:26] /i 2160
[06/07/2009 16:10:26] /i 2160
[06/07/2009 16:10:26] /i 2160
[06/07/2009 16:10:26] /i 2160
[06/07/2009 16:10:26] /i 2160
[06/07/2009 16:10:26] /i 2160
[06/07/2009 16:10:26] /i 2160
[06/07/2009 16:10:26] /i 2160
[06/07/2009 16:10:26] /i 2160
[06/07/2009 16:10:26] /i 2160
[06/07/2009 16:10:26] /i 2160
[06/07/2009 16:10:26] /i 2160
[06/07/2009 16:10:26] /i 2160
[06/07/2009 16:10:26] /i 2160
[06/07/2009 16:10:26] /i 2160
[06/07/2009 16:10:26] /i 2160
[06/07/2009 16:10:26] /i 2160
[06/07/2009 16:10:26] /i 2160
[06/07/2009 16:10:26] /i 2160
[06/07/2009 16:10:27] /i 2160
[06/07/2009 16:10:27] /i 2160
[06/07/2009 16:10:27] /i 2160
[06/07/2009 16:10:27] /i 2160
[06/07/2009 16:10:27] /i 2160
[06/07/2009 16:10:27] /i 2160
[06/07/2009 16:10:27] /i 2160
[06/07/2009 16:10:27] /i 2160
[06/07/2009 16:10:27] /i 2160
[06/07/2009 16:10:27] /i 2160
[06/07/2009 16:10:27] /i 2160
[06/07/2009 16:10:27] /i 2160
[06/07/2009 16:10:27] /i 2160
[06/07/2009 16:10:27] /i 2160
[06/07/2009 16:10:27] /i 2160
[06/07/2009 16:10:27] /i 2160
[06/07/2009 16:10:27] /i 2160
[06/07/2009 16:10:27] /i 2160
[06/07/2009 16:10:27] /i 2160
[06/07/2009 16:10:27] /i 2160
[06/07/2009 16:10:27] /i 2160
[06/07/2009 16:10:27] /i 2160
[06/07/2009 16:10:27] /i 2160
[06/07/2009 16:10:27] /i 2160
[06/07/2009 16:10:27] /i 2160
[06/07/2009 16:10:27] /i 2160
[06/07/2009 16:10:27] /i 2160
[06/07/2009 16:10:27] /i 2160
[06/07/2009 16:10:27] /i 2160
[06/07/2009 16:10:28] /i 2160
[06/07/2009 16:10:28] /i 2160
[06/07/2009 16:10:28] /i 2160
[06/07/2009 16:10:28] /i 2160
[06/07/2009 16:10:28] /i 2160
[06/07/2009 16:10:28] /i 2160
[06/07/2009 16:10:28] /i 2160
[06/07/2009 16:10:28] /i 2160
[06/07/2009 16:10:28] /i 2160
[06/07/2009 16:10:28] /i 2160
[06/07/2009 16:10:28] /i 2160
[06/07/2009 16:10:28] /i 2160
[06/07/2009 16:10:28] /i 2160
[06/07/2009 16:10:28] /i 2160
[06/07/2009 16:10:28] /i 2160
[06/07/2009 16:10:28] /i 2160
[06/07/2009 16:10:28] /i 2160
[06/07/2009 16:10:28] /i 2160
[06/07/2009 16:10:28] /i 2160
[06/07/2009 16:10:28] /i 2160
[06/07/2009 16:10:28] /i 2160
[06/07/2009 16:10:28] /i 2160
[06/07/2009 16:10:28] /i 2160
[06/07/2009 16:10:28] /i 2160
[06/07/2009 16:10:28] /i 2160
[06/07/2009 16:10:28] /i 2160
[06/07/2009 16:10:28] /i 2160
[06/07/2009 16:10:28] /i 2160
[06/07/2009 16:10:29] /i 2160
[06/07/2009 16:10:29] /i 2160
[06/07/2009 16:10:29] /i 2160
[06/07/2009 16:10:29] /i 2160
[06/07/2009 16:10:29] /i 2160
[06/07/2009 16:10:29] /i 2160
[06/07/2009 16:10:29] /i 2160
[06/07/2009 16:10:29] /i 2160
[06/07/2009 16:10:29] /i 2160
[06/07/2009 16:10:29] /i 2160
[06/07/2009 16:10:29] /i 2160
[06/07/2009 16:10:29] /i 2160
[06/07/2009 16:10:29] /i 2160
[06/07/2009 16:10:29] /i 2160
[06/07/2009 16:10:29] /i 2160
[06/07/2009 16:10:29] /i 2160
[06/07/2009 16:10:29] /i 2160
[06/07/2009 16:10:29] /i 2160
[06/07/2009 16:10:29] /i 2160
[06/07/2009 16:10:29] /i 2160
[06/07/2009 16:10:29] /i 2160
[06/07/2009 16:10:29] /i 2160
[06/07/2009 16:10:29] /i 2160
[06/07/2009 16:10:29] /i 2160
[06/07/2009 16:10:29] /i 2160
[06/07/2009 16:10:29] /i 2160
[06/07/2009 16:10:29] /i 2160
[06/07/2009 16:10:29] /i 2160
[06/07/2009 16:10:29] /i 2160
[06/07/2009 16:10:30] /i 2160
[06/07/2009 16:10:30] /i 2160
[06/07/2009 16:10:30] /i 2160
[06/07/2009 16:10:30] /i 2160
[06/07/2009 16:10:30] /i 2160
[06/07/2009 16:10:30] /i 2160
[06/07/2009 16:10:30] /i 2160
[06/07/2009 16:10:30] /i 2160
[06/07/2009 16:10:30] /i 2160
[06/07/2009 16:10:30] /i 2160
[06/07/2009 16:10:30] /i 2160
[06/07/2009 16:10:30] /i 2160
[06/07/2009 16:10:30] /i 2160
[06/07/2009 16:10:30] /i 2160
[06/07/2009 16:10:30] /i 2160
[06/07/2009 16:10:30] /i 2160
[06/07/2009 16:10:30] /i 2160
[06/07/2009 16:10:30] /i 2160
[06/07/2009 16:10:30] /i 2160
[06/07/2009 16:10:30] /i 2160
[06/07/2009 16:10:30] /i 2160
[06/07/2009 16:10:37] /i 2160
[06/07/2009 16:10:38] /i 2160
[06/07/2009 16:10:38] /i 2160
[06/07/2009 16:10:38] /i 2160
[06/07/2009 16:10:38] /i 2160
[06/07/2009 16:10:38] /i 2160
[06/07/2009 16:10:38] /i 2160
[06/07/2009 16:10:38] /i 2160
[06/07/2009 16:10:38] /i 2160
[06/07/2009 16:10:38] /i 2160
[06/07/2009 16:10:38] /i 2160
[06/07/2009 16:10:38] /i 2160
[06/07/2009 16:10:38] /i 2160
[06/07/2009 16:10:38] /i 2160
[06/07/2009 16:10:38] /i 2160
[06/07/2009 16:10:38] /i 2160
[06/07/2009 16:10:38] /i 2160
[06/07/2009 16:10:38] /i 2160
[06/07/2009 16:10:38] /i 2160
[06/07/2009 16:10:39] /i 2160
[06/07/2009 16:10:39] /i 2160
[06/07/2009 16:10:39] /i 2160
[06/07/2009 16:10:39] /i 2160
[06/07/2009 16:10:39] /i 2160
[06/07/2009 16:10:39] /i 2160
[06/07/2009 16:10:39] /i 2160
[06/07/2009 16:10:39] /i 2160
[06/07/2009 16:10:39] /i 2160
[06/07/2009 16:10:39] /i 2160
[06/07/2009 16:10:39] /i 2160
[06/07/2009 16:10:39] /i 2160
[06/07/2009 16:10:39] /i 2160
[06/07/2009 16:10:39] /i 2160
[06/07/2009 16:10:39] /i 2160
[06/07/2009 16:10:39] /i 2160
[06/07/2009 16:10:39] /i 2160
[06/07/2009 16:10:39] /i 2160
[06/07/2009 16:10:39] /i 2160
[06/07/2009 16:10:39] /i 2160
[06/07/2009 16:10:39] /i 2160
[06/07/2009 16:10:39] /i 2160
[06/07/2009 16:10:39] /i 2160
[06/07/2009 16:10:39] /i 2160
[06/07/2009 16:10:39] /i 2160
[06/07/2009 16:10:39] /i 2160
[06/07/2009 16:10:39] /i 2160
[06/07/2009 16:10:39] /i 2160
[06/07/2009 16:10:39] /i 2160
[06/07/2009 16:10:40] /i 2160
[06/07/2009 16:10:40] /i 2160
[06/07/2009 16:10:40] /i 2160
[06/07/2009 16:10:40] /i 2160
[06/07/2009 16:10:40] /i 2160
[06/07/2009 16:10:40] /i 2160
[06/07/2009 16:10:40] /i 2160
[06/07/2009 16:10:40] /i 2160
[06/07/2009 16:10:40] /i 2160
[06/07/2009 16:10:40] /i 2160
[06/07/2009 16:10:40] /i 2160
[06/07/2009 16:10:40] /i 2160
[06/07/2009 16:10:40] /i 2160
[06/07/2009 16:10:40] /i 2160
[06/07/2009 16:10:40] /i 2160
[06/07/2009 16:10:40] /i 2160
[06/07/2009 16:10:40] /i 2160
[06/07/2009 16:10:40] /i 2160
[06/07/2009 16:10:40] /i 2160
[06/07/2009 16:10:40] /i 2160
[06/07/2009 16:10:40] /i 2160
[06/07/2009 16:10:40] /i 2160
[06/07/2009 16:10:40] /i 2160
[06/07/2009 16:10:40] /i 2160
[06/07/2009 16:10:40] /i 2160
[06/07/2009 16:10:40] /i 2160
[06/07/2009 16:10:40] /i 2160
[06/07/2009 16:10:40] /i 2160
[06/07/2009 16:10:41] /i 2160
[06/07/2009 16:10:41] /i 2160
[06/07/2009 16:10:41] /i 2160
[06/07/2009 16:10:41] /i 2160
[06/07/2009 16:10:41] /i 2160
[06/07/2009 16:10:41] /i 2160
[06/07/2009 16:10:41] /i 2160
[06/07/2009 16:10:41] /i 2160
[06/07/2009 16:10:41] /i 2160
[06/07/2009 16:10:41] /i 2160
[06/07/2009 16:10:41] /i 2160
[06/07/2009 16:10:41] /i 2160
[06/07/2009 16:10:41] /i 2160
[06/07/2009 16:10:41] /i 2160
[06/07/2009 16:10:41] /i 2160
[06/07/2009 16:10:41] /i 2160
[06/07/2009 16:10:41] /i 2160
[06/07/2009 16:10:41] /i 2160
[06/07/2009 16:10:41] /i 2160
[06/07/2009 16:10:41] /i 2160
[06/07/2009 16:10:41] /i 2160
[06/07/2009 16:10:41] /i 2160
[06/07/2009 16:10:41] /i 2160
[06/07/2009 16:10:41] /i 2160
[06/07/2009 16:10:41] /i 2160
[06/07/2009 16:10:41] /i 2160
[06/07/2009 16:10:41] /i 2160
[06/07/2009 16:10:41] /i 2160
[06/07/2009 16:10:41] /i 2160
[06/07/2009 16:10:42] /i 2160
[06/07/2009 16:10:42] /i 2160
[06/07/2009 16:10:42] /i 2160
[06/07/2009 16:10:42] /i 2160
[06/07/2009 16:10:42] /i 2160
[06/07/2009 16:10:42] /i 2160
[06/07/2009 16:10:42] /i 2160
[06/07/2009 16:10:42] /i 2160
[06/07/2009 16:10:42] /i 2160
[06/07/2009 16:10:42] /i 2160
[06/07/2009 16:10:42] /i 2160
[06/07/2009 16:10:42] /i 2160
[06/07/2009 16:10:42] /i 2160
[06/07/2009 16:10:42] /i 2160
[06/07/2009 16:10:42] /i 2160
[06/07/2009 16:10:42] /i 2160
[06/07/2009 16:10:42] /i 2160
[06/07/2009 16:10:42] /i 2160
[06/07/2009 16:10:42] /i 2160
[06/07/2009 16:10:42] /i 2160
[06/07/2009 16:10:42] /i 2160
[06/07/2009 16:10:42] /i 2160
[06/07/2009 16:10:42] /i 2160
[06/07/2009 16:10:42] /i 2160
[06/07/2009 16:10:42] /i 2160
[06/07/2009 16:10:42] /i 2160
[06/07/2009 16:10:42] /i 2160
[06/07/2009 16:10:42] /i 2160
[06/07/2009 16:10:43] /i 2160
[06/07/2009 16:10:43] /i 2160
[06/07/2009 16:10:43] /i 2160
[06/07/2009 16:10:43] /i 2160
[06/07/2009 16:10:43] /i 2160
[06/07/2009 16:10:43] /i 2160
[06/07/2009 16:10:43] /i 2160
[06/07/2009 16:10:43] /i 2160
[06/07/2009 16:10:43] /i 2160
[06/07/2009 16:10:43] /i 2160
[06/07/2009 16:10:43] /i 2160
[06/07/2009 16:10:43] /i 2160
[06/07/2009 16:10:43] /i 2160
[06/07/2009 16:10:43] /i 2160
[06/07/2009 16:10:43] /i 2160
[06/07/2009 16:10:43] /i 2160
[06/07/2009 16:10:43] /i 2160
[06/07/2009 16:10:43] /i 2160
[06/07/2009 16:10:43] /i 2160
[06/07/2009 16:10:43] /i 2160
[06/07/2009 16:10:43] /i 2160
[06/07/2009 16:10:43] /i 2160
[06/07/2009 16:10:43] /i 2160
[06/07/2009 16:10:43] /i 2160
[06/07/2009 16:10:43] /i 2160
[06/07/2009 16:10:43] /i 2160
[06/07/2009 16:10:43] /i 2160
[06/07/2009 16:10:43] /i 2160
[06/07/2009 16:10:44] /i 2160
[06/07/2009 16:10:44] /i 2160
[06/07/2009 16:10:44] /i 2160
[06/07/2009 16:10:44] /i 2160
[06/07/2009 16:10:44] /i 2160
[06/07/2009 16:10:44] /i 2160
[06/07/2009 16:10:44] /i 2160
[06/07/2009 16:10:44] /i 2160
[06/07/2009 16:10:44] /i 2160
[06/07/2009 16:10:44] /i 2160
[06/07/2009 16:10:44] /i 2160
[06/07/2009 16:10:44] /i 2160
[06/07/2009 16:10:44] /i 2160
[06/07/2009 16:10:44] /i 2160
[06/07/2009 16:10:44] /i 2160
[06/07/2009 16:10:44] /i 2160
[06/07/2009 16:10:44] /i 2160
[06/07/2009 16:10:44] /i 2160
[06/07/2009 16:10:44] /i 2160
[06/07/2009 16:10:44] /i 2160
[06/07/2009 16:10:44] /i 2160
[06/07/2009 16:10:44] /i 2160
[06/07/2009 16:10:44] /i 2160
[06/07/2009 16:10:44] /i 2160
[06/07/2009 16:10:44] /i 2160
[06/07/2009 16:10:44] /i 2160
[06/07/2009 16:10:44] /i 2160
[06/07/2009 16:10:44] /i 2160
[06/07/2009 16:10:44] /i 2160
[06/07/2009 16:10:45] /i 2160
[06/07/2009 16:10:45] /i 2160
[06/07/2009 16:10:45] /i 2160
[06/07/2009 16:10:45] /i 2160
[06/07/2009 16:10:45] /i 2160
[06/07/2009 16:10:45] /i 2160
[06/07/2009 16:10:45] /i 2160
[06/07/2009 16:10:45] /i 2160
[06/07/2009 16:10:45] /i 2160
[06/07/2009 16:10:45] /i 2160
[06/07/2009 16:10:45] /i 2160
[06/07/2009 16:10:45] /i 2160
[06/07/2009 16:10:45] /i 2160
[06/07/2009 16:10:45] /i 2160
[06/07/2009 16:10:45] /i 2160
[06/07/2009 16:10:45] /i 2160
[06/07/2009 16:10:45] /i 2160
[06/07/2009 16:10:45] /i 2160
[06/07/2009 16:10:45] /i 2160
[06/07/2009 16:10:51] /i 2160
[06/07/2009 16:10:51] /i 2160
[06/07/2009 16:10:51] /i 2160
[06/07/2009 16:10:51] /i 2160
[06/07/2009 16:10:51] /i 2160
[06/07/2009 16:10:51] /i 2160
[06/07/2009 16:10:51] /i 2160
[06/07/2009 16:10:52] /i 2160
[06/07/2009 16:10:52] /i 2160
[06/07/2009 16:10:52] /i 2160
[06/07/2009 16:10:52] /i 2160
[06/07/2009 16:10:52] /i 2160
[06/07/2009 16:10:52] /i 2160
[06/07/2009 16:10:52] /i 2160
[06/07/2009 16:10:52] /i 2160
[06/07/2009 16:10:52] /i 2160
[06/07/2009 16:10:52] /i 2160
[06/07/2009 16:10:52] /i 2160
[06/07/2009 16:10:52] /i 2160
[06/07/2009 16:10:52] /i 2160
[06/07/2009 16:10:52] /i 2160
[06/07/2009 16:10:52] /i 2160
[06/07/2009 16:10:52] /i 2160
[06/07/2009 16:10:52] /i 2160
[06/07/2009 16:10:52] /i 2160
[06/07/2009 16:10:52] /i 2160
[06/07/2009 16:10:52] /i 2160
[06/07/2009 16:10:52] /i 2160
[06/07/2009 16:10:52] /i 2160
[06/07/2009 16:10:52] /i 2160
[06/07/2009 16:10:52] /i 2160
[06/07/2009 16:10:52] /i 2160
[06/07/2009 16:10:52] /i 2160
[06/07/2009 16:10:52] /i 2160
[06/07/2009 16:10:52] /i 2160
[06/07/2009 16:10:52] /i 2160
[06/07/2009 16:10:53] /i 2160
[06/07/2009 16:10:53] /i 2160
[06/07/2009 16:10:53] /i 2160
[06/07/2009 16:10:53] /i 2160
[06/07/2009 16:10:53] /i 2160
[06/07/2009 16:10:53] /i 2160
[06/07/2009 16:10:53] /i 2160
[06/07/2009 16:10:53] /i 2160
[06/07/2009 16:10:53] /i 2160
[06/07/2009 16:10:53] /i 2160
[06/07/2009 16:10:53] /i 2160
[06/07/2009 16:10:53] /i 2160
[06/07/2009 16:10:53] /i 2160
[06/07/2009 16:10:53] /i 2160
[06/07/2009 16:10:53] /i 2160
[06/07/2009 16:10:53] /i 2160
[06/07/2009 16:10:53] /i 2160
[06/07/2009 16:10:53] /i 2160
[06/07/2009 16:10:53] /i 2160
[06/07/2009 16:10:53] /i 2160
[06/07/2009 16:10:53] /i 2160
[06/07/2009 16:10:53] /i 2160
[06/07/2009 16:10:53] /i 2160
[06/07/2009 16:10:53] /i 2160
[06/07/2009 16:10:53] /i 2160
[06/07/2009 16:10:53] /i 2160
[06/07/2009 16:10:53] /i 2160
[06/07/2009 16:10:54] /i 2160
[06/07/2009 16:10:54] /i 2160
[06/07/2009 16:10:54] /i 2160
[06/07/2009 16:10:54] /i 2160
[06/07/2009 16:10:54] /i 2160
[06/07/2009 16:10:54] /i 2160
[06/07/2009 16:10:54] /i 2160
[06/07/2009 16:10:54] /i 2160
[06/07/2009 16:10:54] /i 2160
[06/07/2009 16:10:54] /i 2160
[06/07/2009 16:10:54] /i 2160
[06/07/2009 16:10:54] /i 2160
[06/07/2009 16:10:54] /i 2160
[06/07/2009 16:10:54] /i 2160
[06/07/2009 16:10:54] /i 2160
[06/07/2009 16:10:54] /i 2160
[06/07/2009 16:10:54] /i 2160
[06/07/2009 16:10:54] /i 2160
[06/07/2009 16:10:54] /i 2160
[06/07/2009 16:10:54] /i 2160
[06/07/2009 16:10:54] /i 2160
[06/07/2009 16:10:54] /i 2160
[06/07/2009 16:10:54] /i 2160
[06/07/2009 16:10:54] /i 2160
[06/07/2009 16:10:54] /i 2160
[06/07/2009 16:10:54] /i 2160
[06/07/2009 16:10:54] /i 2160
[06/07/2009 16:10:54] /i 2160
[06/07/2009 16:10:54] /i 2160
[06/07/2009 16:10:55] /i 2160
[06/07/2009 16:10:55] /i 2160
[06/07/2009 16:10:55] /i 2160
[06/07/2009 16:10:55] /i 2160
[06/07/2009 16:10:55] /i 2160
[06/07/2009 16:10:55] /i 2160
[06/07/2009 16:10:55] /i 2160
[06/07/2009 16:10:55] /i 2160
[06/07/2009 16:10:55] /i 2160
[06/07/2009 16:10:55] /i 2160
[06/07/2009 16:10:55] /i 2160
[06/07/2009 16:10:55] /i 2160
[06/07/2009 16:10:55] /i 2160
[06/07/2009 16:10:55] /i 2160
[06/07/2009 16:10:55] /i 2160
[06/07/2009 16:10:55] /i 2160
[06/07/2009 16:10:55] /i 2160
[06/07/2009 16:10:55] /i 2160
[06/07/2009 16:10:55] /i 2160
[06/07/2009 16:10:55] /i 2160
[06/07/2009 16:10:55] /i 2160
[06/07/2009 16:10:55] /i 2160
[06/07/2009 16:10:55] /i 2160
[06/07/2009 16:10:55] /i 2160
[06/07/2009 16:10:55] /i 2160
[06/07/2009 16:10:55] /i 2160
[06/07/2009 16:10:55] /i 2160
[06/07/2009 16:10:55] /i 2160
[06/07/2009 16:10:55] /i 2160
[06/07/2009 16:10:56] /i 2160
[06/07/2009 16:10:56] /i 2160
[06/07/2009 16:10:56] /i 2160
[06/07/2009 16:10:56] /i 2160
[06/07/2009 16:10:56] /i 2160
[06/07/2009 16:10:56] /i 2160
[06/07/2009 16:10:56] /i 2160
[06/07/2009 16:10:56] /i 2160
[06/07/2009 16:10:56] /i 2160
[06/07/2009 16:10:56] /i 2160
[06/07/2009 16:10:56] /i 2160
[06/07/2009 16:10:56] /i 2160
[06/07/2009 16:10:56] /i 2160
[06/07/2009 16:10:56] /i 2160
[06/07/2009 16:10:56] /i 2160
[06/07/2009 16:10:56] /i 2160
[06/07/2009 16:10:56] /i 2160
[06/07/2009 16:10:56] /i 2160
[06/07/2009 16:10:56] /i 2160
[06/07/2009 16:10:56] /i 2160
[06/07/2009 16:10:56] /i 2160
[06/07/2009 16:10:56] /i 2160
[06/07/2009 16:10:56] /i 2160
[06/07/2009 16:10:56] /i 2160
[06/07/2009 16:10:56] /i 2160
[06/07/2009 16:10:56] /i 2160
[06/07/2009 16:10:56] /i 2160
[06/07/2009 16:10:57] /i 2160
[06/07/2009 16:10:57] /i 2160
[06/07/2009 16:10:57] /i 2160
[06/07/2009 16:10:57] /i 2160
[06/07/2009 16:10:57] /i 2160
[06/07/2009 16:10:57] /i 2160
[06/07/2009 16:10:57] /i 2160
[06/07/2009 16:10:57] /i 2160
[06/07/2009 16:10:57] /i 2160
[06/07/2009 16:10:57] /i 2160
[06/07/2009 16:10:57] /i 2160
[06/07/2009 16:10:57] /i 2160
[06/07/2009 16:10:57] /i 2160
[06/07/2009 16:10:57] /i 2160
[06/07/2009 16:10:57] /i 2160
[06/07/2009 16:10:57] /i 2160
[06/07/2009 16:10:57] /i 2160
[06/07/2009 16:10:57] /i 2160
[06/07/2009 16:10:57] /i 2160
[06/07/2009 16:10:57] /i 2160
[06/07/2009 16:10:57] /i 2160
[06/07/2009 16:10:57] /i 2160
[06/07/2009 16:10:57] /i 2160
[06/07/2009 16:10:57] /i 2160
[06/07/2009 16:10:57] /i 2160
[06/07/2009 16:10:57] /i 2160
[06/07/2009 16:10:57] /i 2160
[06/07/2009 16:10:57] /i 2160
[06/07/2009 16:10:57] /i 2160
[06/07/2009 16:10:58] /i 2160
[06/07/2009 16:10:58] /i 2160
[06/07/2009 16:10:58] /i 2160
[06/07/2009 16:10:58] /i 2160
[06/07/2009 16:10:58] /i 2160
[06/07/2009 16:10:58] /i 2160
[06/07/2009 16:10:58] /i 2160
[06/07/2009 16:10:58] /i 2160
[06/07/2009 16:10:58] /i 2160
[06/07/2009 16:10:58] /i 2160
[06/07/2009 16:10:58] /i 2160
[06/07/2009 16:10:58] /i 2160
[06/07/2009 16:10:58] /i 2160
[06/07/2009 16:10:58] /i 2160
[06/07/2009 16:10:58] /i 2160
[06/07/2009 16:10:58] /i 2160
[06/07/2009 16:10:58] /i 2160
[06/07/2009 16:10:58] /i 2160
[06/07/2009 16:10:58] /i 2160
[06/07/2009 16:10:58] /i 2160
[06/07/2009 16:10:58] /i 2160
[06/07/2009 16:10:58] /i 2160
[06/07/2009 16:10:58] /i 2160
[06/07/2009 16:10:58] /i 2160
[06/07/2009 16:10:58] /i 2160
[06/07/2009 16:10:58] /i 2160
[06/07/2009 16:10:58] /i 2160
[06/07/2009 16:10:58] /i 2160
[06/07/2009 16:10:59] /i 2160
[06/07/2009 16:10:59] /i 2160
[06/07/2009 16:10:59] /i 2160
[06/07/2009 16:10:59] /i 2160
[06/07/2009 16:10:59] /i 2160
[06/07/2009 16:10:59] /i 2160
[06/07/2009 16:10:59] /i 2160
[06/07/2009 16:10:59] /i 2160
[06/07/2009 16:10:59] /i 2160
[06/07/2009 16:10:59] /i 2160
[06/07/2009 16:10:59] /i 2160
[06/07/2009 16:10:59] /i 2160
[06/07/2009 16:10:59] /i 2160
[06/07/2009 16:10:59] /i 2160
[06/07/2009 16:10:59] /i 2160
[06/07/2009 16:10:59] /i 2160
[06/07/2009 16:10:59] /i 2160
[06/07/2009 16:10:59] /i 2160
[06/07/2009 16:10:59] /i 2160
[06/07/2009 16:10:59] /i 2160
[06/07/2009 16:10:59] /i 2160
[06/07/2009 16:10:59] /i 2160
[06/07/2009 16:10:59] /i 2160
[06/07/2009 16:10:59] /i 2160
[06/07/2009 16:10:59] /i 2160
[06/07/2009 16:10:59] /i 2160
[06/07/2009 16:10:59] /i 2160
[06/07/2009 16:10:59] /i 2160
[06/07/2009 16:11:00] /i 2160
[06/07/2009 16:11:00] /i 2160
[06/07/2009 16:11:00] /i 2160
[06/07/2009 16:11:00] /i 2160
[06/07/2009 16:11:00] /i 2160
[06/07/2009 16:11:00] /i 2160
[06/07/2009 16:11:00] /i 2160
[06/07/2009 16:11:00] /i 2160
[06/07/2009 16:11:00] /i 2160
[06/07/2009 16:11:00] /i 2160
[06/07/2009 16:11:00] /i 2160
[06/07/2009 16:11:00] /i 2160
[06/07/2009 16:11:00] /i 2160
[06/07/2009 16:11:00] /i 2160
[06/07/2009 16:11:00] /i 2160
[06/07/2009 16:11:00] /i 2160
[06/07/2009 16:11:00] /i 2160
[06/07/2009 16:11:00] /i 2160
[06/07/2009 16:11:00] /i 2160
[06/07/2009 16:11:00] /i 2160
[06/07/2009 16:11:00] /i 2160
[06/07/2009 16:11:00] /i 2160
[06/07/2009 16:11:00] /i 2160
[06/07/2009 16:11:00] /i 2160
[06/07/2009 16:11:00] /i 2160
[06/07/2009 16:11:00] /i 2160
[06/07/2009 16:11:00] /i 2160
[06/07/2009 16:11:00] /i 2160
[06/07/2009 16:11:01] /i 2160
[06/07/2009 16:11:01] /i 2160
[06/07/2009 16:11:01] /i 2160
[06/07/2009 16:11:01] /i 2160
[06/07/2009 16:11:01] /i 2160
[06/07/2009 16:11:01] /i 2160
[06/07/2009 16:11:01] /i 2160
[06/07/2009 16:11:01] /i 2160
[06/07/2009 16:11:01] /i 2160
[06/07/2009 16:11:01] /i 2160
[06/07/2009 16:11:01] /i 2160
[06/07/2009 16:11:01] /i 2160
[06/07/2009 16:11:01] /i 2160
[06/07/2009 16:11:01] /i 2160
[06/07/2009 16:11:01] /i 2160
[06/07/2009 16:11:01] /i 2160
[06/07/2009 16:11:01] /i 2160
[06/07/2009 16:11:01] /i 2160
[06/07/2009 16:11:01] /i 2160
[06/07/2009 16:11:01] /i 2160
[06/07/2009 16:11:01] /i 2160
[06/07/2009 16:11:01] /i 2160
[06/07/2009 16:11:01] /i 2160
[06/07/2009 16:11:01] /i 2160
[06/07/2009 16:11:01] /i 2160
[06/07/2009 16:11:01] /i 2160
[06/07/2009 16:11:01] /i 2160
[06/07/2009 16:11:01] /i 2160
[06/07/2009 16:11:01] /i 2160
[06/07/2009 16:11:02] /i 2160
[06/07/2009 16:11:02] /i 2160
[06/07/2009 16:11:02] /i 2160
[06/07/2009 16:11:02] /i 2160
[06/07/2009 16:11:02] /i 2160
[06/07/2009 16:11:02] /i 2160
[06/07/2009 16:11:02] /i 2160
[06/07/2009 16:11:02] /i 2160
[06/07/2009 16:11:02] /i 2160
[06/07/2009 16:11:02] /i 2160
[06/07/2009 16:11:02] /i 2160
[06/07/2009 16:11:02] /i 2160
[06/07/2009 16:11:02] /i 2160
[06/07/2009 16:11:02] /i 2160
[06/07/2009 16:11:02] /i 2160
[06/07/2009 16:11:02] /i 2160
[06/07/2009 16:11:02] /i 2160
[06/07/2009 16:11:02] /i 2160
[06/07/2009 16:11:02] /i 2160
[06/07/2009 16:11:02] /i 2160
[06/07/2009 16:11:02] /i 2160
[06/07/2009 16:11:02] /i 2160
[06/07/2009 16:11:02] /i 2160
[06/07/2009 16:11:02] /i 2160
[06/07/2009 16:11:02] /i 2160
[06/07/2009 16:11:02] /i 2160
[06/07/2009 16:11:02] /i 2160
[06/07/2009 16:11:02] /i 2160
[06/07/2009 16:11:03] /i 2160
[06/07/2009 16:11:03] /i 2160
[06/07/2009 16:11:03] /i 2160
[06/07/2009 16:11:03] /i 2160
[06/07/2009 16:11:03] /i 2160
[06/07/2009 16:11:03] /i 2160
[06/07/2009 16:11:03] /i 2160
[06/07/2009 16:11:03] /i 2160
[06/07/2009 16:11:03] /i 2160
[06/07/2009 16:11:03] /i 2160
[06/07/2009 16:11:03] /i 2160
[06/07/2009 16:11:03] /i 2160
[06/07/2009 16:11:03] /i 2160
[06/07/2009 16:11:03] /i 2160
[06/07/2009 16:11:03] /i 2160
[06/07/2009 16:11:03] /i 2160
[06/07/2009 16:11:03] /i 2160
[06/07/2009 16:11:03] /i 2160
[06/07/2009 16:11:03] /i 2160
[06/07/2009 16:11:03] /i 2160
[06/07/2009 16:11:03] /i 2160
[06/07/2009 16:11:03] /i 2160
[06/07/2009 16:11:03] /i 2160
[06/07/2009 16:11:03] /i 2160
[06/07/2009 16:11:03] /i 2160
[06/07/2009 16:11:03] /i 2160
[06/07/2009 16:11:03] /i 2160
[06/07/2009 16:11:03] /i 2160
[06/07/2009 16:11:04] /i 2160
[06/07/2009 16:11:04] /i 2160
[06/07/2009 16:11:04] /i 2160
[06/07/2009 16:11:04] /i 2160
[06/07/2009 16:11:04] /i 2160
[06/07/2009 16:11:04] /i 2160
[06/07/2009 16:11:04] /i 2160
[06/07/2009 16:11:04] /i 2160
[06/07/2009 16:11:04] /i 2160
[06/07/2009 16:11:04] /i 2160
[06/07/2009 16:11:04] /i 2160
[06/07/2009 16:11:04] /i 2160
[06/07/2009 16:11:04] /i 2160
[06/07/2009 16:11:04] /i 2160
[06/07/2009 16:11:04] /i 2160
[06/07/2009 16:11:04] /i 2160
[06/07/2009 16:11:04] /i 2160
[06/07/2009 16:11:04] /i 2160
[06/07/2009 16:11:04] /i 2160
[06/07/2009 16:11:04] /i 2160
[06/07/2009 16:11:04] /i 2160
[06/07/2009 16:11:04] /i 2160
[06/07/2009 16:11:04] /i 2160
[06/07/2009 16:11:04] /i 2160
[06/07/2009 16:11:04] /i 2160
[06/07/2009 16:11:04] /i 2160
[06/07/2009 16:11:04] /i 2160
[06/07/2009 16:11:04] /i 2160
[06/07/2009 16:11:04] /i 2160
[06/07/2009 16:11:05] /i 2160
[06/07/2009 16:11:05] /i 2160
[06/07/2009 16:11:05] /i 2160
[06/07/2009 16:11:05] /i 2160
[06/07/2009 16:11:05] /i 2160
[06/07/2009 16:11:05] /i 2160
[06/07/2009 16:11:05] /i 2160
[06/07/2009 16:11:05] /i 2160
[06/07/2009 16:11:05] /i 2160
[06/07/2009 16:11:05] /i 2160
[06/07/2009 16:11:05] /i 2160
[06/07/2009 16:11:05] /i 2160
[06/07/2009 16:11:05] /i 2160
[06/07/2009 16:11:05] /i 2160
[06/07/2009 16:11:05] /i 2160
[06/07/2009 16:11:05] /i 2160
[06/07/2009 16:11:05] /i 2160
[06/07/2009 16:11:05] /i 2160
[06/07/2009 16:11:05] /i 2160
[06/07/2009 16:11:05] /i 2160
[06/07/2009 16:11:05] /i 2160
[06/07/2009 16:11:05] /i 2160
[06/07/2009 16:11:05] /i 2160
[06/07/2009 16:11:05] /i 2160
[06/07/2009 16:11:05] /i 2160
[06/07/2009 16:11:05] /i 2160
[06/07/2009 16:11:05] /i 2160
[06/07/2009 16:11:05] /i 2160
[06/07/2009 16:11:06] /i 2160
[06/07/2009 16:11:06] /i 2160
[06/07/2009 16:11:06] /i 2160
[06/07/2009 16:11:06] /i 2160
[06/07/2009 16:11:06] /i 2160
[06/07/2009 16:11:06] /i 2160
[06/07/2009 16:11:06] /i 2160
[06/07/2009 16:11:06] /i 2160
[06/07/2009 16:11:06] /i 2160
[06/07/2009 16:11:06] /i 2160
[06/07/2009 16:11:06] /i 2160
[06/07/2009 16:11:06] /i 2160
[06/07/2009 16:11:06] /i 2160
[06/07/2009 16:11:06] /i 2160
[06/07/2009 16:11:06] /i 2160
[06/07/2009 16:11:06] /i 2160
[06/07/2009 16:11:06] /i 2160
[06/07/2009 16:11:06] /i 2160
[06/07/2009 16:11:06] /i 2160
[06/07/2009 16:11:06] /i 2160
[06/07/2009 16:11:06] /i 2160
[06/07/2009 16:11:06] /i 2160
[06/07/2009 16:11:06] /i 2160
[06/07/2009 16:11:06] /i 2160
[06/07/2009 16:11:06] /i 2160
[06/07/2009 16:11:06] /i 2160
[06/07/2009 16:11:06] /i 2160
[06/07/2009 16:11:07] /i 2160
[06/07/2009 16:11:07] /i 2160
[06/07/2009 16:11:07] /i 2160
[06/07/2009 16:11:07] /i 2160
[06/07/2009 16:11:07] /i 2160
[06/07/2009 16:11:07] /i 2160
[06/07/2009 16:11:07] /i 2160
[06/07/2009 16:11:07] /i 2160
[06/07/2009 16:11:07] /i 2160
[06/07/2009 16:11:07] /i 2160
[06/07/2009 16:11:07] /i 2160
[06/07/2009 16:11:07] /i 2160
[06/07/2009 16:11:07] /i 2160
[06/07/2009 16:11:07] /i 2160
[06/07/2009 16:11:07] /i 2160
[06/07/2009 16:11:07] /i 2160
[06/07/2009 16:11:07] /i 2160
[06/07/2009 16:11:07] /i 2160
[06/07/2009 16:11:07] /i 2160
[06/07/2009 16:11:07] /i 2160
[06/07/2009 16:11:07] /i 2160
[06/07/2009 16:11:07] /i 2160
[06/07/2009 16:11:07] /i 2160
[06/07/2009 16:11:07] /i 2160
[06/07/2009 16:11:07] /i 2160
[06/07/2009 16:11:07] /i 2160
[06/07/2009 16:11:07] /i 2160
[06/07/2009 16:11:07] /i 2160
[06/07/2009 16:11:08] /i 2160
[06/07/2009 16:11:08] /i 2160
[06/07/2009 16:11:08] /i 2160
[06/07/2009 16:11:08] /i 2160
[06/07/2009 16:11:08] /i 2160
[06/07/2009 16:11:08] /i 2160
[06/07/2009 16:11:08] /i 2160
[06/07/2009 16:11:08] /i 2160
[06/07/2009 16:11:08] /i 2160
[06/07/2009 16:11:08] /i 2160
[06/07/2009 16:11:08] /i 2160
[06/07/2009 16:11:08] /i 2160
[06/07/2009 16:11:08] /i 2160
[06/07/2009 16:11:08] /i 2160
[06/07/2009 16:11:08] /i 2160
[06/07/2009 16:11:08] /i 2160
[06/07/2009 16:11:08] /i 2160
[06/07/2009 16:11:08] /i 2160
[06/07/2009 16:11:08] /i 2160
[06/07/2009 16:11:08] /i 2160
[06/07/2009 16:11:08] /i 2160
[06/07/2009 16:11:08] /i 2160
[06/07/2009 16:11:08] /i 2160
[06/07/2009 16:11:08] /i 2160
[06/07/2009 16:11:08] /i 2160
[06/07/2009 16:11:08] /i 2160
[06/07/2009 16:11:08] /i 2160
[06/07/2009 16:11:08] /i 2160
[06/07/2009 16:11:09] /i 2160
[06/07/2009 16:11:09] /i 2160
[06/07/2009 16:11:09] /i 2160
[06/07/2009 16:11:09] /i 2160
[06/07/2009 16:11:09] /i 2160
[06/07/2009 16:11:09] /i 2160
[06/07/2009 16:11:09] /i 2160
[06/07/2009 16:11:09] /i 2160
[06/07/2009 16:11:09] /i 2160
[06/07/2009 16:11:09] /i 2160
[06/07/2009 16:11:09] /i 2160
[06/07/2009 16:11:09] /i 2160
[06/07/2009 16:11:09] /i 2160
[06/07/2009 16:11:09] /i 2160
[06/07/2009 16:11:09] /i 2160
[06/07/2009 16:11:09] /i 2160
[06/07/2009 16:11:09] /i 2160
[06/07/2009 16:11:09] /i 2160
[06/07/2009 16:11:09] /i 2160
[06/07/2009 16:11:09] /i 2160
[06/07/2009 16:11:09] /i 2160
[06/07/2009 16:11:09] /i 2160
[06/07/2009 16:11:09] /i 2160
[06/07/2009 16:11:09] /i 2160
[06/07/2009 16:11:09] /i 2160
[06/07/2009 16:11:09] /i 2160
[06/07/2009 16:11:09] /i 2160
[06/07/2009 16:11:09] /i 2160
[06/07/2009 16:11:09] /i 2160
[06/07/2009 16:11:10] /i 2160
[06/07/2009 16:11:10] /i 2160
[06/07/2009 16:11:10] /i 2160
[06/07/2009 16:11:10] /i 2160
[06/07/2009 16:11:10] /i 2160
[06/07/2009 16:11:10] /i 2160
[06/07/2009 16:11:10] /i 2160
[06/07/2009 16:11:10] /i 2160
[06/07/2009 16:11:10] /i 2160
[06/07/2009 16:11:10] /i 2160
[06/07/2009 16:11:10] /i 2160
[06/07/2009 16:11:10] /i 2160
[06/07/2009 16:11:10] /i 2160
[06/07/2009 16:11:10] /i 2160
[06/07/2009 16:11:10] /i 2160
[06/07/2009 16:11:10] /i 2160
[06/07/2009 16:11:10] /i 2160
[06/07/2009 16:11:10] /i 2160
[06/07/2009 16:11:10] /i 2160
[06/07/2009 16:11:10] /i 2160
[06/07/2009 16:11:10] /i 2160
[06/07/2009 16:11:10] /i 2160
[06/07/2009 16:11:10] /i 2160
[06/07/2009 16:11:10] /i 2160
[06/07/2009 16:11:10] /i 2160
[06/07/2009 16:11:10] /i 2160
[06/07/2009 16:11:10] /i 2160
[06/07/2009 16:11:10] /i 2160
[06/07/2009 16:11:11] /i 2160
[06/07/2009 16:11:11] /i 2160
[06/07/2009 16:11:11] /i 2160
[06/07/2009 16:11:11] /i 2160
[06/07/2009 16:11:11] /i 2160
[06/07/2009 16:11:11] /i 2160
[06/07/2009 16:11:11] /i 2160
[06/07/2009 16:11:11] /i 2160
[06/07/2009 16:11:11] /i 2160
[06/07/2009 16:11:11] /i 2160
[06/07/2009 16:11:11] /i 2160
[06/07/2009 16:11:11] /i 2160
[06/07/2009 16:11:11] /i 2160
[06/07/2009 16:11:11] /i 2160
[06/07/2009 16:11:11] /i 2160
[06/07/2009 16:11:11] /i 2160
[06/07/2009 16:11:11] /i 2160
[06/07/2009 16:11:11] /i 2160
[06/07/2009 16:11:11] /i 2160
[06/07/2009 16:11:11] /i 2160
[06/07/2009 16:11:11] /i 2160
[06/07/2009 16:11:11] /i 2160
[06/07/2009 16:11:11] /i 2160
[06/07/2009 16:11:11] /i 2160
[06/07/2009 16:11:11] /i 2160
[06/07/2009 16:11:11] /i 2160
[06/07/2009 16:11:12] /i 2160
[06/07/2009 16:11:12] /i 2160
[06/07/2009 16:11:12] /i 2160
[06/07/2009 16:11:12] /i 2160
[06/07/2009 16:11:12] /i 2160
[06/07/2009 16:11:12] /i 2160
[06/07/2009 16:11:12] /i 2160
[06/07/2009 16:11:12] /i 2160
[06/07/2009 16:11:12] /i 2160
[06/07/2009 16:11:12] /i 2160
[06/07/2009 16:11:12] /i 2160
[06/07/2009 16:11:12] /i 2160
[06/07/2009 16:11:12] /i 2160
[06/07/2009 16:11:12] /i 2160
[06/07/2009 16:11:12] /i 2160
[06/07/2009 16:11:12] /i 2160
[06/07/2009 16:11:12] /i 2160
[06/07/2009 16:11:12] /i 2160
[06/07/2009 16:11:12] /i 2160
[06/07/2009 16:11:12] /i 2160
[06/07/2009 16:11:12] /i 2160
[06/07/2009 16:11:12] /i 2160
[06/07/2009 16:11:12] /i 2160
[06/07/2009 16:11:12] /i 2160
[06/07/2009 16:11:12] /i 2160
[06/07/2009 16:11:12] /i 2160
[06/07/2009 16:11:12] /i 2160
[06/07/2009 16:11:12] /i 2160
[06/07/2009 16:11:12] /i 2160
[06/07/2009 16:11:13] /i 2160
[06/07/2009 16:11:13] /i 2160
[06/07/2009 16:11:13] /i 2160
[06/07/2009 16:11:13] /i 2160
[06/07/2009 16:11:13] /i 2160
[06/07/2009 16:11:13] /i 2160
[06/07/2009 16:11:13] /i 2160
[06/07/2009 16:11:13] /i 2160
[06/07/2009 16:11:13] /i 2160
[06/07/2009 16:11:13] /i 2160
[06/07/2009 16:11:13] /i 2160
[06/07/2009 16:11:13] /i 2160
[06/07/2009 16:11:13] /i 2160
[06/07/2009 16:11:13] /i 2160
[06/07/2009 16:11:13] /i 2160
[06/07/2009 16:11:13] /i 2160
[06/07/2009 16:11:13] /i 2160
[06/07/2009 16:11:13] /i 2160
[06/07/2009 16:11:13] /i 2160
[06/07/2009 16:11:13] /i 2160
[06/07/2009 16:11:13] /i 2160
[06/07/2009 16:11:13] /i 2160
[06/07/2009 16:11:13] /i 2160
[06/07/2009 16:11:13] /i 2160
[06/07/2009 16:11:13] /i 2160
[06/07/2009 16:11:13] /i 2160
[06/07/2009 16:11:13] /i 2160
[06/07/2009 16:11:13] /i 2160
[06/07/2009 16:11:14] /i 2160
[06/07/2009 16:11:14] /i 2160
[06/07/2009 16:11:14] /i 2160
[06/07/2009 16:11:14] /i 2160
[06/07/2009 16:11:14] /i 2160
[06/07/2009 16:11:14] /i 2160
[06/07/2009 16:11:14] /i 2160
[06/07/2009 16:11:14] /i 2160
[06/07/2009 16:11:14] /i 2160
[06/07/2009 16:11:14] /i 2160
[06/07/2009 16:11:14] /i 2160
[06/07/2009 16:11:14] /i 2160
[06/07/2009 16:11:14] /i 2160
[06/07/2009 16:11:14] /i 2160
[06/07/2009 16:11:14] /i 2160
[06/07/2009 16:11:14] /i 2160
[06/07/2009 16:11:14] /i 2160
[06/07/2009 16:11:14] /i 2160
[06/07/2009 16:11:14] /i 2160
[06/07/2009 16:11:14] /i 2160
[06/07/2009 16:11:14] /i 2160
[06/07/2009 16:11:14] /i 2160
[06/07/2009 16:11:14] /i 2160
[06/07/2009 16:11:14] /i 2160
[06/07/2009 16:11:14] /i 2160
[06/07/2009 16:11:14] /i 2160
[06/07/2009 16:11:14] /i 2160
[06/07/2009 16:11:14] /i 2160
[06/07/2009 16:11:14] /i 2160
[06/07/2009 16:11:15] /i 2160
[06/07/2009 16:11:15] /i 2160
[06/07/2009 16:11:15] /i 2160
[06/07/2009 16:11:15] /i 2160
[06/07/2009 16:11:15] /i 2160
[06/07/2009 16:11:15] /i 2160
[06/07/2009 16:11:15] /i 2160
[06/07/2009 16:11:15] /i 2160
[06/07/2009 16:11:15] /i 2160
[06/07/2009 16:11:15] /i 2160
[06/07/2009 16:11:15] /i 2160
[06/07/2009 16:11:15] /i 2160
[06/07/2009 16:11:15] /i 2160
[06/07/2009 16:11:15] /i 2160
[06/07/2009 16:11:15] /i 2160
[06/07/2009 16:11:15] /i 2160
[06/07/2009 16:11:15] /i 2160
[06/07/2009 16:11:15] /i 2160
[06/07/2009 16:11:15] /i 2160
[06/07/2009 16:11:15] /i 2160
[06/07/2009 16:11:15] /i 2160
[06/07/2009 16:11:15] /i 2160
[06/07/2009 16:11:15] /i 2160
[06/07/2009 16:11:15] /i 2160
[06/07/2009 16:11:15] /i 2160
[06/07/2009 16:11:15] /i 2160
[06/07/2009 16:11:15] /i 2160
[06/07/2009 16:11:15] /i 2160
[06/07/2009 16:11:16] /i 2160
[06/07/2009 16:11:16] /i 2160
[06/07/2009 16:11:16] /i 2160
[06/07/2009 16:11:16] /i 2160
[06/07/2009 16:11:16] /i 2160
[06/07/2009 16:11:16] /i 2160
[06/07/2009 16:11:16] /i 2160
[06/07/2009 16:11:16] /i 2160
[06/07/2009 16:11:16] /i 2160
[06/07/2009 16:11:16] /i 2160
[06/07/2009 16:11:16] /i 2160
[06/07/2009 16:11:16] /i 2160
[06/07/2009 16:11:16] /i 2160
[06/07/2009 16:11:16] /i 2160
[06/07/2009 16:11:16] /i 2160
[06/07/2009 16:11:16] /i 2160
[06/07/2009 16:11:16] /i 2160
[06/07/2009 16:11:16] /i 2160
[06/07/2009 16:11:16] /i 2160
[06/07/2009 16:11:16] /i 2160
[06/07/2009 16:11:16] /i 2160
[06/07/2009 16:11:16] /i 2160
[06/07/2009 16:11:16] /i 2160
[06/07/2009 16:11:16] /i 2160
[06/07/2009 16:11:16] /i 2160
[06/07/2009 16:11:16] /i 2160
[06/07/2009 16:11:16] /i 2160
[06/07/2009 16:11:16] /i 2160
[06/07/2009 16:11:17] /i 2160
[06/07/2009 16:11:17] /i 2160
[06/07/2009 16:11:17] /i 2160
[06/07/2009 16:11:17] /i 2160
[06/07/2009 16:11:17] /i 2160
[06/07/2009 16:11:17] /i 2160
[06/07/2009 16:11:17] /i 2160
[06/07/2009 16:11:17] /i 2160
[06/07/2009 16:11:17] /i 2160
[06/07/2009 16:11:17] /i 2160
[06/07/2009 16:11:17] /i 2160
[06/07/2009 16:11:17] /i 2160
[06/07/2009 16:11:17] /i 2160
[06/07/2009 16:11:17] /i 2160
[06/07/2009 16:11:17] /i 2160
[06/07/2009 16:11:17] /i 2160
[06/07/2009 16:11:17] /i 2160
[06/07/2009 16:11:17] /i 2160
[06/07/2009 16:11:17] /i 2160
[06/07/2009 16:11:17] /i 2160
[06/07/2009 16:11:17] /i 2160
[06/07/2009 16:11:17] /i 2160
[06/07/2009 16:11:17] /i 2160
[06/07/2009 16:11:17] /i 2160
[06/07/2009 16:11:17] /i 2160
[06/07/2009 16:11:17] /i 2160
[06/07/2009 16:11:17] /i 2160
[06/07/2009 16:11:17] /i 2160
[06/07/2009 16:11:18] /i 2160
[06/07/2009 16:11:18] /i 2160
[06/07/2009 16:11:18] /i 2160
[06/07/2009 16:11:18] /i 2160
[06/07/2009 16:11:18] /i 2160
[06/07/2009 16:11:18] /i 2160
[06/07/2009 16:11:18] /i 2160
[06/07/2009 16:11:18] /i 2160
[06/07/2009 16:11:18] /i 2160
[06/07/2009 16:11:18] /i 2160
[06/07/2009 16:11:18] /i 2160
[06/07/2009 16:11:18] /i 2160
[06/07/2009 16:11:18] /i 2160
[06/07/2009 16:11:18] /i 2160
[06/07/2009 16:11:18] /i 2160
[06/07/2009 16:11:18] /i 2160
[06/07/2009 16:11:18] /i 2160
[06/07/2009 16:11:18] /i 2160
[06/07/2009 16:11:18] /i 2160
[06/07/2009 16:11:18] /i 2160
[06/07/2009 16:11:18] /i 2160
[06/07/2009 16:11:18] /i 2160
[06/07/2009 16:11:18] /i 2160
[06/07/2009 16:11:18] /i 2160
[06/07/2009 16:11:18] /i 2160
[06/07/2009 16:11:18] /i 2160
[06/07/2009 16:11:18] /i 2160
[06/07/2009 16:11:18] /i 2160
[06/07/2009 16:11:19] /i 2160
[06/07/2009 16:11:19] /i 2160
[06/07/2009 16:11:19] /i 2160
[06/07/2009 16:11:19] /i 2160
[06/07/2009 16:11:19] /i 2160
[06/07/2009 16:11:19] /i 2160
[06/07/2009 16:11:19] /i 2160
[06/07/2009 16:11:19] /i 2160
[06/07/2009 16:11:19] /i 2160
[06/07/2009 16:11:19] /i 2160
[06/07/2009 16:11:19] /i 2160
[06/07/2009 16:11:19] /i 2160
[06/07/2009 16:11:19] /i 2160
[06/07/2009 16:11:19] /i 2160
[06/07/2009 16:11:19] /i 2160
[06/07/2009 16:11:19] /i 2160
[06/07/2009 16:11:19] /i 2160
[06/07/2009 16:11:19] /i 2160
[06/07/2009 16:11:19] /i 2160
[06/07/2009 16:11:19] /i 2160
[06/07/2009 16:11:19] /i 2160
[06/07/2009 16:11:19] /i 2160
[06/07/2009 16:11:19] /i 2160
[06/07/2009 16:11:19] /i 2160
[06/07/2009 16:11:19] /i 2160
[06/07/2009 16:11:19] /i 2160
[06/07/2009 16:11:19] /i 2160
[06/07/2009 16:11:19] /i 2160
[06/07/2009 16:11:19] /i 2160
[06/07/2009 16:11:20] /i 2160
[06/07/2009 16:11:20] /i 2160
[06/07/2009 16:11:20] /i 2160
[06/07/2009 16:11:20] /i 2160
[06/07/2009 16:11:20] /i 2160
[06/07/2009 16:11:20] /i 2160
[06/07/2009 16:11:20] /i 2160
[06/07/2009 16:11:20] /i 2160
[06/07/2009 16:11:20] /i 2160
[06/07/2009 16:11:20] /i 2160
[06/07/2009 16:11:20] /i 2160
[06/07/2009 16:11:20] /i 2160
[06/07/2009 16:11:20] /i 2160
[06/07/2009 16:11:20] /i 2160
[06/07/2009 16:11:20] /i 2160
[06/07/2009 16:11:20] /i 2160
[06/07/2009 16:11:20] /i 2160
[06/07/2009 16:11:20] /i 2160
[06/07/2009 16:11:20] /i 2160
[06/07/2009 16:11:20] /i 2160
[06/07/2009 16:11:20] /i 2160
[06/07/2009 16:11:20] /i 2160
[06/07/2009 16:11:20] /i 2160
[06/07/2009 16:11:20] /i 2160
[06/07/2009 16:11:20] /i 2160
[06/07/2009 16:11:20] /i 2160
[06/07/2009 16:11:20] /i 2160
[06/07/2009 16:11:20] /i 2160
[06/07/2009 16:11:20] /i 2160
[06/07/2009 16:11:21] /i 2160
[06/07/2009 16:11:21] /i 2160
[06/07/2009 16:11:21] /i 2160
[06/07/2009 16:11:21] /i 2160
[06/07/2009 16:11:21] /i 2160
[06/07/2009 16:11:21] /i 2160
[06/07/2009 16:11:21] /i 2160
[06/07/2009 16:11:21] /i 2160
[06/07/2009 16:11:21] /i 2160
[06/07/2009 16:11:21] /i 2160
[06/07/2009 16:11:21] /i 2160
[06/07/2009 16:11:21] /i 2160
[06/07/2009 16:11:21] /i 2160
[06/07/2009 16:11:21] /i 2160
[06/07/2009 16:11:21] /i 2160
[06/07/2009 16:11:21] /i 2160
[06/07/2009 16:11:21] /i 2160
[06/07/2009 16:11:21] /i 2160
[06/07/2009 16:11:21] /i 2160
[06/07/2009 16:11:21] /i 2160
[06/07/2009 16:11:21] /i 2160
[06/07/2009 16:11:21] /i 2160
[06/07/2009 16:11:21] /i 2160
[06/07/2009 16:11:21] /i 2160
[06/07/2009 16:11:21] /i 2160
[06/07/2009 16:11:21] /i 2160
[06/07/2009 16:11:21] /i 2160
[06/07/2009 16:11:21] /i 2160
[06/07/2009 16:11:22] /i 2160
[06/07/2009 16:11:22] /i 2160
[06/07/2009 16:11:22] /i 2160
[06/07/2009 16:11:22] /i 2160
[06/07/2009 16:11:22] /i 2160
[06/07/2009 16:11:22] /i 2160
[06/07/2009 16:11:22] /i 2160
[06/07/2009 16:11:22] /i 2160
[06/07/2009 16:11:22] /i 2160
[06/07/2009 16:11:22] /i 2160
[06/07/2009 16:11:22] /i 2160
[06/07/2009 16:11:22] /i 2160
[06/07/2009 16:11:22] /i 2160
[06/07/2009 16:11:22] /i 2160
[06/07/2009 16:11:22] /i 2160
[06/07/2009 16:11:22] /i 2160
[06/07/2009 16:11:22] /i 2160
[06/07/2009 16:11:22] /i 2160
[06/07/2009 16:11:22] /i 2160
[06/07/2009 16:11:22] /i 2160
[06/07/2009 16:11:22] /i 2160
[06/07/2009 16:11:22] /i 2160
[06/07/2009 16:11:22] /i 2160
[06/07/2009 16:11:22] /i 2160
[06/07/2009 16:11:22] /i 2160
[06/07/2009 16:11:22] /i 2160
[06/07/2009 16:11:22] /i 2160
[06/07/2009 16:11:22] /i 2160
[06/07/2009 16:11:23] /i 2160
[06/07/2009 16:11:23] /i 2160
[06/07/2009 16:11:23] /i 2160
[06/07/2009 16:11:23] /i 2160
[06/07/2009 16:11:23] /i 2160
[06/07/2009 16:11:23] /i 2160
[06/07/2009 16:11:23] /i 2160
[06/07/2009 16:11:23] /i 2160
[06/07/2009 16:11:23] /i 2160
[06/07/2009 16:11:23] /i 2160
[06/07/2009 16:11:23] /i 2160
[06/07/2009 16:11:23] /i 2160
[06/07/2009 16:11:23] /i 2160
[06/07/2009 16:11:23] /i 2160
[06/07/2009 16:11:23] /i 2160
[06/07/2009 16:11:23] /i 2160
[06/07/2009 16:11:23] /i 2160
[06/07/2009 16:11:23] /i 2160
[06/07/2009 16:11:23] /i 2160
[06/07/2009 16:11:23] /i 2160
[06/07/2009 16:11:23] /i 2160
[06/07/2009 16:11:23] /i 2160
[06/07/2009 16:11:23] /i 2160
[06/07/2009 16:11:23] /i 2160
[06/07/2009 16:11:23] /i 2160
[06/07/2009 16:11:23] /i 2160
[06/07/2009 16:11:23] /i 2160
[06/07/2009 16:11:23] /i 2160
[06/07/2009 16:11:23] /i 2160
[06/07/2009 16:11:24] /i 2160
[06/07/2009 16:11:24] /i 2160
[06/07/2009 16:11:24] /i 2160
[06/07/2009 16:11:24] /i 2160
[06/07/2009 16:11:24] /i 2160
[06/07/2009 16:11:24] /i 2160
[06/07/2009 16:11:24] /i 2160
[06/07/2009 16:11:24] /i 2160
[06/07/2009 16:11:24] /i 2160
[06/07/2009 16:11:24] /i 2160
[06/07/2009 16:11:24] /i 2160
[06/07/2009 16:11:24] /i 2160
[06/07/2009 16:11:24] /i 2160
[06/07/2009 16:11:24] /i 2160
[06/07/2009 16:11:24] /i 2160
[06/07/2009 16:11:24] /i 2160
[06/07/2009 16:11:24] /i 2160
[06/07/2009 16:11:24] /i 2160
[06/07/2009 16:11:24] /i 2160
[06/07/2009 16:11:24] /i 2160
[06/07/2009 16:11:24] /i 2160
[06/07/2009 16:11:24] /i 2160
[06/07/2009 16:11:24] /i 2160
[06/07/2009 16:11:24] /i 2160
[06/07/2009 16:11:24] /i 2160
[06/07/2009 16:11:24] /i 2160
[06/07/2009 16:11:24] /i 2160
[06/07/2009 16:11:24] /i 2160
[06/07/2009 16:11:25] /i 2160
[06/07/2009 16:11:25] /i 2160
[06/07/2009 16:11:25] /i 2160
[06/07/2009 16:11:25] /i 2160
[06/07/2009 16:11:25] /i 2160
[06/07/2009 16:11:25] /i 2160
[06/07/2009 16:11:25] /i 2160
[06/07/2009 16:11:25] /i 2160
[06/07/2009 16:11:25] /i 2160
[06/07/2009 16:11:25] /i 2160
[06/07/2009 16:11:25] /i 2160
[06/07/2009 16:11:25] /i 2160
[06/07/2009 16:11:25] /i 2160
[06/07/2009 16:11:25] /i 2160
[06/07/2009 16:11:25] /i 2160
[06/07/2009 16:11:25] /i 2160
[06/07/2009 16:11:25] /i 2160
[06/07/2009 16:11:25] /i 2160
[06/07/2009 16:11:25] /i 2160
[06/07/2009 16:11:25] /i 2160
[06/07/2009 16:11:25] /i 2160
[06/07/2009 16:11:25] /i 2160
[06/07/2009 16:11:25] /i 2160
[06/07/2009 16:11:25] /i 2160
[06/07/2009 16:11:25] /i 2160
[06/07/2009 16:11:25] /i 2160
[06/07/2009 16:11:25] /i 2160
[06/07/2009 16:11:25] /i 2160
[06/07/2009 16:11:25] /i 2160
[06/07/2009 16:11:26] /i 2160
[06/07/2009 16:11:26] /i 2160
[06/07/2009 16:11:26] /i 2160
[06/07/2009 16:11:26] /i 2160
[06/07/2009 16:11:26] /i 2160
[06/07/2009 16:11:26] /i 2160
[06/07/2009 16:11:26] /i 2160
[06/07/2009 16:11:26] /i 2160
[06/07/2009 16:11:26] /i 2160
[06/07/2009 16:11:26] /i 2160
[06/07/2009 16:11:26] /i 2160
[06/07/2009 16:11:26] /i 2160
[06/07/2009 16:11:26] /i 2160
[06/07/2009 16:11:26] /i 2160
[06/07/2009 16:11:26] /i 2160
[06/07/2009 16:11:26] /i 2160
[06/07/2009 16:11:26] /i 2160
[06/07/2009 16:11:26] /i 2160
[06/07/2009 16:11:26] /i 2160
[06/07/2009 16:11:26] /i 2160
[06/07/2009 16:11:26] /i 2160
[06/07/2009 16:11:26] /i 2160
[06/07/2009 16:11:26] /i 2160
[06/07/2009 16:11:26] /i 2160
[06/07/2009 16:11:26] /i 2160
[06/07/2009 16:11:26] /i 2160
[06/07/2009 16:11:26] /i 2160
[06/07/2009 16:11:27] /i 2160
[06/07/2009 16:11:27] /i 2160
[06/07/2009 16:11:27] /i 2160
[06/07/2009 16:11:27] /i 2160
[06/07/2009 16:11:27] /i 2160
[06/07/2009 16:11:27] /i 2160
[06/07/2009 16:11:27] /i 2160
[06/07/2009 16:11:27] /i 2160
[06/07/2009 16:11:27] /i 2160
[06/07/2009 16:11:27] /i 2160
[06/07/2009 16:11:27] /i 2160
[06/07/2009 16:11:27] /i 2160
[06/07/2009 16:11:27] /i 2160
[06/07/2009 16:11:27] /i 2160
[06/07/2009 16:11:27] /i 2160
[06/07/2009 16:11:27] /i 2160
[06/07/2009 16:11:27] /i 2160
[06/07/2009 16:11:27] /i 2160
[06/07/2009 16:11:27] /i 2160
[06/07/2009 16:11:27] /i 2160
[06/07/2009 16:11:27] /i 2160
[06/07/2009 16:11:27] /i 2160
[06/07/2009 16:11:27] /i 2160
[06/07/2009 16:11:27] /i 2160
[06/07/2009 16:11:27] /i 2160
[06/07/2009 16:11:27] /i 2160
[06/07/2009 16:11:27] /i 2160
[06/07/2009 16:11:27] /i 2160
[06/07/2009 16:11:27] /i 2160
[06/07/2009 16:11:28] /i 2160
[06/07/2009 16:11:28] /i 2160
[06/07/2009 16:11:28] /i 2160
[06/07/2009 16:11:28] /i 2160
[06/07/2009 16:11:28] /i 2160
[06/07/2009 16:11:28] /i 2160
[06/07/2009 16:11:28] /i 2160
[06/07/2009 16:11:28] /i 2160
[06/07/2009 16:11:28] /i 2160
[06/07/2009 16:11:28] /i 2160
[06/07/2009 16:11:28] /i 2160
[06/07/2009 16:11:28] /i 2160
[06/07/2009 16:11:28] /i 2160
[06/07/2009 16:11:28] /i 2160
[06/07/2009 16:11:28] /i 2160
[06/07/2009 16:11:28] /i 2160
[06/07/2009 16:11:28] /i 2160
[06/07/2009 16:11:28] /i 2160
[06/07/2009 16:11:28] /i 2160
[06/07/2009 16:11:28] /i 2160
[06/07/2009 16:11:28] /i 2160
[06/07/2009 16:11:28] /i 2160
[06/07/2009 16:11:28] /i 2160
[06/07/2009 16:11:28] /i 2160
[06/07/2009 16:11:28] /i 2160
[06/07/2009 16:11:28] /i 2160
[06/07/2009 16:11:28] /i 2160
[06/07/2009 16:11:28] /i 2160
[06/07/2009 16:11:29] /i 2160
[06/07/2009 16:11:29] /i 2160
[06/07/2009 16:11:29] /i 2160
[06/07/2009 16:11:29] /i 2160
[06/07/2009 16:11:29] /i 2160
[06/07/2009 16:11:29] /i 2160
[06/07/2009 16:11:29] /i 2160
[06/07/2009 16:11:29] /i 2160
[06/07/2009 16:11:29] /i 2160
[06/07/2009 16:11:29] /i 2160
[06/07/2009 16:11:29] /i 2160
[06/07/2009 16:11:29] /i 2160
[06/07/2009 16:11:29] /i 2160
[06/07/2009 16:11:29] /i 2160
[06/07/2009 16:11:29] /i 2160
[06/07/2009 16:11:29] /i 2160
[06/07/2009 16:11:29] /i 2160
[06/07/2009 16:11:29] /i 2160
[06/07/2009 16:11:29] /i 2160
[06/07/2009 16:11:29] /i 2160
[06/07/2009 16:11:29] /i 2160
[06/07/2009 16:11:29] /i 2160
[06/07/2009 16:11:29] /i 2160
[06/07/2009 16:11:29] /i 2160
[06/07/2009 16:11:29] /i 2160
[06/07/2009 16:11:29] /i 2160
[06/07/2009 16:11:29] /i 2160
[06/07/2009 16:11:29] /i 2160
[06/07/2009 16:11:29] /i 2160
[06/07/2009 16:11:30] /i 2160
[06/07/2009 16:11:30] /i 2160
[06/07/2009 16:11:30] /i 2160
[06/07/2009 16:11:30] /i 2160
[06/07/2009 16:11:30] /i 2160
[06/07/2009 16:11:30] /i 2160
[06/07/2009 16:11:30] /i 2160
[06/07/2009 16:11:30] /i 2160
[06/07/2009 16:11:30] /i 2160
[06/07/2009 16:11:30] /i 2160
[06/07/2009 16:11:30] /i 2160
[06/07/2009 16:11:30] /i 2160
[06/07/2009 16:11:30] /i 2160
[06/07/2009 16:11:30] /i 2160
[06/07/2009 16:11:30] /i 2160
[06/07/2009 16:11:30] /i 2160
[06/07/2009 16:11:30] /i 2160
[06/07/2009 16:11:30] /i 2160
[06/07/2009 16:11:30] /i 2160
[06/07/2009 16:11:30] /i 2160
[06/07/2009 16:11:30] /i 2160
[06/07/2009 16:11:30] /i 2160
[06/07/2009 16:11:30] /i 2160
[06/07/2009 16:11:30] /i 2160
[06/07/2009 16:11:30] /i 2160
[06/07/2009 16:11:30] /i 2160
[06/07/2009 16:11:30] /i 2160
[06/07/2009 16:11:30] /i 2160
[06/07/2009 16:11:31] /i 2160
[06/07/2009 16:11:31] /i 2160
[06/07/2009 16:11:31] /i 2160
[06/07/2009 16:11:31] /i 2160
[06/07/2009 16:11:31] /i 2160
[06/07/2009 16:11:31] /i 2160
[06/07/2009 16:11:31] /i 2160
[06/07/2009 16:11:31] /i 2160
[06/07/2009 16:11:31] /i 2160
[06/07/2009 16:11:31] /i 2160
[06/07/2009 16:11:31] /i 2160
[06/07/2009 16:11:31] /i 2160
[06/07/2009 16:11:31] /i 2160
[06/07/2009 16:11:31] /i 2160
[06/07/2009 16:11:31] /i 2160
[06/07/2009 16:11:31] /i 2160
[06/07/2009 16:11:31] /i 2160
[06/07/2009 16:11:31] /i 2160
[06/07/2009 16:11:31] /i 2160
[06/07/2009 16:11:31] /i 2160
[06/07/2009 16:11:31] /i 2160
[06/07/2009 16:11:31] /i 2160
[06/07/2009 16:11:31] /i 2160
[06/07/2009 16:11:31] /i 2160
[06/07/2009 16:11:31] /i 2160
[06/07/2009 16:11:31] /i 2160
[06/07/2009 16:11:31] /i 2160
[06/07/2009 16:11:31] /i 2160
[06/07/2009 16:11:32] /i 2160
[06/07/2009 16:11:32] /i 2160
[06/07/2009 16:11:32] /i 2160
[06/07/2009 16:11:32] /i 2160
[06/07/2009 16:11:32] /i 2160
[06/07/2009 16:11:32] /i 2160
[06/07/2009 16:11:32] /i 2160
[06/07/2009 16:11:32] /i 2160
[06/07/2009 16:11:32] /i 2160
[06/07/2009 16:11:32] /i 2160
[06/07/2009 16:11:32] /i 2160
[06/07/2009 16:11:32] /i 2160
[06/07/2009 16:11:32] /i 2160
[06/07/2009 16:11:32] /i 2160
[06/07/2009 16:11:32] /i 2160
[06/07/2009 16:11:32] /i 2160
[06/07/2009 16:11:32] /i 2160
[06/07/2009 16:11:32] /i 2160
[06/07/2009 16:11:32] /i 2160
[06/07/2009 16:11:32] /i 2160
[06/07/2009 16:11:32] /i 2160
[06/07/2009 16:11:32] /i 2160
[06/07/2009 16:11:32] /i 2160
[06/07/2009 16:11:32] /i 2160
[06/07/2009 16:11:32] /i 2160
[06/07/2009 16:11:32] /i 2160
[06/07/2009 16:11:32] /i 2160
[06/07/2009 16:11:32] /i 2160
[06/07/2009 16:11:32] /i 2160
[06/07/2009 16:11:33] /i 2160
[06/07/2009 16:11:33] /i 2160
[06/07/2009 16:11:33] /i 2160
[06/07/2009 16:11:33] /i 2160
[06/07/2009 16:11:33] /i 2160
[06/07/2009 16:11:33] /i 2160
[06/07/2009 16:11:33] /i 2160
[06/07/2009 16:11:33] /i 2160
[06/07/2009 16:11:33] /i 2160
[06/07/2009 16:11:33] /i 2160
[06/07/2009 16:11:33] /i 2160
[06/07/2009 16:11:33] /i 2160
[06/07/2009 16:11:33] /i 2160
[06/07/2009 16:11:33] /i 2160
[06/07/2009 16:11:33] /i 2160
[06/07/2009 16:11:33] /i 2160
[06/07/2009 16:11:33] /i 2160
[06/07/2009 16:11:33] /i 2160
[06/07/2009 16:11:33] /i 2160
[06/07/2009 16:11:33] /i 2160
[06/07/2009 16:11:33] /i 2160
[06/07/2009 16:11:33] /i 2160
[06/07/2009 16:11:33] /i 2160
[06/07/2009 16:11:33] /i 2160
[06/07/2009 16:11:33] /i 2160
[06/07/2009 16:11:33] /i 2160
[06/07/2009 16:11:34] /i 2160
[06/07/2009 16:11:34] /i 2160
[06/07/2009 16:11:34] /i 2160
[06/07/2009 16:11:34] /i 2160
[06/07/2009 16:11:34] /i 2160
[06/07/2009 16:11:34] /i 2160
[06/07/2009 16:11:34] /i 2160
[06/07/2009 16:11:34] /i 2160
[06/07/2009 16:11:34] /i 2160
[06/07/2009 16:11:34] /i 2160
[06/07/2009 16:11:34] /i 2160
[06/07/2009 16:11:34] /i 2160
[06/07/2009 16:11:34] /i 2160
[06/07/2009 16:11:34] /i 2160
[06/07/2009 16:11:34] /i 2160
[06/07/2009 16:11:34] /i 2160
[06/07/2009 16:11:34] /i 2160
[06/07/2009 16:11:34] /i 2160
[06/07/2009 16:11:34] /i 2160
[06/07/2009 16:11:34] /i 2160
[06/07/2009 16:11:34] /i 2160
[06/07/2009 16:11:34] /i 2160
[06/07/2009 16:11:34] /i 2160
[06/07/2009 16:11:34] /i 2160
[06/07/2009 16:11:34] /i 2160
[06/07/2009 16:11:34] /i 2160
[06/07/2009 16:11:34] /i 2160
[06/07/2009 16:11:34] /i 2160
[06/07/2009 16:11:35] /i 2160
[06/07/2009 16:11:35] /i 2160
[06/07/2009 16:11:35] /i 2160
[06/07/2009 16:11:35] /i 2160
[06/07/2009 16:11:35] /i 2160
[06/07/2009 16:11:35] /i 2160
[06/07/2009 16:11:35] /i 2160
[06/07/2009 16:11:35] /i 2160
[06/07/2009 16:11:35] /i 2160
[06/07/2009 16:11:35] /i 2160
[06/07/2009 16:11:35] /i 2160
[06/07/2009 16:11:35] /i 2160
[06/07/2009 16:11:35] /i 2160
[06/07/2009 16:11:35] /i 2160
[06/07/2009 16:11:35] /i 2160
[06/07/2009 16:11:35] /i 2160
[06/07/2009 16:11:35] /i 2160
[06/07/2009 16:11:35] /i 2160
[06/07/2009 16:11:35] /i 2160
[06/07/2009 16:11:35] /i 2160
[06/07/2009 16:11:35] /i 2160
[06/07/2009 16:11:35] /i 2160
[06/07/2009 16:11:35] /i 2160
[06/07/2009 16:11:35] /i 2160
[06/07/2009 16:11:35] /i 2160
[06/07/2009 16:11:35] /i 2160
[06/07/2009 16:11:36] /i 2160
[06/07/2009 16:11:36] /i 2160
[06/07/2009 16:11:36] /i 2160
[06/07/2009 16:11:36] /i 2160
[06/07/2009 16:11:36] /i 2160
[06/07/2009 16:11:36] /i 2160
[06/07/2009 16:11:36] /i 2160
[06/07/2009 16:11:36] /i 2160
[06/07/2009 16:11:36] /i 2160
[06/07/2009 16:11:36] /i 2160
[06/07/2009 16:11:36] /i 2160
[06/07/2009 16:11:36] /i 2160
[06/07/2009 16:11:36] /i 2160
[06/07/2009 16:11:36] /i 2160
[06/07/2009 16:11:36] /i 2160
[06/07/2009 16:11:36] /i 2160
[06/07/2009 16:11:36] /i 2160
[06/07/2009 16:11:36] /i 2160
[06/07/2009 16:11:36] /i 2160
[06/07/2009 16:11:36] /i 2160
[06/07/2009 16:11:36] /i 2160
[06/07/2009 16:11:36] /i 2160
[06/07/2009 16:11:36] /i 2160
[06/07/2009 16:11:36] /i 2160
[06/07/2009 16:11:36] /i 2160
[06/07/2009 16:11:36] /i 2160
[06/07/2009 16:11:36] /i 2160
[06/07/2009 16:11:36] /i 2160
[06/07/2009 16:11:37] /i 2160
[06/07/2009 16:11:37] /i 2160
[06/07/2009 16:11:37] /i 2160
[06/07/2009 16:11:37] /i 2160
[06/07/2009 16:11:37] /i 2160
[06/07/2009 16:11:37] /i 2160
[06/07/2009 16:11:37] /i 2160
[06/07/2009 16:11:37] /i 2160
[06/07/2009 16:11:37] /i 2160
[06/07/2009 16:11:37] /i 2160
[06/07/2009 16:11:37] /i 2160
[06/07/2009 16:11:37] /i 2160
[06/07/2009 16:11:37] /i 2160
[06/07/2009 16:11:37] /i 2160
[06/07/2009 16:11:37] /i 2160
[06/07/2009 16:11:37] /i 2160
[06/07/2009 16:11:37] /i 2160
[06/07/2009 16:11:37] /i 2160
[06/07/2009 16:11:37] /i 2160
[06/07/2009 16:11:37] /i 2160
[06/07/2009 16:11:37] /i 2160
[06/07/2009 16:11:37] /i 2160
[06/07/2009 16:11:37] /i 2160
[06/07/2009 16:11:37] /i 2160
[06/07/2009 16:11:37] /i 2160
[06/07/2009 16:11:37] /i 2160
[06/07/2009 16:11:37] /i 2160
[06/07/2009 16:11:37] /i 2160
[06/07/2009 16:11:37] /i 2160
[06/07/2009 16:11:38] /i 2160
[06/07/2009 16:11:38] /i 2160
[06/07/2009 16:11:38] /i 2160
[06/07/2009 16:11:38] /i 2160
[06/07/2009 16:11:38] /i 2160
[06/07/2009 16:11:38] /i 2160
[06/07/2009 16:11:38] /i 2160
[06/07/2009 16:11:38] /i 2160
[06/07/2009 16:11:38] /i 2160
[06/07/2009 16:11:38] /i 2160
[06/07/2009 16:11:38] /i 2160
[06/07/2009 16:11:38] /i 2160
[06/07/2009 16:11:38] /i 2160
[06/07/2009 16:11:38] /i 2160
[06/07/2009 16:11:38] /i 2160
[06/07/2009 16:11:38] /i 2160
[06/07/2009 16:11:38] /i 2160
[06/07/2009 16:11:38] /i 2160
[06/07/2009 16:11:38] /i 2160
[06/07/2009 16:11:38] /i 2160
[06/07/2009 16:11:38] /i 2160
[06/07/2009 16:11:38] /i 2160
[06/07/2009 16:11:38] /i 2160
[06/07/2009 16:11:38] /i 2160
[06/07/2009 16:11:38] /i 2160
[06/07/2009 16:11:38] /i 2160
[06/07/2009 16:11:38] /i 2160
[06/07/2009 16:11:38] /i 2160
[06/07/2009 16:11:39] /i 2160
[06/07/2009 16:11:39] /i 2160
[06/07/2009 16:11:39] /i 2160
[06/07/2009 16:11:39] /i 2160
[06/07/2009 16:11:39] /i 2160
[06/07/2009 16:11:39] /i 2160
[06/07/2009 16:11:39] /i 2160
[06/07/2009 16:11:39] /i 2160
[06/07/2009 16:11:39] /i 2160
[06/07/2009 16:11:39] /i 2160
[06/07/2009 16:11:39] /i 2160
[06/07/2009 16:11:39] /i 2160
[06/07/2009 16:11:39] /i 2160
[06/07/2009 16:11:39] /i 2160
[06/07/2009 16:11:39] /i 2160
[06/07/2009 16:11:39] /i 2160
[06/07/2009 16:11:39] /i 2160
[06/07/2009 16:11:39] /i 2160
[06/07/2009 16:11:39] /i 2160
[06/07/2009 16:11:39] /i 2160
[06/07/2009 16:11:39] /i 2160
[06/07/2009 16:11:39] /i 2160
[06/07/2009 16:11:39] /i 2160
[06/07/2009 16:11:39] /i 2160
[06/07/2009 16:11:39] /i 2160
[06/07/2009 16:11:39] /i 2160
[06/07/2009 16:11:39] /i 2160
[06/07/2009 16:11:39] /i 2160
[06/07/2009 16:11:40] /i 2160
[06/07/2009 16:11:40] /i 2160
[06/07/2009 16:11:40] /i 2160
[06/07/2009 16:11:40] /i 2160
[06/07/2009 16:11:40] /i 2160
[06/07/2009 16:11:40] /i 2160
[06/07/2009 16:11:40] /i 2160
[06/07/2009 16:11:40] /i 2160
[06/07/2009 16:11:40] /i 2160
[06/07/2009 16:11:40] /i 2160
[06/07/2009 16:11:40] /i 2160
[06/07/2009 16:11:40] /i 2160
[06/07/2009 16:11:40] /i 2160
[06/07/2009 16:11:40] /i 2160
[06/07/2009 16:11:40] /i 2160
[06/07/2009 16:11:40] /i 2160
[06/07/2009 16:11:40] /i 2160
[06/07/2009 16:11:40] /i 2160
[06/07/2009 16:11:40] /i 2160
[06/07/2009 16:11:40] /i 2160
[06/07/2009 16:11:40] /i 2160
[06/07/2009 16:11:40] /i 2160
[06/07/2009 16:11:40] /i 2160
[06/07/2009 16:11:40] /i 2160
[06/07/2009 16:11:40] /i 2160
[06/07/2009 16:11:40] /i 2160
[06/07/2009 16:11:40] /i 2160
[06/07/2009 16:11:40] /i 2160
[06/07/2009 16:11:40] /i 2160
[06/07/2009 16:11:41] /i 2160
[06/07/2009 16:11:41] /i 2160
[06/07/2009 16:11:41] /i 2160
[06/07/2009 16:11:41] /i 2160
[06/07/2009 16:11:41] /i 2160
[06/07/2009 16:11:41] /i 2160
[06/07/2009 16:11:41] /i 2160
[06/07/2009 16:11:41] /i 2160
[06/07/2009 16:11:41] /i 2160
[06/07/2009 16:11:41] /i 2160
[06/07/2009 16:11:41] /i 2160
[06/07/2009 16:11:41] /i 2160
[06/07/2009 16:11:41] /i 2160
[06/07/2009 16:11:41] /i 2160
[06/07/2009 16:11:41] /i 2160
[06/07/2009 16:11:41] /i 2160
[06/07/2009 16:11:41] /i 2160
[06/07/2009 16:11:41] /i 2160
[06/07/2009 16:11:41] /i 2160
[06/07/2009 16:11:41] /i 2160
[06/07/2009 16:11:41] /i 2160
[06/07/2009 16:11:41] /i 2160
[06/07/2009 16:11:41] /i 2160
[06/07/2009 16:11:41] /i 2160
[06/07/2009 16:11:41] /i 2160
[06/07/2009 16:11:41] /i 2160
[06/07/2009 16:11:41] /i 2160
[06/07/2009 16:11:41] /i 2160
[06/07/2009 16:11:42] /i 2160
[06/07/2009 16:11:42] /i 2160
[06/07/2009 16:11:42] /i 2160
[06/07/2009 16:11:42] /i 2160
[06/07/2009 16:11:42] /i 2160
[06/07/2009 16:11:42] /i 2160
[06/07/2009 16:11:42] /i 2160
[06/07/2009 16:11:42] /i 2160
[06/07/2009 16:11:42] /i 2160
[06/07/2009 16:11:42] /i 2160
[06/07/2009 16:11:42] /i 2160
[06/07/2009 16:11:42] /i 2160
[06/07/2009 16:11:42] /i 2160
[06/07/2009 16:11:42] /i 2160
[06/07/2009 16:11:42] /i 2160
[06/07/2009 16:11:42] /i 2160
[06/07/2009 16:11:42] /i 2160
[06/07/2009 16:11:42] /i 2160
[06/07/2009 16:11:42] /i 2160
[06/07/2009 16:11:42] /i 2160
[06/07/2009 16:11:42] /i 2160
[06/07/2009 16:11:42] /i 2160
[06/07/2009 16:11:42] /i 2160
[06/07/2009 16:11:42] /i 2160
[06/07/2009 16:11:42] /i 2160
[06/07/2009 16:11:42] /i 2160
[06/07/2009 16:11:42] /i 2160
[06/07/2009 16:11:42] /i 2160
[06/07/2009 16:11:43] /i 2160
[06/07/2009 16:11:43] /i 2160
[06/07/2009 16:11:43] /i 2160
[06/07/2009 16:11:43] /i 2160
[06/07/2009 16:11:43] /i 2160
[06/07/2009 16:11:43] /i 2160
[06/07/2009 16:11:43] /i 2160
[06/07/2009 16:11:43] /i 2160
[06/07/2009 16:11:43] /i 2160
[06/07/2009 16:11:43] /i 2160
[06/07/2009 16:11:43] /i 2160
[06/07/2009 16:11:43] /i 2160
[06/07/2009 16:11:43] /i 2160
[06/07/2009 16:11:43] /i 2160
[06/07/2009 16:11:43] /i 2160
[06/07/2009 16:11:43] /i 2160
[06/07/2009 16:11:43] /i 2160
[06/07/2009 16:11:43] /i 2160
[06/07/2009 16:11:43] /i 2160
[06/07/2009 16:11:43] /i 2160
[06/07/2009 16:11:43] /i 2160
[06/07/2009 16:11:43] /i 2160
[06/07/2009 16:11:43] /i 2160
[06/07/2009 16:11:43] /i 2160
[06/07/2009 16:11:43] /i 2160
[06/07/2009 16:11:43] /i 2160
[06/07/2009 16:11:43] /i 2160
[06/07/2009 16:11:43] /i 2160
[06/07/2009 16:11:43] /i 2160
[06/07/2009 16:11:44] /i 2160
[06/07/2009 16:11:44] /i 2160
[06/07/2009 16:11:44] /i 2160
[06/07/2009 16:11:44] /i 2160
[06/07/2009 16:11:44] /i 2160
[06/07/2009 16:11:44] /i 2160
[06/07/2009 16:11:44] /i 2160
[06/07/2009 16:11:44] /i 2160
[06/07/2009 16:11:44] /i 2160
[06/07/2009 16:11:44] /i 2160
[06/07/2009 16:11:44] /i 2160
[06/07/2009 16:11:44] /i 2160
[06/07/2009 16:11:44] /i 2160
[06/07/2009 16:11:44] /i 2160
[06/07/2009 16:11:44] /i 2160
[06/07/2009 16:11:44] /i 2160
[06/07/2009 16:11:44] /i 2160
[06/07/2009 16:11:44] /i 2160
[06/07/2009 16:11:44] /i 2160
[06/07/2009 16:11:44] /i 2160
[06/07/2009 16:11:44] /i 2160
[06/07/2009 16:11:44] /i 2160
[06/07/2009 16:11:44] /i 2160
[06/07/2009 16:11:44] /i 2160
[06/07/2009 16:11:44] /i 2160
[06/07/2009 16:11:44] /i 2160
[06/07/2009 16:11:44] /i 2160
[06/07/2009 16:11:44] /i 2160
[06/07/2009 16:11:45] /i 2160
[06/07/2009 16:11:45] /i 2160
[06/07/2009 16:11:45] /i 2160
[06/07/2009 16:11:45] /i 2160
[06/07/2009 16:11:45] /i 2160
[06/07/2009 16:11:45] /i 2160
[06/07/2009 16:11:45] /i 2160
[06/07/2009 16:11:45] /i 2160
[06/07/2009 16:11:45] /i 2160
[06/07/2009 16:11:45] /i 2160
[06/07/2009 16:11:45] /i 2160
[06/07/2009 16:11:45] /i 2160
[06/07/2009 16:11:45] /i 2160
[06/07/2009 16:11:45] /i 2160
[06/07/2009 16:11:45] /i 2160
[06/07/2009 16:11:45] /i 2160
[06/07/2009 16:11:45] /i 2160
[06/07/2009 16:11:45] /i 2160
[06/07/2009 16:11:45] /i 2160
[06/07/2009 16:11:45] /i 2160
[06/07/2009 16:11:45] /i 2160
[06/07/2009 16:11:45] /i 2160
[06/07/2009 16:11:45] /i 2160
[06/07/2009 16:11:45] /i 2160
[06/07/2009 16:11:45] /i 2160
[06/07/2009 16:11:45] /i 2160
[06/07/2009 16:11:45] /i 2160
[06/07/2009 16:11:45] /i 2160
[06/07/2009 16:11:46] /i 2160
[06/07/2009 16:11:46] /i 2160
[06/07/2009 16:11:46] /i 2160
[06/07/2009 16:11:46] /i 2160
[06/07/2009 16:11:46] /i 2160
[06/07/2009 16:11:46] /i 2160
[06/07/2009 16:11:46] /i 2160
[06/07/2009 16:11:46] /i 2160
[06/07/2009 16:11:46] /i 2160
[06/07/2009 16:11:46] /i 2160
[06/07/2009 16:11:46] /i 2160
[06/07/2009 16:11:46] /i 2160
[06/07/2009 16:11:46] /i 2160
[06/07/2009 16:11:46] /i 2160
[06/07/2009 16:11:46] /i 2160
[06/07/2009 16:11:46] /i 2160
[06/07/2009 16:11:46] /i 2160
[06/07/2009 16:11:46] /i 2160
[06/07/2009 16:11:46] /i 2160
[06/07/2009 16:11:46] /i 2160
[06/07/2009 16:11:46] /i 2160
[06/07/2009 16:11:46] /i 2160
[06/07/2009 16:11:46] /i 2160
[06/07/2009 16:11:46] /i 2160
[06/07/2009 16:11:46] /i 2160
[06/07/2009 16:11:46] /i 2160
[06/07/2009 16:11:46] /i 2160
[06/07/2009 16:11:46] /i 2160
[06/07/2009 16:11:46] /i 2160
[06/07/2009 16:11:47] /i 2160
[06/07/2009 16:11:47] /i 2160
[06/07/2009 16:11:47] /i 2160
[06/07/2009 16:11:47] /i 2160
[06/07/2009 16:11:47] /i 2160
[06/07/2009 16:11:47] /i 2160
[06/07/2009 16:11:47] /i 2160
[06/07/2009 16:11:47] /i 2160
[06/07/2009 16:11:47] /i 2160
[06/07/2009 16:11:47] /i 2160
[06/07/2009 16:11:47] /i 2160
[06/07/2009 16:11:47] /i 2160
[06/07/2009 16:11:47] /i 2160
[06/07/2009 16:11:47] /i 2160
[06/07/2009 16:11:47] /i 2160
[06/07/2009 16:11:47] /i 2160
[06/07/2009 16:11:47] /i 2160
[06/07/2009 16:11:47] /i 2160
[06/07/2009 16:11:47] /i 2160
[06/07/2009 16:11:47] /i 2160
[06/07/2009 16:11:47] /i 2160
[06/07/2009 16:11:47] /i 2160
[06/07/2009 16:11:47] /i 2160
[06/07/2009 16:11:47] /i 2160
[06/07/2009 16:11:47] /i 2160
[06/07/2009 16:11:47] /i 2160
[06/07/2009 16:11:47] /i 2160
[06/07/2009 16:11:47] /i 2160
[06/07/2009 16:11:48] /i 2160
[06/07/2009 16:11:48] /i 2160
[06/07/2009 16:11:48] /i 2160
[06/07/2009 16:11:48] /i 2160
[06/07/2009 16:11:48] /i 2160
[06/07/2009 16:11:48] /i 2160
[06/07/2009 16:11:48] /i 2160
[06/07/2009 16:11:48] /i 2160
[06/07/2009 16:11:48] /i 2160
[06/07/2009 16:11:48] /i 2160
[06/07/2009 16:11:48] /i 2160
[06/07/2009 16:11:48] /i 2160
[06/07/2009 16:11:48] /i 2160
[06/07/2009 16:11:48] /i 2160
[06/07/2009 16:11:48] /i 2160
[06/07/2009 16:11:48] /i 2160
[06/07/2009 16:11:48] /i 2160
[06/07/2009 16:11:48] /i 2160
[06/07/2009 16:11:48] /i 2160
[06/07/2009 16:11:48] /i 2160
[06/07/2009 16:11:48] /i 2160
[06/07/2009 16:11:48] /i 2160
[06/07/2009 16:11:48] /i 2160
[06/07/2009 16:11:48] /i 2160
[06/07/2009 16:11:48] /i 2160
[06/07/2009 16:11:48] /i 2160
[06/07/2009 16:11:48] /i 2160
[06/07/2009 16:11:48] /i 2160
[06/07/2009 16:11:48] /i 2160
[06/07/2009 16:11:49] /i 2160
[06/07/2009 16:11:49] /i 2160
[06/07/2009 16:11:49] /i 2160
[06/07/2009 16:11:49] /i 2160
[06/07/2009 16:11:49] /i 2160
[06/07/2009 16:11:49] /i 2160
[06/07/2009 16:11:49] /i 2160
[06/07/2009 16:11:49] /i 2160
[06/07/2009 16:11:49] /i 2160
[06/07/2009 16:11:49] /i 2160
[06/07/2009 16:11:49] /i 2160
[06/07/2009 16:11:49] /i 2160
[06/07/2009 16:11:49] /i 2160
[06/07/2009 16:11:49] /i 2160
[06/07/2009 16:11:49] /i 2160
[06/07/2009 16:11:49] /i 2160
[06/07/2009 16:11:49] /i 2160
[06/07/2009 16:11:49] /i 2160
[06/07/2009 16:11:49] /i 2160
[06/07/2009 16:11:49] /i 2160
[06/07/2009 16:11:49] /i 2160
[06/07/2009 16:11:49] /i 2160
[06/07/2009 16:11:50] /i 2160
[06/07/2009 16:11:50] /i 2160
[06/07/2009 16:11:50] /i 2160
[06/07/2009 16:11:50] /i 2160
[06/07/2009 16:11:50] /i 2160
[06/07/2009 16:11:50] /i 2160
[06/07/2009 16:11:50] /i 2160
[06/07/2009 16:11:50] /i 2160
[06/07/2009 16:11:50] /i 2160
[06/07/2009 16:11:50] /i 2160
[06/07/2009 16:11:50] /i 2160
[06/07/2009 16:11:50] /i 2160
[06/07/2009 16:11:50] /i 2160
[06/07/2009 16:11:50] /i 2160
[06/07/2009 16:11:50] /i 2160
[06/07/2009 16:11:50] /i 2160
[06/07/2009 16:11:50] /i 2160
[06/07/2009 16:11:50] /i 2160
[06/07/2009 16:11:50] /i 2160
[06/07/2009 16:11:50] /i 2160
[06/07/2009 16:11:50] /i 2160
[06/07/2009 16:11:50] /i 2160
[06/07/2009 16:11:50] /i 2160
[06/07/2009 16:11:50] /i 2160
[06/07/2009 16:11:50] /i 2160
[06/07/2009 16:11:50] /i 2160
[06/07/2009 16:11:50] /i 2160
[06/07/2009 16:11:50] /i 2160
[06/07/2009 16:11:50] /i 2160
[06/07/2009 16:11:51] /i 2160
[06/07/2009 16:11:51] /i 2160
[06/07/2009 16:11:51] /i 2160
[06/07/2009 16:11:51] /i 2160
[06/07/2009 16:11:51] /i 2160
[06/07/2009 16:11:51] /i 2160
[06/07/2009 16:11:51] /i 2160
[06/07/2009 16:11:51] /i 2160
[06/07/2009 16:11:51] /i 2160
[06/07/2009 16:11:51] /i 2160
[06/07/2009 16:11:51] /i 2160
[06/07/2009 16:11:51] /i 2160
[06/07/2009 16:11:51] /i 2160
[06/07/2009 16:11:51] /i 2160
[06/07/2009 16:11:51] /i 2160
[06/07/2009 16:11:51] /i 2160
[06/07/2009 16:11:51] /i 2160
[06/07/2009 16:11:51] /i 2160
[06/07/2009 16:11:51] /i 2160
[06/07/2009 16:11:51] /i 2160
[06/07/2009 16:11:51] /i 2160
[06/07/2009 16:11:51] /i 2160
[06/07/2009 16:11:51] /i 2160
[06/07/2009 16:11:51] /i 2160
[06/07/2009 16:11:51] /i 2160
[06/07/2009 16:11:51] /i 2160
[06/07/2009 16:11:51] /i 2160
[06/07/2009 16:11:51] /i 2160
[06/07/2009 16:11:52] /i 2160
[06/07/2009 16:11:52] /i 2160
[06/07/2009 16:11:52] /i 2160
[06/07/2009 16:11:52] /i 2160
[06/07/2009 16:11:52] /i 2160
[06/07/2009 16:11:52] /i 2160
[06/07/2009 16:11:52] /i 2160
[06/07/2009 16:11:52] /i 2160
[06/07/2009 16:11:52] /i 2160
[06/07/2009 16:11:52] /i 2160
[06/07/2009 16:11:52] /i 2160
[06/07/2009 16:11:52] /i 2160
[06/07/2009 16:11:52] /i 2160
[06/07/2009 16:11:52] /i 2160
[06/07/2009 16:11:52] /i 2160
[06/07/2009 16:11:52] /i 2160
[06/07/2009 16:11:52] /i 2160
[06/07/2009 16:11:52] /i 2160
[06/07/2009 16:11:52] /i 2160
[06/07/2009 16:11:52] /i 2160
[06/07/2009 16:11:52] /i 2160
[06/07/2009 16:11:52] /i 2160
[06/07/2009 16:11:52] /i 2160
[06/07/2009 16:11:52] /i 2160
[06/07/2009 16:11:52] /i 2160
[06/07/2009 16:11:52] /i 2160
[06/07/2009 16:11:52] /i 2160
[06/07/2009 16:11:52] /i 2160
[06/07/2009 16:11:52] /i 2160
[06/07/2009 16:11:53] /i 2160
[06/07/2009 16:11:53] /i 2160
[06/07/2009 16:11:53] /i 2160
[06/07/2009 16:11:53] /i 2160
[06/07/2009 16:11:53] /i 2160
[06/07/2009 16:11:53] /i 2160
[06/07/2009 16:11:53] /i 2160
[06/07/2009 16:11:53] /i 2160
[06/07/2009 16:11:53] /i 2160
[06/07/2009 16:11:53] /i 2160
[06/07/2009 16:11:53] /i 2160
[06/07/2009 16:11:53] /i 2160
[06/07/2009 16:11:53] /i 2160
[06/07/2009 16:11:53] /i 2160
[06/07/2009 16:11:53] /i 2160
[06/07/2009 16:11:53] /i 2160
[06/07/2009 16:11:53] /i 2160
[06/07/2009 16:11:53] /i 2160
[06/07/2009 16:11:53] /i 2160
[06/07/2009 16:11:53] /i 2160
[06/07/2009 16:11:53] /i 2160
[06/07/2009 16:11:53] /i 2160
[06/07/2009 16:11:53] /i 2160
[06/07/2009 16:11:53] /i 2160
[06/07/2009 16:11:53] /i 2160
[06/07/2009 16:11:54] /i 2160
[06/07/2009 16:11:54] /i 2160
[06/07/2009 16:11:54] /i 2160
[06/07/2009 16:11:54] /i 2160
[06/07/2009 16:11:54] /i 2160
[06/07/2009 16:11:54] /i 2160
[06/07/2009 16:11:54] /i 2160
[06/07/2009 16:11:54] /i 2160
[06/07/2009 16:11:54] /i 2160
[06/07/2009 16:11:54] /i 2160
[06/07/2009 16:11:54] /i 2160
[06/07/2009 16:11:54] /i 2160
[06/07/2009 16:11:54] /i 2160
[06/07/2009 16:11:54] /i 2160
[06/07/2009 16:11:54] /i 2160
[06/07/2009 16:11:54] /i 2160
[06/07/2009 16:11:54] /i 2160
[06/07/2009 16:11:54] /i 2160
[06/07/2009 16:11:54] /i 2160
[06/07/2009 16:11:54] /i 2160
[06/07/2009 16:11:54] /i 2160
[06/07/2009 16:11:54] /i 2160
[06/07/2009 16:11:54] /i 2160
[06/07/2009 16:11:54] /i 2160
[06/07/2009 16:11:54] /i 2160
[06/07/2009 16:11:54] /i 2160
[06/07/2009 16:11:54] /i 2160
[06/07/2009 16:11:54] /i 2160
[06/07/2009 16:11:54] /i 2160
[06/07/2009 16:11:55] /i 2160
[06/07/2009 16:11:55] /i 2160
[06/07/2009 16:11:55] /i 2160
[06/07/2009 16:11:55] /i 2160
[06/07/2009 16:11:55] /i 2160
[06/07/2009 16:11:55] /i 2160
[06/07/2009 16:11:55] /i 2160
[06/07/2009 16:11:55] /i 2160
[06/07/2009 16:11:55] /i 2160
[06/07/2009 16:11:55] /i 2160
[06/07/2009 16:11:55] /i 2160
[06/07/2009 16:11:55] /i 2160
[06/07/2009 16:11:55] /i 2160
[06/07/2009 16:11:55] /i 2160
[06/07/2009 16:11:55] /i 2160
[06/07/2009 16:11:55] /i 2160
[06/07/2009 16:11:55] /i 2160
[06/07/2009 16:11:55] /i 2160
[06/07/2009 16:11:55] /i 2160
[06/07/2009 16:11:55] /i 2160
[06/07/2009 16:11:55] /i 2160
[06/07/2009 16:11:55] /i 2160
[06/07/2009 16:11:55] /i 2160
[06/07/2009 16:11:55] /i 2160
[06/07/2009 16:11:55] /i 2160
[06/07/2009 16:11:55] /i 2160
[06/07/2009 16:11:55] /i 2160
[06/07/2009 16:11:55] /i 2160
[06/07/2009 16:11:56] /i 2160
[06/07/2009 16:11:56] /i 2160
[06/07/2009 16:11:56] /i 2160
[06/07/2009 16:11:56] /i 2160
[06/07/2009 16:11:56] /i 2160
[06/07/2009 16:11:56] /i 2160
[06/07/2009 16:11:56] /i 2160
[06/07/2009 16:11:56] /i 2160
[06/07/2009 16:11:56] /i 2160
[06/07/2009 16:11:56] /i 2160
[06/07/2009 16:11:56] /i 2160
[06/07/2009 16:11:56] /i 2160
[06/07/2009 16:11:56] /i 2160
[06/07/2009 16:11:56] /i 2160
[06/07/2009 16:11:56] /i 2160
[06/07/2009 16:11:56] /i 2160
[06/07/2009 16:11:56] /i 2160
[06/07/2009 16:11:56] /i 2160
[06/07/2009 16:11:56] /i 2160
[06/07/2009 16:11:56] /i 2160
[06/07/2009 16:11:56] /i 2160
[06/07/2009 16:11:56] /i 2160
[06/07/2009 16:11:56] /i 2160
[06/07/2009 16:11:56] /i 2160
[06/07/2009 16:11:56] /i 2160
[06/07/2009 16:11:56] /i 2160
[06/07/2009 16:11:56] /i 2160
[06/07/2009 16:11:56] /i 2160
[06/07/2009 16:11:56] /i 2160
[06/07/2009 16:11:57] /i 2160
[06/07/2009 16:11:57] /i 2160
[06/07/2009 16:11:57] /i 2160
[06/07/2009 16:11:57] /i 2160
[06/07/2009 16:11:57] /i 2160
[06/07/2009 16:11:57] /i 2160
[06/07/2009 16:11:57] /i 2160
[06/07/2009 16:11:57] /i 2160
[06/07/2009 16:11:57] /i 2160
[06/07/2009 16:11:57] /i 2160
[06/07/2009 16:11:57] /i 2160
[06/07/2009 16:11:57] /i 2160
[06/07/2009 16:11:57] /i 2160
[06/07/2009 16:11:57] /i 2160
[06/07/2009 16:11:57] /i 2160
[06/07/2009 16:11:57] /i 2160
[06/07/2009 16:11:57] /i 2160
[06/07/2009 16:11:57] /i 2160
[06/07/2009 16:11:57] /i 2160
[06/07/2009 16:11:57] /i 2160
[06/07/2009 16:11:57] /i 2160
[06/07/2009 16:11:57] /i 2160
[06/07/2009 16:11:57] /i 2160
[06/07/2009 16:11:57] /i 2160
[06/07/2009 16:11:57] /i 2160
[06/07/2009 16:11:57] /i 2160
[06/07/2009 16:11:57] /i 2160
[06/07/2009 16:11:57] /i 2160
[06/07/2009 16:11:58] /i 2160
[06/07/2009 16:11:58] /i 2160
[06/07/2009 16:11:58] /i 2160
[06/07/2009 16:11:58] /i 2160
[06/07/2009 16:11:58] /i 2160
[06/07/2009 16:11:58] /i 2160
[06/07/2009 16:11:58] /i 2160
[06/07/2009 16:11:58] /i 2160
[06/07/2009 16:11:58] /i 2160
[06/07/2009 16:11:58] /i 2160
[06/07/2009 16:11:58] /i 2160
[06/07/2009 16:11:58] /i 2160
[06/07/2009 16:11:58] /i 2160
[06/07/2009 16:11:58] /i 2160
[06/07/2009 16:11:58] /i 2160
[06/07/2009 16:11:58] /i 2160
[06/07/2009 16:11:58] /i 2160
[06/07/2009 16:11:58] /i 2160
[06/07/2009 16:11:58] /i 2160
[06/07/2009 16:11:58] /i 2160
[06/07/2009 16:11:58] /i 2160
[06/07/2009 16:11:58] /i 2160
[06/07/2009 16:11:58] /i 2160
[06/07/2009 16:11:58] /i 2160
[06/07/2009 16:11:58] /i 2160
[06/07/2009 16:11:58] /i 2160
[06/07/2009 16:11:58] /i 2160
[06/07/2009 16:11:58] /i 2160
[06/07/2009 16:11:59] /i 2160
[06/07/2009 16:11:59] /i 2160
[06/07/2009 16:11:59] /i 2160
[06/07/2009 16:11:59] /i 2160
[06/07/2009 16:11:59] /i 2160
[06/07/2009 16:11:59] /i 2160
[06/07/2009 16:11:59] /i 2160
[06/07/2009 16:11:59] /i 2160
[06/07/2009 16:11:59] /i 2160
[06/07/2009 16:11:59] /i 2160
[06/07/2009 16:11:59] /i 2160
[06/07/2009 16:11:59] /i 2160
[06/07/2009 16:11:59] /i 2160
[06/07/2009 16:11:59] /i 2160
[06/07/2009 16:11:59] /i 2160
[06/07/2009 16:11:59] /i 2160
[06/07/2009 16:11:59] /i 2160
[06/07/2009 16:11:59] /i 2160
[06/07/2009 16:11:59] /i 2160
[06/07/2009 16:11:59] /i 2160
[06/07/2009 16:11:59] /i 2160
[06/07/2009 16:11:59] /i 2160
[06/07/2009 16:11:59] /i 2160
[06/07/2009 16:11:59] /i 2160
[06/07/2009 16:11:59] /i 2160
[06/07/2009 16:11:59] /i 2160
[06/07/2009 16:11:59] /i 2160
[06/07/2009 16:11:59] /i 2160
[06/07/2009 16:11:59] /i 2160
[06/07/2009 16:12:00] /i 2160
[06/07/2009 16:12:00] /i 2160
[06/07/2009 16:12:00] /i 2160
[06/07/2009 16:12:00] /i 2160
[06/07/2009 16:12:00] /i 2160
[06/07/2009 16:12:00] /i 2160
[06/07/2009 16:12:00] /i 2160
[06/07/2009 16:12:00] /i 2160
[06/07/2009 16:12:00] /i 2160
[06/07/2009 16:12:00] /i 2160
[06/07/2009 16:12:00] /i 2160
[06/07/2009 16:12:00] /i 2160
[06/07/2009 16:12:00] /i 2160
[06/07/2009 16:12:00] /i 2160
[06/07/2009 16:12:00] /i 2160
[06/07/2009 16:12:00] /i 2160
[06/07/2009 16:12:00] /i 2160
[06/07/2009 16:12:00] /i 2160
[06/07/2009 16:12:00] /i 2160
[06/07/2009 16:12:00] /i 2160
[06/07/2009 16:12:00] /i 2160
[06/07/2009 16:12:00] /i 2160
[06/07/2009 16:12:00] /i 2160
[06/07/2009 16:12:00] /i 2160
[06/07/2009 16:12:00] /i 2160
[06/07/2009 16:12:00] /i 2160
[06/07/2009 16:12:00] /i 2160
[06/07/2009 16:12:00] /i 2160
[06/07/2009 16:12:01] /i 2160
[06/07/2009 16:12:01] /i 2160
[06/07/2009 16:12:01] /i 2160
[06/07/2009 16:12:01] /i 2160
[06/07/2009 16:12:01] /i 2160
[06/07/2009 16:12:01] /i 2160
[06/07/2009 16:12:01] /i 2160
[06/07/2009 16:12:01] /i 2160
[06/07/2009 16:12:01] /i 2160
[06/07/2009 16:12:01] /i 2160
[06/07/2009 16:12:01] /i 2160
[06/07/2009 16:12:01] /i 2160
[06/07/2009 16:12:01] /i 2160
[06/07/2009 16:12:01] /i 2160
[06/07/2009 16:12:01] /i 2160
[06/07/2009 16:12:01] /i 2160
[06/07/2009 16:12:01] /i 2160
[06/07/2009 16:12:01] /i 2160
[06/07/2009 16:12:01] /i 2160
[06/07/2009 16:12:01] /i 2160
[06/07/2009 16:12:01] /i 2160
[06/07/2009 16:12:01] /i 2160
[06/07/2009 16:12:01] /i 2160
[06/07/2009 16:12:01] /i 2160
[06/07/2009 16:12:01] /i 2160
[06/07/2009 16:12:01] /i 2160
[06/07/2009 16:12:01] /i 2160
[06/07/2009 16:12:01] /i 2160
[06/07/2009 16:12:01] /i 2160
[06/07/2009 16:12:02] /i 2160
[06/07/2009 16:12:02] /i 2160
[06/07/2009 16:12:02] /i 2160
[06/07/2009 16:12:02] /i 2160
[06/07/2009 16:12:02] /i 2160
[06/07/2009 16:12:02] /i 2160
[06/07/2009 16:12:02] /i 2160
[06/07/2009 16:12:02] /i 2160
[06/07/2009 16:12:02] /i 2160
[06/07/2009 16:12:02] /i 2160
[06/07/2009 16:12:02] /i 2160
[06/07/2009 16:12:02] /i 2160
[06/07/2009 16:12:02] /i 2160
[06/07/2009 16:12:02] /i 2160
[06/07/2009 16:12:02] /i 2160
[06/07/2009 16:12:02] /i 2160
[06/07/2009 16:12:02] /i 2160
[06/07/2009 16:12:02] /i 2160
[06/07/2009 16:12:02] /i 2160
[06/07/2009 16:12:02] /i 2160
[06/07/2009 16:12:02] /i 2160
[06/07/2009 16:12:02] /i 2160
[06/07/2009 16:12:02] /i 2160
[06/07/2009 16:12:02] /i 2160
[06/07/2009 16:12:02] /i 2160
[06/07/2009 16:12:02] /i 2160
[06/07/2009 16:12:02] /i 2160
[06/07/2009 16:12:02] /i 2160
[06/07/2009 16:12:03] /i 2160
[06/07/2009 16:12:03] /i 2160
[06/07/2009 16:12:03] /i 2160
[06/07/2009 16:12:03] /i 2160
[06/07/2009 16:12:03] /i 2160
[06/07/2009 16:12:03] /i 2160
[06/07/2009 16:12:03] /i 2160
[06/07/2009 16:12:03] /i 2160
[06/07/2009 16:12:03] /i 2160
[06/07/2009 16:12:03] /i 2160
[06/07/2009 16:12:03] /i 2160
[06/07/2009 16:12:03] /i 2160
[06/07/2009 16:12:03] /i 2160
[06/07/2009 16:12:03] /i 2160
[06/07/2009 16:12:03] /i 2160
[06/07/2009 16:12:03] /i 2160
[06/07/2009 16:12:03] /i 2160
[06/07/2009 16:12:03] /i 2160
[06/07/2009 16:12:03] /i 2160
[06/07/2009 16:12:03] /i 2160
[06/07/2009 16:12:03] /i 2160
[06/07/2009 16:12:03] /i 2160
[06/07/2009 16:12:03] /i 2160
[06/07/2009 16:12:03] /i 2160
[06/07/2009 16:12:03] /i 2160
[06/07/2009 16:12:03] /i 2160
[06/07/2009 16:12:03] /i 2160
[06/07/2009 16:12:03] /i 2160
[06/07/2009 16:12:04] /i 2160
[06/07/2009 16:12:04] /i 2160
[06/07/2009 16:12:04] /i 2160
[06/07/2009 16:12:04] /i 2160
[06/07/2009 16:12:04] /i 2160
[06/07/2009 16:12:04] /i 2160
[06/07/2009 16:12:04] /i 2160
[06/07/2009 16:12:04] /i 2160
[06/07/2009 16:12:04] /i 2160
[06/07/2009 16:12:04] /i 2160
[06/07/2009 16:12:04] /i 2160
[06/07/2009 16:12:04] /i 2160
[06/07/2009 16:12:04] /i 2160
[06/07/2009 16:12:04] /i 2160
[06/07/2009 16:12:04] /i 2160
[06/07/2009 16:12:04] /i 2160
[06/07/2009 16:12:04] /i 2160
[06/07/2009 16:12:04] /i 2160
[06/07/2009 16:12:04] /i 2160
[06/07/2009 16:12:04] /i 2160
[06/07/2009 16:12:04] /i 2160
[06/07/2009 16:12:04] /i 2160
[06/07/2009 16:12:04] /i 2160
[06/07/2009 16:12:04] /i 2160
[06/07/2009 16:12:04] /i 2160
[06/07/2009 16:12:04] /i 2160
[06/07/2009 16:12:04] /i 2160
[06/07/2009 16:12:04] /i 2160
[06/07/2009 16:12:04] /i 2160
[06/07/2009 16:12:05] /i 2160
[06/07/2009 16:12:05] /i 2160
[06/07/2009 16:12:05] /i 2160
[06/07/2009 16:12:05] /i 2160
[06/07/2009 16:12:05] /i 2160
[06/07/2009 16:12:05] /i 2160
[06/07/2009 16:12:05] /i 2160
[06/07/2009 16:12:05] /i 2160
[06/07/2009 16:12:05] /i 2160
[06/07/2009 16:12:05] /i 2160
[06/07/2009 16:12:05] /i 2160
[06/07/2009 16:12:05] /i 2160
[06/07/2009 16:12:05] /i 2160
[06/07/2009 16:12:05] /i 2160
[06/07/2009 16:12:05] /i 2160
[06/07/2009 16:12:05] /i 2160
[06/07/2009 16:12:05] /i 2160
[06/07/2009 16:12:05] /i 2160
[06/07/2009 16:12:05] /i 2160
[06/07/2009 16:12:05] /i 2160
[06/07/2009 16:12:05] /i 2160
[06/07/2009 16:12:05] /i 2160
[06/07/2009 16:12:05] /i 2160
[06/07/2009 16:12:05] /i 2160
[06/07/2009 16:12:05] /i 2160
[06/07/2009 16:12:05] /i 2160
[06/07/2009 16:12:05] /i 2160
[06/07/2009 16:12:05] /i 2160
[06/07/2009 16:12:05] /i 2160
[06/07/2009 16:12:06] /i 2160
[06/07/2009 16:12:06] /i 2160
[06/07/2009 16:12:06] /i 2160
[06/07/2009 16:12:06] /i 2160
[06/07/2009 16:12:06] /i 2160
[06/07/2009 16:12:06] /i 2160
[06/07/2009 16:12:06] /i 2160
[06/07/2009 16:12:06] /i 2160
[06/07/2009 16:12:06] /i 2160
[06/07/2009 16:12:06] /i 2160
[06/07/2009 16:12:06] /i 2160
[06/07/2009 16:12:06] /i 2160
[06/07/2009 16:12:06] /i 2160
[06/07/2009 16:12:06] /i 2160
[06/07/2009 16:12:06] /i 2160
[06/07/2009 16:12:06] /i 2160
[06/07/2009 16:12:06] /i 2160
[06/07/2009 16:12:06] /i 2160
[06/07/2009 16:12:06] /i 2160
[06/07/2009 16:12:06] /i 2160
[06/07/2009 16:12:06] /i 2160
[06/07/2009 16:12:06] /i 2160
[06/07/2009 16:12:06] /i 2160
[06/07/2009 16:12:06] /i 2160
[06/07/2009 16:12:06] /i 2160
[06/07/2009 16:12:06] /i 2160
[06/07/2009 16:12:06] /i 2160
[06/07/2009 16:12:06] /i 2160
[06/07/2009 16:12:07] /i 2160
[06/07/2009 16:12:07] /i 2160
[06/07/2009 16:12:07] /i 2160
[06/07/2009 16:12:07] /i 2160
[06/07/2009 16:12:07] /i 2160
[06/07/2009 16:12:07] /i 2160
[06/07/2009 16:12:07] /i 2160
[06/07/2009 16:12:07] /i 2160
[06/07/2009 16:12:07] /i 2160
[06/07/2009 16:12:07] /i 2160
[06/07/2009 16:12:07] /i 2160
[06/07/2009 16:12:07] /i 2160
[06/07/2009 16:12:07] /i 2160
[06/07/2009 16:12:07] /i 2160
[06/07/2009 16:12:07] /i 2160
[06/07/2009 16:12:07] /i 2160
[06/07/2009 16:12:07] /i 2160
[06/07/2009 16:12:07] /i 2160
[06/07/2009 16:12:07] /i 2160
[06/07/2009 16:12:07] /i 2160
[06/07/2009 16:12:07] /i 2160
[06/07/2009 16:12:07] /i 2160
[06/07/2009 16:12:07] /i 2160
[06/07/2009 16:12:07] /i 2160
[06/07/2009 16:12:07] /i 2160
[06/07/2009 16:12:07] /i 2160
[06/07/2009 16:12:07] /i 2160
[06/07/2009 16:12:07] /i 2160
[06/07/2009 16:12:08] /i 2160
[06/07/2009 16:12:08] /i 2160
[06/07/2009 16:12:08] /i 2160
[06/07/2009 16:12:08] /i 2160
[06/07/2009 16:12:08] /i 2160
[06/07/2009 16:12:08] /i 2160
[06/07/2009 16:12:08] /i 2160
[06/07/2009 16:12:08] /i 2160
[06/07/2009 16:12:08] /i 2160
[06/07/2009 16:12:08] /i 2160
[06/07/2009 16:12:08] /i 2160
[06/07/2009 16:12:08] /i 2160
[06/07/2009 16:12:08] /i 2160
[06/07/2009 16:12:08] /i 2160
[06/07/2009 16:12:08] /i 2160
[06/07/2009 16:12:08] /i 2160
[06/07/2009 16:12:08] /i 2160
[06/07/2009 16:12:08] /i 2160
[06/07/2009 16:12:08] /i 2160
[06/07/2009 16:12:08] /i 2160
[06/07/2009 16:12:08] /i 2160
[06/07/2009 16:12:08] /i 2160
[06/07/2009 16:12:08] /i 2160
[06/07/2009 16:12:08] /i 2160
[06/07/2009 16:12:08] /i 2160
[06/07/2009 16:12:08] /i 2160
[06/07/2009 16:12:08] /i 2160
[06/07/2009 16:12:08] /i 2160
[06/07/2009 16:12:08] /i 2160
[06/07/2009 16:12:09] /i 2160
[06/07/2009 16:12:09] /i 2160
[06/07/2009 16:12:09] /i 2160
[06/07/2009 16:12:09] /i 2160
[06/07/2009 16:12:09] /i 2160
[06/07/2009 16:12:09] /i 2160
[06/07/2009 16:12:09] /i 2160
[06/07/2009 16:12:09] /i 2160
[06/07/2009 16:12:09] /i 2160
[06/07/2009 16:12:09] /i 2160
[06/07/2009 16:12:09] /i 2160
[06/07/2009 16:12:09] /i 2160
[06/07/2009 16:12:09] /i 2160
[06/07/2009 16:12:09] /i 2160
[06/07/2009 16:12:09] /i 2160
[06/07/2009 16:12:09] /i 2160
[06/07/2009 16:12:09] /i 2160
[06/07/2009 16:12:09] /i 2160
[06/07/2009 16:12:09] /i 2160
[06/07/2009 16:12:09] /i 2160
[06/07/2009 16:12:09] /i 2160
[06/07/2009 16:12:09] /i 2160
[06/07/2009 16:12:09] /i 2160
[06/07/2009 16:12:09] /i 2160
[06/07/2009 16:12:09] /i 2160
[06/07/2009 16:12:09] /i 2160
[06/07/2009 16:12:09] /i 2160
[06/07/2009 16:12:09] /i 2160
[06/07/2009 16:12:10] /i 2160
[06/07/2009 16:12:10] /i 2160
[06/07/2009 16:12:10] /i 2160
[06/07/2009 16:12:10] /i 2160
[06/07/2009 16:12:10] /i 2160
[06/07/2009 16:12:10] /i 2160
[06/07/2009 16:12:10] /i 2160
[06/07/2009 16:12:10] /i 2160
[06/07/2009 16:12:10] /i 2160
[06/07/2009 16:12:10] /i 2160
[06/07/2009 16:12:10] /i 2160
[06/07/2009 16:12:10] /i 2160
[06/07/2009 16:12:10] /i 2160
[06/07/2009 16:12:10] /i 2160
[06/07/2009 16:12:10] /i 2160
[06/07/2009 16:12:10] /i 2160
[06/07/2009 16:12:10] /i 2160
[06/07/2009 16:12:10] /i 2160
[06/07/2009 16:12:10] /i 2160
[06/07/2009 16:12:10] /i 2160
[06/07/2009 16:12:10] /i 2160
[06/07/2009 16:12:10] /i 2160
[06/07/2009 16:12:10] /i 2160
[06/07/2009 16:12:10] /i 2160
[06/07/2009 16:12:10] /i 2160
[06/07/2009 16:12:10] /i 2160
[06/07/2009 16:12:11] /i 2160
[06/07/2009 16:12:11] /i 2160
[06/07/2009 16:12:11] /i 2160
[06/07/2009 16:12:11] /i 2160
[06/07/2009 16:12:11] /i 2160
[06/07/2009 16:12:11] /i 2160
[06/07/2009 16:12:11] /i 2160
[06/07/2009 16:12:11] /i 2160
[06/07/2009 16:12:11] /i 2160
[06/07/2009 16:12:11] /i 2160
[06/07/2009 16:12:11] /i 2160
[06/07/2009 16:12:11] /i 2160
[06/07/2009 16:12:11] /i 2160
[06/07/2009 16:12:11] /i 2160
[06/07/2009 16:12:11] /i 2160
[06/07/2009 16:12:11] /i 2160
[06/07/2009 16:12:11] /i 2160
[06/07/2009 16:12:11] /i 2160
[06/07/2009 16:12:11] /i 2160
[06/07/2009 16:12:11] /i 2160
[06/07/2009 16:12:11] /i 2160
[06/07/2009 16:12:11] /i 2160
[06/07/2009 16:12:11] /i 2160
[06/07/2009 16:12:11] /i 2160
[06/07/2009 16:12:11] /i 2160
[06/07/2009 16:12:11] /i 2160
[06/07/2009 16:12:11] /i 2160
[06/07/2009 16:12:11] /i 2160
[06/07/2009 16:12:12] /i 2160
[06/07/2009 16:12:12] /i 2160
[06/07/2009 16:12:12] /i 2160
[06/07/2009 16:12:12] /i 2160
[06/07/2009 16:12:12] /i 2160
[06/07/2009 16:12:12] /i 2160
[06/07/2009 16:12:12] /i 2160
[06/07/2009 16:12:12] /i 2160
[06/07/2009 16:12:12] /i 2160
[06/07/2009 16:12:12] /i 2160
[06/07/2009 16:12:12] /i 2160
[06/07/2009 16:12:12] /i 2160
[06/07/2009 16:12:12] /i 2160
[06/07/2009 16:12:12] /i 2160
[06/07/2009 16:12:12] /i 2160
[06/07/2009 16:12:12] /i 2160
[06/07/2009 16:12:12] /i 2160
[06/07/2009 16:12:12] /i 2160
[06/07/2009 16:12:12] /i 2160
[06/07/2009 16:12:12] /i 2160
[06/07/2009 16:12:12] /i 2160
[06/07/2009 16:12:12] /i 2160
[06/07/2009 16:12:12] /i 2160
[06/07/2009 16:12:12] /i 2160
[06/07/2009 16:12:12] /i 2160
[06/07/2009 16:12:12] /i 2160
[06/07/2009 16:12:12] /i 2160
[06/07/2009 16:12:12] /i 2160
[06/07/2009 16:12:12] /i 2160
[06/07/2009 16:12:13] /i 2160
[06/07/2009 16:12:13] /i 2160
[06/07/2009 16:12:13] /i 2160
[06/07/2009 16:12:13] /i 2160
[06/07/2009 16:12:13] /i 2160
[06/07/2009 16:12:13] /i 2160
[06/07/2009 16:12:13] /i 2160
[06/07/2009 16:12:13] /i 2160
[06/07/2009 16:12:13] /i 2160
[06/07/2009 16:12:13] /i 2160
[06/07/2009 16:12:13] /i 2160
[06/07/2009 16:12:13] /i 2160
[06/07/2009 16:12:13] /i 2160
[06/07/2009 16:12:13] /i 2160
[06/07/2009 16:12:13] /i 2160
[06/07/2009 16:12:13] /i 2160
[06/07/2009 16:12:13] /i 2160
[06/07/2009 16:12:13] /i 2160
[06/07/2009 16:12:13] /i 2160
[06/07/2009 16:12:13] /i 2160
[06/07/2009 16:12:13] /i 2160
[06/07/2009 16:12:13] /i 2160
[06/07/2009 16:12:13] /i 2160
[06/07/2009 16:12:13] /i 2160
[06/07/2009 16:12:13] /i 2160
[06/07/2009 16:12:13] /i 2160
[06/07/2009 16:12:13] /i 2160
[06/07/2009 16:12:13] /i 2160
[06/07/2009 16:12:14] /i 2160
[06/07/2009 16:12:14] /i 2160
[06/07/2009 16:12:14] /i 2160
[06/07/2009 16:12:14] /i 2160
[06/07/2009 16:12:14] /i 2160
[06/07/2009 16:12:14] /i 2160
[06/07/2009 16:12:14] /i 2160
[06/07/2009 16:12:14] /i 2160
[06/07/2009 16:12:14] /i 2160
[06/07/2009 16:12:14] /i 2160
[06/07/2009 16:12:14] /i 2160
[06/07/2009 16:12:14] /i 2160
[06/07/2009 16:12:14] /i 2160
[06/07/2009 16:12:14] /i 2160
[06/07/2009 16:12:14] /i 2160
[06/07/2009 16:12:14] /i 2160
[06/07/2009 16:12:14] /i 2160
[06/07/2009 16:12:14] /i 2160
[06/07/2009 16:12:14] /i 2160
[06/07/2009 16:12:14] /i 2160
[06/07/2009 16:12:14] /i 2160
[06/07/2009 16:12:14] /i 2160
[06/07/2009 16:12:14] /i 2160
[06/07/2009 16:12:14] /i 2160
[06/07/2009 16:12:14] /i 2160
[06/07/2009 16:12:14] /i 2160
[06/07/2009 16:12:14] /i 2160
[06/07/2009 16:12:14] /i 2160
[06/07/2009 16:12:15] /i 2160
[06/07/2009 16:12:15] /i 2160
[06/07/2009 16:12:15] /i 2160
[06/07/2009 16:12:15] /i 2160
[06/07/2009 16:12:15] /i 2160
[06/07/2009 16:12:15] /i 2160
[06/07/2009 16:12:15] /i 2160
[06/07/2009 16:12:15] /i 2160
[06/07/2009 16:12:15] /i 2160
[06/07/2009 16:12:15] /i 2160
[06/07/2009 16:12:15] /i 2160
[06/07/2009 16:12:15] /i 2160
[06/07/2009 16:12:15] /i 2160
[06/07/2009 16:12:15] /i 2160
[06/07/2009 16:12:15] /i 2160
[06/07/2009 16:12:15] /i 2160
[06/07/2009 16:12:15] /i 2160
[06/07/2009 16:12:15] /i 2160
[06/07/2009 16:12:15] /i 2160
[06/07/2009 16:12:15] /i 2160
[06/07/2009 16:12:15] /i 2160
[06/07/2009 16:12:15] /i 2160
[06/07/2009 16:12:15] /i 2160
[06/07/2009 16:12:15] /i 2160
[06/07/2009 16:12:15] /i 2160
[06/07/2009 16:12:15] /i 2160
[06/07/2009 16:12:15] /i 2160
[06/07/2009 16:12:15] /i 2160
[06/07/2009 16:12:15] /i 2160
[06/07/2009 16:12:16] /i 2160
[06/07/2009 16:12:16] /i 2160
[06/07/2009 16:12:16] /i 2160
[06/07/2009 16:12:16] /i 2160
[06/07/2009 16:12:16] /i 2160
[06/07/2009 16:12:16] /i 2160
[06/07/2009 16:12:16] /i 2160
[06/07/2009 16:12:16] /i 2160
[06/07/2009 16:12:16] /i 2160
[06/07/2009 16:12:16] /i 2160
[06/07/2009 16:12:16] /i 2160
[06/07/2009 16:12:16] /i 2160
[06/07/2009 16:12:16] /i 2160
[06/07/2009 16:12:16] /i 2160
[06/07/2009 16:12:16] /i 2160
[06/07/2009 16:12:16] /i 2160
[06/07/2009 16:12:16] /i 2160
[06/07/2009 16:12:16] /i 2160
[06/07/2009 16:12:16] /i 2160
[06/07/2009 16:12:16] /i 2160
[06/07/2009 16:12:16] /i 2160
[06/07/2009 16:12:16] /i 2160
[06/07/2009 16:12:16] /i 2160
[06/07/2009 16:12:16] /i 2160
[06/07/2009 16:12:16] /i 2160
[06/07/2009 16:12:16] /i 2160
[06/07/2009 16:12:16] /i 2160
[06/07/2009 16:12:17] /i 2160
[06/07/2009 16:12:17] /i 2160
[06/07/2009 16:12:17] /i 2160
[06/07/2009 16:12:17] /i 2160
[06/07/2009 16:12:17] /i 2160
[06/07/2009 16:12:17] /i 2160
[06/07/2009 16:12:17] /i 2160
[06/07/2009 16:12:17] /i 2160
[06/07/2009 16:12:17] /i 2160
[06/07/2009 16:12:17] /i 2160
[06/07/2009 16:12:17] /i 2160
[06/07/2009 16:12:17] /i 2160
[06/07/2009 16:12:17] /i 2160
[06/07/2009 16:12:17] /i 2160
[06/07/2009 16:12:17] /i 2160
[06/07/2009 16:12:17] /i 2160
[06/07/2009 16:12:17] /i 2160
[06/07/2009 16:12:17] /i 2160
[06/07/2009 16:12:17] /i 2160
[06/07/2009 16:12:17] /i 2160
[06/07/2009 16:12:17] /i 2160
[06/07/2009 16:12:17] /i 2160
[06/07/2009 16:12:17] /i 2160
[06/07/2009 16:12:17] /i 2160
[06/07/2009 16:12:17] /i 2160
[06/07/2009 16:12:17] /i 2160
[06/07/2009 16:12:17] /i 2160
[06/07/2009 16:12:17] /i 2160
[06/07/2009 16:12:17] /i 2160
[06/07/2009 16:12:18] /i 2160
[06/07/2009 16:12:18] /i 2160
[06/07/2009 16:12:18] /i 2160
[06/07/2009 16:12:18] /i 2160
[06/07/2009 16:12:25] /i 2160
[06/07/2009 16:12:26] /i 2160
[06/07/2009 16:12:26] /i 2160
[06/07/2009 16:12:26] /i 2160
[06/07/2009 16:12:26] /i 2160
[06/07/2009 16:12:26] /i 2160
[06/07/2009 16:12:26] /i 2160
[06/07/2009 16:12:26] /i 2160
[06/07/2009 16:12:26] /i 2160
[06/07/2009 16:12:26] /i 2160
[06/07/2009 16:12:26] /i 2160
[06/07/2009 16:12:26] /i 2160
[06/07/2009 16:12:26] /i 2160
[06/07/2009 16:12:26] /i 2160
[06/07/2009 16:12:26] /i 2160
[06/07/2009 16:12:26] /i 2160
[06/07/2009 16:12:26] /i 2160
[06/07/2009 16:12:26] /i 2160
[06/07/2009 16:12:26] /i 2160
[06/07/2009 16:12:26] /i 2160
[06/07/2009 16:12:26] /i 2160
[06/07/2009 16:12:26] /i 2160
[06/07/2009 16:12:26] /i 2160
[06/07/2009 16:12:26] /i 2160
[06/07/2009 16:12:26] /i 2160
[06/07/2009 16:12:26] /i 2160
[06/07/2009 16:12:26] /i 2160
[06/07/2009 16:12:26] /i 2160
[06/07/2009 16:12:27] /i 2160
[06/07/2009 16:12:27] /i 2160
[06/07/2009 16:12:27] /i 2160
[06/07/2009 16:12:27] /i 2160
[06/07/2009 16:12:27] /i 2160
[06/07/2009 16:12:27] /i 2160
[06/07/2009 16:12:27] /i 2160
[06/07/2009 16:12:27] /i 2160
[06/07/2009 16:12:27] /i 2160
[06/07/2009 16:12:27] /i 2160
[06/07/2009 16:12:27] /i 2160
[06/07/2009 16:12:27] /i 2160
[06/07/2009 16:12:27] /i 2160
[06/07/2009 16:12:27] /i 2160
[06/07/2009 16:12:27] /i 2160
[06/07/2009 16:12:27] /i 2160
[06/07/2009 16:12:27] /i 2160
[06/07/2009 16:12:27] /i 2160
[06/07/2009 16:12:27] /i 2160
[06/07/2009 16:12:27] /i 2160
[06/07/2009 16:12:27] /i 2160
[06/07/2009 16:12:27] /i 2160
[06/07/2009 16:12:27] /i 2160
[06/07/2009 16:12:27] /i 2160
[06/07/2009 16:12:27] /i 2160
[06/07/2009 16:12:27] /i 2160
[06/07/2009 16:12:27] /i 2160
[06/07/2009 16:12:27] /i 2160
[06/07/2009 16:12:28] /i 2160
[06/07/2009 16:12:28] /i 2160
[06/07/2009 16:12:28] /i 2160
[06/07/2009 16:12:28] /i 2160
[06/07/2009 16:12:28] /i 2160
[06/07/2009 16:12:28] /i 2160
[06/07/2009 16:12:28] /i 2160
[06/07/2009 16:12:28] /i 2160
[06/07/2009 16:12:28] /i 2160
[06/07/2009 16:12:28] /i 2160
[06/07/2009 16:12:28] /i 2160
[06/07/2009 16:12:28] /i 2160
[06/07/2009 16:12:28] /i 2160
[06/07/2009 16:12:28] /i 2160
[06/07/2009 16:12:28] /i 2160
[06/07/2009 16:12:28] /i 2160
[06/07/2009 16:12:28] /i 2160
[06/07/2009 16:12:28] /i 2160
[06/07/2009 16:12:28] /i 2160
[06/07/2009 16:12:28] /i 2160
[06/07/2009 16:12:28] /i 2160
[06/07/2009 16:12:28] /i 2160
[06/07/2009 16:12:28] /i 2160
[06/07/2009 16:12:28] /i 2160
[06/07/2009 16:12:28] /i 2160
[06/07/2009 16:12:28] /i 2160
[06/07/2009 16:12:28] /i 2160
[06/07/2009 16:12:28] /i 2160
[06/07/2009 16:12:29] /i 2160
[06/07/2009 16:12:29] /i 2160
[06/07/2009 16:12:29] /i 2160
[06/07/2009 16:12:29] /i 2160
[06/07/2009 16:12:29] /i 2160
[06/07/2009 16:12:29] /i 2160
[06/07/2009 16:12:29] /i 2160
[06/07/2009 16:12:29] /i 2160
[06/07/2009 16:12:29] /i 2160
[06/07/2009 16:12:29] /i 2160
[06/07/2009 16:12:29] /i 2160
[06/07/2009 16:12:29] /i 2160
[06/07/2009 16:12:29] /i 2160
[06/07/2009 16:12:29] /i 2160
[06/07/2009 16:12:29] /i 2160
[06/07/2009 16:12:29] /i 2160
[06/07/2009 16:12:29] /i 2160
[06/07/2009 16:12:29] /i 2160
[06/07/2009 16:12:29] /i 2160
[06/07/2009 16:12:29] /i 2160
[06/07/2009 16:12:29] /i 2160
[06/07/2009 16:12:29] /i 2160
[06/07/2009 16:12:29] /i 2160
[06/07/2009 16:12:29] /i 2160
[06/07/2009 16:12:29] /i 2160
[06/07/2009 16:12:29] /i 2160
[06/07/2009 16:12:29] /i 2160
[06/07/2009 16:12:29] /i 2160
[06/07/2009 16:12:30] /i 2160
[06/07/2009 16:12:30] /i 2160
[06/07/2009 16:12:30] /i 2160
[06/07/2009 16:12:30] /i 2160
[06/07/2009 16:12:30] /i 2160
[06/07/2009 16:12:30] /i 2160
[06/07/2009 16:12:30] /i 2160
[06/07/2009 16:12:30] /i 2160
[06/07/2009 16:12:30] /i 2160
[06/07/2009 16:12:30] /i 2160
[06/07/2009 16:12:30] /i 2160
[06/07/2009 16:12:30] /i 2160
[06/07/2009 16:12:30] /i 2160
[06/07/2009 16:12:30] /i 2160
[06/07/2009 16:12:30] /i 2160
[06/07/2009 16:12:30] /i 2160
[06/07/2009 16:12:30] /i 2160
[06/07/2009 16:12:30] /i 2160
[06/07/2009 16:12:30] /i 2160
[06/07/2009 16:12:30] /i 2160
[06/07/2009 16:12:30] /i 2160
[06/07/2009 16:12:30] /i 2160
[06/07/2009 16:12:30] /i 2160
[06/07/2009 16:12:30] /i 2160
[06/07/2009 16:12:30] /i 2160
[06/07/2009 16:12:30] /i 2160
[06/07/2009 16:12:30] /i 2160
[06/07/2009 16:12:30] /i 2160
[06/07/2009 16:12:31] /i 2160
[06/07/2009 16:12:31] /i 2160
[06/07/2009 16:12:31] /i 2160
[06/07/2009 16:12:31] /i 2160
[06/07/2009 16:12:31] /i 2160
[06/07/2009 16:12:31] /i 2160
[06/07/2009 16:12:31] /i 2160
[06/07/2009 16:12:31] /i 2160
[06/07/2009 16:12:31] /i 2160
[06/07/2009 16:12:31] /i 2160
[06/07/2009 16:12:32] /i 2160
[06/07/2009 16:12:32] /i 2160
[06/07/2009 16:12:32] /i 2160
[06/07/2009 16:12:35] /i 2160
[06/07/2009 16:12:36] /i 2160
[06/07/2009 16:12:36] /i 2160
[06/07/2009 16:12:36] /i 2160
[06/07/2009 16:12:36] /i 2160
[06/07/2009 16:12:36] /i 2160
[06/07/2009 16:12:36] /i 2160
[06/07/2009 16:12:36] /i 2160
[06/07/2009 16:12:36] /i 2160
[06/07/2009 16:12:36] /i 2160
[06/07/2009 16:12:36] /i 2160
[06/07/2009 16:12:36] /i 2160
[06/07/2009 16:12:36] /i 2160
[06/07/2009 16:12:36] /i 2160
[06/07/2009 16:12:36] /i 2160
[06/07/2009 16:12:36] /i 2160
[06/07/2009 16:12:36] /i 2160
[06/07/2009 16:12:37] /i 2160
[06/07/2009 16:12:37] /i 2160
[06/07/2009 16:12:37] /i 2160
[06/07/2009 16:12:37] /i 2160
[06/07/2009 16:12:37] /i 2160
[06/07/2009 16:12:37] /i 2160
[06/07/2009 16:12:37] /i 2160
[06/07/2009 16:12:37] /i 2160
[06/07/2009 16:12:37] /i 2160
[06/07/2009 16:12:37] /i 2160
[06/07/2009 16:12:37] /i 2160
[06/07/2009 16:12:37] /i 2160
[06/07/2009 16:12:37] /i 2160
[06/07/2009 16:12:37] /i 2160
[06/07/2009 16:12:37] /i 2160
[06/07/2009 16:12:37] /i 2160
[06/07/2009 16:12:37] /i 2160
[06/07/2009 16:12:37] /i 2160
[06/07/2009 16:12:37] /i 2160
[06/07/2009 16:12:37] /i 2160
[06/07/2009 16:12:37] /i 2160
[06/07/2009 16:12:37] /i 2160
[06/07/2009 16:12:37] /i 2160
[06/07/2009 16:12:37] /i 2160
[06/07/2009 16:12:37] /i 2160
[06/07/2009 16:12:37] /i 2160
[06/07/2009 16:12:37] /i 2160
[06/07/2009 16:12:37] /i 2160
[06/07/2009 16:12:38] /i 2160
[06/07/2009 16:12:38] /i 2160
[06/07/2009 16:12:38] /i 2160
[06/07/2009 16:12:38] /i 2160
[06/07/2009 16:12:38] /i 2160
[06/07/2009 16:12:38] /i 2160
[06/07/2009 16:12:38] /i 2160
[06/07/2009 16:12:38] /i 2160
[06/07/2009 16:12:38] /i 2160
[06/07/2009 16:12:38] /i 2160
[06/07/2009 16:12:38] /i 2160
[06/07/2009 16:12:38] /i 2160
[06/07/2009 16:12:38] /i 2160
[06/07/2009 16:12:38] /i 2160
[06/07/2009 16:12:38] /i 2160
[06/07/2009 16:12:38] /i 2160
[06/07/2009 16:12:38] /i 2160
[06/07/2009 16:12:38] /i 2160
[06/07/2009 16:12:38] /i 2160
[06/07/2009 16:12:38] /i 2160
[06/07/2009 16:12:38] /i 2160
[06/07/2009 16:12:38] /i 2160
[06/07/2009 16:12:38] /i 2160
[06/07/2009 16:12:38] /i 2160
[06/07/2009 16:12:38] /i 2160
[06/07/2009 16:12:38] /i 2160
[06/07/2009 16:12:38] /i 2160
[06/07/2009 16:12:38] /i 2160
[06/07/2009 16:12:38] /i 2160
[06/07/2009 16:12:39] /i 2160
[06/07/2009 16:12:39] /i 2160
[06/07/2009 16:12:39] /i 2160
[06/07/2009 16:12:39] /i 2160
[06/07/2009 16:12:39] /i 2160
[06/07/2009 16:12:39] /i 2160
[06/07/2009 16:12:39] /i 2160
[06/07/2009 16:12:39] /i 2160
[06/07/2009 16:12:39] /i 2160
[06/07/2009 16:12:39] /i 2160
[06/07/2009 16:12:39] /i 2160
[06/07/2009 16:12:39] /i 2160
[06/07/2009 16:12:39] /i 2160
[06/07/2009 16:12:39] /i 2160
[06/07/2009 16:12:39] /i 2160
[06/07/2009 16:12:39] /i 2160
[06/07/2009 16:12:39] /i 2160
[06/07/2009 16:12:39] /i 2160
[06/07/2009 16:12:39] /i 2160
[06/07/2009 16:12:39] /i 2160
[06/07/2009 16:12:39] /i 2160
[06/07/2009 16:12:39] /i 2160
[06/07/2009 16:12:39] /i 2160
[06/07/2009 16:12:39] /i 2160
[06/07/2009 16:12:39] /i 2160
[06/07/2009 16:12:39] /i 2160
[06/07/2009 16:12:39] /i 2160
[06/07/2009 16:12:39] /i 2160
[06/07/2009 16:12:40] /i 2160
[06/07/2009 16:12:40] /i 2160
[06/07/2009 16:12:40] /i 2160
[06/07/2009 16:12:40] /i 2160
[06/07/2009 16:12:40] /i 2160
[06/07/2009 16:12:40] /i 2160
[06/07/2009 16:12:40] /i 2160
[06/07/2009 16:12:40] /i 2160
[06/07/2009 16:12:40] /i 2160
[06/07/2009 16:12:40] /i 2160
[06/07/2009 16:12:40] /i 2160
[06/07/2009 16:12:40] /i 2160
[06/07/2009 16:12:40] /i 2160
[06/07/2009 16:12:40] /i 2160
[06/07/2009 16:12:40] /i 2160
[06/07/2009 16:12:40] /i 2160
[06/07/2009 16:12:40] /i 2160
[06/07/2009 16:12:40] /i 2160
[06/07/2009 16:12:40] /i 2160
[06/07/2009 16:12:40] /i 2160
[06/07/2009 16:12:40] /i 2160
[06/07/2009 16:12:40] /i 2160
[06/07/2009 16:12:40] /i 2160
[06/07/2009 16:12:40] /i 2160
[06/07/2009 16:12:40] /i 2160
[06/07/2009 16:12:40] /i 2160
[06/07/2009 16:12:40] /i 2160
[06/07/2009 16:12:40] /i 2160
[06/07/2009 16:12:41] /i 2160
[06/07/2009 16:12:41] /i 2160
[06/07/2009 16:12:41] /i 2160
[06/07/2009 16:12:41] /i 2160
[06/07/2009 16:12:41] /i 2160
[06/07/2009 16:12:41] /i 2160
[06/07/2009 16:12:41] /i 2160
[06/07/2009 16:12:41] /i 2160
[06/07/2009 16:12:41] /i 2160
[06/07/2009 16:12:41] /i 2160
[06/07/2009 16:12:41] /i 2160
[06/07/2009 16:12:41] /i 2160
[06/07/2009 16:12:41] /i 2160
[06/07/2009 16:12:41] /i 2160
[06/07/2009 16:12:41] /i 2160
[06/07/2009 16:12:41] /i 2160
[06/07/2009 16:12:41] /i 2160
[06/07/2009 16:12:41] /i 2160
[06/07/2009 16:12:41] /i 2160
[06/07/2009 16:12:41] /i 2160
[06/07/2009 16:12:41] /i 2160
[06/07/2009 16:12:41] /i 2160
[06/07/2009 16:12:41] /i 2160
[06/07/2009 16:12:41] /i 2160
[06/07/2009 16:12:41] /i 2160
[06/07/2009 16:12:41] /i 2160
[06/07/2009 16:12:41] /i 2160
[06/07/2009 16:12:41] /i 2160
[06/07/2009 16:12:42] /i 2160
[06/07/2009 16:12:42] /i 2160
[06/07/2009 16:12:42] /i 2160
[06/07/2009 16:12:42] /i 2160
[06/07/2009 16:12:42] /i 2160
[06/07/2009 16:12:42] /i 2160
[06/07/2009 16:12:42] /i 2160
[06/07/2009 16:12:42] /i 2160
[06/07/2009 16:12:42] /i 2160
[06/07/2009 16:12:42] /i 2160
[06/07/2009 16:12:42] /i 2160
[06/07/2009 16:12:42] /i 2160
[06/07/2009 16:12:42] /i 2160
[06/07/2009 16:12:42] /i 2160
[06/07/2009 16:12:42] /i 2160
[06/07/2009 16:12:42] /i 2160
[06/07/2009 16:12:42] /i 2160
[06/07/2009 16:12:42] /i 2160
[06/07/2009 16:12:42] /i 2160
[06/07/2009 16:12:42] /i 2160
[06/07/2009 16:12:42] /i 2160
[06/07/2009 16:12:42] /i 2160
[06/07/2009 16:12:42] /i 2160
[06/07/2009 16:12:42] /i 2160
[06/07/2009 16:12:42] /i 2160
[06/07/2009 16:12:42] /i 2160
[06/07/2009 16:12:42] /i 2160
[06/07/2009 16:12:42] /i 2160
[06/07/2009 16:12:42] /i 2160
[06/07/2009 16:12:43] /i 2160
[06/07/2009 16:12:43] /i 2160
[06/07/2009 16:12:43] /i 2160
[06/07/2009 16:12:43] /i 2160
[06/07/2009 16:12:43] /i 2160
[06/07/2009 16:12:43] /i 2160
[06/07/2009 16:12:43] /i 2160
[06/07/2009 16:12:43] /i 2160
[06/07/2009 16:12:43] /i 2160
[06/07/2009 16:12:43] /i 2160
[06/07/2009 16:12:43] /i 2160
[06/07/2009 16:12:43] /i 2160
[06/07/2009 16:12:43] /i 2160
[06/07/2009 16:12:43] /i 2160
[06/07/2009 16:12:43] /i 2160
[06/07/2009 16:12:43] /i 2160
[06/07/2009 16:12:43] /i 2160
[06/07/2009 16:12:43] /i 2160
[06/07/2009 16:12:43] /i 2160
[06/07/2009 16:12:43] /i 2160
[06/07/2009 16:12:43] /i 2160
[06/07/2009 16:12:43] /i 2160
[06/07/2009 16:12:43] /i 2160
[06/07/2009 16:12:43] /i 2160
[06/07/2009 16:12:43] /i 2160
[06/07/2009 16:12:43] /i 2160
[06/07/2009 16:12:43] /i 2160
[06/07/2009 16:12:43] /i 2160
[06/07/2009 16:12:44] /i 2160
[06/07/2009 16:12:44] /i 2160
[06/07/2009 16:12:44] /i 2160
[06/07/2009 16:12:44] /i 2160
[06/07/2009 16:12:44] /i 2160
[06/07/2009 16:12:44] /i 2160
[06/07/2009 16:12:44] /i 2160
[06/07/2009 16:12:44] /i 2160
[06/07/2009 16:12:44] /i 2160
[06/07/2009 16:12:44] /i 2160
[06/07/2009 16:12:44] /i 2160
[06/07/2009 16:12:44] /i 2160
[06/07/2009 16:12:44] /i 2160
[06/07/2009 16:12:44] /i 2160
[06/07/2009 16:12:44] /i 2160
[06/07/2009 16:12:44] /i 2160
[06/07/2009 16:12:44] /i 2160
[06/07/2009 16:12:44] /i 2160
[06/07/2009 16:12:44] /i 2160
[06/07/2009 16:12:44] /i 2160
[06/07/2009 16:12:44] /i 2160
[06/07/2009 16:12:44] /i 2160
[06/07/2009 16:12:44] /i 2160
[06/07/2009 16:12:44] /i 2160
[06/07/2009 16:12:44] /i 2160
[06/07/2009 16:12:44] /i 2160
[06/07/2009 16:12:44] /i 2160
[06/07/2009 16:12:44] /i 2160
[06/07/2009 16:12:44] /i 2160
[06/07/2009 16:12:45] /i 2160
[06/07/2009 16:12:45] /i 2160
[06/07/2009 16:12:45] /i 2160
[06/07/2009 16:12:45] /i 2160
[06/07/2009 16:12:45] /i 2160
[06/07/2009 16:12:45] /i 2160
[06/07/2009 16:12:45] /i 2160
[06/07/2009 16:12:45] /i 2160
[06/07/2009 16:12:45] /i 2160
[06/07/2009 16:12:45] /i 2160
[06/07/2009 16:12:45] /i 2160
[06/07/2009 16:12:45] /i 2160
[06/07/2009 16:12:45] /i 2160
[06/07/2009 16:12:45] /i 2160
[06/07/2009 16:12:45] /i 2160
[06/07/2009 16:12:45] /i 2160
[06/07/2009 16:12:45] /i 2160
[06/07/2009 16:12:45] /i 2160
[06/07/2009 16:12:45] /i 2160
[06/07/2009 16:12:45] /i 2160
[06/07/2009 16:12:45] /i 2160
[06/07/2009 16:12:45] /i 2160
[06/07/2009 16:12:45] /i 2160
[06/07/2009 16:12:45] /i 2160
[06/07/2009 16:12:45] /i 2160
[06/07/2009 16:12:45] /i 2160
[06/07/2009 16:12:45] /i 2160
[06/07/2009 16:12:45] /i 2160
[06/07/2009 16:12:46] /i 2160
[06/07/2009 16:12:46] /i 2160
[06/07/2009 16:12:46] /i 2160
[06/07/2009 16:12:46] /i 2160
[06/07/2009 16:12:46] /i 2160
[06/07/2009 16:12:46] /i 2160
[06/07/2009 16:12:46] /i 2160
[06/07/2009 16:12:46] /i 2160
[06/07/2009 16:12:46] /i 2160
[06/07/2009 16:12:46] /i 2160
[06/07/2009 16:12:46] /i 2160
[06/07/2009 16:12:46] /i 2160
[06/07/2009 16:12:46] /i 2160
[06/07/2009 16:12:46] /i 2160
[06/07/2009 16:12:46] /i 2160
[06/07/2009 16:12:46] /i 2160
[06/07/2009 16:12:46] /i 2160
[06/07/2009 16:12:46] /i 2160
[06/07/2009 16:12:46] /i 2160
[06/07/2009 16:12:46] /i 2160
[06/07/2009 16:12:46] /i 2160
[06/07/2009 16:12:46] /i 2160
[06/07/2009 16:12:46] /i 2160
[06/07/2009 16:12:46] /i 2160
[06/07/2009 16:12:46] /i 2160
[06/07/2009 16:12:46] /i 2160
[06/07/2009 16:12:46] /i 2160
[06/07/2009 16:12:46] /i 2160
[06/07/2009 16:12:47] /i 2160
[06/07/2009 16:12:47] /i 2160
[06/07/2009 16:12:47] /i 2160
[06/07/2009 16:12:47] /i 2160
[06/07/2009 16:12:47] /i 2160
[06/07/2009 16:12:47] /i 2160
[06/07/2009 16:12:47] /i 2160
[06/07/2009 16:12:47] /i 2160
[06/07/2009 16:12:47] /i 2160
[06/07/2009 16:12:47] /i 2160
[06/07/2009 16:12:47] /i 2160
[06/07/2009 16:12:47] /i 2160
[06/07/2009 16:12:47] /i 2160
[06/07/2009 16:12:47] /i 2160
[06/07/2009 16:12:47] /i 2160
[06/07/2009 16:12:47] /i 2160
[06/07/2009 16:12:47] /i 2160
[06/07/2009 16:12:47] /i 2160
[06/07/2009 16:12:47] /i 2160
[06/07/2009 16:12:47] /i 2160
[06/07/2009 16:12:47] /i 2160
[06/07/2009 16:12:47] /i 2160
[06/07/2009 16:12:47] /i 2160
[06/07/2009 16:12:47] /i 2160
[06/07/2009 16:12:47] /i 2160
[06/07/2009 16:12:47] /i 2160
[06/07/2009 16:12:47] /i 2160
[06/07/2009 16:12:47] /i 2160
[06/07/2009 16:12:48] /i 2160
[06/07/2009 16:12:48] /i 2160
[06/07/2009 16:12:48] /i 2160
[06/07/2009 16:12:48] /i 2160
[06/07/2009 16:12:48] /i 2160
[06/07/2009 16:12:48] /i 2160
[06/07/2009 16:12:48] /i 2160
[06/07/2009 16:12:48] /i 2160
[06/07/2009 16:12:48] /i 2160
[06/07/2009 16:12:48] /i 2160
[06/07/2009 16:12:48] /i 2160
[06/07/2009 16:12:48] /i 2160
[06/07/2009 16:12:48] /i 2160
[06/07/2009 16:12:48] /i 2160
[06/07/2009 16:12:48] /i 2160
[06/07/2009 16:12:48] /i 2160
[06/07/2009 16:12:48] /i 2160
[06/07/2009 16:12:48] /i 2160
[06/07/2009 16:12:48] /i 2160
[06/07/2009 16:12:48] /i 2160
[06/07/2009 16:12:48] /i 2160
[06/07/2009 16:12:48] /i 2160
[06/07/2009 16:12:48] /i 2160
[06/07/2009 16:12:48] /i 2160
[06/07/2009 16:12:48] /i 2160
[06/07/2009 16:12:48] /i 2160
[06/07/2009 16:12:48] /i 2160
[06/07/2009 16:12:48] /i 2160
[06/07/2009 16:12:49] /i 2160
[06/07/2009 16:12:49] /i 2160
[06/07/2009 16:12:49] /i 2160
[06/07/2009 16:12:49] /i 2160
[06/07/2009 16:12:49] /i 2160
[06/07/2009 16:12:49] /i 2160
[06/07/2009 16:12:49] /i 2160
[06/07/2009 16:12:49] /i 2160
[06/07/2009 16:12:49] /i 2160
[06/07/2009 16:12:49] /i 2160
[06/07/2009 16:12:49] /i 2160
[06/07/2009 16:12:49] /i 2160
[06/07/2009 16:12:49] /i 2160
[06/07/2009 16:12:49] /i 2160
[06/07/2009 16:12:49] /i 2160
[06/07/2009 16:12:49] /i 2160
[06/07/2009 16:12:49] /i 2160
[06/07/2009 16:12:49] /i 2160
[06/07/2009 16:12:49] /i 2160
[06/07/2009 16:12:49] /i 2160
[06/07/2009 16:12:49] /i 2160
[06/07/2009 16:12:49] /i 2160
[06/07/2009 16:12:49] /i 2160
[06/07/2009 16:12:49] /i 2160
[06/07/2009 16:12:49] /i 2160
[06/07/2009 16:12:49] /i 2160
[06/07/2009 16:12:49] /i 2160
[06/07/2009 16:12:49] /i 2160
[06/07/2009 16:12:49] /i 2160
[06/07/2009 16:12:50] /i 2160
[06/07/2009 16:12:50] /i 2160
[06/07/2009 16:12:50] /i 2160
[06/07/2009 16:12:50] /i 2160
[06/07/2009 16:12:50] /i 2160
[06/07/2009 16:12:50] /i 2160
[06/07/2009 16:12:50] /i 2160
[06/07/2009 16:12:50] /i 2160
[06/07/2009 16:12:50] /i 2160
[06/07/2009 16:12:50] /i 2160
[06/07/2009 16:12:50] /i 2160
[06/07/2009 16:12:50] /i 2160
[06/07/2009 16:12:50] /i 2160
[06/07/2009 16:12:50] /i 2160
[06/07/2009 16:12:50] /i 2160
[06/07/2009 16:12:50] /i 2160
[06/07/2009 16:12:50] /i 2160
[06/07/2009 16:12:50] /i 2160
[06/07/2009 16:12:50] /i 2160
[06/07/2009 16:12:50] /i 2160
[06/07/2009 16:12:50] /i 2160
[06/07/2009 16:12:50] /i 2160
[06/07/2009 16:12:50] /i 2160
[06/07/2009 16:12:50] /i 2160
[06/07/2009 16:12:50] /i 2160
[06/07/2009 16:12:50] /i 2160
[06/07/2009 16:12:50] /i 2160
[06/07/2009 16:12:50] /i 2160
[06/07/2009 16:12:51] /i 2160
[06/07/2009 16:12:51] /i 2160
[06/07/2009 16:12:51] /i 2160
[06/07/2009 16:12:51] /i 2160
[06/07/2009 16:12:51] /i 2160
[06/07/2009 16:12:51] /i 2160
[06/07/2009 16:12:51] /i 2160
[06/07/2009 16:12:51] /i 2160
[06/07/2009 16:12:51] /i 2160
[06/07/2009 16:12:51] /i 2160
[06/07/2009 16:12:51] /i 2160
[06/07/2009 16:12:51] /i 2160
[06/07/2009 16:12:51] /i 2160
[06/07/2009 16:12:51] /i 2160
[06/07/2009 16:12:51] /i 2160
[06/07/2009 16:12:51] /i 2160
[06/07/2009 16:12:51] /i 2160
[06/07/2009 16:12:51] /i 2160
[06/07/2009 16:12:51] /i 2160
[06/07/2009 16:12:51] /i 2160
[06/07/2009 16:12:51] /i 2160
[06/07/2009 16:12:51] /i 2160
[06/07/2009 16:12:51] /i 2160
[06/07/2009 16:12:51] /i 2160
[06/07/2009 16:12:51] /i 2160
[06/07/2009 16:12:51] /i 2160
[06/07/2009 16:12:51] /i 2160
[06/07/2009 16:12:51] /i 2160
[06/07/2009 16:12:51] /i 2160
[06/07/2009 16:12:52] /i 2160
[06/07/2009 16:12:52] /i 2160
[06/07/2009 16:12:52] /i 2160
[06/07/2009 16:12:52] /i 2160
[06/07/2009 16:12:52] /i 2160
[06/07/2009 16:12:52] /i 2160
[06/07/2009 16:12:52] /i 2160
[06/07/2009 16:12:52] /i 2160
[06/07/2009 16:12:52] /i 2160
[06/07/2009 16:12:52] /i 2160
[06/07/2009 16:12:52] /i 2160
[06/07/2009 16:12:52] /i 2160
[06/07/2009 16:12:52] /i 2160
[06/07/2009 16:12:52] /i 2160
[06/07/2009 16:12:52] /i 2160
[06/07/2009 16:12:52] /i 2160
[06/07/2009 16:12:52] /i 2160
[06/07/2009 16:12:52] /i 2160
[06/07/2009 16:12:52] /i 2160
[06/07/2009 16:12:52] /i 2160
[06/07/2009 16:12:52] /i 2160
[06/07/2009 16:12:52] /i 2160
[06/07/2009 16:12:52] /i 2160
[06/07/2009 16:12:52] /i 2160
[06/07/2009 16:12:52] /i 2160
[06/07/2009 16:12:52] /i 2160
[06/07/2009 16:12:52] /i 2160
[06/07/2009 16:12:52] /i 2160
[06/07/2009 16:12:53] /i 2160
[06/07/2009 16:12:53] /i 2160
[06/07/2009 16:12:53] /i 2160
[06/07/2009 16:12:53] /i 2160
[06/07/2009 16:12:53] /i 2160
[06/07/2009 16:12:53] /i 2160
[06/07/2009 16:12:53] /i 2160
[06/07/2009 16:12:53] /i 2160
[06/07/2009 16:12:53] /i 2160
[06/07/2009 16:12:53] /i 2160
[06/07/2009 16:12:53] /i 2160
[06/07/2009 16:12:53] /i 2160
[06/07/2009 16:12:53] /i 2160
[06/07/2009 16:12:53] /i 2160
[06/07/2009 16:12:53] /i 2160
[06/07/2009 16:12:53] /i 2160
[06/07/2009 16:12:53] /i 2160
[06/07/2009 16:12:53] /i 2160
[06/07/2009 16:12:53] /i 2160
[06/07/2009 16:12:53] /i 2160
[06/07/2009 16:12:53] /i 2160
[06/07/2009 16:12:53] /i 2160
[06/07/2009 16:12:53] /i 2160
[06/07/2009 16:12:53] /i 2160
[06/07/2009 16:12:53] /i 2160
[06/07/2009 16:12:53] /i 2160
[06/07/2009 16:12:53] /i 2160
[06/07/2009 16:12:53] /i 2160
[06/07/2009 16:12:53] /i 2160
[06/07/2009 16:12:54] /i 2160
[06/07/2009 16:12:54] /i 2160
[06/07/2009 16:12:54] /i 2160
[06/07/2009 16:12:54] /i 2160
[06/07/2009 16:12:54] /i 2160
[06/07/2009 16:12:54] /i 2160
[06/07/2009 16:12:54] /i 2160
[06/07/2009 16:12:54] /i 2160
[06/07/2009 16:12:54] /i 2160
[06/07/2009 16:12:54] /i 2160
[06/07/2009 16:12:54] /i 2160
[06/07/2009 16:12:54] /i 2160
[06/07/2009 16:12:54] /i 2160
[06/07/2009 16:12:54] /i 2160
[06/07/2009 16:12:54] /i 2160
[06/07/2009 16:12:54] /i 2160
[06/07/2009 16:12:54] /i 2160
[06/07/2009 16:12:54] /i 2160
[06/07/2009 16:12:54] /i 2160
[06/07/2009 16:12:54] /i 2160
[06/07/2009 16:12:54] /i 2160
[06/07/2009 16:12:54] /i 2160
[06/07/2009 16:12:54] /i 2160
[06/07/2009 16:12:54] /i 2160
[06/07/2009 16:12:54] /i 2160
[06/07/2009 16:12:54] /i 2160
[06/07/2009 16:12:54] /i 2160
[06/07/2009 16:12:55] /i 2160
[06/07/2009 16:12:55] /i 2160
[06/07/2009 16:12:55] /i 2160
[06/07/2009 16:12:55] /i 2160
[06/07/2009 16:12:55] /i 2160
[06/07/2009 16:12:55] /i 2160
[06/07/2009 16:12:55] /i 2160
[06/07/2009 16:12:55] /i 2160
[06/07/2009 16:12:55] /i 2160
[06/07/2009 16:12:55] /i 2160
[06/07/2009 16:12:55] /i 2160
[06/07/2009 16:12:55] /i 2160
[06/07/2009 16:12:55] /i 2160
[06/07/2009 16:12:55] /i 2160
[06/07/2009 16:12:55] /i 2160
[06/07/2009 16:12:55] /i 2160
[06/07/2009 16:12:55] /i 2160
[06/07/2009 16:12:55] /i 2160
[06/07/2009 16:12:55] /i 2160
[06/07/2009 16:12:55] /i 2160
[06/07/2009 16:12:55] /i 2160
[06/07/2009 16:12:55] /i 2160
[06/07/2009 16:12:55] /i 2160
[06/07/2009 16:12:55] /i 2160
[06/07/2009 16:12:55] /i 2160
[06/07/2009 16:12:55] /i 2160
[06/07/2009 16:12:55] /i 2160
[06/07/2009 16:12:55] /i 2160
[06/07/2009 16:12:55] /i 2160
[06/07/2009 16:12:56] /i 2160
[06/07/2009 16:12:56] /i 2160
[06/07/2009 16:12:56] /i 2160
[06/07/2009 16:12:56] /i 2160
[06/07/2009 16:12:56] /i 2160
[06/07/2009 16:12:56] /i 2160
[06/07/2009 16:12:56] /i 2160
[06/07/2009 16:12:56] /i 2160
[06/07/2009 16:12:56] /i 2160
[06/07/2009 16:12:56] /i 2160
[06/07/2009 16:12:56] /i 2160
[06/07/2009 16:12:56] /i 2160
[06/07/2009 16:12:56] /i 2160
[06/07/2009 16:12:56] /i 2160
[06/07/2009 16:12:56] /i 2160
[06/07/2009 16:12:56] /i 2160
[06/07/2009 16:12:56] /i 2160
[06/07/2009 16:12:56] /i 2160
[06/07/2009 16:12:56] /i 2160
[06/07/2009 16:12:56] /i 2160
[06/07/2009 16:12:56] /i 2160
[06/07/2009 16:12:56] /i 2160
[06/07/2009 16:12:56] /i 2160
[06/07/2009 16:12:56] /i 2160
[06/07/2009 16:12:56] /i 2160
[06/07/2009 16:12:56] /i 2160
[06/07/2009 16:12:56] /i 2160
[06/07/2009 16:12:56] /i 2160
[06/07/2009 16:12:56] /i 2160
[06/07/2009 16:12:57] /i 2160
[06/07/2009 16:12:57] /i 2160
[06/07/2009 16:12:57] /i 2160
[06/07/2009 16:12:57] /i 2160
[06/07/2009 16:12:57] /i 2160
[06/07/2009 16:12:57] /i 2160
[06/07/2009 16:12:57] /i 2160
[06/07/2009 16:12:57] /i 2160
[06/07/2009 16:12:57] /i 2160
[06/07/2009 16:12:57] /i 2160
[06/07/2009 16:12:57] /i 2160
[06/07/2009 16:12:57] /i 2160
[06/07/2009 16:12:57] /i 2160
[06/07/2009 16:12:57] /i 2160
[06/07/2009 16:12:57] /i 2160
[06/07/2009 16:12:57] /i 2160
[06/07/2009 16:12:57] /i 2160
[06/07/2009 16:12:57] /i 2160
[06/07/2009 16:12:57] /i 2160
[06/07/2009 16:12:57] /i 2160
[06/07/2009 16:12:57] /i 2160
[06/07/2009 16:12:57] /i 2160
[06/07/2009 16:12:57] /i 2160
[06/07/2009 16:12:57] /i 2160
[06/07/2009 16:12:57] /i 2160
[06/07/2009 16:12:57] /i 2160
[06/07/2009 16:12:57] /i 2160
[06/07/2009 16:12:57] /i 2160
[06/07/2009 16:12:58] /i 2160
[06/07/2009 16:12:58] /i 2160
[06/07/2009 16:12:58] /i 2160
[06/07/2009 16:12:58] /i 2160
[06/07/2009 16:12:58] /i 2160
[06/07/2009 16:12:58] /i 2160
[06/07/2009 16:12:58] /i 2160
[06/07/2009 16:12:58] /i 2160
[06/07/2009 16:12:58] /i 2160
[06/07/2009 16:12:58] /i 2160
[06/07/2009 16:12:58] /i 2160
[06/07/2009 16:12:58] /i 2160
[06/07/2009 16:12:58] /i 2160
[06/07/2009 16:12:58] /i 2160
[06/07/2009 16:12:58] /i 2160
[06/07/2009 16:12:58] /i 2160
[06/07/2009 16:12:58] /i 2160
[06/07/2009 16:12:58] /i 2160
[06/07/2009 16:12:58] /i 2160
[06/07/2009 16:12:58] /i 2160
[06/07/2009 16:12:58] /i 2160
[06/07/2009 16:12:58] /i 2160
[06/07/2009 16:12:58] /i 2160
[06/07/2009 16:12:58] /i 2160
[06/07/2009 16:12:58] /i 2160
[06/07/2009 16:12:58] /i 2160
[06/07/2009 16:12:58] /i 2160
[06/07/2009 16:12:58] /i 2160
[06/07/2009 16:12:58] /i 2160
[06/07/2009 16:12:59] /i 2160
[06/07/2009 16:12:59] /i 2160
[06/07/2009 16:12:59] /i 2160
[06/07/2009 16:12:59] /i 2160
[06/07/2009 16:12:59] /i 2160
[06/07/2009 16:12:59] /i 2160
[06/07/2009 16:12:59] /i 2160
[06/07/2009 16:12:59] /i 2160
[06/07/2009 16:12:59] /i 2160
[06/07/2009 16:12:59] /i 2160
[06/07/2009 16:12:59] /i 2160
[06/07/2009 16:12:59] /i 2160
[06/07/2009 16:12:59] /i 2160
[06/07/2009 16:12:59] /i 2160
[06/07/2009 16:12:59] /i 2160
[06/07/2009 16:12:59] /i 2160
[06/07/2009 16:12:59] /i 2160
[06/07/2009 16:12:59] /i 2160
[06/07/2009 16:12:59] /i 2160
[06/07/2009 16:12:59] /i 2160
[06/07/2009 16:12:59] /i 2160
[06/07/2009 16:12:59] /i 2160
[06/07/2009 16:12:59] /i 2160
[06/07/2009 16:12:59] /i 2160
[06/07/2009 16:12:59] /i 2160
[06/07/2009 16:12:59] /i 2160
[06/07/2009 16:12:59] /i 2160
[06/07/2009 16:12:59] /i 2160
[06/07/2009 16:13:00] /i 2160
[06/07/2009 16:13:00] /i 2160
[06/07/2009 16:13:00] /i 2160
[06/07/2009 16:13:00] /i 2160
[06/07/2009 16:13:00] /i 2160
[06/07/2009 16:13:00] /i 2160
[06/07/2009 16:13:00] /i 2160
[06/07/2009 16:13:00] /i 2160
[06/07/2009 16:13:00] /i 2160
[06/07/2009 16:13:00] /i 2160
[06/07/2009 16:13:00] /i 2160
[06/07/2009 16:13:00] /i 2160
[06/07/2009 16:13:00] /i 2160
[06/07/2009 16:13:00] /i 2160
[06/07/2009 16:13:00] /i 2160
[06/07/2009 16:13:00] /i 2160
[06/07/2009 16:13:00] /i 2160
[06/07/2009 16:13:00] /i 2160
[06/07/2009 16:13:00] /i 2160
[06/07/2009 16:13:00] /i 2160
[06/07/2009 16:13:00] /i 2160
[06/07/2009 16:13:00] /i 2160
[06/07/2009 16:13:00] /i 2160
[06/07/2009 16:13:00] /i 2160
[06/07/2009 16:13:00] /i 2160
[06/07/2009 16:13:00] /i 2160
[06/07/2009 16:13:00] /i 2160
[06/07/2009 16:13:00] /i 2160
[06/07/2009 16:13:01] /i 2160
[06/07/2009 16:13:01] /i 2160
[06/07/2009 16:13:01] /i 2160
[06/07/2009 16:13:01] /i 2160
[06/07/2009 16:13:01] /i 2160
[06/07/2009 16:13:01] /i 2160
[06/07/2009 16:13:01] /i 2160
[06/07/2009 16:13:01] /i 2160
[06/07/2009 16:13:01] /i 2160
[06/07/2009 16:13:01] /i 2160
[06/07/2009 16:13:01] /i 2160
[06/07/2009 16:13:01] /i 2160
[06/07/2009 16:13:01] /i 2160
[06/07/2009 16:13:01] /i 2160
[06/07/2009 16:13:01] /i 2160
[06/07/2009 16:13:01] /i 2160
[06/07/2009 16:13:01] /i 2160
[06/07/2009 16:13:01] /i 2160
[06/07/2009 16:13:01] /i 2160
[06/07/2009 16:13:01] /i 2160
[06/07/2009 16:13:01] /i 2160
[06/07/2009 16:13:01] /i 2160
[06/07/2009 16:13:01] /i 2160
[06/07/2009 16:13:01] /i 2160
[06/07/2009 16:13:01] /i 2160
[06/07/2009 16:13:01] /i 2160
[06/07/2009 16:13:01] /i 2160
[06/07/2009 16:13:01] /i 2160
[06/07/2009 16:13:01] /i 2160
[06/07/2009 16:13:02] /i 2160
[06/07/2009 16:13:02] /i 2160
[06/07/2009 16:13:02] /i 2160
[06/07/2009 16:13:02] /i 2160
[06/07/2009 16:13:02] /i 2160
[06/07/2009 16:13:02] /i 2160
[06/07/2009 16:13:02] /i 2160
[06/07/2009 16:13:02] /i 2160
[06/07/2009 16:13:02] /i 2160
[06/07/2009 16:13:02] /i 2160
[06/07/2009 16:13:02] /i 2160
[06/07/2009 16:13:02] /i 2160
[06/07/2009 16:13:02] /i 2160
[06/07/2009 16:13:02] /i 2160
[06/07/2009 16:13:02] /i 2160
[06/07/2009 16:13:02] /i 2160
[06/07/2009 16:13:02] /i 2160
[06/07/2009 16:13:02] /i 2160
[06/07/2009 16:13:02] /i 2160
[06/07/2009 16:13:02] /i 2160
[06/07/2009 16:13:02] /i 2160
[06/07/2009 16:13:02] /i 2160
[06/07/2009 16:13:02] /i 2160
[06/07/2009 16:13:02] /i 2160
[06/07/2009 16:13:02] /i 2160
[06/07/2009 16:13:02] /i 2160
[06/07/2009 16:13:02] /i 2160
[06/07/2009 16:13:02] /i 2160
[06/07/2009 16:13:03] /i 2160
[06/07/2009 16:13:03] /i 2160
[06/07/2009 16:13:03] /i 2160
[06/07/2009 16:13:03] /i 2160
[06/07/2009 16:13:03] /i 2160
[06/07/2009 16:13:03] /i 2160
[06/07/2009 16:13:03] /i 2160
[06/07/2009 16:13:03] /i 2160
[06/07/2009 16:13:03] /i 2160
[06/07/2009 16:13:03] /i 2160
[06/07/2009 16:13:03] /i 2160
[06/07/2009 16:13:03] /i 2160
[06/07/2009 16:13:03] /i 2160
[06/07/2009 16:13:03] /i 2160
[06/07/2009 16:13:03] /i 2160
[06/07/2009 16:13:03] /i 2160
[06/07/2009 16:13:03] /i 2160
[06/07/2009 16:13:03] /i 2160
[06/07/2009 16:13:03] /i 2160
[06/07/2009 16:13:03] /i 2160
[06/07/2009 16:13:03] /i 2160
[06/07/2009 16:13:03] /i 2160
[06/07/2009 16:13:03] /i 2160
[06/07/2009 16:13:03] /i 2160
[06/07/2009 16:13:03] /i 2160
[06/07/2009 16:13:03] /i 2160
[06/07/2009 16:13:03] /i 2160
[06/07/2009 16:13:03] /i 2160
[06/07/2009 16:13:03] /i 2160
[06/07/2009 16:13:04] /i 2160
[06/07/2009 16:13:04] /i 2160
[06/07/2009 16:13:04] /i 2160
[06/07/2009 16:13:04] /i 2160
[06/07/2009 16:13:04] /i 2160
[06/07/2009 16:13:04] /i 2160
[06/07/2009 16:13:04] /i 2160
[06/07/2009 16:13:04] /i 2160
[06/07/2009 16:13:04] /i 2160
[06/07/2009 16:13:04] /i 2160
[06/07/2009 16:13:04] /i 2160
[06/07/2009 16:13:04] /i 2160
[06/07/2009 16:13:04] /i 2160
[06/07/2009 16:13:04] /i 2160
[06/07/2009 16:13:04] /i 2160
[06/07/2009 16:13:04] /i 2160
[06/07/2009 16:13:04] /i 2160
[06/07/2009 16:13:04] /i 2160
[06/07/2009 16:13:04] /i 2160
[06/07/2009 16:13:04] /i 2160
[06/07/2009 16:13:04] /i 2160
[06/07/2009 16:13:04] /i 2160
[06/07/2009 16:13:04] /i 2160
[06/07/2009 16:13:04] /i 2160
[06/07/2009 16:13:04] /i 2160
[06/07/2009 16:13:04] /i 2160
[06/07/2009 16:13:04] /i 2160
[06/07/2009 16:13:04] /i 2160
[06/07/2009 16:13:05] /i 2160
[06/07/2009 16:13:05] /i 2160
[06/07/2009 16:13:05] /i 2160
[06/07/2009 16:13:05] /i 2160
[06/07/2009 16:13:05] /i 2160
[06/07/2009 16:13:05] /i 2160
[06/07/2009 16:13:05] /i 2160
[06/07/2009 16:13:05] /i 2160
[06/07/2009 16:13:05] /i 2160
[06/07/2009 16:13:05] /i 2160
[06/07/2009 16:13:05] /i 2160
[06/07/2009 16:13:05] /i 2160
[06/07/2009 16:13:05] /i 2160
[06/07/2009 16:13:05] /i 2160
[06/07/2009 16:13:05] /i 2160
[06/07/2009 16:13:05] /i 2160
[06/07/2009 16:13:05] /i 2160
[06/07/2009 16:13:05] /i 2160
[06/07/2009 16:13:05] /i 2160
[06/07/2009 16:13:05] /i 2160
[06/07/2009 16:13:05] /i 2160
[06/07/2009 16:13:05] /i 2160
[06/07/2009 16:13:05] /i 2160
[06/07/2009 16:13:05] /i 2160
[06/07/2009 16:13:05] /i 2160
[06/07/2009 16:13:05] /i 2160
[06/07/2009 16:13:05] /i 2160
[06/07/2009 16:13:05] /i 2160
[06/07/2009 16:13:05] /i 2160
[06/07/2009 16:13:06] /i 2160
[06/07/2009 16:13:06] /i 2160
[06/07/2009 16:13:06] /i 2160
[06/07/2009 16:13:06] /i 2160
[06/07/2009 16:13:06] /i 2160
[06/07/2009 16:13:06] /i 2160
[06/07/2009 16:13:06] /i 2160
[06/07/2009 16:13:06] /i 2160
[06/07/2009 16:13:06] /i 2160
[06/07/2009 16:13:06] /i 2160
[06/07/2009 16:13:06] /i 2160
[06/07/2009 16:13:06] /i 2160
[06/07/2009 16:13:06] /i 2160
[06/07/2009 16:13:06] /i 2160
[06/07/2009 16:13:06] /i 2160
[06/07/2009 16:13:06] /i 2160
[06/07/2009 16:13:06] /i 2160
[06/07/2009 16:13:06] /i 2160
[06/07/2009 16:13:06] /i 2160
[06/07/2009 16:13:06] /i 2160
[06/07/2009 16:13:06] /i 2160
[06/07/2009 16:13:06] /i 2160
[06/07/2009 16:13:06] /i 2160
[06/07/2009 16:13:06] /i 2160
[06/07/2009 16:13:06] /i 2160
[06/07/2009 16:13:06] /i 2160
[06/07/2009 16:13:06] /i 2160
[06/07/2009 16:13:06] /i 2160
[06/07/2009 16:13:07] /i 2160
[06/07/2009 16:13:07] /i 2160
[06/07/2009 16:13:07] /i 2160
[06/07/2009 16:13:07] /i 2160
[06/07/2009 16:13:07] /i 2160
[06/07/2009 16:13:07] /i 2160
[06/07/2009 16:13:07] /i 2160
[06/07/2009 16:13:07] /i 2160
[06/07/2009 16:13:07] /i 2160
[06/07/2009 16:13:07] /i 2160
[06/07/2009 16:13:07] /i 2160
[06/07/2009 16:13:07] /i 2160
[06/07/2009 16:13:07] /i 2160
[06/07/2009 16:13:07] /i 2160
[06/07/2009 16:13:07] /i 2160
[06/07/2009 16:13:07] /i 2160
[06/07/2009 16:13:07] /i 2160
[06/07/2009 16:13:07] /i 2160
[06/07/2009 16:13:07] /i 2160
[06/07/2009 16:13:07] /i 2160
[06/07/2009 16:13:07] /i 2160
[06/07/2009 16:13:07] /i 2160
[06/07/2009 16:13:07] /i 2160
[06/07/2009 16:13:07] /i 2160
[06/07/2009 16:13:07] /i 2160
[06/07/2009 16:13:07] /i 2160
[06/07/2009 16:13:07] /i 2160
[06/07/2009 16:13:07] /i 2160
[06/07/2009 16:13:07] /i 2160
[06/07/2009 16:13:08] /i 2160
[06/07/2009 16:13:08] /i 2160
[06/07/2009 16:13:08] /i 2160
[06/07/2009 16:13:08] /i 2160
[06/07/2009 16:13:08] /i 2160
[06/07/2009 16:13:08] /i 2160
[06/07/2009 16:13:08] /i 2160
[06/07/2009 16:13:08] /i 2160
[06/07/2009 16:13:08] /i 2160
[06/07/2009 16:13:08] /i 2160
[06/07/2009 16:13:08] /i 2160
[06/07/2009 16:13:08] /i 2160
[06/07/2009 16:13:08] /i 2160
[06/07/2009 16:13:08] /i 2160
[06/07/2009 16:13:08] /i 2160
[06/07/2009 16:13:08] /i 2160
[06/07/2009 16:13:08] /i 2160
[06/07/2009 16:13:08] /i 2160
[06/07/2009 16:13:08] /i 2160
[06/07/2009 16:13:08] /i 2160
[06/07/2009 16:13:08] /i 2160
[06/07/2009 16:13:08] /i 2160
[06/07/2009 16:13:08] /i 2160
[06/07/2009 16:13:08] /i 2160
[06/07/2009 16:13:08] /i 2160
[06/07/2009 16:13:08] /i 2160
[06/07/2009 16:13:08] /i 2160
[06/07/2009 16:13:08] /i 2160
[06/07/2009 16:13:09] /i 2160
[06/07/2009 16:13:09] /i 2160
[06/07/2009 16:13:09] /i 2160
[06/07/2009 16:13:09] /i 2160
[06/07/2009 16:13:09] /i 2160
[06/07/2009 16:13:09] /i 2160
[06/07/2009 16:13:09] /i 2160
[06/07/2009 16:13:09] /i 2160
[06/07/2009 16:13:09] /i 2160
[06/07/2009 16:13:09] /i 2160
[06/07/2009 16:13:09] /i 2160
[06/07/2009 16:13:09] /i 2160
[06/07/2009 16:13:09] /i 2160
[06/07/2009 16:13:09] /i 2160
[06/07/2009 16:13:09] /i 2160
[06/07/2009 16:13:09] /i 2160
[06/07/2009 16:13:09] /i 2160
[06/07/2009 16:13:09] /i 2160
[06/07/2009 16:13:09] /i 2160
[06/07/2009 16:13:09] /i 2160
[06/07/2009 16:13:09] /i 2160
[06/07/2009 16:13:09] /i 2160
[06/07/2009 16:13:09] /i 2160
[06/07/2009 16:13:09] /i 2160
[06/07/2009 16:13:09] /i 2160
[06/07/2009 16:13:09] /i 2160
[06/07/2009 16:13:09] /i 2160
[06/07/2009 16:13:09] /i 2160
[06/07/2009 16:13:10] /i 2160
[06/07/2009 16:13:10] /i 2160
[06/07/2009 16:13:10] /i 2160
[06/07/2009 16:13:10] /i 2160
[06/07/2009 16:13:10] /i 2160
[06/07/2009 16:13:10] /i 2160
[06/07/2009 16:13:10] /i 2160
[06/07/2009 16:13:10] /i 2160
[06/07/2009 16:13:10] /i 2160
[06/07/2009 16:13:10] /i 2160
[06/07/2009 16:13:10] /i 2160
[06/07/2009 16:13:10] /i 2160
[06/07/2009 16:13:10] /i 2160
[06/07/2009 16:13:10] /i 2160
[06/07/2009 16:13:10] /i 2160
[06/07/2009 16:13:10] /i 2160
[06/07/2009 16:13:10] /i 2160
[06/07/2009 16:13:10] /i 2160
[06/07/2009 16:13:10] /i 2160
[06/07/2009 16:13:10] /i 2160
[06/07/2009 16:13:10] /i 2160
[06/07/2009 16:13:10] /i 2160
[06/07/2009 16:13:10] /i 2160
[06/07/2009 16:13:10] /i 2160
[06/07/2009 16:13:10] /i 2160
[06/07/2009 16:13:10] /i 2160
[06/07/2009 16:13:10] /i 2160
[06/07/2009 16:13:10] /i 2160
[06/07/2009 16:13:10] /i 2160
[06/07/2009 16:13:11] /i 2160
[06/07/2009 16:13:11] /i 2160
[06/07/2009 16:13:11] /i 2160
[06/07/2009 16:13:11] /i 2160
[06/07/2009 16:13:11] /i 2160
[06/07/2009 16:13:11] /i 2160
[06/07/2009 16:13:11] /i 2160
[06/07/2009 16:13:11] /i 2160
[06/07/2009 16:13:11] /i 2160
[06/07/2009 16:13:11] /i 2160
[06/07/2009 16:13:11] /i 2160
[06/07/2009 16:13:11] /i 2160
[06/07/2009 16:13:11] /i 2160
[06/07/2009 16:13:11] /i 2160
[06/07/2009 16:13:11] /i 2160
[06/07/2009 16:13:11] /i 2160
[06/07/2009 16:13:11] /i 2160
[06/07/2009 16:13:11] /i 2160
[06/07/2009 16:13:11] /i 2160
[06/07/2009 16:13:11] /i 2160
[06/07/2009 16:13:11] /i 2160
[06/07/2009 16:13:11] /i 2160
[06/07/2009 16:13:11] /i 2160
[06/07/2009 16:13:11] /i 2160
[06/07/2009 16:13:11] /i 2160
[06/07/2009 16:13:11] /i 2160
[06/07/2009 16:13:11] /i 2160
[06/07/2009 16:13:11] /i 2160
[06/07/2009 16:13:11] /i 2160
[06/07/2009 16:13:12] /i 2160
[06/07/2009 16:13:12] /i 2160
[06/07/2009 16:13:12] /i 2160
[06/07/2009 16:13:12] /i 2160
[06/07/2009 16:13:12] /i 2160
[06/07/2009 16:13:12] /i 2160
[06/07/2009 16:13:12] /i 2160
[06/07/2009 16:13:12] /i 2160
[06/07/2009 16:13:12] /i 2160
[06/07/2009 16:13:12] /i 2160
[06/07/2009 16:13:12] /i 2160
[06/07/2009 16:13:12] /i 2160
[06/07/2009 16:13:12] /i 2160
[06/07/2009 16:13:12] /i 2160
[06/07/2009 16:13:12] /i 2160
[06/07/2009 16:13:12] /i 2160
[06/07/2009 16:13:12] /i 2160
[06/07/2009 16:13:12] /i 2160
[06/07/2009 16:13:12] /i 2160
[06/07/2009 16:13:12] /i 2160
[06/07/2009 16:13:12] /i 2160
[06/07/2009 16:13:12] /i 2160
[06/07/2009 16:13:12] /i 2160
[06/07/2009 16:13:12] /i 2160
[06/07/2009 16:13:12] /i 2160
[06/07/2009 16:13:12] /i 2160
[06/07/2009 16:13:12] /i 2160
[06/07/2009 16:13:12] /i 2160
[06/07/2009 16:13:13] /i 2160
[06/07/2009 16:13:13] /i 2160
[06/07/2009 16:13:13] /i 2160
[06/07/2009 16:13:13] /i 2160
[06/07/2009 16:13:13] /i 2160
[06/07/2009 16:13:13] /i 2160
[06/07/2009 16:13:13] /i 2160
[06/07/2009 16:13:13] /i 2160
[06/07/2009 16:13:13] /i 2160
[06/07/2009 16:13:13] /i 2160
[06/07/2009 16:13:13] /i 2160
[06/07/2009 16:13:13] /i 2160
[06/07/2009 16:13:13] /i 2160
[06/07/2009 16:13:13] /i 2160
[06/07/2009 16:13:13] /i 2160
[06/07/2009 16:13:13] /i 2160
[06/07/2009 16:13:13] /i 2160
[06/07/2009 16:13:13] /i 2160
[06/07/2009 16:13:13] /i 2160
[06/07/2009 16:13:13] /i 2160
[06/07/2009 16:13:13] /i 2160
[06/07/2009 16:13:13] /i 2160
[06/07/2009 16:13:13] /i 2160
[06/07/2009 16:13:13] /i 2160
[06/07/2009 16:13:13] /i 2160
[06/07/2009 16:13:13] /i 2160
[06/07/2009 16:13:13] /i 2160
[06/07/2009 16:13:14] /i 2160
[06/07/2009 16:13:14] /i 2160
[06/07/2009 16:13:14] /i 2160
[06/07/2009 16:13:14] /i 2160
[06/07/2009 16:13:14] /i 2160
[06/07/2009 16:13:14] /i 2160
[06/07/2009 16:13:14] /i 2160
[06/07/2009 16:13:14] /i 2160
[06/07/2009 16:13:14] /i 2160
[06/07/2009 16:13:14] /i 2160
[06/07/2009 16:13:14] /i 2160
[06/07/2009 16:13:14] /i 2160
[06/07/2009 16:13:14] /i 2160
[06/07/2009 16:13:14] /i 2160
[06/07/2009 16:13:14] /i 2160
[06/07/2009 16:13:14] /i 2160
[06/07/2009 16:13:14] /i 2160
[06/07/2009 16:13:14] /i 2160
[06/07/2009 16:13:14] /i 2160
[06/07/2009 16:13:14] /i 2160
[06/07/2009 16:13:14] /i 2160
[06/07/2009 16:13:14] /i 2160
[06/07/2009 16:13:14] /i 2160
[06/07/2009 16:13:14] /i 2160
[06/07/2009 16:13:14] /i 2160
[06/07/2009 16:13:14] /i 2160
[06/07/2009 16:13:14] /i 2160
[06/07/2009 16:13:14] /i 2160
[06/07/2009 16:13:14] /i 2160
[06/07/2009 16:13:15] /i 2160
[06/07/2009 16:13:15] /i 2160
[06/07/2009 16:13:15] /i 2160
[06/07/2009 16:13:15] /i 2160
[06/07/2009 16:13:15] /i 2160
[06/07/2009 16:13:15] /i 2160
[06/07/2009 16:13:15] /i 2160
[06/07/2009 16:13:15] /i 2160
[06/07/2009 16:13:15] /i 2160
[06/07/2009 16:13:15] /i 2160
[06/07/2009 16:13:15] /i 2160
[06/07/2009 16:13:15] /i 2160
[06/07/2009 16:13:15] /i 2160
[06/07/2009 16:13:15] /i 2160
[06/07/2009 16:13:15] /i 2160
[06/07/2009 16:13:15] /i 2160
[06/07/2009 16:13:15] /i 2160
[06/07/2009 16:13:15] /i 2160
[06/07/2009 16:13:15] /i 2160
[06/07/2009 16:13:15] /i 2160
[06/07/2009 16:13:15] /i 2160
[06/07/2009 16:13:15] /i 2160
[06/07/2009 16:13:15] /i 2160
[06/07/2009 16:13:15] /i 2160
[06/07/2009 16:13:15] /i 2160
[06/07/2009 16:13:15] /i 2160
[06/07/2009 16:13:15] /i 2160
[06/07/2009 16:13:15] /i 2160
[06/07/2009 16:13:16] /i 2160
[06/07/2009 16:13:16] /i 2160
[06/07/2009 16:13:16] /i 2160
[06/07/2009 16:13:16] /i 2160
[06/07/2009 16:13:16] /i 2160
[06/07/2009 16:13:16] /i 2160
[06/07/2009 16:13:16] /i 2160
[06/07/2009 16:13:16] /i 2160
[06/07/2009 16:13:16] /i 2160
[06/07/2009 16:13:16] /i 2160
[06/07/2009 16:13:16] /i 2160
[06/07/2009 16:13:16] /i 2160
[06/07/2009 16:13:16] /i 2160
[06/07/2009 16:13:16] /i 2160
[06/07/2009 16:13:16] /i 2160
[06/07/2009 16:13:16] /i 2160
[06/07/2009 16:13:16] /i 2160
[06/07/2009 16:13:16] /i 2160
[06/07/2009 16:13:16] /i 2160
[06/07/2009 16:13:16] /i 2160
[06/07/2009 16:13:16] /i 2160
[06/07/2009 16:13:16] /i 2160
[06/07/2009 16:13:16] /i 2160
[06/07/2009 16:13:16] /i 2160
[06/07/2009 16:13:16] /i 2160
[06/07/2009 16:13:16] /i 2160
[06/07/2009 16:13:16] /i 2160
[06/07/2009 16:13:16] /i 2160
[06/07/2009 16:13:17] /i 2160
[06/07/2009 16:13:17] /i 2160
[06/07/2009 16:13:17] /i 2160
[06/07/2009 16:13:17] /i 2160
[06/07/2009 16:13:17] /i 2160
[06/07/2009 16:13:17] /i 2160
[06/07/2009 16:13:17] /i 2160
[06/07/2009 16:13:17] /i 2160
[06/07/2009 16:13:17] /i 2160
[06/07/2009 16:13:17] /i 2160
[06/07/2009 16:13:17] /i 2160
[06/07/2009 16:13:17] /i 2160
[06/07/2009 16:13:17] /i 2160
[06/07/2009 16:13:17] /i 2160
[06/07/2009 16:13:17] /i 2160
[06/07/2009 16:13:17] /i 2160
[06/07/2009 16:13:17] /i 2160
[06/07/2009 16:13:17] /i 2160
[06/07/2009 16:13:17] /i 2160
[06/07/2009 16:13:17] /i 2160
[06/07/2009 16:13:17] /i 2160
[06/07/2009 16:13:17] /i 2160
[06/07/2009 16:13:17] /i 2160
[06/07/2009 16:13:17] /i 2160
[06/07/2009 16:13:17] /i 2160
[06/07/2009 16:13:17] /i 2160
[06/07/2009 16:13:17] /i 2160
[06/07/2009 16:13:17] /i 2160
[06/07/2009 16:13:17] /i 2160
[06/07/2009 16:13:18] /i 2160
[06/07/2009 16:13:18] /i 2160
[06/07/2009 16:13:18] /i 2160
[06/07/2009 16:13:18] /i 2160
[06/07/2009 16:13:18] /i 2160
[06/07/2009 16:13:18] /i 2160
[06/07/2009 16:13:18] /i 2160
[06/07/2009 16:13:18] /i 2160
[06/07/2009 16:13:18] /i 2160
[06/07/2009 16:13:18] /i 2160
[06/07/2009 16:13:18] /i 2160
[06/07/2009 16:13:18] /i 2160
[06/07/2009 16:13:18] /i 2160
[06/07/2009 16:13:18] /i 2160
[06/07/2009 16:13:18] /i 2160
[06/07/2009 16:13:18] /i 2160
[06/07/2009 16:13:18] /i 2160
[06/07/2009 16:13:18] /i 2160
[06/07/2009 16:13:18] /i 2160
[06/07/2009 16:13:18] /i 2160
[06/07/2009 16:13:18] /i 2160
[06/07/2009 16:13:18] /i 2160
[06/07/2009 16:13:18] /i 2160
[06/07/2009 16:13:18] /i 2160
[06/07/2009 16:13:18] /i 2160
[06/07/2009 16:13:18] /i 2160
[06/07/2009 16:13:18] /i 2160
[06/07/2009 16:13:18] /i 2160
[06/07/2009 16:13:18] /i 2160
[06/07/2009 16:13:19] /i 2160
[06/07/2009 16:13:19] /i 2160
[06/07/2009 16:13:19] /i 2160
[06/07/2009 16:13:19] /i 2160
[06/07/2009 16:13:19] /i 2160
[06/07/2009 16:13:19] /i 2160
[06/07/2009 16:13:19] /i 2160
[06/07/2009 16:13:19] /i 2160
[06/07/2009 16:13:19] /i 2160
[06/07/2009 16:13:19] /i 2160
[06/07/2009 16:13:19] /i 2160
[06/07/2009 16:13:19] /i 2160
[06/07/2009 16:13:19] /i 2160
[06/07/2009 16:13:19] /i 2160
[06/07/2009 16:13:19] /i 2160
[06/07/2009 16:13:19] /i 2160
[06/07/2009 16:13:19] /i 2160
[06/07/2009 16:13:19] /i 2160
[06/07/2009 16:13:19] /i 2160
[06/07/2009 16:13:19] /i 2160
[06/07/2009 16:13:19] /i 2160
[06/07/2009 16:13:19] /i 2160
[06/07/2009 16:13:19] /i 2160
[06/07/2009 16:13:19] /i 2160
[06/07/2009 16:13:19] /i 2160
[06/07/2009 16:13:19] /i 2160
[06/07/2009 16:13:19] /i 2160
[06/07/2009 16:13:19] /i 2160
[06/07/2009 16:13:20] /i 2160
[06/07/2009 16:13:20] /i 2160
[06/07/2009 16:13:20] /i 2160
[06/07/2009 16:13:20] /i 2160
[06/07/2009 16:13:20] /i 2160
[06/07/2009 16:13:20] /i 2160
[06/07/2009 16:13:20] /i 2160
[06/07/2009 16:13:20] /i 2160
[06/07/2009 16:13:20] /i 2160
[06/07/2009 16:13:20] /i 2160
[06/07/2009 16:13:20] /i 2160
[06/07/2009 16:13:20] /i 2160
[06/07/2009 16:13:20] /i 2160
[06/07/2009 16:13:20] /i 2160
[06/07/2009 16:13:20] /i 2160
[06/07/2009 16:13:20] /i 2160
[06/07/2009 16:13:20] /i 2160
[06/07/2009 16:13:20] /i 2160
[06/07/2009 16:13:20] /i 2160
[06/07/2009 16:13:20] /i 2160
[06/07/2009 16:13:20] /i 2160
[06/07/2009 16:13:20] /i 2160
[06/07/2009 16:13:20] /i 2160
[06/07/2009 16:13:20] /i 2160
[06/07/2009 16:13:20] /i 2160
[06/07/2009 16:13:20] /i 2160
[06/07/2009 16:13:20] /i 2160
[06/07/2009 16:13:20] /i 2160
[06/07/2009 16:13:21] /i 2160
[06/07/2009 16:13:21] /i 2160
[06/07/2009 16:13:21] /i 2160
[06/07/2009 16:13:21] /i 2160
[06/07/2009 16:13:21] /i 2160
[06/07/2009 16:13:21] /i 2160
[06/07/2009 16:13:21] /i 2160
[06/07/2009 16:13:21] /i 2160
[06/07/2009 16:13:21] /i 2160
[06/07/2009 16:13:21] /i 2160
[06/07/2009 16:13:21] /i 2160
[06/07/2009 16:13:21] /i 2160
[06/07/2009 16:13:21] /i 2160
[06/07/2009 16:13:21] /i 2160
[06/07/2009 16:13:21] /i 2160
[06/07/2009 16:13:21] /i 2160
[06/07/2009 16:13:21] /i 2160
[06/07/2009 16:13:21] /i 2160
[06/07/2009 16:13:21] /i 2160
[06/07/2009 16:13:21] /i 2160
[06/07/2009 16:13:21] /i 2160
[06/07/2009 16:13:21] /i 2160
[06/07/2009 16:13:21] /i 2160
[06/07/2009 16:13:21] /i 2160
[06/07/2009 16:13:21] /i 2160
[06/07/2009 16:13:21] /i 2160
[06/07/2009 16:13:21] /i 2160
[06/07/2009 16:13:21] /i 2160
[06/07/2009 16:13:21] /i 2160
[06/07/2009 16:13:22] /i 2160
[06/07/2009 16:13:22] /i 2160
[06/07/2009 16:13:22] /i 2160
[06/07/2009 16:13:22] /i 2160
[06/07/2009 16:13:22] /i 2160
[06/07/2009 16:13:22] /i 2160
[06/07/2009 16:13:22] /i 2160
[06/07/2009 16:13:22] /i 2160
[06/07/2009 16:13:22] /i 2160
[06/07/2009 16:13:22] /i 2160
[06/07/2009 16:13:22] /i 2160
[06/07/2009 16:13:22] /i 2160
[06/07/2009 16:13:22] /i 2160
[06/07/2009 16:13:22] /i 2160
[06/07/2009 16:13:22] /i 2160
[06/07/2009 16:13:22] /i 2160
[06/07/2009 16:13:22] /i 2160
[06/07/2009 16:13:22] /i 2160
[06/07/2009 16:13:22] /i 2160
[06/07/2009 16:13:22] /i 2160
[06/07/2009 16:13:22] /i 2160
[06/07/2009 16:13:22] /i 2160
[06/07/2009 16:13:22] /i 2160
[06/07/2009 16:13:22] /i 2160
[06/07/2009 16:13:22] /i 2160
[06/07/2009 16:13:22] /i 2160
[06/07/2009 16:13:22] /i 2160
[06/07/2009 16:13:22] /i 2160
[06/07/2009 16:13:23] /i 2160
[06/07/2009 16:13:23] /i 2160
[06/07/2009 16:13:23] /i 2160
[06/07/2009 16:13:23] /i 2160
[06/07/2009 16:13:23] /i 2160
[06/07/2009 16:13:23] /i 2160
[06/07/2009 16:13:23] /i 2160
[06/07/2009 16:13:23] /i 2160
[06/07/2009 16:13:23] /i 2160
[06/07/2009 16:13:23] /i 2160
[06/07/2009 16:13:23] /i 2160
[06/07/2009 16:13:23] /i 2160
[06/07/2009 16:13:23] /i 2160
[06/07/2009 16:13:23] /i 2160
[06/07/2009 16:13:23] /i 2160
[06/07/2009 16:13:23] /i 2160
[06/07/2009 16:13:23] /i 2160
[06/07/2009 16:13:23] /i 2160
[06/07/2009 16:13:23] /i 2160
[06/07/2009 16:13:23] /i 2160
[06/07/2009 16:13:23] /i 2160
[06/07/2009 16:13:23] /i 2160
[06/07/2009 16:13:23] /i 2160
[06/07/2009 16:13:23] /i 2160
[06/07/2009 16:13:23] /i 2160
[06/07/2009 16:13:23] /i 2160
[06/07/2009 16:13:23] /i 2160
[06/07/2009 16:13:23] /i 2160
[06/07/2009 16:13:23] /i 2160
[06/07/2009 16:13:24] /i 2160
[06/07/2009 16:13:24] /i 2160
[06/07/2009 16:13:24] /i 2160
[06/07/2009 16:13:24] /i 2160
[06/07/2009 16:13:24] /i 2160
[06/07/2009 16:13:24] /i 2160
[06/07/2009 16:13:24] /i 2160
[06/07/2009 16:13:24] /i 2160
[06/07/2009 16:13:24] /i 2160
[06/07/2009 16:13:24] /i 2160
[06/07/2009 16:13:24] /i 2160
[06/07/2009 16:13:24] /i 2160
[06/07/2009 16:13:24] /i 2160
[06/07/2009 16:13:24] /i 2160
[06/07/2009 16:13:24] /i 2160
[06/07/2009 16:13:24] /i 2160
[06/07/2009 16:13:24] /i 2160
[06/07/2009 16:13:24] /i 2160
[06/07/2009 16:13:24] /i 2160
[06/07/2009 16:13:24] /i 2160
[06/07/2009 16:13:24] /i 2160
[06/07/2009 16:13:24] /i 2160
[06/07/2009 16:13:24] /i 2160
[06/07/2009 16:13:24] /i 2160
[06/07/2009 16:13:24] /i 2160
[06/07/2009 16:13:24] /i 2160
[06/07/2009 16:13:24] /i 2160
[06/07/2009 16:13:24] /i 2160
[06/07/2009 16:13:25] /i 2160
[06/07/2009 16:13:25] /i 2160
[06/07/2009 16:13:25] /i 2160
[06/07/2009 16:13:25] /i 2160
[06/07/2009 16:13:25] /i 2160
[06/07/2009 16:13:25] /i 2160
[06/07/2009 16:13:25] /i 2160
[06/07/2009 16:13:25] /i 2160
[06/07/2009 16:13:25] /i 2160
[06/07/2009 16:13:25] /i 2160
[06/07/2009 16:13:25] /i 2160
[06/07/2009 16:13:25] /i 2160
[06/07/2009 16:13:25] /i 2160
[06/07/2009 16:13:25] /i 2160
[06/07/2009 16:13:25] /i 2160
[06/07/2009 16:13:25] /i 2160
[06/07/2009 16:13:25] /i 2160
[06/07/2009 16:13:25] /i 2160
[06/07/2009 16:13:25] /i 2160
[06/07/2009 16:13:25] /i 2160
[06/07/2009 16:13:25] /i 2160
[06/07/2009 16:13:25] /i 2160
[06/07/2009 16:13:25] /i 2160
[06/07/2009 16:13:25] /i 2160
[06/07/2009 16:13:25] /i 2160
[06/07/2009 16:13:25] /i 2160
[06/07/2009 16:13:25] /i 2160
[06/07/2009 16:13:25] /i 2160
[06/07/2009 16:13:26] /i 2160
[06/07/2009 16:13:26] /i 2160
[06/07/2009 16:13:26] /i 2160
[06/07/2009 16:13:26] /i 2160
[06/07/2009 16:13:26] /i 2160
[06/07/2009 16:13:26] /i 2160
[06/07/2009 16:13:26] /i 2160
[06/07/2009 16:13:26] /i 2160
[06/07/2009 16:13:26] /i 2160
[06/07/2009 16:13:26] /i 2160
[06/07/2009 16:13:26] /i 2160
[06/07/2009 16:13:26] /i 2160
[06/07/2009 16:13:26] /i 2160
[06/07/2009 16:13:26] /i 2160
[06/07/2009 16:13:26] /i 2160
[06/07/2009 16:13:26] /i 2160
[06/07/2009 16:13:26] /i 2160
[06/07/2009 16:13:26] /i 2160
[06/07/2009 16:13:26] /i 2160
[06/07/2009 16:13:26] /i 2160
[06/07/2009 16:13:26] /i 2160
[06/07/2009 16:13:26] /i 2160
[06/07/2009 16:13:26] /i 2160
[06/07/2009 16:13:26] /i 2160
[06/07/2009 16:13:26] /i 2160
[06/07/2009 16:13:26] /i 2160
[06/07/2009 16:13:26] /i 2160
[06/07/2009 16:13:26] /i 2160
[06/07/2009 16:13:27] /i 2160
[06/07/2009 16:13:27] /i 2160
[06/07/2009 16:13:27] /i 2160
[06/07/2009 16:13:27] /i 2160
[06/07/2009 16:13:27] /i 2160
[06/07/2009 16:13:27] /i 2160
[06/07/2009 16:13:27] /i 2160
[06/07/2009 16:13:27] /i 2160
[06/07/2009 16:13:27] /i 2160
[06/07/2009 16:13:27] /i 2160
[06/07/2009 16:13:27] /i 2160
[06/07/2009 16:13:27] /i 2160
[06/07/2009 16:13:27] /i 2160
[06/07/2009 16:13:27] /i 2160
[06/07/2009 16:13:27] /i 2160
[06/07/2009 16:13:27] /i 2160
[06/07/2009 16:13:27] /i 2160
[06/07/2009 16:13:27] /i 2160
[06/07/2009 16:13:27] /i 2160
[06/07/2009 16:13:27] /i 2160
[06/07/2009 16:13:27] /i 2160
[06/07/2009 16:13:27] /i 2160
[06/07/2009 16:13:27] /i 2160
[06/07/2009 16:13:27] /i 2160
[06/07/2009 16:13:27] /i 2160
[06/07/2009 16:13:27] /i 2160
[06/07/2009 16:13:27] /i 2160
[06/07/2009 16:13:27] /i 2160
[06/07/2009 16:13:28] /i 2160
[06/07/2009 16:13:28] /i 2160
[06/07/2009 16:13:28] /i 2160
[06/07/2009 16:13:28] /i 2160
[06/07/2009 16:13:28] /i 2160
[06/07/2009 16:13:28] /i 2160
[06/07/2009 16:13:28] /i 2160
[06/07/2009 16:13:28] /i 2160
[06/07/2009 16:13:28] /i 2160
[06/07/2009 16:13:28] /i 2160
[06/07/2009 16:13:28] /i 2160
[06/07/2009 16:13:28] /i 2160
[06/07/2009 16:13:28] /i 2160
[06/07/2009 16:13:28] /i 2160
[06/07/2009 16:13:28] /i 2160
[06/07/2009 16:13:28] /i 2160
[06/07/2009 16:13:28] /i 2160
[06/07/2009 16:13:28] /i 2160
[06/07/2009 16:13:28] /i 2160
[06/07/2009 16:13:28] /i 2160
[06/07/2009 16:13:28] /i 2160
[06/07/2009 16:13:28] /i 2160
[06/07/2009 16:13:28] /i 2160
[06/07/2009 16:13:28] /i 2160
[06/07/2009 16:13:28] /i 2160
[06/07/2009 16:13:28] /i 2160
[06/07/2009 16:13:28] /i 2160
[06/07/2009 16:13:28] /i 2160
[06/07/2009 16:13:28] /i 2160
[06/07/2009 16:13:29] /i 2160
[06/07/2009 16:13:29] /i 2160
[06/07/2009 16:13:29] /i 2160
[06/07/2009 16:13:29] /i 2160
[06/07/2009 16:13:29] /i 2160
[06/07/2009 16:13:29] /i 2160
[06/07/2009 16:13:29] /i 2160
[06/07/2009 16:13:29] /i 2160
[06/07/2009 16:13:29] /i 2160
[06/07/2009 16:13:29] /i 2160
[06/07/2009 16:13:29] /i 2160
[06/07/2009 16:13:29] /i 2160
[06/07/2009 16:13:29] /i 2160
[06/07/2009 16:13:29] /i 2160
[06/07/2009 16:13:29] /i 2160
[06/07/2009 16:13:29] /i 2160
[06/07/2009 16:13:29] /i 2160
[06/07/2009 16:13:29] /i 2160
[06/07/2009 16:13:29] /i 2160
[06/07/2009 16:13:29] /i 2160
[06/07/2009 16:13:29] /i 2160
[06/07/2009 16:13:29] /i 2160
[06/07/2009 16:13:29] /i 2160
[06/07/2009 16:13:29] /i 2160
[06/07/2009 16:13:29] /i 2160
[06/07/2009 16:13:29] /i 2160
[06/07/2009 16:13:29] /i 2160
[06/07/2009 16:13:29] /i 2160
[06/07/2009 16:13:29] /i 2160
[06/07/2009 16:13:30] /i 2160
[06/07/2009 16:13:30] /i 2160
[06/07/2009 16:13:30] /i 2160
[06/07/2009 16:13:30] /i 2160
[06/07/2009 16:13:30] /i 2160
[06/07/2009 16:13:30] /i 2160
[06/07/2009 16:13:30] /i 2160
[06/07/2009 16:13:30] /i 2160
[06/07/2009 16:13:30] /i 2160
[06/07/2009 16:13:30] /i 2160
[06/07/2009 16:13:30] /i 2160
[06/07/2009 16:13:30] /i 2160
[06/07/2009 16:13:30] /i 2160
[06/07/2009 16:13:30] /i 2160
[06/07/2009 16:13:30] /i 2160
[06/07/2009 16:13:30] /i 2160
[06/07/2009 16:13:30] /i 2160
[06/07/2009 16:13:30] /i 2160
[06/07/2009 16:13:30] /i 2160
[06/07/2009 16:13:30] /i 2160
[06/07/2009 16:13:30] /i 2160
[06/07/2009 16:13:30] /i 2160
[06/07/2009 16:13:30] /i 2160
[06/07/2009 16:13:30] /i 2160
[06/07/2009 16:13:30] /i 2160
[06/07/2009 16:13:30] /i 2160
[06/07/2009 16:13:30] /i 2160
[06/07/2009 16:13:30] /i 2160
[06/07/2009 16:13:31] /i 2160
[06/07/2009 16:13:31] /i 2160
[06/07/2009 16:13:31] /i 2160
[06/07/2009 16:13:31] /i 2160
[06/07/2009 16:13:31] /i 2160
[06/07/2009 16:13:31] /i 2160
[06/07/2009 16:13:31] /i 2160
[06/07/2009 16:13:31] /i 2160
[06/07/2009 16:13:31] /i 2160
[06/07/2009 16:13:31] /i 2160
[06/07/2009 16:13:31] /i 2160
[06/07/2009 16:13:31] /i 2160
[06/07/2009 16:13:31] /i 2160
[06/07/2009 16:13:31] /i 2160
[06/07/2009 16:13:31] /i 2160
[06/07/2009 16:13:31] /i 2160
[06/07/2009 16:13:31] /i 2160
[06/07/2009 16:13:31] /i 2160
[06/07/2009 16:13:31] /i 2160
[06/07/2009 16:13:31] /i 2160
[06/07/2009 16:13:31] /i 2160
[06/07/2009 16:13:31] /i 2160
[06/07/2009 16:13:31] /i 2160
[06/07/2009 16:13:31] /i 2160
[06/07/2009 16:13:31] /i 2160
[06/07/2009 16:13:31] /i 2160
[06/07/2009 16:13:31] /i 2160
[06/07/2009 16:13:31] /i 2160
[06/07/2009 16:13:32] /i 2160
[06/07/2009 16:13:32] /i 2160
[06/07/2009 16:13:32] /i 2160
[06/07/2009 16:13:32] /i 2160
[06/07/2009 16:13:32] /i 2160
[06/07/2009 16:13:32] /i 2160
[06/07/2009 16:13:32] /i 2160
[06/07/2009 16:13:32] /i 2160
[06/07/2009 16:13:32] /i 2160
[06/07/2009 16:13:32] /i 2160
[06/07/2009 16:13:32] /i 2160
[06/07/2009 16:13:32] /i 2160
[06/07/2009 16:13:32] /i 2160
[06/07/2009 16:13:32] /i 2160
[06/07/2009 16:13:32] /i 2160
[06/07/2009 16:13:32] /i 2160
[06/07/2009 16:13:32] /i 2160
[06/07/2009 16:13:32] /i 2160
[06/07/2009 16:13:32] /i 2160
[06/07/2009 16:13:32] /i 2160
[06/07/2009 16:13:32] /i 2160
[06/07/2009 16:13:32] /i 2160
[06/07/2009 16:13:32] /i 2160
[06/07/2009 16:13:32] /i 2160
[06/07/2009 16:13:32] /i 2160
[06/07/2009 16:13:32] /i 2160
[06/07/2009 16:13:32] /i 2160
[06/07/2009 16:13:32] /i 2160
[06/07/2009 16:13:32] /i 2160
[06/07/2009 16:13:33] /i 2160
[06/07/2009 16:13:33] /i 2160
[06/07/2009 16:13:33] /i 2160
[06/07/2009 16:13:33] /i 2160
[06/07/2009 16:13:33] /i 2160
[06/07/2009 16:13:33] /i 2160
[06/07/2009 16:13:33] /i 2160
[06/07/2009 16:13:33] /i 2160
[06/07/2009 16:13:33] /i 2160
[06/07/2009 16:13:33] /i 2160
[06/07/2009 16:13:33] /i 2160
[06/07/2009 16:13:33] /i 2160
[06/07/2009 16:13:33] /i 2160
[06/07/2009 16:13:33] /i 2160
[06/07/2009 16:13:33] /i 2160
[06/07/2009 16:13:33] /i 2160
[06/07/2009 16:13:33] /i 2160
[06/07/2009 16:13:33] /i 2160
[06/07/2009 16:13:33] /i 2160
[06/07/2009 16:13:33] /i 2160
[06/07/2009 16:13:33] /i 2160
[06/07/2009 16:13:33] /i 2160
[06/07/2009 16:13:33] /i 2160
[06/07/2009 16:13:33] /i 2160
[06/07/2009 16:13:33] /i 2160
[06/07/2009 16:13:33] /i 2160
[06/07/2009 16:13:33] /i 2160
[06/07/2009 16:13:34] /i 2160
[06/07/2009 16:13:34] /i 2160
[06/07/2009 16:13:34] /i 2160
[06/07/2009 16:13:34] /i 2160
[06/07/2009 16:13:34] /i 2160
[06/07/2009 16:13:34] /i 2160
[06/07/2009 16:13:34] /i 2160
[06/07/2009 16:13:34] /i 2160
[06/07/2009 16:13:34] /i 2160
[06/07/2009 16:13:34] /i 2160
[06/07/2009 16:13:34] /i 2160
[06/07/2009 16:13:34] /i 2160
[06/07/2009 16:13:34] /i 2160
[06/07/2009 16:13:34] /i 2160
[06/07/2009 16:13:34] /i 2160
[06/07/2009 16:13:34] /i 2160
[06/07/2009 16:13:34] /i 2160
[06/07/2009 16:13:34] /i 2160
[06/07/2009 16:13:34] /i 2160
[06/07/2009 16:13:34] /i 2160
[06/07/2009 16:13:34] /i 2160
[06/07/2009 16:13:34] /i 2160
[06/07/2009 16:13:34] /i 2160
[06/07/2009 16:13:34] /i 2160
[06/07/2009 16:13:34] /i 2160
[06/07/2009 16:13:34] /i 2160
[06/07/2009 16:13:34] /i 2160
[06/07/2009 16:13:34] /i 2160
[06/07/2009 16:13:35] /i 2160
[06/07/2009 16:13:35] /i 2160
[06/07/2009 16:13:35] /i 2160
[06/07/2009 16:13:35] /i 2160
[06/07/2009 16:13:35] /i 2160
[06/07/2009 16:13:35] /i 2160
[06/07/2009 16:13:35] /i 2160
[06/07/2009 16:13:35] /i 2160
[06/07/2009 16:13:35] /i 2160
[06/07/2009 16:13:35] /i 2160
[06/07/2009 16:13:35] /i 2160
[06/07/2009 16:13:35] /i 2160
[06/07/2009 16:13:35] /i 2160
[06/07/2009 16:13:35] /i 2160
[06/07/2009 16:13:35] /i 2160
[06/07/2009 16:13:35] /i 2160
[06/07/2009 16:13:35] /i 2160
[06/07/2009 16:13:35] /i 2160
[06/07/2009 16:13:35] /i 2160
[06/07/2009 16:13:35] /i 2160
[06/07/2009 16:13:35] /i 2160
[06/07/2009 16:13:35] /i 2160
[06/07/2009 16:13:35] /i 2160
[06/07/2009 16:13:35] /i 2160
[06/07/2009 16:13:35] /i 2160
[06/07/2009 16:13:35] /i 2160
[06/07/2009 16:13:35] /i 2160
[06/07/2009 16:13:35] /i 2160
[06/07/2009 16:13:35] /i 2160
[06/07/2009 16:13:36] /i 2160
[06/07/2009 16:13:36] /i 2160
[06/07/2009 16:13:36] /i 2160
[06/07/2009 16:13:36] /i 2160
[06/07/2009 16:13:36] /i 2160
[06/07/2009 16:13:36] /i 2160
[06/07/2009 16:13:36] /i 2160
[06/07/2009 16:13:36] /i 2160
[06/07/2009 16:13:36] /i 2160
[06/07/2009 16:13:36] /i 2160
[06/07/2009 16:13:36] /i 2160
[06/07/2009 16:13:36] /i 2160
[06/07/2009 16:13:36] /i 2160
[06/07/2009 16:13:36] /i 2160
[06/07/2009 16:13:36] /i 2160
[06/07/2009 16:13:36] /i 2160
[06/07/2009 16:13:36] /i 2160
[06/07/2009 16:13:36] /i 2160
[06/07/2009 16:13:36] /i 2160
[06/07/2009 16:13:36] /i 2160
[06/07/2009 16:13:36] /i 2160
[06/07/2009 16:13:36] /i 2160
[06/07/2009 16:13:36] /i 2160
[06/07/2009 16:13:36] /i 2160
[06/07/2009 16:13:36] /i 2160
[06/07/2009 16:13:36] /i 2160
[06/07/2009 16:13:36] /i 2160
[06/07/2009 16:13:36] /i 2160
[06/07/2009 16:13:36] /i 2160
[06/07/2009 16:13:37] /i 2160
[06/07/2009 16:13:37] /i 2160
[06/07/2009 16:13:37] /i 2160
[06/07/2009 16:13:37] /i 2160
[06/07/2009 16:13:37] /i 2160
[06/07/2009 16:13:37] /i 2160
[06/07/2009 16:13:37] /i 2160
[06/07/2009 16:13:37] /i 2160
[06/07/2009 16:13:37] /i 2160
[06/07/2009 16:13:37] /i 2160
[06/07/2009 16:13:37] /i 2160
[06/07/2009 16:13:37] /i 2160
[06/07/2009 16:13:37] /i 2160
[06/07/2009 16:13:37] /i 2160
[06/07/2009 16:13:37] /i 2160
[06/07/2009 16:13:37] /i 2160
[06/07/2009 16:13:37] /i 2160
[06/07/2009 16:13:37] /i 2160
[06/07/2009 16:13:37] /i 2160
[06/07/2009 16:13:37] /i 2160
[06/07/2009 16:13:37] /i 2160
[06/07/2009 16:13:37] /i 2160
[06/07/2009 16:13:37] /i 2160
[06/07/2009 16:13:37] /i 2160
[06/07/2009 16:13:37] /i 2160
[06/07/2009 16:13:37] /i 2160
[06/07/2009 16:13:37] /i 2160
[06/07/2009 16:13:37] /i 2160
[06/07/2009 16:13:38] /i 2160
[06/07/2009 16:13:38] /i 2160
[06/07/2009 16:13:38] /i 2160
[06/07/2009 16:13:38] /i 2160
[06/07/2009 16:13:38] /i 2160
[06/07/2009 16:13:38] /i 2160
[06/07/2009 16:13:38] /i 2160
[06/07/2009 16:13:38] /i 2160
[06/07/2009 16:13:38] /i 2160
[06/07/2009 16:13:38] /i 2160
[06/07/2009 16:13:38] /i 2160
[06/07/2009 16:13:38] /i 2160
[06/07/2009 16:13:38] /i 2160
[06/07/2009 16:13:38] /i 2160
[06/07/2009 16:13:38] /i 2160
[06/07/2009 16:13:38] /i 2160
[06/07/2009 16:13:38] /i 2160
[06/07/2009 16:13:38] /i 2160
[06/07/2009 16:13:38] /i 2160
[06/07/2009 16:13:38] /i 2160
[06/07/2009 16:13:38] /i 2160
[06/07/2009 16:13:38] /i 2160
[06/07/2009 16:13:38] /i 2160
[06/07/2009 16:13:38] /i 2160
[06/07/2009 16:13:38] /i 2160
[06/07/2009 16:13:38] /i 2160
[06/07/2009 16:13:38] /i 2160
[06/07/2009 16:13:38] /i 2160
[06/07/2009 16:13:39] /i 2160
[06/07/2009 16:13:39] /i 2160
[06/07/2009 16:13:39] /i 2160
[06/07/2009 16:13:39] /i 2160
[06/07/2009 16:13:39] /i 2160
[06/07/2009 16:13:39] /i 2160
[06/07/2009 16:13:39] /i 2160
[06/07/2009 16:13:39] /i 2160
[06/07/2009 16:13:39] /i 2160
[06/07/2009 16:13:39] /i 2160
[06/07/2009 16:13:39] /i 2160
[06/07/2009 16:13:39] /i 2160
[06/07/2009 16:13:39] /i 2160
[06/07/2009 16:13:39] /i 2160
[06/07/2009 16:13:39] /i 2160
[06/07/2009 16:13:39] /i 2160
[06/07/2009 16:13:39] /i 2160
[06/07/2009 16:13:39] /i 2160
[06/07/2009 16:13:39] /i 2160
[06/07/2009 16:13:39] /i 2160
[06/07/2009 16:13:39] /i 2160
[06/07/2009 16:13:39] /i 2160
[06/07/2009 16:13:39] /i 2160
[06/07/2009 16:13:39] /i 2160
[06/07/2009 16:13:39] /i 2160
[06/07/2009 16:13:39] /i 2160
[06/07/2009 16:13:39] /i 2160
[06/07/2009 16:13:39] /i 2160
[06/07/2009 16:13:39] /i 2160
[06/07/2009 16:13:40] /i 2160
[06/07/2009 16:13:40] /i 2160
[06/07/2009 16:13:40] /i 2160
[06/07/2009 16:13:40] /i 2160
[06/07/2009 16:13:40] /i 2160
[06/07/2009 16:13:40] /i 2160
[06/07/2009 16:13:40] /i 2160
[06/07/2009 16:13:40] /i 2160
[06/07/2009 16:13:40] /i 2160
[06/07/2009 16:13:40] /i 2160
[06/07/2009 16:13:40] /i 2160
[06/07/2009 16:13:40] /i 2160
[06/07/2009 16:13:40] /i 2160
[06/07/2009 16:13:40] /i 2160
[06/07/2009 16:13:40] /i 2160
[06/07/2009 16:13:40] /i 2160
[06/07/2009 16:13:40] /i 2160
[06/07/2009 16:13:40] /i 2160
[06/07/2009 16:13:40] /i 2160
[06/07/2009 16:13:40] /i 2160
[06/07/2009 16:13:40] /i 2160
[06/07/2009 16:13:40] /i 2160
[06/07/2009 16:13:40] /i 2160
[06/07/2009 16:13:40] /i 2160
[06/07/2009 16:13:40] /i 2160
[06/07/2009 16:13:40] /i 2160
[06/07/2009 16:13:40] /i 2160
[06/07/2009 16:13:40] /i 2160
[06/07/2009 16:13:41] /i 2160
[06/07/2009 16:13:41] /i 2160
[06/07/2009 16:13:41] /i 2160
[06/07/2009 16:13:41] /i 2160
[06/07/2009 16:13:41] /i 2160
[06/07/2009 16:13:41] /i 2160
[06/07/2009 16:13:41] /i 2160
[06/07/2009 16:13:41] /i 2160
[06/07/2009 16:13:41] /i 2160
[06/07/2009 16:13:41] /i 2160
[06/07/2009 16:13:41] /i 2160
[06/07/2009 16:13:41] /i 2160
[06/07/2009 16:13:41] /i 2160
[06/07/2009 16:13:41] /i 2160
[06/07/2009 16:13:41] /i 2160
[06/07/2009 16:13:41] /i 2160
[06/07/2009 16:13:41] /i 2160
[06/07/2009 16:13:41] /i 2160
[06/07/2009 16:13:41] /i 2160
[06/07/2009 16:13:41] /i 2160
[06/07/2009 16:13:41] /i 2160
[06/07/2009 16:13:41] /i 2160
[06/07/2009 16:13:41] /i 2160
[06/07/2009 16:13:41] /i 2160
[06/07/2009 16:13:41] /i 2160
[06/07/2009 16:13:41] /i 2160
[06/07/2009 16:13:41] /i 2160
[06/07/2009 16:13:41] /i 2160
[06/07/2009 16:13:42] /i 2160
[06/07/2009 16:13:42] /i 2160
[06/07/2009 16:13:42] /i 2160
[06/07/2009 16:13:42] /i 2160
[06/07/2009 16:13:42] /i 2160
[06/07/2009 16:13:42] /i 2160
[06/07/2009 16:13:42] /i 2160
[06/07/2009 16:13:42] /i 2160
[06/07/2009 16:13:42] /i 2160
[06/07/2009 16:13:42] /i 2160
[06/07/2009 16:13:42] /i 2160
[06/07/2009 16:13:42] /i 2160
[06/07/2009 16:13:42] /i 2160
[06/07/2009 16:13:42] /i 2160
[06/07/2009 16:13:42] /i 2160
[06/07/2009 16:13:42] /i 2160
[06/07/2009 16:13:42] /i 2160
[06/07/2009 16:13:42] /i 2160
[06/07/2009 16:13:42] /i 2160
[06/07/2009 16:13:42] /i 2160
[06/07/2009 16:13:42] /i 2160
[06/07/2009 16:13:42] /i 2160
[06/07/2009 16:13:42] /i 2160
[06/07/2009 16:13:42] /i 2160
[06/07/2009 16:13:42] /i 2160
[06/07/2009 16:13:42] /i 2160
[06/07/2009 16:13:42] /i 2160
[06/07/2009 16:13:42] /i 2160
[06/07/2009 16:13:42] /i 2160
[06/07/2009 16:13:43] /i 2160
[06/07/2009 16:13:43] /i 2160
[06/07/2009 16:13:43] /i 2160
[06/07/2009 16:13:43] /i 2160
[06/07/2009 16:13:43] /i 2160
[06/07/2009 16:13:43] /i 2160
[06/07/2009 16:13:43] /i 2160
[06/07/2009 16:13:43] /i 2160
[06/07/2009 16:13:43] /i 2160
[06/07/2009 16:13:43] /i 2160
[06/07/2009 16:13:43] /i 2160
[06/07/2009 16:13:43] /i 2160
[06/07/2009 16:13:43] /i 2160
[06/07/2009 16:13:43] /i 2160
[06/07/2009 16:13:43] /i 2160
[06/07/2009 16:13:43] /i 2160
[06/07/2009 16:13:43] /i 2160
[06/07/2009 16:13:43] /i 2160
[06/07/2009 16:13:43] /i 2160
[06/07/2009 16:13:43] /i 2160
[06/07/2009 16:13:43] /i 2160
[06/07/2009 16:13:43] /i 2160
[06/07/2009 16:13:43] /i 2160
[06/07/2009 16:13:43] /i 2160
[06/07/2009 16:13:43] /i 2160
[06/07/2009 16:13:43] /i 2160
[06/07/2009 16:13:43] /i 2160
[06/07/2009 16:13:43] /i 2160
[06/07/2009 16:13:44] /i 2160
[06/07/2009 16:13:44] /i 2160
[06/07/2009 16:13:44] /i 2160
[06/07/2009 16:13:44] /i 2160
[06/07/2009 16:13:44] /i 2160
[06/07/2009 16:13:44] /i 2160
[06/07/2009 16:13:44] /i 2160
[06/07/2009 16:13:44] /i 2160
[06/07/2009 16:13:44] /i 2160
[06/07/2009 16:13:44] /i 2160
[06/07/2009 16:13:44] /i 2160
[06/07/2009 16:13:44] /i 2160
[06/07/2009 16:13:44] /i 2160
[06/07/2009 16:13:44] /i 2160
[06/07/2009 16:13:44] /i 2160
[06/07/2009 16:13:44] /i 2160
[06/07/2009 16:13:44] /i 2160
[06/07/2009 16:13:44] /i 2160
[06/07/2009 16:13:44] /i 2160
[06/07/2009 16:13:44] /i 2160
[06/07/2009 16:13:44] /i 2160
[06/07/2009 16:13:44] /i 2160
[06/07/2009 16:13:44] /i 2160
[06/07/2009 16:13:44] /i 2160
[06/07/2009 16:13:44] /i 2160
[06/07/2009 16:13:44] /i 2160
[06/07/2009 16:13:44] /i 2160
[06/07/2009 16:13:44] /i 2160
[06/07/2009 16:13:44] /i 2160
[06/07/2009 16:13:45] /i 2160
[06/07/2009 16:13:45] /i 2160
[06/07/2009 16:13:45] /i 2160
[06/07/2009 16:13:45] /i 2160
[06/07/2009 16:13:45] /i 2160
[06/07/2009 16:13:45] /i 2160
[06/07/2009 16:13:45] /i 2160
[06/07/2009 16:13:45] /i 2160
[06/07/2009 16:13:45] /i 2160
[06/07/2009 16:13:45] /i 2160
[06/07/2009 16:13:45] /i 2160
[06/07/2009 16:13:45] /i 2160
[06/07/2009 16:13:45] /i 2160
[06/07/2009 16:13:45] /i 2160
[06/07/2009 16:13:45] /i 2160
[06/07/2009 16:13:45] /i 2160
[06/07/2009 16:13:45] /i 2160
[06/07/2009 16:13:45] /i 2160
[06/07/2009 16:13:45] /i 2160
[06/07/2009 16:13:45] /i 2160
[06/07/2009 16:13:45] /i 2160
[06/07/2009 16:13:45] /i 2160
[06/07/2009 16:13:45] /i 2160
[06/07/2009 16:13:45] /i 2160
[06/07/2009 16:13:45] /i 2160
[06/07/2009 16:13:45] /i 2160
[06/07/2009 16:13:45] /i 2160
[06/07/2009 16:13:45] /i 2160
[06/07/2009 16:13:45] /i 2160
[06/07/2009 16:13:46] /i 2160
[06/07/2009 16:13:46] /i 2160
[06/07/2009 16:13:46] /i 2160
[06/07/2009 16:13:46] /i 2160
[06/07/2009 16:13:46] /i 2160
[06/07/2009 16:13:46] /i 2160
[06/07/2009 16:13:46] /i 2160
[06/07/2009 16:13:46] /i 2160
[06/07/2009 16:13:46] /i 2160
[06/07/2009 16:13:46] /i 2160
[06/07/2009 16:13:46] /i 2160
[06/07/2009 16:13:46] /i 2160
[06/07/2009 16:13:46] /i 2160
[06/07/2009 16:13:46] /i 2160
[06/07/2009 16:13:46] /i 2160
[06/07/2009 16:13:46] /i 2160
[06/07/2009 16:13:46] /i 2160
[06/07/2009 16:13:46] /i 2160
[06/07/2009 16:13:46] /i 2160
[06/07/2009 16:13:46] /i 2160
[06/07/2009 16:13:46] /i 2160
[06/07/2009 16:13:46] /i 2160
[06/07/2009 16:13:46] /i 2160
[06/07/2009 16:13:46] /i 2160
[06/07/2009 16:13:46] /i 2160
[06/07/2009 16:13:46] /i 2160
[06/07/2009 16:13:46] /i 2160
[06/07/2009 16:13:46] /i 2160
[06/07/2009 16:13:47] /i 2160
[06/07/2009 16:13:47] /i 2160
[06/07/2009 16:13:47] /i 2160
[06/07/2009 16:13:47] /i 2160
[06/07/2009 16:13:47] /i 2160
[06/07/2009 16:13:47] /i 2160
[06/07/2009 16:13:47] /i 2160
[06/07/2009 16:13:47] /i 2160
[06/07/2009 16:13:47] /i 2160
[06/07/2009 16:13:47] /i 2160
[06/07/2009 16:13:47] /i 2160
[06/07/2009 16:13:47] /i 2160
[06/07/2009 16:13:47] /i 2160
[06/07/2009 16:13:47] /i 2160
[06/07/2009 16:13:47] /i 2160
[06/07/2009 16:13:47] /i 2160
[06/07/2009 16:13:47] /i 2160
[06/07/2009 16:13:47] /i 2160
[06/07/2009 16:13:47] /i 2160
[06/07/2009 16:13:47] /i 2160
[06/07/2009 16:13:47] /i 2160
[06/07/2009 16:13:47] /i 2160
[06/07/2009 16:13:47] /i 2160
[06/07/2009 16:13:47] /i 2160
[06/07/2009 16:13:47] /i 2160
[06/07/2009 16:13:47] /i 2160
[06/07/2009 16:13:47] /i 2160
[06/07/2009 16:13:47] /i 2160
[06/07/2009 16:13:48] /i 2160
[06/07/2009 16:13:48] /i 2160
[06/07/2009 16:13:48] /i 2160
[06/07/2009 16:13:48] /i 2160
[06/07/2009 16:13:48] /i 2160
[06/07/2009 16:13:48] /i 2160
[06/07/2009 16:13:48] /i 2160
[06/07/2009 16:13:48] /i 2160
[06/07/2009 16:13:48] /i 2160
[06/07/2009 16:13:48] /i 2160
[06/07/2009 16:13:48] /i 2160
[06/07/2009 16:13:48] /i 2160
[06/07/2009 16:13:55] /i 2160
[06/07/2009 16:13:55] /i 2160
[06/07/2009 16:13:55] /i 2160
[06/07/2009 16:13:56] /i 2160
[06/07/2009 16:13:56] /i 2160
[06/07/2009 16:13:56] /i 2160
[06/07/2009 16:13:56] /i 2160
[06/07/2009 16:13:56] /i 2160
[06/07/2009 16:13:56] /i 2160
[06/07/2009 16:13:56] /i 2160
[06/07/2009 16:13:56] /i 2160
[06/07/2009 16:13:56] /i 2160
[06/07/2009 16:13:56] /i 2160
[06/07/2009 16:13:56] /i 2160
[06/07/2009 16:13:56] /i 2160
[06/07/2009 16:13:56] /i 2160
[06/07/2009 16:13:56] /i 2160
[06/07/2009 16:13:56] /i 2160
[06/07/2009 16:13:56] /i 2160
[06/07/2009 16:13:56] /i 2160
[06/07/2009 16:13:56] /i 2160
[06/07/2009 16:13:56] /i 2160
[06/07/2009 16:13:56] /i 2160
[06/07/2009 16:13:56] /i 2160
[06/07/2009 16:13:56] /i 2160
[06/07/2009 16:13:56] /i 2160
[06/07/2009 16:13:56] /i 2160
[06/07/2009 16:13:56] /i 2160
[06/07/2009 16:13:56] /i 2160
[06/07/2009 16:13:56] /i 2160
[06/07/2009 16:13:56] /i 2160
[06/07/2009 16:13:56] /i 2160
[06/07/2009 16:13:57] /i 2160
[06/07/2009 16:13:57] /i 2160
[06/07/2009 16:13:57] /i 2160
[06/07/2009 16:13:57] /i 2160
[06/07/2009 16:13:57] /i 2160
[06/07/2009 16:13:57] /i 2160
[06/07/2009 16:13:57] /i 2160
[06/07/2009 16:13:57] /i 2160
[06/07/2009 16:13:57] /i 2160
[06/07/2009 16:13:57] /i 2160
[06/07/2009 16:13:57] /i 2160
[06/07/2009 16:13:57] /i 2160
[06/07/2009 16:13:57] /i 2160
[06/07/2009 16:13:57] /i 2160
[06/07/2009 16:13:57] /i 2160
[06/07/2009 16:13:57] /i 2160
[06/07/2009 16:13:57] /i 2160
[06/07/2009 16:13:57] /i 2160
[06/07/2009 16:13:57] /i 2160
[06/07/2009 16:13:57] /i 2160
[06/07/2009 16:13:57] /i 2160
[06/07/2009 16:13:57] /i 2160
[06/07/2009 16:13:57] /i 2160
[06/07/2009 16:13:57] /i 2160
[06/07/2009 16:13:57] /i 2160
[06/07/2009 16:13:57] /i 2160
[06/07/2009 16:13:57] /i 2160
[06/07/2009 16:13:58] /i 2160
[06/07/2009 16:13:58] /i 2160
[06/07/2009 16:13:58] /i 2160
[06/07/2009 16:13:58] /i 2160
[06/07/2009 16:13:58] /i 2160
[06/07/2009 16:13:58] /i 2160
[06/07/2009 16:13:58] /i 2160
[06/07/2009 16:13:58] /i 2160
[06/07/2009 16:13:58] /i 2160
[06/07/2009 16:13:58] /i 2160
[06/07/2009 16:13:58] /i 2160
[06/07/2009 16:13:58] /i 2160
[06/07/2009 16:13:58] /i 2160
[06/07/2009 16:13:58] /i 2160
[06/07/2009 16:13:58] /i 2160
[06/07/2009 16:13:58] /i 2160
[06/07/2009 16:13:58] /i 2160
[06/07/2009 16:13:58] /i 2160
[06/07/2009 16:13:58] /i 2160
[06/07/2009 16:13:58] /i 2160
[06/07/2009 16:13:58] /i 2160
[06/07/2009 16:13:58] /i 2160
[06/07/2009 16:13:58] /i 2160
[06/07/2009 16:13:58] /i 2160
[06/07/2009 16:13:58] /i 2160
[06/07/2009 16:13:58] /i 2160
[06/07/2009 16:13:58] /i 2160
[06/07/2009 16:13:58] /i 2160
[06/07/2009 16:13:59] /i 2160
[06/07/2009 16:13:59] /i 2160
[06/07/2009 16:13:59] /i 2160
[06/07/2009 16:13:59] /i 2160
[06/07/2009 16:13:59] /i 2160
[06/07/2009 16:13:59] /i 2160
[06/07/2009 16:13:59] /i 2160
[06/07/2009 16:13:59] /i 2160
[06/07/2009 16:13:59] /i 2160
[06/07/2009 16:13:59] /i 2160
[06/07/2009 16:13:59] /i 2160
[06/07/2009 16:13:59] /i 2160
[06/07/2009 16:13:59] /i 2160
[06/07/2009 16:13:59] /i 2160
[06/07/2009 16:13:59] /i 2160
[06/07/2009 16:13:59] /i 2160
[06/07/2009 16:13:59] /i 2160
[06/07/2009 16:13:59] /i 2160
[06/07/2009 16:13:59] /i 2160
[06/07/2009 16:13:59] /i 2160
[06/07/2009 16:13:59] /i 2160
[06/07/2009 16:13:59] /i 2160
[06/07/2009 16:13:59] /i 2160
[06/07/2009 16:13:59] /i 2160
[06/07/2009 16:13:59] /i 2160
[06/07/2009 16:13:59] /i 2160
[06/07/2009 16:13:59] /i 2160
[06/07/2009 16:13:59] /i 2160
[06/07/2009 16:13:59] /i 2160
[06/07/2009 16:14:00] /i 2160
[06/07/2009 16:14:00] /i 2160
[06/07/2009 16:14:00] /i 2160
[06/07/2009 16:14:00] /i 2160
[06/07/2009 16:14:00] /i 2160
[06/07/2009 16:14:00] /i 2160
[06/07/2009 16:14:00] /i 2160
[06/07/2009 16:14:00] /i 2160
[06/07/2009 16:14:00] /i 2160
[06/07/2009 16:14:00] /i 2160
[06/07/2009 16:14:00] /i 2160
[06/07/2009 16:14:00] /i 2160
[06/07/2009 16:14:00] /i 2160
[06/07/2009 16:14:00] /i 2160
[06/07/2009 16:14:00] /i 2160
[06/07/2009 16:14:00] /i 2160
[06/07/2009 16:14:00] /i 2160
[06/07/2009 16:14:00] /i 2160
[06/07/2009 16:14:00] /i 2160
[06/07/2009 16:14:00] /i 2160
[06/07/2009 16:14:00] /i 2160
[06/07/2009 16:14:00] /i 2160
[06/07/2009 16:14:00] /i 2160
[06/07/2009 16:14:00] /i 2160
[06/07/2009 16:14:00] /i 2160
[06/07/2009 16:14:00] /i 2160
[06/07/2009 16:14:00] /i 2160
[06/07/2009 16:14:01] /i 2160
[06/07/2009 16:14:01] /i 2160
[06/07/2009 16:14:01] /i 2160
[06/07/2009 16:14:01] /i 2160
[06/07/2009 16:14:01] /i 2160
[06/07/2009 16:14:01] /i 2160
[06/07/2009 16:14:01] /i 2160
[06/07/2009 16:14:01] /i 2160
[06/07/2009 16:14:01] /i 2160
[06/07/2009 16:14:01] /i 2160
[06/07/2009 16:14:01] /i 2160
[06/07/2009 16:14:01] /i 2160
[06/07/2009 16:14:01] /i 2160
[06/07/2009 16:14:01] /i 2160
[06/07/2009 16:14:01] /i 2160
[06/07/2009 16:14:01] /i 2160
[06/07/2009 16:14:01] /i 2160
[06/07/2009 16:14:01] /i 2160
[06/07/2009 16:14:01] /i 2160
[06/07/2009 16:14:01] /i 2160
[06/07/2009 16:14:01] /i 2160
[06/07/2009 16:14:01] /i 2160
[06/07/2009 16:14:01] /i 2160
[06/07/2009 16:14:01] /i 2160
[06/07/2009 16:14:01] /i 2160
[06/07/2009 16:14:01] /i 2160
[06/07/2009 16:14:01] /i 2160
[06/07/2009 16:14:01] /i 2160
[06/07/2009 16:14:02] /i 2160
[06/07/2009 16:14:02] /i 2160
[06/07/2009 16:14:02] /i 2160
[06/07/2009 16:14:02] /i 2160
[06/07/2009 16:14:02] /i 2160
[06/07/2009 16:14:02] /i 2160
[06/07/2009 16:14:02] /i 2160
[06/07/2009 16:14:02] /i 2160
[06/07/2009 16:14:02] /i 2160
[06/07/2009 16:14:02] /i 2160
[06/07/2009 16:14:02] /i 2160
[06/07/2009 16:14:02] /i 2160
[06/07/2009 16:14:02] /i 2160
[06/07/2009 16:14:02] /i 2160
[06/07/2009 16:14:02] /i 2160
[06/07/2009 16:14:02] /i 2160
[06/07/2009 16:14:02] /i 2160
[06/07/2009 16:14:02] /i 2160
[06/07/2009 16:14:02] /i 2160
[06/07/2009 16:14:02] /i 2160
[06/07/2009 16:14:02] /i 2160
[06/07/2009 16:14:02] /i 2160
[06/07/2009 16:14:02] /i 2160
[06/07/2009 16:14:02] /i 2160
[06/07/2009 16:14:02] /i 2160
[06/07/2009 16:14:02] /i 2160
[06/07/2009 16:14:02] /i 2160
[06/07/2009 16:14:02] /i 2160
[06/07/2009 16:14:03] /i 2160
[06/07/2009 16:14:03] /i 2160
[06/07/2009 16:14:03] /i 2160
[06/07/2009 16:14:03] /i 2160
[06/07/2009 16:14:03] /i 2160
[06/07/2009 16:14:03] /i 2160
[06/07/2009 16:14:03] /i 2160
[06/07/2009 16:14:03] /i 2160
[06/07/2009 16:14:03] /i 2160
[06/07/2009 16:14:03] /i 2160
[06/07/2009 16:14:03] /i 2160
[06/07/2009 16:14:03] /i 2160
[06/07/2009 16:14:03] /i 2160
[06/07/2009 16:14:03] /i 2160
[06/07/2009 16:14:03] /i 2160
[06/07/2009 16:14:03] /i 2160
[06/07/2009 16:14:03] /i 2160
[06/07/2009 16:14:03] /i 2160
[06/07/2009 16:14:03] /i 2160
[06/07/2009 16:14:03] /i 2160
[06/07/2009 16:14:03] /i 2160
[06/07/2009 16:14:03] /i 2160
[06/07/2009 16:14:03] /i 2160
[06/07/2009 16:14:03] /i 2160
[06/07/2009 16:14:03] /i 2160
[06/07/2009 16:14:03] /i 2160
[06/07/2009 16:14:03] /i 2160
[06/07/2009 16:14:03] /i 2160
[06/07/2009 16:14:04] /i 2160
[06/07/2009 16:14:04] /i 2160
[06/07/2009 16:14:04] /i 2160
[06/07/2009 16:14:04] /i 2160
[06/07/2009 16:14:04] /i 2160
[06/07/2009 16:14:04] /i 2160
[06/07/2009 16:14:04] /i 2160
[06/07/2009 16:14:04] /i 2160
[06/07/2009 16:14:04] /i 2160
[06/07/2009 16:14:04] /i 2160
[06/07/2009 16:14:04] /i 2160
[06/07/2009 16:14:04] /i 2160
[06/07/2009 16:14:04] /i 2160
[06/07/2009 16:14:04] /i 2160
[06/07/2009 16:14:04] /i 2160
[06/07/2009 16:14:04] /i 2160
[06/07/2009 16:14:04] /i 2160
[06/07/2009 16:14:04] /i 2160
[06/07/2009 16:14:04] /i 2160
[06/07/2009 16:14:04] /i 2160
[06/07/2009 16:14:04] /i 2160
[06/07/2009 16:14:04] /i 2160
[06/07/2009 16:14:04] /i 2160
[06/07/2009 16:14:04] /i 2160
[06/07/2009 16:14:04] /i 2160
[06/07/2009 16:14:04] /i 2160
[06/07/2009 16:14:04] /i 2160
[06/07/2009 16:14:04] /i 2160
[06/07/2009 16:14:04] /i 2160
[06/07/2009 16:14:05] /i 2160
[06/07/2009 16:14:05] /i 2160
[06/07/2009 16:14:05] /i 2160
[06/07/2009 16:14:05] /i 2160
[06/07/2009 16:14:05] /i 2160
[06/07/2009 16:14:05] /i 2160
[06/07/2009 16:14:05] /i 2160
[06/07/2009 16:14:05] /i 2160
[06/07/2009 16:14:05] /i 2160
[06/07/2009 16:14:05] /i 2160
[06/07/2009 16:14:05] /i 2160
[06/07/2009 16:14:05] /i 2160
[06/07/2009 16:14:05] /i 2160
[06/07/2009 16:14:05] /i 2160
[06/07/2009 16:14:05] /i 2160
[06/07/2009 16:14:05] /i 2160
[06/07/2009 16:14:05] /i 2160
[06/07/2009 16:14:05] /i 2160
[06/07/2009 16:14:05] /i 2160
[06/07/2009 16:14:05] /i 2160
[06/07/2009 16:14:05] /i 2160
[06/07/2009 16:14:05] /i 2160
[06/07/2009 16:14:05] /i 2160
[06/07/2009 16:14:05] /i 2160
[06/07/2009 16:14:05] /i 2160
[06/07/2009 16:14:05] /i 2160
[06/07/2009 16:14:05] /i 2160
[06/07/2009 16:14:05] /i 2160
[06/07/2009 16:14:06] /i 2160
[06/07/2009 16:14:06] /i 2160
[06/07/2009 16:14:06] /i 2160
[06/07/2009 16:14:06] /i 2160
[06/07/2009 16:14:06] /i 2160
[06/07/2009 16:14:06] /i 2160
[06/07/2009 16:14:06] /i 2160
[06/07/2009 16:14:06] /i 2160
[06/07/2009 16:14:06] /i 2160
[06/07/2009 16:14:06] /i 2160
[06/07/2009 16:14:06] /i 2160
[06/07/2009 16:14:06] /i 2160
[06/07/2009 16:14:06] /i 2160
[06/07/2009 16:14:06] /i 2160
[06/07/2009 16:14:06] /i 2160
[06/07/2009 16:14:06] /i 2160
[06/07/2009 16:14:06] /i 2160
[06/07/2009 16:14:06] /i 2160
[06/07/2009 16:14:06] /i 2160
[06/07/2009 16:14:06] /i 2160
[06/07/2009 16:14:06] /i 2160
[06/07/2009 16:14:06] /i 2160
[06/07/2009 16:14:06] /i 2160
[06/07/2009 16:14:06] /i 2160
[06/07/2009 16:14:06] /i 2160
[06/07/2009 16:14:06] /i 2160
[06/07/2009 16:14:06] /i 2160
[06/07/2009 16:14:06] /i 2160
[06/07/2009 16:14:06] /i 2160
[06/07/2009 16:14:07] /i 2160
[06/07/2009 16:14:07] /i 2160
[06/07/2009 16:14:07] /i 2160
[06/07/2009 16:14:07] /i 2160
[06/07/2009 16:14:07] /i 2160
[06/07/2009 16:14:07] /i 2160
[06/07/2009 16:14:07] /i 2160
[06/07/2009 16:14:07] /i 2160
[06/07/2009 16:14:07] /i 2160
[06/07/2009 16:14:07] /i 2160
[06/07/2009 16:14:07] /i 2160
[06/07/2009 16:14:07] /i 2160
[06/07/2009 16:14:07] /i 2160
[06/07/2009 16:14:07] /i 2160
[06/07/2009 16:14:07] /i 2160
[06/07/2009 16:14:07] /i 2160
[06/07/2009 16:14:07] /i 2160
[06/07/2009 16:14:07] /i 2160
[06/07/2009 16:14:07] /i 2160
[06/07/2009 16:14:07] /i 2160
[06/07/2009 16:14:07] /i 2160
[06/07/2009 16:14:07] /i 2160
[06/07/2009 16:14:07] /i 2160
[06/07/2009 16:14:07] /i 2160
[06/07/2009 16:14:07] /i 2160
[06/07/2009 16:14:07] /i 2160
[06/07/2009 16:14:07] /i 2160
[06/07/2009 16:14:07] /i 2160
[06/07/2009 16:14:08] /i 2160
[06/07/2009 16:14:08] /i 2160
[06/07/2009 16:14:08] /i 2160
[06/07/2009 16:14:08] /i 2160
[06/07/2009 16:14:08] /i 2160
[06/07/2009 16:14:08] /i 2160
[06/07/2009 16:14:08] /i 2160
[06/07/2009 16:14:08] /i 2160
[06/07/2009 16:14:08] /i 2160
[06/07/2009 16:14:08] /i 2160
[06/07/2009 16:14:08] /i 2160
[06/07/2009 16:14:08] /i 2160
[06/07/2009 16:14:08] /i 2160
[06/07/2009 16:14:08] /i 2160
[06/07/2009 16:14:08] /i 2160
[06/07/2009 16:14:08] /i 2160
[06/07/2009 16:14:08] /i 2160
[06/07/2009 16:14:08] /i 2160
[06/07/2009 16:14:08] /i 2160
[06/07/2009 16:14:08] /i 2160
[06/07/2009 16:14:08] /i 2160
[06/07/2009 16:14:08] /i 2160
[06/07/2009 16:14:08] /i 2160
[06/07/2009 16:14:08] /i 2160
[06/07/2009 16:14:08] /i 2160
[06/07/2009 16:14:08] /i 2160
[06/07/2009 16:14:08] /i 2160
[06/07/2009 16:14:08] /i 2160
[06/07/2009 16:14:08] /i 2160
[06/07/2009 16:14:09] /i 2160
[06/07/2009 16:14:09] /i 2160
[06/07/2009 16:14:09] /i 2160
[06/07/2009 16:14:09] /i 2160
[06/07/2009 16:14:09] /i 2160
[06/07/2009 16:14:09] /i 2160
[06/07/2009 16:14:09] /i 2160
[06/07/2009 16:14:09] /i 2160
[06/07/2009 16:14:09] /i 2160
[06/07/2009 16:14:09] /i 2160
[06/07/2009 16:14:09] /i 2160
[06/07/2009 16:14:09] /i 2160
[06/07/2009 16:14:09] /i 2160
[06/07/2009 16:14:09] /i 2160
[06/07/2009 16:14:09] /i 2160
[06/07/2009 16:14:09] /i 2160
[06/07/2009 16:14:09] /i 2160
[06/07/2009 16:14:09] /i 2160
[06/07/2009 16:14:09] /i 2160
[06/07/2009 16:14:09] /i 2160
[06/07/2009 16:14:09] /i 2160
[06/07/2009 16:14:09] /i 2160
[06/07/2009 16:14:09] /i 2160
[06/07/2009 16:14:09] /i 2160
[06/07/2009 16:14:09] /i 2160
[06/07/2009 16:14:09] /i 2160
[06/07/2009 16:14:09] /i 2160
[06/07/2009 16:14:10] /i 2160
[06/07/2009 16:14:10] /i 2160
[06/07/2009 16:14:10] /i 2160
[06/07/2009 16:14:10] /i 2160
[06/07/2009 16:14:10] /i 2160
[06/07/2009 16:14:10] /i 2160
[06/07/2009 16:14:10] /i 2160
[06/07/2009 16:14:10] /i 2160
[06/07/2009 16:14:10] /i 2160
[06/07/2009 16:14:10] /i 2160
[06/07/2009 16:14:10] /i 2160
[06/07/2009 16:14:10] /i 2160
[06/07/2009 16:14:10] /i 2160
[06/07/2009 16:14:10] /i 2160
[06/07/2009 16:14:10] /i 2160
[06/07/2009 16:14:10] /i 2160
[06/07/2009 16:14:10] /i 2160
[06/07/2009 16:14:10] /i 2160
[06/07/2009 16:14:10] /i 2160
[06/07/2009 16:14:10] /i 2160
[06/07/2009 16:14:10] /i 2160
[06/07/2009 16:14:10] /i 2160
[06/07/2009 16:14:10] /i 2160
[06/07/2009 16:14:10] /i 2160
[06/07/2009 16:14:10] /i 2160
[06/07/2009 16:14:10] /i 2160
[06/07/2009 16:14:10] /i 2160
[06/07/2009 16:14:10] /i 2160
[06/07/2009 16:14:10] /i 2160
[06/07/2009 16:14:11] /i 2160
[06/07/2009 16:14:11] /i 2160
[06/07/2009 16:14:11] /i 2160
[06/07/2009 16:14:11] /i 2160
[06/07/2009 16:14:11] /i 2160
[06/07/2009 16:14:11] /i 2160
[06/07/2009 16:14:11] /i 2160
[06/07/2009 16:14:11] /i 2160
[06/07/2009 16:14:11] /i 2160
[06/07/2009 16:14:11] /i 2160
[06/07/2009 16:14:11] /i 2160
[06/07/2009 16:14:11] /i 2160
[06/07/2009 16:14:11] /i 2160
[06/07/2009 16:14:11] /i 2160
[06/07/2009 16:14:11] /i 2160
[06/07/2009 16:14:11] /i 2160
[06/07/2009 16:14:11] /i 2160
[06/07/2009 16:14:11] /i 2160
[06/07/2009 16:14:11] /i 2160
[06/07/2009 16:14:11] /i 2160
[06/07/2009 16:14:11] /i 2160
[06/07/2009 16:14:11] /i 2160
[06/07/2009 16:14:11] /i 2160
[06/07/2009 16:14:11] /i 2160
[06/07/2009 16:14:11] /i 2160
[06/07/2009 16:14:11] /i 2160
[06/07/2009 16:14:11] /i 2160
[06/07/2009 16:14:11] /i 2160
[06/07/2009 16:14:12] /i 2160
[06/07/2009 16:14:12] /i 2160
[06/07/2009 16:14:12] /i 2160
[06/07/2009 16:14:12] /i 2160
[06/07/2009 16:14:12] /i 2160
[06/07/2009 16:14:12] /i 2160
[06/07/2009 16:14:12] /i 2160
[06/07/2009 16:14:12] /i 2160
[06/07/2009 16:14:12] /i 2160
[06/07/2009 16:14:12] /i 2160
[06/07/2009 16:14:12] /i 2160
[06/07/2009 16:14:12] /i 2160
[06/07/2009 16:14:12] /i 2160
[06/07/2009 16:14:12] /i 2160
[06/07/2009 16:14:12] /i 2160
[06/07/2009 16:14:12] /i 2160
[06/07/2009 16:14:12] /i 2160
[06/07/2009 16:14:12] /i 2160
[06/07/2009 16:14:12] /i 2160
[06/07/2009 16:14:12] /i 2160
[06/07/2009 16:14:12] /i 2160
[06/07/2009 16:14:12] /i 2160
[06/07/2009 16:14:12] /i 2160
[06/07/2009 16:14:12] /i 2160
[06/07/2009 16:14:12] /i 2160
[06/07/2009 16:14:12] /i 2160
[06/07/2009 16:14:12] /i 2160
[06/07/2009 16:14:12] /i 2160
[06/07/2009 16:14:12] /i 2160
[06/07/2009 16:14:13] /i 2160
[06/07/2009 16:14:13] /i 2160
[06/07/2009 16:14:13] /i 2160
[06/07/2009 16:14:13] /i 2160
[06/07/2009 16:14:13] /i 2160
[06/07/2009 16:14:13] /i 2160
[06/07/2009 16:14:13] /i 2160
[06/07/2009 16:14:13] /i 2160
[06/07/2009 16:14:13] /i 2160
[06/07/2009 16:14:13] /i 2160
[06/07/2009 16:14:13] /i 2160
[06/07/2009 16:14:13] /i 2160
[06/07/2009 16:14:13] /i 2160
[06/07/2009 16:14:13] /i 2160
[06/07/2009 16:14:13] /i 2160
[06/07/2009 16:14:13] /i 2160
[06/07/2009 16:14:13] /i 2160
[06/07/2009 16:14:13] /i 2160
[06/07/2009 16:14:13] /i 2160
[06/07/2009 16:14:13] /i 2160
[06/07/2009 16:14:13] /i 2160
[06/07/2009 16:14:13] /i 2160
[06/07/2009 16:14:13] /i 2160
[06/07/2009 16:14:13] /i 2160
[06/07/2009 16:14:13] /i 2160
[06/07/2009 16:14:13] /i 2160
[06/07/2009 16:14:13] /i 2160
[06/07/2009 16:14:13] /i 2160
[06/07/2009 16:14:14] /i 2160
[06/07/2009 16:14:14] /i 2160
[06/07/2009 16:14:14] /i 2160
[06/07/2009 16:14:14] /i 2160
[06/07/2009 16:14:14] /i 2160
[06/07/2009 16:14:14] /i 2160
[06/07/2009 16:14:14] /i 2160
[06/07/2009 16:14:14] /i 2160
[06/07/2009 16:14:14] /i 2160
[06/07/2009 16:14:14] /i 2160
[06/07/2009 16:14:14] /i 2160
[06/07/2009 16:14:14] /i 2160
[06/07/2009 16:14:14] /i 2160
[06/07/2009 16:14:14] /i 2160
[06/07/2009 16:14:14] /i 2160
[06/07/2009 16:14:14] /i 2160
[06/07/2009 16:14:14] /i 2160
[06/07/2009 16:14:14] /i 2160
[06/07/2009 16:14:14] /i 2160
[06/07/2009 16:14:14] /i 2160
[06/07/2009 16:14:14] /i 2160
[06/07/2009 16:14:14] /i 2160
[06/07/2009 16:14:14] /i 2160
[06/07/2009 16:14:14] /i 2160
[06/07/2009 16:14:14] /i 2160
[06/07/2009 16:14:14] /i 2160
[06/07/2009 16:14:14] /i 2160
[06/07/2009 16:14:14] /i 2160
[06/07/2009 16:14:15] /i 2160
[06/07/2009 16:14:15] /i 2160
[06/07/2009 16:14:15] /i 2160
[06/07/2009 16:14:15] /i 2160
[06/07/2009 16:14:15] /i 2160
[06/07/2009 16:14:15] /i 2160
[06/07/2009 16:14:15] /i 2160
[06/07/2009 16:14:15] /i 2160
[06/07/2009 16:14:15] /i 2160
[06/07/2009 16:14:15] /i 2160
[06/07/2009 16:14:15] /i 2160
[06/07/2009 16:14:15] /i 2160
[06/07/2009 16:14:15] /i 2160
[06/07/2009 16:14:15] /i 2160
[06/07/2009 16:14:15] /i 2160
[06/07/2009 16:14:15] /i 2160
[06/07/2009 16:14:15] /i 2160
[06/07/2009 16:14:15] /i 2160
[06/07/2009 16:14:15] /i 2160
[06/07/2009 16:14:15] /i 2160
[06/07/2009 16:14:15] /i 2160
[06/07/2009 16:14:15] /i 2160
[06/07/2009 16:14:15] /i 2160
[06/07/2009 16:14:15] /i 2160
[06/07/2009 16:14:15] /i 2160
[06/07/2009 16:14:15] /i 2160
[06/07/2009 16:14:15] /i 2160
[06/07/2009 16:14:15] /i 2160
[06/07/2009 16:14:16] /i 2160
[06/07/2009 16:14:16] /i 2160
[06/07/2009 16:14:16] /i 2160
[06/07/2009 16:14:16] /i 2160
[06/07/2009 16:14:16] /i 2160
[06/07/2009 16:14:16] /i 2160
[06/07/2009 16:14:16] /i 2160
[06/07/2009 16:14:16] /i 2160
[06/07/2009 16:14:16] /i 2160
[06/07/2009 16:14:16] /i 2160
[06/07/2009 16:14:16] /i 2160
[06/07/2009 16:14:16] /i 2160
[06/07/2009 16:14:16] /i 2160
[06/07/2009 16:14:16] /i 2160
[06/07/2009 16:14:16] /i 2160
[06/07/2009 16:14:16] /i 2160
[06/07/2009 16:14:16] /i 2160
[06/07/2009 16:14:16] /i 2160
[06/07/2009 16:14:16] /i 2160
[06/07/2009 16:14:16] /i 2160
[06/07/2009 16:14:16] /i 2160
[06/07/2009 16:14:16] /i 2160
[06/07/2009 16:14:16] /i 2160
[06/07/2009 16:14:16] /i 2160
[06/07/2009 16:14:16] /i 2160
[06/07/2009 16:14:16] /i 2160
[06/07/2009 16:14:16] /i 2160
[06/07/2009 16:14:16] /i 2160
[06/07/2009 16:14:16] /i 2160
[06/07/2009 16:14:17] /i 2160
[06/07/2009 16:14:17] /i 2160
[06/07/2009 16:14:17] /i 2160
[06/07/2009 16:14:17] /i 2160
[06/07/2009 16:14:17] /i 2160
[06/07/2009 16:14:17] /i 2160
[06/07/2009 16:14:17] /i 2160
[06/07/2009 16:14:17] /i 2160
[06/07/2009 16:14:17] /i 2160
[06/07/2009 16:14:17] /i 2160
[06/07/2009 16:14:17] /i 2160
[06/07/2009 16:14:17] /i 2160
[06/07/2009 16:14:17] /i 2160
[06/07/2009 16:14:17] /i 2160
[06/07/2009 16:14:17] /i 2160
[06/07/2009 16:14:17] /i 2160
[06/07/2009 16:14:17] /i 2160
[06/07/2009 16:14:17] /i 2160
[06/07/2009 16:14:17] /i 2160
[06/07/2009 16:14:17] /i 2160
[06/07/2009 16:14:17] /i 2160
[06/07/2009 16:14:17] /i 2160
[06/07/2009 16:14:17] /i 2160
[06/07/2009 16:14:17] /i 2160
[06/07/2009 16:14:17] /i 2160
[06/07/2009 16:14:17] /i 2160
[06/07/2009 16:14:17] /i 2160
[06/07/2009 16:14:17] /i 2160
[06/07/2009 16:14:17] /i 2160
[06/07/2009 16:14:18] /i 2160
[06/07/2009 16:14:18] /i 2160
[06/07/2009 16:14:18] /i 2160
[06/07/2009 16:14:18] /i 2160
[06/07/2009 16:14:18] /i 2160
[06/07/2009 16:14:18] /i 2160
[06/07/2009 16:14:18] /i 2160
[06/07/2009 16:14:18] /i 2160
[06/07/2009 16:14:18] /i 2160
[06/07/2009 16:14:18] /i 2160
[06/07/2009 16:14:18] /i 2160
[06/07/2009 16:14:18] /i 2160
[06/07/2009 16:14:18] /i 2160
[06/07/2009 16:14:18] /i 2160
[06/07/2009 16:14:18] /i 2160
[06/07/2009 16:14:18] /i 2160
[06/07/2009 16:14:18] /i 2160
[06/07/2009 16:14:18] /i 2160
[06/07/2009 16:14:18] /i 2160
[06/07/2009 16:14:18] /i 2160
[06/07/2009 16:14:18] /i 2160
[06/07/2009 16:14:18] /i 2160
[06/07/2009 16:14:18] /i 2160
[06/07/2009 16:14:18] /i 2160
[06/07/2009 16:14:18] /i 2160
[06/07/2009 16:14:18] /i 2160
[06/07/2009 16:14:18] /i 2160
[06/07/2009 16:14:18] /i 2160
[06/07/2009 16:14:19] /i 2160
[06/07/2009 16:14:19] /i 2160
[06/07/2009 16:14:19] /i 2160
[06/07/2009 16:14:19] /i 2160
[06/07/2009 16:14:19] /i 2160
[06/07/2009 16:14:19] /i 2160
[06/07/2009 16:14:19] /i 2160
[06/07/2009 16:14:19] /i 2160
[06/07/2009 16:14:19] /i 2160
[06/07/2009 16:14:19] /i 2160
[06/07/2009 16:14:19] /i 2160
[06/07/2009 16:14:19] /i 2160
[06/07/2009 16:14:19] /i 2160
[06/07/2009 16:14:19] /i 2160
[06/07/2009 16:14:19] /i 2160
[06/07/2009 16:14:19] /i 2160
[06/07/2009 16:14:19] /i 2160
[06/07/2009 16:14:19] /i 2160
[06/07/2009 16:14:19] /i 2160
[06/07/2009 16:14:19] /i 2160
[06/07/2009 16:14:19] /i 2160
[06/07/2009 16:14:19] /i 2160
[06/07/2009 16:14:19] /i 2160
[06/07/2009 16:14:19] /i 2160
[06/07/2009 16:14:19] /i 2160
[06/07/2009 16:14:19] /i 2160
[06/07/2009 16:14:19] /i 2160
[06/07/2009 16:14:19] /i 2160
[06/07/2009 16:14:19] /i 2160
[06/07/2009 16:14:20] /i 2160
[06/07/2009 16:14:20] /i 2160
[06/07/2009 16:14:20] /i 2160
[06/07/2009 16:14:20] /i 2160
[06/07/2009 16:14:20] /i 2160
[06/07/2009 16:14:20] /i 2160
[06/07/2009 16:14:20] /i 2160
[06/07/2009 16:14:20] /i 2160
[06/07/2009 16:14:20] /i 2160
[06/07/2009 16:14:20] /i 2160
[06/07/2009 16:14:20] /i 2160
[06/07/2009 16:14:20] /i 2160
[06/07/2009 16:14:20] /i 2160
[06/07/2009 16:14:20] /i 2160
[06/07/2009 16:14:20] /i 2160
[06/07/2009 16:14:20] /i 2160
[06/07/2009 16:14:20] /i 2160
[06/07/2009 16:14:20] /i 2160
[06/07/2009 16:14:20] /i 2160
[06/07/2009 16:14:20] /i 2160
[06/07/2009 16:14:20] /i 2160
[06/07/2009 16:14:20] /i 2160
[06/07/2009 16:14:20] /i 2160
[06/07/2009 16:14:20] /i 2160
[06/07/2009 16:14:20] /i 2160
[06/07/2009 16:14:20] /i 2160
[06/07/2009 16:14:20] /i 2160
[06/07/2009 16:14:20] /i 2160
[06/07/2009 16:14:21] /i 2160
[06/07/2009 16:14:21] /i 2160
[06/07/2009 16:14:21] /i 2160
[06/07/2009 16:14:21] /i 2160
[06/07/2009 16:14:21] /i 2160
[06/07/2009 16:14:21] /i 2160
[06/07/2009 16:14:21] /i 2160
[06/07/2009 16:14:21] /i 2160
[06/07/2009 16:14:21] /i 2160
[06/07/2009 16:14:21] /i 2160
[06/07/2009 16:14:21] /i 2160
[06/07/2009 16:14:21] /i 2160
[06/07/2009 16:14:21] /i 2160
[06/07/2009 16:14:21] /i 2160
[06/07/2009 16:14:21] /i 2160
[06/07/2009 16:14:21] /i 2160
[06/07/2009 16:14:21] /i 2160
[06/07/2009 16:14:21] /i 2160
[06/07/2009 16:14:21] /i 2160
[06/07/2009 16:14:21] /i 2160
[06/07/2009 16:14:21] /i 2160
[06/07/2009 16:14:21] /i 2160
[06/07/2009 16:14:21] /i 2160
[06/07/2009 16:14:21] /i 2160
[06/07/2009 16:14:21] /i 2160
[06/07/2009 16:14:21] /i 2160
[06/07/2009 16:14:21] /i 2160
[06/07/2009 16:14:21] /i 2160
[06/07/2009 16:14:22] /i 2160
[06/07/2009 16:14:22] /i 2160
[06/07/2009 16:14:22] /i 2160
[06/07/2009 16:14:22] /i 2160
[06/07/2009 16:14:22] /i 2160
[06/07/2009 16:14:22] /i 2160
[06/07/2009 16:14:22] /i 2160
[06/07/2009 16:14:22] /i 2160
[06/07/2009 16:14:22] /i 2160
[06/07/2009 16:14:22] /i 2160
[06/07/2009 16:14:22] /i 2160
[06/07/2009 16:14:22] /i 2160
[06/07/2009 16:14:22] /i 2160
[06/07/2009 16:14:22] /i 2160
[06/07/2009 16:14:22] /i 2160
[06/07/2009 16:14:22] /i 2160
[06/07/2009 16:14:22] /i 2160
[06/07/2009 16:14:22] /i 2160
[06/07/2009 16:14:22] /i 2160
[06/07/2009 16:14:22] /i 2160
[06/07/2009 16:14:22] /i 2160
[06/07/2009 16:14:22] /i 2160
[06/07/2009 16:14:22] /i 2160
[06/07/2009 16:14:22] /i 2160
[06/07/2009 16:14:22] /i 2160
[06/07/2009 16:14:22] /i 2160
[06/07/2009 16:14:22] /i 2160
[06/07/2009 16:14:22] /i 2160
[06/07/2009 16:14:22] /i 2160
[06/07/2009 16:14:23] /i 2160
[06/07/2009 16:14:23] /i 2160
[06/07/2009 16:14:23] /i 2160
[06/07/2009 16:14:23] /i 2160
[06/07/2009 16:14:23] /i 2160
[06/07/2009 16:14:23] /i 2160
[06/07/2009 16:14:23] /i 2160
[06/07/2009 16:14:23] /i 2160
[06/07/2009 16:14:23] /i 2160
[06/07/2009 16:14:23] /i 2160
[06/07/2009 16:14:23] /i 2160
[06/07/2009 16:14:23] /i 2160
[06/07/2009 16:14:23] /i 2160
[06/07/2009 16:14:23] /i 2160
[06/07/2009 16:14:23] /i 2160
[06/07/2009 16:14:23] /i 2160
[06/07/2009 16:14:23] /i 2160
[06/07/2009 16:14:23] /i 2160
[06/07/2009 16:14:23] /i 2160
[06/07/2009 16:14:23] /i 2160
[06/07/2009 16:14:23] /i 2160
[06/07/2009 16:14:23] /i 2160
[06/07/2009 16:14:23] /i 2160
[06/07/2009 16:14:23] /i 2160
[06/07/2009 16:14:23] /i 2160
[06/07/2009 16:14:23] /i 2160
[06/07/2009 16:14:23] /i 2160
[06/07/2009 16:14:23] /i 2160
[06/07/2009 16:14:24] /i 2160
[06/07/2009 16:14:24] /i 2160
[06/07/2009 16:14:24] /i 2160
[06/07/2009 16:14:24] /i 2160
[06/07/2009 16:14:24] /i 2160
[06/07/2009 16:14:24] /i 2160
[06/07/2009 16:14:24] /i 2160
[06/07/2009 16:14:24] /i 2160
[06/07/2009 16:14:24] /i 2160
[06/07/2009 16:14:24] /i 2160
[06/07/2009 16:14:24] /i 2160
[06/07/2009 16:14:24] /i 2160
[06/07/2009 16:14:24] /i 2160
[06/07/2009 16:14:24] /i 2160
[06/07/2009 16:14:24] /i 2160
[06/07/2009 16:14:24] /i 2160
[06/07/2009 16:14:24] /i 2160
[06/07/2009 16:14:24] /i 2160
[06/07/2009 16:14:24] /i 2160
[06/07/2009 16:14:24] /i 2160
[06/07/2009 16:14:24] /i 2160
[06/07/2009 16:14:24] /i 2160
[06/07/2009 16:14:24] /i 2160
[06/07/2009 16:14:24] /i 2160
[06/07/2009 16:14:24] /i 2160
[06/07/2009 16:14:24] /i 2160
[06/07/2009 16:14:24] /i 2160
[06/07/2009 16:14:24] /i 2160
[06/07/2009 16:14:24] /i 2160
[06/07/2009 16:14:25] /i 2160
[06/07/2009 16:14:25] /i 2160
[06/07/2009 16:14:25] /i 2160
[06/07/2009 16:14:25] /i 2160
[06/07/2009 16:14:25] /i 2160
[06/07/2009 16:14:25] /i 2160
[06/07/2009 16:14:25] /i 2160
[06/07/2009 16:14:25] /i 2160
[06/07/2009 16:14:25] /i 2160
[06/07/2009 16:14:25] /i 2160
[06/07/2009 16:14:25] /i 2160
[06/07/2009 16:14:25] /i 2160
[06/07/2009 16:14:25] /i 2160
[06/07/2009 16:14:25] /i 2160
[06/07/2009 16:14:25] /i 2160
[06/07/2009 16:14:25] /i 2160
[06/07/2009 16:14:25] /i 2160
[06/07/2009 16:14:25] /i 2160
[06/07/2009 16:14:25] /i 2160
[06/07/2009 16:14:25] /i 2160
[06/07/2009 16:14:25] /i 2160
[06/07/2009 16:14:25] /i 2160
[06/07/2009 16:14:25] /i 2160
[06/07/2009 16:14:25] /i 2160
[06/07/2009 16:14:26] /i 2160
[06/07/2009 16:14:26] /i 2160
[06/07/2009 16:14:26] /i 2160
[06/07/2009 16:14:26] /i 2160
[06/07/2009 16:14:26] /i 2160
[06/07/2009 16:14:26] /i 2160
[06/07/2009 16:14:26] /i 2160
[06/07/2009 16:14:26] /i 2160
[06/07/2009 16:14:26] /i 2160
[06/07/2009 16:14:26] /i 2160
[06/07/2009 16:14:26] /i 2160
[06/07/2009 16:14:26] /i 2160
[06/07/2009 16:14:26] /i 2160
[06/07/2009 16:14:26] /i 2160
[06/07/2009 16:14:26] /i 2160
[06/07/2009 16:14:26] /i 2160
[06/07/2009 16:14:26] /i 2160
[06/07/2009 16:14:26] /i 2160
[06/07/2009 16:14:26] /i 2160
[06/07/2009 16:14:26] /i 2160
[06/07/2009 16:14:26] /i 2160
[06/07/2009 16:14:26] /i 2160
[06/07/2009 16:14:26] /i 2160
[06/07/2009 16:14:26] /i 2160
[06/07/2009 16:14:26] /i 2160
[06/07/2009 16:14:26] /i 2160
[06/07/2009 16:14:27] /i 2160
[06/07/2009 16:14:27] /i 2160
[06/07/2009 16:14:27] /i 2160
[06/07/2009 16:14:27] /i 2160
[06/07/2009 16:14:27] /i 2160
[06/07/2009 16:14:27] /i 2160
[06/07/2009 16:14:27] /i 2160
[06/07/2009 16:14:27] /i 2160
[06/07/2009 16:14:27] /i 2160
[06/07/2009 16:14:27] /i 2160
[06/07/2009 16:14:27] /i 2160
[06/07/2009 16:14:27] /i 2160
[06/07/2009 16:14:27] /i 2160
[06/07/2009 16:14:27] /i 2160
[06/07/2009 16:14:27] /i 2160
[06/07/2009 16:14:27] /i 2160
[06/07/2009 16:14:27] /i 2160
[06/07/2009 16:14:27] /i 2160
[06/07/2009 16:14:27] /i 2160
[06/07/2009 16:14:27] /i 2160
[06/07/2009 16:14:27] /i 2160
[06/07/2009 16:14:27] /i 2160
[06/07/2009 16:14:27] /i 2160
[06/07/2009 16:14:27] /i 2160
[06/07/2009 16:14:27] /i 2160
[06/07/2009 16:14:27] /i 2160
[06/07/2009 16:14:27] /i 2160
[06/07/2009 16:14:27] /i 2160
[06/07/2009 16:14:27] /i 2160
[06/07/2009 16:14:28] /i 2160
[06/07/2009 16:14:28] /i 2160
[06/07/2009 16:14:28] /i 2160
[06/07/2009 16:14:28] /i 2160
[06/07/2009 16:14:28] /i 2160
[06/07/2009 16:14:28] /i 2160
[06/07/2009 16:14:28] /i 2160
[06/07/2009 16:14:28] /i 2160
[06/07/2009 16:14:28] /i 2160
[06/07/2009 16:14:28] /i 2160
[06/07/2009 16:14:28] /i 2160
[06/07/2009 16:14:28] /i 2160
[06/07/2009 16:14:28] /i 2160
[06/07/2009 16:14:28] /i 2160
[06/07/2009 16:14:28] /i 2160
[06/07/2009 16:14:28] /i 2160
[06/07/2009 16:14:28] /i 2160
[06/07/2009 16:14:28] /i 2160
[06/07/2009 16:14:28] /i 2160
[06/07/2009 16:14:28] /i 2160
[06/07/2009 16:14:28] /i 2160
[06/07/2009 16:14:28] /i 2160
[06/07/2009 16:14:28] /i 2160
[06/07/2009 16:14:28] /i 2160
[06/07/2009 16:14:28] /i 2160
[06/07/2009 16:14:28] /i 2160
[06/07/2009 16:14:28] /i 2160
[06/07/2009 16:14:28] /i 2160
[06/07/2009 16:14:29] /i 2160
[06/07/2009 16:14:29] /i 2160
[06/07/2009 16:14:29] /i 2160
[06/07/2009 16:14:29] /i 2160
[06/07/2009 16:14:29] /i 2160
[06/07/2009 16:14:29] /i 2160
[06/07/2009 16:14:29] /i 2160
[06/07/2009 16:14:29] /i 2160
[06/07/2009 16:14:29] /i 2160
[06/07/2009 16:14:29] /i 2160
[06/07/2009 16:14:29] /i 2160
[06/07/2009 16:14:29] /i 2160
[06/07/2009 16:14:29] /i 2160
[06/07/2009 16:14:29] /i 2160
[06/07/2009 16:14:29] /i 2160
[06/07/2009 16:14:29] /i 2160
[06/07/2009 16:14:29] /i 2160
[06/07/2009 16:14:29] /i 2160
[06/07/2009 16:14:29] /i 2160
[06/07/2009 16:14:29] /i 2160
[06/07/2009 16:14:29] /i 2160
[06/07/2009 16:14:29] /i 2160
[06/07/2009 16:14:29] /i 2160
[06/07/2009 16:14:29] /i 2160
[06/07/2009 16:14:29] /i 2160
[06/07/2009 16:14:29] /i 2160
[06/07/2009 16:14:29] /i 2160
[06/07/2009 16:14:29] /i 2160
[06/07/2009 16:14:29] /i 2160
[06/07/2009 16:14:30] /i 2160
[06/07/2009 16:14:30] /i 2160
[06/07/2009 16:14:30] /i 2160
[06/07/2009 16:14:30] /i 2160
[06/07/2009 16:14:30] /i 2160
[06/07/2009 16:14:30] /i 2160
[06/07/2009 16:14:30] /i 2160
[06/07/2009 16:14:30] /i 2160
[06/07/2009 16:14:30] /i 2160
[06/07/2009 16:14:30] /i 2160
[06/07/2009 16:14:30] /i 2160
[06/07/2009 16:14:30] /i 2160
[06/07/2009 16:14:30] /i 2160
[06/07/2009 16:14:30] /i 2160
[06/07/2009 16:14:30] /i 2160
[06/07/2009 16:14:30] /i 2160
[06/07/2009 16:14:30] /i 2160
[06/07/2009 16:14:30] /i 2160
[06/07/2009 16:14:30] /i 2160
[06/07/2009 16:14:30] /i 2160
[06/07/2009 16:14:30] /i 2160
[06/07/2009 16:14:30] /i 2160
[06/07/2009 16:14:30] /i 2160
[06/07/2009 16:14:30] /i 2160
[06/07/2009 16:14:30] /i 2160
[06/07/2009 16:14:30] /i 2160
[06/07/2009 16:14:31] /i 2160
[06/07/2009 16:14:31] /i 2160
[06/07/2009 16:14:31] /i 2160
[06/07/2009 16:14:31] /i 2160
[06/07/2009 16:14:31] /i 2160
[06/07/2009 16:14:31] /i 2160
[06/07/2009 16:14:31] /i 2160
[06/07/2009 16:14:31] /i 2160
[06/07/2009 16:14:31] /i 2160
[06/07/2009 16:14:31] /i 2160
[06/07/2009 16:14:31] /i 2160
[06/07/2009 16:14:31] /i 2160
[06/07/2009 16:14:31] /i 2160
[06/07/2009 16:14:31] /i 2160
[06/07/2009 16:14:31] /i 2160
[06/07/2009 16:14:31] /i 2160
[06/07/2009 16:14:31] /i 2160
[06/07/2009 16:14:31] /i 2160
[06/07/2009 16:14:31] /i 2160
[06/07/2009 16:14:31] /i 2160
[06/07/2009 16:14:31] /i 2160
[06/07/2009 16:14:31] /i 2160
[06/07/2009 16:14:31] /i 2160
[06/07/2009 16:14:31] /i 2160
[06/07/2009 16:14:31] /i 2160
[06/07/2009 16:14:31] /i 2160
[06/07/2009 16:14:31] /i 2160
[06/07/2009 16:14:31] /i 2160
[06/07/2009 16:14:32] /i 2160
[06/07/2009 16:14:32] /i 2160
[06/07/2009 16:14:32] /i 2160
[06/07/2009 16:14:32] /i 2160
[06/07/2009 16:14:32] /i 2160
[06/07/2009 16:14:32] /i 2160
[06/07/2009 16:14:32] /i 2160
[06/07/2009 16:14:32] /i 2160
[06/07/2009 16:14:32] /i 2160
[06/07/2009 16:14:32] /i 2160
[06/07/2009 16:14:32] /i 2160
[06/07/2009 16:14:32] /i 2160
[06/07/2009 16:14:32] /i 2160
[06/07/2009 16:14:32] /i 2160
[06/07/2009 16:14:32] /i 2160
[06/07/2009 16:14:32] /i 2160
[06/07/2009 16:14:32] /i 2160
[06/07/2009 16:14:32] /i 2160
[06/07/2009 16:14:32] /i 2160
[06/07/2009 16:14:32] /i 2160
[06/07/2009 16:14:32] /i 2160
[06/07/2009 16:14:32] /i 2160
[06/07/2009 16:14:32] /i 2160
[06/07/2009 16:14:32] /i 2160
[06/07/2009 16:14:32] /i 2160
[06/07/2009 16:14:32] /i 2160
[06/07/2009 16:14:32] /i 2160
[06/07/2009 16:14:32] /i 2160
[06/07/2009 16:14:32] /i 2160
[06/07/2009 16:14:33] /i 2160
[06/07/2009 16:14:33] /i 2160
[06/07/2009 16:14:33] /i 2160
[06/07/2009 16:14:33] /i 2160
[06/07/2009 16:14:33] /i 2160
[06/07/2009 16:14:33] /i 2160
[06/07/2009 16:14:33] /i 2160
[06/07/2009 16:14:33] /i 2160
[06/07/2009 16:14:33] /i 2160
[06/07/2009 16:14:33] /i 2160
[06/07/2009 16:14:33] /i 2160
[06/07/2009 16:14:33] /i 2160
[06/07/2009 16:14:33] /i 2160
[06/07/2009 16:14:33] /i 2160
[06/07/2009 16:14:33] /i 2160
[06/07/2009 16:14:33] /i 2160
[06/07/2009 16:14:33] /i 2160
[06/07/2009 16:14:33] /i 2160
[06/07/2009 16:14:33] /i 2160
[06/07/2009 16:14:33] /i 2160
[06/07/2009 16:14:33] /i 2160
[06/07/2009 16:14:33] /i 2160
[06/07/2009 16:14:33] /i 2160
[06/07/2009 16:14:33] /i 2160
[06/07/2009 16:14:33] /i 2160
[06/07/2009 16:14:33] /i 2160
[06/07/2009 16:14:33] /i 2160
[06/07/2009 16:14:33] /i 2160
[06/07/2009 16:14:33] /i 2160
[06/07/2009 16:14:34] /i 2160
[06/07/2009 16:14:34] /i 2160
[06/07/2009 16:14:34] /i 2160
[06/07/2009 16:14:34] /i 2160
[06/07/2009 16:14:34] /i 2160
[06/07/2009 16:14:34] /i 2160
[06/07/2009 16:14:34] /i 2160
[06/07/2009 16:14:34] /i 2160
[06/07/2009 16:14:34] /i 2160
[06/07/2009 16:14:34] /i 2160
[06/07/2009 16:14:34] /i 2160
[06/07/2009 16:14:34] /i 2160
[06/07/2009 16:14:34] /i 2160
[06/07/2009 16:14:34] /i 2160
[06/07/2009 16:14:34] /i 2160
[06/07/2009 16:14:34] /i 2160
[06/07/2009 16:14:34] /i 2160
[06/07/2009 16:14:34] /i 2160
[06/07/2009 16:14:34] /i 2160
[06/07/2009 16:14:34] /i 2160
[06/07/2009 16:14:34] /i 2160
[06/07/2009 16:14:34] /i 2160
[06/07/2009 16:14:34] /i 2160
[06/07/2009 16:14:34] /i 2160
[06/07/2009 16:14:34] /i 2160
[06/07/2009 16:14:34] /i 2160
[06/07/2009 16:14:34] /i 2160
[06/07/2009 16:14:34] /i 2160
[06/07/2009 16:14:35] /i 2160
[06/07/2009 16:14:35] /i 2160
[06/07/2009 16:14:35] /i 2160
[06/07/2009 16:14:35] /i 2160
[06/07/2009 16:14:35] /i 2160
[06/07/2009 16:14:35] /i 2160
[06/07/2009 16:14:35] /i 2160
[06/07/2009 16:14:35] /i 2160
[06/07/2009 16:14:35] /i 2160
[06/07/2009 16:14:35] /i 2160
[06/07/2009 16:14:35] /i 2160
[06/07/2009 16:14:35] /i 2160
[06/07/2009 16:14:35] /i 2160
[06/07/2009 16:14:35] /i 2160
[06/07/2009 16:14:35] /i 2160
[06/07/2009 16:14:35] /i 2160
[06/07/2009 16:14:35] /i 2160
[06/07/2009 16:14:35] /i 2160
[06/07/2009 16:14:35] /i 2160
[06/07/2009 16:14:35] /i 2160
[06/07/2009 16:14:35] /i 2160
[06/07/2009 16:14:35] /i 2160
[06/07/2009 16:14:35] /i 2160
[06/07/2009 16:14:35] /i 2160
[06/07/2009 16:14:35] /i 2160
[06/07/2009 16:14:35] /i 2160
[06/07/2009 16:14:35] /i 2160
[06/07/2009 16:14:35] /i 2160
[06/07/2009 16:14:36] /i 2160
[06/07/2009 16:14:36] /i 2160
[06/07/2009 16:14:36] /i 2160
[06/07/2009 16:14:36] /i 2160
[06/07/2009 16:14:36] /i 2160
[06/07/2009 16:14:36] /i 2160
[06/07/2009 16:14:36] /i 2160
[06/07/2009 16:14:36] /i 2160
[06/07/2009 16:14:36] /i 2160
[06/07/2009 16:14:36] /i 2160
[06/07/2009 16:14:36] /i 2160
[06/07/2009 16:14:36] /i 2160
[06/07/2009 16:14:36] /i 2160
[06/07/2009 16:14:36] /i 2160
[06/07/2009 16:14:36] /i 2160
[06/07/2009 16:14:36] /i 2160
[06/07/2009 16:14:36] /i 2160
[06/07/2009 16:14:36] /i 2160
[06/07/2009 16:14:36] /i 2160
[06/07/2009 16:14:36] /i 2160
[06/07/2009 16:14:36] /i 2160
[06/07/2009 16:14:36] /i 2160
[06/07/2009 16:14:36] /i 2160
[06/07/2009 16:14:36] /i 2160
[06/07/2009 16:14:36] /i 2160
[06/07/2009 16:14:36] /i 2160
[06/07/2009 16:14:36] /i 2160
[06/07/2009 16:14:36] /i 2160
[06/07/2009 16:14:36] /i 2160
[06/07/2009 16:14:37] /i 2160
[06/07/2009 16:14:37] /i 2160
[06/07/2009 16:14:37] /i 2160
[06/07/2009 16:14:37] /i 2160
[06/07/2009 16:14:37] /i 2160
[06/07/2009 16:14:37] /i 2160
[06/07/2009 16:14:37] /i 2160
[06/07/2009 16:14:37] /i 2160
[06/07/2009 16:14:37] /i 2160
[06/07/2009 16:14:37] /i 2160
[06/07/2009 16:14:37] /i 2160
[06/07/2009 16:14:37] /i 2160
[06/07/2009 16:14:37] /i 2160
[06/07/2009 16:14:37] /i 2160
[06/07/2009 16:14:37] /i 2160
[06/07/2009 16:14:37] /i 2160
[06/07/2009 16:14:37] /i 2160
[06/07/2009 16:14:37] /i 2160
[06/07/2009 16:14:37] /i 2160
[06/07/2009 16:14:37] /i 2160
[06/07/2009 16:14:37] /i 2160
[06/07/2009 16:14:37] /i 2160
[06/07/2009 16:14:37] /i 2160
[06/07/2009 16:14:37] /i 2160
[06/07/2009 16:14:37] /i 2160
[06/07/2009 16:14:37] /i 2160
[06/07/2009 16:14:37] /i 2160
[06/07/2009 16:14:37] /i 2160
[06/07/2009 16:14:38] /i 2160
[06/07/2009 16:14:38] /i 2160
[06/07/2009 16:14:38] /i 2160
[06/07/2009 16:14:38] /i 2160
[06/07/2009 16:14:38] /i 2160
[06/07/2009 16:14:38] /i 2160
[06/07/2009 16:14:38] /i 2160
[06/07/2009 16:14:38] /i 2160
[06/07/2009 16:14:38] /i 2160
[06/07/2009 16:14:38] /i 2160
[06/07/2009 16:14:38] /i 2160
[06/07/2009 16:14:38] /i 2160
[06/07/2009 16:14:38] /i 2160
[06/07/2009 16:14:38] /i 2160
[06/07/2009 16:14:38] /i 2160
[06/07/2009 16:14:38] /i 2160
[06/07/2009 16:14:38] /i 2160
[06/07/2009 16:14:38] /i 2160
[06/07/2009 16:14:38] /i 2160
[06/07/2009 16:14:38] /i 2160
[06/07/2009 16:14:38] /i 2160
[06/07/2009 16:14:38] /i 2160
[06/07/2009 16:14:38] /i 2160
[06/07/2009 16:14:38] /i 2160
[06/07/2009 16:14:38] /i 2160
[06/07/2009 16:14:38] /i 2160
[06/07/2009 16:14:38] /i 2160
[06/07/2009 16:14:38] /i 2160
[06/07/2009 16:14:38] /i 2160
[06/07/2009 16:14:39] /i 2160
[06/07/2009 16:14:39] /i 2160
[06/07/2009 16:14:39] /i 2160
[06/07/2009 16:14:39] /i 2160
[06/07/2009 16:14:39] /i 2160
[06/07/2009 16:14:39] /i 2160
[06/07/2009 16:14:39] /i 2160
[06/07/2009 16:14:39] /i 2160
[06/07/2009 16:14:39] /i 2160
[06/07/2009 16:14:39] /i 2160
[06/07/2009 16:14:39] /i 2160
[06/07/2009 16:14:39] /i 2160
[06/07/2009 16:14:39] /i 2160
[06/07/2009 16:14:39] /i 2160
[06/07/2009 16:14:39] /i 2160
[06/07/2009 16:14:39] /i 2160
[06/07/2009 16:14:39] /i 2160
[06/07/2009 16:14:39] /i 2160
[06/07/2009 16:14:39] /i 2160
[06/07/2009 16:14:39] /i 2160
[06/07/2009 16:14:39] /i 2160
[06/07/2009 16:14:39] /i 2160
[06/07/2009 16:14:39] /i 2160
[06/07/2009 16:14:39] /i 2160
[06/07/2009 16:14:39] /i 2160
[06/07/2009 16:14:39] /i 2160
[06/07/2009 16:14:39] /i 2160
[06/07/2009 16:14:40] /i 2160
[06/07/2009 16:14:40] /i 2160
[06/07/2009 16:14:40] /i 2160
[06/07/2009 16:14:40] /i 2160
[06/07/2009 16:14:40] /i 2160
[06/07/2009 16:14:40] /i 2160
[06/07/2009 16:14:40] /i 2160
[06/07/2009 16:14:40] /i 2160
[06/07/2009 16:14:40] /i 2160
[06/07/2009 16:14:40] /i 2160
[06/07/2009 16:14:40] /i 2160
[06/07/2009 16:14:40] /i 2160
[06/07/2009 16:14:40] /i 2160
[06/07/2009 16:14:40] /i 2160
[06/07/2009 16:14:40] /i 2160
[06/07/2009 16:14:40] /i 2160
[06/07/2009 16:14:40] /i 2160
[06/07/2009 16:14:40] /i 2160
[06/07/2009 16:14:40] /i 2160
[06/07/2009 16:14:40] /i 2160
[06/07/2009 16:14:40] /i 2160
[06/07/2009 16:14:40] /i 2160
[06/07/2009 16:14:40] /i 2160
[06/07/2009 16:14:40] /i 2160
[06/07/2009 16:14:40] /i 2160
[06/07/2009 16:14:40] /i 2160
[06/07/2009 16:14:40] /i 2160
[06/07/2009 16:14:40] /i 2160
[06/07/2009 16:14:40] /i 2160
[06/07/2009 16:14:41] /i 2160
[06/07/2009 16:14:41] /i 2160
[06/07/2009 16:14:41] /i 2160
[06/07/2009 16:14:41] /i 2160
[06/07/2009 16:14:41] /i 2160
[06/07/2009 16:14:41] /i 2160
[06/07/2009 16:14:41] /i 2160
[06/07/2009 16:14:41] /i 2160
[06/07/2009 16:14:41] /i 2160
[06/07/2009 16:14:41] /i 2160
[06/07/2009 16:14:41] /i 2160
[06/07/2009 16:14:41] /i 2160
[06/07/2009 16:14:41] /i 2160
[06/07/2009 16:14:41] /i 2160
[06/07/2009 16:14:41] /i 2160
[06/07/2009 16:14:41] /i 2160
[06/07/2009 16:14:41] /i 2160
[06/07/2009 16:14:41] /i 2160
[06/07/2009 16:14:41] /i 2160
[06/07/2009 16:14:41] /i 2160
[06/07/2009 16:14:41] /i 2160
[06/07/2009 16:14:41] /i 2160
[06/07/2009 16:14:41] /i 2160
[06/07/2009 16:14:41] /i 2160
[06/07/2009 16:14:41] /i 2160
[06/07/2009 16:14:41] /i 2160
[06/07/2009 16:14:41] /i 2160
[06/07/2009 16:14:41] /i 2160
[06/07/2009 16:14:42] /i 2160
[06/07/2009 16:14:42] /i 2160
[06/07/2009 16:14:42] /i 2160
[06/07/2009 16:14:42] /i 2160
[06/07/2009 16:14:42] /i 2160
[06/07/2009 16:14:42] /i 2160
[06/07/2009 16:14:42] /i 2160
[06/07/2009 16:14:42] /i 2160
[06/07/2009 16:14:42] /i 2160
[06/07/2009 16:14:42] /i 2160
[06/07/2009 16:14:42] /i 2160
[06/07/2009 16:14:42] /i 2160
[06/07/2009 16:14:42] /i 2160
[06/07/2009 16:14:42] /i 2160
[06/07/2009 16:14:42] /i 2160
[06/07/2009 16:14:42] /i 2160
[06/07/2009 16:14:42] /i 2160
[06/07/2009 16:14:42] /i 2160
[06/07/2009 16:14:42] /i 2160
[06/07/2009 16:14:42] /i 2160
[06/07/2009 16:14:42] /i 2160
[06/07/2009 16:14:42] /i 2160
[06/07/2009 16:14:42] /i 2160
[06/07/2009 16:14:42] /i 2160
[06/07/2009 16:14:42] /i 2160
[06/07/2009 16:14:42] /i 2160
[06/07/2009 16:14:42] /i 2160
[06/07/2009 16:14:42] /i 2160
[06/07/2009 16:14:42] /i 2160
[06/07/2009 16:14:43] /i 2160
[06/07/2009 16:14:43] /i 2160
[06/07/2009 16:14:43] /i 2160
[06/07/2009 16:14:43] /i 2160
[06/07/2009 16:14:43] /i 2160
[06/07/2009 16:14:43] /i 2160
[06/07/2009 16:14:43] /i 2160
[06/07/2009 16:14:43] /i 2160
[06/07/2009 16:14:43] /i 2160
[06/07/2009 16:14:43] /i 2160
[06/07/2009 16:14:43] /i 2160
[06/07/2009 16:14:43] /i 2160
[06/07/2009 16:14:43] /i 2160
[06/07/2009 16:14:43] /i 2160
[06/07/2009 16:14:43] /i 2160
[06/07/2009 16:14:43] /i 2160
[06/07/2009 16:14:43] /i 2160
[06/07/2009 16:14:43] /i 2160
[06/07/2009 16:14:43] /i 2160
[06/07/2009 16:14:43] /i 2160
[06/07/2009 16:14:43] /i 2160
[06/07/2009 16:14:43] /i 2160
[06/07/2009 16:14:43] /i 2160
[06/07/2009 16:14:43] /i 2160
[06/07/2009 16:14:43] /i 2160
[06/07/2009 16:14:43] /i 2160
[06/07/2009 16:14:43] /i 2160
[06/07/2009 16:14:43] /i 2160
[06/07/2009 16:14:44] /i 2160
[06/07/2009 16:14:44] /i 2160
[06/07/2009 16:14:44] /i 2160
[06/07/2009 16:14:44] /i 2160
[06/07/2009 16:14:44] /i 2160
[06/07/2009 16:14:44] /i 2160
[06/07/2009 16:14:44] /i 2160
[06/07/2009 16:14:44] /i 2160
[06/07/2009 16:14:44] /i 2160
[06/07/2009 16:14:44] /i 2160
[06/07/2009 16:14:44] /i 2160
[06/07/2009 16:14:44] /i 2160
[06/07/2009 16:14:44] /i 2160
[06/07/2009 16:14:44] /i 2160
[06/07/2009 16:14:44] /i 2160
[06/07/2009 16:14:44] /i 2160
[06/07/2009 16:14:44] /i 2160
[06/07/2009 16:14:44] /i 2160
[06/07/2009 16:14:44] /i 2160
[06/07/2009 16:14:44] /i 2160
[06/07/2009 16:14:44] /i 2160
[06/07/2009 16:14:44] /i 2160
[06/07/2009 16:14:44] /i 2160
[06/07/2009 16:14:44] /i 2160
[06/07/2009 16:14:44] /i 2160
[06/07/2009 16:14:44] /i 2160
[06/07/2009 16:14:44] /i 2160
[06/07/2009 16:14:44] /i 2160
[06/07/2009 16:14:45] /i 2160
[06/07/2009 16:14:45] /i 2160
[06/07/2009 16:14:45] /i 2160
[06/07/2009 16:14:45] /i 2160
[06/07/2009 16:14:45] /i 2160
[06/07/2009 16:14:45] /i 2160
[06/07/2009 16:14:45] /i 2160
[06/07/2009 16:14:45] /i 2160
[06/07/2009 16:14:45] /i 2160
[06/07/2009 16:14:45] /i 2160
[06/07/2009 16:14:45] /i 2160
[06/07/2009 16:14:45] /i 2160
[06/07/2009 16:14:45] /i 2160
[06/07/2009 16:14:45] /i 2160
[06/07/2009 16:14:45] /i 2160
[06/07/2009 16:14:45] /i 2160
[06/07/2009 16:14:45] /i 2160
[06/07/2009 16:14:45] /i 2160
[06/07/2009 16:14:45] /i 2160
[06/07/2009 16:14:45] /i 2160
[06/07/2009 16:14:45] /i 2160
[06/07/2009 16:14:45] /i 2160
[06/07/2009 16:14:45] /i 2160
[06/07/2009 16:14:45] /i 2160
[06/07/2009 16:14:45] /i 2160
[06/07/2009 16:14:45] /i 2160
[06/07/2009 16:14:45] /i 2160
[06/07/2009 16:14:45] /i 2160
[06/07/2009 16:14:45] /i 2160
[06/07/2009 16:14:46] /i 2160
[06/07/2009 16:14:46] /i 2160
[06/07/2009 16:14:46] /i 2160
[06/07/2009 16:14:46] /i 2160
[06/07/2009 16:14:46] /i 2160
[06/07/2009 16:14:46] /i 2160
[06/07/2009 16:14:46] /i 2160
[06/07/2009 16:14:46] /i 2160
[06/07/2009 16:14:46] /i 2160
[06/07/2009 16:14:46] /i 2160
[06/07/2009 16:14:46] /i 2160
[06/07/2009 16:14:46] /i 2160
[06/07/2009 16:14:46] /i 2160
[06/07/2009 16:14:46] /i 2160
[06/07/2009 16:14:46] /i 2160
[06/07/2009 16:14:46] /i 2160
[06/07/2009 16:14:46] /i 2160
[06/07/2009 16:14:46] /i 2160
[06/07/2009 16:14:46] /i 2160
[06/07/2009 16:14:46] /i 2160
[06/07/2009 16:14:46] /i 2160
[06/07/2009 16:14:46] /i 2160
[06/07/2009 16:14:46] /i 2160
[06/07/2009 16:14:46] /i 2160
[06/07/2009 16:14:46] /i 2160
[06/07/2009 16:14:46] /i 2160
[06/07/2009 16:14:46] /i 2160
[06/07/2009 16:14:46] /i 2160
[06/07/2009 16:14:47] /i 2160
[06/07/2009 16:14:47] /i 2160
[06/07/2009 16:14:47] /i 2160
[06/07/2009 16:14:47] /i 2160
[06/07/2009 16:14:47] /i 2160
[06/07/2009 16:14:47] /i 2160
[06/07/2009 16:14:47] /i 2160
[06/07/2009 16:14:47] /i 2160
[06/07/2009 16:14:47] /i 2160
[06/07/2009 16:14:47] /i 2160
[06/07/2009 16:14:47] /i 2160
[06/07/2009 16:14:47] /i 2160
[06/07/2009 16:14:47] /i 2160
[06/07/2009 16:14:47] /i 2160
[06/07/2009 16:14:47] /i 2160
[06/07/2009 16:14:47] /i 2160
[06/07/2009 16:14:47] /i 2160
[06/07/2009 16:14:47] /i 2160
[06/07/2009 16:14:47] /i 2160
[06/07/2009 16:14:47] /i 2160
[06/07/2009 16:14:47] /i 2160
[06/07/2009 16:14:47] /i 2160
[06/07/2009 16:14:47] /i 2160
[06/07/2009 16:14:47] /i 2160
[06/07/2009 16:14:47] /i 2160
[06/07/2009 16:14:47] /i 2160
[06/07/2009 16:14:47] /i 2160
[06/07/2009 16:14:47] /i 2160
[06/07/2009 16:14:47] /i 2160
[06/07/2009 16:14:48] /i 2160
[06/07/2009 16:14:48] /i 2160
[06/07/2009 16:14:48] /i 2160
[06/07/2009 16:14:48] /i 2160
[06/07/2009 16:14:48] /i 2160
[06/07/2009 16:14:48] /i 2160
[06/07/2009 16:14:48] /i 2160
[06/07/2009 16:14:48] /i 2160
[06/07/2009 16:14:48] /i 2160
[06/07/2009 16:14:48] /i 2160
[06/07/2009 16:14:48] /i 2160
[06/07/2009 16:14:48] /i 2160
[06/07/2009 16:14:48] /i 2160
[06/07/2009 16:14:48] /i 2160
[06/07/2009 16:14:48] /i 2160
[06/07/2009 16:14:48] /i 2160
[06/07/2009 16:14:48] /i 2160
[06/07/2009 16:14:48] /i 2160
[06/07/2009 16:14:48] /i 2160
[06/07/2009 16:14:48] /i 2160
[06/07/2009 16:14:48] /i 2160
[06/07/2009 16:14:48] /i 2160
[06/07/2009 16:14:48] /i 2160
[06/07/2009 16:14:48] /i 2160
[06/07/2009 16:14:48] /i 2160
[06/07/2009 16:14:48] /i 2160
[06/07/2009 16:14:48] /i 2160
[06/07/2009 16:14:48] /i 2160
[06/07/2009 16:14:49] /i 2160
[06/07/2009 16:14:49] /i 2160
[06/07/2009 16:14:49] /i 2160
[06/07/2009 16:14:49] /i 2160
[06/07/2009 16:14:49] /i 2160
[06/07/2009 16:14:49] /i 2160
[06/07/2009 16:14:49] /i 2160
[06/07/2009 16:14:49] /i 2160
[06/07/2009 16:14:49] /i 2160
[06/07/2009 16:14:49] /i 2160
[06/07/2009 16:14:49] /i 2160
[06/07/2009 16:14:49] /i 2160
[06/07/2009 16:14:49] /i 2160
[06/07/2009 16:14:49] /i 2160
[06/07/2009 16:14:49] /i 2160
[06/07/2009 16:14:49] /i 2160
[06/07/2009 16:14:49] /i 2160
[06/07/2009 16:14:49] /i 2160
[06/07/2009 16:14:49] /i 2160
[06/07/2009 16:14:49] /i 2160
[06/07/2009 16:14:49] /i 2160
[06/07/2009 16:14:49] /i 2160
[06/07/2009 16:14:50] /i 2160
[06/07/2009 16:14:50] /i 2160
[06/07/2009 16:14:50] /i 2160
[06/07/2009 16:14:51] /i 2160
[06/07/2009 16:14:51] /i 2160
[06/07/2009 16:14:51] /i 2160
[06/07/2009 16:14:51] /i 2160
[06/07/2009 16:14:52] /i 2160
[06/07/2009 16:14:52] /i 2160
[06/07/2009 16:14:52] /i 2160
[06/07/2009 16:14:53] /i 2160
[06/07/2009 16:14:53] /i 2160
[06/07/2009 16:14:53] /i 2160
[06/07/2009 16:14:54] /i 2160
[06/07/2009 16:14:54] /i 2160
[06/07/2009 16:14:54] /i 2160
[06/07/2009 16:14:54] /i 2160
[06/07/2009 16:14:54] /i 2160
[06/07/2009 16:14:54] /i 2160
[06/07/2009 16:14:54] /i 2160
[06/07/2009 16:14:54] /i 2160
[06/07/2009 16:14:54] /i 2160
[06/07/2009 16:14:55] /i 2160
[06/07/2009 16:14:55] /i 2160
[06/07/2009 16:14:55] /i 2160
[06/07/2009 16:14:55] /i 2160
[06/07/2009 16:14:55] /i 2160
[06/07/2009 16:14:55] /i 2160
[06/07/2009 16:14:55] /i 2160
[06/07/2009 16:14:55] /i 2160
[06/07/2009 16:14:55] /i 2160
[06/07/2009 16:14:55] /i 2160
[06/07/2009 16:14:55] /i 2160
[06/07/2009 16:14:55] /i 2160
[06/07/2009 16:14:55] /i 2160
[06/07/2009 16:14:55] /i 2160
[06/07/2009 16:14:55] /i 2160
[06/07/2009 16:14:55] /i 2160
[06/07/2009 16:14:55] /i 2160
[06/07/2009 16:14:55] /i 2160
[06/07/2009 16:14:55] /i 2160
[06/07/2009 16:14:55] /i 2160
[06/07/2009 16:14:55] /i 2160
[06/07/2009 16:14:55] /i 2160
[06/07/2009 16:14:55] /i 2160
[06/07/2009 16:14:55] /i 2160
[06/07/2009 16:14:55] /i 2160
[06/07/2009 16:14:55] /i 2160
[06/07/2009 16:14:55] /i 2160
[06/07/2009 16:14:55] /i 2160
[06/07/2009 16:14:56] /i 2160
[06/07/2009 16:14:56] /i 2160
[06/07/2009 16:14:56] /i 2160
[06/07/2009 16:14:56] /i 2160
[06/07/2009 16:14:56] /i 2160
[06/07/2009 16:14:56] /i 2160
[06/07/2009 16:14:56] /i 2160
[06/07/2009 16:14:56] /i 2160
[06/07/2009 16:14:56] /i 2160
[06/07/2009 16:14:56] /i 2160
[06/07/2009 16:14:56] /i 2160
[06/07/2009 16:14:56] /i 2160
[06/07/2009 16:14:56] /i 2160
[06/07/2009 16:14:56] /i 2160
[06/07/2009 16:14:56] /i 2160
[06/07/2009 16:14:56] /i 2160
[06/07/2009 16:14:56] /i 2160
[06/07/2009 16:14:56] /i 2160
[06/07/2009 16:14:56] /i 2160
[06/07/2009 16:14:56] /i 2160
[06/07/2009 16:14:56] /i 2160
[06/07/2009 16:14:56] /i 2160
[06/07/2009 16:14:56] /i 2160
[06/07/2009 16:14:56] /i 2160
[06/07/2009 16:14:56] /i 2160
[06/07/2009 16:14:56] /i 2160
[06/07/2009 16:14:56] /i 2160
[06/07/2009 16:14:56] /i 2160
[06/07/2009 16:14:56] /i 2160
[06/07/2009 16:14:57] /i 2160
[06/07/2009 16:14:57] /i 2160
[06/07/2009 16:14:57] /i 2160
[06/07/2009 16:14:57] /i 2160
[06/07/2009 16:14:57] /i 2160
[06/07/2009 16:14:57] /i 2160
[06/07/2009 16:14:57] /i 2160
[06/07/2009 16:14:57] /i 2160
[06/07/2009 16:14:57] /i 2160
[06/07/2009 16:14:57] /i 2160
[06/07/2009 16:14:57] /i 2160
[06/07/2009 16:14:57] /i 2160
[06/07/2009 16:14:57] /i 2160
[06/07/2009 16:14:57] /i 2160
[06/07/2009 16:14:57] /i 2160
[06/07/2009 16:14:57] /i 2160
[06/07/2009 16:14:57] /i 2160
[06/07/2009 16:14:57] /i 2160
[06/07/2009 16:14:57] /i 2160
[06/07/2009 16:14:57] /i 2160
[06/07/2009 16:14:57] /i 2160
[06/07/2009 16:14:57] /i 2160
[06/07/2009 16:14:57] /i 2160
[06/07/2009 16:14:57] /i 2160
[06/07/2009 16:14:57] /i 2160
[06/07/2009 16:14:57] /i 2160
[06/07/2009 16:14:57] /i 2160
[06/07/2009 16:14:57] /i 2160
[06/07/2009 16:14:58] /i 2160
[06/07/2009 16:14:58] /i 2160
[06/07/2009 16:14:58] /i 2160
[06/07/2009 16:14:58] /i 2160
[06/07/2009 16:14:58] /i 2160
[06/07/2009 16:14:58] /i 2160
[06/07/2009 16:14:58] /i 2160
[06/07/2009 16:14:58] /i 2160
[06/07/2009 16:14:58] /i 2160
[06/07/2009 16:14:58] /i 2160
[06/07/2009 16:14:58] /i 2160
[06/07/2009 16:14:58] /i 2160
[06/07/2009 16:14:58] /i 2160
[06/07/2009 16:14:58] /i 2160
[06/07/2009 16:14:58] /i 2160
[06/07/2009 16:14:58] /i 2160
[06/07/2009 16:14:58] /i 2160
[06/07/2009 16:14:58] /i 2160
[06/07/2009 16:14:58] /i 2160
[06/07/2009 16:14:58] /i 2160
[06/07/2009 16:14:58] /i 2160
[06/07/2009 16:14:58] /i 2160
[06/07/2009 16:14:58] /i 2160
[06/07/2009 16:14:58] /i 2160
[06/07/2009 16:14:58] /i 2160
[06/07/2009 16:14:58] /i 2160
[06/07/2009 16:14:58] /i 2160
[06/07/2009 16:14:58] /i 2160
[06/07/2009 16:14:59] /i 2160
[06/07/2009 16:14:59] /i 2160
[06/07/2009 16:14:59] /i 2160
[06/07/2009 16:14:59] /i 2160
[06/07/2009 16:14:59] /i 2160
[06/07/2009 16:14:59] /i 2160
[06/07/2009 16:14:59] /i 2160
[06/07/2009 16:14:59] /i 2160
[06/07/2009 16:14:59] /i 2160
[06/07/2009 16:14:59] /i 2160
[06/07/2009 16:14:59] /i 2160
[06/07/2009 16:14:59] /i 2160
[06/07/2009 16:14:59] /i 2160
[06/07/2009 16:14:59] /i 2160
[06/07/2009 16:14:59] /i 2160
[06/07/2009 16:14:59] /i 2160
[06/07/2009 16:14:59] /i 2160
[06/07/2009 16:14:59] /i 2160
[06/07/2009 16:14:59] /i 2160
[06/07/2009 16:14:59] /i 2160
[06/07/2009 16:14:59] /i 2160
[06/07/2009 16:14:59] /i 2160
[06/07/2009 16:14:59] /i 2160
[06/07/2009 16:14:59] /i 2160
[06/07/2009 16:15:25] /i 2160
[06/07/2009 16:15:25] /i 2160
[06/07/2009 16:15:25] /i 2160
[06/07/2009 16:15:25] /i 2160
[06/07/2009 16:15:25] /i 2160
[06/07/2009 16:15:26] /i 2160
[06/07/2009 16:15:26] /i 2160
[06/07/2009 16:15:26] /i 2160
[06/07/2009 16:15:26] /i 2160
[06/07/2009 16:15:26] /i 2160
[06/07/2009 16:15:26] /i 2160
[06/07/2009 16:15:26] /i 2160
[06/07/2009 16:15:26] /i 2160
[06/07/2009 16:15:26] /i 2160
[06/07/2009 16:15:26] /i 2160
[06/07/2009 16:15:26] /i 2160
[06/07/2009 16:15:26] /i 2160
[06/07/2009 16:15:26] /i 2160
[06/07/2009 16:15:26] /i 2160
[06/07/2009 16:15:26] /i 2160
[06/07/2009 16:15:26] /i 2160
[06/07/2009 16:15:26] /i 2160
[06/07/2009 16:15:26] /i 2160
[06/07/2009 16:15:26] /i 2160
[06/07/2009 16:15:26] /i 2160
[06/07/2009 16:15:26] /i 2160
[06/07/2009 16:15:26] /i 2160
[06/07/2009 16:15:26] /i 2160
[06/07/2009 16:15:26] /i 2160
[06/07/2009 16:15:26] /i 2160
[06/07/2009 16:15:26] /i 2160
[06/07/2009 16:15:26] /i 2160
[06/07/2009 16:15:26] /i 2160
[06/07/2009 16:15:27] /i 2160
[06/07/2009 16:15:27] /i 2160
[06/07/2009 16:15:27] /i 2160
[06/07/2009 16:15:27] /i 2160
[06/07/2009 16:15:27] /i 2160
[06/07/2009 16:15:27] /i 2160
[06/07/2009 16:15:27] /i 2160
[06/07/2009 16:15:27] /i 2160
[06/07/2009 16:15:27] /i 2160
[06/07/2009 16:15:27] /i 2160
[06/07/2009 16:15:27] /i 2160
[06/07/2009 16:15:27] /i 2160
[06/07/2009 16:15:27] /i 2160
[06/07/2009 16:15:27] /i 2160
[06/07/2009 16:15:27] /i 2160
[06/07/2009 16:15:27] /i 2160
[06/07/2009 16:15:27] /i 2160
[06/07/2009 16:15:27] /i 2160
[06/07/2009 16:15:27] /i 2160
[06/07/2009 16:15:27] /i 2160
[06/07/2009 16:15:27] /i 2160
[06/07/2009 16:15:27] /i 2160
[06/07/2009 16:15:27] /i 2160
[06/07/2009 16:15:27] /i 2160
[06/07/2009 16:15:27] /i 2160
[06/07/2009 16:15:27] /i 2160
[06/07/2009 16:15:27] /i 2160
[06/07/2009 16:15:27] /i 2160
[06/07/2009 16:15:27] /i 2160
[06/07/2009 16:15:28] /i 2160
[06/07/2009 16:15:28] /i 2160
[06/07/2009 16:15:28] /i 2160
[06/07/2009 16:15:28] /i 2160
[06/07/2009 16:15:28] /i 2160
[06/07/2009 16:15:28] /i 2160
[06/07/2009 16:15:28] /i 2160
[06/07/2009 16:15:28] /i 2160
[06/07/2009 16:15:28] /i 2160
[06/07/2009 16:15:28] /i 2160
[06/07/2009 16:15:28] /i 2160
[06/07/2009 16:15:28] /i 2160
[06/07/2009 16:15:28] /i 2160
[06/07/2009 16:15:28] /i 2160
[06/07/2009 16:15:28] /i 2160
[06/07/2009 16:15:28] /i 2160
[06/07/2009 16:15:28] /i 2160
[06/07/2009 16:15:28] /i 2160
[06/07/2009 16:15:28] /i 2160
[06/07/2009 16:15:28] /i 2160
[06/07/2009 16:15:28] /i 2160
[06/07/2009 16:15:28] /i 2160
[06/07/2009 16:15:28] /i 2160
[06/07/2009 16:15:28] /i 2160
[06/07/2009 16:15:28] /i 2160
[06/07/2009 16:15:28] /i 2160
[06/07/2009 16:15:28] /i 2160
[06/07/2009 16:15:28] /i 2160
[06/07/2009 16:15:29] /i 2160
[06/07/2009 16:15:29] /i 2160
[06/07/2009 16:15:29] /i 2160
[06/07/2009 16:15:29] /i 2160
[06/07/2009 16:15:29] /i 2160
[06/07/2009 16:15:29] /i 2160
[06/07/2009 16:15:29] /i 2160
[06/07/2009 16:15:29] /i 2160
[06/07/2009 16:15:29] /i 2160
[06/07/2009 16:15:29] /i 2160
[06/07/2009 16:15:29] /i 2160
[06/07/2009 16:15:29] /i 2160
[06/07/2009 16:15:29] /i 2160
[06/07/2009 16:15:29] /i 2160
[06/07/2009 16:15:29] /i 2160
[06/07/2009 16:15:29] /i 2160
[06/07/2009 16:15:29] /i 2160
[06/07/2009 16:15:29] /i 2160
[06/07/2009 16:15:29] /i 2160
[06/07/2009 16:15:29] /i 2160
[06/07/2009 16:15:29] /i 2160
[06/07/2009 16:15:29] /i 2160
[06/07/2009 16:15:29] /i 2160
[06/07/2009 16:15:29] /i 2160
[06/07/2009 16:15:29] /i 2160
[06/07/2009 16:15:29] /i 2160
[06/07/2009 16:15:29] /i 2160
[06/07/2009 16:15:29] /i 2160
[06/07/2009 16:15:29] /i 2160
[06/07/2009 16:15:30] /i 2160
[06/07/2009 16:15:30] /i 2160
[06/07/2009 16:15:30] /i 2160
[06/07/2009 16:15:30] /i 2160
[06/07/2009 16:15:30] /i 2160
[06/07/2009 16:15:30] /i 2160
[06/07/2009 16:15:30] /i 2160
[06/07/2009 16:15:30] /i 2160
[06/07/2009 16:15:30] /i 2160
[06/07/2009 16:15:30] /i 2160
[06/07/2009 16:15:30] /i 2160
[06/07/2009 16:15:30] /i 2160
[06/07/2009 16:15:30] /i 2160
[06/07/2009 16:15:30] /i 2160
[06/07/2009 16:15:30] /i 2160
[06/07/2009 16:15:30] /i 2160
[06/07/2009 16:15:30] /i 2160
[06/07/2009 16:15:30] /i 2160
[06/07/2009 16:15:30] /i 2160
[06/07/2009 16:15:30] /i 2160
[06/07/2009 16:15:30] /i 2160
[06/07/2009 16:15:30] /i 2160
[06/07/2009 16:15:30] /i 2160
[06/07/2009 16:15:30] /i 2160
[06/07/2009 16:15:30] /i 2160
[06/07/2009 16:15:30] /i 2160
[06/07/2009 16:15:30] /i 2160
[06/07/2009 16:15:30] /i 2160
[06/07/2009 16:15:31] /i 2160
[06/07/2009 16:15:31] /i 2160
[06/07/2009 16:15:31] /i 2160
[06/07/2009 16:15:31] /i 2160
[06/07/2009 16:15:31] /i 2160
[06/07/2009 16:15:31] /i 2160
[06/07/2009 16:15:31] /i 2160
[06/07/2009 16:15:31] /i 2160
[06/07/2009 16:15:31] /i 2160
[06/07/2009 16:15:31] /i 2160
[06/07/2009 16:15:31] /i 2160
[06/07/2009 16:15:31] /i 2160
[06/07/2009 16:15:31] /i 2160
[06/07/2009 16:15:31] /i 2160
[06/07/2009 16:15:31] /i 2160
[06/07/2009 16:15:31] /i 2160
[06/07/2009 16:15:31] /i 2160
[06/07/2009 16:15:31] /i 2160
[06/07/2009 16:15:31] /i 2160
[06/07/2009 16:15:31] /i 2160
[06/07/2009 16:15:31] /i 2160
[06/07/2009 16:15:31] /i 2160
[06/07/2009 16:15:31] /i 2160
[06/07/2009 16:15:31] /i 2160
[06/07/2009 16:15:31] /i 2160
[06/07/2009 16:15:31] /i 2160
[06/07/2009 16:15:31] /i 2160
[06/07/2009 16:15:31] /i 2160
[06/07/2009 16:15:31] /i 2160
[06/07/2009 16:15:32] /i 2160
[06/07/2009 16:15:32] /i 2160
[06/07/2009 16:15:32] /i 2160
[06/07/2009 16:15:32] /i 2160
[06/07/2009 16:15:32] /i 2160
[06/07/2009 16:15:32] /i 2160
[06/07/2009 16:15:32] /i 2160
[06/07/2009 16:15:32] /i 2160
[06/07/2009 16:15:32] /i 2160
[06/07/2009 16:15:32] /i 2160
[06/07/2009 16:15:32] /i 2160
[06/07/2009 16:15:32] /i 2160
[06/07/2009 16:15:32] /i 2160
[06/07/2009 16:15:32] /i 2160
[06/07/2009 16:15:32] /i 2160
[06/07/2009 16:15:32] /i 2160
[06/07/2009 16:15:32] /i 2160
[06/07/2009 16:15:32] /i 2160
[06/07/2009 16:15:32] /i 2160
[06/07/2009 16:15:32] /i 2160
[06/07/2009 16:15:32] /i 2160
[06/07/2009 16:15:32] /i 2160
[06/07/2009 16:15:32] /i 2160
[06/07/2009 16:15:32] /i 2160
[06/07/2009 16:15:32] /i 2160
[06/07/2009 16:15:32] /i 2160
[06/07/2009 16:15:32] /i 2160
[06/07/2009 16:15:32] /i 2160
[06/07/2009 16:15:33] /i 2160
[06/07/2009 16:15:33] /i 2160
[06/07/2009 16:15:33] /i 2160
[06/07/2009 16:15:33] /i 2160
[06/07/2009 16:15:33] /i 2160
[06/07/2009 16:15:33] /i 2160
[06/07/2009 16:15:33] /i 2160
[06/07/2009 16:15:33] /i 2160
[06/07/2009 16:15:33] /i 2160
[06/07/2009 16:15:33] /i 2160
[06/07/2009 16:15:33] /i 2160
[06/07/2009 16:15:33] /i 2160
[06/07/2009 16:15:33] /i 2160
[06/07/2009 16:15:33] /i 2160
[06/07/2009 16:15:33] /i 2160
[06/07/2009 16:15:33] /i 2160
[06/07/2009 16:15:33] /i 2160
[06/07/2009 16:15:33] /i 2160
[06/07/2009 16:15:33] /i 2160
[06/07/2009 16:15:33] /i 2160
[06/07/2009 16:15:33] /i 2160
[06/07/2009 16:15:33] /i 2160
[06/07/2009 16:15:33] /i 2160
[06/07/2009 16:15:33] /i 2160
[06/07/2009 16:15:33] /i 2160
[06/07/2009 16:15:33] /i 2160
[06/07/2009 16:15:33] /i 2160
[06/07/2009 16:15:34] /i 2160
[06/07/2009 16:15:34] /i 2160
[06/07/2009 16:15:34] /i 2160
[06/07/2009 16:15:34] /i 2160
[06/07/2009 16:15:34] /i 2160
[06/07/2009 16:15:34] /i 2160
[06/07/2009 16:15:34] /i 2160
[06/07/2009 16:15:34] /i 2160
[06/07/2009 16:15:34] /i 2160
[06/07/2009 16:15:34] /i 2160
[06/07/2009 16:15:34] /i 2160
[06/07/2009 16:15:34] /i 2160
[06/07/2009 16:15:34] /i 2160
[06/07/2009 16:15:34] /i 2160
[06/07/2009 16:15:34] /i 2160
[06/07/2009 16:15:34] /i 2160
[06/07/2009 16:15:34] /i 2160
[06/07/2009 16:15:34] /i 2160
[06/07/2009 16:15:34] /i 2160
[06/07/2009 16:15:34] /i 2160
[06/07/2009 16:15:34] /i 2160
[06/07/2009 16:15:34] /i 2160
[06/07/2009 16:15:34] /i 2160
[06/07/2009 16:15:34] /i 2160
[06/07/2009 16:15:34] /i 2160
[06/07/2009 16:15:34] /i 2160
[06/07/2009 16:15:34] /i 2160
[06/07/2009 16:15:34] /i 2160
[06/07/2009 16:15:34] /i 2160
[06/07/2009 16:15:35] /i 2160
[06/07/2009 16:15:35] /i 2160
[06/07/2009 16:15:35] /i 2160
[06/07/2009 16:15:35] /i 2160
[06/07/2009 16:15:35] /i 2160
[06/07/2009 16:15:35] /i 2160
[06/07/2009 16:15:35] /i 2160
[06/07/2009 16:15:35] /i 2160
[06/07/2009 16:15:35] /i 2160
[06/07/2009 16:15:35] /i 2160
[06/07/2009 16:15:35] /i 2160
[06/07/2009 16:15:35] /i 2160
[06/07/2009 16:15:35] /i 2160
[06/07/2009 16:15:35] /i 2160
[06/07/2009 16:15:35] /i 2160
[06/07/2009 16:15:35] /i 2160
[06/07/2009 16:15:35] /i 2160
[06/07/2009 16:15:35] /i 2160
[06/07/2009 16:15:35] /i 2160
[06/07/2009 16:15:35] /i 2160
[06/07/2009 16:15:35] /i 2160
[06/07/2009 16:15:35] /i 2160
[06/07/2009 16:15:35] /i 2160
[06/07/2009 16:15:35] /i 2160
[06/07/2009 16:15:35] /i 2160
[06/07/2009 16:15:35] /i 2160
[06/07/2009 16:15:35] /i 2160
[06/07/2009 16:15:35] /i 2160
[06/07/2009 16:15:36] /i 2160
[06/07/2009 16:15:36] /i 2160
[06/07/2009 16:15:36] /i 2160
[06/07/2009 16:15:36] /i 2160
[06/07/2009 16:15:36] /i 2160
[06/07/2009 16:15:36] /i 2160
[06/07/2009 16:15:36] /i 2160
[06/07/2009 16:15:36] /i 2160
[06/07/2009 16:15:36] /i 2160
[06/07/2009 16:15:36] /i 2160
[06/07/2009 16:15:36] /i 2160
[06/07/2009 16:15:36] /i 2160
[06/07/2009 16:15:36] /i 2160
[06/07/2009 16:15:36] /i 2160
[06/07/2009 16:15:36] /i 2160
[06/07/2009 16:15:36] /i 2160
[06/07/2009 16:15:36] /i 2160
[06/07/2009 16:15:36] /i 2160
[06/07/2009 16:15:36] /i 2160
[06/07/2009 16:15:36] /i 2160
[06/07/2009 16:15:36] /i 2160
[06/07/2009 16:15:36] /i 2160
[06/07/2009 16:15:36] /i 2160
[06/07/2009 16:15:36] /i 2160
[06/07/2009 16:15:36] /i 2160
[06/07/2009 16:15:36] /i 2160
[06/07/2009 16:15:36] /i 2160
[06/07/2009 16:15:36] /i 2160
[06/07/2009 16:15:36] /i 2160
[06/07/2009 16:15:37] /i 2160
[06/07/2009 16:15:37] /i 2160
[06/07/2009 16:15:37] /i 2160
[06/07/2009 16:15:37] /i 2160
[06/07/2009 16:15:37] /i 2160
[06/07/2009 16:15:37] /i 2160
[06/07/2009 16:15:37] /i 2160
[06/07/2009 16:15:37] /i 2160
[06/07/2009 16:15:37] /i 2160
[06/07/2009 16:15:37] /i 2160
[06/07/2009 16:15:37] /i 2160
[06/07/2009 16:15:37] /i 2160
[06/07/2009 16:15:37] /i 2160
[06/07/2009 16:15:37] /i 2160
[06/07/2009 16:15:37] /i 2160
[06/07/2009 16:15:37] /i 2160
[06/07/2009 16:15:37] /i 2160
[06/07/2009 16:15:37] /i 2160
[06/07/2009 16:15:37] /i 2160
[06/07/2009 16:15:37] /i 2160
[06/07/2009 16:15:37] /i 2160
[06/07/2009 16:15:37] /i 2160
[06/07/2009 16:15:37] /i 2160
[06/07/2009 16:15:37] /i 2160
[06/07/2009 16:15:37] /i 2160
[06/07/2009 16:15:37] /i 2160
[06/07/2009 16:15:37] /i 2160
[06/07/2009 16:15:37] /i 2160
[06/07/2009 16:15:38] /i 2160
[06/07/2009 16:15:38] /i 2160
[06/07/2009 16:15:38] /i 2160
[06/07/2009 16:15:38] /i 2160
[06/07/2009 16:15:38] /i 2160
[06/07/2009 16:15:38] /i 2160
[06/07/2009 16:15:38] /i 2160
[06/07/2009 16:15:38] /i 2160
[06/07/2009 16:15:38] /i 2160
[06/07/2009 16:15:38] /i 2160
[06/07/2009 16:15:38] /i 2160
[06/07/2009 16:15:38] /i 2160
[06/07/2009 16:15:38] /i 2160
[06/07/2009 16:15:38] /i 2160
[06/07/2009 16:15:38] /i 2160
[06/07/2009 16:15:38] /i 2160
[06/07/2009 16:15:38] /i 2160
[06/07/2009 16:15:38] /i 2160
[06/07/2009 16:15:38] /i 2160
[06/07/2009 16:15:38] /i 2160
[06/07/2009 16:15:38] /i 2160
[06/07/2009 16:15:38] /i 2160
[06/07/2009 16:15:38] /i 2160
[06/07/2009 16:15:38] /i 2160
[06/07/2009 16:15:38] /i 2160
[06/07/2009 16:15:38] /i 2160
[06/07/2009 16:15:38] /i 2160
[06/07/2009 16:15:38] /i 2160
[06/07/2009 16:15:38] /i 2160
[06/07/2009 16:15:39] /i 2160
[06/07/2009 16:15:39] /i 2160
[06/07/2009 16:15:39] /i 2160
[06/07/2009 16:15:39] /i 2160
[06/07/2009 16:15:39] /i 2160
[06/07/2009 16:15:39] /i 2160
[06/07/2009 16:15:39] /i 2160
[06/07/2009 16:15:39] /i 2160
[06/07/2009 16:15:39] /i 2160
[06/07/2009 16:15:39] /i 2160
[06/07/2009 16:15:39] /i 2160
[06/07/2009 16:15:39] /i 2160
[06/07/2009 16:15:39] /i 2160
[06/07/2009 16:15:39] /i 2160
[06/07/2009 16:15:39] /i 2160
[06/07/2009 16:15:39] /i 2160
[06/07/2009 16:15:39] /i 2160
[06/07/2009 16:15:39] /i 2160
[06/07/2009 16:15:39] /i 2160
[06/07/2009 16:15:39] /i 2160
[06/07/2009 16:15:39] /i 2160
[06/07/2009 16:15:39] /i 2160
[06/07/2009 16:15:39] /i 2160
[06/07/2009 16:15:39] /i 2160
[06/07/2009 16:15:39] /i 2160
[06/07/2009 16:15:39] /i 2160
[06/07/2009 16:15:39] /i 2160
[06/07/2009 16:15:40] /i 2160
[06/07/2009 16:15:40] /i 2160
[06/07/2009 16:15:40] /i 2160
[06/07/2009 16:15:40] /i 2160
[06/07/2009 16:15:40] /i 2160
[06/07/2009 16:15:40] /i 2160
[06/07/2009 16:15:40] /i 2160
[06/07/2009 16:15:40] /i 2160
[06/07/2009 16:15:40] /i 2160
[06/07/2009 16:15:40] /i 2160
[06/07/2009 16:15:40] /i 2160
[06/07/2009 16:15:40] /i 2160
[06/07/2009 16:15:40] /i 2160
[06/07/2009 16:15:40] /i 2160
[06/07/2009 16:15:40] /i 2160
[06/07/2009 16:15:40] /i 2160
[06/07/2009 16:15:40] /i 2160
[06/07/2009 16:15:40] /i 2160
[06/07/2009 16:15:40] /i 2160
[06/07/2009 16:15:40] /i 2160
[06/07/2009 16:15:40] /i 2160
[06/07/2009 16:15:40] /i 2160
[06/07/2009 16:15:40] /i 2160
[06/07/2009 16:15:40] /i 2160
[06/07/2009 16:15:40] /i 2160
[06/07/2009 16:15:40] /i 2160
[06/07/2009 16:15:40] /i 2160
[06/07/2009 16:15:40] /i 2160
[06/07/2009 16:15:41] /i 2160
[06/07/2009 16:15:41] /i 2160
[06/07/2009 16:15:41] /i 2160
[06/07/2009 16:15:41] /i 2160
[06/07/2009 16:15:41] /i 2160
[06/07/2009 16:15:41] /i 2160
[06/07/2009 16:15:41] /i 2160
[06/07/2009 16:15:41] /i 2160
[06/07/2009 16:15:41] /i 2160
[06/07/2009 16:15:41] /i 2160
[06/07/2009 16:15:41] /i 2160
[06/07/2009 16:15:41] /i 2160
[06/07/2009 16:15:41] /i 2160
[06/07/2009 16:15:41] /i 2160
[06/07/2009 16:15:41] /i 2160
[06/07/2009 16:15:41] /i 2160
[06/07/2009 16:15:41] /i 2160
[06/07/2009 16:15:41] /i 2160
[06/07/2009 16:15:41] /i 2160
[06/07/2009 16:15:41] /i 2160
[06/07/2009 16:15:41] /i 2160
[06/07/2009 16:15:41] /i 2160
[06/07/2009 16:15:41] /i 2160
[06/07/2009 16:15:42] /i 2160
[06/07/2009 16:15:42] /i 2160
[06/07/2009 16:15:42] /i 2160
[06/07/2009 16:15:42] /i 2160
[06/07/2009 16:15:42] /i 2160
[06/07/2009 16:15:42] /i 2160
[06/07/2009 16:15:42] /i 2160
[06/07/2009 16:15:42] /i 2160
[06/07/2009 16:15:42] /i 2160
[06/07/2009 16:15:42] /i 2160
[06/07/2009 16:15:42] /i 2160
[06/07/2009 16:15:42] /i 2160
[06/07/2009 16:15:43] /i 2160
[06/07/2009 16:15:43] /i 2160
[06/07/2009 16:15:43] /i 2160
[06/07/2009 16:15:44] /i 2160
[06/07/2009 16:15:44] /i 2160
[06/07/2009 16:15:44] /i 2160
[06/07/2009 16:15:44] /i 2160
[06/07/2009 16:15:44] /i 2160
[06/07/2009 16:15:44] /i 2160
[06/07/2009 16:15:44] /i 2160
[06/07/2009 16:15:44] /i 2160
[06/07/2009 16:15:44] /i 2160
[06/07/2009 16:15:44] /i 2160
[06/07/2009 16:15:44] /i 2160
[06/07/2009 16:15:44] /i 2160
[06/07/2009 16:15:44] /i 2160
[06/07/2009 16:15:44] /i 2160
[06/07/2009 16:15:45] /i 2160
[06/07/2009 16:15:45] /i 2160
[06/07/2009 16:15:45] /i 2160
[06/07/2009 16:15:46] /i 2160
[06/07/2009 16:15:46] /i 2160
[06/07/2009 16:15:46] /i 2160
[06/07/2009 16:15:46] /i 2160
[06/07/2009 16:15:47] /i 2160
[06/07/2009 16:15:47] /i 2160
[06/07/2009 16:15:47] /i 2160
[06/07/2009 16:15:48] /i 2160
[06/07/2009 16:15:48] /i 2160
[06/07/2009 16:15:48] /i 2160
[06/07/2009 16:15:49] /i 2160
[06/07/2009 16:15:49] /i 2160
[06/07/2009 16:15:49] /i 2160
[06/07/2009 16:15:50] /i 2160
[06/07/2009 16:15:50] /i 2160
[06/07/2009 16:15:50] /i 2160
[06/07/2009 16:15:51] /i 2160
[06/07/2009 16:15:51] /i 2160
[06/07/2009 16:15:51] /i 2160
[06/07/2009 16:15:51] /i 2160
[06/07/2009 16:15:51] /i 2160
[06/07/2009 16:15:51] /i 2160
[06/07/2009 16:15:51] /i 2160
[06/07/2009 16:15:51] /i 2160
[06/07/2009 16:15:51] /i 2160
[06/07/2009 16:15:51] /i 2160
[06/07/2009 16:15:51] /i 2160
[06/07/2009 16:15:51] /i 2160
[06/07/2009 16:15:51] /i 2160
[06/07/2009 16:15:51] /i 2160
[06/07/2009 16:15:51] /i 2160
[06/07/2009 16:15:51] /i 2160
[06/07/2009 16:15:51] /i 2160
[06/07/2009 16:15:51] /i 2160
[06/07/2009 16:15:51] /i 2160
[06/07/2009 16:15:51] /i 2160
[06/07/2009 16:15:51] /i 2160
[06/07/2009 16:15:52] /i 2160
[06/07/2009 16:15:52] /i 2160
[06/07/2009 16:15:52] /i 2160
[06/07/2009 16:15:52] /i 2160
[06/07/2009 16:15:52] /i 2160
[06/07/2009 16:15:52] /i 2160
[06/07/2009 16:15:52] /i 2160
[06/07/2009 16:15:52] /i 2160
[06/07/2009 16:15:52] /i 2160
[06/07/2009 16:15:52] /i 2160
[06/07/2009 16:15:52] /i 2160
[06/07/2009 16:15:52] /i 2160
[06/07/2009 16:15:52] /i 2160
[06/07/2009 16:15:52] /i 2160
[06/07/2009 16:15:52] /i 2160
[06/07/2009 16:15:52] /i 2160
[06/07/2009 16:15:52] /i 2160
[06/07/2009 16:15:52] /i 2160
[06/07/2009 16:15:52] /i 2160
[06/07/2009 16:15:52] /i 2160
[06/07/2009 16:15:52] /i 2160
[06/07/2009 16:15:52] /i 2160
[06/07/2009 16:15:52] /i 2160
[06/07/2009 16:15:52] /i 2160
[06/07/2009 16:15:52] /i 2160
[06/07/2009 16:15:52] /i 2160
[06/07/2009 16:15:52] /i 2160
[06/07/2009 16:15:52] /i 2160
[06/07/2009 16:15:53] /i 2160
[06/07/2009 16:15:53] /i 2160
[06/07/2009 16:15:53] /i 2160
[06/07/2009 16:15:53] /i 2160
[06/07/2009 16:15:53] /i 2160
[06/07/2009 16:15:53] /i 2160
[06/07/2009 16:15:53] /i 2160
[06/07/2009 16:15:53] /i 2160
[06/07/2009 16:15:53] /i 2160
[06/07/2009 16:15:53] /i 2160
[06/07/2009 16:15:53] /i 2160
[06/07/2009 16:15:53] /i 2160
[06/07/2009 16:15:53] /i 2160
[06/07/2009 16:15:53] /i 2160
[06/07/2009 16:15:53] /i 2160
[06/07/2009 16:15:53] /i 2160
[06/07/2009 16:15:53] /i 2160
[06/07/2009 16:15:53] /i 2160
[06/07/2009 16:15:53] /i 2160
[06/07/2009 16:15:53] /i 2160
[06/07/2009 16:15:53] /i 2160
[06/07/2009 16:15:53] /i 2160
[06/07/2009 16:15:53] /i 2160
[06/07/2009 16:15:53] /i 2160
[06/07/2009 16:15:53] /i 2160
[06/07/2009 16:15:53] /i 2160
[06/07/2009 16:15:53] /i 2160
[06/07/2009 16:15:53] /i 2160
[06/07/2009 16:15:53] /i 2160
[06/07/2009 16:15:54] /i 2160
[06/07/2009 16:15:54] /i 2160
[06/07/2009 16:15:54] /i 2160
[06/07/2009 16:15:54] /i 2160
[06/07/2009 16:15:54] /i 2160
[06/07/2009 16:15:54] /i 2160
[06/07/2009 16:15:54] /i 2160
[06/07/2009 16:15:54] /i 2160
[06/07/2009 16:15:54] /i 2160
[06/07/2009 16:15:54] /i 2160
[06/07/2009 16:15:54] /i 2160
[06/07/2009 16:15:54] /i 2160
[06/07/2009 16:15:54] /i 2160
[06/07/2009 16:15:54] /i 2160
[06/07/2009 16:15:54] /i 2160
[06/07/2009 16:15:54] /i 2160
[06/07/2009 16:15:54] /i 2160
[06/07/2009 16:15:54] /i 2160
[06/07/2009 16:15:54] /i 2160
[06/07/2009 16:15:54] /i 2160
[06/07/2009 16:15:54] /i 2160
[06/07/2009 16:15:54] /i 2160
[06/07/2009 16:15:54] /i 2160
[06/07/2009 16:15:54] /i 2160
[06/07/2009 16:15:54] /i 2160
[06/07/2009 16:15:54] /i 2160
[06/07/2009 16:15:54] /i 2160
[06/07/2009 16:15:54] /i 2160
[06/07/2009 16:15:54] /i 2160
[06/07/2009 16:15:55] /i 2160
[06/07/2009 16:15:55] /i 2160
[06/07/2009 16:15:55] /i 2160
[06/07/2009 16:15:55] /i 2160
[06/07/2009 16:15:55] /i 2160
[06/07/2009 16:15:55] /i 2160
[06/07/2009 16:15:55] /i 2160
[06/07/2009 16:15:55] /i 2160
[06/07/2009 16:15:55] /i 2160
[06/07/2009 16:15:55] /i 2160
[06/07/2009 16:15:55] /i 2160
[06/07/2009 16:15:55] /i 2160
[06/07/2009 16:15:55] /i 2160
[06/07/2009 16:15:55] /i 2160
[06/07/2009 16:15:55] /i 2160
[06/07/2009 16:15:55] /i 2160
[06/07/2009 16:15:55] /i 2160
[06/07/2009 16:15:55] /i 2160
[06/07/2009 16:15:55] /i 2160
[06/07/2009 16:15:55] /i 2160
[06/07/2009 16:15:55] /i 2160
[06/07/2009 16:15:55] /i 2160
[06/07/2009 16:15:55] /i 2160
[06/07/2009 16:15:55] /i 2160
[06/07/2009 16:15:55] /i 2160
[06/07/2009 16:15:55] /i 2160
[06/07/2009 16:15:55] /i 2160
[06/07/2009 16:15:56] /i 2160
[06/07/2009 16:15:56] /i 2160
[06/07/2009 16:15:56] /i 2160
[06/07/2009 16:15:56] /i 2160
[06/07/2009 16:15:56] /i 2160
[06/07/2009 16:15:56] /i 2160
[06/07/2009 16:15:56] /i 2160
[06/07/2009 16:15:56] /i 2160
[06/07/2009 16:15:56] /i 2160
[06/07/2009 16:15:56] /i 2160
[06/07/2009 16:15:56] /i 2160
[06/07/2009 16:15:56] /i 2160
[06/07/2009 16:15:56] /i 2160
[06/07/2009 16:15:56] /i 2160
[06/07/2009 16:15:56] /i 2160
[06/07/2009 16:15:56] /i 2160
[06/07/2009 16:15:56] /i 2160
[06/07/2009 16:15:56] /i 2160
[06/07/2009 16:15:56] /i 2160
[06/07/2009 16:15:56] /i 2160
[06/07/2009 16:15:56] /i 2160
[06/07/2009 16:15:56] /i 2160
[06/07/2009 16:15:56] /i 2160
[06/07/2009 16:15:56] /i 2160
[06/07/2009 16:15:56] /i 2160
[06/07/2009 16:15:56] /i 2160
[06/07/2009 16:15:56] /i 2160
[06/07/2009 16:15:56] /i 2160
[06/07/2009 16:15:56] /i 2160
[06/07/2009 16:15:57] /i 2160
[06/07/2009 16:15:57] /i 2160
[06/07/2009 16:15:57] /i 2160
[06/07/2009 16:15:57] /i 2160
[06/07/2009 16:15:57] /i 2160
[06/07/2009 16:15:57] /i 2160
[06/07/2009 16:15:57] /i 2160
[06/07/2009 16:15:57] /i 2160
[06/07/2009 16:15:57] /i 2160
[06/07/2009 16:15:57] /i 2160
[06/07/2009 16:15:57] /i 2160
[06/07/2009 16:15:57] /i 2160
[06/07/2009 16:15:57] /i 2160
[06/07/2009 16:15:57] /i 2160
[06/07/2009 16:15:57] /i 2160
[06/07/2009 16:15:57] /i 2160
[06/07/2009 16:15:57] /i 2160
[06/07/2009 16:15:57] /i 2160
[06/07/2009 16:15:57] /i 2160
[06/07/2009 16:15:57] /i 2160
[06/07/2009 16:15:57] /i 2160
[06/07/2009 16:15:57] /i 2160
[06/07/2009 16:15:57] /i 2160
[06/07/2009 16:15:57] /i 2160
[06/07/2009 16:15:57] /i 2160
[06/07/2009 16:15:57] /i 2160
[06/07/2009 16:15:57] /i 2160
[06/07/2009 16:15:57] /i 2160
[06/07/2009 16:15:58] /i 2160
[06/07/2009 16:15:58] /i 2160
[06/07/2009 16:15:58] /i 2160
[06/07/2009 16:15:58] /i 2160
[06/07/2009 16:15:58] /i 2160
[06/07/2009 16:15:58] /i 2160
[06/07/2009 16:15:58] /i 2160
[06/07/2009 16:15:58] /i 2160
[06/07/2009 16:15:58] /i 2160
[06/07/2009 16:15:58] /i 2160
[06/07/2009 16:15:58] /i 2160
[06/07/2009 16:15:58] /i 2160
[06/07/2009 16:15:58] /i 2160
[06/07/2009 16:15:58] /i 2160
[06/07/2009 16:15:58] /i 2160
[06/07/2009 16:15:58] /i 2160
[06/07/2009 16:15:58] /i 2160
[06/07/2009 16:15:58] /i 2160
[06/07/2009 16:15:58] /i 2160
[06/07/2009 16:15:58] /i 2160
[06/07/2009 16:15:58] /i 2160
[06/07/2009 16:15:58] /i 2160
[06/07/2009 16:15:58] /i 2160
[06/07/2009 16:15:58] /i 2160
[06/07/2009 16:15:58] /i 2160
[06/07/2009 16:15:58] /i 2160
[06/07/2009 16:15:58] /i 2160
[06/07/2009 16:15:58] /i 2160
[06/07/2009 16:15:58] /i 2160
[06/07/2009 16:15:59] /i 2160
[06/07/2009 16:15:59] /i 2160
[06/07/2009 16:15:59] /i 2160
[06/07/2009 16:15:59] /i 2160
[06/07/2009 16:15:59] /i 2160
[06/07/2009 16:15:59] /i 2160
[06/07/2009 16:15:59] /i 2160
[06/07/2009 16:15:59] /i 2160
[06/07/2009 16:15:59] /i 2160
[06/07/2009 16:15:59] /i 2160
[06/07/2009 16:15:59] /i 2160
[06/07/2009 16:15:59] /i 2160
[06/07/2009 16:15:59] /i 2160
[06/07/2009 16:15:59] /i 2160
[06/07/2009 16:15:59] /i 2160
[06/07/2009 16:15:59] /i 2160
[06/07/2009 16:15:59] /i 2160
[06/07/2009 16:15:59] /i 2160
[06/07/2009 16:15:59] /i 2160
[06/07/2009 16:15:59] /i 2160
[06/07/2009 16:15:59] /i 2160
[06/07/2009 16:15:59] /i 2160
[06/07/2009 16:15:59] /i 2160
[06/07/2009 16:15:59] /i 2160
[06/07/2009 16:15:59] /i 2160
[06/07/2009 16:15:59] /i 2160
[06/07/2009 16:15:59] /i 2160
[06/07/2009 16:15:59] /i 2160
[06/07/2009 16:16:00] /i 2160
[06/07/2009 16:16:00] /i 2160
[06/07/2009 16:16:00] /i 2160
[06/07/2009 16:16:00] /i 2160
[06/07/2009 16:16:00] /i 2160
[06/07/2009 16:16:00] /i 2160
[06/07/2009 16:16:00] /i 2160
[06/07/2009 16:16:00] /i 2160
[06/07/2009 16:16:00] /i 2160
[06/07/2009 16:16:00] /i 2160
[06/07/2009 16:16:00] /i 2160
[06/07/2009 16:16:00] /i 2160
[06/07/2009 16:16:00] /i 2160
[06/07/2009 16:16:00] /i 2160
[06/07/2009 16:16:00] /i 2160
[06/07/2009 16:16:00] /i 2160
[06/07/2009 16:16:00] /i 2160
[06/07/2009 16:16:00] /i 2160
[06/07/2009 16:16:00] /i 2160
[06/07/2009 16:16:00] /i 2160
[06/07/2009 16:16:00] /i 2160
[06/07/2009 16:16:00] /i 2160
[06/07/2009 16:16:00] /i 2160
[06/07/2009 16:16:00] /i 2160
[06/07/2009 16:16:00] /i 2160
[06/07/2009 16:16:00] /i 2160
[06/07/2009 16:16:00] /i 2160
[06/07/2009 16:16:00] /i 2160
[06/07/2009 16:16:00] /i 2160
[06/07/2009 16:16:01] /i 2160
[06/07/2009 16:16:01] /i 2160
[06/07/2009 16:16:01] /i 2160
[06/07/2009 16:16:01] /i 2160
[06/07/2009 16:16:01] /i 2160
[06/07/2009 16:16:01] /i 2160
[06/07/2009 16:16:01] /i 2160
[06/07/2009 16:16:01] /i 2160
[06/07/2009 16:16:01] /i 2160
[06/07/2009 16:16:01] /i 2160
[06/07/2009 16:16:01] /i 2160
[06/07/2009 16:16:01] /i 2160
[06/07/2009 16:16:01] /i 2160
[06/07/2009 16:16:01] /i 2160
[06/07/2009 16:16:01] /i 2160
[06/07/2009 16:16:01] /i 2160
[06/07/2009 16:16:01] /i 2160
[06/07/2009 16:16:01] /i 2160
[06/07/2009 16:16:01] /i 2160
[06/07/2009 16:16:01] /i 2160
[06/07/2009 16:16:01] /i 2160
[06/07/2009 16:16:01] /i 2160
[06/07/2009 16:16:01] /i 2160
[06/07/2009 16:16:01] /i 2160
[06/07/2009 16:16:01] /i 2160
[06/07/2009 16:16:01] /i 2160
[06/07/2009 16:16:01] /i 2160
[06/07/2009 16:16:01] /i 2160
[06/07/2009 16:16:02] /i 2160
[06/07/2009 16:16:02] /i 2160
[06/07/2009 16:16:02] /i 2160
[06/07/2009 16:16:02] /i 2160
[06/07/2009 16:16:02] /i 2160
[06/07/2009 16:16:02] /i 2160
[06/07/2009 16:16:02] /i 2160
[06/07/2009 16:16:02] /i 2160
[06/07/2009 16:16:02] /i 2160
[06/07/2009 16:16:02] /i 2160
[06/07/2009 16:16:02] /i 2160
[06/07/2009 16:16:02] /i 2160
[06/07/2009 16:16:02] /i 2160
[06/07/2009 16:16:02] /i 2160
[06/07/2009 16:16:02] /i 2160
[06/07/2009 16:16:02] /i 2160
[06/07/2009 16:16:02] /i 2160
[06/07/2009 16:16:02] /i 2160
[06/07/2009 16:16:02] /i 2160
[06/07/2009 16:16:02] /i 2160
[06/07/2009 16:16:02] /i 2160
[06/07/2009 16:16:02] /i 2160
[06/07/2009 16:16:02] /i 2160
[06/07/2009 16:16:02] /i 2160
[06/07/2009 16:16:02] /i 2160
[06/07/2009 16:16:02] /i 2160
[06/07/2009 16:16:02] /i 2160
[06/07/2009 16:16:02] /i 2160
[06/07/2009 16:16:02] /i 2160
[06/07/2009 16:16:03] /i 2160
[06/07/2009 16:16:03] /i 2160
[06/07/2009 16:16:03] /i 2160
[06/07/2009 16:16:03] /i 2160
[06/07/2009 16:16:03] /i 2160
[06/07/2009 16:16:03] /i 2160
[06/07/2009 16:16:03] /i 2160
[06/07/2009 16:16:03] /i 2160
[06/07/2009 16:16:03] /i 2160
[06/07/2009 16:16:03] /i 2160
[06/07/2009 16:16:03] /i 2160
[06/07/2009 16:16:03] /i 2160
[06/07/2009 16:16:03] /i 2160
[06/07/2009 16:16:03] /i 2160
[06/07/2009 16:16:03] /i 2160
[06/07/2009 16:16:03] /i 2160
[06/07/2009 16:16:03] /i 2160
[06/07/2009 16:16:03] /i 2160
[06/07/2009 16:16:03] /i 2160
[06/07/2009 16:16:03] /i 2160
[06/07/2009 16:16:03] /i 2160
[06/07/2009 16:16:03] /i 2160
[06/07/2009 16:16:03] /i 2160
[06/07/2009 16:16:03] /i 2160
[06/07/2009 16:16:03] /i 2160
[06/07/2009 16:16:03] /i 2160
[06/07/2009 16:16:03] /i 2160
[06/07/2009 16:16:03] /i 2160
[06/07/2009 16:16:04] /i 2160
[06/07/2009 16:16:04] /i 2160
[06/07/2009 16:16:04] /i 2160
[06/07/2009 16:16:04] /i 2160
[06/07/2009 16:16:04] /i 2160
[06/07/2009 16:16:04] /i 2160
[06/07/2009 16:16:04] /i 2160
[06/07/2009 16:16:04] /i 2160
[06/07/2009 16:16:04] /i 2160
[06/07/2009 16:16:04] /i 2160
[06/07/2009 16:16:04] /i 2160
[06/07/2009 16:16:04] /i 2160
[06/07/2009 16:16:04] /i 2160
[06/07/2009 16:16:04] /i 2160
[06/07/2009 16:16:04] /i 2160
[06/07/2009 16:16:04] /i 2160
[06/07/2009 16:16:04] /i 2160
[06/07/2009 16:16:04] /i 2160
[06/07/2009 16:16:04] /i 2160
[06/07/2009 16:16:04] /i 2160
[06/07/2009 16:16:04] /i 2160
[06/07/2009 16:16:04] /i 2160
[06/07/2009 16:16:04] /i 2160
[06/07/2009 16:16:04] /i 2160
[06/07/2009 16:16:04] /i 2160
[06/07/2009 16:16:04] /i 2160
[06/07/2009 16:16:04] /i 2160
[06/07/2009 16:16:04] /i 2160
[06/07/2009 16:16:04] /i 2160
[06/07/2009 16:16:05] /i 2160
[06/07/2009 16:16:05] /i 2160
[06/07/2009 16:16:05] /i 2160
[06/07/2009 16:16:05] /i 2160
[06/07/2009 16:16:05] /i 2160
[06/07/2009 16:16:05] /i 2160
[06/07/2009 16:16:05] /i 2160
[06/07/2009 16:16:05] /i 2160
[06/07/2009 16:16:05] /i 2160
[06/07/2009 16:16:05] /i 2160
[06/07/2009 16:16:05] /i 2160
[06/07/2009 16:16:05] /i 2160
[06/07/2009 16:16:05] /i 2160
[06/07/2009 16:16:05] /i 2160
[06/07/2009 16:16:05] /i 2160
[06/07/2009 16:16:05] /i 2160
[06/07/2009 16:16:05] /i 2160
[06/07/2009 16:16:05] /i 2160
[06/07/2009 16:16:05] /i 2160
[06/07/2009 16:16:05] /i 2160
[06/07/2009 16:16:05] /i 2160
[06/07/2009 16:16:05] /i 2160
[06/07/2009 16:16:05] /i 2160
[06/07/2009 16:16:05] /i 2160
[06/07/2009 16:16:05] /i 2160
[06/07/2009 16:16:05] /i 2160
[06/07/2009 16:16:05] /i 2160
[06/07/2009 16:16:05] /i 2160
[06/07/2009 16:16:06] /i 2160
[06/07/2009 16:16:06] /i 2160
[06/07/2009 16:16:06] /i 2160
[06/07/2009 16:16:06] /i 2160
[06/07/2009 16:16:06] /i 2160
[06/07/2009 16:16:06] /i 2160
[06/07/2009 16:16:06] /i 2160
[06/07/2009 16:16:06] /i 2160
[06/07/2009 16:16:06] /i 2160
[06/07/2009 16:16:06] /i 2160
[06/07/2009 16:16:06] /i 2160
[06/07/2009 16:16:06] /i 2160
[06/07/2009 16:16:06] /i 2160
[06/07/2009 16:16:06] /i 2160
[06/07/2009 16:16:06] /i 2160
[06/07/2009 16:16:06] /i 2160
[06/07/2009 16:16:06] /i 2160
[06/07/2009 16:16:06] /i 2160
[06/07/2009 16:16:06] /i 2160
[06/07/2009 16:16:06] /i 2160
[06/07/2009 16:16:06] /i 2160
[06/07/2009 16:16:06] /i 2160
[06/07/2009 16:16:06] /i 2160
[06/07/2009 16:16:06] /i 2160
[06/07/2009 16:16:06] /i 2160
[06/07/2009 16:16:06] /i 2160
[06/07/2009 16:16:06] /i 2160
[06/07/2009 16:16:06] /i 2160
[06/07/2009 16:16:06] /i 2160
[06/07/2009 16:16:07] /i 2160
[06/07/2009 16:16:07] /i 2160
[06/07/2009 16:16:07] /i 2160
[06/07/2009 16:16:07] /i 2160
[06/07/2009 16:16:07] /i 2160
[06/07/2009 16:16:08] /i 2160
[06/07/2009 16:16:08] /i 2160
[06/07/2009 16:16:08] /i 2160
[06/07/2009 16:16:08] /i 2160
[06/07/2009 16:16:09] /i 2160
[06/07/2009 16:16:09] /i 2160
[06/07/2009 16:16:09] /i 2160
[06/07/2009 16:16:10] /i 2160
[06/07/2009 16:16:10] /i 2160
[06/07/2009 16:16:10] /i 2160
[06/07/2009 16:16:11] /i 2160
[06/07/2009 16:16:11] /i 2160
[06/07/2009 16:16:11] /i 2160
[06/07/2009 16:16:12] /i 2160
[06/07/2009 16:16:12] /i 2160
[06/07/2009 16:16:12] /i 2160
[06/07/2009 16:16:12] /i 2160
[06/07/2009 16:16:12] /i 2160
[06/07/2009 16:16:12] /i 2160
[06/07/2009 16:16:12] /i 2160
[06/07/2009 16:16:12] /i 2160
[06/07/2009 16:16:12] /i 2160
[06/07/2009 16:16:12] /i 2160
[06/07/2009 16:16:12] /i 2160
[06/07/2009 16:16:12] /i 2160
[06/07/2009 16:16:12] /i 2160
[06/07/2009 16:16:12] /i 2160
[06/07/2009 16:16:12] /i 2160
[06/07/2009 16:16:12] /i 2160
[06/07/2009 16:16:12] /i 2160
[06/07/2009 16:16:12] /i 2160
[06/07/2009 16:16:12] /i 2160
[06/07/2009 16:16:12] /i 2160
[06/07/2009 16:16:12] /i 2160
[06/07/2009 16:16:13] /i 2160
[06/07/2009 16:16:13] /i 2160
[06/07/2009 16:16:13] /i 2160
[06/07/2009 16:16:13] /i 2160
[06/07/2009 16:16:13] /i 2160
[06/07/2009 16:16:13] /i 2160
[06/07/2009 16:16:13] /i 2160
[06/07/2009 16:16:13] /i 2160
[06/07/2009 16:16:13] /i 2160
[06/07/2009 16:16:13] /i 2160
[06/07/2009 16:16:13] /i 2160
[06/07/2009 16:16:13] /i 2160
[06/07/2009 16:16:13] /i 2160
[06/07/2009 16:16:13] /i 2160
[06/07/2009 16:16:13] /i 2160
[06/07/2009 16:16:13] /i 2160
[06/07/2009 16:16:13] /i 2160
[06/07/2009 16:16:13] /i 2160
[06/07/2009 16:16:13] /i 2160
[06/07/2009 16:16:13] /i 2160
[06/07/2009 16:16:13] /i 2160
[06/07/2009 16:16:13] /i 2160
[06/07/2009 16:16:13] /i 2160
[06/07/2009 16:16:13] /i 2160
[06/07/2009 16:16:13] /i 2160
[06/07/2009 16:16:13] /i 2160
[06/07/2009 16:16:13] /i 2160
[06/07/2009 16:16:13] /i 2160
[06/07/2009 16:16:14] /i 2160
[06/07/2009 16:16:14] /i 2160
[06/07/2009 16:16:14] /i 2160
[06/07/2009 16:16:14] /i 2160
[06/07/2009 16:16:14] /i 2160
[06/07/2009 16:16:14] /i 2160
[06/07/2009 16:16:14] /i 2160
[06/07/2009 16:16:14] /i 2160
[06/07/2009 16:16:14] /i 2160
[06/07/2009 16:16:14] /i 2160
[06/07/2009 16:16:14] /i 2160
[06/07/2009 16:16:14] /i 2160
[06/07/2009 16:16:14] /i 2160
[06/07/2009 16:16:14] /i 2160
[06/07/2009 16:16:14] /i 2160
[06/07/2009 16:16:14] /i 2160
[06/07/2009 16:16:14] /i 2160
[06/07/2009 16:16:14] /i 2160
[06/07/2009 16:16:14] /i 2160
[06/07/2009 16:16:14] /i 2160
[06/07/2009 16:16:14] /i 2160
[06/07/2009 16:16:14] /i 2160
[06/07/2009 16:16:14] /i 2160
[06/07/2009 16:16:14] /i 2160
[06/07/2009 16:16:14] /i 2160
[06/07/2009 16:16:14] /i 2160
[06/07/2009 16:16:14] /i 2160
[06/07/2009 16:16:14] /i 2160
[06/07/2009 16:16:14] /i 2160
[06/07/2009 16:16:15] /i 2160
[06/07/2009 16:16:15] /i 2160
[06/07/2009 16:16:15] /i 2160
[06/07/2009 16:16:15] /i 2160
[06/07/2009 16:16:15] /i 2160
[06/07/2009 16:16:15] /i 2160
[06/07/2009 16:16:15] /i 2160
[06/07/2009 16:16:15] /i 2160
[06/07/2009 16:16:15] /i 2160
[06/07/2009 16:16:15] /i 2160
[06/07/2009 16:16:15] /i 2160
[06/07/2009 16:16:15] /i 2160
[06/07/2009 16:16:15] /i 2160
[06/07/2009 16:16:15] /i 2160
[06/07/2009 16:16:15] /i 2160
[06/07/2009 16:16:15] /i 2160
[06/07/2009 16:16:15] /i 2160
[06/07/2009 16:16:15] /i 2160
[06/07/2009 16:16:15] /i 2160
[06/07/2009 16:16:15] /i 2160
[06/07/2009 16:16:15] /i 2160
[06/07/2009 16:16:15] /i 2160
[06/07/2009 16:16:15] /i 2160
[06/07/2009 16:16:15] /i 2160
[06/07/2009 16:16:15] /i 2160
[06/07/2009 16:16:15] /i 2160
[06/07/2009 16:16:15] /i 2160
[06/07/2009 16:16:15] /i 2160
[06/07/2009 16:16:15] /i 2160
[06/07/2009 16:16:16] /i 2160
[06/07/2009 16:16:16] /i 2160
[06/07/2009 16:16:16] /i 2160
[06/07/2009 16:16:16] /i 2160
[06/07/2009 16:16:16] /i 2160
[06/07/2009 16:16:16] /i 2160
[06/07/2009 16:16:16] /i 2160
[06/07/2009 16:16:16] /i 2160
[06/07/2009 16:16:16] /i 2160
[06/07/2009 16:16:16] /i 2160
[06/07/2009 16:16:16] /i 2160
[06/07/2009 16:16:16] /i 2160
[06/07/2009 16:16:16] /i 2160
[06/07/2009 16:16:16] /i 2160
[06/07/2009 16:16:16] /i 2160
[06/07/2009 16:16:16] /i 2160
[06/07/2009 16:16:16] /i 2160
[06/07/2009 16:16:16] /i 2160
[06/07/2009 16:16:16] /i 2160
[06/07/2009 16:16:16] /i 2160
[06/07/2009 16:16:16] /i 2160
[06/07/2009 16:16:16] /i 2160
[06/07/2009 16:16:16] /i 2160
[06/07/2009 16:16:16] /i 2160
[06/07/2009 16:16:16] /i 2160
[06/07/2009 16:16:16] /i 2160
[06/07/2009 16:16:16] /i 2160
[06/07/2009 16:16:17] /i 2160
[06/07/2009 16:16:17] /i 2160
[06/07/2009 16:16:17] /i 2160
[06/07/2009 16:16:17] /i 2160
[06/07/2009 16:16:17] /i 2160
[06/07/2009 16:16:17] /i 2160
[06/07/2009 16:16:17] /i 2160
[06/07/2009 16:16:17] /i 2160
[06/07/2009 16:16:17] /i 2160
[06/07/2009 16:16:17] /i 2160
[06/07/2009 16:16:17] /i 2160
[06/07/2009 16:16:17] /i 2160
[06/07/2009 16:16:17] /i 2160
[06/07/2009 16:16:17] /i 2160
[06/07/2009 16:16:17] /i 2160
[06/07/2009 16:16:17] /i 2160
[06/07/2009 16:16:17] /i 2160
[06/07/2009 16:16:17] /i 2160
[06/07/2009 16:16:17] /i 2160
[06/07/2009 16:16:17] /i 2160
[06/07/2009 16:16:17] /i 2160
[06/07/2009 16:16:17] /i 2160
[06/07/2009 16:16:17] /i 2160
[06/07/2009 16:16:17] /i 2160
[06/07/2009 16:16:17] /i 2160
[06/07/2009 16:16:17] /i 2160
[06/07/2009 16:16:17] /i 2160
[06/07/2009 16:16:17] /i 2160
[06/07/2009 16:16:17] /i 2160
[06/07/2009 16:16:18] /i 2160
[06/07/2009 16:16:18] /i 2160
[06/07/2009 16:16:18] /i 2160
[06/07/2009 16:16:18] /i 2160
[06/07/2009 16:16:18] /i 2160
[06/07/2009 16:16:18] /i 2160
[06/07/2009 16:16:18] /i 2160
[06/07/2009 16:16:18] /i 2160
[06/07/2009 16:16:18] /i 2160
[06/07/2009 16:16:18] /i 2160
[06/07/2009 16:16:18] /i 2160
[06/07/2009 16:16:18] /i 2160
[06/07/2009 16:16:18] /i 2160
[06/07/2009 16:16:18] /i 2160
[06/07/2009 16:16:18] /i 2160
[06/07/2009 16:16:18] /i 2160
[06/07/2009 16:16:18] /i 2160
[06/07/2009 16:16:18] /i 2160
[06/07/2009 16:16:18] /i 2160
[06/07/2009 16:16:18] /i 2160
[06/07/2009 16:16:18] /i 2160
[06/07/2009 16:16:18] /i 2160
[06/07/2009 16:16:18] /i 2160
[06/07/2009 16:16:18] /i 2160
[06/07/2009 16:16:18] /i 2160
[06/07/2009 16:16:18] /i 2160
[06/07/2009 16:16:18] /i 2160
[06/07/2009 16:16:18] /i 2160
[06/07/2009 16:16:18] /i 2160
[06/07/2009 16:16:19] /i 2160
[06/07/2009 16:16:19] /i 2160
[06/07/2009 16:16:19] /i 2160
[06/07/2009 16:16:19] /i 2160
[06/07/2009 16:16:19] /i 2160
[06/07/2009 16:16:19] /i 2160
[06/07/2009 16:16:19] /i 2160
[06/07/2009 16:16:19] /i 2160
[06/07/2009 16:16:19] /i 2160
[06/07/2009 16:16:19] /i 2160
[06/07/2009 16:16:19] /i 2160
[06/07/2009 16:16:19] /i 2160
[06/07/2009 16:16:19] /i 2160
[06/07/2009 16:16:19] /i 2160
[06/07/2009 16:16:19] /i 2160
[06/07/2009 16:16:19] /i 2160
[06/07/2009 16:16:19] /i 2160
[06/07/2009 16:16:19] /i 2160
[06/07/2009 16:16:19] /i 2160
[06/07/2009 16:16:19] /i 2160
[06/07/2009 16:16:19] /i 2160
[06/07/2009 16:16:19] /i 2160
[06/07/2009 16:16:19] /i 2160
[06/07/2009 16:16:19] /i 2160
[06/07/2009 16:16:19] /i 2160
[06/07/2009 16:16:19] /i 2160
[06/07/2009 16:16:19] /i 2160
[06/07/2009 16:16:19] /i 2160
[06/07/2009 16:16:20] /i 2160
[06/07/2009 16:16:20] /i 2160
[06/07/2009 16:16:20] /i 2160
[06/07/2009 16:16:20] /i 2160
[06/07/2009 16:16:20] /i 2160
[06/07/2009 16:16:20] /i 2160
[06/07/2009 16:16:20] /i 2160
[06/07/2009 16:16:20] /i 2160
[06/07/2009 16:16:20] /i 2160
[06/07/2009 16:16:20] /i 2160
[06/07/2009 16:16:20] /i 2160
[06/07/2009 16:16:20] /i 2160
[06/07/2009 16:16:20] /i 2160
[06/07/2009 16:16:20] /i 2160
[06/07/2009 16:16:20] /i 2160
[06/07/2009 16:16:20] /i 2160
[06/07/2009 16:16:20] /i 2160
[06/07/2009 16:16:20] /i 2160
[06/07/2009 16:16:20] /i 2160
[06/07/2009 16:16:20] /i 2160
[06/07/2009 16:16:20] /i 2160
[06/07/2009 16:16:20] /i 2160
[06/07/2009 16:16:20] /i 2160
[06/07/2009 16:16:20] /i 2160
[06/07/2009 16:16:20] /i 2160
[06/07/2009 16:16:20] /i 2160
[06/07/2009 16:16:20] /i 2160
[06/07/2009 16:16:20] /i 2160
[06/07/2009 16:16:21] /i 2160
[06/07/2009 16:16:21] /i 2160
[06/07/2009 16:16:21] /i 2160
[06/07/2009 16:16:21] /i 2160
[06/07/2009 16:16:21] /i 2160
[06/07/2009 16:16:21] /i 2160
[06/07/2009 16:16:21] /i 2160
[06/07/2009 16:16:21] /i 2160
[06/07/2009 16:16:21] /i 2160
[06/07/2009 16:16:21] /i 2160
[06/07/2009 16:16:21] /i 2160
[06/07/2009 16:16:21] /i 2160
[06/07/2009 16:16:21] /i 2160
[06/07/2009 16:16:21] /i 2160
[06/07/2009 16:16:21] /i 2160
[06/07/2009 16:16:21] /i 2160
[06/07/2009 16:16:21] /i 2160
[06/07/2009 16:16:21] /i 2160
[06/07/2009 16:16:21] /i 2160
[06/07/2009 16:16:21] /i 2160
[06/07/2009 16:16:21] /i 2160
[06/07/2009 16:16:21] /i 2160
[06/07/2009 16:16:21] /i 2160
[06/07/2009 16:16:21] /i 2160
[06/07/2009 16:16:21] /i 2160
[06/07/2009 16:16:21] /i 2160
[06/07/2009 16:16:21] /i 2160
[06/07/2009 16:16:21] /i 2160
[06/07/2009 16:16:22] /i 2160
[06/07/2009 16:16:22] /i 2160
[06/07/2009 16:16:22] /i 2160
[06/07/2009 16:16:22] /i 2160
[06/07/2009 16:16:22] /i 2160
[06/07/2009 16:16:22] /i 2160
[06/07/2009 16:16:22] /i 2160
[06/07/2009 16:16:22] /i 2160
[06/07/2009 16:16:22] /i 2160
[06/07/2009 16:16:22] /i 2160
[06/07/2009 16:16:22] /i 2160
[06/07/2009 16:16:22] /i 2160
[06/07/2009 16:16:22] /i 2160
[06/07/2009 16:16:22] /i 2160
[06/07/2009 16:16:22] /i 2160
[06/07/2009 16:16:22] /i 2160
[06/07/2009 16:16:22] /i 2160
[06/07/2009 16:16:22] /i 2160
[06/07/2009 16:16:22] /i 2160
[06/07/2009 16:16:22] /i 2160
[06/07/2009 16:16:22] /i 2160
[06/07/2009 16:16:22] /i 2160
[06/07/2009 16:16:22] /i 2160
[06/07/2009 16:16:22] /i 2160
[06/07/2009 16:16:22] /i 2160
[06/07/2009 16:16:22] /i 2160
[06/07/2009 16:16:22] /i 2160
[06/07/2009 16:16:22] /i 2160
[06/07/2009 16:16:22] /i 2160
[06/07/2009 16:16:23] /i 2160
[06/07/2009 16:16:23] /i 2160
[06/07/2009 16:16:23] /i 2160
[06/07/2009 16:16:23] /i 2160
[06/07/2009 16:16:23] /i 2160
[06/07/2009 16:16:23] /i 2160
[06/07/2009 16:16:23] /i 2160
[06/07/2009 16:16:23] /i 2160
[06/07/2009 16:16:23] /i 2160
[06/07/2009 16:16:23] /i 2160
[06/07/2009 16:16:23] /i 2160
[06/07/2009 16:16:23] /i 2160
[06/07/2009 16:16:23] /i 2160
[06/07/2009 16:16:23] /i 2160
[06/07/2009 16:16:23] /i 2160
[06/07/2009 16:16:23] /i 2160
[06/07/2009 16:16:23] /i 2160
[06/07/2009 16:16:23] /i 2160
[06/07/2009 16:16:23] /i 2160
[06/07/2009 16:16:23] /i 2160
[06/07/2009 16:16:23] /i 2160
[06/07/2009 16:16:23] /i 2160
[06/07/2009 16:16:23] /i 2160
[06/07/2009 16:16:23] /i 2160
[06/07/2009 16:16:23] /i 2160
[06/07/2009 16:16:23] /i 2160
[06/07/2009 16:16:23] /i 2160
[06/07/2009 16:16:23] /i 2160
[06/07/2009 16:16:24] /i 2160
[06/07/2009 16:16:24] /i 2160
[06/07/2009 16:16:24] /i 2160
[06/07/2009 16:16:24] /i 2160
[06/07/2009 16:16:24] /i 2160
[06/07/2009 16:16:24] /i 2160
[06/07/2009 16:16:24] /i 2160
[06/07/2009 16:16:24] /i 2160
[06/07/2009 16:16:24] /i 2160
[06/07/2009 16:16:24] /i 2160
[06/07/2009 16:16:24] /i 2160
[06/07/2009 16:16:24] /i 2160
[06/07/2009 16:16:24] /i 2160
[06/07/2009 16:16:24] /i 2160
[06/07/2009 16:16:24] /i 2160
[06/07/2009 16:16:24] /i 2160
[06/07/2009 16:16:24] /i 2160
[06/07/2009 16:16:24] /i 2160
[06/07/2009 16:16:24] /i 2160
[06/07/2009 16:16:24] /i 2160
[06/07/2009 16:16:24] /i 2160
[06/07/2009 16:16:24] /i 2160
[06/07/2009 16:16:24] /i 2160
[06/07/2009 16:16:24] /i 2160
[06/07/2009 16:16:24] /i 2160
[06/07/2009 16:16:24] /i 2160
[06/07/2009 16:16:24] /i 2160
[06/07/2009 16:16:24] /i 2160
[06/07/2009 16:16:24] /i 2160
[06/07/2009 16:16:25] /i 2160
[06/07/2009 16:16:25] /i 2160
[06/07/2009 16:16:25] /i 2160
[06/07/2009 16:16:25] /i 2160
[06/07/2009 16:16:25] /i 2160
[06/07/2009 16:16:25] /i 2160
[06/07/2009 16:16:25] /i 2160
[06/07/2009 16:16:25] /i 2160
[06/07/2009 16:16:25] /i 2160
[06/07/2009 16:16:25] /i 2160
[06/07/2009 16:16:25] /i 2160
[06/07/2009 16:16:25] /i 2160
[06/07/2009 16:16:25] /i 2160
[06/07/2009 16:16:25] /i 2160
[06/07/2009 16:16:25] /i 2160
[06/07/2009 16:16:25] /i 2160
[06/07/2009 16:16:25] /i 2160
[06/07/2009 16:16:25] /i 2160
[06/07/2009 16:16:25] /i 2160
[06/07/2009 16:16:25] /i 2160
[06/07/2009 16:16:25] /i 2160
[06/07/2009 16:16:25] /i 2160
[06/07/2009 16:16:25] /i 2160
[06/07/2009 16:16:25] /i 2160
[06/07/2009 16:16:25] /i 2160
[06/07/2009 16:16:25] /i 2160
[06/07/2009 16:16:25] /i 2160
[06/07/2009 16:16:25] /i 2160
[06/07/2009 16:16:26] /i 2160
[06/07/2009 16:16:26] /i 2160
[06/07/2009 16:16:26] /i 2160
[06/07/2009 16:16:26] /i 2160
[06/07/2009 16:16:26] /i 2160
[06/07/2009 16:16:26] /i 2160
[06/07/2009 16:16:26] /i 2160
[06/07/2009 16:16:26] /i 2160
[06/07/2009 16:16:26] /i 2160
[06/07/2009 16:16:26] /i 2160
[06/07/2009 16:16:26] /i 2160
[06/07/2009 16:16:26] /i 2160
[06/07/2009 16:16:26] /i 2160
[06/07/2009 16:16:26] /i 2160
[06/07/2009 16:16:26] /i 2160
[06/07/2009 16:16:26] /i 2160
[06/07/2009 16:16:26] /i 2160
[06/07/2009 16:16:26] /i 2160
[06/07/2009 16:16:26] /i 2160
[06/07/2009 16:16:26] /i 2160
[06/07/2009 16:16:26] /i 2160
[06/07/2009 16:16:26] /i 2160
[06/07/2009 16:16:26] /i 2160
[06/07/2009 16:16:26] /i 2160
[06/07/2009 16:16:26] /i 2160
[06/07/2009 16:16:26] /i 2160
[06/07/2009 16:16:26] /i 2160
[06/07/2009 16:16:26] /i 2160
[06/07/2009 16:16:27] /i 2160
[06/07/2009 16:16:27] /i 2160
[06/07/2009 16:16:27] /i 2160
[06/07/2009 16:16:27] /i 2160
[06/07/2009 16:16:27] /i 2160
[06/07/2009 16:16:27] /i 2160
[06/07/2009 16:16:27] /i 2160
[06/07/2009 16:16:27] /i 2160
[06/07/2009 16:16:27] /i 2160
[06/07/2009 16:16:27] /i 2160
[06/07/2009 16:16:27] /i 2160
[06/07/2009 16:16:27] /i 2160
[06/07/2009 16:16:27] /i 2160
[06/07/2009 16:16:27] /i 2160
[06/07/2009 16:16:27] /i 2160
[06/07/2009 16:16:27] /i 2160
[06/07/2009 16:16:27] /i 2160
[06/07/2009 16:16:27] /i 2160
[06/07/2009 16:16:27] /i 2160
[06/07/2009 16:16:27] /i 2160
[06/07/2009 16:16:27] /i 2160
[06/07/2009 16:16:27] /i 2160
[06/07/2009 16:16:27] /i 2160
[06/07/2009 16:16:27] /i 2160
[06/07/2009 16:16:27] /i 2160
[06/07/2009 16:16:27] /i 2160
[06/07/2009 16:16:27] /i 2160
[06/07/2009 16:16:27] /i 2160
[06/07/2009 16:16:28] /i 2160
[06/07/2009 16:16:28] /i 2160
[06/07/2009 16:16:28] /i 2160
[06/07/2009 16:16:28] /i 2160
[06/07/2009 16:16:28] /i 2160
[06/07/2009 16:16:28] /i 2160
[06/07/2009 16:16:28] /i 2160
[06/07/2009 16:16:28] /i 2160
[06/07/2009 16:16:28] /i 2160
[06/07/2009 16:16:28] /i 2160
[06/07/2009 16:16:28] /i 2160
[06/07/2009 16:16:28] /i 2160
[06/07/2009 16:16:28] /i 2160
[06/07/2009 16:16:28] /i 2160
[06/07/2009 16:16:28] /i 2160
[06/07/2009 16:16:28] /i 2160
[06/07/2009 16:16:28] /i 2160
[06/07/2009 16:16:28] /i 2160
[06/07/2009 16:16:28] /i 2160
[06/07/2009 16:16:28] /i 2160
[06/07/2009 16:16:28] /i 2160
[06/07/2009 16:16:28] /i 2160
[06/07/2009 16:16:28] /i 2160
[06/07/2009 16:16:28] /i 2160
[06/07/2009 16:16:28] /i 2160
[06/07/2009 16:16:28] /i 2160
[06/07/2009 16:16:28] /i 2160
[06/07/2009 16:16:28] /i 2160
[06/07/2009 16:16:28] /i 2160
[06/07/2009 16:16:29] /i 2160
[06/07/2009 16:16:29] /i 2160
[06/07/2009 16:16:29] /i 2160
[06/07/2009 16:16:29] /i 2160
[06/07/2009 16:16:29] /i 2160
[06/07/2009 16:16:29] /i 2160
[06/07/2009 16:16:29] /i 2160
[06/07/2009 16:16:29] /i 2160
[06/07/2009 16:16:29] /i 2160
[06/07/2009 16:16:29] /i 2160
[06/07/2009 16:16:30] /i 2160
[06/07/2009 16:16:30] /i 2160
[06/07/2009 16:16:30] /i 2160
[06/07/2009 16:16:31] /i 2160
[06/07/2009 16:16:31] /i 2160
[06/07/2009 16:16:31] /i 2160
[06/07/2009 16:16:32] /i 2160
[06/07/2009 16:16:32] /i 2160
[06/07/2009 16:16:32] /i 2160
[06/07/2009 16:16:32] /i 2160
[06/07/2009 16:16:32] /i 2160
[06/07/2009 16:16:32] /i 2160
[06/07/2009 16:16:32] /i 2160
[06/07/2009 16:16:32] /i 2160
[06/07/2009 16:16:32] /i 2160
[06/07/2009 16:16:32] /i 2160
[06/07/2009 16:16:32] /i 2160
[06/07/2009 16:16:32] /i 2160
[06/07/2009 16:16:32] /i 2160
[06/07/2009 16:16:32] /i 2160
[06/07/2009 16:16:32] /i 2160
[06/07/2009 16:16:32] /i 2160
[06/07/2009 16:16:32] /i 2160
[06/07/2009 16:16:32] /i 2160
[06/07/2009 16:16:32] /i 2160
[06/07/2009 16:16:32] /i 2160
[06/07/2009 16:16:32] /i 2160
[06/07/2009 16:16:33] /i 2160
[06/07/2009 16:16:47] /i 2160
[06/07/2009 16:16:55] /i 2160
[06/07/2009 16:16:55] /i 2160
[06/07/2009 16:16:56] /i 2160
[06/07/2009 16:16:56] /i 2160
[06/07/2009 16:16:58] /i 2160
[06/07/2009 16:16:58] /i 2160
[06/07/2009 16:16:59] /i 2160
[06/07/2009 16:16:59] /i 2160
[06/07/2009 16:16:59] /i 2160
[06/07/2009 16:17:00] /i 2160
[06/07/2009 16:17:01] /i 2160
[06/07/2009 16:17:01] /i 2160
[06/07/2009 16:17:01] /i 2160
[06/07/2009 16:17:01] /i 2160
[06/07/2009 16:17:01] /i 2160
[06/07/2009 16:17:01] /i 2160
[06/07/2009 16:17:01] /i 2160
[06/07/2009 16:17:01] /i 2160
[06/07/2009 16:17:02] /i 2160
[06/07/2009 16:17:02] /i 2160
[06/07/2009 16:17:02] /i 2160
[06/07/2009 16:17:02] /i 2160
[06/07/2009 16:17:02] /i 2160
[06/07/2009 16:17:02] /i 2160
[06/07/2009 16:17:02] /i 2160
[06/07/2009 16:17:02] /i 2160
[06/07/2009 16:17:03] /i 2160
[06/07/2009 16:17:04] /i 2160
[06/07/2009 16:17:04] /i 2160
[06/07/2009 16:17:05] /i 2160
[06/07/2009 16:17:18] /i 2160
[06/07/2009 16:17:18] /i 2160
[06/07/2009 16:17:19] /i 2160
[06/07/2009 16:17:19] /i 2160
[06/07/2009 16:17:19] /i 2160
[06/07/2009 16:17:20] /i 2160
[06/07/2009 16:17:20] /i 2160
[06/07/2009 16:17:20] /i 2160
[06/07/2009 16:17:20] /i 2160
[06/07/2009 16:17:21] /i 2160
[06/07/2009 16:17:21] /i 2160
[06/07/2009 16:17:21] /i 2160
[06/07/2009 16:17:22] /i 2160
[06/07/2009 16:17:22] /i 2160
[06/07/2009 16:17:22] /i 2160
[06/07/2009 16:17:22] /i 2160
[06/07/2009 16:17:23] /i 2160
[06/07/2009 16:17:23] /i 2160
[06/07/2009 16:17:23] /i 2160
[06/07/2009 16:17:23] /i 2160
[06/07/2009 16:17:23] /i 2160
[06/07/2009 16:17:23] /i 2160
[06/07/2009 16:17:23] /i 2160
[06/07/2009 16:17:24] /i 2160
[06/07/2009 16:17:24] /i 2160
[06/07/2009 16:17:24] /i 2160
[06/07/2009 16:17:24] /i 2160
[06/07/2009 16:17:24] /i 2160
[06/07/2009 16:17:24] /i 2160
[06/07/2009 16:17:24] /i 2160
[06/07/2009 16:17:24] /i 2160
[06/07/2009 16:17:24] /i 2160
[06/07/2009 16:17:24] /i 2160
[06/07/2009 16:17:24] /i 2160
[06/07/2009 16:17:24] /i 2160
[06/07/2009 16:17:24] /i 2160
[06/07/2009 16:17:24] /i 2160
[06/07/2009 16:17:24] /i 2160
[06/07/2009 16:17:24] /i 2160
[06/07/2009 16:17:24] /i 2160
[06/07/2009 16:17:24] /i 2160
[06/07/2009 16:17:24] /i 2160
[06/07/2009 16:17:24] /i 2160
[06/07/2009 16:17:24] /i 2160
[06/07/2009 16:17:24] /i 2160
[06/07/2009 16:17:24] /i 2160
[06/07/2009 16:17:24] /i 2160
[06/07/2009 16:17:24] /i 2160
[06/07/2009 16:17:25] /i 2160
[06/07/2009 16:17:25] /i 2160
[06/07/2009 16:17:25] /i 2160
[06/07/2009 16:17:25] /i 2160
[06/07/2009 16:17:25] /i 2160
[06/07/2009 16:17:25] /i 2160
[06/07/2009 16:17:25] /i 2160
[06/07/2009 16:17:25] /i 2160
[06/07/2009 16:17:25] /i 2160
[06/07/2009 16:17:25] /i 2160
[06/07/2009 16:17:25] /i 2160
[06/07/2009 16:17:25] /i 2160
[06/07/2009 16:17:25] /i 2160
[06/07/2009 16:17:25] /i 2160
[06/07/2009 16:17:25] /i 2160
[06/07/2009 16:17:25] /i 2160
[06/07/2009 16:17:25] /i 2160
[06/07/2009 16:17:25] /i 2160
[06/07/2009 16:17:25] /i 2160
[06/07/2009 16:17:25] /i 2160
[06/07/2009 16:17:25] /i 2160
[06/07/2009 16:17:25] /i 2160
[06/07/2009 16:17:25] /i 2160
[06/07/2009 16:17:25] /i 2160
[06/07/2009 16:17:25] /i 2160
[06/07/2009 16:17:26] /i 2160
[06/07/2009 16:17:26] /i 2160
[06/07/2009 16:17:26] /i 2160
[06/07/2009 16:17:26] /i 2160
[06/07/2009 16:17:26] /i 2160
[06/07/2009 16:17:26] /i 2160
[06/07/2009 16:17:26] /i 2160
[06/07/2009 16:17:26] /i 2160
[06/07/2009 16:17:26] /i 2160
[06/07/2009 16:17:26] /i 2160
[06/07/2009 16:17:26] /i 2160
[06/07/2009 16:17:26] /i 2160
[06/07/2009 16:17:26] /i 2160
[06/07/2009 16:17:26] /i 2160
[06/07/2009 16:17:26] /i 2160
[06/07/2009 16:17:26] /i 2160
[06/07/2009 16:17:35] /i 2160
[06/07/2009 16:17:36] /i 2160
[06/07/2009 16:17:37] /i 2160
[06/07/2009 16:17:37] /i 2160
[06/07/2009 16:17:37] /i 2160
[06/07/2009 16:17:37] /i 2160
[06/07/2009 16:17:37] /i 2160
[06/07/2009 16:17:37] /i 2160
[06/07/2009 16:17:37] /i 2160
[06/07/2009 16:17:37] /i 2160
[06/07/2009 16:17:37] /i 2160
[06/07/2009 16:17:37] /i 2160
[06/07/2009 16:17:37] /i 2160
[06/07/2009 16:17:37] /i 2160
[06/07/2009 16:17:37] /i 2160
[06/07/2009 16:17:37] /i 2160
[06/07/2009 16:17:37] /i 2160
[06/07/2009 16:17:37] /i 2160
[06/07/2009 16:17:37] /i 2160
[06/07/2009 16:17:37] /i 2160
[06/07/2009 16:17:37] /i 2160
[06/07/2009 16:17:37] /i 2160
[06/07/2009 16:17:37] /i 2160
[06/07/2009 16:17:38] /i 2160
[06/07/2009 16:17:38] /i 2160
[06/07/2009 16:17:38] /i 2160
[06/07/2009 16:17:38] /i 2160
[06/07/2009 16:17:38] /i 2160
[06/07/2009 16:17:38] /i 2160
[06/07/2009 16:17:40] /r
[06/07/2009 16:17:40] /r
[06/07/2009 16:17:40] /r
[06/07/2009 16:17:40] /r
[06/07/2009 16:17:40] /r
[06/07/2009 16:17:40] /r
[06/07/2009 16:17:40] /r
[06/07/2009 16:17:40] /r
[06/07/2009 16:17:40] /r
[06/07/2009 16:17:41] /r
[06/07/2009 16:17:41] /r
[06/07/2009 16:17:41] /r
[06/07/2009 16:17:41] /r
[06/07/2009 16:17:41] /r
[06/07/2009 16:17:41] /r
[06/07/2009 16:17:41] /r
[06/07/2009 16:17:41] /r
[06/07/2009 16:17:41] /r
[06/07/2009 16:17:41] /r
[06/07/2009 16:17:41] /r
[06/07/2009 16:17:41] /r
[06/07/2009 16:17:41] /r
[06/07/2009 16:17:41] /r
[06/07/2009 16:17:41] /r
[06/07/2009 16:17:41] /r
[06/07/2009 16:17:41] /r
[06/07/2009 16:17:41] /r
[06/07/2009 16:17:41] /r
[06/07/2009 16:17:41] /r
[06/07/2009 16:17:41] /r
[06/07/2009 16:17:41] /r
[06/07/2009 16:17:41] /r
[06/07/2009 16:17:41] /r
[06/07/2009 16:17:41] /r
[06/07/2009 16:17:41] /r
[06/07/2009 16:17:41] /r
[06/07/2009 16:17:41] /r
[06/07/2009 16:17:41] /r
[06/07/2009 16:17:42] /r
[06/07/2009 16:17:42] /r
[06/07/2009 16:17:42] /r
[06/07/2009 16:17:42] /r
[06/07/2009 16:17:42] /r
[06/07/2009 16:17:42] /r
[06/07/2009 16:17:42] /r
[06/07/2009 16:17:42] /r
[06/07/2009 16:17:42] /r
[06/07/2009 16:17:42] /r
[06/07/2009 16:17:42] /r
[06/07/2009 16:17:42] /r
[06/07/2009 16:17:42] /r
[06/07/2009 16:17:42] /r
[06/07/2009 16:17:42] /r
[06/07/2009 16:17:42] /r
[06/07/2009 16:17:42] /r
[06/07/2009 16:17:42] /r
[06/07/2009 16:17:42] /r
[06/07/2009 16:17:42] /r
[06/07/2009 16:17:42] /r
[06/07/2009 16:17:42] /r
[06/07/2009 16:17:42] /r
[06/07/2009 16:17:42] /r
[06/07/2009 16:17:42] /r
[06/07/2009 16:17:42] /r
[06/07/2009 16:17:42] /r
[06/07/2009 16:17:42] /r
[06/07/2009 16:17:42] /r
[06/07/2009 16:17:43] /r
[06/07/2009 16:17:43] /r
[06/07/2009 16:17:43] /r
[06/07/2009 16:17:43] /r
[06/07/2009 16:17:43] /r
[06/07/2009 16:17:43] /r
[06/07/2009 16:17:43] /r
[06/07/2009 16:17:43] /r
[06/07/2009 16:17:43] /r
[06/07/2009 16:17:43] /r
[06/07/2009 16:17:43] /r
[06/07/2009 16:17:43] /r
[06/07/2009 16:17:43] /r
[06/07/2009 16:17:43] /r
[06/07/2009 16:17:43] /r
[06/07/2009 16:17:43] /r
[06/07/2009 16:17:43] /r
[06/07/2009 16:17:43] /r
[06/07/2009 16:17:43] /r
[06/07/2009 16:17:43] /r
[06/07/2009 16:17:43] /r
[06/07/2009 16:17:43] /r
[06/07/2009 16:17:43] /r
[06/07/2009 16:17:43] /r
[06/07/2009 16:17:43] /r
[06/07/2009 16:17:43] /r
[06/07/2009 16:17:43] /r
[06/07/2009 16:17:43] /r
[06/07/2009 16:17:44] /r
[06/07/2009 16:17:44] /r
[06/07/2009 16:17:44] /r
[06/07/2009 16:17:44] /r
[06/07/2009 16:17:44] /r
[06/07/2009 16:17:44] /r
[06/07/2009 16:17:44] /r
[06/07/2009 16:17:44] /r
[06/07/2009 16:17:44] /r
[06/07/2009 16:17:44] /r
[06/07/2009 16:17:44] /r
[06/07/2009 16:17:44] /r
[06/07/2009 16:17:44] /r
[06/07/2009 16:17:44] /r
[06/07/2009 16:17:44] /r
[06/07/2009 16:17:44] /r
[06/07/2009 16:17:44] /r
[06/07/2009 16:17:44] /r
[06/07/2009 16:17:44] /r
[06/07/2009 16:17:44] /r
[06/07/2009 16:17:44] /r
[06/07/2009 16:17:44] /r
[06/07/2009 16:17:44] /r
[06/07/2009 16:17:44] /r
[06/07/2009 16:17:44] /r
[06/07/2009 16:17:44] /r
[06/07/2009 16:17:44] /r
[06/07/2009 16:17:44] /r
[06/07/2009 16:17:45] /r
[06/07/2009 16:17:45] /r
[06/07/2009 16:17:45] /r
[06/07/2009 16:17:45] /r
[06/07/2009 16:17:45] /r
[06/07/2009 16:17:45] /r
[06/07/2009 16:17:45] /r
[06/07/2009 16:17:45] /r
[06/07/2009 16:17:45] /r
[06/07/2009 16:17:45] /r
[06/07/2009 16:17:45] /r
[06/07/2009 16:17:45] /r
[06/07/2009 16:17:45] /r
[06/07/2009 16:17:45] /r
[06/07/2009 16:17:45] /r
[06/07/2009 16:17:45] /r
[06/07/2009 16:17:45] /r
[06/07/2009 16:17:45] /r
[06/07/2009 16:17:45] /r
[06/07/2009 16:17:45] /r
[06/07/2009 16:17:45] /r
[06/07/2009 16:17:45] /r
[06/07/2009 16:17:45] /r
[06/07/2009 16:17:45] /r
[06/07/2009 16:17:45] /r
[06/07/2009 16:17:45] /r
[06/07/2009 16:17:45] /r
[06/07/2009 16:17:46] /r
[06/07/2009 16:17:46] /r
[06/07/2009 16:17:46] /r
[06/07/2009 16:17:46] /r
[06/07/2009 16:17:46] /r
[06/07/2009 16:17:46] /r
[06/07/2009 16:17:46] /r
[06/07/2009 16:17:46] /r
[06/07/2009 16:17:46] /r
[06/07/2009 16:17:46] /r
[06/07/2009 16:17:46] /r
[06/07/2009 16:17:46] /r
[06/07/2009 16:17:46] /r
[06/07/2009 16:17:46] /r
[06/07/2009 16:17:46] /r
[06/07/2009 16:17:46] /r
[06/07/2009 16:17:46] /r
[06/07/2009 16:17:46] /r
[06/07/2009 16:17:46] /r
[06/07/2009 16:17:46] /r
[06/07/2009 16:17:46] /r
[06/07/2009 16:17:46] /r
[06/07/2009 16:17:46] /r
[06/07/2009 16:17:46] /r
[06/07/2009 16:17:46] /r
[06/07/2009 16:17:46] /r
[06/07/2009 16:17:46] /r
[06/07/2009 16:17:46] /r
[06/07/2009 16:17:46] /r
[06/07/2009 16:17:46] /r
[06/07/2009 16:17:47] /r
[06/07/2009 16:17:47] /r
[06/07/2009 16:17:47] /r
[06/07/2009 16:17:47] /r
[06/07/2009 16:17:47] /r
[06/07/2009 16:17:47] /r
[06/07/2009 16:17:47] /r
[06/07/2009 16:17:47] /r
[06/07/2009 16:17:47] /r
[06/07/2009 16:17:47] /r
[06/07/2009 16:17:47] /r
[06/07/2009 16:17:47] /r
[06/07/2009 16:17:47] /r
[06/07/2009 16:17:47] /r
[06/07/2009 16:17:47] /r
[06/07/2009 16:17:47] /r
[06/07/2009 16:17:47] /r
[06/07/2009 16:17:47] /r
[06/07/2009 16:17:47] /r
[06/07/2009 16:17:47] /r
[06/07/2009 16:17:47] /r
[06/07/2009 16:17:47] /r
[06/07/2009 16:17:47] /r
[06/07/2009 16:17:47] /r
[06/07/2009 16:17:47] /r
[06/07/2009 16:17:47] /r
[06/07/2009 16:17:47] /r
[06/07/2009 16:17:47] /r
[06/07/2009 16:17:48] /r
[06/07/2009 16:17:48] /r
[06/07/2009 16:17:48] /r
[06/07/2009 16:17:48] /r
[06/07/2009 16:17:48] /r
[06/07/2009 16:17:48] /r
[06/07/2009 16:17:48] /r
[06/07/2009 16:17:48] /r
[06/07/2009 16:17:48] /r
[06/07/2009 16:17:48] /r
[06/07/2009 16:17:48] /r
[06/07/2009 16:17:48] /r
[06/07/2009 16:17:48] /r
[06/07/2009 16:17:48] /r
[06/07/2009 16:17:48] /r
[06/07/2009 16:17:48] /r
[06/07/2009 16:17:48] /r
[06/07/2009 16:17:48] /r
[06/07/2009 16:17:48] /r
[06/07/2009 16:17:48] /r
[06/07/2009 16:17:48] /r
[06/07/2009 16:17:48] /r
[06/07/2009 16:17:48] /r
[06/07/2009 16:17:48] /r
[06/07/2009 16:17:48] /r
[06/07/2009 16:17:48] /r
[06/07/2009 16:17:48] /r
[06/07/2009 16:17:48] /r
[06/07/2009 16:17:49] /r
[06/07/2009 16:17:49] /r
[06/07/2009 16:17:49] /r
[06/07/2009 16:17:49] /r
[06/07/2009 16:17:49] /r
[06/07/2009 16:17:49] /r
[06/07/2009 16:17:49] /r
[06/07/2009 16:17:49] /r
[06/07/2009 16:17:49] /r
[06/07/2009 16:17:49] /r
[06/07/2009 16:17:49] /r
[06/07/2009 16:17:49] /r
[06/07/2009 16:17:49] /r
[06/07/2009 16:17:49] /r
[06/07/2009 16:17:49] /r
[06/07/2009 16:17:49] /r
[06/07/2009 16:17:49] /r
[06/07/2009 16:17:49] /r
[06/07/2009 16:17:49] /r
[06/07/2009 16:17:49] /r
[06/07/2009 16:17:49] /r
[06/07/2009 16:17:49] /r
[06/07/2009 16:17:49] /r
[06/07/2009 16:17:49] /r
[06/07/2009 16:17:49] /r
[06/07/2009 16:17:49] /r
[06/07/2009 16:17:49] /r
[06/07/2009 16:17:49] /r
[06/07/2009 16:17:49] /r
[06/07/2009 16:17:50] /r
[06/07/2009 16:17:50] /r
[06/07/2009 16:17:50] /r
[06/07/2009 16:17:50] /r
[06/07/2009 16:17:50] /r
[06/07/2009 16:17:50] /r
[06/07/2009 16:17:50] /r
[06/07/2009 16:17:50] /r
[06/07/2009 16:17:50] /r
[06/07/2009 16:17:50] /r
[06/07/2009 16:17:50] /r
[06/07/2009 16:17:50] /r
[06/07/2009 16:17:50] /r
[06/07/2009 16:17:50] /r
[06/07/2009 16:17:50] /r
[06/07/2009 16:17:50] /r
[06/07/2009 16:17:50] /r
[06/07/2009 16:17:50] /r
[06/07/2009 16:17:50] /r
[06/07/2009 16:17:50] /r
[06/07/2009 16:17:50] /r
[06/07/2009 16:17:50] /r
[06/07/2009 16:17:50] /r
[06/07/2009 16:17:50] /r
[06/07/2009 16:17:50] /r
[06/07/2009 16:17:50] /r
[06/07/2009 16:17:50] /r
[06/07/2009 16:17:50] /r
[06/07/2009 16:17:51] /r
[06/07/2009 16:17:51] /r
[06/07/2009 16:17:51] /r
[06/07/2009 16:17:51] /r
[06/07/2009 16:17:51] /r
[06/07/2009 16:17:51] /r
[06/07/2009 16:17:51] /r
[06/07/2009 16:17:51] /r
[06/07/2009 16:17:51] /r
[06/07/2009 16:17:51] /r
[06/07/2009 16:17:51] /r
[06/07/2009 16:17:51] /r
[06/07/2009 16:17:51] /r
[06/07/2009 16:17:51] /r
[06/07/2009 16:17:51] /r
[06/07/2009 16:17:51] /r
[06/07/2009 16:17:51] /r
[06/07/2009 16:17:51] /r
[06/07/2009 16:17:51] /r
[06/07/2009 16:17:51] /r
[06/07/2009 16:17:51] /r
[06/07/2009 16:17:51] /r
[06/07/2009 16:17:51] /r
[06/07/2009 16:17:51] /r
[06/07/2009 16:17:51] /r
[06/07/2009 16:17:51] /r
[06/07/2009 16:17:52] /r
[06/07/2009 16:17:52] /r
[06/07/2009 16:17:52] /r
[06/07/2009 16:17:52] /r
[06/07/2009 16:17:52] /r
[06/07/2009 16:17:52] /r
[06/07/2009 16:17:52] /r
[06/07/2009 16:17:52] /r
[06/07/2009 16:17:52] /r
[06/07/2009 16:17:52] /r
[06/07/2009 16:17:52] /r
[06/07/2009 16:17:52] /r
[06/07/2009 16:17:52] /r
[06/07/2009 16:17:52] /r
[06/07/2009 16:17:52] /r
[06/07/2009 16:17:52] /r
[06/07/2009 16:17:52] /r
[06/07/2009 16:17:52] /r
[06/07/2009 16:17:52] /r
[06/07/2009 16:17:52] /r
[06/07/2009 16:17:52] /r
[06/07/2009 16:17:52] /r
[06/07/2009 16:17:52] /r
[06/07/2009 16:17:52] /r
[06/07/2009 16:17:52] /r
[06/07/2009 16:17:52] /r
[06/07/2009 16:17:52] /r
[06/07/2009 16:17:52] /r
[06/07/2009 16:17:52] /r
[06/07/2009 16:17:53] /r
[06/07/2009 16:17:53] /r
[06/07/2009 16:17:53] /r
[06/07/2009 16:17:53] /r
[06/07/2009 16:17:53] /r
[06/07/2009 16:17:53] /r
[06/07/2009 16:17:53] /r
[06/07/2009 16:17:53] /r
[06/07/2009 16:17:53] /r
[06/07/2009 16:17:53] /r
[06/07/2009 16:17:53] /r
[06/07/2009 16:17:53] /r
[06/07/2009 16:17:53] /r
[06/07/2009 16:17:53] /r
[06/07/2009 16:17:53] /r
[06/07/2009 16:17:53] /r
[06/07/2009 16:17:53] /r
[06/07/2009 16:17:53] /r
[06/07/2009 16:17:53] /r
[06/07/2009 16:17:53] /r
[06/07/2009 16:17:53] /r
[06/07/2009 16:17:53] /r
[06/07/2009 16:17:53] /r
[06/07/2009 16:17:53] /r
[06/07/2009 16:17:53] /r
[06/07/2009 16:17:53] /r
[06/07/2009 16:17:53] /r
[06/07/2009 16:17:53] /r
[06/07/2009 16:17:54] /r
[06/07/2009 16:17:54] /r
[06/07/2009 16:17:54] /r
[06/07/2009 16:17:54] /r
[06/07/2009 16:17:54] /r
[06/07/2009 16:17:54] /r
[06/07/2009 16:17:54] /r
[06/07/2009 16:17:54] /r
[06/07/2009 16:17:54] /r
[06/07/2009 16:17:54] /r
[06/07/2009 16:17:54] /r
[06/07/2009 16:17:54] /r
[06/07/2009 16:17:54] /r
[06/07/2009 16:17:54] /r
[06/07/2009 16:17:54] /r
[06/07/2009 16:17:54] /r
[06/07/2009 16:17:54] /r
[06/07/2009 16:17:54] /r
[06/07/2009 16:17:54] /r
[06/07/2009 16:17:54] /r
[06/07/2009 16:17:54] /r
[06/07/2009 16:17:54] /r
[06/07/2009 16:17:54] /r
[06/07/2009 16:17:54] /r
[06/07/2009 16:17:54] /r
[06/07/2009 16:17:54] /r
[06/07/2009 16:17:54] /r
[06/07/2009 16:17:54] /r
[06/07/2009 16:17:55] /r
[06/07/2009 16:17:55] /r
[06/07/2009 16:17:55] /r
[06/07/2009 16:17:55] /r
[06/07/2009 16:17:55] /r
[06/07/2009 16:17:55] /r
[06/07/2009 16:17:55] /r
[06/07/2009 16:17:55] /r
[06/07/2009 16:17:55] /r
[06/07/2009 16:17:55] /r
[06/07/2009 16:17:55] /r
[06/07/2009 16:17:55] /r
[06/07/2009 16:17:55] /r
[06/07/2009 16:17:55] /r
[06/07/2009 16:17:55] /r
[06/07/2009 16:17:55] /r
[06/07/2009 16:17:55] /r
[06/07/2009 16:17:55] /r
[06/07/2009 16:17:55] /r
[06/07/2009 16:17:55] /r
[06/07/2009 16:17:55] /r
[06/07/2009 16:17:55] /r
[06/07/2009 16:17:55] /r
[06/07/2009 16:17:55] /r
[06/07/2009 16:17:55] /r
[06/07/2009 16:17:55] /r
[06/07/2009 16:17:55] /r
[06/07/2009 16:17:55] /r
[06/07/2009 16:17:55] /r
[06/07/2009 16:17:56] /r
[06/07/2009 16:17:56] /r
[06/07/2009 16:17:56] /r
[06/07/2009 16:17:56] /r
[06/07/2009 16:17:56] /r
[06/07/2009 16:17:56] /r
[06/07/2009 16:17:56] /r
[06/07/2009 16:17:56] /r
[06/07/2009 16:17:56] /r
[06/07/2009 16:17:56] /r
[06/07/2009 16:17:56] /r
[06/07/2009 16:17:56] /r
[06/07/2009 16:17:56] /r
[06/07/2009 16:17:56] /r
[06/07/2009 16:17:56] /r
[06/07/2009 16:17:56] /r
[06/07/2009 16:17:56] /r
[06/07/2009 16:17:56] /r
[06/07/2009 16:17:56] /r
[06/07/2009 16:17:56] /r
[06/07/2009 16:17:56] /r
[06/07/2009 16:17:56] /r
[06/07/2009 16:17:56] /r
[06/07/2009 16:17:56] /r
[06/07/2009 16:17:56] /r
[06/07/2009 16:17:56] /r
[06/07/2009 16:17:56] /r
[06/07/2009 16:17:56] /r
[06/07/2009 16:17:56] /r
[06/07/2009 16:17:57] /r
[06/07/2009 16:17:57] /r
[06/07/2009 16:17:57] /r
[06/07/2009 16:17:57] /r
[06/07/2009 16:17:57] /r
[06/07/2009 16:17:57] /r
[06/07/2009 16:17:57] /r
[06/07/2009 16:17:57] /r
[06/07/2009 16:17:57] /r
[06/07/2009 16:17:57] /r
[06/07/2009 16:17:57] /r
[06/07/2009 16:17:57] /r
[06/07/2009 16:17:57] /r
[06/07/2009 16:17:57] /r
[06/07/2009 16:17:57] /r
[06/07/2009 16:17:57] /r
[06/07/2009 16:17:57] /r
[06/07/2009 16:17:57] /r
[06/07/2009 16:17:57] /r
[06/07/2009 16:17:57] /r
[06/07/2009 16:17:57] /r
[06/07/2009 16:17:57] /r
[06/07/2009 16:17:57] /r
[06/07/2009 16:17:57] /r
[06/07/2009 16:17:57] /r
[06/07/2009 16:17:57] /r
[06/07/2009 16:17:57] /r
[06/07/2009 16:17:57] /r
[06/07/2009 16:17:58] /r
[06/07/2009 16:17:58] /r
[06/07/2009 16:17:58] /r
[06/07/2009 16:17:58] /r
[06/07/2009 16:17:58] /r
[06/07/2009 16:17:58] /r
[06/07/2009 16:17:58] /r
[06/07/2009 16:17:58] /r
[06/07/2009 16:17:58] /r
[06/07/2009 16:17:58] /r
[06/07/2009 16:17:58] /r
[06/07/2009 16:17:58] /r
[06/07/2009 16:17:58] /r
[06/07/2009 16:17:58] /r
[06/07/2009 16:17:58] /r
[06/07/2009 16:17:58] /r
[06/07/2009 16:17:58] /r
[06/07/2009 16:17:58] /r
[06/07/2009 16:17:58] /r
[06/07/2009 16:17:58] /r
[06/07/2009 16:17:58] /r
[06/07/2009 16:17:58] /r
[06/07/2009 16:17:58] /r
[06/07/2009 16:17:58] /r
[06/07/2009 16:17:58] /r
[06/07/2009 16:17:58] /r
[06/07/2009 16:17:58] /r
[06/07/2009 16:17:58] /r
[06/07/2009 16:17:59] /r
[06/07/2009 16:17:59] /r
[06/07/2009 16:17:59] /r
[06/07/2009 16:17:59] /r
[06/07/2009 16:17:59] /r
[06/07/2009 16:17:59] /r
[06/07/2009 16:17:59] /r
[06/07/2009 16:17:59] /r
[06/07/2009 16:17:59] /r
[06/07/2009 16:17:59] /r
[06/07/2009 16:17:59] /r
[06/07/2009 16:17:59] /r
[06/07/2009 16:17:59] /r
[06/07/2009 16:17:59] /r
[06/07/2009 16:17:59] /r
[06/07/2009 16:17:59] /r
[06/07/2009 16:17:59] /r
[06/07/2009 16:17:59] /r
[06/07/2009 16:17:59] /r
[06/07/2009 16:17:59] /r
[06/07/2009 16:17:59] /r
[06/07/2009 16:17:59] /r
[06/07/2009 16:17:59] /r
[06/07/2009 16:17:59] /r
[06/07/2009 16:17:59] /r
[06/07/2009 16:17:59] /r
[06/07/2009 16:17:59] /r
[06/07/2009 16:17:59] /r
[06/07/2009 16:17:59] /r
[06/07/2009 16:18:00] /r
[06/07/2009 16:18:00] /r
[06/07/2009 16:18:00] /r
[06/07/2009 16:18:00] /r
[06/07/2009 16:18:00] /r
[06/07/2009 16:18:00] /r
[06/07/2009 16:18:00] /r
[06/07/2009 16:18:00] /r
[06/07/2009 16:18:00] /r
[06/07/2009 16:18:00] /r
[06/07/2009 16:18:00] /r
[06/07/2009 16:18:00] /r
[06/07/2009 16:18:00] /r
[06/07/2009 16:18:00] /r
[06/07/2009 16:18:00] /r
[06/07/2009 16:18:00] /r
[06/07/2009 16:18:00] /r
[06/07/2009 16:18:00] /r
[06/07/2009 16:18:00] /r
[06/07/2009 16:18:00] /r
[06/07/2009 16:18:00] /r
[06/07/2009 16:18:00] /r
[06/07/2009 16:18:00] /r
[06/07/2009 16:18:00] /r
[06/07/2009 16:18:00] /r
[06/07/2009 16:18:00] /r
[06/07/2009 16:18:00] /r
[06/07/2009 16:18:00] /r
[06/07/2009 16:18:01] /r
[06/07/2009 16:18:01] /r
[06/07/2009 16:18:01] /r
[06/07/2009 16:18:01] /r
[06/07/2009 16:18:01] /r
[06/07/2009 16:18:01] /r
[06/07/2009 16:18:01] /r
[06/07/2009 16:18:01] /r
[06/07/2009 16:18:01] /r
[06/07/2009 16:18:01] /r
[06/07/2009 16:18:01] /r
[06/07/2009 16:18:01] /r
[06/07/2009 16:18:01] /r
[06/07/2009 16:18:01] /r
[06/07/2009 16:18:01] /r
[06/07/2009 16:18:01] /r
[06/07/2009 16:18:01] /r
[06/07/2009 16:18:01] /r
[06/07/2009 16:18:01] /r
[06/07/2009 16:18:01] /r
[06/07/2009 16:18:01] /r
[06/07/2009 16:18:01] /r
[06/07/2009 16:18:01] /r
[06/07/2009 16:18:01] /r
[06/07/2009 16:18:01] /r
[06/07/2009 16:18:01] /r
[06/07/2009 16:18:01] /r
[06/07/2009 16:18:01] /r
[06/07/2009 16:18:02] /r
[06/07/2009 16:18:02] /r
[06/07/2009 16:18:02] /r
[06/07/2009 16:18:02] /r
[06/07/2009 16:18:02] /r
[06/07/2009 16:18:02] /r
[06/07/2009 16:18:02] /r
[06/07/2009 16:18:02] /r
[06/07/2009 16:18:02] /r
[06/07/2009 16:18:02] /r
[06/07/2009 16:18:02] /r
[06/07/2009 16:18:02] /r
[06/07/2009 16:18:02] /r
[06/07/2009 16:18:02] /r
[06/07/2009 16:18:02] /r
[06/07/2009 16:18:02] /r
[06/07/2009 16:18:02] /r
[06/07/2009 16:18:02] /r
[06/07/2009 16:18:02] /r
[06/07/2009 16:18:02] /r
[06/07/2009 16:18:02] /r
[06/07/2009 16:18:02] /r
[06/07/2009 16:18:02] /r
[06/07/2009 16:18:02] /r
[06/07/2009 16:18:02] /r
[06/07/2009 16:18:02] /r
[06/07/2009 16:18:02] /r
[06/07/2009 16:18:02] /r
[06/07/2009 16:18:02] /r
[06/07/2009 16:18:03] /r
[06/07/2009 16:18:03] /r
[06/07/2009 16:18:03] /r
[06/07/2009 16:18:03] /r
[06/07/2009 16:18:03] /r
[06/07/2009 16:18:03] /r
[06/07/2009 16:18:03] /r
[06/07/2009 16:18:03] /r
[06/07/2009 16:18:03] /r
[06/07/2009 16:18:03] /r
[06/07/2009 16:18:03] /r
[06/07/2009 16:18:03] /r
[06/07/2009 16:18:03] /r
[06/07/2009 16:18:03] /r
[06/07/2009 16:18:03] /r
[06/07/2009 16:18:03] /r
[06/07/2009 16:18:03] /r
[06/07/2009 16:18:03] /r
[06/07/2009 16:18:03] /r
[06/07/2009 16:18:03] /r
[06/07/2009 16:18:03] /r
[06/07/2009 16:18:03] /r
[06/07/2009 16:18:03] /r
[06/07/2009 16:18:03] /r
[06/07/2009 16:18:03] /r
[06/07/2009 16:18:03] /r
[06/07/2009 16:18:03] /r
[06/07/2009 16:18:03] /r
[06/07/2009 16:18:03] /r
[06/07/2009 16:18:04] /r
[06/07/2009 16:18:04] /r
[06/07/2009 16:18:04] /r
[06/07/2009 16:18:04] /r
[06/07/2009 16:18:04] /r
[06/07/2009 16:18:04] /r
[06/07/2009 16:18:04] /r
[06/07/2009 16:18:04] /r
[06/07/2009 16:18:04] /r
[06/07/2009 16:18:04] /r
[06/07/2009 16:18:04] /r
[06/07/2009 16:18:04] /r
[06/07/2009 16:18:04] /r
[06/07/2009 16:18:04] /r
[06/07/2009 16:18:04] /r
[06/07/2009 16:18:04] /r
[06/07/2009 16:18:04] /r
[06/07/2009 16:18:04] /r
[06/07/2009 16:18:04] /r
[06/07/2009 16:18:04] /r
[06/07/2009 16:18:04] /r
[06/07/2009 16:18:04] /r
[06/07/2009 16:18:04] /r
[06/07/2009 16:18:04] /r
[06/07/2009 16:18:04] /r
[06/07/2009 16:18:04] /r
[06/07/2009 16:18:04] /r
[06/07/2009 16:18:04] /r
[06/07/2009 16:18:05] /r
[06/07/2009 16:18:05] /r
[06/07/2009 16:18:05] /r
[06/07/2009 16:18:05] /r
[06/07/2009 16:18:05] /r
[06/07/2009 16:18:05] /r
[06/07/2009 16:18:05] /r
[06/07/2009 16:18:05] /r
[06/07/2009 16:18:05] /r
[06/07/2009 16:18:05] /r
[06/07/2009 16:18:05] /r
[06/07/2009 16:18:05] /r
[06/07/2009 16:18:05] /r
[06/07/2009 16:18:05] /r
[06/07/2009 16:18:05] /r
[06/07/2009 16:18:05] /r
[06/07/2009 16:18:05] /r
[06/07/2009 16:18:05] /r
[06/07/2009 16:18:05] /r
[06/07/2009 16:18:05] /r
[06/07/2009 16:18:05] /r
[06/07/2009 16:18:05] /r
[06/07/2009 16:18:05] /r
[06/07/2009 16:18:05] /r
[06/07/2009 16:18:05] /r
[06/07/2009 16:18:05] /r
[06/07/2009 16:18:05] /r
[06/07/2009 16:18:06] /r
[06/07/2009 16:18:06] /r
[06/07/2009 16:18:06] /r
[06/07/2009 16:18:06] /r
[06/07/2009 16:18:06] /r
[06/07/2009 16:18:06] /r
[06/07/2009 16:18:06] /r
[06/07/2009 16:18:06] /r
[06/07/2009 16:18:06] /r
[06/07/2009 16:18:06] /r
[06/07/2009 16:18:06] /r
[06/07/2009 16:18:06] /r
[06/07/2009 16:18:06] /r
[06/07/2009 16:18:06] /r
[06/07/2009 16:18:06] /r
[06/07/2009 16:18:06] /r
[06/07/2009 16:18:06] /r
[06/07/2009 16:18:06] /r
[06/07/2009 16:18:06] /r
[06/07/2009 16:18:06] /r
[06/07/2009 16:18:06] /r
[06/07/2009 16:18:06] /r
[06/07/2009 16:18:06] /r
[06/07/2009 16:18:06] /r
[06/07/2009 16:18:06] /r
[06/07/2009 16:18:06] /r
[06/07/2009 16:18:06] /r
[06/07/2009 16:18:06] /r
[06/07/2009 16:18:06] /r
[06/07/2009 16:18:07] /r
[06/07/2009 16:18:07] /r
[06/07/2009 16:18:07] /r
[06/07/2009 16:18:07] /r
[06/07/2009 16:18:07] /r
[06/07/2009 16:18:07] /r
[06/07/2009 16:18:07] /r
[06/07/2009 16:18:07] /r
[06/07/2009 16:18:07] /r
[06/07/2009 16:18:07] /r
[06/07/2009 16:18:07] /r
[06/07/2009 16:18:07] /r
[06/07/2009 16:18:07] /r
[06/07/2009 16:18:07] /r
[06/07/2009 16:18:07] /r
[06/07/2009 16:18:07] /r
[06/07/2009 16:18:07] /r
[06/07/2009 16:18:07] /r
[06/07/2009 16:18:07] /r
[06/07/2009 16:18:07] /r
[06/07/2009 16:18:07] /r
[06/07/2009 16:18:07] /r
[06/07/2009 16:18:07] /r
[06/07/2009 16:18:07] /r
[06/07/2009 16:18:07] /r
[06/07/2009 16:18:07] /r
[06/07/2009 16:18:07] /r
[06/07/2009 16:18:07] /r
[06/07/2009 16:18:07] /r
[06/07/2009 16:18:08] /r
[06/07/2009 16:18:08] /r
[06/07/2009 16:18:08] /r
[06/07/2009 16:18:08] /r
[06/07/2009 16:18:08] /r
[06/07/2009 16:18:08] /r
[06/07/2009 16:18:08] /r
[06/07/2009 16:18:08] /r
[06/07/2009 16:18:08] /r
[06/07/2009 16:18:08] /r
[06/07/2009 16:18:08] /r
[06/07/2009 16:18:08] /r
[06/07/2009 16:18:08] /r
[06/07/2009 16:18:08] /r
[06/07/2009 16:18:08] /r
[06/07/2009 16:18:08] /r
[06/07/2009 16:18:08] /r
[06/07/2009 16:18:08] /r
[06/07/2009 16:18:08] /r
[06/07/2009 16:18:08] /r
[06/07/2009 16:18:08] /r
[06/07/2009 16:18:08] /r
[06/07/2009 16:18:08] /r
[06/07/2009 16:18:08] /r
[06/07/2009 16:18:08] /r
[06/07/2009 16:18:08] /r
[06/07/2009 16:18:08] /r
[06/07/2009 16:18:09] /r
[06/07/2009 16:18:09] /r
[06/07/2009 16:18:09] /r
[06/07/2009 16:18:09] /r
[06/07/2009 16:18:09] /r
[06/07/2009 16:18:09] /r
[06/07/2009 16:18:09] /r
[06/07/2009 16:18:09] /r
[06/07/2009 16:18:09] /r
[06/07/2009 16:18:09] /r
[06/07/2009 16:18:09] /r
[06/07/2009 16:18:09] /r
[06/07/2009 16:18:09] /r
[06/07/2009 16:18:09] /r
[06/07/2009 16:18:09] /r
[06/07/2009 16:18:09] /r
[06/07/2009 16:18:09] /r
[06/07/2009 16:18:09] /r
[06/07/2009 16:18:09] /r
[06/07/2009 16:18:09] /r
[06/07/2009 16:18:09] /r
[06/07/2009 16:18:09] /r
[06/07/2009 16:18:09] /r
[06/07/2009 16:18:09] /r
[06/07/2009 16:18:09] /r
[06/07/2009 16:18:09] /r
[06/07/2009 16:18:09] /r
[06/07/2009 16:18:09] /r
[06/07/2009 16:18:10] /r
[06/07/2009 16:18:10] /r
[06/07/2009 16:18:10] /r
[06/07/2009 16:18:10] /r
[06/07/2009 16:18:10] /r
[06/07/2009 16:18:10] /r
[06/07/2009 16:18:10] /r
[06/07/2009 16:18:10] /r
[06/07/2009 16:18:10] /r
[06/07/2009 16:18:10] /r
[06/07/2009 16:18:10] /r
[06/07/2009 16:18:10] /r
[06/07/2009 16:18:10] /r
[06/07/2009 16:18:10] /r
[06/07/2009 16:18:10] /r
[06/07/2009 16:18:10] /r
[06/07/2009 16:18:10] /r
[06/07/2009 16:18:10] /r
[06/07/2009 16:18:10] /r
[06/07/2009 16:18:10] /r
[06/07/2009 16:18:10] /r
[06/07/2009 16:18:10] /r
[06/07/2009 16:18:10] /r
[06/07/2009 16:18:10] /r
[06/07/2009 16:18:10] /r
[06/07/2009 16:18:10] /r
[06/07/2009 16:18:10] /r
[06/07/2009 16:18:10] /r
[06/07/2009 16:18:10] /r
[06/07/2009 16:18:11] /r
[06/07/2009 16:18:11] /r
[06/07/2009 16:18:11] /r
[06/07/2009 16:18:11] /r
[06/07/2009 16:18:11] /r
[06/07/2009 16:18:11] /r
[06/07/2009 16:18:11] /r
[06/07/2009 16:18:11] /r
[06/07/2009 16:18:11] /r
[06/07/2009 16:18:11] /r
[06/07/2009 16:18:11] /r
[06/07/2009 16:18:11] /r
[06/07/2009 16:18:11] /r
[06/07/2009 16:18:11] /r
[06/07/2009 16:18:11] /r
[06/07/2009 16:18:11] /r
[06/07/2009 16:18:11] /r
[06/07/2009 16:18:11] /r
[06/07/2009 16:18:11] /r
[06/07/2009 16:18:11] /r
[06/07/2009 16:18:11] /r
[06/07/2009 16:18:11] /r
[06/07/2009 16:18:11] /r
[06/07/2009 16:18:11] /r
[06/07/2009 16:18:11] /r
[06/07/2009 16:18:11] /r
[06/07/2009 16:18:11] /r
[06/07/2009 16:18:11] /r
[06/07/2009 16:18:12] /r
[06/07/2009 16:18:12] /r
[06/07/2009 16:18:12] /r
[06/07/2009 16:18:12] /r
[06/07/2009 16:18:12] /r
[06/07/2009 16:18:12] /r
[06/07/2009 16:18:12] /r
[06/07/2009 16:18:12] /r
[06/07/2009 16:18:12] /r
[06/07/2009 16:18:12] /r
[06/07/2009 16:18:12] /r
[06/07/2009 16:18:12] /r
[06/07/2009 16:18:12] /r
[06/07/2009 16:18:12] /r
[06/07/2009 16:18:12] /r
[06/07/2009 16:18:12] /r
[06/07/2009 16:19:50] /up
[06/07/2009 16:19:51] /up
[06/07/2009 16:19:51] /up
[06/07/2009 16:21:34] /down
[06/07/2009 16:21:34] /down
