[06/03/2015 00:00:58] Mage Ziika has logged out.
[06/03/2015 00:02:38] Jhonnie Walker has logged out.
[06/03/2015 00:02:43] Jhonnie Walker has logged in.
[06/03/2015 00:03:32] Morris has logged out.
[06/03/2015 00:03:34] Morris has logged in.
[06/03/2015 00:03:59] Slc Cachorrera has logged in.
[06/03/2015 00:04:04] Morris has logged out.
[06/03/2015 00:04:06] Morris has logged in.
[06/03/2015 00:04:42] Jhonnie Walker has logged out.
[06/03/2015 00:04:44] Jhonnie Walker has logged in.
[06/03/2015 00:05:14] > Broadcasted message: "Para comprar bless digite !bless".
[06/03/2015 00:05:29] Morris has logged out.
[06/03/2015 00:05:31] Morris has logged in.
[06/03/2015 00:05:47] Nadador Arqueiro has logged out.
[06/03/2015 00:05:58] Morris has logged out.
[06/03/2015 00:06:04] Morris has logged in.
[06/03/2015 00:06:20] Jhonnie Walker has logged out.
[06/03/2015 00:06:22] Jhonnie Walker has logged in.
[06/03/2015 00:09:17] Nadador Arqueiro has logged in.
[06/03/2015 00:09:38] Jhonnie Walker has logged out.
[06/03/2015 00:09:39] Jhonnie Walker has logged in.
[06/03/2015 00:09:48] Jhonnie Walker has logged out.
[06/03/2015 00:09:49] Jhonnie Walker has logged in.
[06/03/2015 00:10:00] Jhonnie Walker has logged out.
[06/03/2015 00:10:02] Jhonnie Walker has logged in.
[06/03/2015 00:10:06] Jhonnie Walker has logged out.
[06/03/2015 00:10:08] Jhonnie Walker has logged in.
[06/03/2015 00:10:31] Jhonnie Walker has logged out.
[06/03/2015 00:10:32] Jhonnie Walker has logged in.
[06/03/2015 00:10:47] Morris has logged out.
[06/03/2015 00:10:48] Morris has logged in.
[06/03/2015 00:10:49] Jhonnie Walker has logged out.
[06/03/2015 00:10:50] Jhonnie Walker has logged in.
[06/03/2015 00:12:48] > Broadcasted message: "Game map cleaning in 1 minute, please pick up all your items.".
[06/03/2015 00:13:19] > CLEAN: Removed 4936 items from 2993 tiles in 0.359 seconds.
[06/03/2015 00:13:19] > Broadcasted message: "Map Cleaned.".
[06/03/2015 00:13:35] > Broadcasted message: "Novo CLIENTE = http://www.4shared.com/rar/cfxSV4o7ce/Death_PVP.html".
[06/03/2015 00:21:08] Slc Cachorrera has logged out.
[06/03/2015 00:21:45] Druidzerah Mythus has logged out.
[06/03/2015 00:21:56] > Broadcasted message: "Novo CLIENTE = http://www.4shared.com/rar/cfxSV4o7ce/Death_PVP.html".
[06/03/2015 00:22:39] > Saving server...
[06/03/2015 00:22:41] > SAVE: Complete in 1.695 seconds using relational house storage.
[06/03/2015 00:24:13] Jhonnie Walker has logged out.
[06/03/2015 00:24:27] Morris has logged out.
[06/03/2015 00:24:29] Morris has logged in.
[06/03/2015 00:24:38] Morris has logged out.
[06/03/2015 00:24:39] Lord Of Shadows has logged in.
[06/03/2015 00:24:53] Lord Of Shadows has logged out.
[06/03/2015 00:24:54] Morris has logged in.
[06/03/2015 00:25:47] Nadador Arqueiro has logged out.
[06/03/2015 00:28:37] Nadador Arqueiro has logged in.
[06/03/2015 00:29:29] > Broadcasted message: "Game map cleaning in 1 minute, please pick up all your items.".
[06/03/2015 00:29:59] > CLEAN: Removed 2454 items from 1914 tiles in 0.317 seconds.
[06/03/2015 00:30:00] > Broadcasted message: "Map Cleaned.".
[06/03/2015 00:30:17] > Broadcasted message: "Para ver as noticias fale !notice".
[06/03/2015 00:34:30] > Saving server...
[06/03/2015 00:34:32] > SAVE: Complete in 1.919 seconds using relational house storage.
[06/03/2015 00:34:33] Morris has logged out.
[06/03/2015 00:34:33] Nadador Arqueiro has logged out.
[06/03/2015 00:34:34] > Saving server...
[06/03/2015 00:34:35] > SAVE: Complete in 1.201 seconds using relational house storage.
[06/03/2015 00:34:36] Preparing to shutdown server..
[06/03/2015 00:34:38] .
[06/03/2015 00:34:38] Exiting
[06/03/2015 10:09:52] The Forgotten Server, version 0.3.4 (Crying Damson)
[06/03/2015 10:09:52] Sever Criado Por Alissow e Comedinha.
[06/03/2015 10:09:52] Publicidade: www.sotserv.blogspot.com <- <- <- Tudo sobre otserv.
[06/03/2015 10:09:53] Bom Jogo!!!
[06/03/2015 10:09:53] 
[06/03/2015 10:09:53] >> Debugging: nothing.
[06/03/2015 10:09:53] >> Checking software version... failed checking - malformed file.
[06/03/2015 10:09:54] 
[06/03/2015 10:09:54] >> Loading config (config.lua)
[06/03/2015 10:09:54] > Using plaintext passwords
[06/03/2015 10:09:54] >> Loading RSA key
[06/03/2015 10:09:54] >> Starting SQL connection
[06/03/2015 10:09:54] >> Running Database Manager
[06/03/2015 10:09:55] > Optimized database.
[06/03/2015 10:09:55] >> Loading items
[06/03/2015 10:09:56] >> Loading groups
[06/03/2015 10:09:56] >> Loading vocations
[06/03/2015 10:09:56] >> Loading script systems
[06/03/2015 10:09:58] >> Loading chat channels
[06/03/2015 10:09:58] >> Loading outfits
[06/03/2015 10:09:58] >> Loading experience stages
[06/03/2015 10:09:58] >> Loading monsters
[06/03/2015 10:10:00] >> Loading map and spawns...
[06/03/2015 10:10:01] > Map size: 65000x65000.
[06/03/2015 10:10:01] > Map descriptions: 
[06/03/2015 10:10:01] Saved with Remere's Map Editor 2.2
[06/03/2015 10:10:01] No map description available.
[06/03/2015 10:10:02] Duplicate uniqueId 2407
[06/03/2015 10:10:06] > Map loading time: 5.102 seconds.
[06/03/2015 10:10:07] > Data loading time: 1.123 seconds.
[06/03/2015 10:10:07] > Unserialization time for houses: 0.015 seconds.
[06/03/2015 10:10:30] > Unserialization time for map: 23.291 seconds.
[06/03/2015 10:10:31] >> Checking world type... PvP
[06/03/2015 10:10:31] >> Initializing game state modules and registering services...
[06/03/2015 10:10:31] > Global address: deathpvp.no-ip.biz
[06/03/2015 10:10:32] > Local ports:
[06/03/2015 10:10:32] 7171	7172	
[06/03/2015 10:10:32] >> All modules were loaded, server starting up...
[06/03/2015 10:10:32] >> OT Death server Online!
[06/03/2015 10:10:32] 
[06/03/2015 10:11:03] sqlite3_step(): SQLITE ERROR: columns id, world_id are not unique
[06/03/2015 10:12:07] Brimm-bromm has logged in.
[06/03/2015 10:12:17] Brimm-bromm has logged out.
[06/03/2015 10:12:18] Brumm-bromm has logged in.
[06/03/2015 10:15:04] Fakedoi has logged in.
[06/03/2015 10:16:10] Brumm-bromm has logged out.
[06/03/2015 10:16:12] Brumm-bromm has logged in.
[06/03/2015 10:17:28] Mateus has logged in.
[06/03/2015 10:17:43] Mateus has logged out.
[06/03/2015 10:18:19] > Broadcasted message: "Novo CLIENTE = http://www.4shared.com/rar/cfxSV4o7ce/Death_PVP.html".
[06/03/2015 10:20:50] Mateus has logged in.
[06/03/2015 10:20:55] Mateus has logged out.
[06/03/2015 10:26:39] > Broadcasted message: "Game map cleaning in 1 minute, please pick up all your items.".
[06/03/2015 10:26:41] > Broadcasted message: "Para comprar bless digite !bless".
[06/03/2015 10:27:05] Brumm-bromm has logged out.
[06/03/2015 10:27:06] Brumm-bromm has logged in.
[06/03/2015 10:27:10] > CLEAN: Removed 2826 items from 1088 tiles in 0.278 seconds.
[06/03/2015 10:27:10] > Broadcasted message: "Map Cleaned.".
[06/03/2015 10:33:24] > Saving server...
[06/03/2015 10:33:26] > SAVE: Complete in 1.742 seconds using relational house storage.
[06/03/2015 10:34:55] Mateus has logged in.
[06/03/2015 10:35:00] Mateus has logged out.
[06/03/2015 10:35:02] > Broadcasted message: "Para comprar bless digite !bless".
[06/03/2015 10:37:47] Brumm-bromm has logged out.
[06/03/2015 10:37:49] Brimm-bromm has logged in.
[06/03/2015 10:37:52] Brimm-bromm has logged out.
[06/03/2015 10:37:53] Brumm-bromm has logged in.
[06/03/2015 10:38:14] Brumm-bromm has logged out.
[06/03/2015 10:38:15] Brimm-bromm has logged in.
[06/03/2015 10:39:26] Hensh has logged in.
[06/03/2015 10:43:20] > Broadcasted message: "Game map cleaning in 1 minute, please pick up all your items.".
[06/03/2015 10:43:23] > Broadcasted message: "Para ver as noticias fale !notice".
[06/03/2015 10:43:50] > CLEAN: Removed 3057 items from 899 tiles in 0.353 seconds.
[06/03/2015 10:43:51] > Broadcasted message: "Map Cleaned.".
[06/03/2015 10:47:01] Fakedoi has logged out.
[06/03/2015 10:47:02] Fakedoi has logged in.
[06/03/2015 10:47:05] Hensh has logged out.
[06/03/2015 10:51:44] > Broadcasted message: "Sempre Ao Criar Uma Conta, Pegue A RK Dela No Account Manager Da Conta E Anote, Nunca Passe A Sua Senha Para Outras Pessoas, E Ao Entrar Em Outros OT´s Crie Contas Diferentes Para Não Sofrer HACKED, Não Me Responsabilizo Por Perdas, Obrigado".
[06/03/2015 10:56:45] > Saving server...
[06/03/2015 10:56:47] > SAVE: Complete in 1.903 seconds using relational house storage.
[06/03/2015 11:00:01] > Broadcasted message: "Game map cleaning in 1 minute, please pick up all your items.".
[06/03/2015 11:00:05] > Broadcasted message: "Para ver as noticias fale !notice".
[06/03/2015 11:00:31] > CLEAN: Removed 7487 items from 1776 tiles in 0.316 seconds.
[06/03/2015 11:00:32] > Broadcasted message: "Map Cleaned.".
[06/03/2015 11:01:52] Fakedoi has logged out.
[06/03/2015 11:02:18] Fakedoi has logged in.
[06/03/2015 11:02:41] Fakedoi has logged out.
[06/03/2015 11:04:42] Account Manager has logged in.
[06/03/2015 11:04:46] Account Manager has logged in.
[06/03/2015 11:05:00] Account Manager has logged out.
[06/03/2015 11:05:02] Account Manager has logged out.
[06/03/2015 11:05:05] Account Manager has logged in.
[06/03/2015 11:05:07] Brimm-bromm has logged out.
[06/03/2015 11:05:09] Brimm-bromm has logged in.
[06/03/2015 11:05:23] Account Manager has logged out.
[06/03/2015 11:05:28] Veta has logged in.
[06/03/2015 11:05:30] Fakedoi has logged in.
[06/03/2015 11:08:24] Mateus has logged in.
[06/03/2015 11:08:26] > Broadcasted message: "Para comprar bless digite !bless".
[06/03/2015 11:08:30] Mateus has logged out.
[06/03/2015 11:16:42] > Broadcasted message: "Game map cleaning in 1 minute, please pick up all your items.".
[06/03/2015 11:16:47] > Broadcasted message: "Novo CLIENTE = http://www.4shared.com/rar/cfxSV4o7ce/Death_PVP.html".
[06/03/2015 11:17:13] > CLEAN: Removed 3369 items from 1168 tiles in 0.242 seconds.
[06/03/2015 11:17:13] > Broadcasted message: "Map Cleaned.".
[06/03/2015 11:18:50] Veta has logged out.
[06/03/2015 11:18:54] Veta has logged in.
[06/03/2015 11:20:06] > Saving server...
[06/03/2015 11:20:08] > SAVE: Complete in 1.746 seconds using relational house storage.
[06/03/2015 11:24:45] Veta has logged out.
[06/03/2015 11:24:46] Account Manager has logged in.
[06/03/2015 11:25:00] Account Manager has logged out.
[06/03/2015 11:25:04] Veta Do Mal has logged in.
[06/03/2015 11:25:08] > Broadcasted message: "Sempre Ao Criar Uma Conta, Pegue A RK Dela No Account Manager Da Conta E Anote, Nunca Passe A Sua Senha Para Outras Pessoas, E Ao Entrar Em Outros OT´s Crie Contas Diferentes Para Não Sofrer HACKED, Não Me Responsabilizo Por Perdas, Obrigado".
[06/03/2015 11:28:33] Microbiio I has logged in.
[06/03/2015 11:33:23] > Broadcasted message: "Game map cleaning in 1 minute, please pick up all your items.".
[06/03/2015 11:33:29] > Broadcasted message: "Para comprar bless digite !bless".
[06/03/2015 11:33:53] > CLEAN: Removed 6164 items from 1707 tiles in 0.292 seconds.
[06/03/2015 11:33:54] > Broadcasted message: "Map Cleaned.".
[06/03/2015 11:34:02] Brimm-bromm has logged out.
[06/03/2015 11:34:03] Brimm-bromm has logged in.
[06/03/2015 11:34:50] Brimm-bromm has logged out.
[06/03/2015 11:34:52] Brimm-bromm has logged in.
[06/03/2015 11:35:24] Fakedoi has logged out.
[06/03/2015 11:38:23] Fakedoi has logged in.
[06/03/2015 11:38:46] Fakedoi has logged out.
[06/03/2015 11:40:57] Fakedoi has logged in.
[06/03/2015 11:41:26] Mateus has logged in.
[06/03/2015 11:41:31] Mateus has logged out.
[06/03/2015 11:41:50] > Broadcasted message: "Para comprar bless digite !bless".
[06/03/2015 11:43:04] Hensh has logged in.
[06/03/2015 11:43:27] > Saving server...
[06/03/2015 11:43:29] > SAVE: Complete in 2.014 seconds using relational house storage.
[06/03/2015 11:43:44] Hensh has logged out.
[06/03/2015 11:43:57] Felipe Ret has logged in.
[06/03/2015 11:50:04] > Broadcasted message: "Game map cleaning in 1 minute, please pick up all your items.".
[06/03/2015 11:50:11] > Broadcasted message: "Sempre Ao Criar Uma Conta, Pegue A RK Dela No Account Manager Da Conta E Anote, Nunca Passe A Sua Senha Para Outras Pessoas, E Ao Entrar Em Outros OT´s Crie Contas Diferentes Para Não Sofrer HACKED, Não Me Responsabilizo Por Perdas, Obrigado".
[06/03/2015 11:50:36] > CLEAN: Removed 6326 items from 2251 tiles in 0.313 seconds.
[06/03/2015 11:50:36] > Broadcasted message: "Map Cleaned.".
[06/03/2015 11:54:27] Jhonnie Walker has logged in.
[06/03/2015 11:54:43] Brimm-bromm has logged out.
[06/03/2015 11:54:44] Brumm-bromm has logged in.
[06/03/2015 11:55:03] Brumm-bromm has logged out.
[06/03/2015 11:55:04] Epic has logged in.
[06/03/2015 11:55:06] Epic has logged out.
[06/03/2015 11:55:06] Brimm-bromm has logged in.
[06/03/2015 11:55:57] Brimm-bromm has logged out.
[06/03/2015 11:55:58] Brumm-bromm has logged in.
[06/03/2015 11:56:02] Fakedoi has logged out.
[06/03/2015 11:56:03] Fakedoi has logged in.
[06/03/2015 11:56:06] Brumm-bromm has logged out.
[06/03/2015 11:56:06] Brimm-bromm has logged in.
[06/03/2015 11:56:09] Brimm-bromm has logged out.
[06/03/2015 11:56:10] Brumm-bromm has logged in.
[06/03/2015 11:58:32] > Broadcasted message: "Sempre Ao Criar Uma Conta, Pegue A RK Dela No Account Manager Da Conta E Anote, Nunca Passe A Sua Senha Para Outras Pessoas, E Ao Entrar Em Outros OT´s Crie Contas Diferentes Para Não Sofrer HACKED, Não Me Responsabilizo Por Perdas, Obrigado".
[06/03/2015 12:00:22] Felipe Ret has logged out.
[06/03/2015 12:03:12] Veta Do Mal has logged out.
[06/03/2015 12:03:14] Veta Do Mal has logged in.
[06/03/2015 12:06:45] > Broadcasted message: "Game map cleaning in 1 minute, please pick up all your items.".
[06/03/2015 12:06:48] > Saving server...
[06/03/2015 12:06:51] > SAVE: Complete in 2.128 seconds using relational house storage.
[06/03/2015 12:06:53] > Broadcasted message: "Novo CLIENTE = http://www.4shared.com/rar/cfxSV4o7ce/Death_PVP.html".
[06/03/2015 12:07:16] > CLEAN: Removed 9423 items from 2738 tiles in 0.362 seconds.
[06/03/2015 12:07:17] > Broadcasted message: "Map Cleaned.".
[06/03/2015 12:11:04] Brumm-bromm has logged out.
[06/03/2015 12:11:05] Brimm-bromm has logged in.
[06/03/2015 12:11:23] Brimm-bromm has logged out.
[06/03/2015 12:11:24] Brumm-bromm has logged in.
[06/03/2015 12:11:27] Brumm-bromm has logged out.
[06/03/2015 12:11:27] Brimm-bromm has logged in.
[06/03/2015 12:15:14] > Broadcasted message: "Para comprar bless digite !bless".
[06/03/2015 12:17:12] Microbio I has logged in.
[06/03/2015 12:17:22] Jhonnie Walker has logged out.
[06/03/2015 12:17:27] Jhonnie Walker has logged in.
[06/03/2015 12:19:45] Veta Do Mal has logged out.
[06/03/2015 12:21:16] Mage Ziika has logged in.
[06/03/2015 12:23:09] Brimm-bromm has logged out.
[06/03/2015 12:23:10] Brumm-bromm has logged in.
[06/03/2015 12:23:26] > Broadcasted message: "Game map cleaning in 1 minute, please pick up all your items.".
[06/03/2015 12:23:35] > Broadcasted message: "Para ver as noticias fale !notice".
[06/03/2015 12:23:56] > CLEAN: Removed 6407 items from 1654 tiles in 0.29 seconds.
[06/03/2015 12:23:56] > Broadcasted message: "Map Cleaned.".
[06/03/2015 12:25:11] Microbio I has logged out.
[06/03/2015 12:25:13] Microbio I has logged in.
[06/03/2015 12:25:23] Brumm-bromm has logged out.
[06/03/2015 12:25:24] Brimm-bromm has logged in.
[06/03/2015 12:25:30] Hiroshi has logged in.
[06/03/2015 12:26:02] Fakedoi has logged out.
[06/03/2015 12:26:14] Fakedoi has logged in.
[06/03/2015 12:26:47] Felipe Ret has logged in.
[06/03/2015 12:27:08] Microbiio I has logged out.
[06/03/2015 12:27:11] Microbiio I has logged in.
[06/03/2015 12:27:31] Brimm-bromm has logged out.
[06/03/2015 12:27:33] Brimm-bromm has logged in.
[06/03/2015 12:27:38] Brimm-bromm has logged out.
[06/03/2015 12:27:39] Brumm-bromm has logged in.
[06/03/2015 12:27:55] Jhonnie Walker has logged out.
[06/03/2015 12:27:57] Jhonnie Walker has logged in.
[06/03/2015 12:28:19] Brumm-bromm has logged out.
[06/03/2015 12:28:20] Brimm-bromm has logged in.
[06/03/2015 12:30:09] > Saving server...
[06/03/2015 12:30:12] > SAVE: Complete in 2.522 seconds using relational house storage.
[06/03/2015 12:30:13] Brimm-bromm has logged out.
[06/03/2015 12:30:13] Brimm-bromm has logged in.
[06/03/2015 12:30:14] Brimm-bromm has logged out.
[06/03/2015 12:30:18] Brimm-bromm has logged in.
[06/03/2015 12:31:35] Jhonnie Walker has logged out.
[06/03/2015 12:31:56] > Broadcasted message: "Sempre Ao Criar Uma Conta, Pegue A RK Dela No Account Manager Da Conta E Anote, Nunca Passe A Sua Senha Para Outras Pessoas, E Ao Entrar Em Outros OT´s Crie Contas Diferentes Para Não Sofrer HACKED, Não Me Responsabilizo Por Perdas, Obrigado".
[06/03/2015 12:32:50] Jhonnie Walker has logged in.
[06/03/2015 12:37:16] Druidzerah Mythus has logged in.
[06/03/2015 12:38:23] Microbiio I has logged out.
[06/03/2015 12:38:26] Microbiio I has logged in.
[06/03/2015 12:40:07] > Broadcasted message: "Game map cleaning in 1 minute, please pick up all your items.".
[06/03/2015 12:40:17] > Broadcasted message: "Sempre Ao Criar Uma Conta, Pegue A RK Dela No Account Manager Da Conta E Anote, Nunca Passe A Sua Senha Para Outras Pessoas, E Ao Entrar Em Outros OT´s Crie Contas Diferentes Para Não Sofrer HACKED, Não Me Responsabilizo Por Perdas, Obrigado".
[06/03/2015 12:40:38] > CLEAN: Removed 13142 items from 6207 tiles in 0.56 seconds.
[06/03/2015 12:40:38] > Broadcasted message: "Map Cleaned.".
[06/03/2015 12:40:57] Microbiio I has logged out.
[06/03/2015 12:41:00] Microbiio I has logged in.
[06/03/2015 12:41:33] Fakedoi has logged out.
[06/03/2015 12:41:53] Fakedoi has logged in.
[06/03/2015 12:41:55] Microbio I has logged out.
[06/03/2015 12:42:04] Fakedoi has logged out.
[06/03/2015 12:43:41] Microbio I has logged in.
[06/03/2015 12:47:06] Felipe Ret has logged out.
[06/03/2015 12:47:08] Felipe Ret has logged in.
[06/03/2015 12:47:24] Microbiio I has logged out.
[06/03/2015 12:47:26] Microbiio I has logged in.
[06/03/2015 12:47:42] Brimm-bromm has logged out.
[06/03/2015 12:47:45] Brimm-bromm has logged in.
[06/03/2015 12:48:38] > Broadcasted message: "Novo CLIENTE = http://www.4shared.com/rar/cfxSV4o7ce/Death_PVP.html".
[06/03/2015 12:50:46] Fakedoi has logged in.
[06/03/2015 12:50:48] Fakedoi has logged out.
[06/03/2015 12:51:16] Fakedoi has logged in.
[06/03/2015 12:52:27] Jhonnie Walker has logged out.
[06/03/2015 12:52:49] Nadador Arqueiro has logged in.
[06/03/2015 12:53:12] Mateus has logged in.
[06/03/2015 12:53:30] > Saving server...
[06/03/2015 12:53:35] > SAVE: Complete in 3.561 seconds using relational house storage.
[06/03/2015 12:54:53] Jhonnie Walker has logged in.
[06/03/2015 12:54:59] Jhonnie Walker has logged out.
[06/03/2015 12:55:10] Mateus has logged out.
[06/03/2015 12:55:54] Jhonnie Walker has logged in.
[06/03/2015 12:55:56] Jhonnie Walker has logged out.
[06/03/2015 12:56:12] Account Manager has logged in.
[06/03/2015 12:56:14] Account Manager has logged out.
[06/03/2015 12:56:28] Account Manager has logged in.
[06/03/2015 12:56:33] Account Manager has logged out.
[06/03/2015 12:56:48] > Broadcasted message: "Game map cleaning in 1 minute, please pick up all your items.".
[06/03/2015 12:56:53] Jhonnie Walker has logged in.
[06/03/2015 12:56:53] Jhonnie Walker has logged out.
[06/03/2015 12:56:59] > Broadcasted message: "Novo CLIENTE = http://www.4shared.com/rar/cfxSV4o7ce/Death_PVP.html".
[06/03/2015 12:57:09] Jhonnie Walker has logged in.
[06/03/2015 12:57:10] Jhonnie Walker has logged out.
[06/03/2015 12:57:19] > CLEAN: Removed 15075 items from 7563 tiles in 0.455 seconds.
[06/03/2015 12:57:20] > Broadcasted message: "Map Cleaned.".
[06/03/2015 12:57:24] Jhonnie Walker has logged in.
[06/03/2015 12:57:25] Jhonnie Walker has logged out.
[06/03/2015 12:57:36] Account Manager has logged in.
[06/03/2015 12:57:36] Account Manager has logged out.
[06/03/2015 12:57:49] Account Manager has logged in.
[06/03/2015 12:57:50] Account Manager has logged out.
[06/03/2015 12:58:35] Jhonnie Walker has logged in.
[06/03/2015 12:58:36] Jhonnie Walker has logged out.
[06/03/2015 12:58:45] Account Manager has logged in.
[06/03/2015 12:58:45] Account Manager has logged out.
[06/03/2015 12:59:02] Account Manager has logged in.
[06/03/2015 12:59:02] Account Manager has logged out.
[06/03/2015 12:59:24] Account Manager has logged in.
[06/03/2015 12:59:25] Account Manager has logged out.
[06/03/2015 12:59:45] Account Manager has logged in.
[06/03/2015 12:59:45] Account Manager has logged out.
[06/03/2015 13:00:17] Account Manager has logged in.
[06/03/2015 13:00:18] Account Manager has logged out.
[06/03/2015 13:00:34] Microbiio I has logged out.
[06/03/2015 13:00:53] Microbiio I has logged in.
[06/03/2015 13:00:59] Account Manager has logged in.
[06/03/2015 13:01:00] Account Manager has logged out.
[06/03/2015 13:01:45] Brimm-bromm has logged out.
[06/03/2015 13:01:46] Brimm-bromm has logged in.
[06/03/2015 13:04:50] Felipe Ret has logged out.
[06/03/2015 13:05:20] > Broadcasted message: "Para comprar bless digite !bless".
[06/03/2015 13:07:07] Jhonnie Walker has logged in.
[06/03/2015 13:07:14] Jhonnie Walker has logged out.
[06/03/2015 13:08:18] Microbio I has logged out.
[06/03/2015 13:09:47] Nadador Arqueiro has logged out.
[06/03/2015 13:13:04] Microbiio I has logged out.
[06/03/2015 13:13:14] Microbio I has logged in.
[06/03/2015 13:13:29] > Broadcasted message: "Game map cleaning in 1 minute, please pick up all your items.".
[06/03/2015 13:13:41] > Broadcasted message: "Sempre Ao Criar Uma Conta, Pegue A RK Dela No Account Manager Da Conta E Anote, Nunca Passe A Sua Senha Para Outras Pessoas, E Ao Entrar Em Outros OT´s Crie Contas Diferentes Para Não Sofrer HACKED, Não Me Responsabilizo Por Perdas, Obrigado".
[06/03/2015 13:13:50] Kanguru Jack has logged in.
[06/03/2015 13:14:00] > CLEAN: Removed 16802 items from 7080 tiles in 0.476 seconds.
[06/03/2015 13:14:00] > Broadcasted message: "Map Cleaned.".
[06/03/2015 13:14:32] Hiroshi has logged out.
[06/03/2015 13:14:37] Hiroshi has logged in.
[06/03/2015 13:14:57] Microbio I has logged out.
[06/03/2015 13:14:59] Microbio I has logged in.
[06/03/2015 13:15:21] Microbio I has logged out.
[06/03/2015 13:15:23] Microbio I has logged in.
[06/03/2015 13:16:36] Hiroshi has logged out.
[06/03/2015 13:16:38] Hiroshi has logged in.
[06/03/2015 13:16:51] > Saving server...
[06/03/2015 13:16:51] sqlite3_step(): SQLITE ERROR: unable to open database file
[06/03/2015 13:16:53] > SAVE: Complete in 2.621 seconds using relational house storage.
[06/03/2015 13:17:58] Hiroshi has logged out.
[06/03/2015 13:18:00] Hiroshi has logged in.
[06/03/2015 13:18:31] Fakedoi has logged out.
[06/03/2015 13:18:54] Fakedoi has logged in.
[06/03/2015 13:19:19] Brimm-bromm has logged out.
[06/03/2015 13:19:29] Kanguru Jack has logged out.
[06/03/2015 13:19:31] Kanguru Jack has logged in.
[06/03/2015 13:21:24] Account Manager has logged in.
[06/03/2015 13:21:26] Account Manager has logged out.
[06/03/2015 13:22:02] > Broadcasted message: "Sempre Ao Criar Uma Conta, Pegue A RK Dela No Account Manager Da Conta E Anote, Nunca Passe A Sua Senha Para Outras Pessoas, E Ao Entrar Em Outros OT´s Crie Contas Diferentes Para Não Sofrer HACKED, Não Me Responsabilizo Por Perdas, Obrigado".
[06/03/2015 13:22:34] Mage Ziika has logged out.
[06/03/2015 13:22:38] Hiroshi has logged out.
[06/03/2015 13:23:22] Mage Ziika has logged in.
[06/03/2015 13:24:27] Anjo pk has logged in.
[06/03/2015 13:24:46] Hiroshi has logged in.
[06/03/2015 13:26:13] Account Manager has logged in.
[06/03/2015 13:26:15] Account Manager has logged out.
[06/03/2015 13:27:31] Account Manager has logged in.
[06/03/2015 13:27:38] Jhonnie Walker has logged in.
[06/03/2015 13:27:39] Jhonnie Walker has logged out.
[06/03/2015 13:27:42] Anjo pk has logged out.
[06/03/2015 13:27:43] Account Manager has logged out.
[06/03/2015 13:27:49] Account Manager has logged in.
[06/03/2015 13:28:00] Jhonnie Walker has logged in.
[06/03/2015 13:28:01] Jhonnie Walker has logged out.
[06/03/2015 13:28:22] Account Manager has logged out.
[06/03/2015 13:28:36] Jhonnie Walker has logged in.
[06/03/2015 13:28:37] Jhonnie Walker has logged out.
[06/03/2015 13:28:42] Anjo pk has logged in.
[06/03/2015 13:28:46] Account Manager has logged in.
[06/03/2015 13:29:07] Account Manager has logged out.
[06/03/2015 13:29:15] Demolidor Striker has logged in.
[06/03/2015 13:29:30] Microbio I has logged out.
[06/03/2015 13:29:39] Microbiio I has logged in.
[06/03/2015 13:30:10] > Broadcasted message: "Game map cleaning in 1 minute, please pick up all your items.".
[06/03/2015 13:30:23] > Broadcasted message: "Sempre Ao Criar Uma Conta, Pegue A RK Dela No Account Manager Da Conta E Anote, Nunca Passe A Sua Senha Para Outras Pessoas, E Ao Entrar Em Outros OT´s Crie Contas Diferentes Para Não Sofrer HACKED, Não Me Responsabilizo Por Perdas, Obrigado".
[06/03/2015 13:30:41] > CLEAN: Removed 11722 items from 6807 tiles in 0.424 seconds.
[06/03/2015 13:30:41] > Broadcasted message: "Map Cleaned.".
[06/03/2015 13:31:33] Jhonnie Walker has logged in.
[06/03/2015 13:31:34] Jhonnie Walker has logged out.
[06/03/2015 13:32:08] Jhonnie Walker has logged in.
[06/03/2015 13:32:09] Jhonnie Walker has logged out.
[06/03/2015 13:32:20] Account Manager has logged in.
[06/03/2015 13:32:21] Account Manager has logged out.
[06/03/2015 13:32:37] Microbiio I has logged out.
[06/03/2015 13:32:39] Microbiio I has logged in.
[06/03/2015 13:36:05] Anjo pk has logged out.
[06/03/2015 13:36:15] Pala Nas Sombras has logged in.
[06/03/2015 13:36:38] Anjo pk has logged in.
[06/03/2015 13:36:55] Microbiio I has logged out.
[06/03/2015 13:37:05] Microbio I has logged in.
[06/03/2015 13:37:08] Microbio I has logged out.
[06/03/2015 13:37:10] Microbio I has logged in.
[06/03/2015 13:38:12] Anjo pk has logged out.
[06/03/2015 13:38:14] Hiroshi has logged out.
[06/03/2015 13:38:17] Hiroshi has logged in.
[06/03/2015 13:38:25] Anjo pk has logged in.
[06/03/2015 13:38:38] Account Manager has logged in.
[06/03/2015 13:38:44] > Broadcasted message: "Para ver as noticias fale !notice".
[06/03/2015 13:38:49] Anjo pk has logged out.
[06/03/2015 13:38:59] Account Manager has logged out.
[06/03/2015 13:39:09] Account Manager has logged in.
[06/03/2015 13:39:25] Account Manager has logged out.
[06/03/2015 13:39:34] Account Manager has logged in.
[06/03/2015 13:39:43] Account Manager has logged out.
[06/03/2015 13:39:49] Knight Da Depressao has logged in.
[06/03/2015 13:39:50] Anjo pk has logged in.
[06/03/2015 13:39:53] Knight Da Depressao has logged out.
[06/03/2015 13:40:05] Slc Chachorrera has logged in.
[06/03/2015 13:40:10] Anjo pk has logged out.
[06/03/2015 13:40:12] > Saving server...
[06/03/2015 13:40:15] > SAVE: Complete in 2.816 seconds using relational house storage.
[06/03/2015 13:40:26] Slc Chachorrera has logged out.
[06/03/2015 13:40:35] Account Manager has logged in.
[06/03/2015 13:40:37] Knight Da Depressao has logged in.
[06/03/2015 13:40:46] Account Manager has logged out.
[06/03/2015 13:40:57] Anjo pk has logged in.
[06/03/2015 13:41:16] Anjo pk has logged out.
[06/03/2015 13:42:29] Brimm-bromm has logged in.
[06/03/2015 13:43:39] Anjo pk has logged in.
[06/03/2015 13:44:11] Anjo pk has logged out.
[06/03/2015 13:44:24] Slc Cachorrera has logged in.
[06/03/2015 13:44:45] Account Manager has logged in.
[06/03/2015 13:44:50] Account Manager has logged out.
[06/03/2015 13:46:41] Demolidor Striker has logged out.
[06/03/2015 13:46:43] Account Manager has logged in.
[06/03/2015 13:46:47] Knight Da Depressao has logged out.
[06/03/2015 13:46:49] Knight Da Depressao has logged in.
[06/03/2015 13:46:51] > Broadcasted message: "Game map cleaning in 1 minute, please pick up all your items.".
[06/03/2015 13:47:01] Account Manager has logged out.
[06/03/2015 13:47:05] > Broadcasted message: "Para comprar bless digite !bless".
[06/03/2015 13:47:08] Demonic Striker has logged in.
[06/03/2015 13:47:22] > CLEAN: Removed 12619 items from 6623 tiles in 0.395 seconds.
[06/03/2015 13:47:22] > Broadcasted message: "Map Cleaned.".
[06/03/2015 13:49:43] Microbio I has logged out.
[06/03/2015 13:49:49] Microbio I has logged in.
[06/03/2015 13:49:52] Demonic Striker has logged out.
[06/03/2015 13:50:03] Demolidor Striker has logged in.
[06/03/2015 13:50:10] Demolidor Striker has logged out.
[06/03/2015 13:50:11] Demonic Striker has logged in.
[06/03/2015 13:50:13] Anjo pk has logged in.
[06/03/2015 13:50:36] Anjo pk has logged out.
[06/03/2015 13:50:43] Anjo pk has logged in.
[06/03/2015 13:51:16] Anjo pk has logged out.
[06/03/2015 13:51:21] Anjo pk has logged in.
[06/03/2015 13:52:53] Pala Nas Sombras has logged out.
[06/03/2015 13:53:51] Microbio I has logged out.
[06/03/2015 13:54:05] Demonic Striker has logged out.
[06/03/2015 13:54:07] Demonic Striker has logged in.
[06/03/2015 13:54:21] Druidzerah Mythus has logged out.
[06/03/2015 13:55:26] > Broadcasted message: "Para comprar bless digite !bless".
[06/03/2015 13:55:59] Brimm-bromm has logged out.
[06/03/2015 13:56:01] Brumm-bromm has logged in.
[06/03/2015 13:56:09] Mr Thug has logged in.
[06/03/2015 13:56:35] Brumm-bromm has logged out.
[06/03/2015 13:56:36] Brimm-bromm has logged in.
[06/03/2015 13:57:42] Anjo pk has logged out.
[06/03/2015 13:57:48] Anjo pk has logged in.
[06/03/2015 13:58:29] Demonic Striker has logged out.
[06/03/2015 13:58:29] Demolidor Striker has logged in.
[06/03/2015 13:58:37] Demolidor Striker has logged out.
[06/03/2015 13:58:38] Account Manager has logged in.
[06/03/2015 13:59:04] Account Manager has logged out.
[06/03/2015 13:59:12] Kina da zueira has logged in.
[06/03/2015 13:59:16] Druidzerah Mythus has logged in.
[06/03/2015 13:59:21] Kina da zueira has logged out.
[06/03/2015 13:59:23] Demonic Striker has logged in.
[06/03/2015 13:59:26] Demonic Striker has logged out.
[06/03/2015 13:59:29] Demolidor Striker has logged in.
[06/03/2015 13:59:46] Demolidor Striker has logged out.
[06/03/2015 13:59:50] Demolidor Striker has logged in.
[06/03/2015 14:00:02] Demolidor Striker has logged out.
[06/03/2015 14:00:03] Kina da zueira has logged in.
[06/03/2015 14:00:10] Kina da zueira has logged out.
[06/03/2015 14:00:11] Demolidor Striker has logged in.
[06/03/2015 14:00:33] Mr Thug has logged out.
[06/03/2015 14:00:35] Mr Thug has logged in.
[06/03/2015 14:00:35] Demolidor Striker has logged out.
[06/03/2015 14:00:36] Kina da zueira has logged in.
[06/03/2015 14:00:51] Account Manager has logged in.
[06/03/2015 14:00:54] Kina da zueira has logged out.
[06/03/2015 14:00:56] Kina da zueira has logged in.
[06/03/2015 14:01:11] Account Manager has logged out.
[06/03/2015 14:01:18] Account Manager has logged in.
[06/03/2015 14:01:38] Account Manager has logged out.
[06/03/2015 14:01:39] Mr Thug has logged out.
[06/03/2015 14:01:42] Druid Da Viber has logged in.
[06/03/2015 14:01:47] Kurosaki Ichigo has logged in.
[06/03/2015 14:02:24] Kina da zueira has logged out.
[06/03/2015 14:02:25] Demolidor Striker has logged in.
[06/03/2015 14:02:29] Demolidor Striker has logged out.
[06/03/2015 14:02:30] Demonic Striker has logged in.
[06/03/2015 14:02:32] Knight Da Depressao has logged out.
[06/03/2015 14:02:34] Account Manager has logged in.
[06/03/2015 14:02:40] Demonic Striker has logged out.
[06/03/2015 14:02:41] Account Manager has logged out.
[06/03/2015 14:02:42] Kina da zueira has logged in.
[06/03/2015 14:02:46] Account Manager has logged in.
[06/03/2015 14:03:06] Account Manager has logged out.
[06/03/2015 14:03:10] Account Manager has logged in.
[06/03/2015 14:03:12] Account Manager has logged out.
[06/03/2015 14:03:15] Account Manager has logged in.
[06/03/2015 14:03:20] Druid Da Viber has logged out.
[06/03/2015 14:03:21] Druid Da Viber has logged in.
[06/03/2015 14:03:28] Account Manager has logged out.
[06/03/2015 14:03:30] Account Manager has logged in.
[06/03/2015 14:03:32] > Broadcasted message: "Game map cleaning in 1 minute, please pick up all your items.".
[06/03/2015 14:03:34] > Saving server...
[06/03/2015 14:03:35] sqlite3_step(): SQLITE ERROR: unable to open database file
[06/03/2015 14:03:38] > SAVE: Complete in 3.493 seconds using relational house storage.
[06/03/2015 14:03:47] > Broadcasted message: "Sempre Ao Criar Uma Conta, Pegue A RK Dela No Account Manager Da Conta E Anote, Nunca Passe A Sua Senha Para Outras Pessoas, E Ao Entrar Em Outros OT´s Crie Contas Diferentes Para Não Sofrer HACKED, Não Me Responsabilizo Por Perdas, Obrigado".
[06/03/2015 14:03:50] Account Manager has logged out.
[06/03/2015 14:03:56] Account Manager has logged in.
[06/03/2015 14:04:04] > CLEAN: Removed 6846 items from 3940 tiles in 0.477 seconds.
[06/03/2015 14:04:05] > Broadcasted message: "Map Cleaned.".
[06/03/2015 14:04:05] Account Manager has logged in.
[06/03/2015 14:04:06] Account Manager has logged out.
[06/03/2015 14:04:08] Dextrose has logged in.
[06/03/2015 14:04:20] Account Manager has logged out.
[06/03/2015 14:04:28] Knight Dos Crias has logged in.
[06/03/2015 14:05:24] Knight Dos Crias has logged out.
[06/03/2015 14:05:41] Slc Cachorrera has logged out.
[06/03/2015 14:05:41] Druid Da Viber has logged out.
[06/03/2015 14:05:43] Slc Cachorrera has logged in.
[06/03/2015 14:05:43] Mr Thug has logged in.
[06/03/2015 14:05:50] Slc Cachorrera has logged out.
[06/03/2015 14:05:51] Slc Chachorrera has logged in.
[06/03/2015 14:06:13] Slc Chachorrera has logged out.
[06/03/2015 14:06:24] Knight Dos Crias has logged in.
[06/03/2015 14:06:37] Knight Dos Crias has logged out.
[06/03/2015 14:06:43] Slc Cachorrera has logged in.
[06/03/2015 14:06:46] Slc Cachorrera has logged out.
[06/03/2015 14:06:47] Slc Chachorrera has logged in.
[06/03/2015 14:06:55] Slc Chachorrera has logged out.
[06/03/2015 14:07:00] Mr Thug has logged out.
[06/03/2015 14:07:06] Druid Da Viber has logged in.
[06/03/2015 14:07:15] Slc Cachorrera has logged in.
[06/03/2015 14:08:11] Anjo pk has logged out.
[06/03/2015 14:08:13] Anjo pk has logged in.
[06/03/2015 14:08:28] Druid Da Viber has logged out.
[06/03/2015 14:08:30] Druid Da Viber has logged in.
[06/03/2015 14:08:43] Kina da zueira has logged out.
[06/03/2015 14:08:44] Kina da zueira has logged in.
[06/03/2015 14:09:17] Kina da zueira has logged out.
[06/03/2015 14:09:19] Kina da zueira has logged in.
[06/03/2015 14:09:26] Microbiio I has logged in.
[06/03/2015 14:09:29] Microbiio I has logged out.
[06/03/2015 14:09:31] Knight Dos Crias has logged in.
[06/03/2015 14:09:36] > Broadcasted message: "New record: 14 players are logged in.".
[06/03/2015 14:09:37] Microbio I has logged in.
[06/03/2015 14:10:05] Kina da zueira has logged out.
[06/03/2015 14:10:06] Demonic Striker has logged in.
[06/03/2015 14:10:45] Druid Da Viber has logged out.
[06/03/2015 14:10:47] Long Viber has logged in.
[06/03/2015 14:10:56] Long Viber has logged out.
[06/03/2015 14:10:58] Mr Thug has logged in.
[06/03/2015 14:11:00] Mr Thug has logged out.
[06/03/2015 14:11:02] Druid Da Viber has logged in.
[06/03/2015 14:11:37] Knight Dos Crias has logged out.
[06/03/2015 14:11:39] Knight Dos Crias has logged in.
[06/03/2015 14:11:47] > Broadcasted message: "New record: 15 players are logged in.".
[06/03/2015 14:11:47] Nadador Arqueiro has logged in.
[06/03/2015 14:12:08] > Broadcasted message: "Novo CLIENTE = http://www.4shared.com/rar/cfxSV4o7ce/Death_PVP.html".
[06/03/2015 14:12:32] Knight Dos Crias has logged out.
[06/03/2015 14:12:34] Knight Dos Crias has logged in.
[06/03/2015 14:12:51] Nadador Arqueiro has logged out.
[06/03/2015 14:12:53] Nadador Arqueiro has logged in.
[06/03/2015 14:14:24] Druid Da Viber has logged out.
[06/03/2015 14:14:28] Vem Monstro has logged in.
[06/03/2015 14:14:45] Demonic Striker has logged out.
[06/03/2015 14:14:49] Kina da zueira has logged in.
[06/03/2015 14:14:56] Kina da zueira has logged out.
[06/03/2015 14:14:57] Demolidor Striker has logged in.
[06/03/2015 14:15:01] Demolidor Striker has logged out.
[06/03/2015 14:15:02] Kina da zueira has logged in.
[06/03/2015 14:15:06] Kina da zueira has logged out.
[06/03/2015 14:15:07] Demolidor Striker has logged in.
[06/03/2015 14:15:17] Vem Monstro has logged out.
[06/03/2015 14:15:18] Vem Monstro has logged in.
[06/03/2015 14:15:45] Vem Monstro has logged out.
[06/03/2015 14:15:46] Vem Monstro has logged in.
[06/03/2015 14:15:47] Fakedoi has logged out.
[06/03/2015 14:15:49] Jean has logged in.
[06/03/2015 14:15:50] Brimm-bromm has logged out.
[06/03/2015 14:15:52] Brimm-bromm has logged in.
[06/03/2015 14:15:53] > Saving server...
[06/03/2015 14:15:58] > SAVE: Complete in 4.059 seconds using relational house storage.
[06/03/2015 14:15:59] Jean has logged out.
[06/03/2015 14:16:01] Fakedoi has logged in.
[06/03/2015 14:16:25] Vem Monstro has logged out.
[06/03/2015 14:16:26] Vem Monstro has logged in.
[06/03/2015 14:16:35] Nadador Arqueiro has logged out.
[06/03/2015 14:16:37] Nadador Arqueiro has logged in.
[06/03/2015 14:16:44] Anjo pk has logged out.
[06/03/2015 14:16:46] Anjo pk has logged in.
[06/03/2015 14:17:37] > Broadcasted message: "New record: 16 players are logged in.".
[06/03/2015 14:17:38] Leaver has logged in.
[06/03/2015 14:17:40] Leaver has logged out.
[06/03/2015 14:17:44] Dextrose has logged out.
[06/03/2015 14:17:45] Brimm-bromm has logged out.
[06/03/2015 14:17:47] Brimm-bromm has logged in.
[06/03/2015 14:17:47] Leaver has logged in.
[06/03/2015 14:17:48] Dextrose has logged in.
[06/03/2015 14:17:48] Leaver has logged out.
[06/03/2015 14:17:59] Anjo pk has logged out.
[06/03/2015 14:17:59] Bruuno has logged in.
[06/03/2015 14:18:00] Bruuno has logged out.
[06/03/2015 14:18:04] Anjo pk has logged in.
[06/03/2015 14:18:05] Vem Monstro has logged out.
[06/03/2015 14:18:06] Vem Monstro has logged in.
[06/03/2015 14:18:31] Vem Monstro has logged out.
[06/03/2015 14:18:33] Vem Monstro has logged in.
[06/03/2015 14:19:10] Anjo pk has logged out.
[06/03/2015 14:19:11] Anjo pk has logged in.
[06/03/2015 14:19:25] Anjo pk has logged out.
[06/03/2015 14:19:27] Anjo pk has logged in.
[06/03/2015 14:19:55] Demolidor Striker has logged out.
[06/03/2015 14:19:56] Kina da zueira has logged in.
[06/03/2015 14:20:09] Anjo pk has logged out.
[06/03/2015 14:20:10] Kina da zueira has logged out.
[06/03/2015 14:20:11] Demolidor Striker has logged in.
[06/03/2015 14:20:13] > Broadcasted message: "Game map cleaning in 1 minute, please pick up all your items.".
[06/03/2015 14:20:15] Demolidor Striker has logged out.
[06/03/2015 14:20:16] Kina da zueira has logged in.
[06/03/2015 14:20:29] > Broadcasted message: "Para comprar bless digite !bless".
[06/03/2015 14:20:30] Knight Dos Crias has logged out.
[06/03/2015 14:20:32] Knight Dos Crias has logged in.
[06/03/2015 14:20:34] Kanguru Jack has logged out.
[06/03/2015 14:20:43] > CLEAN: Removed 11220 items from 6638 tiles in 0.392 seconds.
[06/03/2015 14:20:44] > Broadcasted message: "Map Cleaned.".
[06/03/2015 14:20:52] Kina da zueira has logged out.
[06/03/2015 14:20:54] Kina da zueira has logged in.
[06/03/2015 14:21:09] Anj pk has logged in.
[06/03/2015 14:21:13] Anj pk has logged out.
[06/03/2015 14:21:18] Anjo pk has logged in.
[06/03/2015 14:21:33] Kina da zueira has logged out.
[06/03/2015 14:21:35] Kina da zueira has logged in.
[06/03/2015 14:21:39] Anjo pk has logged out.
[06/03/2015 14:21:46] Kina da zueira has logged out.
[06/03/2015 14:21:47] Kina da zueira has logged in.
[06/03/2015 14:22:16] Nadador Arqueiro has logged out.
[06/03/2015 14:22:18] Vem Monstro has logged out.
[06/03/2015 14:22:19] Nadador Arqueiro has logged in.
[06/03/2015 14:22:19] Vem Monstro has logged in.
[06/03/2015 14:22:56] Knight Dos Crias has logged out.
[06/03/2015 14:22:57] Knight Dos Crias has logged in.
[06/03/2015 14:23:11] Hiroshi has logged out.
[06/03/2015 14:23:12] Vem Monstro has logged out.
[06/03/2015 14:23:14] Druid Da Viber has logged in.
[06/03/2015 14:23:34] Anjo pk has logged in.
[06/03/2015 14:23:45] Anjo pk has logged out.
[06/03/2015 14:24:25] Slc Cachorrera has logged out.
[06/03/2015 14:24:38] Druid Da Viber has logged out.
[06/03/2015 14:24:39] Mr Thug has logged in.
[06/03/2015 14:24:41] Mage Ziika has logged out.
[06/03/2015 14:24:42] Account Manager has logged in.
[06/03/2015 14:24:43] Mr Thug has logged out.
[06/03/2015 14:24:46] Vem Monstro has logged in.
[06/03/2015 14:24:51] Account Manager has logged out.
[06/03/2015 14:25:21] Mage Ziika has logged in.
[06/03/2015 14:25:28] Vem Monstro has logged out.
[06/03/2015 14:25:30] Mr Thug has logged in.
[06/03/2015 14:25:56] Nadador Arqueiro has logged out.
[06/03/2015 14:25:57] Nadador Arqueiro has logged in.
[06/03/2015 14:26:51] Anjo pk has logged in.
[06/03/2015 14:26:54] > Saving server...
[06/03/2015 14:26:57] > SAVE: Complete in 3.247 seconds using relational house storage.
[06/03/2015 14:26:59] Account Manager has logged in.
[06/03/2015 14:27:03] Account Manager has logged out.
[06/03/2015 14:27:20] Menino Mal has logged in.
[06/03/2015 14:27:36] Nadador Arqueiro has logged out.
[06/03/2015 14:27:40] Nadador Arqueiro has logged in.
[06/03/2015 14:27:56] Dextrose has logged out.
[06/03/2015 14:28:09] Dextrose has logged in.
[06/03/2015 14:28:37] Kina da zueira has logged out.
[06/03/2015 14:28:38] Kina da zueira has logged in.
[06/03/2015 14:28:50] > Broadcasted message: "Novo CLIENTE = http://www.4shared.com/rar/cfxSV4o7ce/Death_PVP.html".
[06/03/2015 14:29:01] Hiroshi has logged in.
[06/03/2015 14:30:12] Brimm-bromm has logged out.
[06/03/2015 14:30:14] Brimm-bromm has logged in.
[06/03/2015 14:30:21] Dextrose has logged out.
[06/03/2015 14:30:25] Dextrose has logged in.
[06/03/2015 14:30:38] Hiroshi has logged out.
[06/03/2015 14:30:40] Hiroshi has logged in.
[06/03/2015 14:31:30] Kurosaki Ichigo has logged out.
[06/03/2015 14:31:40] Dextrose has logged out.
[06/03/2015 14:31:42] Dextrose has logged in.
[06/03/2015 14:31:52] Jhonnie Walker has logged in.
[06/03/2015 14:32:55] Hiroshi has logged out.
[06/03/2015 14:32:57] Hiroshi has logged in.
[06/03/2015 14:33:11] Brimm-bromm has logged out.
[06/03/2015 14:33:13] Brimm-bromm has logged in.
[06/03/2015 14:33:41] Mr Thug has logged out.
[06/03/2015 14:33:42] Nadador Arqueiro has logged out.
[06/03/2015 14:33:43] Mr Thug has logged in.
[06/03/2015 14:33:47] Nadador Arqueiro has logged in.
[06/03/2015 14:34:22] Dextrose has logged out.
[06/03/2015 14:34:26] Dextrose has logged in.
[06/03/2015 14:35:09] Nadador Arqueiro has logged out.
[06/03/2015 14:35:11] Nadador Arqueiro has logged in.
[06/03/2015 14:35:43] Brimm-bromm has logged out.
[06/03/2015 14:35:44] Brimm-bromm has logged in.
[06/03/2015 14:35:47] Mr Thug has logged out.
[06/03/2015 14:35:48] Mr Thug has logged in.
[06/03/2015 14:35:53] Brimm-bromm has logged out.
[06/03/2015 14:35:55] Brimm-bromm has logged in.
[06/03/2015 14:36:42] Anjo pk has logged out.
[06/03/2015 14:36:44] Anjo pk has logged in.
[06/03/2015 14:36:54] > Broadcasted message: "Game map cleaning in 1 minute, please pick up all your items.".
[06/03/2015 14:36:56] Anjo pk has logged out.
[06/03/2015 14:36:57] Anjo pk has logged in.
[06/03/2015 14:37:11] > Broadcasted message: "Novo CLIENTE = http://www.4shared.com/rar/cfxSV4o7ce/Death_PVP.html".
[06/03/2015 14:37:25] > CLEAN: Removed 11200 items from 6161 tiles in 0.377 seconds.
[06/03/2015 14:37:25] > Broadcasted message: "Map Cleaned.".
[06/03/2015 14:38:02] Nadador Arqueiro has logged out.
[06/03/2015 14:38:04] Nadador Arqueiro has logged in.
[06/03/2015 14:39:34] Knight Dos Crias has logged out.
[06/03/2015 14:40:21] Brimm-bromm has logged out.
[06/03/2015 14:40:22] Brimm-bromm has logged in.
[06/03/2015 14:40:52] Nadador Arqueiro has logged out.
[06/03/2015 14:41:28] Hiroshi has logged out.
[06/03/2015 14:41:30] Hiroshi has logged in.
[06/03/2015 14:44:37] Menino Mal has logged out.
[06/03/2015 14:45:16] Jhonnie Walker has logged out.
[06/03/2015 14:45:32] > Broadcasted message: "Para ver as noticias fale !notice".
[06/03/2015 14:46:07] Kina da zueira has logged out.
[06/03/2015 14:46:08] Demonic Striker has logged in.
[06/03/2015 14:46:15] Demonic Striker has logged out.
[06/03/2015 14:46:15] Kina da zueira has logged in.
[06/03/2015 14:46:20] Kina da zueira has logged out.
[06/03/2015 14:46:20] Demonic Striker has logged in.
[06/03/2015 14:46:45] Brimm-bromm has logged out.
[06/03/2015 14:46:47] Mr Thug has logged out.
[06/03/2015 14:46:47] Brimm-bromm has logged in.
[06/03/2015 14:46:48] Mr Thug has logged in.
[06/03/2015 14:48:00] Kurosaki Ichigo has logged in.
[06/03/2015 14:48:52] Anjo pk has logged out.
[06/03/2015 14:48:54] Anjo pk has logged in.
[06/03/2015 14:49:51] Fakedoi has logged out.
[06/03/2015 14:49:54] Fakedoi has logged in.
[06/03/2015 14:50:15] > Saving server...
[06/03/2015 14:50:18] > SAVE: Complete in 3.066 seconds using relational house storage.
[06/03/2015 14:51:52] Demonic Striker has logged out.
[06/03/2015 14:51:54] Demonic Striker has logged in.
[06/03/2015 14:53:34] Marcao Camelodromo has logged in.
[06/03/2015 14:53:35] > Broadcasted message: "Game map cleaning in 1 minute, please pick up all your items.".
[06/03/2015 14:53:36] Marcao Camelodromo has logged out.
[06/03/2015 14:53:37] Marcao Camelodromo has logged in.
[06/03/2015 14:53:38] Marcao Camelodromo has logged out.
[06/03/2015 14:53:40] Mateus has logged in.
[06/03/2015 14:53:40] Marcao Camelodromo has logged in.
[06/03/2015 14:53:43] Marcao Camelodromo has logged out.
[06/03/2015 14:53:46] Mateus has logged out.
[06/03/2015 14:53:53] > Broadcasted message: "Para ver as noticias fale !notice".
[06/03/2015 14:54:01] Demonic Striker has logged out.
[06/03/2015 14:54:03] Demonic Striker has logged in.
[06/03/2015 14:54:06] > CLEAN: Removed 12205 items from 6168 tiles in 0.401 seconds.
[06/03/2015 14:54:06] > Broadcasted message: "Map Cleaned.".
[06/03/2015 14:55:40] Brimm-bromm has logged out.
[06/03/2015 14:55:40] Brimm-bromm has logged in.
[06/03/2015 14:56:29] Ultimate Archer has logged in.
[06/03/2015 14:56:32] Demonic Striker has logged out.
[06/03/2015 14:56:35] Demonic Striker has logged in.
[06/03/2015 14:56:57] Demonic Striker has logged out.
[06/03/2015 14:56:59] Demonic Striker has logged in.
[06/03/2015 15:00:35] Mr Thug has logged out.
[06/03/2015 15:00:37] Mr Thug has logged in.
[06/03/2015 15:00:50] Fakedoi has logged out.
[06/03/2015 15:00:51] Fakedoi has logged in.
[06/03/2015 15:01:17] Pala Nas Sombras has logged in.
[06/03/2015 15:01:18] Mr Thug has logged out.
[06/03/2015 15:01:28] Mete Akky has logged in.
[06/03/2015 15:02:12] Mete Akky has logged out.
[06/03/2015 15:02:14] > Broadcasted message: "Para ver as noticias fale !notice".
[06/03/2015 15:07:08] Demonic Striker has logged out.
[06/03/2015 15:07:09] Kina da zueira has logged in.
[06/03/2015 15:07:19] Kina da zueira has logged out.
[06/03/2015 15:07:20] Demonic Striker has logged in.
[06/03/2015 15:10:16] > Broadcasted message: "Game map cleaning in 1 minute, please pick up all your items.".
[06/03/2015 15:10:35] > Broadcasted message: "Para comprar bless digite !bless".
[06/03/2015 15:10:47] > CLEAN: Removed 17493 items from 7776 tiles in 0.425 seconds.
[06/03/2015 15:10:48] > Broadcasted message: "Map Cleaned.".
[06/03/2015 15:12:19] Brimm-bromm has logged out.
[06/03/2015 15:12:53] Menino Mal has logged in.
[06/03/2015 15:12:57] Fakedoi has logged out.
[06/03/2015 15:12:58] Jean has logged in.
[06/03/2015 15:13:36] > Saving server...
[06/03/2015 15:13:39] > SAVE: Complete in 3.214 seconds using relational house storage.
[06/03/2015 15:13:40] Jean has logged out.
[06/03/2015 15:13:41] Fakedoi has logged in.
[06/03/2015 15:13:55] Demonic Striker has logged out.
[06/03/2015 15:13:57] Demonic Striker has logged in.
[06/03/2015 15:13:58] Ultimate Archer has logged out.
[06/03/2015 15:14:02] Fakedoi has logged out.
[06/03/2015 15:14:20] Fakedoi has logged in.
[06/03/2015 15:18:56] > Broadcasted message: "Novo CLIENTE = http://www.4shared.com/rar/cfxSV4o7ce/Death_PVP.html".
[06/03/2015 15:19:12] Microbio I has logged out.
[06/03/2015 15:20:22] Druidzerah Mythus has logged out.
[06/03/2015 15:20:55] Demonic Striker has logged out.
[06/03/2015 15:20:59] > Saving server...
[06/03/2015 15:21:02] > SAVE: Complete in 2.484 seconds using relational house storage.
[06/03/2015 15:21:02] Mage Ziika has logged out.
[06/03/2015 15:21:03] Hiroshi has logged out.
[06/03/2015 15:21:06] Dextrose has logged out.
[06/03/2015 15:21:11] Menino Mal has logged out.
[06/03/2015 15:26:57] > Broadcasted message: "Game map cleaning in 1 minute, please pick up all your items.".
[06/03/2015 15:27:17] > Broadcasted message: "Novo CLIENTE = http://www.4shared.com/rar/cfxSV4o7ce/Death_PVP.html".
[06/03/2015 15:27:28] > CLEAN: Removed 7239 items from 5059 tiles in 0.51 seconds.
[06/03/2015 15:27:29] > Broadcasted message: "Map Cleaned.".
[06/03/2015 15:29:41] Kurosaki Ichigo has logged out.
[06/03/2015 15:31:37] Anjo pk has logged out.
[06/03/2015 15:34:56] Pala Nas Sombras has logged out.
[06/03/2015 15:35:38] > Broadcasted message: "Novo CLIENTE = http://www.4shared.com/rar/cfxSV4o7ce/Death_PVP.html".
[06/03/2015 15:36:57] > Saving server...
[06/03/2015 15:36:58] > SAVE: Complete in 1.493 seconds using relational house storage.
[06/03/2015 15:43:38] > Broadcasted message: "Game map cleaning in 1 minute, please pick up all your items.".
[06/03/2015 15:43:59] > Broadcasted message: "Sempre Ao Criar Uma Conta, Pegue A RK Dela No Account Manager Da Conta E Anote, Nunca Passe A Sua Senha Para Outras Pessoas, E Ao Entrar Em Outros OT´s Crie Contas Diferentes Para Não Sofrer HACKED, Não Me Responsabilizo Por Perdas, Obrigado".
[06/03/2015 15:44:09] > CLEAN: Removed 0 items from 3 tiles in 0.232 seconds.
[06/03/2015 15:44:09] > Broadcasted message: "Map Cleaned.".
[06/03/2015 15:52:20] > Broadcasted message: "Novo CLIENTE = http://www.4shared.com/rar/cfxSV4o7ce/Death_PVP.html".
[06/03/2015 16:00:18] > Saving server...
[06/03/2015 16:00:20] > SAVE: Complete in 1.379 seconds using relational house storage.
[06/03/2015 16:00:20] > Broadcasted message: "Game map cleaning in 1 minute, please pick up all your items.".
[06/03/2015 16:00:41] > Broadcasted message: "Novo CLIENTE = http://www.4shared.com/rar/cfxSV4o7ce/Death_PVP.html".
[06/03/2015 16:00:51] > CLEAN: Removed 0 items from 0 tiles in 0.21 seconds.
[06/03/2015 16:00:51] > Broadcasted message: "Map Cleaned.".
[06/03/2015 16:09:02] > Broadcasted message: "Para comprar bless digite !bless".
[06/03/2015 16:17:01] > Broadcasted message: "Game map cleaning in 1 minute, please pick up all your items.".
[06/03/2015 16:17:23] > Broadcasted message: "Sempre Ao Criar Uma Conta, Pegue A RK Dela No Account Manager Da Conta E Anote, Nunca Passe A Sua Senha Para Outras Pessoas, E Ao Entrar Em Outros OT´s Crie Contas Diferentes Para Não Sofrer HACKED, Não Me Responsabilizo Por Perdas, Obrigado".
[06/03/2015 16:17:32] > CLEAN: Removed 0 items from 0 tiles in 0.218 seconds.
[06/03/2015 16:17:32] > Broadcasted message: "Map Cleaned.".
[06/03/2015 16:23:39] > Saving server...
[06/03/2015 16:23:40] > SAVE: Complete in 1.504 seconds using relational house storage.
[06/03/2015 16:25:44] > Broadcasted message: "Para comprar bless digite !bless".
[06/03/2015 16:33:42] > Broadcasted message: "Game map cleaning in 1 minute, please pick up all your items.".
[06/03/2015 16:34:05] > Broadcasted message: "Para comprar bless digite !bless".
[06/03/2015 16:34:12] > CLEAN: Removed 0 items from 0 tiles in 0.171 seconds.
[06/03/2015 16:34:13] > Broadcasted message: "Map Cleaned.".
[06/03/2015 16:39:01] Fakedoi has logged out.
[06/03/2015 16:39:02] > Saving server...
[06/03/2015 16:39:03] > SAVE: Complete in 1.358 seconds using relational house storage.
[06/03/2015 16:39:04] Preparing to shutdown server..
[06/03/2015 16:39:17] The Forgotten Server, version 0.3.4 (Crying Damson)
[06/03/2015 16:39:17] Sever Criado Por Alissow e Comedinha.
[06/03/2015 16:39:18] Publicidade: www.sotserv.blogspot.com <- <- <- Tudo sobre otserv.
[06/03/2015 16:39:18] Bom Jogo!!!
[06/03/2015 16:39:18] 
[06/03/2015 16:39:18] >> Debugging: nothing.
[06/03/2015 16:39:18] >> Checking software version... failed - could not parse remote file (are you connected to the internet?)
[06/03/2015 16:39:40] 
[06/03/2015 16:39:40] >> Loading config (config.lua)
[06/03/2015 16:39:40] > Using plaintext passwords
[06/03/2015 16:39:40] >> Loading RSA key
[06/03/2015 16:39:40] >> Starting SQL connection
[06/03/2015 16:39:40] >> Running Database Manager
[06/03/2015 16:39:41] > Optimized database.
[06/03/2015 16:39:41] >> Loading items
[06/03/2015 16:39:41] >> Loading groups
[06/03/2015 16:39:41] >> Loading vocations
[06/03/2015 16:39:41] >> Loading script systems
[06/03/2015 16:39:42] >> Loading chat channels
[06/03/2015 16:39:42] >> Loading outfits
[06/03/2015 16:39:42] >> Loading experience stages
[06/03/2015 16:39:42] >> Loading monsters
[06/03/2015 16:39:43] >> Loading map and spawns...
[06/03/2015 16:39:44] > Map size: 65000x65000.
[06/03/2015 16:39:44] > Map descriptions: 
[06/03/2015 16:39:44] Saved with Remere's Map Editor 2.2
[06/03/2015 16:39:44] No map description available.
[06/03/2015 16:39:45] Duplicate uniqueId 2407
[06/03/2015 16:39:48] > Map loading time: 4.929 seconds.
[06/03/2015 16:39:49] > Data loading time: 0.702 seconds.
[06/03/2015 16:39:49] > Unserialization time for houses: 0.016 seconds.
[06/03/2015 16:40:13] > Unserialization time for map: 23.712 seconds.
[06/03/2015 16:40:13] >> Checking world type... PvP
[06/03/2015 16:40:13] >> Initializing game state modules and registering services...
[06/03/2015 16:40:14] > Global address: deathpvp.no-ip.biz
[06/03/2015 16:40:14] > Local ports:
[06/03/2015 16:40:14] 7171	7172	
[06/03/2015 16:40:14] >> All modules were loaded, server starting up...
[06/03/2015 16:40:15] >> OT Death server Online!
[06/03/2015 16:40:15] 
[06/03/2015 16:41:02] sqlite3_step(): SQLITE ERROR: columns id, world_id are not unique
[06/03/2015 16:41:03] Account Manager has logged in.
[06/03/2015 16:41:06] Account Manager has logged in.
[06/03/2015 16:41:07] Account Manager has logged out.
[06/03/2015 16:41:11] Account Manager has logged out.
[06/03/2015 16:41:18] Kurosaki Ichigo has logged in.
[06/03/2015 16:41:21] Hiroshi has logged in.
[06/03/2015 16:42:13] Account Manager has logged in.
[06/03/2015 16:42:16] Account Manager has logged out.
[06/03/2015 16:42:17] Account Manager has logged in.
[06/03/2015 16:42:18] Account Manager has logged out.
[06/03/2015 16:42:39] Dextrose has logged in.
[06/03/2015 16:42:40] Mage Ziika has logged in.
[06/03/2015 16:48:03] > Broadcasted message: "Para comprar bless digite !bless".
[06/03/2015 16:48:47] Account Manager has logged in.
[06/03/2015 16:48:50] Account Manager has logged out.
[06/03/2015 16:48:58] Account Manager has logged in.
[06/03/2015 16:49:16] Eu Gosto De Buceta has logged in.
[06/03/2015 16:49:18] Eu Gosto De Buceta has logged out.
[06/03/2015 16:49:54] Account Manager has logged out.
[06/03/2015 16:50:27] Knight Dos Crias has logged in.
[06/03/2015 16:52:13] Knight Dos Crias has logged out.
[06/03/2015 16:53:07] Menino Mal has logged in.
[06/03/2015 16:56:23] > Broadcasted message: "Game map cleaning in 1 minute, please pick up all your items.".
[06/03/2015 16:56:24] > Broadcasted message: "Para ver as noticias fale !notice".
[06/03/2015 16:56:53] > CLEAN: Removed 4592 items from 3312 tiles in 0.384 seconds.
[06/03/2015 16:56:54] > Broadcasted message: "Map Cleaned.".
[06/03/2015 16:57:01] Menino Mal has logged out.
[06/03/2015 16:57:03] Menino Mal has logged in.
[06/03/2015 16:57:25] Nadador Arqueiro has logged in.
[06/03/2015 16:58:08] Nadador Arqueiro has logged out.
[06/03/2015 16:58:10] Nadador Arqueiro has logged in.
[06/03/2015 17:01:12] Nadador Arqueiro has logged out.
[06/03/2015 17:01:59] Nadador Arqueiro has logged in.
[06/03/2015 17:03:08] > Saving server...
[06/03/2015 17:03:11] > SAVE: Complete in 2.304 seconds using relational house storage.
[06/03/2015 17:03:20] Account Manager has logged in.
[06/03/2015 17:03:21] Account Manager has logged out.
[06/03/2015 17:03:48] Jureminha Paladin has logged in.
[06/03/2015 17:04:45] > Broadcasted message: "Para comprar bless digite !bless".
[06/03/2015 17:05:05] Jureminha Paladin has logged out.
[06/03/2015 17:05:06] Eu Gosto De Buceta has logged in.
[06/03/2015 17:08:40] Account Manager has logged in.
[06/03/2015 17:09:02] Nadador Arqueiro has logged out.
[06/03/2015 17:09:04] Nadador Arqueiro has logged in.
[06/03/2015 17:09:38] Nadador Arqueiro has logged out.
[06/03/2015 17:09:40] Nadador Arqueiro has logged in.
[06/03/2015 17:10:14] Nadador Arqueiro has logged out.
[06/03/2015 17:10:15] Nadador Arqueiro has logged in.
[06/03/2015 17:10:35] Account Manager has logged out.
[06/03/2015 17:10:50] Account Manager has logged in.
[06/03/2015 17:11:05] Account Manager has logged out.
[06/03/2015 17:11:09] Menino Mal has logged out.
[06/03/2015 17:11:10] Menino Mal has logged in.
[06/03/2015 17:11:15] Account Manager has logged in.
[06/03/2015 17:11:30] Nadador Arqueiro has logged out.
[06/03/2015 17:11:32] Nadador Arqueiro has logged in.
[06/03/2015 17:11:35] Account Manager has logged out.
[06/03/2015 17:13:04] > Broadcasted message: "Game map cleaning in 1 minute, please pick up all your items.".
[06/03/2015 17:13:06] > Broadcasted message: "Sempre Ao Criar Uma Conta, Pegue A RK Dela No Account Manager Da Conta E Anote, Nunca Passe A Sua Senha Para Outras Pessoas, E Ao Entrar Em Outros OT´s Crie Contas Diferentes Para Não Sofrer HACKED, Não Me Responsabilizo Por Perdas, Obrigado".
[06/03/2015 17:13:22] Menino Mal has logged out.
[06/03/2015 17:13:23] Menino Mal has logged in.
[06/03/2015 17:13:34] Account Manager has logged in.
[06/03/2015 17:13:34] > CLEAN: Removed 6759 items from 3972 tiles in 0.286 seconds.
[06/03/2015 17:13:34] > Broadcasted message: "Map Cleaned.".
[06/03/2015 17:14:32] Account Manager has logged out.
[06/03/2015 17:14:47] Account Manager has logged in.
[06/03/2015 17:15:12] Account Manager has logged out.
[06/03/2015 17:15:20] Anjo pk has logged in.
[06/03/2015 17:18:33] Druidzerah Mythus has logged in.
[06/03/2015 17:18:55] Kurosaki Ichigo has logged out.
[06/03/2015 17:19:05] Anjo pk has logged out.
[06/03/2015 17:19:06] Lucas has logged in.
[06/03/2015 17:19:10] Menino Mal has logged out.
[06/03/2015 17:19:10] Lucas has logged out.
[06/03/2015 17:19:12] Anjo pk has logged in.
[06/03/2015 17:19:13] Menino Mal has logged in.
[06/03/2015 17:21:24] Anjo pk has logged out.
[06/03/2015 17:21:27] > Broadcasted message: "Novo CLIENTE = http://www.4shared.com/rar/cfxSV4o7ce/Death_PVP.html".
[06/03/2015 17:21:43] Menino Mal has logged out.
[06/03/2015 17:21:45] Menino Mal has logged in.
[06/03/2015 17:21:49] Anjo pk has logged in.
[06/03/2015 17:22:17] Anjo pk has logged out.
[06/03/2015 17:24:03] Eu Gosto De Buceta has logged out.
[06/03/2015 17:25:28] Dextrose has logged out.
[06/03/2015 17:25:31] Hauzerah Mythus has logged in.
[06/03/2015 17:25:52] Hiroshi has logged out.
[06/03/2015 17:25:59] Harry Potter has logged in.
[06/03/2015 17:26:13] Eu Gosto De Buceta has logged in.
[06/03/2015 17:26:29] > Saving server...
[06/03/2015 17:26:31] > SAVE: Complete in 2.465 seconds using relational house storage.
[06/03/2015 17:27:19] Kurosaki Ichigo has logged in.
[06/03/2015 17:27:33] Nadador Arqueiro has logged out.
[06/03/2015 17:27:36] Nadador Arqueiro has logged in.
[06/03/2015 17:27:40] Nadador Arqueiro has logged out.
[06/03/2015 17:27:45] Anjo pk has logged in.
[06/03/2015 17:27:47] Nadador Knight has logged in.
[06/03/2015 17:27:57] Eu Gosto De Buceta has logged out.
[06/03/2015 17:27:58] Eu Gosto De Buceta has logged in.
[06/03/2015 17:28:36] Harry Potter has logged out.
[06/03/2015 17:28:46] Hauzerah Mythus has logged out.
[06/03/2015 17:28:49] Dextrose has logged in.
[06/03/2015 17:28:54] Hiroshi has logged in.
[06/03/2015 17:28:58] Dextrose has logged out.
[06/03/2015 17:29:00] Hauzerah Mythus has logged in.
[06/03/2015 17:29:04] Hauzerah Mythus has logged out.
[06/03/2015 17:29:06] Dextrose has logged in.
[06/03/2015 17:29:45] > Broadcasted message: "Game map cleaning in 1 minute, please pick up all your items.".
[06/03/2015 17:29:48] > Broadcasted message: "Para comprar bless digite !bless".
[06/03/2015 17:30:00] Pala Nas Sombras has logged in.
[06/03/2015 17:30:11] Fakedoi has logged in.
[06/03/2015 17:30:16] > CLEAN: Removed 7510 items from 4623 tiles in 0.405 seconds.
[06/03/2015 17:30:16] > Broadcasted message: "Map Cleaned.".
[06/03/2015 17:30:41] Nadador Knight has logged out.
[06/03/2015 17:30:48] Nadador Arqueiro has logged in.
[06/03/2015 17:31:09] Anjo pk has logged out.
[06/03/2015 17:31:11] Anjo pk has logged in.
[06/03/2015 17:31:14] Menino Mal has logged out.
[06/03/2015 17:31:15] Account Manager has logged in.
[06/03/2015 17:31:36] Account Manager has logged out.
[06/03/2015 17:31:44] Menino Mal has logged in.
[06/03/2015 17:31:53] Menino Mal has logged out.
[06/03/2015 17:31:54] Lks Mormaii has logged in.
[06/03/2015 17:32:15] Lks Mormaii has logged out.
[06/03/2015 17:32:16] Menino Mal has logged in.
[06/03/2015 17:32:20] Menino Mal has logged out.
[06/03/2015 17:32:21] Tudo Dois has logged in.
[06/03/2015 17:32:38] Pala Nas Sombras has logged out.
[06/03/2015 17:32:40] Pala Nas Sombras has logged in.
[06/03/2015 17:32:42] Tudo Dois has logged out.
[06/03/2015 17:32:43] Menino Mal has logged in.
[06/03/2015 17:32:45] Menino Mal has logged out.
[06/03/2015 17:32:46] Lks Mormaii has logged in.
[06/03/2015 17:34:52] Nadador Arqueiro has logged out.
[06/03/2015 17:35:10] Anjo pk has logged out.
[06/03/2015 17:35:11] Anjo pk has logged in.
[06/03/2015 17:35:49] Nadador Arqueiro has logged in.
[06/03/2015 17:36:49] Account Manager has logged in.
[06/03/2015 17:37:06] Account Manager has logged in.
[06/03/2015 17:37:07] Account Manager has logged out.
[06/03/2015 17:37:11] Account Manager has logged in.
[06/03/2015 17:37:12] Account Manager has logged out.
[06/03/2015 17:38:08] Hiroshi has logged out.
[06/03/2015 17:38:10] > Broadcasted message: "Para comprar bless digite !bless".
[06/03/2015 17:38:14] Hiroshi has logged in.
[06/03/2015 17:38:19] Dextrose has logged out.
[06/03/2015 17:38:22] Dextrose has logged in.
[06/03/2015 17:38:36] Dextrose has logged out.
[06/03/2015 17:39:11] Account Manager has logged out.
[06/03/2015 17:39:37] Hiroshi has logged out.
[06/03/2015 17:39:39] Hiroshi has logged in.
[06/03/2015 17:40:41] Anjo pk has logged out.
[06/03/2015 17:42:21] Nadador Arqueiro has logged out.
[06/03/2015 17:42:22] Mage Ziika has logged out.
[06/03/2015 17:42:23] Nadador Arqueiro has logged in.
[06/03/2015 17:42:28] Hiroshi has logged out.
[06/03/2015 17:43:08] Anjo pk has logged in.
[06/03/2015 17:43:10] Mage Ziika has logged in.
[06/03/2015 17:44:08] Mateus has logged in.
[06/03/2015 17:44:14] Mateus has logged out.
[06/03/2015 17:44:17] Lks Mormaii has logged out.
[06/03/2015 17:44:18] Tudo Dois has logged in.
[06/03/2015 17:44:21] Tudo Dois has logged out.
[06/03/2015 17:44:21] Menino Mal has logged in.
[06/03/2015 17:44:38] Kurosaki Ichigo has logged out.
[06/03/2015 17:44:39] Menino Mal has logged out.
[06/03/2015 17:44:40] Lks Mormaii has logged in.
[06/03/2015 17:45:06] Hiroshi has logged in.
[06/03/2015 17:45:17] Nadador Arqueiro has logged out.
[06/03/2015 17:45:20] Nadador Arqueiro has logged in.
[06/03/2015 17:46:26] > Broadcasted message: "Game map cleaning in 1 minute, please pick up all your items.".
[06/03/2015 17:46:31] > Broadcasted message: "Sempre Ao Criar Uma Conta, Pegue A RK Dela No Account Manager Da Conta E Anote, Nunca Passe A Sua Senha Para Outras Pessoas, E Ao Entrar Em Outros OT´s Crie Contas Diferentes Para Não Sofrer HACKED, Não Me Responsabilizo Por Perdas, Obrigado".
[06/03/2015 17:46:44] Anjo pk has logged out.
[06/03/2015 17:46:57] > CLEAN: Removed 12181 items from 6132 tiles in 0.43 seconds.
[06/03/2015 17:46:57] > Broadcasted message: "Map Cleaned.".
[06/03/2015 17:47:14] Anjo pk has logged in.
[06/03/2015 17:48:27] Kurosaki Ichigo has logged in.
[06/03/2015 17:48:55] Eu Gosto De Buceta has logged out.
[06/03/2015 17:49:21] Eu Gosto De Buceta has logged in.
[06/03/2015 17:49:25] Eu Gosto De Buceta has logged out.
[06/03/2015 17:49:27] Pala Nas Sombras has logged out.
[06/03/2015 17:49:36] Anjo pk has logged out.
[06/03/2015 17:49:37] Anjo pk has logged in.
[06/03/2015 17:49:50] > Saving server...
[06/03/2015 17:49:52] > SAVE: Complete in 2.427 seconds using relational house storage.
[06/03/2015 17:50:01] Jureminha Paladin has logged in.
[06/03/2015 17:50:14] Jureminha Paladin has logged out.
[06/03/2015 17:50:15] Eu Gosto De Buceta has logged in.
[06/03/2015 17:50:59] Nadador Arqueiro has logged out.
[06/03/2015 17:51:00] Nadador Arqueiro has logged in.
[06/03/2015 17:51:35] Lks Mormaii has logged out.
[06/03/2015 17:51:37] Lks Mormaii has logged in.
[06/03/2015 17:51:47] Nadador Arqueiro has logged out.
[06/03/2015 17:51:49] Nadador Arqueiro has logged in.
[06/03/2015 17:52:07] Account Manager has logged in.
[06/03/2015 17:52:10] Account Manager has logged out.
[06/03/2015 17:52:22] Account Manager has logged in.
[06/03/2015 17:52:30] Anjo pk has logged out.
[06/03/2015 17:52:31] Anjo pk has logged in.
[06/03/2015 17:52:40] Account Manager has logged out.
[06/03/2015 17:52:48] Account Manager has logged in.
[06/03/2015 17:52:58] Nadador Arqueiro has logged out.
[06/03/2015 17:53:00] Nadador Arqueiro has logged in.
[06/03/2015 17:53:01] Eu Gosto De Buceta has logged out.
[06/03/2015 17:53:11] Jureminha Paladin has logged in.
[06/03/2015 17:53:14] Jureminha Paladin has logged out.
[06/03/2015 17:53:15] Eu Gosto De Buceta has logged in.
[06/03/2015 17:53:25] Account Manager has logged out.
[06/03/2015 17:53:31] Knight has logged in.
[06/03/2015 17:54:20] Nadador Arqueiro has logged out.
[06/03/2015 17:54:22] Nadador Arqueiro has logged in.
[06/03/2015 17:54:52] > Broadcasted message: "Sempre Ao Criar Uma Conta, Pegue A RK Dela No Account Manager Da Conta E Anote, Nunca Passe A Sua Senha Para Outras Pessoas, E Ao Entrar Em Outros OT´s Crie Contas Diferentes Para Não Sofrer HACKED, Não Me Responsabilizo Por Perdas, Obrigado".
[06/03/2015 17:55:30] Knight has logged out.
[06/03/2015 17:55:32] Knight has logged in.
[06/03/2015 17:55:40] Nadador Arqueiro has logged out.
[06/03/2015 17:55:43] Nadador Arqueiro has logged in.
[06/03/2015 17:56:16] Lks Mormaii has logged out.
[06/03/2015 17:56:17] Lks Mormaii has logged in.
[06/03/2015 17:56:32] Knight has logged out.
[06/03/2015 17:56:34] Knight has logged in.
[06/03/2015 17:56:48] Eu Gosto De Buceta has logged out.
[06/03/2015 17:56:53] Lks Mormaii has logged out.
[06/03/2015 17:56:54] Lks Mormaii has logged in.
[06/03/2015 17:57:02] Lks Mormaii has logged out.
[06/03/2015 17:57:07] Merlin Scort has logged in.
[06/03/2015 17:57:44] Eu Gosto De Buceta has logged in.
[06/03/2015 17:57:48] Lks Mormaii has logged in.
[06/03/2015 17:58:19] Merlin Scort has logged out.
[06/03/2015 17:58:33] Lks Mormaii has logged out.
[06/03/2015 17:58:38] Knight has logged out.
[06/03/2015 17:58:40] Knight has logged in.
[06/03/2015 17:58:42] Merlin Scort has logged in.
[06/03/2015 17:58:46] Merlin Scort has logged out.
[06/03/2015 17:58:53] Lks Mormaii has logged in.
[06/03/2015 17:59:26] Anjo pk has logged out.
[06/03/2015 17:59:41] Anjo pk has logged in.
[06/03/2015 17:59:47] Anjo pk has logged out.
[06/03/2015 17:59:57] Anjo pk has logged in.
[06/03/2015 18:00:53] Anjo pk has logged out.
[06/03/2015 18:01:02] Nadador Arqueiro has logged out.
[06/03/2015 18:01:06] Nadador Arqueiro has logged in.
[06/03/2015 18:01:19] Anjo pk has logged in.
[06/03/2015 18:01:39] Anjo pk has logged out.
[06/03/2015 18:02:05] Eu Gosto De Buceta has logged out.
[06/03/2015 18:02:07] Jureminha Paladin has logged in.
[06/03/2015 18:02:10] Anjo pk has logged in.
[06/03/2015 18:02:32] Jureminha Paladin has logged out.
[06/03/2015 18:02:33] Eu Gosto De Buceta has logged in.
[06/03/2015 18:02:50] Anjo pk has logged out.
[06/03/2015 18:02:55] Anjo pk has logged in.
[06/03/2015 18:03:07] > Broadcasted message: "Game map cleaning in 1 minute, please pick up all your items.".
[06/03/2015 18:03:13] > Broadcasted message: "Sempre Ao Criar Uma Conta, Pegue A RK Dela No Account Manager Da Conta E Anote, Nunca Passe A Sua Senha Para Outras Pessoas, E Ao Entrar Em Outros OT´s Crie Contas Diferentes Para Não Sofrer HACKED, Não Me Responsabilizo Por Perdas, Obrigado".
[06/03/2015 18:03:38] > CLEAN: Removed 17388 items from 7413 tiles in 0.683 seconds.
[06/03/2015 18:03:38] > Broadcasted message: "Map Cleaned.".
[06/03/2015 18:03:47] Anjo pk has logged out.
[06/03/2015 18:04:08] Anjo pk has logged in.
[06/03/2015 18:04:30] Knight has logged out.
[06/03/2015 18:04:33] Knight has logged in.
[06/03/2015 18:04:45] Lks Mormaii has logged out.
[06/03/2015 18:04:46] Lks Mormaii has logged in.
[06/03/2015 18:04:56] Knight has logged out.
[06/03/2015 18:05:18] Anjo pk has logged out.
[06/03/2015 18:07:15] Anjo pk has logged in.
[06/03/2015 18:07:44] Anjo pk has logged out.
[06/03/2015 18:07:50] Anjo pk has logged in.
[06/03/2015 18:08:05] Anjo pk has logged out.
[06/03/2015 18:08:10] Lucas has logged in.
[06/03/2015 18:08:14] Lucas has logged out.
[06/03/2015 18:08:47] Anjo pk has logged in.
[06/03/2015 18:09:46] Anjo pk has logged out.
[06/03/2015 18:10:00] Anjo pk has logged in.
[06/03/2015 18:11:34] > Broadcasted message: "Sempre Ao Criar Uma Conta, Pegue A RK Dela No Account Manager Da Conta E Anote, Nunca Passe A Sua Senha Para Outras Pessoas, E Ao Entrar Em Outros OT´s Crie Contas Diferentes Para Não Sofrer HACKED, Não Me Responsabilizo Por Perdas, Obrigado".
[06/03/2015 18:13:11] > Saving server...
[06/03/2015 18:13:14] > SAVE: Complete in 3.089 seconds using relational house storage.
[06/03/2015 18:19:20] Druidzerah Mythus has logged out.
[06/03/2015 18:19:48] > Broadcasted message: "Game map cleaning in 1 minute, please pick up all your items.".
[06/03/2015 18:19:55] > Broadcasted message: "Sempre Ao Criar Uma Conta, Pegue A RK Dela No Account Manager Da Conta E Anote, Nunca Passe A Sua Senha Para Outras Pessoas, E Ao Entrar Em Outros OT´s Crie Contas Diferentes Para Não Sofrer HACKED, Não Me Responsabilizo Por Perdas, Obrigado".
[06/03/2015 18:20:19] > CLEAN: Removed 15186 items from 6345 tiles in 0.518 seconds.
[06/03/2015 18:20:19] > Broadcasted message: "Map Cleaned.".
[06/03/2015 18:20:57] Fakedoi has logged out.
[06/03/2015 18:21:04] Pala Nas Sombras has logged in.
[06/03/2015 18:21:06] Fakedoi has logged in.
[06/03/2015 18:21:55] Nadador Arqueiro has logged out.
[06/03/2015 18:22:21] Hiroshi has logged out.
[06/03/2015 18:25:00] Druidzerah Mythus has logged in.
[06/03/2015 18:28:16] > Broadcasted message: "Para comprar bless digite !bless".
[06/03/2015 18:31:31] Brimm-bromm has logged in.
[06/03/2015 18:32:50] Fakedoi has logged out.
[06/03/2015 18:34:21] Account Manager has logged in.
[06/03/2015 18:34:25] Kurosaki Ichigo has logged out.
[06/03/2015 18:34:31] Account Manager has logged out.
[06/03/2015 18:36:05] Account Manager has logged in.
[06/03/2015 18:36:08] Account Manager has logged out.
[06/03/2015 18:36:09] Brimm-bromm has logged out.
[06/03/2015 18:36:10] Brimm-bromm has logged in.
[06/03/2015 18:36:16] Fakedoi has logged in.
[06/03/2015 18:36:29] > Broadcasted message: "Game map cleaning in 1 minute, please pick up all your items.".
[06/03/2015 18:36:32] > Saving server...
[06/03/2015 18:36:35] > SAVE: Complete in 2.604 seconds using relational house storage.
[06/03/2015 18:36:37] > Broadcasted message: "Sempre Ao Criar Uma Conta, Pegue A RK Dela No Account Manager Da Conta E Anote, Nunca Passe A Sua Senha Para Outras Pessoas, E Ao Entrar Em Outros OT´s Crie Contas Diferentes Para Não Sofrer HACKED, Não Me Responsabilizo Por Perdas, Obrigado".
[06/03/2015 18:37:00] > CLEAN: Removed 8481 items from 4126 tiles in 0.379 seconds.
[06/03/2015 18:37:00] > Broadcasted message: "Map Cleaned.".
[06/03/2015 18:37:42] Lks Mormaii has logged out.
[06/03/2015 18:37:43] Eu Gosto De Buceta has logged out.
[06/03/2015 18:37:55] Eu Gosto De Buceta has logged in.
[06/03/2015 18:39:28] Jhonnie Walker has logged in.
[06/03/2015 18:39:29] Jhonnie Walker has logged out.
[06/03/2015 18:40:10] Account Manager has logged in.
[06/03/2015 18:40:12] Account Manager has logged out.
[06/03/2015 18:40:13] Account Manager has logged in.
[06/03/2015 18:40:15] Account Manager has logged out.
[06/03/2015 18:40:16] Kurosaki Ichigo has logged in.
[06/03/2015 18:40:17] Account Manager has logged in.
[06/03/2015 18:40:18] Account Manager has logged out.
[06/03/2015 18:40:20] Account Manager has logged in.
[06/03/2015 18:40:21] Account Manager has logged out.
[06/03/2015 18:40:28] Marcao Camelodromo has logged in.
[06/03/2015 18:40:30] Marcao Camelodromo has logged out.
[06/03/2015 18:40:32] Marcao Camelodromo has logged in.
[06/03/2015 18:40:33] Marcao Camelodromo has logged out.
[06/03/2015 18:40:36] Marcao Camelodromo has logged in.
[06/03/2015 18:40:37] Marcao Camelodromo has logged out.
[06/03/2015 18:40:39] Marcao Camelodromo has logged in.
[06/03/2015 18:40:40] Marcao Camelodromo has logged out.
[06/03/2015 18:40:43] Account Manager has logged in.
[06/03/2015 18:40:44] Account Manager has logged out.
[06/03/2015 18:40:47] Marcao Camelodromo has logged in.
[06/03/2015 18:40:49] Marcao Camelodromo has logged out.
[06/03/2015 18:40:51] Marcao Camelodromo has logged in.
[06/03/2015 18:40:52] Marcao Camelodromo has logged out.
[06/03/2015 18:40:54] Marcao Camelodromo has logged in.
[06/03/2015 18:40:55] Marcao Camelodromo has logged out.
[06/03/2015 18:41:35] Account Manager has logged in.
[06/03/2015 18:41:36] Account Manager has logged out.
[06/03/2015 18:41:38] Account Manager has logged in.
[06/03/2015 18:41:39] Account Manager has logged out.
[06/03/2015 18:41:40] Account Manager has logged in.
[06/03/2015 18:41:41] Account Manager has logged out.
[06/03/2015 18:42:19] Account Manager has logged in.
[06/03/2015 18:42:20] Account Manager has logged out.
[06/03/2015 18:42:32] Account Manager has logged in.
[06/03/2015 18:42:34] Account Manager has logged out.
[06/03/2015 18:43:50] Druidzerah Mythus has logged out.
[06/03/2015 18:44:13] Mage Ziika has logged out.
[06/03/2015 18:44:58] > Broadcasted message: "Novo CLIENTE = http://www.4shared.com/rar/cfxSV4o7ce/Death_PVP.html".
[06/03/2015 18:45:14] Mage Ziika has logged in.
[06/03/2015 18:45:58] Druidzerah Mythus has logged in.
[06/03/2015 18:46:02] Account Manager has logged in.
[06/03/2015 18:46:17] Account Manager has logged out.
[06/03/2015 18:46:22] Account Manager has logged in.
[06/03/2015 18:46:37] Account Manager has logged out.
[06/03/2015 18:46:42] Account Manager has logged in.
[06/03/2015 18:46:55] Account Manager has logged out.
[06/03/2015 18:47:02] Lordd master has logged in.
[06/03/2015 18:49:11] Skize Da Xurupita has logged in.
[06/03/2015 18:49:32] Skize Da Xurupita has logged out.
[06/03/2015 18:50:55] Lks Mormaii has logged in.
[06/03/2015 18:52:42] Brimm-bromm has logged out.
[06/03/2015 18:53:10] > Broadcasted message: "Game map cleaning in 1 minute, please pick up all your items.".
[06/03/2015 18:53:19] > Broadcasted message: "Para comprar bless digite !bless".
[06/03/2015 18:53:41] > CLEAN: Removed 12810 items from 4884 tiles in 0.388 seconds.
[06/03/2015 18:53:41] > Broadcasted message: "Map Cleaned.".
[06/03/2015 18:53:55] Anjo pk has logged out.
[06/03/2015 18:54:07] Anjo pk has logged in.
[06/03/2015 18:56:10] Pala Nas Sombras has logged out.
[06/03/2015 18:56:43] Eu Gosto De Buceta has logged out.
[06/03/2015 18:57:55] Eu Gosto De Buceta has logged in.
[06/03/2015 18:59:53] > Saving server...
[06/03/2015 18:59:57] > SAVE: Complete in 2.717 seconds using relational house storage.
[06/03/2015 19:01:24] Nadador Arqueiro has logged in.
[06/03/2015 19:01:40] > Broadcasted message: "Para comprar bless digite !bless".
[06/03/2015 19:02:46] Anjo pk has logged out.
[06/03/2015 19:02:49] Anjo pk has logged in.
[06/03/2015 19:03:29] Lordd master has logged out.
[06/03/2015 19:04:15] Nadador Arqueiro has logged out.
[06/03/2015 19:04:23] Nadador Knight has logged in.
[06/03/2015 19:08:12] Knight has logged in.
[06/03/2015 19:09:16] Lks Mormaii has logged out.
[06/03/2015 19:09:18] Lks Mormaii has logged in.
[06/03/2015 19:09:51] > Broadcasted message: "Game map cleaning in 1 minute, please pick up all your items.".
[06/03/2015 19:10:01] > Broadcasted message: "Novo CLIENTE = http://www.4shared.com/rar/cfxSV4o7ce/Death_PVP.html".
[06/03/2015 19:10:22] > CLEAN: Removed 13330 items from 5165 tiles in 0.844 seconds.
[06/03/2015 19:10:23] > Broadcasted message: "Map Cleaned.".
[06/03/2015 19:10:32] Nadador Knight has logged out.
[06/03/2015 19:10:34] Nadador Knight has logged in.
[06/03/2015 19:11:03] Lks Mormaii has logged out.
[06/03/2015 19:11:04] Lks Mormaii has logged in.
[06/03/2015 19:12:01] Nadador Knight has logged out.
[06/03/2015 19:12:01] 
[06/03/2015 19:12:02] Lua Script Error: [CreatureScript Interface] 
[06/03/2015 19:12:02] data/creaturescripts/scripts/playerdeath.lua:onDeath
[06/03/2015 19:12:02] 
[06/03/2015 19:12:02] luaGetCreatureName(). Creature not found
[06/03/2015 19:12:03] 
[06/03/2015 19:12:03] Lua Script Error: [CreatureScript Interface] 
[06/03/2015 19:12:03] data/creaturescripts/scripts/playerdeath.lua:onDeath
[06/03/2015 19:12:03] 
[06/03/2015 19:12:03] luaGetCreatureName(). Creature not found
[06/03/2015 19:12:04] Lks Mormaii has logged out.
[06/03/2015 19:12:05] Nadador Knight has logged in.
[06/03/2015 19:12:06] Lks Mormaii has logged in.
[06/03/2015 19:12:09] Nadador Knight has logged out.
[06/03/2015 19:12:18] Nadador Arqueiro has logged in.
[06/03/2015 19:12:30] Anjo pk has logged out.
[06/03/2015 19:12:32] Anjo pk has logged in.
[06/03/2015 19:12:54] Knight has logged out.
[06/03/2015 19:12:58] Knight has logged in.
[06/03/2015 19:13:27] Nadador Arqueiro has logged out.
[06/03/2015 19:13:38] Nadador Knight has logged in.
[06/03/2015 19:14:11] Lks Mormaii has logged out.
[06/03/2015 19:14:13] Lks Mormaii has logged in.
[06/03/2015 19:14:17] Lady girl has logged in.
[06/03/2015 19:15:31] Nadador Knight has logged out.
[06/03/2015 19:15:45] Nadador Arqueiro has logged in.
[06/03/2015 19:17:50] Knight Dos Crias has logged in.
[06/03/2015 19:18:22] > Broadcasted message: "Novo CLIENTE = http://www.4shared.com/rar/cfxSV4o7ce/Death_PVP.html".
[06/03/2015 19:18:30] Lks Mormaii has logged out.
[06/03/2015 19:18:32] Lks Mormaii has logged in.
[06/03/2015 19:18:57] Lks Mormaii has logged out.
[06/03/2015 19:19:01] Lks Mormaii has logged in.
[06/03/2015 19:19:17] Anjo pk has logged out.
[06/03/2015 19:19:19] Anjo pk has logged in.
[06/03/2015 19:19:52] Knight has logged out.
[06/03/2015 19:19:54] Knight has logged in.
[06/03/2015 19:20:06] Knight Dos Crias has logged out.
[06/03/2015 19:20:07] Nadador Arqueiro has logged out.
[06/03/2015 19:20:10] Nadador Arqueiro has logged in.
[06/03/2015 19:20:10] Knight Dos Crias has logged in.
[06/03/2015 19:20:33] Knight Dos Crias has logged out.
[06/03/2015 19:20:35] Knight Dos Crias has logged in.
[06/03/2015 19:20:56] Lks Mormaii has logged out.
[06/03/2015 19:20:58] Lks Mormaii has logged in.
[06/03/2015 19:21:02] Knight Dos Crias has logged out.
[06/03/2015 19:21:04] Nadador Arqueiro has logged out.
[06/03/2015 19:21:05] Knight Dos Crias has logged in.
[06/03/2015 19:21:07] Nadador Arqueiro has logged in.
[06/03/2015 19:21:28] Lks Mormaii has logged out.
[06/03/2015 19:21:30] Lks Mormaii has logged in.
[06/03/2015 19:21:40] Anjo pk has logged out.
[06/03/2015 19:21:41] Anjo pk has logged in.
[06/03/2015 19:21:52] Anjo pk has logged out.
[06/03/2015 19:21:53] Anjo pk has logged in.
[06/03/2015 19:22:16] Nadador Arqueiro has logged out.
[06/03/2015 19:22:18] Nadador Arqueiro has logged in.
[06/03/2015 19:22:50] Druidzerah Mythus has logged out.
[06/03/2015 19:23:00] Druidzerah Mythus has logged in.
[06/03/2015 19:23:06] Lks Mormaii has logged out.
[06/03/2015 19:23:07] Lks Mormaii has logged in.
[06/03/2015 19:23:10] Nadador Arqueiro has logged out.
[06/03/2015 19:23:12] Nadador Arqueiro has logged in.
[06/03/2015 19:23:14] > Saving server...
[06/03/2015 19:23:18] > SAVE: Complete in 3.458 seconds using relational house storage.
[06/03/2015 19:23:26] Knight Dos Crias has logged out.
[06/03/2015 19:23:28] Knight Dos Crias has logged in.
[06/03/2015 19:23:49] Slc Cachorrera has logged in.
[06/03/2015 19:24:36] Knight Dos Crias has logged out.
[06/03/2015 19:24:37] 
[06/03/2015 19:24:37] Lua Script Error: [CreatureScript Interface] 
[06/03/2015 19:24:38] data/creaturescripts/scripts/playerdeath.lua:onDeath
[06/03/2015 19:24:38] 
[06/03/2015 19:24:38] luaGetCreatureName(). Creature not found
[06/03/2015 19:24:38] 
[06/03/2015 19:24:38] Lua Script Error: [CreatureScript Interface] 
[06/03/2015 19:24:39] data/creaturescripts/scripts/playerdeath.lua:onDeath
[06/03/2015 19:24:39] 
[06/03/2015 19:24:39] luaGetCreatureName(). Creature not found
[06/03/2015 19:24:40] Lks Mormaii has logged out.
[06/03/2015 19:24:41] Knight Dos Crias has logged in.
[06/03/2015 19:24:42] Lks Mormaii has logged in.
[06/03/2015 19:24:59] Hiroshi has logged in.
[06/03/2015 19:25:13] Fakedoi has logged out.
[06/03/2015 19:25:15] Jean has logged in.
[06/03/2015 19:25:16] Knight Dos Crias has logged out.
[06/03/2015 19:25:18] Knight Dos Crias has logged in.
[06/03/2015 19:25:46] Knight has logged out.
[06/03/2015 19:25:48] Knight has logged in.
[06/03/2015 19:25:57] Lks Mormaii has logged out.
[06/03/2015 19:25:59] Lks Mormaii has logged in.
[06/03/2015 19:26:00] Knight has logged out.
[06/03/2015 19:26:02] Knight has logged in.
[06/03/2015 19:26:14] Knight has logged out.
[06/03/2015 19:26:15] Hiroshi has logged out.
[06/03/2015 19:26:15] Knight has logged in.
[06/03/2015 19:26:16] Hiroshi has logged in.
[06/03/2015 19:26:32] > Broadcasted message: "Game map cleaning in 1 minute, please pick up all your items.".
[06/03/2015 19:26:38] Knight has logged out.
[06/03/2015 19:26:39] Knight has logged in.
[06/03/2015 19:26:43] > Broadcasted message: "Novo CLIENTE = http://www.4shared.com/rar/cfxSV4o7ce/Death_PVP.html".
[06/03/2015 19:26:55] Knight has logged out.
[06/03/2015 19:26:57] Knight has logged in.
[06/03/2015 19:27:01] Slc Cachorrera has logged out.
[06/03/2015 19:27:02] Slc Cachorrera has logged in.
[06/03/2015 19:27:03] > CLEAN: Removed 10836 items from 5747 tiles in 0.561 seconds.
[06/03/2015 19:27:04] > Broadcasted message: "Map Cleaned.".
[06/03/2015 19:27:22] Anjo pk has logged out.
[06/03/2015 19:27:28] Anjo pk has logged in.
[06/03/2015 19:27:34] Knight has logged out.
[06/03/2015 19:27:36] Knight has logged in.
[06/03/2015 19:27:37] Knight Dos Crias has logged out.
[06/03/2015 19:27:41] Knight Dos Crias has logged in.
[06/03/2015 19:28:15] Lks Mormaii has logged out.
[06/03/2015 19:28:17] Lks Mormaii has logged in.
[06/03/2015 19:28:44] Knight Dos Crias has logged out.
[06/03/2015 19:28:46] Knight Dos Crias has logged in.
[06/03/2015 19:28:48] Anjo pk has logged out.
[06/03/2015 19:28:48] Knight has logged out.
[06/03/2015 19:28:50] Anjo pk has logged in.
[06/03/2015 19:28:50] Knight has logged in.
[06/03/2015 19:28:52] Slc Cachorrera has logged out.
[06/03/2015 19:28:54] Slc Cachorrera has logged in.
[06/03/2015 19:28:57] Anjo pk has logged out.
[06/03/2015 19:28:58] Anjo pk has logged in.
[06/03/2015 19:29:00] Knight has logged out.
[06/03/2015 19:29:02] Knight has logged in.
[06/03/2015 19:29:03] Anjo pk has logged out.
[06/03/2015 19:29:05] Anjo pk has logged in.
[06/03/2015 19:29:18] Anjo pk has logged out.
[06/03/2015 19:29:20] Anj pk has logged in.
[06/03/2015 19:29:31] Knight has logged out.
[06/03/2015 19:29:34] Knight has logged in.
[06/03/2015 19:29:43] Anj pk has logged out.
[06/03/2015 19:29:44] Anjo pk has logged in.
[06/03/2015 19:30:35] Knight Dos Crias has logged out.
[06/03/2015 19:30:38] Knight Dos Crias has logged in.
[06/03/2015 19:30:58] Jean has logged out.
[06/03/2015 19:31:00] Fakedoi has logged in.
[06/03/2015 19:31:12] Lks Mormaii has logged out.
[06/03/2015 19:31:13] Nadador Arqueiro has logged out.
[06/03/2015 19:31:14] Lks Mormaii has logged in.
[06/03/2015 19:31:17] Nadador Arqueiro has logged in.
[06/03/2015 19:31:20] Anjo pk has logged out.
[06/03/2015 19:31:25] Anjo pk has logged in.
[06/03/2015 19:31:48] Fakedoi has logged out.
[06/03/2015 19:31:49] Jean has logged in.
[06/03/2015 19:32:01] Kurosaki Ichigo has logged out.
[06/03/2015 19:32:11] Nadador Arqueiro has logged out.
[06/03/2015 19:32:13] Nadador Arqueiro has logged in.
[06/03/2015 19:32:17] Lks Mormaii has logged out.
[06/03/2015 19:32:18] Lks Mormaii has logged in.
[06/03/2015 19:32:31] Knight Dos Crias has logged out.
[06/03/2015 19:32:33] Knight Dos Crias has logged in.
[06/03/2015 19:32:34] Hiroshi has logged out.
[06/03/2015 19:32:36] Lks Mormaii has logged out.
[06/03/2015 19:32:37] Lks Mormaii has logged in.
[06/03/2015 19:32:37] Hiroshi has logged in.
[06/03/2015 19:33:04] Knight has logged out.
[06/03/2015 19:33:06] Knight has logged in.
[06/03/2015 19:33:19] Knight Dos Crias has logged out.
[06/03/2015 19:33:20] Knight Dos Crias has logged in.
[06/03/2015 19:33:21] Slc Cachorrera has logged out.
[06/03/2015 19:33:22] Slc Cachorrera has logged in.
[06/03/2015 19:33:33] Slc Cachorrera has logged out.
[06/03/2015 19:33:35] Slc Cachorrera has logged in.
[06/03/2015 19:33:36] Kurosaki Ichigo has logged in.
[06/03/2015 19:33:42] Knight Dos Crias has logged out.
[06/03/2015 19:33:43] Knight Dos Crias has logged in.
[06/03/2015 19:33:48] Anjo pk has logged out.
[06/03/2015 19:33:49] Lks Mormaii has logged out.
[06/03/2015 19:33:50] Anjo pk has logged in.
[06/03/2015 19:33:50] Lks Mormaii has logged in.
[06/03/2015 19:33:59] Nadador Arqueiro has logged out.
[06/03/2015 19:34:00] Lks Mormaii has logged out.
[06/03/2015 19:34:02] Lks Mormaii has logged in.
[06/03/2015 19:34:03] Nadador Arqueiro has logged in.
[06/03/2015 19:34:47] Nadador Arqueiro has logged out.
[06/03/2015 19:34:50] Nadador Arqueiro has logged in.
[06/03/2015 19:35:04] > Broadcasted message: "Sempre Ao Criar Uma Conta, Pegue A RK Dela No Account Manager Da Conta E Anote, Nunca Passe A Sua Senha Para Outras Pessoas, E Ao Entrar Em Outros OT´s Crie Contas Diferentes Para Não Sofrer HACKED, Não Me Responsabilizo Por Perdas, Obrigado".
[06/03/2015 19:35:08] Nadador Arqueiro has logged out.
[06/03/2015 19:35:35] 
[06/03/2015 19:35:35] Lua Script Error: [Action Interface] 
[06/03/2015 19:35:35] data/actions/scripts/destroyfield.lua:onUse
[06/03/2015 19:35:36] 
[06/03/2015 19:35:36] luaGetThingFromPos(). Tile not found
[06/03/2015 19:35:37] Knight Dos Crias has logged out.
[06/03/2015 19:35:39] Knight Dos Crias has logged in.
[06/03/2015 19:35:41] Slc Cachorrera has logged out.
[06/03/2015 19:35:42] Slc Cachorrera has logged in.
[06/03/2015 19:35:46] Knight has logged out.
[06/03/2015 19:35:49] Knight has logged in.
[06/03/2015 19:35:59] > Broadcasted message: "Ice Lord esta atacando o templo com seu set perfeito.".
[06/03/2015 19:35:59] Account Manager has logged in.
[06/03/2015 19:36:04] Lks Mormaii has logged out.
[06/03/2015 19:36:04] Account Manager has logged out.
[06/03/2015 19:36:06] Anjo pk has logged out.
[06/03/2015 19:36:06] Lks Mormaii has logged in.
[06/03/2015 19:36:07] Anjo pk has logged in.
[06/03/2015 19:36:11] Dextrose has logged in.
[06/03/2015 19:37:05] Slc Cachorrera has logged out.
[06/03/2015 19:37:06] Slc Cachorrera has logged in.
[06/03/2015 19:37:17] Knight Dos Crias has logged out.
[06/03/2015 19:37:20] Knight Dos Crias has logged in.
[06/03/2015 19:37:21] Slc Cachorrera has logged out.
[06/03/2015 19:37:23] Slc Cachorrera has logged in.
[06/03/2015 19:37:29] Lks Mormaii has logged out.
[06/03/2015 19:37:30] 
[06/03/2015 19:37:30] Lua Script Error: [CreatureScript Interface] 
[06/03/2015 19:37:30] data/creaturescripts/scripts/playerdeath.lua:onDeath
[06/03/2015 19:37:30] 
[06/03/2015 19:37:30] luaGetCreatureName(). Creature not found
[06/03/2015 19:37:31] 
[06/03/2015 19:37:31] Lua Script Error: [CreatureScript Interface] 
[06/03/2015 19:37:31] data/creaturescripts/scripts/playerdeath.lua:onDeath
[06/03/2015 19:37:31] 
[06/03/2015 19:37:31] luaGetCreatureName(). Creature not found
[06/03/2015 19:37:32] Knight Dos Crias has logged out.
[06/03/2015 19:37:34] Lks Mormaii has logged in.
[06/03/2015 19:37:34] Knight Dos Crias has logged in.
[06/03/2015 19:39:07] Druidzerah Mythus has logged out.
[06/03/2015 19:39:15] Druidzerah Mythus has logged in.
[06/03/2015 19:40:26] Anjo pk has logged out.
[06/03/2015 19:40:28] Anjo pk has logged in.
[06/03/2015 19:40:43] Eu Gosto De Buceta has logged out.
[06/03/2015 19:41:08] Eu Gosto De Buceta has logged in.
[06/03/2015 19:41:40] Knight has logged out.
[06/03/2015 19:41:41] Knight has logged in.
[06/03/2015 19:42:01] Knight has logged out.
[06/03/2015 19:42:03] Knight has logged in.
[06/03/2015 19:42:15] Account Manager has logged in.
[06/03/2015 19:42:19] Account Manager has logged out.
[06/03/2015 19:42:27] Account Manager has logged in.
[06/03/2015 19:42:28] Knight has logged out.
[06/03/2015 19:42:30] Knight has logged in.
[06/03/2015 19:42:30] Account Manager has logged out.
[06/03/2015 19:42:31] Jhonnie Walker has logged in.
[06/03/2015 19:42:42] Knight has logged out.
[06/03/2015 19:42:43] Knight has logged in.
[06/03/2015 19:42:53] Anjo pk has logged out.
[06/03/2015 19:42:55] Anjo pk has logged in.
[06/03/2015 19:42:59] Knight has logged out.
[06/03/2015 19:43:01] Knight has logged in.
[06/03/2015 19:43:13] > Broadcasted message: "Game map cleaning in 1 minute, please pick up all your items.".
[06/03/2015 19:43:16] Knight has logged out.
[06/03/2015 19:43:17] Knight has logged in.
[06/03/2015 19:43:22] Knight Dos Crias has logged out.
[06/03/2015 19:43:23] Knight Dos Crias has logged in.
[06/03/2015 19:43:25] Knight has logged out.
[06/03/2015 19:43:26] > Broadcasted message: "Para ver as noticias fale !notice".
[06/03/2015 19:43:27] Knight has logged in.
[06/03/2015 19:43:32] Anjo pk has logged out.
[06/03/2015 19:43:35] Knight has logged out.
[06/03/2015 19:43:36] Anjo pk has logged in.
[06/03/2015 19:43:37] Knight has logged in.
[06/03/2015 19:43:40] Kurosaki Ichigo has logged out.
[06/03/2015 19:43:43] Kurosaki Ichigo has logged in.
[06/03/2015 19:43:44] > CLEAN: Removed 11106 items from 5721 tiles in 0.455 seconds.
[06/03/2015 19:43:44] > Broadcasted message: "Map Cleaned.".
[06/03/2015 19:45:17] Jhonnie Walker has logged out.
[06/03/2015 19:45:17] Mage Ziika has logged out.
[06/03/2015 19:45:18] Coronel Brandock has logged in.
[06/03/2015 19:45:20] Hiroshi has logged out.
[06/03/2015 19:45:27] Coronel Brandock has logged out.
[06/03/2015 19:45:28] Jhonnie Walker has logged in.
[06/03/2015 19:45:33] Jhonnie Walker has logged out.
[06/03/2015 19:45:34] Account Manager has logged in.
[06/03/2015 19:45:46] Lks Mormaii has logged out.
[06/03/2015 19:45:49] Lks Mormaii has logged in.
[06/03/2015 19:45:51] Account Manager has logged out.
[06/03/2015 19:46:06] Quero epic has logged in.
[06/03/2015 19:46:13] Quero epic has logged out.
[06/03/2015 19:46:14] Jhonnie Walker has logged in.
[06/03/2015 19:46:26] Mage Ziika has logged in.
[06/03/2015 19:46:36] > Saving server...
[06/03/2015 19:46:40] > SAVE: Complete in 3.884 seconds using relational house storage.
[06/03/2015 19:46:47] Jhonnie Walker has logged out.
[06/03/2015 19:47:01] Knight Dos Crias has logged out.
[06/03/2015 19:47:26] Lord Of Shadows has logged in.
[06/03/2015 19:47:29] Lord Of Shadows has logged out.
[06/03/2015 19:47:30] Morris has logged in.
[06/03/2015 19:47:32] Honda has logged in.
[06/03/2015 19:47:47] Hiroshi has logged in.
[06/03/2015 19:47:48] Lks Mormaii has logged out.
[06/03/2015 19:47:50] Lks Mormaii has logged in.
[06/03/2015 19:48:53] Morris has logged out.
[06/03/2015 19:48:55] Lord Of Shadows has logged in.
[06/03/2015 19:49:02] Lord Of Shadows has logged out.
[06/03/2015 19:49:03] Morris has logged in.
[06/03/2015 19:49:32] Kurosaki Ichigo has logged out.
[06/03/2015 19:49:35] Kurosaki Ichigo has logged in.
[06/03/2015 19:49:36] Quero epic has logged in.
[06/03/2015 19:49:37] Quero epic has logged out.
[06/03/2015 19:50:21] Hiroshi has logged out.
[06/03/2015 19:50:26] Lks Mormaii has logged out.
[06/03/2015 19:50:28] Lks Mormaii has logged in.
[06/03/2015 19:50:31] Hiroshi has logged in.
[06/03/2015 19:51:02] Morris has logged out.
[06/03/2015 19:51:47] > Broadcasted message: "Para ver as noticias fale !notice".
[06/03/2015 19:51:50] Jean has logged out.
[06/03/2015 19:51:56] Honda has logged out.
[06/03/2015 19:51:58] Honda has logged in.
[06/03/2015 19:52:06] Jhonnie Walker has logged in.
[06/03/2015 19:52:07] Jhonnie Walker has logged out.
[06/03/2015 19:52:23] Jhonnie Walker has logged in.
[06/03/2015 19:52:23] Jhonnie Walker has logged out.
[06/03/2015 19:54:12] Knight has logged out.
[06/03/2015 19:54:14] Knight has logged in.
[06/03/2015 19:55:07] Dextrose has logged out.
[06/03/2015 19:55:10] Knight Of Rajada has logged in.
[06/03/2015 19:55:18] Kurosaki Ichigo has logged out.
[06/03/2015 19:55:19] Knight Of Rajada has logged out.
[06/03/2015 19:55:22] Kurosaki Ichigo has logged in.
[06/03/2015 19:55:31] Dextrose has logged in.
[06/03/2015 19:58:26] Hiroshi has logged out.
[06/03/2015 19:59:05] Hiroshi has logged in.
[06/03/2015 19:59:54] > Broadcasted message: "Game map cleaning in 1 minute, please pick up all your items.".
[06/03/2015 20:00:08] > Broadcasted message: "Novo CLIENTE = http://www.4shared.com/rar/cfxSV4o7ce/Death_PVP.html".
[06/03/2015 20:00:25] > CLEAN: Removed 10579 items from 5745 tiles in 0.32 seconds.
[06/03/2015 20:00:25] > Broadcasted message: "Map Cleaned.".
[06/03/2015 20:02:01] Anjo pk has logged out.
[06/03/2015 20:02:23] Anjo pk has logged in.
[06/03/2015 20:02:57] Hiroshi has logged out.
[06/03/2015 20:03:00] Hiroshi has logged in.
[06/03/2015 20:03:05] Pala Nas Sombras has logged in.
[06/03/2015 20:04:03] Slc Cachorrera has logged out.
[06/03/2015 20:04:32] Nadador Arqueiro has logged in.
[06/03/2015 20:08:09] Honda has logged out.
[06/03/2015 20:08:29] > Broadcasted message: "Novo CLIENTE = http://www.4shared.com/rar/cfxSV4o7ce/Death_PVP.html".
[06/03/2015 20:09:56] > Saving server...
[06/03/2015 20:10:00] > SAVE: Complete in 3.753 seconds using relational house storage.
[06/03/2015 20:10:05] Lks Mormaii has logged out.
[06/03/2015 20:10:08] Lks Mormaii has logged in.
[06/03/2015 20:10:21] Kanguru Jack has logged in.
[06/03/2015 20:11:04] Nadador Arqueiro has logged out.
[06/03/2015 20:11:55] Nadador Arqueiro has logged in.
[06/03/2015 20:16:22] Lady girl has logged out.
[06/03/2015 20:16:35] > Broadcasted message: "Game map cleaning in 1 minute, please pick up all your items.".
[06/03/2015 20:16:49] Lady girl has logged in.
[06/03/2015 20:16:50] > Broadcasted message: "Sempre Ao Criar Uma Conta, Pegue A RK Dela No Account Manager Da Conta E Anote, Nunca Passe A Sua Senha Para Outras Pessoas, E Ao Entrar Em Outros OT´s Crie Contas Diferentes Para Não Sofrer HACKED, Não Me Responsabilizo Por Perdas, Obrigado".
[06/03/2015 20:17:05] > CLEAN: Removed 13075 items from 6578 tiles in 0.512 seconds.
[06/03/2015 20:17:06] > Broadcasted message: "Map Cleaned.".
[06/03/2015 20:17:10] Eu Gosto De Buceta has logged out.
[06/03/2015 20:17:18] Eu Gosto De Buceta has logged in.
[06/03/2015 20:19:11] Anjo pk has logged out.
[06/03/2015 20:19:19] Lks Mormaii has logged out.
[06/03/2015 20:19:21] Lks Mormaii has logged in.
[06/03/2015 20:20:40] Lks Mormaii has logged out.
[06/03/2015 20:20:42] Lks Mormaii has logged in.
[06/03/2015 20:21:08] Anjo pk has logged in.
[06/03/2015 20:21:15] Pala Nas Sombras has logged out.
[06/03/2015 20:22:25] Lks Mormaii has logged out.
[06/03/2015 20:22:27] Lks Mormaii has logged in.
[06/03/2015 20:22:50] Dextrose has logged out.
[06/03/2015 20:22:53] Dextrose has logged in.
[06/03/2015 20:23:42] Knight has logged out.
[06/03/2015 20:23:59] Anjo pk has logged out.
[06/03/2015 20:24:25] Knight Dos Crias has logged in.
[06/03/2015 20:25:11] > Broadcasted message: "Para comprar bless digite !bless".
[06/03/2015 20:25:12] Nadador Arqueiro has logged out.
[06/03/2015 20:25:18] Nadador Knight has logged in.
[06/03/2015 20:25:38] Anjo pk has logged in.
[06/03/2015 20:25:55] Mage Ziika has logged out.
[06/03/2015 20:25:58] Dextrose has logged out.
[06/03/2015 20:25:58] Mage Ziika has logged in.
[06/03/2015 20:25:59] Mage Ziika has logged out.
[06/03/2015 20:26:01] Dextrose has logged in.
[06/03/2015 20:26:06] Mage Ziika has logged in.
[06/03/2015 20:26:51] Nadador Knight has logged out.
[06/03/2015 20:26:53] Nadador Knight has logged in.
[06/03/2015 20:26:54] Knight Dos Crias has logged out.
[06/03/2015 20:27:23] Druidzerah Mythus has logged out.
[06/03/2015 20:27:24] Druidzerah Mythus has logged in.
[06/03/2015 20:27:34] Nadador Knight has logged out.
[06/03/2015 20:27:41] Nadador Arqueiro has logged in.
[06/03/2015 20:28:19] Kanguru Jack has logged out.
[06/03/2015 20:31:24] Anjo pk has logged out.
[06/03/2015 20:31:25] Anjo pk has logged in.
[06/03/2015 20:33:16] > Broadcasted message: "Game map cleaning in 1 minute, please pick up all your items.".
[06/03/2015 20:33:17] > Saving server...
[06/03/2015 20:33:20] > SAVE: Complete in 3.138 seconds using relational house storage.
[06/03/2015 20:33:32] > Broadcasted message: "Para comprar bless digite !bless".
[06/03/2015 20:33:46] > CLEAN: Removed 10736 items from 6248 tiles in 0.389 seconds.
[06/03/2015 20:33:47] > Broadcasted message: "Map Cleaned.".
[06/03/2015 20:34:05] Lks Mormaii has logged out.
[06/03/2015 20:34:08] Lks Mormaii has logged in.
[06/03/2015 20:39:42] Dextrose has logged out.
[06/03/2015 20:39:48] Dextrose has logged in.
[06/03/2015 20:39:56] Eu Gosto De Buceta has logged out.
[06/03/2015 20:39:57] Jureminha Paladin has logged in.
[06/03/2015 20:40:13] Jureminha Paladin has logged out.
[06/03/2015 20:40:17] Eu Gosto De Buceta has logged in.
[06/03/2015 20:41:53] > Broadcasted message: "Novo CLIENTE = http://www.4shared.com/rar/cfxSV4o7ce/Death_PVP.html".
[06/03/2015 20:42:38] Nadador Arqueiro has logged out.
[06/03/2015 20:42:41] Nadador Arqueiro has logged in.
[06/03/2015 20:43:13] Eu Gosto De Buceta has logged out.
[06/03/2015 20:43:15] Jureminha Paladin has logged in.
[06/03/2015 20:43:24] Jureminha Paladin has logged out.
[06/03/2015 20:43:27] Eu Gosto De Buceta has logged in.
[06/03/2015 20:43:56] Lks Mormaii has logged out.
[06/03/2015 20:43:59] Lks Mormaii has logged in.
[06/03/2015 20:44:50] Lks Mormaii has logged out.
[06/03/2015 20:44:51] Lks Mormaii has logged in.
[06/03/2015 20:47:04] Mage Ziika has logged out.
[06/03/2015 20:47:30] Hiroshi has logged out.
[06/03/2015 20:47:53] Kurosaki Ichigo has logged out.
[06/03/2015 20:47:55] Kurosaki Ichigo has logged in.
[06/03/2015 20:48:10] Mage Ziika has logged in.
[06/03/2015 20:48:44] Nadador Arqueiro has logged out.
[06/03/2015 20:48:46] Nadador Arqueiro has logged in.
[06/03/2015 20:48:54] Dextrose has logged out.
[06/03/2015 20:48:58] Dextrose has logged in.
[06/03/2015 20:49:49] Hiroshi has logged in.
[06/03/2015 20:49:57] > Broadcasted message: "Game map cleaning in 1 minute, please pick up all your items.".
[06/03/2015 20:50:14] > Broadcasted message: "Para comprar bless digite !bless".
[06/03/2015 20:50:27] > CLEAN: Removed 11201 items from 6255 tiles in 0.312 seconds.
[06/03/2015 20:50:28] > Broadcasted message: "Map Cleaned.".
[06/03/2015 20:54:35] Anjo pk has logged out.
[06/03/2015 20:55:09] Lks Mormaii has logged out.
[06/03/2015 20:55:11] Lks Mormaii has logged in.
[06/03/2015 20:56:26] Anjo pk has logged in.
[06/03/2015 20:56:38] > Saving server...
[06/03/2015 20:56:41] > SAVE: Complete in 3.078 seconds using relational house storage.
[06/03/2015 20:57:37] Kurosaki Ichigo has logged out.
[06/03/2015 20:57:39] Kurosaki Ichigo has logged in.
[06/03/2015 20:58:35] > Broadcasted message: "Novo CLIENTE = http://www.4shared.com/rar/cfxSV4o7ce/Death_PVP.html".
[06/03/2015 20:59:08] Dextrose has logged out.
[06/03/2015 20:59:12] Dextrose has logged in.
[06/03/2015 21:00:09] Dextrose has logged out.
[06/03/2015 21:00:12] Knight Of Rajada has logged in.
[06/03/2015 21:00:40] Knight Of Rajada has logged out.
[06/03/2015 21:00:49] Dextrose has logged in.
[06/03/2015 21:02:11] Lks Mormaii has logged out.
[06/03/2015 21:02:14] Lks Mormaii has logged in.
[06/03/2015 21:03:56] Kurosaki Ichigo has logged out.
[06/03/2015 21:03:59] Kurosaki Ichigo has logged in.
[06/03/2015 21:04:34] Knight Dos Crias has logged in.
[06/03/2015 21:06:38] > Broadcasted message: "Game map cleaning in 1 minute, please pick up all your items.".
[06/03/2015 21:06:56] > Broadcasted message: "Para comprar bless digite !bless".
[06/03/2015 21:07:00] Hiroshi has logged out.
[06/03/2015 21:07:08] > CLEAN: Removed 10427 items from 5949 tiles in 0.38 seconds.
[06/03/2015 21:07:09] > Broadcasted message: "Map Cleaned.".
[06/03/2015 21:07:32] Mage Ziika has logged out.
[06/03/2015 21:08:47] Kurosaki Ichigo has logged out.
[06/03/2015 21:08:48] Kurosaki Ichigo has logged in.
[06/03/2015 21:10:09] Knight Dos Crias has logged out.
[06/03/2015 21:10:11] Knight Dos Crias has logged in.
[06/03/2015 21:11:00] Dextrose has logged out.
[06/03/2015 21:11:03] Knight Of Rajada has logged in.
[06/03/2015 21:11:08] Slc Cachorrera has logged in.
[06/03/2015 21:11:56] Nadador Arqueiro has logged out.
[06/03/2015 21:11:59] Nadador Arqueiro has logged in.
[06/03/2015 21:12:00] Kurosaki Ichigo has logged out.
[06/03/2015 21:12:02] Kurosaki Ichigo has logged in.
[06/03/2015 21:12:08] Lks Mormaii has logged out.
[06/03/2015 21:12:10] Tudo Dois has logged in.
[06/03/2015 21:12:12] Tudo Dois has logged out.
[06/03/2015 21:12:18] Lks Mormaii has logged in.
[06/03/2015 21:12:20] Lks Mormaii has logged out.
[06/03/2015 21:12:21] Anjo pk has logged out.
[06/03/2015 21:12:23] Lks Mormaii has logged in.
[06/03/2015 21:12:24] Anjo pk has logged in.
[06/03/2015 21:12:48] Lks Mormaii has logged out.
[06/03/2015 21:12:51] Lks Mormaii has logged in.
[06/03/2015 21:13:02] Eu Gosto De Buceta has logged out.
[06/03/2015 21:13:09] Nadador Arqueiro has logged out.
[06/03/2015 21:13:11] Nadador Arqueiro has logged in.
[06/03/2015 21:13:35] Knight Of Rajada has logged out.
[06/03/2015 21:13:38] Knight Of Rajada has logged in.
[06/03/2015 21:14:11] Kurosaki Ichigo has logged out.
[06/03/2015 21:14:15] Kurosaki Ichigo has logged in.
[06/03/2015 21:14:35] Lks Mormaii has logged out.
[06/03/2015 21:14:38] Lks Mormaii has logged in.
[06/03/2015 21:14:48] Kurosaki Ichigo has logged out.
[06/03/2015 21:15:04] Kurosaki Ichigo has logged in.
[06/03/2015 21:15:17] > Broadcasted message: "Para comprar bless digite !bless".
[06/03/2015 21:16:44] Kurosaki Ichigo has logged out.
[06/03/2015 21:16:48] Kurosaki Ichigo has logged in.
[06/03/2015 21:17:20] Nadador Arqueiro has logged out.
[06/03/2015 21:17:26] Nadador Arqueiro has logged in.
[06/03/2015 21:19:25] Lady girl has logged out.
[06/03/2015 21:19:47] Lady girl has logged in.
[06/03/2015 21:19:55] Lady girl has logged out.
[06/03/2015 21:19:59] > Saving server...
[06/03/2015 21:20:02] > SAVE: Complete in 3.019 seconds using relational house storage.
[06/03/2015 21:20:06] Lady girl has logged in.
[06/03/2015 21:20:21] Pala Nas Sombras has logged in.
[06/03/2015 21:20:56] Knight Of Rajada has logged out.
[06/03/2015 21:20:57] Knight Of Rajada has logged in.
[06/03/2015 21:21:51] Knight Dos Crias has logged out.
[06/03/2015 21:21:53] Knight Dos Crias has logged in.
[06/03/2015 21:22:09] Knight Dos Crias has logged out.
[06/03/2015 21:22:36] Master has logged in.
[06/03/2015 21:22:39] Master has logged out.
[06/03/2015 21:22:40] Kaiozin has logged in.
[06/03/2015 21:22:42] Kaiozin has logged out.
[06/03/2015 21:22:43] Master has logged in.
[06/03/2015 21:22:53] Lks Mormaii has logged out.
[06/03/2015 21:22:53] Menino Mal has logged in.
[06/03/2015 21:22:55] Master has logged out.
[06/03/2015 21:23:00] Knight Of Rajada has logged out.
[06/03/2015 21:23:01] Dextrose has logged in.
[06/03/2015 21:23:05] Menino Mal has logged out.
[06/03/2015 21:23:06] Lks Mormaii has logged in.
[06/03/2015 21:23:17] Knight has logged in.
[06/03/2015 21:23:19] > Broadcasted message: "Game map cleaning in 1 minute, please pick up all your items.".
[06/03/2015 21:23:38] > Broadcasted message: "Para comprar bless digite !bless".
[06/03/2015 21:23:50] > CLEAN: Removed 4883 items from 3381 tiles in 0.281 seconds.
[06/03/2015 21:23:50] > Broadcasted message: "Map Cleaned.".
[06/03/2015 21:24:02] Knight Dos Crias has logged in.
[06/03/2015 21:25:09] Kurosaki Ichigo has logged out.
[06/03/2015 21:25:12] Kurosaki Ichigo has logged in.
[06/03/2015 21:27:12] Dextrose has logged out.
[06/03/2015 21:27:15] Knight Of Rajada has logged in.
[06/03/2015 21:31:13] Knight Of Rajada has logged out.
[06/03/2015 21:31:16] Dextrose has logged in.
[06/03/2015 21:31:59] > Broadcasted message: "Para ver as noticias fale !notice".
[06/03/2015 21:36:43] Nadador Arqueiro has logged out.
[06/03/2015 21:37:28] Anjo pk has logged out.
[06/03/2015 21:38:03] Dextrose has logged out.
[06/03/2015 21:38:10] Pala Nas Sombras has logged out.
[06/03/2015 21:38:51] Knight has logged out.
[06/03/2015 21:38:54] Knight has logged in.
[06/03/2015 21:40:00] > Broadcasted message: "Game map cleaning in 1 minute, please pick up all your items.".
[06/03/2015 21:40:20] > Broadcasted message: "Para ver as noticias fale !notice".
[06/03/2015 21:40:31] > CLEAN: Removed 9016 items from 5004 tiles in 0.349 seconds.
[06/03/2015 21:40:31] > Broadcasted message: "Map Cleaned.".
[06/03/2015 21:41:08] Knight has logged out.
[06/03/2015 21:41:10] Knight has logged in.
[06/03/2015 21:41:14] Dextrose has logged in.
[06/03/2015 21:41:46] Knight Dos Crias has logged out.
[06/03/2015 21:42:20] Knight has logged out.
[06/03/2015 21:42:22] Knight has logged in.
[06/03/2015 21:42:43] Hiroshi has logged in.
[06/03/2015 21:43:20] > Saving server...
[06/03/2015 21:43:23] > SAVE: Complete in 2.612 seconds using relational house storage.
[06/03/2015 21:46:17] Knight has logged out.
[06/03/2015 21:46:20] Kurosaki Ichigo has logged out.
[06/03/2015 21:46:22] Kurosaki Ichigo has logged in.
[06/03/2015 21:46:30] Dextrose has logged out.
[06/03/2015 21:48:24] Slc Cachorrera has logged out.
[06/03/2015 21:48:41] > Broadcasted message: "Para ver as noticias fale !notice".
[06/03/2015 21:52:38] Hiroshi has logged out.
[06/03/2015 21:54:12] Hiroshi has logged in.
[06/03/2015 21:54:31] Mage Ziika has logged in.
[06/03/2015 21:54:39] Knight Dos Crias has logged in.
[06/03/2015 21:54:50] Knight Dos Crias has logged out.
[06/03/2015 21:54:51] Knight Dos Crias has logged in.
[06/03/2015 21:56:30] Knight Dos Crias has logged out.
[06/03/2015 21:56:32] Knight Dos Crias has logged in.
[06/03/2015 21:56:41] > Broadcasted message: "Game map cleaning in 1 minute, please pick up all your items.".
[06/03/2015 21:57:02] > Broadcasted message: "Sempre Ao Criar Uma Conta, Pegue A RK Dela No Account Manager Da Conta E Anote, Nunca Passe A Sua Senha Para Outras Pessoas, E Ao Entrar Em Outros OT´s Crie Contas Diferentes Para Não Sofrer HACKED, Não Me Responsabilizo Por Perdas, Obrigado".
[06/03/2015 21:57:11] > CLEAN: Removed 9714 items from 5007 tiles in 0.345 seconds.
[06/03/2015 21:57:12] > Broadcasted message: "Map Cleaned.".
[06/03/2015 21:58:16] Knight Dos Crias has logged out.
[06/03/2015 21:58:17] Knight Dos Crias has logged in.
[06/03/2015 21:59:59] Lady girl has logged out.
[06/03/2015 22:00:00] Lady girl has logged in.
[06/03/2015 22:01:34] Morris has logged in.
[06/03/2015 22:01:47] Morris has logged out.
[06/03/2015 22:01:49] Morris has logged in.
[06/03/2015 22:03:53] Morris has logged out.
[06/03/2015 22:03:54] Morris has logged in.
[06/03/2015 22:04:20] Morris has logged out.
[06/03/2015 22:04:22] Morris has logged in.
[06/03/2015 22:05:23] > Broadcasted message: "Para ver as noticias fale !notice".
[06/03/2015 22:06:02] Morris has logged out.
[06/03/2015 22:06:04] Morris has logged in.
[06/03/2015 22:06:16] Morris has logged out.
[06/03/2015 22:06:18] Morris has logged in.
[06/03/2015 22:06:39] Kurosaki Ichigo has logged out.
[06/03/2015 22:06:41] Kurosaki Ichigo has logged in.
[06/03/2015 22:06:41] > Saving server...
[06/03/2015 22:06:44] > SAVE: Complete in 3.061 seconds using relational house storage.
[06/03/2015 22:10:30] Morris has logged out.
[06/03/2015 22:10:44] Hensh has logged in.
[06/03/2015 22:13:22] > Broadcasted message: "Game map cleaning in 1 minute, please pick up all your items.".
[06/03/2015 22:13:44] > Broadcasted message: "Sempre Ao Criar Uma Conta, Pegue A RK Dela No Account Manager Da Conta E Anote, Nunca Passe A Sua Senha Para Outras Pessoas, E Ao Entrar Em Outros OT´s Crie Contas Diferentes Para Não Sofrer HACKED, Não Me Responsabilizo Por Perdas, Obrigado".
[06/03/2015 22:13:52] > CLEAN: Removed 10469 items from 5686 tiles in 0.417 seconds.
[06/03/2015 22:13:53] > Broadcasted message: "Map Cleaned.".
[06/03/2015 22:15:00] Lks Mormaii has logged out.
[06/03/2015 22:15:07] Lks Mormaii has logged in.
[06/03/2015 22:16:15] Knight Dos Crias has logged out.
[06/03/2015 22:16:16] Hensh has logged out.
[06/03/2015 22:18:48] Hensh has logged in.
[06/03/2015 22:20:04] Lady girl has logged out.
[06/03/2015 22:20:11] Kurosaki Ichigo has logged out.
[06/03/2015 22:20:13] Kurosaki Ichigo has logged in.
[06/03/2015 22:20:36] Lady girl has logged in.
[06/03/2015 22:21:41] Hensh has logged out.
[06/03/2015 22:21:43] Hensh has logged in.
[06/03/2015 22:22:05] > Broadcasted message: "Para comprar bless digite !bless".
[06/03/2015 22:22:34] Hensh has logged out.
[06/03/2015 22:22:37] Erloff has logged in.
[06/03/2015 22:22:49] Honda has logged in.
[06/03/2015 22:25:57] Erloff has logged out.
[06/03/2015 22:25:59] Hensh has logged in.
[06/03/2015 22:26:07] Hensh has logged out.
[06/03/2015 22:26:09] Erloff has logged in.
[06/03/2015 22:26:30] Erloff has logged out.
[06/03/2015 22:26:36] Morris has logged in.
[06/03/2015 22:30:02] > Saving server...
[06/03/2015 22:30:05] > SAVE: Complete in 2.872 seconds using relational house storage.
[06/03/2015 22:30:06] > Broadcasted message: "Game map cleaning in 1 minute, please pick up all your items.".
[06/03/2015 22:30:26] > Broadcasted message: "Para ver as noticias fale !notice".
[06/03/2015 22:30:36] > CLEAN: Removed 13416 items from 7081 tiles in 0.468 seconds.
[06/03/2015 22:30:37] > Broadcasted message: "Map Cleaned.".
[06/03/2015 22:30:44] Morris has logged out.
[06/03/2015 22:30:46] Morris has logged in.
[06/03/2015 22:35:13] Nadador Arqueiro has logged in.
[06/03/2015 22:38:47] > Broadcasted message: "Novo CLIENTE = http://www.4shared.com/rar/cfxSV4o7ce/Death_PVP.html".
[06/03/2015 22:39:14] Honda has logged out.
[06/03/2015 22:39:43] Slc Cachorrera has logged in.
[06/03/2015 22:41:11] Nadador Arqueiro has logged out.
[06/03/2015 22:41:14] Nadador Arqueiro has logged in.
[06/03/2015 22:45:09] Slc Cachorrera has logged out.
[06/03/2015 22:45:11] Slc Cachorrera has logged in.
[06/03/2015 22:45:37] Lks Mormaii has logged out.
[06/03/2015 22:46:47] > Broadcasted message: "Game map cleaning in 1 minute, please pick up all your items.".
[06/03/2015 22:47:08] > Broadcasted message: "Para ver as noticias fale !notice".
[06/03/2015 22:47:18] > CLEAN: Removed 16408 items from 7751 tiles in 0.452 seconds.
[06/03/2015 22:47:18] > Broadcasted message: "Map Cleaned.".
[06/03/2015 22:47:36] Morris has logged out.
[06/03/2015 22:49:27] Kurosaki Ichigo has logged out.
[06/03/2015 22:51:42] Hiroshi has logged out.
[06/03/2015 22:51:51] Morris has logged in.
[06/03/2015 22:53:23] > Saving server...
[06/03/2015 22:53:25] > SAVE: Complete in 2.293 seconds using relational house storage.
[06/03/2015 22:54:38] 
[06/03/2015 22:54:38] Lua Script Error: [TalkAction Interface] 
[06/03/2015 22:54:38] data/talkactions/scripts/deathlist.lua:onSay
[06/03/2015 22:54:38] 
[06/03/2015 22:54:38] luaGetPlayerNameByGUID(). Player not found
[06/03/2015 22:54:39] 
[06/03/2015 22:54:39] Lua Script Error: [TalkAction Interface] 
[06/03/2015 22:54:39] data/talkactions/scripts/deathlist.lua:onSay
[06/03/2015 22:54:39] 
[06/03/2015 22:54:39] data/talkactions/scripts/deathlist.lua:41: attempt to concatenate a nil value
[06/03/2015 22:54:40] stack traceback:
[06/03/2015 22:54:40] 	data/talkactions/scripts/deathlist.lua:41: in function <data/talkactions/scripts/deathlist.lua:5>
[06/03/2015 22:54:48] 
[06/03/2015 22:54:48] Lua Script Error: [TalkAction Interface] 
[06/03/2015 22:54:48] data/talkactions/scripts/deathlist.lua:onSay
[06/03/2015 22:54:49] 
[06/03/2015 22:54:49] luaGetPlayerNameByGUID(). Player not found
[06/03/2015 22:54:49] 
[06/03/2015 22:54:49] Lua Script Error: [TalkAction Interface] 
[06/03/2015 22:54:49] data/talkactions/scripts/deathlist.lua:onSay
[06/03/2015 22:54:49] 
[06/03/2015 22:54:49] data/talkactions/scripts/deathlist.lua:41: attempt to concatenate a nil value
[06/03/2015 22:54:50] stack traceback:
[06/03/2015 22:54:50] 	data/talkactions/scripts/deathlist.lua:41: in function <data/talkactions/scripts/deathlist.lua:5>
[06/03/2015 22:54:50] 
[06/03/2015 22:54:50] Lua Script Error: [TalkAction Interface] 
[06/03/2015 22:54:51] data/talkactions/scripts/deathlist.lua:onSay
[06/03/2015 22:54:51] 
[06/03/2015 22:54:51] luaGetPlayerNameByGUID(). Player not found
[06/03/2015 22:54:51] 
[06/03/2015 22:54:51] Lua Script Error: [TalkAction Interface] 
[06/03/2015 22:54:51] data/talkactions/scripts/deathlist.lua:onSay
[06/03/2015 22:54:52] 
[06/03/2015 22:54:52] data/talkactions/scripts/deathlist.lua:41: attempt to concatenate a nil value
[06/03/2015 22:54:52] stack traceback:
[06/03/2015 22:54:52] 	data/talkactions/scripts/deathlist.lua:41: in function <data/talkactions/scripts/deathlist.lua:5>
[06/03/2015 22:55:05] 
[06/03/2015 22:55:05] Lua Script Error: [TalkAction Interface] 
[06/03/2015 22:55:05] data/talkactions/scripts/deathlist.lua:onSay
[06/03/2015 22:55:06] 
[06/03/2015 22:55:06] luaGetPlayerNameByGUID(). Player not found
[06/03/2015 22:55:06] 
[06/03/2015 22:55:06] Lua Script Error: [TalkAction Interface] 
[06/03/2015 22:55:06] data/talkactions/scripts/deathlist.lua:onSay
[06/03/2015 22:55:06] 
[06/03/2015 22:55:06] data/talkactions/scripts/deathlist.lua:41: attempt to concatenate a nil value
[06/03/2015 22:55:07] stack traceback:
[06/03/2015 22:55:07] 	data/talkactions/scripts/deathlist.lua:41: in function <data/talkactions/scripts/deathlist.lua:5>
[06/03/2015 22:55:29] > Broadcasted message: "Novo CLIENTE = http://www.4shared.com/rar/cfxSV4o7ce/Death_PVP.html".
[06/03/2015 22:57:20] Mage Ziika has logged out.
[06/03/2015 22:58:11] Morris has logged out.
[06/03/2015 22:58:23] Hensh has logged in.
[06/03/2015 23:00:12] Knight Dos Crias has logged in.
[06/03/2015 23:00:43] 
[06/03/2015 23:00:43] Lua Script Error: [TalkAction Interface] 
[06/03/2015 23:00:43] data/talkactions/scripts/deathlist.lua:onSay
[06/03/2015 23:00:43] 
[06/03/2015 23:00:43] luaGetPlayerNameByGUID(). Player not found
[06/03/2015 23:00:44] 
[06/03/2015 23:00:44] Lua Script Error: [TalkAction Interface] 
[06/03/2015 23:00:44] data/talkactions/scripts/deathlist.lua:onSay
[06/03/2015 23:00:44] 
[06/03/2015 23:00:44] data/talkactions/scripts/deathlist.lua:41: attempt to concatenate a nil value
[06/03/2015 23:00:45] stack traceback:
[06/03/2015 23:00:45] 	data/talkactions/scripts/deathlist.lua:41: in function <data/talkactions/scripts/deathlist.lua:5>
[06/03/2015 23:01:46] Hensh has logged out.
[06/03/2015 23:01:48] Hensh has logged in.
[06/03/2015 23:03:28] > Broadcasted message: "Game map cleaning in 1 minute, please pick up all your items.".
[06/03/2015 23:03:45] Lks Mormaii has logged in.
[06/03/2015 23:03:50] > Broadcasted message: "Novo CLIENTE = http://www.4shared.com/rar/cfxSV4o7ce/Death_PVP.html".
[06/03/2015 23:03:59] > CLEAN: Removed 11528 items from 6688 tiles in 0.423 seconds.
[06/03/2015 23:03:59] > Broadcasted message: "Map Cleaned.".
[06/03/2015 23:04:00] Hensh has logged out.
[06/03/2015 23:04:02] Hensh has logged in.
[06/03/2015 23:04:10] Druidzerah Mythus has logged out.
[06/03/2015 23:04:23] Lady girl has logged out.
[06/03/2015 23:04:26] Lady girl has logged in.
[06/03/2015 23:05:19] Slc Cachorrera has logged out.
[06/03/2015 23:05:22] Slc Cachorrera has logged in.
[06/03/2015 23:05:46] Hensh has logged out.
[06/03/2015 23:05:53] Morris has logged in.
[06/03/2015 23:07:27] Morris has logged out.
[06/03/2015 23:07:29] Lord Of Shadows has logged in.
[06/03/2015 23:08:09] Lord Of Shadows has logged out.
[06/03/2015 23:08:15] Morris has logged in.
[06/03/2015 23:08:43] Morris has logged out.
[06/03/2015 23:08:46] Lord Of Shadows has logged in.
[06/03/2015 23:09:05] Slc Cachorrera has logged out.
[06/03/2015 23:09:07] Slc Cachorrera has logged in.
[06/03/2015 23:09:12] Lord Of Shadows has logged out.
[06/03/2015 23:09:15] Lord Of Shadows has logged in.
[06/03/2015 23:09:15] Knight Dos Crias has logged out.
[06/03/2015 23:09:18] Knight Dos Crias has logged in.
[06/03/2015 23:10:29] Lord Of Shadows has logged out.
[06/03/2015 23:10:32] Morris has logged in.
[06/03/2015 23:11:17] Morris has logged out.
[06/03/2015 23:11:20] Lord Of Shadows has logged in.
[06/03/2015 23:11:43] Lks Mormaii has logged out.
[06/03/2015 23:11:47] Lks Mormaii has logged in.
[06/03/2015 23:11:48] Lord Of Shadows has logged out.
[06/03/2015 23:11:50] Morris has logged in.
[06/03/2015 23:12:11] > Broadcasted message: "Novo CLIENTE = http://www.4shared.com/rar/cfxSV4o7ce/Death_PVP.html".
[06/03/2015 23:14:56] Lks Mormaii has logged out.
[06/03/2015 23:14:57] Lks Mormaii has logged in.
[06/03/2015 23:15:19] Felipe Ret has logged in.
[06/03/2015 23:16:03] Morris has logged out.
[06/03/2015 23:16:05] Slc Cachorrera has logged out.
[06/03/2015 23:16:06] Morris has logged in.
[06/03/2015 23:16:07] Slc Cachorrera has logged in.
[06/03/2015 23:16:44] > Saving server...
[06/03/2015 23:16:47] > SAVE: Complete in 2.512 seconds using relational house storage.
[06/03/2015 23:17:25] Nadador Arqueiro has logged out.
[06/03/2015 23:17:27] Nadador Arqueiro has logged in.
[06/03/2015 23:19:18] Nadador Arqueiro has logged out.
[06/03/2015 23:19:20] Nadador Arqueiro has logged in.
[06/03/2015 23:20:09] > Broadcasted message: "Game map cleaning in 1 minute, please pick up all your items.".
[06/03/2015 23:20:32] > Broadcasted message: "Para comprar bless digite !bless".
[06/03/2015 23:20:39] > CLEAN: Removed 4122 items from 1926 tiles in 0.296 seconds.
[06/03/2015 23:20:40] > Broadcasted message: "Map Cleaned.".
[06/03/2015 23:21:53] Felipe Ret has logged out.
[06/03/2015 23:22:02] Hensh has logged in.
[06/03/2015 23:23:31] Lady girl has logged out.
[06/03/2015 23:23:34] Nadador Arqueiro has logged out.
[06/03/2015 23:23:41] Nadador Knight has logged in.
[06/03/2015 23:24:47] Nadador Knight has logged out.
[06/03/2015 23:24:54] Nadador Arqueiro has logged in.
[06/03/2015 23:25:36] Nadador Arqueiro has logged out.
[06/03/2015 23:25:59] Nadador Knight has logged in.
[06/03/2015 23:26:04] Druidzerah Mythus has logged in.
[06/03/2015 23:26:15] Druidzerah Mythus has logged out.
[06/03/2015 23:26:17] Mage Ziika has logged in.
[06/03/2015 23:26:19] Nadador Knight has logged out.
[06/03/2015 23:26:26] Mage Ziika has logged out.
[06/03/2015 23:26:59] Lks Mormaii has logged out.
[06/03/2015 23:27:00] Lks Mormaii has logged in.
[06/03/2015 23:27:10] Nadador Arqueiro has logged in.
[06/03/2015 23:28:29] Nadador Arqueiro has logged out.
[06/03/2015 23:28:35] Nadador Knight has logged in.
[06/03/2015 23:28:53] > Broadcasted message: "Novo CLIENTE = http://www.4shared.com/rar/cfxSV4o7ce/Death_PVP.html".
[06/03/2015 23:30:48] Knight Dos Crias has logged out.
[06/03/2015 23:30:50] Knight Dos Crias has logged in.
[06/03/2015 23:31:13] Mateus has logged in.
[06/03/2015 23:31:18] Nadador Knight has logged out.
[06/03/2015 23:31:22] Nadador Knight has logged in.
[06/03/2015 23:31:27] Morris has logged out.
[06/03/2015 23:31:29] Morris has logged in.
[06/03/2015 23:32:02] Morris has logged out.
[06/03/2015 23:32:04] Morris has logged in.
[06/03/2015 23:33:10] Morris has logged out.
[06/03/2015 23:33:12] Morris has logged in.
[06/03/2015 23:35:07] Lks Mormaii has logged out.
[06/03/2015 23:35:08] Lks Mormaii has logged in.
[06/03/2015 23:35:13] Nadador Knight has logged out.
[06/03/2015 23:35:15] Nadador Knight has logged in.
[06/03/2015 23:35:27] Morris has logged out.
[06/03/2015 23:35:28] Morris has logged in.
[06/03/2015 23:35:38] Nadador Knight has logged out.
[06/03/2015 23:35:40] Nadador Knight has logged in.
[06/03/2015 23:36:16] Jhonnie Walker has logged in.
[06/03/2015 23:36:17] Jhonnie Walker has logged out.
[06/03/2015 23:36:46] Account Manager has logged in.
[06/03/2015 23:36:47] Account Manager has logged out.
[06/03/2015 23:36:50] Knight Dos Crias has logged out.
[06/03/2015 23:36:50] > Broadcasted message: "Game map cleaning in 1 minute, please pick up all your items.".
[06/03/2015 23:36:52] Knight Dos Crias has logged in.
[06/03/2015 23:36:53] Lks Mormaii has logged out.
[06/03/2015 23:36:55] Lks Mormaii has logged in.
[06/03/2015 23:37:14] > Broadcasted message: "Novo CLIENTE = http://www.4shared.com/rar/cfxSV4o7ce/Death_PVP.html".
[06/03/2015 23:37:21] > CLEAN: Removed 1903 items from 1403 tiles in 0.297 seconds.
[06/03/2015 23:37:21] > Broadcasted message: "Map Cleaned.".
[06/03/2015 23:38:17] Morris has logged out.
[06/03/2015 23:38:19] Morris has logged in.
[06/03/2015 23:39:27] Morris has logged out.
[06/03/2015 23:39:29] Morris has logged in.
[06/03/2015 23:40:05] > Saving server...
[06/03/2015 23:40:08] > SAVE: Complete in 2.465 seconds using relational house storage.
[06/03/2015 23:41:56] Mateus has logged out.
[06/03/2015 23:42:51] Morris has logged out.
[06/03/2015 23:42:57] Hensh has logged out.
[06/03/2015 23:43:03] Lks Mormaii has logged out.
[06/03/2015 23:43:05] Lks Mormaii has logged in.
[06/03/2015 23:43:09] Hensh has logged in.
[06/03/2015 23:44:02] Account Manager has logged in.
[06/03/2015 23:44:04] Account Manager has logged out.
[06/03/2015 23:44:17] Account Manager has logged in.
[06/03/2015 23:44:18] Account Manager has logged out.
[06/03/2015 23:44:31] Account Manager has logged in.
[06/03/2015 23:44:32] Account Manager has logged out.
[06/03/2015 23:45:35] > Broadcasted message: "Para ver as noticias fale !notice".
[06/03/2015 23:45:40] Hensh has logged out.
[06/03/2015 23:45:41] Hensh has logged in.
[06/03/2015 23:45:51] Slc Cachorrera has logged out.
[06/03/2015 23:46:01] Pally Tenebroso has logged in.
[06/03/2015 23:46:20] Nadador Knight has logged out.
[06/03/2015 23:46:22] Pally Tenebroso has logged out.
[06/03/2015 23:46:24] Pally Tenebroso has logged in.
[06/03/2015 23:46:27] Nadador Arqueiro has logged in.
[06/03/2015 23:46:28] Pally Tenebroso has logged out.
[06/03/2015 23:46:31] Pally Tenebroso has logged in.
[06/03/2015 23:46:42] Lks Mormaii has logged out.
[06/03/2015 23:46:43] Pally Tenebroso has logged out.
[06/03/2015 23:46:44] Lks Mormaii has logged in.
[06/03/2015 23:46:45] Pally Tenebroso has logged in.
[06/03/2015 23:47:13] Pally Tenebroso has logged out.
[06/03/2015 23:47:16] Pally Tenebroso has logged in.
[06/03/2015 23:47:27] Pally Tenebroso has logged out.
[06/03/2015 23:47:30] Pally Tenebroso has logged in.
[06/03/2015 23:47:37] Pally Tenebroso has logged out.
[06/03/2015 23:47:48] Slc Cachorrera has logged in.
[06/03/2015 23:47:52] Lks Mormaii has logged out.
[06/03/2015 23:47:53] Nadador Arqueiro has logged out.
[06/03/2015 23:47:53] Lks Mormaii has logged in.
[06/03/2015 23:47:58] > Saving server...
[06/03/2015 23:48:00] > SAVE: Complete in 2.137 seconds using relational house storage.
[06/03/2015 23:48:03] Knight Dos Crias has logged out.
[06/03/2015 23:48:04] Hensh has logged out.
[06/03/2015 23:48:04] Slc Cachorrera has logged out.
[06/03/2015 23:48:05] Lks Mormaii has logged out.
[06/03/2015 23:48:05] > Saving server...
[06/03/2015 23:48:06] > SAVE: Complete in 1.217 seconds using relational house storage.
[06/03/2015 23:48:07] Preparing to shutdown server..
[06/03/2015 23:48:08] .
[06/03/2015 23:48:08] Exiting
