[09/08/2014 00:00:12] > Broadcasted message: "Para duvidas, eventos, e futuramente compras E-mail/Msn -> deathpvp@live.com.".
[09/08/2014 00:00:32] Lord Biiel has logged out.
[09/08/2014 00:00:33] Lord Biiel has logged in.
[09/08/2014 00:00:49] Lord Biiel has logged out.
[09/08/2014 00:00:51] Lord Biiel has logged in.
[09/08/2014 00:01:27] Pally Brisado has logged in.
[09/08/2014 00:02:40] Persop Elmax has logged out.
[09/08/2014 00:02:42] Persop Elmax has logged in.
[09/08/2014 00:03:45] Anjo pk has logged out.
[09/08/2014 00:04:17] Pally Brisado has logged out.
[09/08/2014 00:04:58] Lucas has logged out.
[09/08/2014 00:05:00] Lucas has logged in.
[09/08/2014 00:05:19] Galaxy Knight has logged out.
[09/08/2014 00:05:43] Manager has logged out.
[09/08/2014 00:06:53] > Broadcasted message: "Para ver as noticias fale !notice".
[09/08/2014 00:06:59] Lord Biiel has logged out.
[09/08/2014 00:07:02] Lord Biiel has logged in.
[09/08/2014 00:08:17] Pally Brisado has logged in.
[09/08/2014 00:08:57] Pally Do Kpta has logged out.
[09/08/2014 00:09:09] Pally Do Kpta has logged in.
[09/08/2014 00:09:30] Lord Biiel has logged out.
[09/08/2014 00:11:41] > Saving server...
[09/08/2014 00:11:44] > SAVE: Complete in 2.671 seconds using relational house storage.
[09/08/2014 00:11:56] Persop Elmax has logged out.
[09/08/2014 00:11:58] Persop Elmax has logged in.
[09/08/2014 00:12:22] Mlk Lokoo has logged out.
[09/08/2014 00:12:23] Mlk Lokoo has logged in.
[09/08/2014 00:12:45] > Saving server...
[09/08/2014 00:12:48] > SAVE: Complete in 2.538 seconds using relational house storage.
[09/08/2014 00:12:55] > Broadcasted message: "Game map cleaning in 1 minute, please pick up all your items.".
[09/08/2014 00:13:26] > CLEAN: Removed 864 items from 826 tiles in 0.209 seconds.
[09/08/2014 00:13:26] > Broadcasted message: "Map Cleaned.".
[09/08/2014 00:13:34] > Broadcasted message: "Novo CLIENTE = http://www.4shared.com/rar/Xvc96eOece/Death_PVP.html".
[09/08/2014 00:14:48] Lallana has logged out.
[09/08/2014 00:14:51] Demonic has logged in.
[09/08/2014 00:15:50] Demonic has logged out.
[09/08/2014 00:15:53] Lallana has logged in.
[09/08/2014 00:16:25] Skise Da Xurupita has logged out.
[09/08/2014 00:16:28] Skise Da Xurupita has logged in.
[09/08/2014 00:17:03] Lallana has logged out.
[09/08/2014 00:17:17] Honda has logged in.
[09/08/2014 00:18:01] GM Gabriel has logged out.
[09/08/2014 00:18:04] Druid Nikito has logged in.
[09/08/2014 00:18:22] Druid Nikito has logged out.
[09/08/2014 00:18:27] GM Gabriel has logged in.
[09/08/2014 00:19:03] GM Gabriel has logged out.
[09/08/2014 00:19:05] Druid Nikito has logged in.
[09/08/2014 00:19:43] Lucas has logged out.
[09/08/2014 00:19:45] Lucas has logged in.
[09/08/2014 00:19:52] Druid Nikito has logged out.
[09/08/2014 00:19:54] GM Gabriel has logged in.
[09/08/2014 00:20:15] > Broadcasted message: "Ot on das 07:00 as 00:00".
[09/08/2014 00:26:56] > Broadcasted message: "Para ver as noticias fale !notice".
[09/08/2014 00:27:06] Account Manager has logged in.
[09/08/2014 00:29:11] Account Manager has logged out.
[09/08/2014 00:29:36] > Broadcasted message: "Game map cleaning in 1 minute, please pick up all your items.".
[09/08/2014 00:30:07] > CLEAN: Removed 971 items from 911 tiles in 0.206 seconds.
[09/08/2014 00:30:07] > Broadcasted message: "Map Cleaned.".
[09/08/2014 00:32:02] Fanta-banana has logged in.
[09/08/2014 00:32:25] Skise Da Xurupita has logged out.
[09/08/2014 00:32:42] Lallana has logged in.
[09/08/2014 00:33:37] > Broadcasted message: "Para esclarecer algumas duvidas digite !notice, para mais informacoes fale com um [CM]".
[09/08/2014 00:34:18] Mateus has logged in.
[09/08/2014 00:34:58] GM Gabriel has logged out.
[09/08/2014 00:35:00] GM Gabriel has logged in.
[09/08/2014 00:35:37] Mlk Lokoo has logged out.
[09/08/2014 00:36:39] GM Gabriel has logged out.
[09/08/2014 00:36:41] Druid Nikito has logged in.
[09/08/2014 00:37:49] Pally Brisado has logged out.
[09/08/2014 00:38:02] Persop Elmax has logged out.
[09/08/2014 00:38:05] Persop Elmax has logged in.
[09/08/2014 00:40:18] > Broadcasted message: "Para esclarecer algumas duvidas digite !notice, para mais informacoes fale com um [CM]".
[09/08/2014 00:42:46] Persop Elmax has logged out.
[09/08/2014 00:42:48] Persop Elmax has logged in.
[09/08/2014 00:45:00] Pally Brisado has logged in.
[09/08/2014 00:45:33] Honda has logged out.
[09/08/2014 00:45:36] Honda has logged in.
[09/08/2014 00:45:39] > Saving server...
[09/08/2014 00:45:42] > SAVE: Complete in 2.739 seconds using relational house storage.
[09/08/2014 00:45:44] Pally Do Kpta has logged out.
[09/08/2014 00:45:44] Lucas has logged out.
[09/08/2014 00:45:45] Fanta-banana has logged out.
[09/08/2014 00:45:45] Lallana has logged out.
[09/08/2014 00:45:45] Mateus has logged out.
[09/08/2014 00:45:46] Druid Nikito has logged out.
[09/08/2014 00:45:46] Persop Elmax has logged out.
[09/08/2014 00:45:46] Pally Brisado has logged out.
[09/08/2014 00:45:47] Honda has logged out.
[09/08/2014 00:45:47] > Saving server...
[09/08/2014 00:45:49] > SAVE: Complete in 1.376 seconds using relational house storage.
[09/08/2014 00:45:50] Preparing to shutdown server..
[09/08/2014 00:45:50] .
[09/08/2014 00:45:50] Exiting
[09/08/2014 11:13:27] The Forgotten Server, version 0.3.4 (Crying Damson)
[09/08/2014 11:13:27] Sever Criado Por Alissow e Comedinha.
[09/08/2014 11:13:27] Publicidade: www.sotserv.blogspot.com <- <- <- Tudo sobre otserv.
[09/08/2014 11:13:28] Bom Jogo!!!
[09/08/2014 11:13:28] 
[09/08/2014 11:13:28] >> Debugging: nothing.
[09/08/2014 11:13:28] >> Checking software version... failed checking - malformed file.
[09/08/2014 11:13:29] 
[09/08/2014 11:13:29] >> Loading config (config.lua)
[09/08/2014 11:13:29] > Using plaintext passwords
[09/08/2014 11:13:29] >> Loading RSA key
[09/08/2014 11:13:29] >> Starting SQL connection
[09/08/2014 11:13:29] >> Running Database Manager
[09/08/2014 11:13:31] > Optimized database.
[09/08/2014 11:13:31] >> Loading items
[09/08/2014 11:13:31] >> Loading groups
[09/08/2014 11:13:32] >> Loading vocations
[09/08/2014 11:13:32] >> Loading script systems
[09/08/2014 11:13:37] >> Loading chat channels
[09/08/2014 11:13:37] >> Loading outfits
[09/08/2014 11:13:37] >> Loading experience stages
[09/08/2014 11:13:38] >> Loading monsters
[09/08/2014 11:13:43] >> Loading map and spawns...
[09/08/2014 11:13:48] > Map size: 65000x65000.
[09/08/2014 11:13:49] > Map descriptions: 
[09/08/2014 11:13:49] Saved with Remere's Map Editor 2.2
[09/08/2014 11:13:50] No map description available.
[09/08/2014 11:13:50] Duplicate uniqueId 2407
[09/08/2014 11:14:00] > Map loading time: 16.769 seconds.
[09/08/2014 11:14:01] > Data loading time: 1.341 seconds.
[09/08/2014 11:14:02] > Unserialization time for houses: 0.087 seconds.
[09/08/2014 11:14:26] > Unserialization time for map: 24.237 seconds.
[09/08/2014 11:14:26] >> Checking world type... PvP
[09/08/2014 11:14:27] >> Initializing game state modules and registering services...
[09/08/2014 11:14:28] > Global address: deathpvp.no-ip.info
[09/08/2014 11:14:28] > Local ports:
[09/08/2014 11:14:28] 7171	7172	
[09/08/2014 11:14:29] >> All modules were loaded, server starting up...
[09/08/2014 11:14:29] >> OT Death server Online!
[09/08/2014 11:14:29] 
[09/08/2014 11:14:29] sqlite3_step(): SQLITE ERROR: columns id, world_id are not unique
[09/08/2014 11:15:01] Account Manager has logged in.
[09/08/2014 11:15:02] Account Manager has logged out.
[09/08/2014 11:15:06] Manager has logged in.
[09/08/2014 11:15:17] Account Manager has logged in.
[09/08/2014 11:15:20] Account Manager has logged out.
[09/08/2014 11:15:27] Catatal has logged in.
[09/08/2014 11:15:37] Catatal has logged out.
[09/08/2014 11:15:50] Catatal has logged in.
[09/08/2014 11:15:51] [Hoster] Jean has logged in.
[09/08/2014 11:16:40] Lucas has logged in.
[09/08/2014 11:16:43] Druidd has logged in.
[09/08/2014 11:17:04] Lord Biiel has logged in.
[09/08/2014 11:19:38] Nois Que Voa Bruxao has logged in.
[09/08/2014 11:20:18] > Broadcasted message: "Para esclarecer algumas duvidas digite !notice, para mais informacoes fale com um [CM]".
[09/08/2014 11:22:44] Lallana has logged in.
[09/08/2014 11:22:59] Lord Biiel has logged out.
[09/08/2014 11:23:01] Lord Biiel has logged in.
[09/08/2014 11:23:02] Account Manager has logged in.
[09/08/2014 11:23:03] Account Manager has logged out.
[09/08/2014 11:23:38] Lallana has logged out.
[09/08/2014 11:24:44] Lallana has logged in.
[09/08/2014 11:25:34] Mlk Lokoo has logged in.
[09/08/2014 11:25:39] [Hoster] Jean has logged out.
[09/08/2014 11:26:07] Demonic Striker has logged in.
[09/08/2014 11:26:13] Druidd has logged out.
[09/08/2014 11:26:59] > Broadcasted message: "Para duvidas, eventos, e futuramente compras E-mail/Msn -> deathpvp@live.com.".
[09/08/2014 11:27:27] Lord Biiel has logged out.
[09/08/2014 11:28:00] Lallana has logged out.
[09/08/2014 11:28:20] Legal Fera has logged in.
[09/08/2014 11:28:28] Druidd has logged in.
[09/08/2014 11:29:19] Black Jose has logged in.
[09/08/2014 11:30:09] Account Manager has logged in.
[09/08/2014 11:30:09] Account Manager has logged out.
[09/08/2014 11:30:18] > Broadcasted message: "Game map cleaning in 1 minute, please pick up all your items.".
[09/08/2014 11:30:26] Pally Brisado has logged in.
[09/08/2014 11:30:48] > CLEAN: Removed 2955 items from 2456 tiles in 0.287 seconds.
[09/08/2014 11:30:49] > Broadcasted message: "Map Cleaned.".
[09/08/2014 11:31:23] Manager has logged out.
[09/08/2014 11:33:11] Druidd has logged out.
[09/08/2014 11:33:12] Druidd has logged in.
[09/08/2014 11:33:40] > Broadcasted message: "Para comprar bless digite !bless".
[09/08/2014 11:34:01] Lallana has logged in.
[09/08/2014 11:34:31] Lord Biiel has logged in.
[09/08/2014 11:34:51] Druidd has logged out.
[09/08/2014 11:34:52] Druidd has logged in.
[09/08/2014 11:35:07] Black Jose has logged out.
[09/08/2014 11:35:09] Black Jose has logged in.
[09/08/2014 11:36:10] Druidd has logged out.
[09/08/2014 11:36:11] Druidd has logged in.
[09/08/2014 11:36:43] Nois Que Voa Bruxao has logged out.
[09/08/2014 11:38:07] Nois Que Voa Bruxao has logged in.
[09/08/2014 11:38:34] Nois Que Voa Bruxao has logged out.
[09/08/2014 11:38:35] Account Manager has logged in.
[09/08/2014 11:38:36] Account Manager has logged out.
[09/08/2014 11:38:39] Nois Que Voa Bruxao has logged in.
[09/08/2014 11:38:57] Black Jose has logged out.
[09/08/2014 11:38:58] Black Jose has logged in.
[09/08/2014 11:39:20] Account Manager has logged in.
[09/08/2014 11:39:25] Account Manager has logged out.
[09/08/2014 11:39:29] Lord Biiel has logged out.
[09/08/2014 11:39:31] Lord Biiel has logged in.
[09/08/2014 11:39:36] Duff Maluko has logged in.
[09/08/2014 11:39:42] GM Macabro has logged in.
[09/08/2014 11:40:21] > Broadcasted message: "Ot on das 07:00 as 00:00".
[09/08/2014 11:40:47] Druidd has logged out.
[09/08/2014 11:40:50] Druidd has logged in.
[09/08/2014 11:40:55] Duff Maluko has logged out.
[09/08/2014 11:41:00] Kaolz Druid has logged in.
[09/08/2014 11:41:25] Kaolz Druid has logged out.
[09/08/2014 11:41:26] Kaolz Druid has logged in.
[09/08/2014 11:41:37] Kaolz Druid has logged out.
[09/08/2014 11:41:38] Kaolz Druid has logged in.
[09/08/2014 11:41:45] Kaolz Druid has logged out.
[09/08/2014 11:41:46] Kaolz Druid has logged in.
[09/08/2014 11:42:15] GM Macabro has logged out.
[09/08/2014 11:42:48] Catatal has logged out.
[09/08/2014 11:42:52] Demonic Striker has logged out.
[09/08/2014 11:43:01] Catatal has logged in.
[09/08/2014 11:43:02] Kaolz Druid has logged out.
[09/08/2014 11:43:03] Kaolz Druid has logged in.
[09/08/2014 11:43:06] Kaolz Druid has logged out.
[09/08/2014 11:43:14] Duff Maluko has logged in.
[09/08/2014 11:43:16] Legal Fera has logged out.
[09/08/2014 11:43:17] Legal Fera has logged in.
[09/08/2014 11:43:37] Pally Da Morte has logged in.
[09/08/2014 11:44:24] Lord Biiel has logged out.
[09/08/2014 11:46:23] Demonic Striker has logged in.
[09/08/2014 11:46:45] Legal Fera has logged out.
[09/08/2014 11:46:48] Legal Fera has logged in.
[09/08/2014 11:46:58] Catatal has logged out.
[09/08/2014 11:46:59] Manager has logged in.
[09/08/2014 11:46:59] > Broadcasted message: "Game map cleaning in 1 minute, please pick up all your items.".
[09/08/2014 11:47:02] > Broadcasted message: "Para ver a lista de proximos tutores digite !tutores.".
[09/08/2014 11:47:03] > Saving server...
[09/08/2014 11:47:06] > SAVE: Complete in 3.613 seconds using relational house storage.
[09/08/2014 11:47:08] Catatal has logged in.
[09/08/2014 11:47:18] Nois Que Voa Bruxao has logged out.
[09/08/2014 11:47:24] Nois Que Voa Bruxao has logged in.
[09/08/2014 11:47:29] > CLEAN: Removed 6335 items from 3940 tiles in 0.285 seconds.
[09/08/2014 11:47:30] > Broadcasted message: "Map Cleaned.".
[09/08/2014 11:48:40] Druidd has logged out.
[09/08/2014 11:48:45] Druidd has logged in.
[09/08/2014 11:51:26] Duff Maluko has logged out.
[09/08/2014 11:52:25] Nois Que Voa Bruxao has logged out.
[09/08/2014 11:52:27] Nois Que Voa Bruxao has logged in.
[09/08/2014 11:52:41] Legal Fera has logged out.
[09/08/2014 11:52:45] Legal Fera has logged in.
[09/08/2014 11:53:09] Legal Fera has logged out.
[09/08/2014 11:53:43] > Broadcasted message: "Para ver a lista de proximos tutores digite !tutores.".
[09/08/2014 11:53:45] Black Jose has logged out.
[09/08/2014 11:53:46] Black Jose has logged in.
[09/08/2014 11:53:52] Manager has logged out.
[09/08/2014 11:54:03] Manager has logged in.
[09/08/2014 11:54:28] Account Manager has logged in.
[09/08/2014 11:54:29] Account Manager has logged out.
[09/08/2014 11:54:52] Account Manager has logged in.
[09/08/2014 11:54:54] Account Manager has logged out.
[09/08/2014 11:55:04] Pally Brisado has logged out.
[09/08/2014 11:55:05] Duff Maluko has logged in.
[09/08/2014 11:55:09] Manager has logged out.
[09/08/2014 11:55:13] Duff Maluko has logged out.
[09/08/2014 11:56:29] Black Jose has logged out.
[09/08/2014 11:56:30] Black Jose has logged in.
[09/08/2014 11:56:38] Pally Brisado has logged in.
[09/08/2014 11:56:46] Manager has logged in.
[09/08/2014 11:57:21] Druid Nikito has logged in.
[09/08/2014 11:59:02] Catatal has logged out.
[09/08/2014 11:59:06] Catatal has logged in.
[09/08/2014 12:00:24] > Broadcasted message: "Novo CLIENTE = http://www.4shared.com/rar/Xvc96eOece/Death_PVP.html".
[09/08/2014 12:03:40] > Broadcasted message: "Game map cleaning in 1 minute, please pick up all your items.".
[09/08/2014 12:04:11] > CLEAN: Removed 6295 items from 4593 tiles in 0.272 seconds.
[09/08/2014 12:04:11] > Broadcasted message: "Map Cleaned.".
[09/08/2014 12:05:55] Mlk Lokoo has logged out.
[09/08/2014 12:06:56] Honda has logged in.
[09/08/2014 12:07:05] > Broadcasted message: "Para ver as noticias fale !notice".
[09/08/2014 12:08:43] Catatal has logged out.
[09/08/2014 12:08:46] Catatal has logged in.
[09/08/2014 12:09:12] Pally Da Morte has logged out.
[09/08/2014 12:09:16] Pally Da Morte has logged in.
[09/08/2014 12:09:18] Pally Da Morte has logged out.
[09/08/2014 12:09:24] Pallyzinho has logged in.
[09/08/2014 12:09:25] Pallyzinho has logged out.
[09/08/2014 12:09:28] Mlk Lokoo has logged in.
[09/08/2014 12:09:30] Pally Da Morte has logged in.
[09/08/2014 12:13:46] > Broadcasted message: "Para esclarecer algumas duvidas digite !notice, para mais informacoes fale com um [CM]".
[09/08/2014 12:14:12] Mlk Lokoo has logged out.
[09/08/2014 12:14:35] Druid Nikito has logged out.
[09/08/2014 12:14:37] Druid Nikito has logged in.
[09/08/2014 12:14:59] Mlk Lokoo has logged in.
[09/08/2014 12:15:47] Duff Maluko has logged in.
[09/08/2014 12:16:04] Duff Maluko has logged out.
[09/08/2014 12:16:27] Druid Nikito has logged out.
[09/08/2014 12:16:37] Druid Nikito has logged in.
[09/08/2014 12:16:49] Manager has logged out.
[09/08/2014 12:17:36] Black Jose has logged out.
[09/08/2014 12:17:39] Black Jose has logged in.
[09/08/2014 12:17:48] Druidd has logged out.
[09/08/2014 12:18:12] Druidd has logged in.
[09/08/2014 12:20:21] > Broadcasted message: "Game map cleaning in 1 minute, please pick up all your items.".
[09/08/2014 12:20:24] > Saving server...
[09/08/2014 12:20:28] > SAVE: Complete in 3.69 seconds using relational house storage.
[09/08/2014 12:20:28] > Broadcasted message: "Para duvidas, eventos, e futuramente compras E-mail/Msn -> deathpvp@live.com.".
[09/08/2014 12:20:52] > CLEAN: Removed 6652 items from 3737 tiles in 0.29 seconds.
[09/08/2014 12:20:52] > Broadcasted message: "Map Cleaned.".
[09/08/2014 12:21:36] Lucas has logged out.
[09/08/2014 12:21:38] Lucas has logged in.
[09/08/2014 12:21:41] Druid Nikito has logged out.
[09/08/2014 12:21:47] Druid Nikito has logged in.
[09/08/2014 12:23:01] Druid Nikito has logged out.
[09/08/2014 12:23:45] GM Gabriel has logged in.
[09/08/2014 12:24:39] Honda has logged out.
[09/08/2014 12:24:42] Honda has logged in.
[09/08/2014 12:27:09] > Broadcasted message: "Novo CLIENTE = http://www.4shared.com/rar/Xvc96eOece/Death_PVP.html".
[09/08/2014 12:28:09] GM Gabriel has logged out.
[09/08/2014 12:28:12] Druid Nikito has logged in.
[09/08/2014 12:28:38] Nois Que Voa Bruxao has logged out.
[09/08/2014 12:28:49] Druid Nikito has logged out.
[09/08/2014 12:28:51] Druid Nikito has logged in.
[09/08/2014 12:29:08] Pally Da Morte has logged out.
[09/08/2014 12:30:41] Druid Nikito has logged out.
[09/08/2014 12:30:48] Druid Nikito has logged in.
[09/08/2014 12:31:22] Lucas has logged out.
[09/08/2014 12:31:23] Lucas has logged in.
[09/08/2014 12:33:50] > Broadcasted message: "Ot on das 07:00 as 00:00".
[09/08/2014 12:33:59] Druid Nikito has logged out.
[09/08/2014 12:34:02] GM Gabriel has logged in.
[09/08/2014 12:34:27] Account Manager has logged in.
[09/08/2014 12:34:48] Account Manager has logged out.
[09/08/2014 12:34:55] Account Manager has logged in.
[09/08/2014 12:35:22] Account Manager has logged out.
[09/08/2014 12:35:31] Nadador Arqueiro has logged in.
[09/08/2014 12:37:02] > Broadcasted message: "Game map cleaning in 1 minute, please pick up all your items.".
[09/08/2014 12:37:33] > CLEAN: Removed 8355 items from 4986 tiles in 0.537 seconds.
[09/08/2014 12:37:33] > Broadcasted message: "Map Cleaned.".
[09/08/2014 12:40:31] > Broadcasted message: "Para ver as noticias fale !notice".
[09/08/2014 12:40:47] Lallana has logged out.
[09/08/2014 12:41:04] Demonic Striker has logged out.
[09/08/2014 12:41:40] Lallana has logged in.
[09/08/2014 12:41:44] Demonic Striker has logged in.
[09/08/2014 12:44:01] Pally Brisado has logged out.
[09/08/2014 12:44:03] Pally Brisado has logged in.
[09/08/2014 12:44:03] Catatal has logged out.
[09/08/2014 12:44:42] Catatal has logged in.
[09/08/2014 12:47:12] > Broadcasted message: "Para ver as noticias fale !notice".
[09/08/2014 12:47:15] Demonic Striker has logged out.
[09/08/2014 12:47:17] [Hoster] Jean has logged in.
[09/08/2014 12:47:40] Nois Que Voa Bruxao has logged in.
[09/08/2014 12:51:08] Lucas has logged out.
[09/08/2014 12:51:09] Lucas has logged in.
[09/08/2014 12:51:11] Catatal has logged out.
[09/08/2014 12:51:12] Catatal has logged in.
[09/08/2014 12:53:43] > Broadcasted message: "Game map cleaning in 1 minute, please pick up all your items.".
[09/08/2014 12:53:45] > Saving server...
[09/08/2014 12:53:50] > SAVE: Complete in 4.904 seconds using relational house storage.
[09/08/2014 12:53:53] > Broadcasted message: "Novo CLIENTE = http://www.4shared.com/rar/Xvc96eOece/Death_PVP.html".
[09/08/2014 12:54:14] > CLEAN: Removed 7851 items from 4398 tiles in 0.292 seconds.
[09/08/2014 12:54:14] > Broadcasted message: "Map Cleaned.".
[09/08/2014 12:55:03] Catatal has logged out.
[09/08/2014 12:55:07] Catatal has logged in.
[09/08/2014 12:56:01] GM Gabriel has logged out.
[09/08/2014 12:56:05] Druid Nikito has logged in.
[09/08/2014 12:56:37] [Hoster] Jean has logged out.
[09/08/2014 12:56:39] Demonic Striker has logged in.
[09/08/2014 12:57:44] Honda has logged out.
[09/08/2014 13:00:05] Catatal has logged out.
[09/08/2014 13:00:07] Catatal has logged in.
[09/08/2014 13:00:34] > Broadcasted message: "Para duvidas, eventos, e futuramente compras E-mail/Msn -> deathpvp@live.com.".
[09/08/2014 13:00:36] Black Jose has logged out.
[09/08/2014 13:00:37] Black Jose has logged in.
[09/08/2014 13:00:47] Black Jose has logged out.
[09/08/2014 13:00:48] Black Jose has logged in.
[09/08/2014 13:00:53] Pally Do Kpta has logged in.
[09/08/2014 13:01:10] Druid Nikito has logged out.
[09/08/2014 13:01:31] Black Jose has logged out.
[09/08/2014 13:01:33] Black Jose has logged in.
[09/08/2014 13:01:55] Druidd has logged out.
[09/08/2014 13:01:56] Druidd has logged in.
[09/08/2014 13:02:38] Mlk Lokoo has logged out.
[09/08/2014 13:02:42] Mlk Lokoo has logged in.
[09/08/2014 13:03:03] Lucas has logged out.
[09/08/2014 13:03:08] Lucas has logged in.
[09/08/2014 13:03:17] Pally Da Morte has logged in.
[09/08/2014 13:04:44] Nois Que Voa Bruxao has logged out.
[09/08/2014 13:04:45] Druidd has logged out.
[09/08/2014 13:04:47] Nois Que Voa Bruxao has logged in.
[09/08/2014 13:04:47] Druidd has logged in.
[09/08/2014 13:04:53] Nadador Arqueiro has logged out.
[09/08/2014 13:04:56] Nadador Arqueiro has logged in.
[09/08/2014 13:04:58] Pally Do Kpta has logged out.
[09/08/2014 13:05:00] Pally Do Kpta has logged in.
[09/08/2014 13:06:30] Nois Que Voa Bruxao has logged out.
[09/08/2014 13:06:31] Nois Que Voa Bruxao has logged in.
[09/08/2014 13:06:34] Pally Do Kpta has logged out.
[09/08/2014 13:06:35] Pally Do Kpta has logged in.
[09/08/2014 13:06:36] Nadador Arqueiro has logged out.
[09/08/2014 13:06:38] Nadador Arqueiro has logged in.
[09/08/2014 13:06:47] Honda has logged in.
[09/08/2014 13:06:52] Pally Da Morte has logged out.
[09/08/2014 13:06:54] Pally Da Morte has logged in.
[09/08/2014 13:07:12] Nois Que Voa Bruxao has logged out.
[09/08/2014 13:07:13] Pally Do Kpta has logged out.
[09/08/2014 13:07:14] Nois Que Voa Bruxao has logged in.
[09/08/2014 13:07:15] Pally Do Kpta has logged in.
[09/08/2014 13:07:15] > Broadcasted message: "Para ver as noticias fale !notice".
[09/08/2014 13:07:40] Druidd has logged out.
[09/08/2014 13:07:42] Druidd has logged in.
[09/08/2014 13:07:55] Nadador Arqueiro has logged out.
[09/08/2014 13:07:57] Pally Da Morte has logged out.
[09/08/2014 13:07:57] Nadador Arqueiro has logged in.
[09/08/2014 13:07:59] Pally Da Morte has logged in.
[09/08/2014 13:08:12] Lucas has logged out.
[09/08/2014 13:08:14] Lucas has logged in.
[09/08/2014 13:09:17] Nadador Arqueiro has logged out.
[09/08/2014 13:09:20] Nadador Arqueiro has logged in.
[09/08/2014 13:09:31] Pally Da Morte has logged out.
[09/08/2014 13:09:34] Pally Da Morte has logged in.
[09/08/2014 13:10:13] Nadador Arqueiro has logged out.
[09/08/2014 13:10:13] Mlk Lokoo has logged out.
[09/08/2014 13:10:16] Mlk Lokoo has logged in.
[09/08/2014 13:10:18] Nadador Arqueiro has logged in.
[09/08/2014 13:10:24] > Broadcasted message: "Game map cleaning in 1 minute, please pick up all your items.".
[09/08/2014 13:10:55] > CLEAN: Removed 5613 items from 3062 tiles in 0.276 seconds.
[09/08/2014 13:10:55] > Broadcasted message: "Map Cleaned.".
[09/08/2014 13:11:12] Pally Da Morte has logged out.
[09/08/2014 13:11:13] Nois Que Voa Bruxao has logged out.
[09/08/2014 13:11:14] Pally Da Morte has logged in.
[09/08/2014 13:11:15] Nois Que Voa Bruxao has logged in.
[09/08/2014 13:11:32] Catatal has logged out.
[09/08/2014 13:11:33] Catatal has logged in.
[09/08/2014 13:12:14] Nois Que Voa Bruxao has logged out.
[09/08/2014 13:12:15] Pally Da Morte has logged out.
[09/08/2014 13:12:17] Burst has logged in.
[09/08/2014 13:12:18] Nois Que Voa Bruxao has logged in.
[09/08/2014 13:12:19] Pally Da Morte has logged in.
[09/08/2014 13:12:33] Catatal has logged out.
[09/08/2014 13:12:36] Catatal has logged in.
[09/08/2014 13:12:44] Pally Da Morte has logged out.
[09/08/2014 13:12:47] Pally Da Morte has logged in.
[09/08/2014 13:13:10] Pally Do Kpta has logged out.
[09/08/2014 13:13:11] Pally Do Kpta has logged in.
[09/08/2014 13:13:16] Pally Do Kpta has logged out.
[09/08/2014 13:13:18] Pally Do Kpta has logged in.
[09/08/2014 13:13:50] Nois Que Voa Bruxao has logged out.
[09/08/2014 13:13:52] Nois Que Voa Bruxao has logged in.
[09/08/2014 13:13:55] Mlk Lokoo has logged out.
[09/08/2014 13:13:56] Mlk Lokoo has logged in.
[09/08/2014 13:13:56] > Broadcasted message: "Para esclarecer algumas duvidas digite !notice, para mais informacoes fale com um [CM]".
[09/08/2014 13:13:57] Nadador Arqueiro has logged out.
[09/08/2014 13:13:59] Nadador Arqueiro has logged in.
[09/08/2014 13:14:09] Nadador Arqueiro has logged out.
[09/08/2014 13:14:09] Nois Que Voa Bruxao has logged out.
[09/08/2014 13:14:11] Nois Que Voa Bruxao has logged in.
[09/08/2014 13:14:11] Nadador Arqueiro has logged in.
[09/08/2014 13:14:18] Nois Que Voa Bruxao has logged out.
[09/08/2014 13:14:19] Nois Que Voa Bruxao has logged in.
[09/08/2014 13:14:33] Nois Que Voa Bruxao has logged out.
[09/08/2014 13:14:34] Pally Da Morte has logged out.
[09/08/2014 13:14:35] Nois Que Voa Bruxao has logged in.
[09/08/2014 13:14:35] Pally Da Morte has logged in.
[09/08/2014 13:14:47] Catatal has logged out.
[09/08/2014 13:14:48] Catatal has logged in.
[09/08/2014 13:14:49] Black Jose has logged out.
[09/08/2014 13:14:51] Black Jose has logged in.
[09/08/2014 13:15:10] Nadador Arqueiro has logged out.
[09/08/2014 13:15:10] Pally Da Morte has logged out.
[09/08/2014 13:15:12] Pally Da Morte has logged in.
[09/08/2014 13:15:12] Nadador Arqueiro has logged in.
[09/08/2014 13:15:40] Pally Da Morte has logged out.
[09/08/2014 13:15:43] Pally Da Morte has logged in.
[09/08/2014 13:15:48] Catatal has logged out.
[09/08/2014 13:15:49] Catatal has logged in.
[09/08/2014 13:15:59] Nadador Arqueiro has logged out.
[09/08/2014 13:16:01] Nadador Arqueiro has logged in.
[09/08/2014 13:17:06] Black Jose has logged out.
[09/08/2014 13:17:07] Black Jose has logged in.
[09/08/2014 13:17:23] Druidd has logged out.
[09/08/2014 13:17:25] Druidd has logged in.
[09/08/2014 13:17:26] Pally Do Kpta has logged out.
[09/08/2014 13:17:28] Pally Do Kpta has logged in.
[09/08/2014 13:17:33] Honda has logged out.
[09/08/2014 13:17:34] Honda has logged in.
[09/08/2014 13:18:06] Druidd has logged out.
[09/08/2014 13:18:09] Mlk Lokoo has logged out.
[09/08/2014 13:18:11] Mlk Lokoo has logged in.
[09/08/2014 13:18:28] Catatal has logged out.
[09/08/2014 13:18:30] Pally Da Morte has logged out.
[09/08/2014 13:18:30] Catatal has logged in.
[09/08/2014 13:18:32] Pally Da Morte has logged in.
[09/08/2014 13:18:36] Nadador Arqueiro has logged out.
[09/08/2014 13:18:39] Nadador Arqueiro has logged in.
[09/08/2014 13:18:45] Druidd has logged in.
[09/08/2014 13:20:37] > Broadcasted message: "Para esclarecer algumas duvidas digite !notice, para mais informacoes fale com um [CM]".
[09/08/2014 13:21:19] Honda has logged out.
[09/08/2014 13:21:21] Pally Do Kpta has logged out.
[09/08/2014 13:21:32] Honda has logged in.
[09/08/2014 13:21:53] Druid Nikito has logged in.
[09/08/2014 13:21:59] Nadador Arqueiro has logged out.
[09/08/2014 13:22:02] Nadador Arqueiro has logged in.
[09/08/2014 13:22:14] Burst has logged out.
[09/08/2014 13:22:16] Account Manager has logged in.
[09/08/2014 13:22:29] Nadador Arqueiro has logged out.
[09/08/2014 13:22:31] Nadador Arqueiro has logged in.
[09/08/2014 13:22:35] Catatal has logged out.
[09/08/2014 13:22:36] Catatal has logged in.
[09/08/2014 13:22:49] Account Manager has logged out.
[09/08/2014 13:23:01] Linker has logged in.
[09/08/2014 13:23:46] Nadador Arqueiro has logged out.
[09/08/2014 13:23:50] Nadador Arqueiro has logged in.
[09/08/2014 13:23:59] Catatal has logged out.
[09/08/2014 13:24:02] Catatal has logged in.
[09/08/2014 13:24:13] Druid Nikito has logged out.
[09/08/2014 13:24:25] Nadador Arqueiro has logged out.
[09/08/2014 13:24:28] Nadador Arqueiro has logged in.
[09/08/2014 13:24:28] Catatal has logged out.
[09/08/2014 13:24:30] Catatal has logged in.
[09/08/2014 13:24:33] Pally Do Kpta has logged in.
[09/08/2014 13:24:38] Nadador Arqueiro has logged out.
[09/08/2014 13:24:40] Nadador Arqueiro has logged in.
[09/08/2014 13:24:58] Demonic Striker has logged out.
[09/08/2014 13:25:00] [Hoster] Jean has logged in.
[09/08/2014 13:25:18] Nadador Arqueiro has logged out.
[09/08/2014 13:25:20] Nadador Arqueiro has logged in.
[09/08/2014 13:26:21] GM Gabriel has logged in.
[09/08/2014 13:26:40] GM Gabriel has logged out.
[09/08/2014 13:27:05] > Broadcasted message: "Game map cleaning in 1 minute, please pick up all your items.".
[09/08/2014 13:27:06] > Saving server...
[09/08/2014 13:27:10] > SAVE: Complete in 3.664 seconds using relational house storage.
[09/08/2014 13:27:18] > Broadcasted message: "Para esclarecer algumas duvidas digite !notice, para mais informacoes fale com um [CM]".
[09/08/2014 13:27:24] Druid Nikito has logged in.
[09/08/2014 13:27:35] > CLEAN: Removed 7586 items from 3713 tiles in 0.325 seconds.
[09/08/2014 13:27:36] > Broadcasted message: "Map Cleaned.".
[09/08/2014 13:29:28] Catatal has logged out.
[09/08/2014 13:31:47] Linker has logged out.
[09/08/2014 13:31:50] Burst has logged in.
[09/08/2014 13:32:42] Black Jose has logged out.
[09/08/2014 13:32:43] Black Jose has logged in.
[09/08/2014 13:32:47] Burst has logged out.
[09/08/2014 13:32:49] Burst has logged in.
[09/08/2014 13:32:52] Druidd has logged out.
[09/08/2014 13:32:53] Druidd has logged in.
[09/08/2014 13:33:35] Burst has logged out.
[09/08/2014 13:33:38] Account Manager has logged in.
[09/08/2014 13:33:59] > Broadcasted message: "Para duvidas, eventos, e futuramente compras E-mail/Msn -> deathpvp@live.com.".
[09/08/2014 13:34:14] Account Manager has logged out.
[09/08/2014 13:34:26] Axell has logged in.
[09/08/2014 13:34:35] Nois Que Voa Bruxao has logged out.
[09/08/2014 13:34:37] Nois Que Voa Bruxao has logged in.
[09/08/2014 13:36:15] Axell has logged out.
[09/08/2014 13:36:31] Pally Da Morte has logged out.
[09/08/2014 13:36:32] Nois Que Voa Bruxao has logged out.
[09/08/2014 13:36:34] Nois Que Voa Bruxao has logged in.
[09/08/2014 13:36:34] Pally Da Morte has logged in.
[09/08/2014 13:39:00] Pally Do Kpta has logged out.
[09/08/2014 13:39:01] Pally Do Kpta has logged in.
[09/08/2014 13:39:03] Honda has logged out.
[09/08/2014 13:39:05] Pally Do Kpta has logged out.
[09/08/2014 13:39:07] Pally Do Kpta has logged in.
[09/08/2014 13:39:08] Honda has logged in.
[09/08/2014 13:39:36] Nadador Arqueiro has logged out.
[09/08/2014 13:39:38] Nadador Arqueiro has logged in.
[09/08/2014 13:40:23] Nadador Arqueiro has logged out.
[09/08/2014 13:40:25] Account Manager has logged in.
[09/08/2014 13:40:28] Honda has logged out.
[09/08/2014 13:40:30] Honda has logged in.
[09/08/2014 13:40:32] Lucas has logged out.
[09/08/2014 13:40:33] Lucas has logged in.
[09/08/2014 13:40:40] > Broadcasted message: "Para comprar bless digite !bless".
[09/08/2014 13:40:50] Account Manager has logged out.
[09/08/2014 13:40:57] Boboleu has logged in.
[09/08/2014 13:41:48] Nois Que Voa Bruxao has logged out.
[09/08/2014 13:41:49] Pally Do Kpta has logged out.
[09/08/2014 13:41:50] Nois Que Voa Bruxao has logged in.
[09/08/2014 13:41:51] Pally Do Kpta has logged in.
[09/08/2014 13:41:52] Lucas has logged out.
[09/08/2014 13:41:53] Lucas has logged in.
[09/08/2014 13:41:57] Boboleu has logged out.
[09/08/2014 13:41:58] Nadador Arqueiro has logged in.
[09/08/2014 13:42:03] Lallana has logged out.
[09/08/2014 13:42:21] Lallana has logged in.
[09/08/2014 13:42:22] [Hoster] Jean has logged out.
[09/08/2014 13:42:28] > Saving server...
[09/08/2014 13:42:31] > SAVE: Complete in 3.429 seconds using relational house storage.
[09/08/2014 13:42:57] Honda has logged out.
[09/08/2014 13:42:59] Druidd has logged out.
[09/08/2014 13:43:00] Honda has logged in.
[09/08/2014 13:43:00] Druidd has logged in.
[09/08/2014 13:43:37] Lord Biel has logged in.
[09/08/2014 13:43:39] Lord Biel has logged out.
[09/08/2014 13:43:40] Lord Biiel has logged in.
[09/08/2014 13:43:46] > Broadcasted message: "Game map cleaning in 1 minute, please pick up all your items.".
[09/08/2014 13:44:17] > CLEAN: Removed 3071 items from 2211 tiles in 0.234 seconds.
[09/08/2014 13:44:17] > Broadcasted message: "Map Cleaned.".
[09/08/2014 13:44:19] Pally Da Morte has logged out.
[09/08/2014 13:44:20] Druidd has logged out.
[09/08/2014 13:44:21] 
[09/08/2014 13:44:21] Lua Script Error: [CreatureScript Interface] 
[09/08/2014 13:44:21] data/creaturescripts/scripts/playerdeath.lua:onDeath
[09/08/2014 13:44:21] 
[09/08/2014 13:44:21] luaGetCreatureName(). Creature not found
[09/08/2014 13:44:21] 
[09/08/2014 13:44:21] Lua Script Error: [CreatureScript Interface] 
[09/08/2014 13:44:21] data/creaturescripts/scripts/playerdeath.lua:onDeath
[09/08/2014 13:44:22] 
[09/08/2014 13:44:22] luaGetCreatureName(). Creature not found
[09/08/2014 13:44:22] Nois Que Voa Bruxao has logged out.
[09/08/2014 13:44:23] Druidd has logged in.
[09/08/2014 13:44:23] Pally Da Morte has logged in.
[09/08/2014 13:44:24] Nois Que Voa Bruxao has logged in.
[09/08/2014 13:45:40] Druidd has logged out.
[09/08/2014 13:45:42] Druidd has logged in.
[09/08/2014 13:47:03] Lucas has logged out.
[09/08/2014 13:47:04] Lucas has logged in.
[09/08/2014 13:47:21] > Broadcasted message: "Para comprar bless digite !bless".
[09/08/2014 13:48:14] Honda has logged out.
[09/08/2014 13:48:16] Honda has logged in.
[09/08/2014 13:48:16] Druid Nikito has logged out.
[09/08/2014 13:48:19] GM Gabriel has logged in.
[09/08/2014 13:48:20] Druidd has logged out.
[09/08/2014 13:48:23] Lallana has logged out.
[09/08/2014 13:48:25] Lallana has logged in.
[09/08/2014 13:48:27] Druidd has logged in.
[09/08/2014 13:49:51] > Saving server...
[09/08/2014 13:49:55] > SAVE: Complete in 4.416 seconds using relational house storage.
[09/08/2014 13:50:38] Mlk Lokoo has logged out.
[09/08/2014 13:50:41] Mlk Lokoo has logged in.
[09/08/2014 13:52:44] Anjo pk has logged in.
[09/08/2014 13:52:45] Anjo pk has logged out.
[09/08/2014 13:53:35] Lucas has logged out.
[09/08/2014 13:54:02] > Broadcasted message: "Para comprar bless digite !bless".
[09/08/2014 13:54:30] Lucas has logged in.
[09/08/2014 13:54:44] GM Gabriel has logged out.
[09/08/2014 13:54:47] Druid Nikito has logged in.
[09/08/2014 13:56:04] Honda has logged out.
[09/08/2014 13:56:06] Honda has logged in.
[09/08/2014 14:00:27] > Broadcasted message: "Game map cleaning in 1 minute, please pick up all your items.".
[09/08/2014 14:00:28] > Saving server...
[09/08/2014 14:00:32] > SAVE: Complete in 3.717 seconds using relational house storage.
[09/08/2014 14:00:43] > Broadcasted message: "Para duvidas, eventos, e futuramente compras E-mail/Msn -> deathpvp@live.com.".
[09/08/2014 14:00:58] > CLEAN: Removed 2952 items from 1875 tiles in 0.335 seconds.
[09/08/2014 14:00:58] > Broadcasted message: "Map Cleaned.".
[09/08/2014 14:03:28] Lord Biiel has logged out.
[09/08/2014 14:03:31] Lord Biiel has logged in.
[09/08/2014 14:06:02] Nadador Arqueiro has logged out.
[09/08/2014 14:07:24] > Broadcasted message: "Para comprar bless digite !bless".
[09/08/2014 14:07:49] Nois Que Voa Bruxao has logged out.
[09/08/2014 14:08:01] Pally Da Morte has logged out.
[09/08/2014 14:08:09] Lord Biiel has logged out.
[09/08/2014 14:08:12] Lord Biiel has logged in.
[09/08/2014 14:11:04] Skise Da Xurupita has logged in.
[09/08/2014 14:11:40] Skise Da Xurupita has logged out.
[09/08/2014 14:12:52] Lord Biiel has logged out.
[09/08/2014 14:12:54] Lord Biiel has logged in.
[09/08/2014 14:14:05] > Broadcasted message: "Para ver as noticias fale !notice".
[09/08/2014 14:14:08] Nois Que Voa Bruxao has logged in.
[09/08/2014 14:15:02] Pally Brisado has logged out.
[09/08/2014 14:15:32] Nois Que Voa Bruxao has logged out.
[09/08/2014 14:16:04] Nois Que Voa Bruxao has logged in.
[09/08/2014 14:17:08] > Broadcasted message: "Game map cleaning in 1 minute, please pick up all your items.".
[09/08/2014 14:17:23] Druid Nikito has logged out.
[09/08/2014 14:17:38] > CLEAN: Removed 7734 items from 4230 tiles in 0.289 seconds.
[09/08/2014 14:17:38] > Broadcasted message: "Map Cleaned.".
[09/08/2014 14:19:31] Druidd has logged out.
[09/08/2014 14:20:41] Account Manager has logged in.
[09/08/2014 14:20:42] Account Manager has logged out.
[09/08/2014 14:20:46] > Broadcasted message: "Para duvidas, eventos, e futuramente compras E-mail/Msn -> deathpvp@live.com.".
[09/08/2014 14:20:55] Account Manager has logged in.
[09/08/2014 14:20:58] Account Manager has logged out.
[09/08/2014 14:21:05] Pally Do Kpta has logged out.
[09/08/2014 14:21:10] Druid Nikito has logged in.
[09/08/2014 14:21:21] Druidd has logged in.
[09/08/2014 14:23:13] Pally Do Kpta has logged in.
[09/08/2014 14:27:27] > Broadcasted message: "Para esclarecer algumas duvidas digite !notice, para mais informacoes fale com um [CM]".
[09/08/2014 14:27:39] Nois Que Voa Bruxao has logged out.
[09/08/2014 14:27:40] Nois Que Voa Bruxao has logged in.
[09/08/2014 14:29:31] Chico Bioca has logged in.
[09/08/2014 14:32:09] Lucas has logged out.
[09/08/2014 14:32:16] Anjo pk has logged in.
[09/08/2014 14:32:46] Lord Biiel has logged out.
[09/08/2014 14:32:49] Lord Biiel has logged in.
[09/08/2014 14:33:01] Lucas has logged in.
[09/08/2014 14:33:25] Chico Bioca has logged out.
[09/08/2014 14:33:27] Account Manager has logged in.
[09/08/2014 14:33:48] > Saving server...
[09/08/2014 14:33:51] > SAVE: Complete in 3.324 seconds using relational house storage.
[09/08/2014 14:33:51] > Broadcasted message: "Game map cleaning in 1 minute, please pick up all your items.".
[09/08/2014 14:34:08] > Broadcasted message: "Sempre Ao Criar Uma Conta, Pegue A RK Dela No Account Manager Da Conta E Anote, Nunca Passe A Sua Senha Para Outras Pessoas, E Ao Entrar Em Outros OT´s Crie Contas Diferentes Para Não Sofrer HACKED, Não Me Responsabilizo Por Perdas, Obrigado".
[09/08/2014 14:34:15] Account Manager has logged out.
[09/08/2014 14:34:17] Chico Bioca has logged in.
[09/08/2014 14:34:22] > CLEAN: Removed 9319 items from 4835 tiles in 0.609 seconds.
[09/08/2014 14:34:23] > Broadcasted message: "Map Cleaned.".
[09/08/2014 14:36:13] Legal Fera has logged in.
[09/08/2014 14:36:26] Lord Biiel has logged out.
[09/08/2014 14:36:35] Lord Biiel has logged in.
[09/08/2014 14:37:05] Mateus has logged in.
[09/08/2014 14:37:34] Legal Fera has logged out.
[09/08/2014 14:37:55] Mateus has logged out.
[09/08/2014 14:38:17] Chico Bioca has logged out.
[09/08/2014 14:38:25] Druidd has logged out.
[09/08/2014 14:38:25] Chico Bioca has logged in.
[09/08/2014 14:39:12] Druidd has logged in.
[09/08/2014 14:40:49] > Broadcasted message: "Para comprar bless digite !bless".
[09/08/2014 14:40:56] Lord Biiel has logged out.
[09/08/2014 14:40:58] Lord Biiel has logged in.
[09/08/2014 14:42:46] Lord Biiel has logged out.
[09/08/2014 14:42:48] Lord Biiel has logged in.
[09/08/2014 14:43:32] Black Jose has logged out.
[09/08/2014 14:43:38] Black Jose has logged in.
[09/08/2014 14:43:58] Druid Nikito has logged out.
[09/08/2014 14:44:30] Nois Que Voa Bruxao has logged out.
[09/08/2014 14:44:31] Nois Que Voa Bruxao has logged in.
[09/08/2014 14:44:58] Manager has logged in.
[09/08/2014 14:46:00] Druid Nikito has logged in.
[09/08/2014 14:46:38] Lucas has logged out.
[09/08/2014 14:46:39] Lucas has logged in.
[09/08/2014 14:46:45] Lord Biiel has logged out.
[09/08/2014 14:46:47] Lord Biiel has logged in.
[09/08/2014 14:46:47] Chico Bioca has logged out.
[09/08/2014 14:46:59] Oliver Queen has logged in.
[09/08/2014 14:47:02] Lord Biiel has logged out.
[09/08/2014 14:47:30] > Broadcasted message: "Para ver a lista de proximos tutores digite !tutores.".
[09/08/2014 14:49:30] Anjo pk has logged out.
[09/08/2014 14:50:21] Honda has logged out.
[09/08/2014 14:50:28] Honda has logged in.
[09/08/2014 14:50:32] > Broadcasted message: "Game map cleaning in 1 minute, please pick up all your items.".
[09/08/2014 14:51:02] > CLEAN: Removed 5741 items from 3431 tiles in 0.285 seconds.
[09/08/2014 14:51:03] > Broadcasted message: "Map Cleaned.".
[09/08/2014 14:51:14] Druidd has logged out.
[09/08/2014 14:51:15] Druidd has logged in.
[09/08/2014 14:51:51] Honda has logged out.
[09/08/2014 14:52:14] Keisuke has logged in.
[09/08/2014 14:54:11] > Broadcasted message: "Para ver as noticias fale !notice".
[09/08/2014 14:54:27] Pally Da Morte has logged in.
[09/08/2014 14:54:47] Lucas has logged out.
[09/08/2014 14:54:48] Lucas has logged in.
[09/08/2014 14:54:59] [Hoster] Jean has logged in.
[09/08/2014 14:55:05] Legal Fera has logged in.
[09/08/2014 14:55:52] Lucas has logged out.
[09/08/2014 14:55:54] Lucas has logged in.
[09/08/2014 14:55:55] Pally Da Morte has logged out.
[09/08/2014 14:55:57] Pally Da Morte has logged in.
[09/08/2014 14:56:03] Nois Que Voa Bruxao has logged out.
[09/08/2014 14:56:04] Nois Que Voa Bruxao has logged in.
[09/08/2014 14:56:30] > Broadcasted message: "Ice Lord esta atacando o templo com seu set perfeito.".
[09/08/2014 14:56:47] Lucas has logged out.
[09/08/2014 14:56:48] Lucas has logged in.
[09/08/2014 14:57:02] Druid Nikito has logged out.
[09/08/2014 14:57:20] Druid Nikito has logged in.
[09/08/2014 14:57:43] Legal Fera has logged out.
[09/08/2014 14:57:48] Pally Da Morte has logged out.
[09/08/2014 14:57:48] Legal Fera has logged in.
[09/08/2014 14:57:51] Pally Da Morte has logged in.
[09/08/2014 14:58:04] Pally Da Morte has logged out.
[09/08/2014 14:58:06] Pally Da Morte has logged in.
[09/08/2014 14:58:09] Black Jose has logged out.
[09/08/2014 14:58:10] Black Jose has logged in.
[09/08/2014 14:58:28] Pally Da Morte has logged out.
[09/08/2014 14:58:29] Legal Fera has logged out.
[09/08/2014 14:58:30] Pally Da Morte has logged in.
[09/08/2014 14:58:31] Legal Fera has logged in.
[09/08/2014 14:58:39] Nois Que Voa Bruxao has logged out.
[09/08/2014 14:58:42] Keisuke has logged out.
[09/08/2014 14:58:43] Lucas has logged out.
[09/08/2014 14:58:44] Lucas has logged in.
[09/08/2014 14:58:46] Keisuke has logged in.
[09/08/2014 14:58:48] Legal Fera has logged out.
[09/08/2014 14:58:49] Pally Da Morte has logged out.
[09/08/2014 14:58:49] Legal Fera has logged in.
[09/08/2014 14:58:50] Pally Da Morte has logged in.
[09/08/2014 14:58:58] Pally Da Morte has logged out.
[09/08/2014 14:58:59] Black Jose has logged out.
[09/08/2014 14:59:00] Pally Da Morte has logged in.
[09/08/2014 14:59:00] Black Jose has logged in.
[09/08/2014 14:59:06] Nois Que Voa Bruxao has logged in.
[09/08/2014 14:59:10] Legal Fera has logged out.
[09/08/2014 14:59:11] Legal Fera has logged in.
[09/08/2014 14:59:13] Pally Da Morte has logged out.
[09/08/2014 14:59:14] Pally Da Morte has logged in.
[09/08/2014 14:59:27] Pally Da Morte has logged out.
[09/08/2014 14:59:28] Black Jose has logged out.
[09/08/2014 14:59:29] Pally Da Morte has logged in.
[09/08/2014 14:59:29] Black Jose has logged in.
[09/08/2014 14:59:30] Druid Nikito has logged out.
[09/08/2014 14:59:34] Druid Nikito has logged in.
[09/08/2014 14:59:55] Keisuke has logged out.
[09/08/2014 15:00:23] Keisuke has logged in.
[09/08/2014 15:00:52] > Broadcasted message: "Para ver as noticias fale !notice".
[09/08/2014 15:01:50] > Broadcasted message: "Jaa Evento De Bau".
[09/08/2014 15:02:00] > Broadcasted message: "Jaa Evento De Bau".
[09/08/2014 15:02:01] > Broadcasted message: "Jaa Evento De Bau".
[09/08/2014 15:02:02] > Broadcasted message: "Jaa Evento De Bau".
[09/08/2014 15:02:03] > Broadcasted message: "Jaa Evento De Bau".
[09/08/2014 15:02:10] > Broadcasted message: "Jaa Evento De Bau".
[09/08/2014 15:03:01] Anjo pk has logged in.
[09/08/2014 15:03:37] Manager has logged out.
[09/08/2014 15:03:53] Manager has logged in.
[09/08/2014 15:04:58] Oliver Queen has logged out.
[09/08/2014 15:04:59] Chico Bioca has logged in.
[09/08/2014 15:05:01] Duff Maluko has logged in.
[09/08/2014 15:07:09] > Saving server...
[09/08/2014 15:07:13] > SAVE: Complete in 3.921 seconds using relational house storage.
[09/08/2014 15:07:13] > Broadcasted message: "Game map cleaning in 1 minute, please pick up all your items.".
[09/08/2014 15:07:33] > Broadcasted message: "Para ver as noticias fale !notice".
[09/08/2014 15:07:44] > CLEAN: Removed 6419 items from 2997 tiles in 0.258 seconds.
[09/08/2014 15:07:44] > Broadcasted message: "Map Cleaned.".
[09/08/2014 15:08:53] > Broadcasted message: "New record: 17 players are logged in.".
[09/08/2014 15:08:53] Mlktop has logged in.
[09/08/2014 15:10:57] Keisuke has logged out.
[09/08/2014 15:10:59] Honda has logged in.
[09/08/2014 15:11:03] > Broadcasted message: "VAAI COMEÇA EVENTO DE BAUS".
[09/08/2014 15:11:19] Chico Bioca has logged out.
[09/08/2014 15:11:20] Chico Bioca has logged in.
[09/08/2014 15:11:25] Chico Bioca has logged out.
[09/08/2014 15:11:26] Chico Bioca has logged in.
[09/08/2014 15:11:36] > Broadcasted message: "VAAI COMEÇA EVENTO DE BAUS".
[09/08/2014 15:11:37] > Broadcasted message: "VAAI COMEÇA EVENTO DE BAUS".
[09/08/2014 15:11:37] > Broadcasted message: "VAAI COMEÇA EVENTO DE BAUS".
[09/08/2014 15:11:38] > Broadcasted message: "VAAI COMEÇA EVENTO DE BAUS".
[09/08/2014 15:11:39] > Broadcasted message: "VAAI COMEÇA EVENTO DE BAUS".
[09/08/2014 15:11:39] > Broadcasted message: "VAAI COMEÇA EVENTO DE BAUS".
[09/08/2014 15:11:40] > Broadcasted message: "VAAI COMEÇA EVENTO DE BAUS".
[09/08/2014 15:11:59] > Broadcasted message: "VAAI COMEÇA EVENTO DE BAUS".
[09/08/2014 15:12:00] > Broadcasted message: "VAAI COMEÇA EVENTO DE BAUS".
[09/08/2014 15:12:01] > Broadcasted message: "VAAI COMEÇA EVENTO DE BAUS".
[09/08/2014 15:12:03] > Broadcasted message: "VAAI COMEÇA EVENTO DE BAUS".
[09/08/2014 15:13:41] > Broadcasted message: "New record: 18 players are logged in.".
[09/08/2014 15:13:42] Down has logged in.
[09/08/2014 15:14:14] > Broadcasted message: "Para ver as noticias fale !notice".
[09/08/2014 15:14:38] > Broadcasted message: "VAAI COMEÇA EVENTO DE BAUS".
[09/08/2014 15:14:38] > Broadcasted message: "VAAI COMEÇA EVENTO DE BAUS".
[09/08/2014 15:14:56] Legal Fera has logged out.
[09/08/2014 15:14:57] Legal Fera has logged in.
[09/08/2014 15:15:28] Legal Fera has logged out.
[09/08/2014 15:16:04] Druid Nikito has logged out.
[09/08/2014 15:16:06] GM Gabriel has logged in.
[09/08/2014 15:19:01] GM Gabriel has logged out.
[09/08/2014 15:20:55] > Broadcasted message: "Sempre Ao Criar Uma Conta, Pegue A RK Dela No Account Manager Da Conta E Anote, Nunca Passe A Sua Senha Para Outras Pessoas, E Ao Entrar Em Outros OT´s Crie Contas Diferentes Para Não Sofrer HACKED, Não Me Responsabilizo Por Perdas, Obrigado".
[09/08/2014 15:21:05] Manager has logged out.
[09/08/2014 15:21:33] Druidd has logged out.
[09/08/2014 15:21:58] Nbzim has logged in.
[09/08/2014 15:22:01] Nbzim has logged out.
[09/08/2014 15:22:03] Nbzim has logged in.
[09/08/2014 15:22:08] Druidd has logged in.
[09/08/2014 15:23:06] Nbzim has logged out.
[09/08/2014 15:23:10] Legal Fera has logged in.
[09/08/2014 15:23:21] Manager has logged in.
[09/08/2014 15:23:54] > Broadcasted message: "Game map cleaning in 1 minute, please pick up all your items.".
[09/08/2014 15:24:00] Chico Bioca has logged out.
[09/08/2014 15:24:02] Chico Bioca has logged in.
[09/08/2014 15:24:25] > CLEAN: Removed 6477 items from 2662 tiles in 0.259 seconds.
[09/08/2014 15:24:25] > Broadcasted message: "Map Cleaned.".
[09/08/2014 15:27:22] Kaolz Druid has logged in.
[09/08/2014 15:27:36] > Broadcasted message: "Para duvidas, eventos, e futuramente compras E-mail/Msn -> deathpvp@live.com.".
[09/08/2014 15:30:06] Down has logged out.
[09/08/2014 15:31:03] Legal Fera has logged out.
[09/08/2014 15:31:32] Legal Fera has logged in.
[09/08/2014 15:33:27] Chico Bioca has logged out.
[09/08/2014 15:33:39] Catatal has logged in.
[09/08/2014 15:34:17] > Broadcasted message: "Novo CLIENTE = http://www.4shared.com/rar/Xvc96eOece/Death_PVP.html".
[09/08/2014 15:39:31] Manager has logged out.
[09/08/2014 15:40:30] > Saving server...
[09/08/2014 15:40:34] > SAVE: Complete in 3.809 seconds using relational house storage.
[09/08/2014 15:40:35] > Broadcasted message: "Game map cleaning in 1 minute, please pick up all your items.".
[09/08/2014 15:40:58] > Broadcasted message: "Para comprar bless digite !bless".
[09/08/2014 15:41:06] > CLEAN: Removed 5475 items from 2181 tiles in 0.269 seconds.
[09/08/2014 15:41:06] > Broadcasted message: "Map Cleaned.".
[09/08/2014 15:43:14] Kaolz Druid has logged out.
[09/08/2014 15:43:39] Catatal has logged out.
[09/08/2014 15:43:42] [Hoster] Jean has logged out.
[09/08/2014 15:43:43] [Hoster] Jean has logged in.
[09/08/2014 15:43:44] Catatal has logged in.
[09/08/2014 15:43:53] Catatal has logged out.
[09/08/2014 15:44:29] Manager has logged in.
[09/08/2014 15:44:33] Mlk Lokoo has logged out.
[09/08/2014 15:44:39] Lallana has logged out.
[09/08/2014 15:44:56] Microbiio I has logged in.
[09/08/2014 15:44:56] Account Manager has logged in.
[09/08/2014 15:45:00] Account Manager has logged out.
[09/08/2014 15:45:02] Chico Bioca has logged in.
[09/08/2014 15:45:03] Lallana has logged in.
[09/08/2014 15:45:15] Microbiio I has logged out.
[09/08/2014 15:45:20] > Broadcasted message: "Mestre Dos Magos esta atacando o templo com seu set the hell.".
[09/08/2014 15:45:22] Mlk Lokoo has logged in.
[09/08/2014 15:46:11] Duff Maluko has logged out.
[09/08/2014 15:46:13] Duff Maluko has logged in.
[09/08/2014 15:46:15] Druidd has logged out.
[09/08/2014 15:46:17] Druidd has logged in.
[09/08/2014 15:46:27] Anjo pk has logged out.
[09/08/2014 15:46:30] Anjo pk has logged in.
[09/08/2014 15:46:37] Anjo pk has logged out.
[09/08/2014 15:46:39] Anjo pk has logged in.
[09/08/2014 15:46:41] Pally Do Kpta has logged out.
[09/08/2014 15:46:46] Nois Que Voa Bruxao has logged out.
[09/08/2014 15:46:47] Nois Que Voa Bruxao has logged in.
[09/08/2014 15:46:51] > Broadcasted message: "MESTRE DOS MAGOS CAI UMA RING DA IMORTALIDADE".
[09/08/2014 15:46:53] > Broadcasted message: "MESTRE DOS MAGOS CAI UMA RING DA IMORTALIDADE".
[09/08/2014 15:46:54] > Broadcasted message: "MESTRE DOS MAGOS CAI UMA RING DA IMORTALIDADE".
[09/08/2014 15:46:54] > Broadcasted message: "MESTRE DOS MAGOS CAI UMA RING DA IMORTALIDADE".
[09/08/2014 15:46:55] > Broadcasted message: "MESTRE DOS MAGOS CAI UMA RING DA IMORTALIDADE".
[09/08/2014 15:46:56] > Broadcasted message: "MESTRE DOS MAGOS CAI UMA RING DA IMORTALIDADE".
[09/08/2014 15:46:56] > Broadcasted message: "MESTRE DOS MAGOS CAI UMA RING DA IMORTALIDADE".
[09/08/2014 15:46:57] > Broadcasted message: "MESTRE DOS MAGOS CAI UMA RING DA IMORTALIDADE".
[09/08/2014 15:46:58] > Broadcasted message: "MESTRE DOS MAGOS CAI UMA RING DA IMORTALIDADE".
[09/08/2014 15:46:58] > Broadcasted message: "MESTRE DOS MAGOS CAI UMA RING DA IMORTALIDADE".
[09/08/2014 15:46:59] > Broadcasted message: "MESTRE DOS MAGOS CAI UMA RING DA IMORTALIDADE".
[09/08/2014 15:47:00] > Broadcasted message: "MESTRE DOS MAGOS CAI UMA RING DA IMORTALIDADE".
[09/08/2014 15:47:00] > Broadcasted message: "MESTRE DOS MAGOS CAI UMA RING DA IMORTALIDADE".
[09/08/2014 15:47:04] Anjo pk has logged out.
[09/08/2014 15:47:06] Anjo pk has logged in.
[09/08/2014 15:47:11] Pally Da Morte has logged out.
[09/08/2014 15:47:12] Mlktop has logged out.
[09/08/2014 15:47:14] Nois Que Voa Bruxao has logged out.
[09/08/2014 15:47:15] Pally Da Morte has logged in.
[09/08/2014 15:47:15] Mlktop has logged in.
[09/08/2014 15:47:16] Nois Que Voa Bruxao has logged in.
[09/08/2014 15:47:33] > Broadcasted message: "MESTRE DOS MAGOS CAI UMA RING DA IMORTALIDADE".
[09/08/2014 15:47:34] > Broadcasted message: "MESTRE DOS MAGOS CAI UMA RING DA IMORTALIDADE".
[09/08/2014 15:47:35] > Broadcasted message: "MESTRE DOS MAGOS CAI UMA RING DA IMORTALIDADE".
[09/08/2014 15:47:39] > Broadcasted message: "Para esclarecer algumas duvidas digite !notice, para mais informacoes fale com um [CM]".
[09/08/2014 15:47:39] 
[09/08/2014 15:47:40] Lua Script Error: [CreatureScript Interface] 
[09/08/2014 15:47:40] data/creaturescripts/scripts/playerdeath.lua:onDeath
[09/08/2014 15:47:40] 
[09/08/2014 15:47:40] luaGetCreatureName(). Creature not found
[09/08/2014 15:47:40] 
[09/08/2014 15:47:40] Lua Script Error: [CreatureScript Interface] 
[09/08/2014 15:47:41] data/creaturescripts/scripts/playerdeath.lua:onDeath
[09/08/2014 15:47:41] 
[09/08/2014 15:47:41] luaGetCreatureName(). Creature not found
[09/08/2014 15:47:41] Honda has logged out.
[09/08/2014 15:47:43] Honda has logged in.
[09/08/2014 15:47:46] Lucas has logged out.
[09/08/2014 15:47:48] Lucas has logged in.
[09/08/2014 15:47:56] Nois Que Voa Bruxao has logged out.
[09/08/2014 15:48:00] Pally Do Kpta has logged in.
[09/08/2014 15:48:02] Nois Que Voa Bruxao has logged in.
[09/08/2014 15:48:32] Anjo pk has logged out.
[09/08/2014 15:48:42] Duff Maluko has logged out.
[09/08/2014 15:48:45] Duff Maluko has logged in.
[09/08/2014 15:48:58] Duff Maluko has logged out.
[09/08/2014 15:49:00] Duff Maluko has logged in.
[09/08/2014 15:49:04] Pally Do Kpta has logged out.
[09/08/2014 15:49:20] Nois Que Voa Bruxao has logged out.
[09/08/2014 15:49:22] Pally Da Morte has logged out.
[09/08/2014 15:49:23] Nois Que Voa Bruxao has logged in.
[09/08/2014 15:49:34] Pally Da Morte has logged in.
[09/08/2014 15:49:36] > Saving server...
[09/08/2014 15:49:40] > SAVE: Complete in 3.955 seconds using relational house storage.
[09/08/2014 15:50:02] Nois Que Voa Bruxao has logged out.
[09/08/2014 15:50:04] Pally Do Kpta has logged in.
[09/08/2014 15:50:11] Nois Que Voa Bruxao has logged in.
[09/08/2014 15:50:19] Pally Da Morte has logged out.
[09/08/2014 15:50:22] Black Jose has logged out.
[09/08/2014 15:50:25] Pally Da Morte has logged in.
[09/08/2014 15:50:28] Nois Que Voa Bruxao has logged out.
[09/08/2014 15:50:29] Black Jose has logged in.
[09/08/2014 15:50:30] Druidd has logged out.
[09/08/2014 15:50:31] Nois Que Voa Bruxao has logged in.
[09/08/2014 15:50:32] Druidd has logged in.
[09/08/2014 15:50:53] Pally Brisado has logged in.
[09/08/2014 15:50:54] Pally Brisado has logged out.
[09/08/2014 15:50:55] Nois Que Voa Bruxao has logged out.
[09/08/2014 15:50:57] Pally Da Morte has logged out.
[09/08/2014 15:50:58] Nois Que Voa Bruxao has logged in.
[09/08/2014 15:51:03] Pally Da Morte has logged in.
[09/08/2014 15:51:05] Pally Brisado has logged in.
[09/08/2014 15:51:28] Pally Da Morte has logged out.
[09/08/2014 15:51:30] Pally Da Morte has logged in.
[09/08/2014 15:51:33] Nois Que Voa Bruxao has logged out.
[09/08/2014 15:51:39] Nois Que Voa Bruxao has logged in.
[09/08/2014 15:53:59] Pally Da Morte has logged out.
[09/08/2014 15:54:02] Pally Da Morte has logged in.
[09/08/2014 15:54:20] > Broadcasted message: "Sempre Ao Criar Uma Conta, Pegue A RK Dela No Account Manager Da Conta E Anote, Nunca Passe A Sua Senha Para Outras Pessoas, E Ao Entrar Em Outros OT´s Crie Contas Diferentes Para Não Sofrer HACKED, Não Me Responsabilizo Por Perdas, Obrigado".
[09/08/2014 15:55:08] Duff Maluko has logged out.
[09/08/2014 15:55:19] > Broadcasted message: "QUEM ME ACHAR GANHARA UM SWORD OF THE HELL".
[09/08/2014 15:55:21] > Broadcasted message: "QUEM ME ACHAR GANHARA UM SWORD OF THE HELL".
[09/08/2014 15:55:21] > Broadcasted message: "QUEM ME ACHAR GANHARA UM SWORD OF THE HELL".
[09/08/2014 15:55:22] > Broadcasted message: "QUEM ME ACHAR GANHARA UM SWORD OF THE HELL".
[09/08/2014 15:55:23] > Broadcasted message: "QUEM ME ACHAR GANHARA UM SWORD OF THE HELL".
[09/08/2014 15:55:24] > Broadcasted message: "QUEM ME ACHAR GANHARA UM SWORD OF THE HELL".
[09/08/2014 15:55:25] > Broadcasted message: "QUEM ME ACHAR GANHARA UM SWORD OF THE HELL".
[09/08/2014 15:55:25] > Broadcasted message: "QUEM ME ACHAR GANHARA UM SWORD OF THE HELL".
[09/08/2014 15:55:36] Pally Da Morte has logged out.
[09/08/2014 15:55:39] Pally Da Morte has logged in.
[09/08/2014 15:55:40] > Broadcasted message: "ESTOU AKE NA CITY".
[09/08/2014 15:55:42] > Broadcasted message: "ESTOU AKE NA CITY".
[09/08/2014 15:55:43] > Broadcasted message: "ESTOU AKE NA CITY".
[09/08/2014 15:55:44] > Broadcasted message: "ESTOU AKE NA CITY".
[09/08/2014 15:55:46] > Broadcasted message: "QUEM ME ACHAR GANHARA UM SWORD OF THE HELL".
[09/08/2014 15:55:47] > Broadcasted message: "QUEM ME ACHAR GANHARA UM SWORD OF THE HELL".
[09/08/2014 15:56:12] > Broadcasted message: "QUEM ME ACHAR GANHARA UM SWORD OF THE HELL".
[09/08/2014 15:56:56] Chico Bioca has logged out.
[09/08/2014 15:56:58] Chico Bioca has logged in.
[09/08/2014 15:57:16] > Broadcasted message: "Game map cleaning in 1 minute, please pick up all your items.".
[09/08/2014 15:57:43] > Broadcasted message: "estou perto dos ORC".
[09/08/2014 15:57:45] > Broadcasted message: "estou perto dos ORC".
[09/08/2014 15:57:46] > Broadcasted message: "estou perto dos ORC".
[09/08/2014 15:57:46] > Broadcasted message: "estou perto dos ORC".
[09/08/2014 15:57:47] > CLEAN: Removed 1857 items from 1339 tiles in 0.236 seconds.
[09/08/2014 15:57:47] > Broadcasted message: "Map Cleaned.".
[09/08/2014 15:57:47] > Broadcasted message: "estou perto dos ORC".
[09/08/2014 15:57:48] > Broadcasted message: "estou perto dos ORC".
[09/08/2014 15:58:00] > Broadcasted message: "estou perto dos ORC".
[09/08/2014 15:58:01] > Broadcasted message: "estou perto dos ORC".
[09/08/2014 15:58:17] Chico Bioca has logged out.
[09/08/2014 15:58:20] Chico Bioca has logged in.
[09/08/2014 15:58:48] Pally Da Morte has logged out.
[09/08/2014 15:58:51] Pally Da Morte has logged in.
[09/08/2014 15:58:52] > Broadcasted message: "so ganha que tive no meu lado".
[09/08/2014 15:58:56] > Broadcasted message: "so ganha que tive no meu lado".
[09/08/2014 15:58:57] > Broadcasted message: "so ganha que tive no meu lado".
[09/08/2014 15:58:57] > Broadcasted message: "so ganha que tive no meu lado".
[09/08/2014 15:59:13] > Broadcasted message: "so ganha que tive no meu lado".
[09/08/2014 15:59:33] > Broadcasted message: "n adianta me ver tem qe chega ate em mim".
[09/08/2014 15:59:35] > Broadcasted message: "n adianta me ver tem qe chega ate em mim".
[09/08/2014 15:59:36] > Broadcasted message: "n adianta me ver tem qe chega ate em mim".
[09/08/2014 15:59:37] > Broadcasted message: "n adianta me ver tem qe chega ate em mim".
[09/08/2014 15:59:43] Chico Bioca has logged out.
[09/08/2014 15:59:46] Chico Bioca has logged in.
[09/08/2014 16:00:22] > Broadcasted message: "Lucas Ganhou sword of the hell".
[09/08/2014 16:00:25] > Broadcasted message: "Lucas Ganhou sword of the hell".
[09/08/2014 16:00:26] > Broadcasted message: "Lucas Ganhou sword of the hell".
[09/08/2014 16:00:26] > Broadcasted message: "Lucas Ganhou sword of the hell".
[09/08/2014 16:00:33] Black Jose has logged out.
[09/08/2014 16:00:35] Nois Que Voa Bruxao has logged out.
[09/08/2014 16:00:38] Nois Que Voa Bruxao has logged in.
[09/08/2014 16:01:01] > Broadcasted message: "Ot on das 07:00 as 00:00".
[09/08/2014 16:01:31] > Broadcasted message: "ACABOU OS EVENTOS POR HJ GALERA".
[09/08/2014 16:01:33] > Broadcasted message: "ACABOU OS EVENTOS POR HJ GALERA".
[09/08/2014 16:01:33] > Broadcasted message: "ACABOU OS EVENTOS POR HJ GALERA".
[09/08/2014 16:02:09] 
[09/08/2014 16:02:09] Lua Script Error: [TalkAction Interface] 
[09/08/2014 16:02:09] data/talkactions/scripts/teleporthere.lua:onSay
[09/08/2014 16:02:09] 
[09/08/2014 16:02:10] luaGetClosestFreeTile(). Creature not found
[09/08/2014 16:02:48] > Broadcasted message: "black jose se vc tiver on fala cmg".
[09/08/2014 16:02:53] > Broadcasted message: "black jose se vc tiver on fala cmg".
[09/08/2014 16:03:42] Honda has logged out.
[09/08/2014 16:03:50] Druidd has logged out.
[09/08/2014 16:03:52] Druidd has logged in.
[09/08/2014 16:04:10] Honda has logged in.
[09/08/2014 16:04:20] Druidd has logged out.
[09/08/2014 16:04:21] Druidd has logged in.
[09/08/2014 16:04:57] Mateus has logged in.
[09/08/2014 16:05:12] [Hoster] Jean has logged out.
[09/08/2014 16:05:14] Demonic Striker has logged in.
[09/08/2014 16:06:16] Demonic Striker has logged out.
[09/08/2014 16:06:19] Demonic Striker has logged in.
[09/08/2014 16:06:58] Demonic Striker has logged out.
[09/08/2014 16:06:59] Legal Fera has logged out.
[09/08/2014 16:07:02] Demonic Striker has logged in.
[09/08/2014 16:07:42] > Broadcasted message: "Para esclarecer algumas duvidas digite !notice, para mais informacoes fale com um [CM]".
[09/08/2014 16:07:50] Mateus has logged out.
[09/08/2014 16:08:02] Demonic Striker has logged out.
[09/08/2014 16:08:03] [Hoster] Jean has logged in.
[09/08/2014 16:09:32] Account Manager has logged in.
[09/08/2014 16:09:59] Account Manager has logged out.
[09/08/2014 16:10:00] Account Manager has logged in.
[09/08/2014 16:10:01] Account Manager has logged out.
[09/08/2014 16:10:37] The Forgotten Server, version 0.3.4 (Crying Damson)
[09/08/2014 16:10:38] Sever Criado Por Alissow e Comedinha.
[09/08/2014 16:10:38] Publicidade: www.sotserv.blogspot.com <- <- <- Tudo sobre otserv.
[09/08/2014 16:10:38] Bom Jogo!!!
[09/08/2014 16:10:38] 
[09/08/2014 16:10:38] >> Debugging: nothing.
[09/08/2014 16:10:38] >> Checking software version... failed checking - malformed file.
[09/08/2014 16:10:39] 
[09/08/2014 16:10:39] >> Loading config (config.lua)
[09/08/2014 16:10:40] > Using plaintext passwords
[09/08/2014 16:10:40] >> Loading RSA key
[09/08/2014 16:10:40] >> Starting SQL connection
[09/08/2014 16:10:40] >> Running Database Manager
[09/08/2014 16:10:41] > Optimized database.
[09/08/2014 16:10:41] >> Loading items
[09/08/2014 16:10:41] >> Loading groups
[09/08/2014 16:10:41] >> Loading vocations
[09/08/2014 16:10:42] >> Loading script systems
[09/08/2014 16:10:42] >> Loading chat channels
[09/08/2014 16:10:43] >> Loading outfits
[09/08/2014 16:10:43] >> Loading experience stages
[09/08/2014 16:10:43] >> Loading monsters
[09/08/2014 16:10:44] >> Loading map and spawns...
[09/08/2014 16:10:45] > Map size: 65000x65000.
[09/08/2014 16:10:45] > Map descriptions: 
[09/08/2014 16:10:45] Saved with Remere's Map Editor 2.2
[09/08/2014 16:10:45] No map description available.
[09/08/2014 16:10:46] Duplicate uniqueId 2407
[09/08/2014 16:10:50] > Map loading time: 6.222 seconds.
[09/08/2014 16:10:51] > Data loading time: 0.741 seconds.
[09/08/2014 16:10:51] > Unserialization time for houses: 0.015 seconds.
[09/08/2014 16:11:17] > Unserialization time for map: 25.303 seconds.
[09/08/2014 16:11:17] >> Checking world type... PvP
[09/08/2014 16:11:17] >> Initializing game state modules and registering services...
[09/08/2014 16:11:18] > Global address: deathpvp.no-ip.info
[09/08/2014 16:11:19] > Local ports:
[09/08/2014 16:11:19] 7171	7172	
[09/08/2014 16:11:19] >> All modules were loaded, server starting up...
[09/08/2014 16:11:19] >> OT Death server Online!
[09/08/2014 16:11:19] 
[09/08/2014 16:11:19] Account Manager has logged in.
[09/08/2014 16:11:21] Pally Do Kpta has logged in.
[09/08/2014 16:11:22] Account Manager has logged out.
[09/08/2014 16:11:22] Nois Que Voa Bruxao has logged in.
[09/08/2014 16:11:23] [Hoster] Jean has loggesdql itie.3
_step(): SQLITE ERROR: columns id, world_id are not unique
[09/08/2014 16:11:24] Mlk Lokoo has logged in.
[09/08/2014 16:11:29] Account Manager has logged in.
[09/08/2014 16:11:33] Druidd has logged in.
[09/08/2014 16:11:35] Account Manager has logged in.
[09/08/2014 16:11:37] Account Manager has logged out.
[09/08/2014 16:11:38] Chico Bioca has logged in.
[09/08/2014 16:12:12] Mlktop has logged in.
[09/08/2014 16:12:13] Lallana has logged in.
[09/08/2014 16:12:41] Account Manager has logged out.
[09/08/2014 16:12:56] Account Manager has logged in.
[09/08/2014 16:12:57] Account Manager has logged out.
[09/08/2014 16:12:58] Manager has logged in.
[09/08/2014 16:13:05] Druidd has logged out.
[09/08/2014 16:13:06] Druidd has logged in.
[09/08/2014 16:13:20] Down has logged in.
[09/08/2014 16:13:22] Lucas has logged in.
[09/08/2014 16:13:22] Mlktop has logged out.
[09/08/2014 16:13:27] Account Manager has logged in.
[09/08/2014 16:13:47] Pally Brisado has logged in.
[09/08/2014 16:13:51] Account Manager has logged out.
[09/08/2014 16:14:19] > Saving server...
[09/08/2014 16:14:22] > SAVE: Complete in 3.299 seconds using relational house storage.
[09/08/2014 16:14:23] [Hoster] Jean has logged out.
[09/08/2014 16:14:23] Mlk Lokoo has logged out.
[09/08/2014 16:14:39] Mlktop has logged in.
[09/08/2014 16:14:55] Anjo pk has logged in.
[09/08/2014 16:15:20] Mlk Lokoo has logged in.
[09/08/2014 16:15:29] Mlktop has logged out.
[09/08/2014 16:15:32] Malkr has logged in.
[09/08/2014 16:15:44] Malkr has logged out.
[09/08/2014 16:15:47] Malkr has logged in.
[09/08/2014 16:15:55] Malkr has logged out.
[09/08/2014 16:15:58] Malkr has logged in.
[09/08/2014 16:16:47] Anjo pk has logged out.
[09/08/2014 16:17:23] > Broadcasted message: "Para duvidas, eventos, e futuramente compras E-mail/Msn -> deathpvp@live.com.".
[09/08/2014 16:18:05] Pally Brisado has logged out.
[09/08/2014 16:18:07] Malkr has logged out.
[09/08/2014 16:18:47] Mlktop has logged in.
[09/08/2014 16:19:17] Mlktop has logged out.
[09/08/2014 16:19:53] Lucas has logged out.
[09/08/2014 16:19:54] Lucas has logged in.
[09/08/2014 16:19:58] Pally Brisado has logged in.
[09/08/2014 16:21:13] Druidd has logged out.
[09/08/2014 16:21:22] Druidd has logged in.
[09/08/2014 16:21:38] Druidd has logged out.
[09/08/2014 16:21:52] Druidd has logged in.
[09/08/2014 16:23:09] Nois Que Voa Bruxao has logged out.
[09/08/2014 16:23:10] Pally Brisado has logged out.
[09/08/2014 16:23:11] Nois Que Voa Bruxao has logged in.
[09/08/2014 16:23:12] Pally Brisado has logged in.
[09/08/2014 16:23:53] Nois Que Voa Bruxao has logged out.
[09/08/2014 16:23:54] Nois Que Voa Bruxao has logged in.
[09/08/2014 16:24:04] > Broadcasted message: "Para duvidas, eventos, e futuramente compras E-mail/Msn -> deathpvp@live.com.".
[09/08/2014 16:24:38] Druidd has logged out.
[09/08/2014 16:24:39] Druidd has logged in.
[09/08/2014 16:24:48] Pally Do Kpta has logged out.
[09/08/2014 16:25:44] Pally Do Kpta has logged in.
[09/08/2014 16:25:58] Druidd has logged out.
[09/08/2014 16:25:59] Druidd has logged in.
[09/08/2014 16:26:23] Druidd has logged out.
[09/08/2014 16:26:24] Druidd has logged in.
[09/08/2014 16:27:14] Nois Que Voa Bruxao has logged out.
[09/08/2014 16:27:15] Nois Que Voa Bruxao has logged in.
[09/08/2014 16:27:23] > Broadcasted message: "Game map cleaning in 1 minute, please pick up all your items.".
[09/08/2014 16:27:32] Druidd has logged out.
[09/08/2014 16:27:33] Druidd has logged in.
[09/08/2014 16:27:42] Lucas has logged out.
[09/08/2014 16:27:43] Lucas has logged in.
[09/08/2014 16:27:54] > CLEAN: Removed 373 items from 694 tiles in 0.172 seconds.
[09/08/2014 16:27:54] > Broadcasted message: "Map Cleaned.".
[09/08/2014 16:28:01] Lucas has logged out.
[09/08/2014 16:28:02] Lucas has logged in.
[09/08/2014 16:28:44] Lallana has logged out.
[09/08/2014 16:28:44] Nois Que Voa Bruxao has logged out.
[09/08/2014 16:28:46] Nois Que Voa Bruxao has logged in.
[09/08/2014 16:28:48] Lallana has logged in.
[09/08/2014 16:28:48] Druidd has logged out.
[09/08/2014 16:28:50] Druidd has logged in.
[09/08/2014 16:29:02] Nois Que Voa Bruxao has logged out.
[09/08/2014 16:29:03] Druidd has logged out.
[09/08/2014 16:29:03] Nois Que Voa Bruxao has logged in.
[09/08/2014 16:29:04] Druidd has logged in.
[09/08/2014 16:30:04] Nois Que Voa Bruxao has logged out.
[09/08/2014 16:30:05] Nois Que Voa Bruxao has logged in.
[09/08/2014 16:30:34] Lucas has logged out.
[09/08/2014 16:30:36] Lucas has logged in.
[09/08/2014 16:30:45] > Broadcasted message: "Novo CLIENTE = http://www.4shared.com/rar/Xvc96eOece/Death_PVP.html".
[09/08/2014 16:32:59] Manager has logged out.
[09/08/2014 16:33:26] Down has logged out.
[09/08/2014 16:36:14] Chico Bioca has logged out.
[09/08/2014 16:36:19] Chico Bioca has logged in.
[09/08/2014 16:36:24] Druidd has logged out.
[09/08/2014 16:36:25] Druidd has logged in.
[09/08/2014 16:36:48] Druidd has logged out.
[09/08/2014 16:36:56] Chico Bioca has logged out.
[09/08/2014 16:36:59] Chico Bioca has logged in.
[09/08/2014 16:37:26] > Broadcasted message: "Para ver as noticias fale !notice".
[09/08/2014 16:37:30] Druidd has logged in.
[09/08/2014 16:39:11] Lucas has logged out.
[09/08/2014 16:39:12] Lucas has logged in.
[09/08/2014 16:39:30] Fanta-banana has logged in.
[09/08/2014 16:41:28] Druidd has logged out.
[09/08/2014 16:41:41] Nois Que Voa Bruxao has logged out.
[09/08/2014 16:41:42] Nois Que Voa Bruxao has logged in.
[09/08/2014 16:41:44] Druidd has logged in.
[09/08/2014 16:42:24] Fanta-banana has logged out.
[09/08/2014 16:42:25] Fanta-banana has logged in.
[09/08/2014 16:43:37] Nois Que Voa Bruxao has logged out.
[09/08/2014 16:43:39] Nois Que Voa Bruxao has logged in.
[09/08/2014 16:44:04] > Broadcasted message: "Game map cleaning in 1 minute, please pick up all your items.".
[09/08/2014 16:44:07] > Broadcasted message: "Ot on das 07:00 as 00:00".
[09/08/2014 16:44:08] > Saving server...
[09/08/2014 16:44:11] > SAVE: Complete in 2.964 seconds using relational house storage.
[09/08/2014 16:44:34] Pally Brisado has logged out.
[09/08/2014 16:44:35] > CLEAN: Removed 252 items from 500 tiles in 0.188 seconds.
[09/08/2014 16:44:35] > Broadcasted message: "Map Cleaned.".
[09/08/2014 16:44:36] Pally Brisado has logged in.
[09/08/2014 16:45:01] Lallana has logged out.
[09/08/2014 16:45:17] Pally Brisado has logged out.
[09/08/2014 16:45:18] Pally Brisado has logged in.
[09/08/2014 16:45:19] Lallana has logged in.
[09/08/2014 16:45:20] Lallana has logged out.
[09/08/2014 16:45:45] Lallana has logged in.
[09/08/2014 16:46:36] Fanta-banana has logged out.
[09/08/2014 16:46:37] Fanta-banana has logged in.
[09/08/2014 16:47:15] Nois Que Voa Bruxao has logged out.
[09/08/2014 16:47:16] Nois Que Voa Bruxao has logged in.
[09/08/2014 16:48:49] Lallana has logged out.
[09/08/2014 16:48:51] Lallana has logged in.
[09/08/2014 16:48:57] Fanta-banana has logged out.
[09/08/2014 16:49:01] Fanta-banana has logged in.
[09/08/2014 16:50:00] Fanta-banana has logged out.
[09/08/2014 16:50:01] Fanta-banana has logged in.
[09/08/2014 16:50:08] Pally Brisado has logged out.
[09/08/2014 16:50:11] Pally Brisado has logged in.
[09/08/2014 16:50:48] > Broadcasted message: "Para duvidas, eventos, e futuramente compras E-mail/Msn -> deathpvp@live.com.".
[09/08/2014 16:51:12] Anjo pk has logged in.
[09/08/2014 16:51:34] Pally Brisado has logged out.
[09/08/2014 16:51:53] Pally Brisado has logged in.
[09/08/2014 16:53:55] Anjo pk has logged out.
[09/08/2014 16:53:56] Anjo pk has logged in.
[09/08/2014 16:56:16] Druidd has logged out.
[09/08/2014 16:56:18] Druidd has logged in.
[09/08/2014 16:56:59] Skise Da Xurupita has logged in.
[09/08/2014 16:57:27] Account Manager has logged in.
[09/08/2014 16:57:29] > Broadcasted message: "Para esclarecer algumas duvidas digite !notice, para mais informacoes fale com um [CM]".
[09/08/2014 16:57:59] Account Manager has logged out.
[09/08/2014 16:58:22] Mlktop has logged in.
[09/08/2014 16:58:27] Anjo pk has logged out.
[09/08/2014 16:58:28] Anjo pk has logged in.
[09/08/2014 16:59:10] Nois Que Voa Bruxao has logged out.
[09/08/2014 16:59:11] Nois Que Voa Bruxao has logged in.
[09/08/2014 17:00:45] > Broadcasted message: "Game map cleaning in 1 minute, please pick up all your items.".
[09/08/2014 17:01:16] > CLEAN: Removed 1976 items from 1758 tiles in 0.187 seconds.
[09/08/2014 17:01:16] > Broadcasted message: "Map Cleaned.".
[09/08/2014 17:02:02] Druidd has logged out.
[09/08/2014 17:02:05] Knights has logged in.
[09/08/2014 17:02:08] Mlktop has logged out.
[09/08/2014 17:02:09] Knights has logged out.
[09/08/2014 17:02:10] Malkr has logged in.
[09/08/2014 17:02:10] Knightt has logged in.
[09/08/2014 17:02:42] Knightt has logged out.
[09/08/2014 17:02:42] Chico Bioca has logged out.
[09/08/2014 17:02:57] Knightt has logged in.
[09/08/2014 17:02:59] Knightt has logged out.
[09/08/2014 17:03:00] Catatal has logged in.
[09/08/2014 17:03:00] Knights has logged in.
[09/08/2014 17:03:18] Malkr has logged out.
[09/08/2014 17:03:22] Catatal has logged out.
[09/08/2014 17:03:23] Catatal has logged in.
[09/08/2014 17:03:40] Mlktop has logged in.
[09/08/2014 17:04:10] > Broadcasted message: "Para ver as noticias fale !notice".
[09/08/2014 17:06:08] Knights has logged out.
[09/08/2014 17:06:17] Knights has logged in.
[09/08/2014 17:06:27] Mlktop has logged out.
[09/08/2014 17:06:59] Catatal has logged out.
[09/08/2014 17:07:00] Catatal has logged in.
[09/08/2014 17:07:09] Knights has logged out.
[09/08/2014 17:07:22] Druiddd has logged in.
[09/08/2014 17:07:41] Mlktop has logged in.
[09/08/2014 17:07:47] Druiddd has logged out.
[09/08/2014 17:07:58] Knightt has logged in.
[09/08/2014 17:08:00] Knightt has logged out.
[09/08/2014 17:08:01] Knights has logged in.
[09/08/2014 17:10:30] Honda has logged in.
[09/08/2014 17:10:51] Lucas has logged out.
[09/08/2014 17:10:52] > Broadcasted message: "Para esclarecer algumas duvidas digite !notice, para mais informacoes fale com um [CM]".
[09/08/2014 17:11:19] Knights has logged out.
[09/08/2014 17:11:27] Knights has logged in.
[09/08/2014 17:11:53] Catatal has logged out.
[09/08/2014 17:12:03] Chico Bioca has logged in.
[09/08/2014 17:14:05] Knights has logged out.
[09/08/2014 17:14:07] Knights has logged in.
[09/08/2014 17:14:10] Skise Da Xurupita has logged out.
[09/08/2014 17:14:11] Skise Da Xurupita has logged in.
[09/08/2014 17:14:24] Nois Que Voa Bruxao has logged out.
[09/08/2014 17:14:26] Nois Que Voa Bruxao has logged in.
[09/08/2014 17:15:41] Nois Que Voa Bruxao has logged out.
[09/08/2014 17:15:47] Nois Que Voa Bruxao has logged in.
[09/08/2014 17:17:18] Pally Brisado has logged out.
[09/08/2014 17:17:20] Pally Brisado has logged in.
[09/08/2014 17:17:26] > Broadcasted message: "Game map cleaning in 1 minute, please pick up all your items.".
[09/08/2014 17:17:29] > Saving server...
[09/08/2014 17:17:32] > SAVE: Complete in 3.229 seconds using relational house storage.
[09/08/2014 17:17:33] > Broadcasted message: "Ot on das 07:00 as 00:00".
[09/08/2014 17:17:56] > CLEAN: Removed 4461 items from 3431 tiles in 0.234 seconds.
[09/08/2014 17:17:56] > Broadcasted message: "Map Cleaned.".
[09/08/2014 17:19:24] Knights has logged out.
[09/08/2014 17:19:25] Druiddd has logged in.
[09/08/2014 17:19:28] Druiddd has logged out.
[09/08/2014 17:19:29] Druidd has logged in.
[09/08/2014 17:19:43] Lucas has logged in.
[09/08/2014 17:21:22] Lallana has logged out.
[09/08/2014 17:21:25] Lallana has logged in.
[09/08/2014 17:21:44] Account Manager has logged in.
[09/08/2014 17:22:01] Fanta-banana has logged out.
[09/08/2014 17:22:06] Account Manager has logged out.
[09/08/2014 17:22:10] Account Manager has logged in.
[09/08/2014 17:22:44] Account Manager has logged out.
[09/08/2014 17:22:56] Master Kina has logged in.
[09/08/2014 17:23:28] Fanta-banana has logged in.
[09/08/2014 17:23:39] Pally Do Kpta has logged out.
[09/08/2014 17:24:14] Honda has logged out.
[09/08/2014 17:24:14] > Broadcasted message: "Novo CLIENTE = http://www.4shared.com/rar/Xvc96eOece/Death_PVP.html".
[09/08/2014 17:24:18] Chico Bioca has logged out.
[09/08/2014 17:24:19] Honda has logged in.
[09/08/2014 17:24:20] Chico Bioca has logged in.
[09/08/2014 17:24:22] Nois Que Voa Bruxao has logged out.
[09/08/2014 17:24:24] Nois Que Voa Bruxao has logged in.
[09/08/2014 17:24:25] Druidd has logged out.
[09/08/2014 17:24:26] Druidd has logged in.
[09/08/2014 17:25:50] Honda has logged out.
[09/08/2014 17:25:52] Honda has logged in.
[09/08/2014 17:26:28] Nois Que Voa Bruxao has logged out.
[09/08/2014 17:26:29] Nois Que Voa Bruxao has logged in.
[09/08/2014 17:27:20] Lucas has logged out.
[09/08/2014 17:27:21] Lucas has logged in.
[09/08/2014 17:27:48] Master Kina has logged out.
[09/08/2014 17:29:01] Honda has logged out.
[09/08/2014 17:29:02] Druidd has logged out.
[09/08/2014 17:29:03] Druidd has logged in.
[09/08/2014 17:30:55] > Broadcasted message: "Ot on das 07:00 as 00:00".
[09/08/2014 17:34:07] > Broadcasted message: "Game map cleaning in 1 minute, please pick up all your items.".
[09/08/2014 17:34:37] > CLEAN: Removed 1899 items from 1744 tiles in 0.203 seconds.
[09/08/2014 17:34:38] > Broadcasted message: "Map Cleaned.".
[09/08/2014 17:35:29] Fanta-banana has logged out.
[09/08/2014 17:35:31] Fanta-banana has logged in.
[09/08/2014 17:35:45] Account Manager has logged in.
[09/08/2014 17:35:46] Account Manager has logged out.
[09/08/2014 17:35:50] Polo play has logged in.
[09/08/2014 17:36:04] Mlktop has logged out.
[09/08/2014 17:36:27] Mlktop has logged in.
[09/08/2014 17:37:36] > Broadcasted message: "Para comprar bless digite !bless".
[09/08/2014 17:37:42] Polo play has logged out.
[09/08/2014 17:37:43] Polo play has logged in.
[09/08/2014 17:37:58] Skise Da Xurupita has logged out.
[09/08/2014 17:38:20] Polo play has logged out.
[09/08/2014 17:38:21] Polo play has logged in.
[09/08/2014 17:39:46] Anjo pk has logged out.
[09/08/2014 17:40:11] Skise Da Xurupita has logged in.
[09/08/2014 17:41:11] Polo play has logged out.
[09/08/2014 17:41:13] Polo play has logged in.
[09/08/2014 17:41:51] Anjo pk has logged in.
[09/08/2014 17:43:12] Nois Que Voa Bruxao has logged out.
[09/08/2014 17:44:08] Nois Que Voa Bruxao has logged in.
[09/08/2014 17:44:17] > Broadcasted message: "Para ver as noticias fale !notice".
[09/08/2014 17:44:42] Nois Que Voa Bruxao has logged out.
[09/08/2014 17:47:12] Nois Que Voa Bruxao has logged in.
[09/08/2014 17:47:27] Polo play has logged out.
[09/08/2014 17:47:29] Polo play has logged in.
[09/08/2014 17:47:33] Skise Da Xurupita has logged out.
[09/08/2014 17:47:42] Nois Que Voa Bruxao has logged out.
[09/08/2014 17:47:44] Nois Que Voa Bruxao has logged in.
[09/08/2014 17:47:57] Skise Da Xurupita has logged in.
[09/08/2014 17:48:51] Nois Que Voa Bruxao has logged out.
[09/08/2014 17:48:52] Nois Que Voa Bruxao has logged in.
[09/08/2014 17:49:09] Mlktop has logged out.
[09/08/2014 17:49:11] Mlktop has logged in.
[09/08/2014 17:49:14] Nois Que Voa Bruxao has logged out.
[09/08/2014 17:49:16] Nois Que Voa Bruxao has logged in.
[09/08/2014 17:50:48] > Broadcasted message: "Game map cleaning in 1 minute, please pick up all your items.".
[09/08/2014 17:50:50] > Saving server...
[09/08/2014 17:50:53] > SAVE: Complete in 3.073 seconds using relational house storage.
[09/08/2014 17:50:54] Fanta-banana has logged out.
[09/08/2014 17:50:58] > Broadcasted message: "Para ver as noticias fale !notice".
[09/08/2014 17:51:19] > CLEAN: Removed 2081 items from 1632 tiles in 0.187 seconds.
[09/08/2014 17:51:19] > Broadcasted message: "Map Cleaned.".
[09/08/2014 17:51:51] Polo play has logged out.
[09/08/2014 17:53:45] Anjo pk has logged out.
[09/08/2014 17:53:46] Anjo pk has logged in.
[09/08/2014 17:55:39] Fanta-banana has logged in.
[09/08/2014 17:56:38] Druidd has logged out.
[09/08/2014 17:56:59] Druidd has logged in.
[09/08/2014 17:57:32] Fanta-banana has logged out.
[09/08/2014 17:57:33] Fanta-banana has logged in.
[09/08/2014 17:57:39] > Broadcasted message: "Para ver as noticias fale !notice".
[09/08/2014 17:58:07] Druidd has logged out.
[09/08/2014 17:58:08] Druidd has logged in.
[09/08/2014 17:58:57] Mlktop has logged out.
[09/08/2014 17:58:59] Mlktop has logged in.
[09/08/2014 18:00:08] Mlktop has logged out.
[09/08/2014 18:00:10] Mlktop has logged in.
[09/08/2014 18:02:44] Nadador Arqueiro has logged in.
[09/08/2014 18:04:20] > Broadcasted message: "Novo CLIENTE = http://www.4shared.com/rar/Xvc96eOece/Death_PVP.html".
[09/08/2014 18:05:26] Druidd has logged out.
[09/08/2014 18:05:27] Druidd has logged in.
[09/08/2014 18:05:47] Fanta-banana has logged out.
[09/08/2014 18:05:49] Fanta-banana has logged in.
[09/08/2014 18:05:52] Nadador Arqueiro has logged out.
[09/08/2014 18:05:53] Nadador Arqueiro has logged in.
[09/08/2014 18:06:38] Mlktop has logged out.
[09/08/2014 18:06:40] Mlktop has logged in.
[09/08/2014 18:07:16] Druidd has logged out.
[09/08/2014 18:07:17] Druidd has logged in.
[09/08/2014 18:07:29] > Broadcasted message: "Game map cleaning in 1 minute, please pick up all your items.".
[09/08/2014 18:07:42] Account Manager has logged in.
[09/08/2014 18:08:00] > CLEAN: Removed 3574 items from 1922 tiles in 0.219 seconds.
[09/08/2014 18:08:00] > Broadcasted message: "Map Cleaned.".
[09/08/2014 18:08:22] Mlktop has logged out.
[09/08/2014 18:08:24] Mlktop has logged in.
[09/08/2014 18:08:29] Nadador Arqueiro has logged out.
[09/08/2014 18:08:29] Account Manager has logged out.
[09/08/2014 18:08:31] Account Manager has logged in.
[09/08/2014 18:08:32] Nadador Arqueiro has logged in.
[09/08/2014 18:09:00] Nadador Arqueiro has logged out.
[09/08/2014 18:09:02] Nadador Arqueiro has logged in.
[09/08/2014 18:09:05] Chico Bioca has logged out.
[09/08/2014 18:10:23] Mlktop has logged out.
[09/08/2014 18:10:27] Mlktop has logged in.
[09/08/2014 18:10:43] Fanta-banana has logged out.
[09/08/2014 18:10:44] Fanta-banana has logged in.
[09/08/2014 18:11:01] > Broadcasted message: "Para esclarecer algumas duvidas digite !notice, para mais informacoes fale com um [CM]".
[09/08/2014 18:11:09] Account Manager has logged out.
[09/08/2014 18:12:47] Pally Do Kpta has logged in.
[09/08/2014 18:13:12] Mlktop has logged out.
[09/08/2014 18:13:13] Mlktop has logged in.
[09/08/2014 18:13:58] Druidd has logged out.
[09/08/2014 18:14:00] Druidd has logged in.
[09/08/2014 18:14:23] Lucas has logged out.
[09/08/2014 18:14:25] Manager has logged in.
[09/08/2014 18:14:25] Lucas has logged in.
[09/08/2014 18:14:39] Nadador Arqueiro has logged out.
[09/08/2014 18:14:40] Nadador Arqueiro has logged in.
[09/08/2014 18:14:43] Down has logged in.
[09/08/2014 18:15:17] Pally Do Kpta has logged out.
[09/08/2014 18:15:19] Pally Do Kpta has logged in.
[09/08/2014 18:15:21] Account Manager has logged in.
[09/08/2014 18:15:27] Nadador Arqueiro has logged out.
[09/08/2014 18:15:30] Nadador Arqueiro has logged in.
[09/08/2014 18:15:54] Account Manager has logged out.
[09/08/2014 18:16:01] Account Manager has logged in.
[09/08/2014 18:16:06] Lucas has logged out.
[09/08/2014 18:16:08] Lucas has logged in.
[09/08/2014 18:16:27] Account Manager has logged out.
[09/08/2014 18:16:34] Jailson Mendes has logged in.
[09/08/2014 18:17:42] > Broadcasted message: "Para ver a lista de proximos tutores digite !tutores.".
[09/08/2014 18:18:25] > Saving server...
[09/08/2014 18:18:28] > SAVE: Complete in 3.572 seconds using relational house storage.
[09/08/2014 18:18:35] [Hoster] Jean has logged in.
[09/08/2014 18:18:35] Nois Que Voa Bruxao has logged out.
[09/08/2014 18:18:37] Nois Que Voa Bruxao has logged in.
[09/08/2014 18:19:10] Mlktop has logged out.
[09/08/2014 18:19:12] Mlktop has logged in.
[09/08/2014 18:19:23] Lucas has logged out.
[09/08/2014 18:19:24] Lucas has logged in.
[09/08/2014 18:20:01] Nadador Arqueiro has logged out.
[09/08/2014 18:20:03] Nadador Arqueiro has logged in.
[09/08/2014 18:20:43] Mlktop has logged out.
[09/08/2014 18:20:45] Mlktop has logged in.
[09/08/2014 18:23:13] Lallana has logged out.
[09/08/2014 18:23:45] Anjo pk has logged out.
[09/08/2014 18:24:10] > Broadcasted message: "Game map cleaning in 1 minute, please pick up all your items.".
[09/08/2014 18:24:11] > Saving server...
[09/08/2014 18:24:15] > SAVE: Complete in 3.557 seconds using relational house storage.
[09/08/2014 18:24:23] > Broadcasted message: "Para comprar bless digite !bless".
[09/08/2014 18:24:41] > CLEAN: Removed 2275 items from 1229 tiles in 0.265 seconds.
[09/08/2014 18:24:41] > Broadcasted message: "Map Cleaned.".
[09/08/2014 18:25:06] [Hoster] Jean has logged out.
[09/08/2014 18:25:26] Lallana has logged in.
[09/08/2014 18:26:43] Master Kina has logged in.
[09/08/2014 18:26:49] Pally Brisado has logged out.
[09/08/2014 18:27:15] Jailson Mendes has logged out.
[09/08/2014 18:27:22] Jailson Mendes has logged in.
[09/08/2014 18:27:30] Jailson Mendes has logged out.
[09/08/2014 18:27:39] Chico Bioca has logged in.
[09/08/2014 18:28:30] Chico Bioca has logged out.
[09/08/2014 18:29:31] Mlktop has logged out.
[09/08/2014 18:29:34] Mlktop has logged in.
[09/08/2014 18:31:04] > Broadcasted message: "Sempre Ao Criar Uma Conta, Pegue A RK Dela No Account Manager Da Conta E Anote, Nunca Passe A Sua Senha Para Outras Pessoas, E Ao Entrar Em Outros OT´s Crie Contas Diferentes Para Não Sofrer HACKED, Não Me Responsabilizo Por Perdas, Obrigado".
[09/08/2014 18:32:10] Mlktop has logged out.
[09/08/2014 18:32:13] Mlktop has logged in.
[09/08/2014 18:33:32] Nadador Arqueiro has logged out.
[09/08/2014 18:33:34] Lallana has logged out.
[09/08/2014 18:33:37] Nadador Arqueiro has logged in.
[09/08/2014 18:33:39] Lallana has logged in.
[09/08/2014 18:35:35] Pally Do Kpta has logged out.
[09/08/2014 18:35:40] Pally Do Kpta has logged in.
[09/08/2014 18:37:34] Master Kina has logged out.
[09/08/2014 18:37:38] Master Kina has logged in.
[09/08/2014 18:37:45] > Broadcasted message: "Novo CLIENTE = http://www.4shared.com/rar/Xvc96eOece/Death_PVP.html".
[09/08/2014 18:38:11] Nois Que Voa Bruxao has logged out.
[09/08/2014 18:38:23] Nadador Arqueiro has logged out.
[09/08/2014 18:38:27] Nadador Arqueiro has logged in.
[09/08/2014 18:38:41] Druidd has logged out.
[09/08/2014 18:39:00] Duff Maluko has logged in.
[09/08/2014 18:39:40] Druidd has logged in.
[09/08/2014 18:39:46] Druid Nikito has logged in.
[09/08/2014 18:39:53] Mlktop has logged out.
[09/08/2014 18:40:00] Druidd has logged out.
[09/08/2014 18:40:02] Account Manager has logged in.
[09/08/2014 18:40:03] Account Manager has logged out.
[09/08/2014 18:40:04] Mlktop has logged in.
[09/08/2014 18:40:06] Duff Maluko has logged out.
[09/08/2014 18:40:51] > Broadcasted message: "Game map cleaning in 1 minute, please pick up all your items.".
[09/08/2014 18:41:23] > CLEAN: Removed 3128 items from 1702 tiles in 0.937 seconds.
[09/08/2014 18:41:25] > Broadcasted message: "Map Cleaned.".
[09/08/2014 18:41:35] Manager has logged out.
[09/08/2014 18:41:37] Manager has logged in.
[09/08/2014 18:42:20] Manager has logged out.
[09/08/2014 18:42:29] Manager has logged in.
[09/08/2014 18:42:41] Mlktop has logged out.
[09/08/2014 18:42:54] Mlktop has logged in.
[09/08/2014 18:44:26] > Broadcasted message: "Para ver a lista de proximos tutores digite !tutores.".
[09/08/2014 18:45:57] Lucas has logged out.
[09/08/2014 18:48:20] Skise Da Xurupita has logged out.
[09/08/2014 18:48:33] Manager has logged out.
[09/08/2014 18:48:49] Skise Da Xurupita has logged in.
[09/08/2014 18:50:19] Nadador Arqueiro has logged out.
[09/08/2014 18:50:22] Nadador Arqueiro has logged in.
[09/08/2014 18:51:06] Nadador Arqueiro has logged out.
[09/08/2014 18:51:07] > Broadcasted message: "Para ver as noticias fale !notice".
[09/08/2014 18:51:09] Nadador Arqueiro has logged in.
[09/08/2014 18:52:39] Druid Nikito has logged out.
[09/08/2014 18:52:42] Druid Nikito has logged in.
[09/08/2014 18:52:45] Nadador Arqueiro has logged out.
[09/08/2014 18:52:46] Nadador Arqueiro has logged in.
[09/08/2014 18:53:23] Druid Nikito has logged out.
[09/08/2014 18:53:52] Skise Da Xurupita has logged out.
[09/08/2014 18:53:52] Striiker Da Xurupita has logged in.
[09/08/2014 18:53:55] Striiker Da Xurupita has logged out.
[09/08/2014 18:53:56] Skise Da Xurupita has logged in.
[09/08/2014 18:54:39] Honda has logged in.
[09/08/2014 18:57:25] Down has logged out.
[09/08/2014 18:57:32] > Broadcasted message: "Game map cleaning in 1 minute, please pick up all your items.".
[09/08/2014 18:57:33] > Saving server...
[09/08/2014 18:57:36] > SAVE: Complete in 3.072 seconds using relational house storage.
[09/08/2014 18:57:48] > Broadcasted message: "Novo CLIENTE = http://www.4shared.com/rar/Xvc96eOece/Death_PVP.html".
[09/08/2014 18:58:03] > CLEAN: Removed 2930 items from 2326 tiles in 0.272 seconds.
[09/08/2014 18:58:03] > Broadcasted message: "Map Cleaned.".
[09/08/2014 18:59:26] Honda has logged out.
[09/08/2014 19:00:13] Honda has logged in.
[09/08/2014 19:00:37] Honda has logged out.
[09/08/2014 19:00:45] Mlktop has logged out.
[09/08/2014 19:00:57] Master Kina has logged out.
[09/08/2014 19:04:29] > Broadcasted message: "Novo CLIENTE = http://www.4shared.com/rar/Xvc96eOece/Death_PVP.html".
[09/08/2014 19:05:18] Fanta-banana has logged out.
[09/08/2014 19:11:10] > Broadcasted message: "Para ver a lista de proximos tutores digite !tutores.".
[09/08/2014 19:14:13] > Broadcasted message: "Game map cleaning in 1 minute, please pick up all your items.".
[09/08/2014 19:14:41] Pally Do Kpta has logged out.
[09/08/2014 19:14:43] > CLEAN: Removed 2039 items from 1929 tiles in 0.253 seconds.
[09/08/2014 19:14:44] > Broadcasted message: "Map Cleaned.".
[09/08/2014 19:14:44] Skise Da Xurupita has logged out.
[09/08/2014 19:15:24] Honda has logged in.
[09/08/2014 19:16:13] Honda has logged out.
[09/08/2014 19:16:40] Skise Da Xurupita has logged in.
[09/08/2014 19:17:21] Fanta-banana has logged in.
[09/08/2014 19:17:51] > Broadcasted message: "Novo CLIENTE = http://www.4shared.com/rar/Xvc96eOece/Death_PVP.html".
[09/08/2014 19:17:52] Skise Da Xurupita has logged out.
[09/08/2014 19:17:55] Skise Da Xurupita has logged in.
[09/08/2014 19:18:04] Pally Do Kpta has logged in.
[09/08/2014 19:22:42] Nadador Arqueiro has logged out.
[09/08/2014 19:22:44] Nadador Arqueiro has logged in.
[09/08/2014 19:22:49] Honda has logged in.
[09/08/2014 19:23:20] Skise Da Xurupita has logged out.
[09/08/2014 19:23:22] Skise Da Xurupita has logged in.
[09/08/2014 19:23:37] Manager has logged in.
[09/08/2014 19:24:18] Skise Da Xurupita has logged out.
[09/08/2014 19:24:27] Skise Da Xurupita has logged in.
[09/08/2014 19:24:32] > Broadcasted message: "Ot on das 07:00 as 00:00".
[09/08/2014 19:25:44] Fanta-banana has logged out.
[09/08/2014 19:26:13] Honda has logged out.
[09/08/2014 19:26:15] Keisuke has logged in.
[09/08/2014 19:26:21] 
[09/08/2014 19:26:21] Lua Script Error: [Npc interface] 
[09/08/2014 19:26:21] data/npc/scripts/seller.lua:onCreatureSay
[09/08/2014 19:26:22] 
[09/08/2014 19:26:22] data/npc/scripts/seller.lua:55: attempt to compare nil with number
[09/08/2014 19:26:22] stack traceback:
[09/08/2014 19:26:22] 	data/npc/scripts/seller.lua:55: in function <data/npc/scripts/seller.lua:52>
[09/08/2014 19:26:22] Keisuke has logged out.
[09/08/2014 19:26:25] Honda has logged in.
[09/08/2014 19:26:25] 
[09/08/2014 19:26:25] Lua Script Error: [Npc interface] 
[09/08/2014 19:26:25] data/npc/scripts/seller.lua:onCreatureSay
[09/08/2014 19:26:25] 
[09/08/2014 19:26:25] data/npc/scripts/seller.lua:55: attempt to compare nil with number
[09/08/2014 19:26:26] stack traceback:
[09/08/2014 19:26:26] 	data/npc/scripts/seller.lua:55: in function <data/npc/scripts/seller.lua:52>
[09/08/2014 19:27:58] Lallana has logged out.
[09/08/2014 19:27:59] Demonic has logged in.
[09/08/2014 19:29:06] Demonic has logged out.
[09/08/2014 19:29:06] Piroca Flambada has logged in.
[09/08/2014 19:29:11] Piroca Flambada has logged out.
[09/08/2014 19:29:11] Lallana has logged in.
[09/08/2014 19:29:15] Mohamed Hachid has logged in.
[09/08/2014 19:30:12] Fanta-banana has logged in.
[09/08/2014 19:30:53] > Saving server...
[09/08/2014 19:30:56] > SAVE: Complete in 3.337 seconds using relational house storage.
[09/08/2014 19:30:57] > Broadcasted message: "Game map cleaning in 1 minute, please pick up all your items.".
[09/08/2014 19:31:05] Pally Do Kpta has logged out.
[09/08/2014 19:31:13] > Broadcasted message: "Sempre Ao Criar Uma Conta, Pegue A RK Dela No Account Manager Da Conta E Anote, Nunca Passe A Sua Senha Para Outras Pessoas, E Ao Entrar Em Outros OT´s Crie Contas Diferentes Para Não Sofrer HACKED, Não Me Responsabilizo Por Perdas, Obrigado".
[09/08/2014 19:31:27] > CLEAN: Removed 66 items from 184 tiles in 0.234 seconds.
[09/08/2014 19:31:27] > Broadcasted message: "Map Cleaned.".
[09/08/2014 19:33:52] Mlk Lokoo has logged out.
[09/08/2014 19:33:54] Mlk Lokoo has logged in.
[09/08/2014 19:36:11] Pally Do Kpta has logged in.
[09/08/2014 19:37:54] > Broadcasted message: "Ot on das 07:00 as 00:00".
[09/08/2014 19:38:12] Skise Da Xurupita has logged out.
[09/08/2014 19:38:16] Honda has logged out.
[09/08/2014 19:38:20] Keisuke has logged in.
[09/08/2014 19:38:26] Keisuke has logged out.
[09/08/2014 19:38:32] Honda has logged in.
[09/08/2014 19:38:47] Skise Da Xurupita has logged in.
[09/08/2014 19:40:22] Lallana has logged out.
[09/08/2014 19:40:23] Demonic has logged in.
[09/08/2014 19:41:52] Demonic has logged out.
[09/08/2014 19:41:53] Lallana has logged in.
[09/08/2014 19:42:33] Druidd has logged in.
[09/08/2014 19:43:45] Pally Do Kpta has logged out.
[09/08/2014 19:44:06] Nadador Arqueiro has logged out.
[09/08/2014 19:44:07] Nadador Arqueiro has logged in.
[09/08/2014 19:44:35] > Broadcasted message: "Para ver a lista de proximos tutores digite !tutores.".
[09/08/2014 19:45:51] Manager has logged out.
[09/08/2014 19:45:56] Black Jose has logged in.
[09/08/2014 19:45:57] Manager has logged in.
[09/08/2014 19:45:57] Nadador Arqueiro has logged out.
[09/08/2014 19:45:59] Nadador Arqueiro has logged in.
[09/08/2014 19:46:01] Pally Do Kpta has logged in.
[09/08/2014 19:46:13] Nadador Arqueiro has logged out.
[09/08/2014 19:46:16] Nadador Arqueiro has logged in.
[09/08/2014 19:46:37] Nadador Arqueiro has logged out.
[09/08/2014 19:46:41] Nadador Arqueiro has logged in.
[09/08/2014 19:47:38] > Broadcasted message: "Game map cleaning in 1 minute, please pick up all your items.".
[09/08/2014 19:47:44] Nadador Arqueiro has logged out.
[09/08/2014 19:47:46] Nadador Arqueiro has logged in.
[09/08/2014 19:47:47] Black Jose has logged out.
[09/08/2014 19:47:48] Skise Da Xurupita has logged out.
[09/08/2014 19:47:51] Black Jose has logged in.
[09/08/2014 19:47:55] Black Jose has logged out.
[09/08/2014 19:48:08] > CLEAN: Removed 965 items from 873 tiles in 0.229 seconds.
[09/08/2014 19:48:08] > Broadcasted message: "Map Cleaned.".
[09/08/2014 19:48:14] Nadador Arqueiro has logged out.
[09/08/2014 19:48:16] Nadador Arqueiro has logged in.
[09/08/2014 19:48:21] Lallana has logged out.
[09/08/2014 19:48:21] Demonic has logged in.
[09/08/2014 19:49:00] Account Manager has logged in.
[09/08/2014 19:49:14] Account Manager has logged out.
[09/08/2014 19:49:20] Account Manager has logged in.
[09/08/2014 19:49:32] Account Manager has logged out.
[09/08/2014 19:49:35] Guuh has logged in.
[09/08/2014 19:49:51] Demonic has logged out.
[09/08/2014 19:49:52] Lallana has logged in.
[09/08/2014 19:51:16] > Broadcasted message: "Ot on das 07:00 as 00:00".
[09/08/2014 19:51:17] Skise Da Xurupita has logged in.
[09/08/2014 19:52:45] Nadador Arqueiro has logged out.
[09/08/2014 19:52:47] Nadador Arqueiro has logged in.
[09/08/2014 19:54:19] Guuh has logged out.
[09/08/2014 19:54:36] Mlk Lokoo has logged out.
[09/08/2014 19:54:37] Mlk Lokoo has logged in.
[09/08/2014 19:55:37] Mlk Lokoo has logged out.
[09/08/2014 19:55:38] Mlk Lokoo has logged in.
[09/08/2014 19:55:40] Mohamed Hachid has logged out.
[09/08/2014 19:55:43] Mohamed Hachid has logged in.
[09/08/2014 19:56:06] Fanta-banana has logged out.
[09/08/2014 19:56:07] Mlk Lokoo has logged out.
[09/08/2014 19:56:08] Mlk Lokoo has logged in.
[09/08/2014 19:56:09] Fanta-banana has logged in.
[09/08/2014 19:57:34] Black Jose has logged in.
[09/08/2014 19:57:40] Fanta-banana has logged out.
[09/08/2014 19:57:41] Fanta-banana has logged in.
[09/08/2014 19:57:57] > Broadcasted message: "Ot on das 07:00 as 00:00".
[09/08/2014 19:58:17] Black Jose has logged out.
[09/08/2014 19:59:43] Lallana has logged out.
[09/08/2014 19:59:44] Demonic has logged in.
[09/08/2014 20:00:39] Mlk Lokoo has logged out.
[09/08/2014 20:00:40] Mlk Lokoo has logged in.
[09/08/2014 20:00:41] Fanta-banana has logged out.
[09/08/2014 20:00:43] Fanta-banana has logged in.
[09/08/2014 20:00:52] Pally Do Kpta has logged out.
[09/08/2014 20:00:53] Pally Do Kpta has logged in.
[09/08/2014 20:01:04] Demonic has logged out.
[09/08/2014 20:01:05] Lallana has logged in.
[09/08/2014 20:01:47] Mohamed Hachid has logged out.
[09/08/2014 20:01:49] Mohamed Hachid has logged in.
[09/08/2014 20:02:50] Mlk Lokoo has logged out.
[09/08/2014 20:02:53] Mlk Lokoo has logged in.
[09/08/2014 20:03:40] Pally Do Kpta has logged out.
[09/08/2014 20:03:42] Pally Do Kpta has logged in.
[09/08/2014 20:04:14] > Saving server...
[09/08/2014 20:04:17] > SAVE: Complete in 3.182 seconds using relational house storage.
[09/08/2014 20:04:19] > Broadcasted message: "Game map cleaning in 1 minute, please pick up all your items.".
[09/08/2014 20:04:38] > Broadcasted message: "Novo CLIENTE = http://www.4shared.com/rar/Xvc96eOece/Death_PVP.html".
[09/08/2014 20:04:50] > CLEAN: Removed 644 items from 769 tiles in 0.264 seconds.
[09/08/2014 20:04:50] > Broadcasted message: "Map Cleaned.".
[09/08/2014 20:05:13] Lallana has logged out.
[09/08/2014 20:05:15] Lallana has logged in.
[09/08/2014 20:06:19] Lallana has logged out.
[09/08/2014 20:06:21] Lallana has logged in.
[09/08/2014 20:06:31] Honda has logged out.
[09/08/2014 20:06:52] Fanta-banana has logged out.
[09/08/2014 20:06:54] Fanta-banana has logged in.
[09/08/2014 20:07:09] Mlk Lokoo has logged out.
[09/08/2014 20:07:11] Mlk Lokoo has logged in.
[09/08/2014 20:07:55] Honda has logged in.
[09/08/2014 20:08:22] Fanta-banana has logged out.
[09/08/2014 20:08:24] Fanta-banana has logged in.
[09/08/2014 20:08:39] Mlk Lokoo has logged out.
[09/08/2014 20:08:42] Mlk Lokoo has logged in.
[09/08/2014 20:08:48] Down has logged in.
[09/08/2014 20:08:50] Pally Do Kpta has logged out.
[09/08/2014 20:08:52] Pally Do Kpta has logged in.
[09/08/2014 20:09:25] Down has logged out.
[09/08/2014 20:09:46] Fanta-banana has logged out.
[09/08/2014 20:09:49] Fanta-banana has logged in.
[09/08/2014 20:10:09] Pally Do Kpta has logged out.
[09/08/2014 20:10:11] Pally Do Kpta has logged in.
[09/08/2014 20:10:27] Mlktop has logged in.
[09/08/2014 20:10:40] Nadador Arqueiro has logged out.
[09/08/2014 20:11:19] > Broadcasted message: "Para ver a lista de proximos tutores digite !tutores.".
[09/08/2014 20:11:27] Mlk Lokoo has logged out.
[09/08/2014 20:11:29] Mlk Lokoo has logged in.
[09/08/2014 20:11:35] Fanta-banana has logged out.
[09/08/2014 20:11:36] Fanta-banana has logged in.
[09/08/2014 20:11:46] Pally Do Kpta has logged out.
[09/08/2014 20:11:47] Pally Do Kpta has logged in.
[09/08/2014 20:11:49] Honda has logged out.
[09/08/2014 20:13:36] Nadador Arqueiro has logged in.
[09/08/2014 20:13:49] Mohamed Hachid has logged out.
[09/08/2014 20:13:52] Mohamed Hachid has logged in.
[09/08/2014 20:13:59] Mohamed Hachid has logged out.
[09/08/2014 20:15:18] Mlktop has logged out.
[09/08/2014 20:15:20] Mlktop has logged in.
[09/08/2014 20:17:14] Mlktop has logged out.
[09/08/2014 20:17:16] Mlktop has logged in.
[09/08/2014 20:17:51] Mlktop has logged out.
[09/08/2014 20:18:00] > Broadcasted message: "Sempre Ao Criar Uma Conta, Pegue A RK Dela No Account Manager Da Conta E Anote, Nunca Passe A Sua Senha Para Outras Pessoas, E Ao Entrar Em Outros OT´s Crie Contas Diferentes Para Não Sofrer HACKED, Não Me Responsabilizo Por Perdas, Obrigado".
[09/08/2014 20:18:58] Account Manager has logged in.
[09/08/2014 20:19:31] Druidd has logged out.
[09/08/2014 20:19:32] Lallana has logged out.
[09/08/2014 20:19:34] Lallana has logged in.
[09/08/2014 20:19:47] Account Manager has logged in.
[09/08/2014 20:19:49] Account Manager has logged out.
[09/08/2014 20:20:02] Account Manager has logged in.
[09/08/2014 20:20:06] Account Manager has logged out.
[09/08/2014 20:20:11] Account Manager has logged out.
[09/08/2014 20:20:15] Druidd has logged in.
[09/08/2014 20:20:29] Account Manager has logged in.
[09/08/2014 20:20:57] Account Manager has logged out.
[09/08/2014 20:21:00] > Broadcasted message: "Game map cleaning in 1 minute, please pick up all your items.".
[09/08/2014 20:21:30] > CLEAN: Removed 5138 items from 2512 tiles in 0.364 seconds.
[09/08/2014 20:21:31] > Broadcasted message: "Map Cleaned.".
[09/08/2014 20:21:56] Okumura Rin has logged in.
[09/08/2014 20:22:32] Fanta-banana has logged out.
[09/08/2014 20:22:35] Fanta-banana has logged in.
[09/08/2014 20:24:41] > Broadcasted message: "Para ver a lista de proximos tutores digite !tutores.".
[09/08/2014 20:27:13] Okumura Rin has logged out.
[09/08/2014 20:27:35] Account Manager has logged in.
[09/08/2014 20:28:28] Account Manager has logged out.
[09/08/2014 20:28:34] [Hoster] Jean has logged in.
[09/08/2014 20:28:58] Account Manager has logged in.
[09/08/2014 20:29:16] > Saving server...
[09/08/2014 20:29:19] > SAVE: Complete in 3.068 seconds using relational house storage.
[09/08/2014 20:29:30] Account Manager has logged out.
[09/08/2014 20:29:41] Mephisto has logged in.
[09/08/2014 20:29:42] Manager has logged out.
[09/08/2014 20:31:06] Lord Biiel has logged in.
[09/08/2014 20:31:22] > Broadcasted message: "Para duvidas, eventos, e futuramente compras E-mail/Msn -> deathpvp@live.com.".
[09/08/2014 20:36:02] Druidd has logged out.
[09/08/2014 20:36:04] Druidd has logged in.
[09/08/2014 20:36:17] Jailson Mendes has logged in.
[09/08/2014 20:36:20] Jailson Mendes has logged out.
[09/08/2014 20:36:30] Chico Bioca has logged in.
[09/08/2014 20:37:35] > Saving server...
[09/08/2014 20:37:38] > SAVE: Complete in 3.319 seconds using relational house storage.
[09/08/2014 20:37:41] > Broadcasted message: "Game map cleaning in 1 minute, please pick up all your items.".
[09/08/2014 20:38:03] > Broadcasted message: "Para duvidas, eventos, e futuramente compras E-mail/Msn -> deathpvp@live.com.".
[09/08/2014 20:38:12] > CLEAN: Removed 9504 items from 3764 tiles in 0.507 seconds.
[09/08/2014 20:38:12] > Broadcasted message: "Map Cleaned.".
[09/08/2014 20:38:48] Chico Bioca has logged out.
[09/08/2014 20:38:50] Chico Bioca has logged in.
[09/08/2014 20:39:31] Druidd has logged out.
[09/08/2014 20:39:34] Druidd has logged in.
[09/08/2014 20:39:58] Lallana has logged out.
[09/08/2014 20:40:01] Honda has logged in.
[09/08/2014 20:40:01] Lallana has logged in.
[09/08/2014 20:41:43] Skise Da Xurupita has logged out.
[09/08/2014 20:41:47] Nadador Arqueiro has logged out.
[09/08/2014 20:41:51] Nadador Arqueiro has logged in.
[09/08/2014 20:42:36] Druidd has logged out.
[09/08/2014 20:42:57] Druidd has logged in.
[09/08/2014 20:43:43] [Hoster] Jean has logged out.
[09/08/2014 20:44:04] Demonic Striker has logged in.
[09/08/2014 20:44:23] Honda has logged out.
[09/08/2014 20:44:25] Honda has logged in.
[09/08/2014 20:44:44] > Broadcasted message: "Ot on das 07:00 as 00:00".
[09/08/2014 20:46:03] Druidd has logged out.
[09/08/2014 20:46:05] Druidd has logged in.
[09/08/2014 20:49:00] Jailson Mendes has logged in.
[09/08/2014 20:49:15] Mephisto has logged out.
[09/08/2014 20:49:19] Mephisto has logged in.
[09/08/2014 20:49:35] Jailson Mendes has logged out.
[09/08/2014 20:49:50] Chico Bioca has logged out.
[09/08/2014 20:49:59] Lord Biiel has logged out.
[09/08/2014 20:49:59] Oliver Queen has logged in.
[09/08/2014 20:50:20] Lord Biiel has logged in.
[09/08/2014 20:50:36] Oliver Queen has logged out.
[09/08/2014 20:50:44] Jailson Mendes has logged in.
[09/08/2014 20:51:25] > Broadcasted message: "Para esclarecer algumas duvidas digite !notice, para mais informacoes fale com um [CM]".
[09/08/2014 20:51:49] Honda has logged out.
[09/08/2014 20:51:54] Honda has logged in.
[09/08/2014 20:54:22] > Broadcasted message: "Game map cleaning in 1 minute, please pick up all your items.".
[09/08/2014 20:54:53] > CLEAN: Removed 11509 items from 4591 tiles in 0.389 seconds.
[09/08/2014 20:54:53] > Broadcasted message: "Map Cleaned.".
[09/08/2014 20:56:11] Fanta-banana has logged out.
[09/08/2014 20:56:15] Fanta-banana has logged in.
[09/08/2014 20:58:06] > Broadcasted message: "Para comprar bless digite !bless".
[09/08/2014 20:59:44] Honda has logged out.
[09/08/2014 20:59:58] Skise Da Xurupita has logged in.
[09/08/2014 21:04:47] > Broadcasted message: "Para duvidas, eventos, e futuramente compras E-mail/Msn -> deathpvp@live.com.".
[09/08/2014 21:06:07] Skise Da Xurupita has logged out.
[09/08/2014 21:06:09] Skise Da Xurupita has logged in.
[09/08/2014 21:06:54] Mephisto has logged out.
[09/08/2014 21:06:56] Mephisto has logged in.
[09/08/2014 21:07:01] Lord Biiel has logged out.
[09/08/2014 21:07:03] Lord Biiel has logged in.
[09/08/2014 21:08:38] Mephisto has logged out.
[09/08/2014 21:08:41] Mephisto has logged in.
[09/08/2014 21:08:48] Mephisto has logged out.
[09/08/2014 21:09:00] Druidd has logged out.
[09/08/2014 21:09:01] Druidd has logged in.
[09/08/2014 21:09:21] Demonic Striker has logged out.
[09/08/2014 21:09:25] [Hoster] Jean has logged in.
[09/08/2014 21:10:12] > Broadcasted message: "OT VAI REINICIAR".
[09/08/2014 21:10:14] > Broadcasted message: "OT VAI REINICIAR".
[09/08/2014 21:10:15] > Broadcasted message: "OT VAI REINICIAR".
[09/08/2014 21:10:16] > Broadcasted message: "OT VAI REINICIAR".
[09/08/2014 21:10:17] > Broadcasted message: "OT VAI REINICIAR".
[09/08/2014 21:10:17] > Broadcasted message: "OT VAI REINICIAR".
[09/08/2014 21:10:18] > Broadcasted message: "OT VAI REINICIAR".
[09/08/2014 21:10:19] > Broadcasted message: "OT VAI REINICIAR".
[09/08/2014 21:10:20] Lallana has logged out.
[09/08/2014 21:10:21] Lallana has logged in.
[09/08/2014 21:10:26] > Broadcasted message: "OT VAI REINICIAR".
[09/08/2014 21:10:26] > Broadcasted message: "OT VAI REINICIAR".
[09/08/2014 21:10:27] > Broadcasted message: "OT VAI REINICIAR".
[09/08/2014 21:10:28] Lord Biiel has logged out.
[09/08/2014 21:10:28] > Broadcasted message: "OT VAI REINICIAR".
[09/08/2014 21:10:29] Lord Biiel has logged in.
[09/08/2014 21:10:39] > Saving server...
[09/08/2014 21:10:42] > SAVE: Complete in 3.09 seconds using relational house storage.
[09/08/2014 21:10:47] [Hoster] Jean has logged out.
[09/08/2014 21:10:53] Mlk Lokoo has logged out.
[09/08/2014 21:10:54] Pally Do Kpta has logged out.
[09/08/2014 21:10:54] Nadador Arqueiro has logged out.
[09/08/2014 21:10:54] Jailson Mendes has logged out.
[09/08/2014 21:10:55] Fanta-banana has logged out.
[09/08/2014 21:10:55] Skise Da Xurupita has logged out.
[09/08/2014 21:10:55] Druidd has logged out.
[09/08/2014 21:10:56] Lallana has logged out.
[09/08/2014 21:10:56] Lord Biiel has logged out.
[09/08/2014 21:10:57] > Saving server...
[09/08/2014 21:10:58] > SAVE: Complete in 1.284 seconds using relational house storage.
[09/08/2014 21:10:58] Preparing to shutdown server..
[09/08/2014 21:10:59] .
[09/08/2014 21:10:59] E[09/08/2014 21:11:14] The Forgotten Server, version 0.3.4 (Crying Damson)
[09/08/2014 21:11:14] Sever Criado Por Alissow e Comedinha.
[09/08/2014 21:11:14] Publicidade: www.sotserv.blogspot.com <- <- <- Tudo sobre otserv.
[09/08/2014 21:11:14] Bom Jogo!!!
[09/08/2014 21:11:14] 
[09/08/2014 21:11:15] >> Debugging: nothing.
[09/08/2014 21:11:15] >> Checking software version... failed checking - malformed file.
[09/08/2014 21:11:16] 
[09/08/2014 21:11:16] >> Loading config (config.lua)
[09/08/2014 21:11:16] > Using plaintext passwords
[09/08/2014 21:11:16] >> Loading RSA key
[09/08/2014 21:11:16] >> Starting SQL connection
[09/08/2014 21:11:16] >> Running Database Manager
[09/08/2014 21:11:17] > Optimized database.
[09/08/2014 21:11:17] >> Loading items
[09/08/2014 21:11:17] >> Loading groups
[09/08/2014 21:11:17] >> Loading vocations
[09/08/2014 21:11:17] >> Loading script systems
[09/08/2014 21:11:18] >> Loading chat channels
[09/08/2014 21:11:18] >> Loading outfits
[09/08/2014 21:11:18] >> Loading experience stages
[09/08/2014 21:11:18] >> Loading monsters
[09/08/2014 21:11:19] >> Loading map and spawns...
[09/08/2014 21:11:20] > Map size: 65000x65000.
[09/08/2014 21:11:20] > Map descriptions: 
[09/08/2014 21:11:20] Saved with Remere's Map Editor 2.2
[09/08/2014 21:11:20] No map description available.
[09/08/2014 21:11:21] Duplicate uniqueId 2407
[09/08/2014 21:11:24] > Map loading time: 5.157 seconds.
[09/08/2014 21:11:25] > Data loading time: 0.7 seconds.
[09/08/2014 21:11:25] > Unserialization time for houses: 0.013 seconds.
[09/08/2014 21:11:49] > Unserialization time for map: 23.116 seconds.
[09/08/2014 21:11:49] >> Checking world type... PvP
[09/08/2014 21:11:49] >> Initializing game state modules and registering services...
[09/08/2014 21:11:50] > Global address: deathpvp.no-ip.info
[09/08/2014 21:11:50] > Local ports:
[09/08/2014 21:11:50] 7171	7172	
[09/08/2014 21:11:50] >> All modules were loaded, server starting up...
[09/08/2014 21:11:50] >> OT Death server Online!
[09/08/2014 21:11:51] 
[09/08/2014 21:11:51] Mlk Lokoo has logged in.
[09/08/2014 21:11:51] sqlite3_step(): SQLITE ERROR: columns id, world_id are not unique
[09/08/2014 21:11:53] [Hoster] Jean has logged in.
[09/08/2014 21:11:57] Lallana has logged in.
[09/08/2014 21:12:02] Pally Do Kpta has logged in.
[09/08/2014 21:12:05] Lord Biiel has logged in.
[09/08/2014 21:12:08] Skise Da Xurupita has logged in.
[09/08/2014 21:12:12] Skise Da Xurupita has logged out.
[09/08/2014 21:12:13] Skise Da Xurupita has logged in.
[09/08/2014 21:12:31] [Hoster] Jean has logged out.
[09/08/2014 21:12:32] Demonic Striker has logged in.
[09/08/2014 21:12:45] Druidd has logged in.
[09/08/2014 21:13:16] Mateus has logged in.
[09/08/2014 21:13:27] Skise Da Xurupita has logged out.
[09/08/2014 21:13:33] Mateus has logged out.
[09/08/2014 21:13:41] Honda has logged in.
[09/08/2014 21:13:58] Jailson Mendes has logged in.
[09/08/2014 21:14:37] Nadador Arqueiro has logged in.
[09/08/2014 21:15:04] Skise Da Xurupita has logged in.
[09/08/2014 21:15:12] Fanta-banana has logged in.
[09/08/2014 21:15:20] Lord Biiel has logged out.
[09/08/2014 21:15:22] Lord Biiel has logged in.
[09/08/2014 21:17:59] > Broadcasted message: "Para esclarecer algumas duvidas digite !notice, para mais informacoes fale com um [CM]".
[09/08/2014 21:23:01] Demonic Striker has logged out.
[09/08/2014 21:23:02] Demonic Striker has logged in.
[09/08/2014 21:24:40] > Broadcasted message: "Novo CLIENTE = http://www.4shared.com/rar/Xvc96eOece/Death_PVP.html".
[09/08/2014 21:25:43] Lord Biiel has logged out.
[09/08/2014 21:25:46] Mlk Lokoo has logged out.
[09/08/2014 21:25:47] Mlk Lokoo has logged in.
[09/08/2014 21:27:59] > Broadcasted message: "Game map cleaning in 1 minute, please pick up all your items.".
[09/08/2014 21:28:30] > CLEAN: Removed 10285 items from 3461 tiles in 0.291 seconds.
[09/08/2014 21:28:30] > Broadcasted message: "Map Cleaned.".
[09/08/2014 21:31:21] > Broadcasted message: "Para duvidas, eventos, e futuramente compras E-mail/Msn -> deathpvp@live.com.".
[09/08/2014 21:31:30] Fanta-banana has logged out.
[09/08/2014 21:31:31] Fanta-banana has logged in.
[09/08/2014 21:31:34] Nadador Arqueiro has logged out.
[09/08/2014 21:34:22] Jailson Mendes has logged out.
[09/08/2014 21:34:24] Jailson Mendes has logged in.
[09/08/2014 21:38:02] > Broadcasted message: "Para duvidas, eventos, e futuramente compras E-mail/Msn -> deathpvp@live.com.".
[09/08/2014 21:39:18] Jailson Mendes has logged out.
[09/08/2014 21:39:28] Chico Bioca has logged in.
[09/08/2014 21:40:01] Jailson Mendes has logged in.
[09/08/2014 21:40:23] Chico Bioca has logged out.
[09/08/2014 21:40:45] Jailson Mendes has logged out.
[09/08/2014 21:40:57] Chico Bioca has logged in.
[09/08/2014 21:41:15] Account Manager has logged in.
[09/08/2014 21:41:18] Account Manager has logged out.
[09/08/2014 21:41:33] Black Jose has logged in.
[09/08/2014 21:41:53] Chico Bioca has logged out.
[09/08/2014 21:41:57] Chico Bioca has logged in.
[09/08/2014 21:43:58] Duff Maluko has logged in.
[09/08/2014 21:44:40] > Broadcasted message: "Game map cleaning in 1 minute, please pick up all your items.".
[09/08/2014 21:44:40] Jailson Mendes has logged in.
[09/08/2014 21:44:43] > Broadcasted message: "Novo CLIENTE = http://www.4shared.com/rar/Xvc96eOece/Death_PVP.html".
[09/08/2014 21:44:45] > Saving server...
[09/08/2014 21:44:48] > SAVE: Complete in 3.126 seconds using relational house storage.
[09/08/2014 21:45:05] Chico Bioca has logged out.
[09/08/2014 21:45:10] > CLEAN: Removed 10698 items from 3331 tiles in 0.311 seconds.
[09/08/2014 21:45:11] > Broadcasted message: "Map Cleaned.".
[09/08/2014 21:45:27] Jailson Mendes has logged out.
[09/08/2014 21:45:38] Chico Bioca has logged in.
[09/08/2014 21:46:48] Jailson Mendes has logged in.
[09/08/2014 21:47:14] Chico Bioca has logged out.
[09/08/2014 21:48:01] Fanta-banana has logged out.
[09/08/2014 21:48:16] Black Jose has logged out.
[09/08/2014 21:48:17] Druid has logged in.
[09/08/2014 21:48:26] Druid has logged out.
[09/08/2014 21:48:26] Black Jose has logged in.
[09/08/2014 21:48:31] Black Jose has logged out.
[09/08/2014 21:48:57] Skise Da Xurupita has logged out.
[09/08/2014 21:50:10] Nadador Arqueiro has logged in.
[09/08/2014 21:50:22] Honda has logged out.
[09/08/2014 21:50:44] Skise Da Xurupita has logged in.
[09/08/2014 21:51:16] Demonic Striker has logged out.
[09/08/2014 21:51:24] > Broadcasted message: "Para duvidas, eventos, e futuramente compras E-mail/Msn -> deathpvp@live.com.".
[09/08/2014 21:51:29] Demonic Striker has logged in.
[09/08/2014 21:54:11] Jailson Mendes has logged out.
[09/08/2014 21:54:14] Duff Maluko has logged out.
[09/08/2014 21:54:15] Jailson Mendes has logged in.
[09/08/2014 21:58:05] > Broadcasted message: "Para esclarecer algumas duvidas digite !notice, para mais informacoes fale com um [CM]".
[09/08/2014 21:58:10] Demonic Striker has logged out.
[09/08/2014 21:58:12] [Hoster] Jean has logged in.
[09/08/2014 21:58:18] [Hoster] Jean has logged out.
[09/08/2014 21:58:20] Demonic Striker has logged in.
[09/08/2014 22:01:09] Mateus has logged in.
[09/08/2014 22:01:21] > Broadcasted message: "Game map cleaning in 1 minute, please pick up all your items.".
[09/08/2014 22:01:48] Demonic Striker has logged out.
[09/08/2014 22:01:51] > CLEAN: Removed 7624 items from 2829 tiles in 0.318 seconds.
[09/08/2014 22:01:52] > Broadcasted message: "Map Cleaned.".
[09/08/2014 22:01:56] Demonic Striker has logged in.
[09/08/2014 22:02:32] Jailson Mendes has logged out.
[09/08/2014 22:02:34] Jailson Mendes has logged in.
[09/08/2014 22:04:03] Lallana has logged out.
[09/08/2014 22:04:04] Lallana has logged in.
[09/08/2014 22:04:39] Honda has logged in.
[09/08/2014 22:04:46] > Broadcasted message: "Para ver as noticias fale !notice".
[09/08/2014 22:05:35] Jailson Mendes has logged out.
[09/08/2014 22:05:36] Jailson Mendes has logged in.
[09/08/2014 22:06:50] Nadador Arqueiro has logged out.
[09/08/2014 22:08:16] Nadador Arqueiro has logged in.
[09/08/2014 22:11:04] Jailson Mendes has logged out.
[09/08/2014 22:11:11] Chico Bioca has logged in.
[09/08/2014 22:11:27] > Broadcasted message: "Para esclarecer algumas duvidas digite !notice, para mais informacoes fale com um [CM]".
[09/08/2014 22:11:47] Jailson Mendes has logged in.
[09/08/2014 22:12:07] Chico Bioca has logged out.
[09/08/2014 22:12:52] Mlk Lokoo has logged out.
[09/08/2014 22:12:53] Mlk Lokoo has logged in.
[09/08/2014 22:12:54] Mlk Lokoo has logged out.
[09/08/2014 22:12:58] Microbiio I has logged in.
[09/08/2014 22:13:21] Druidd has logged out.
[09/08/2014 22:13:49] Jailson Mendes has logged out.
[09/08/2014 22:14:20] Microbiio I has logged out.
[09/08/2014 22:14:21] Microbiio I has logged in.
[09/08/2014 22:14:22] Microbiio I has logged out.
[09/08/2014 22:15:04] Jailson Mendes has logged in.
[09/08/2014 22:15:35] Mlk Lokoo has logged in.
[09/08/2014 22:18:02] > Broadcasted message: "Game map cleaning in 1 minute, please pick up all your items.".
[09/08/2014 22:18:05] > Saving server...
[09/08/2014 22:18:08] > SAVE: Complete in 3.028 seconds using relational house storage.
[09/08/2014 22:18:08] > Broadcasted message: "Sempre Ao Criar Uma Conta, Pegue A RK Dela No Account Manager Da Conta E Anote, Nunca Passe A Sua Senha Para Outras Pessoas, E Ao Entrar Em Outros OT´s Crie Contas Diferentes Para Não Sofrer HACKED, Não Me Responsabilizo Por Perdas, Obrigado".
[09/08/2014 22:18:32] > CLEAN: Removed 4822 items from 2179 tiles in 0.293 seconds.
[09/08/2014 22:18:32] > Broadcasted message: "Map Cleaned.".
[09/08/2014 22:18:42] Duff Maluko has logged in.
[09/08/2014 22:19:00] Duff Maluko has logged out.
[09/08/2014 22:19:10] Jailson Mendes has logged out.
[09/08/2014 22:22:42] Pally Do Kpta has logged out.
[09/08/2014 22:22:43] Pally Do Kpta has logged in.
[09/08/2014 22:24:41] Nadador Arqueiro has logged out.
[09/08/2014 22:24:49] > Broadcasted message: "Para duvidas, eventos, e futuramente compras E-mail/Msn -> deathpvp@live.com.".
[09/08/2014 22:25:17] Manager has logged in.
[09/08/2014 22:31:30] > Broadcasted message: "Para comprar bless digite !bless".
[09/08/2014 22:31:32] Account Manager has logged in.
[09/08/2014 22:31:44] Account Manager has logged out.
[09/08/2014 22:31:48] Pally Do Kpta has logged out.
[09/08/2014 22:31:49] Pally Do Kpta has logged in.
[09/08/2014 22:31:59] Account Manager has logged in.
[09/08/2014 22:32:03] Account Manager has logged out.
[09/08/2014 22:32:18] Duff Maluko has logged in.
[09/08/2014 22:34:43] > Broadcasted message: "Game map cleaning in 1 minute, please pick up all your items.".
[09/08/2014 22:35:13] > CLEAN: Removed 1661 items from 855 tiles in 0.305 seconds.
[09/08/2014 22:35:14] > Broadcasted message: "Map Cleaned.".
[09/08/2014 22:36:15] Duff Maluko has logged out.
[09/08/2014 22:36:20] Duff Maluko has logged in.
[09/08/2014 22:37:20] Varus has logged in.
[09/08/2014 22:38:11] > Broadcasted message: "Para esclarecer algumas duvidas digite !notice, para mais informacoes fale com um [CM]".
[09/08/2014 22:41:07] Pally Do Kpta has logged out.
[09/08/2014 22:41:09] Pally Do Kpta has logged in.
[09/08/2014 22:42:07] Skise Da Xurupita has logged out.
[09/08/2014 22:42:21] Down has logged in.
[09/08/2014 22:42:23] Down has logged out.
[09/08/2014 22:42:34] Down has logged in.
[09/08/2014 22:42:37] Down has logged out.
[09/08/2014 22:44:52] > Broadcasted message: "Para comprar bless digite !bless".
[09/08/2014 22:46:10] > Saving server...
[09/08/2014 22:46:13] > SAVE: Complete in 2.87 seconds using relational house storage.
[09/08/2014 22:50:20] Duff Maluko has logged out.
[09/08/2014 22:51:24] > Broadcasted message: "Game map cleaning in 1 minute, please pick up all your items.".
[09/08/2014 22:51:26] > Saving server...
[09/08/2014 22:51:29] > SAVE: Complete in 2.784 seconds using relational house storage.
[09/08/2014 22:51:33] > Broadcasted message: "Sempre Ao Criar Uma Conta, Pegue A RK Dela No Account Manager Da Conta E Anote, Nunca Passe A Sua Senha Para Outras Pessoas, E Ao Entrar Em Outros OT´s Crie Contas Diferentes Para Não Sofrer HACKED, Não Me Responsabilizo Por Perdas, Obrigado".
[09/08/2014 22:51:54] > CLEAN: Removed 262 items from 264 tiles in 0.294 seconds.
[09/08/2014 22:51:55] > Broadcasted message: "Map Cleaned.".
[09/08/2014 22:54:26] Manager has logged out.
[09/08/2014 22:54:30] Manager has logged in.
[09/08/2014 22:56:10] Lallana has logged out.
[09/08/2014 22:56:13] Lallana has logged in.
[09/08/2014 22:58:10] Varus has logged out.
[09/08/2014 22:58:14] Varus has logged in.
[09/08/2014 22:58:14] > Broadcasted message: "Novo CLIENTE = http://www.4shared.com/rar/Xvc96eOece/Death_PVP.html".
[09/08/2014 22:59:02] Lallana has logged out.
[09/08/2014 22:59:12] Mateus has logged out.
[09/08/2014 22:59:17] Lallana has logged in.
[09/08/2014 23:01:54] Skise Da Xurupita has logged in.
[09/08/2014 23:02:48] Varus has logged out.
[09/08/2014 23:02:51] Varus has logged in.
[09/08/2014 23:02:53] Jailson Mendes has logged in.
[09/08/2014 23:03:25] Demonic Striker has logged out.
[09/08/2014 23:04:55] > Broadcasted message: "Sempre Ao Criar Uma Conta, Pegue A RK Dela No Account Manager Da Conta E Anote, Nunca Passe A Sua Senha Para Outras Pessoas, E Ao Entrar Em Outros OT´s Crie Contas Diferentes Para Não Sofrer HACKED, Não Me Responsabilizo Por Perdas, Obrigado".
[09/08/2014 23:05:02] Jailson Mendes has logged out.
[09/08/2014 23:07:54] Down has logged in.
[09/08/2014 23:08:05] > Broadcasted message: "Game map cleaning in 1 minute, please pick up all your items.".
[09/08/2014 23:08:35] > CLEAN: Removed 1629 items from 1068 tiles in 0.193 seconds.
[09/08/2014 23:08:36] > Broadcasted message: "Map Cleaned.".
[09/08/2014 23:11:03] Manager has logged out.
[09/08/2014 23:11:36] > Broadcasted message: "Para comprar bless digite !bless".
[09/08/2014 23:12:41] Down has logged out.
[09/08/2014 23:12:51] Manager has logged in.
[09/08/2014 23:13:56] Nadador Arqueiro has logged in.
[09/08/2014 23:13:59] Pally Do Kpta has logged out.
[09/08/2014 23:14:01] Pally Do Kpta has logged in.
[09/08/2014 23:15:57] Pally Do Kpta has logged out.
[09/08/2014 23:15:59] Pally Do Kpta has logged in.
[09/08/2014 23:18:17] > Broadcasted message: "Novo CLIENTE = http://www.4shared.com/rar/Xvc96eOece/Death_PVP.html".
[09/08/2014 23:19:32] Varus has logged out.
[09/08/2014 23:22:34] Microbiio I has logged in.
[09/08/2014 23:24:34] Mlk Lokoo has logged out.
[09/08/2014 23:24:46] > Broadcasted message: "Game map cleaning in 1 minute, please pick up all your items.".
[09/08/2014 23:24:47] > Saving server...
[09/08/2014 23:24:49] > SAVE: Complete in 2.5 seconds using relational house storage.
[09/08/2014 23:24:58] > Broadcasted message: "Para esclarecer algumas duvidas digite !notice, para mais informacoes fale com um [CM]".
[09/08/2014 23:25:16] > CLEAN: Removed 4329 items from 1373 tiles in 0.261 seconds.
[09/08/2014 23:25:17] > Broadcasted message: "Map Cleaned.".
[09/08/2014 23:27:25] Mephisto has logged in.
[09/08/2014 23:28:50] Varus has logged in.
[09/08/2014 23:28:59] Honda has logged out.
[09/08/2014 23:29:00] Lallana has logged out.
[09/08/2014 23:29:00] Skise Da Xurupita has logged out.
[09/08/2014 23:29:00] Manager has logged out.
[09/08/2014 23:29:01] Nadador Arqueiro has logged out.
[09/08/2014 23:29:01] Pally Do Kpta has logged out.
[09/08/2014 23:29:01] Microbiio I has logged out.
[09/08/2014 23:29:02] Mephisto has logged out.
[09/08/2014 23:29:02] Varus has logged out.
[09/08/2014 23:29:03] > Saving server...
[09/08/2014 23:29:04] > SAVE: Complete in 1.344 seconds using relational house storage.
[09/08/2014 23:29:04] Preparing to shutdown server..
[09/08/2014 23:29:05] .
[09/08/2014 23:29:05] Exiting
[09/08/2014 23:53:02] The Forgotten Server, version 0.3.4 (Crying Damson)
[09/08/2014 23:53:02] Sever Criado Por Alissow e Comedinha.
[09/08/2014 23:53:03] Publicidade: www.sotserv.blogspot.com <- <- <- Tudo sobre otserv.
[09/08/2014 23:53:03] Bom Jogo!!!
[09/08/2014 23:53:03] 
[09/08/2014 23:53:03] >> Debugging: nothing.
[09/08/2014 23:53:03] >> Checking software version... failed checking - malformed file.
[09/08/2014 23:53:04] 
[09/08/2014 23:53:04] >> Loading config (config.lua)
[09/08/2014 23:53:05] > Using plaintext passwords
[09/08/2014 23:53:05] >> Loading RSA key
[09/08/2014 23:53:05] >> Starting SQL connection
[09/08/2014 23:53:05] >> Running Database Manager
[09/08/2014 23:53:06] > Optimized database.
[09/08/2014 23:53:06] >> Loading items
[09/08/2014 23:53:06] >> Loading groups
[09/08/2014 23:53:06] >> Loading vocations
[09/08/2014 23:53:07] >> Loading script systems
[09/08/2014 23:53:07] >> Loading chat channels
[09/08/2014 23:53:07] >> Loading outfits
[09/08/2014 23:53:08] >> Loading experience stages
[09/08/2014 23:53:08] >> Loading monsters
[09/08/2014 23:53:08] >> Loading map and spawns...
[09/08/2014 23:53:09] > Map size: 65000x65000.
[09/08/2014 23:53:09] > Map descriptions: 
[09/08/2014 23:53:10] Saved with Remere's Map Editor 2.2
[09/08/2014 23:53:10] No map description available.
[09/08/2014 23:53:10] Duplicate uniqueId 2407
[09/08/2014 23:53:14] > Map loading time: 5.703 seconds.
[09/08/2014 23:53:15] > Data loading time: 0.889 seconds.
[09/08/2014 23:53:16] > Unserialization time for houses: 0.013 seconds.
[09/08/2014 23:53:40] > Unserialization time for map: 24.329 seconds.
[09/08/2014 23:53:40] >> Checking world type... PvP
[09/08/2014 23:53:41] >> Initializing game state modules and registering services...
[09/08/2014 23:53:41] > Global address: deathpvp.no-ip.info
[09/08/2014 23:53:42] > Local ports:
[09/08/2014 23:53:42] 7171	7172	
[09/08/2014 23:53:42] >> All modules were loaded, server starting up...
[09/08/2014 23:53:42] >> OT Death server Online!
[09/08/2014 23:53:42] 
[09/08/2014 23:53:44] sqlite3_step(): SQLITE ERROR: columns id, world_id are not unique
[09/08/2014 23:53:45] Pally Do Kpta has logged in.
[09/08/2014 23:53:52] Pally Do Kpta has logged out.
[09/08/2014 23:55:53] Honda has logged in.
[09/08/2014 23:55:58] Lallana has logged in.
[09/08/2014 23:59:40] Account Manager has logged in.
[09/08/2014 23:59:44] Account Manager has logged out.
[09/08/2014 23:59:48] > Broadcasted message: "Para ver a lista de proximos tutores digite !tutores.".
