[13/09/2014 10:07:53] The Forgotten Server, version 0.3.4 (Crying Damson)
[13/09/2014 10:07:54] Sever Criado Por Alissow e Comedinha.
[13/09/2014 10:07:54] Publicidade: www.sotserv.blogspot.com <- <- <- Tudo sobre otserv.
[13/09/2014 10:07:54] Bom Jogo!!!
[13/09/2014 10:07:54] 
[13/09/2014 10:07:54] >> Debugging: nothing.
[13/09/2014 10:07:54] >> Checking software version... failed checking - malformed file.
[13/09/2014 10:07:55] 
[13/09/2014 10:07:55] >> Loading config (config.lua)
[13/09/2014 10:07:55] > Using plaintext passwords
[13/09/2014 10:07:55] >> Loading RSA key
[13/09/2014 10:07:55] >> Starting SQL connection
[13/09/2014 10:07:55] >> Running Database Manager
[13/09/2014 10:07:56] > Optimized database.
[13/09/2014 10:07:56] >> Loading items
[13/09/2014 10:07:57] >> Loading groups
[13/09/2014 10:07:57] >> Loading vocations
[13/09/2014 10:07:57] >> Loading script systems
[13/09/2014 10:08:00] >> Loading chat channels
[13/09/2014 10:08:00] >> Loading outfits
[13/09/2014 10:08:00] >> Loading experience stages
[13/09/2014 10:08:00] >> Loading monsters
[13/09/2014 10:08:04] >> Loading map and spawns...
[13/09/2014 10:08:05] > Map size: 65000x65000.
[13/09/2014 10:08:05] > Map descriptions: 
[13/09/2014 10:08:05] Saved with Remere's Map Editor 2.2
[13/09/2014 10:08:05] No map description available.
[13/09/2014 10:08:06] Duplicate uniqueId 2407
[13/09/2014 10:08:09] > Map loading time: 4.901 seconds.
[13/09/2014 10:08:10] > Data loading time: 0.771 seconds.
[13/09/2014 10:08:10] > Unserialization time for houses: 0.031 seconds.
[13/09/2014 10:08:32] > Unserialization time for map: 21.327 seconds.
[13/09/2014 10:08:32] >> Checking world type... PvP
[13/09/2014 10:08:32] >> Initializing game state modules and registering services...
[13/09/2014 10:08:32] > Global address: deathpvp.no-ip.info
[13/09/2014 10:08:33] > Local ports:
[13/09/2014 10:08:33] 7171	7172	
[13/09/2014 10:08:33] >> All modules were loaded, server starting up...
[13/09/2014 10:08:33] >> OT Death server Online!
[13/09/2014 10:08:33] 
[13/09/2014 10:11:00] sqlite3_step(): SQLITE ERROR: columns id, world_id are not unique
[13/09/2014 10:11:01] Jean has logged in.
[13/09/2014 10:11:21] > Broadcasted message: "Para ver a lista de proximos tutores digite !tutores.".
[13/09/2014 10:14:41] > Broadcasted message: "Para duvidas, eventos, e futuramente compras E-mail/Msn -> deathpvp@live.com.".
[13/09/2014 10:14:43] > Broadcasted message: "Ot on das 07:00 as 00:00".
[13/09/2014 10:18:04] > Broadcasted message: "Para esclarecer algumas duvidas digite !notice, para mais informacoes fale com um [CM]".
[13/09/2014 10:21:22] > Broadcasted message: "Para comprar bless digite !bless".
[13/09/2014 10:21:25] > Broadcasted message: "Novo CLIENTE = http://www.4shared.com/rar/Xvc96eOece/Death_PVP.html".
[13/09/2014 10:23:47] > Broadcasted message: "Para esclarecer algumas duvidas digite !notice, para mais informacoes fale com um [CM]".
[13/09/2014 10:24:37] Jean has logged out.
[13/09/2014 10:26:15] > Broadcasted message: "Novo CLIENTE = http://www.4shared.com/rar/Xvc96eOece/Death_PVP.html".
[13/09/2014 10:26:18] Shiino Kina has logged in.
[13/09/2014 10:27:56] > Broadcasted message: "Para ver as noticias fale !notice".
[13/09/2014 10:29:37] > Broadcasted message: "Ot on das 07:00 as 00:00".
[13/09/2014 10:29:45] Shiino Kina has logged out.
[13/09/2014 10:29:46] Shiino Kina has logged in.
[13/09/2014 10:29:47] Shiino Kina has logged out.
[13/09/2014 10:29:52] Shiino Kina has logged in.
[13/09/2014 10:31:03] Shiino Kina has logged out.
[13/09/2014 10:31:03] Shiino Kina has logged in.
[13/09/2014 10:31:15] > Broadcasted message: "Novo CLIENTE = http://www.4shared.com/rar/Xvc96eOece/Death_PVP.html".
[13/09/2014 10:31:18] > Broadcasted message: "Para duvidas, eventos, e futuramente compras E-mail/Msn -> deathpvp@live.com.".
[13/09/2014 10:32:59] > Broadcasted message: "Para duvidas, eventos, e futuramente compras E-mail/Msn -> deathpvp@live.com.".
[13/09/2014 10:33:26] Shiino Kina has logged out.
[13/09/2014 10:33:27] Shiino Kina has logged in.
[13/09/2014 10:34:40] > Broadcasted message: "Ot on das 07:00 as 00:00".
[13/09/2014 10:36:21] > Broadcasted message: "Para duvidas, eventos, e futuramente compras E-mail/Msn -> deathpvp@live.com.".
[13/09/2014 10:36:25] Shiino Sorc has logged in.
[13/09/2014 10:36:45] Shiino Sorc has logged out.
[13/09/2014 10:37:43] Shiino Kina has logged out.
[13/09/2014 10:37:50] Shiino Kina has logged in.
[13/09/2014 10:37:56] > Broadcasted message: "Ot on das 07:00 as 00:00".
[13/09/2014 10:38:02] > Broadcasted message: "Para ver a lista de proximos tutores digite !tutores.".
[13/09/2014 10:39:43] > Broadcasted message: "Sempre Ao Criar Uma Conta, Pegue A RK Dela No Account Manager Da Conta E Anote, Nunca Passe A Sua Senha Para Outras Pessoas, E Ao Entrar Em Outros OT´s Crie Contas Diferentes Para Não Sofrer HACKED, Não Me Responsabilizo Por Perdas, Obrigado".
[13/09/2014 10:39:50] Shiino Kina has logged out.
[13/09/2014 10:39:52] Account Manager has logged in.
[13/09/2014 10:40:13] Account Manager has logged out.
[13/09/2014 10:41:14] Shiino Kina has logged in.
[13/09/2014 10:41:15] > Broadcasted message: "Game map cleaning in 1 minute, please pick up all your items.".
[13/09/2014 10:41:24] > Broadcasted message: "Novo CLIENTE = http://www.4shared.com/rar/Xvc96eOece/Death_PVP.html".
[13/09/2014 10:41:46] > CLEAN: Removed 8 items from 107 tiles in 0.154 seconds.
[13/09/2014 10:41:46] > Broadcasted message: "Map Cleaned.".
[13/09/2014 10:43:05] > Broadcasted message: "Sempre Ao Criar Uma Conta, Pegue A RK Dela No Account Manager Da Conta E Anote, Nunca Passe A Sua Senha Para Outras Pessoas, E Ao Entrar Em Outros OT´s Crie Contas Diferentes Para Não Sofrer HACKED, Não Me Responsabilizo Por Perdas, Obrigado".
[13/09/2014 10:44:37] > Broadcasted message: "Para comprar bless digite !bless".
[13/09/2014 10:44:46] > Broadcasted message: "Para comprar bless digite !bless".
[13/09/2014 10:46:27] > Broadcasted message: "Para ver as noticias fale !notice".
[13/09/2014 10:48:00] > Saving server...
[13/09/2014 10:48:02] > SAVE: Complete in 1.771 seconds using relational house storage.
[13/09/2014 10:48:08] > Broadcasted message: "Para ver as noticias fale !notice".
[13/09/2014 10:49:49] > Broadcasted message: "Para esclarecer algumas duvidas digite !notice, para mais informacoes fale com um [CM]".
[13/09/2014 10:51:18] > Broadcasted message: "Para ver as noticias fale !notice".
[13/09/2014 10:51:30] > Broadcasted message: "Para esclarecer algumas duvidas digite !notice, para mais informacoes fale com um [CM]".
[13/09/2014 10:53:11] > Broadcasted message: "Para duvidas, eventos, e futuramente compras E-mail/Msn -> deathpvp@live.com.".
[13/09/2014 10:54:52] > Broadcasted message: "Para duvidas, eventos, e futuramente compras E-mail/Msn -> deathpvp@live.com.".
[13/09/2014 10:56:33] > Broadcasted message: "Sempre Ao Criar Uma Conta, Pegue A RK Dela No Account Manager Da Conta E Anote, Nunca Passe A Sua Senha Para Outras Pessoas, E Ao Entrar Em Outros OT´s Crie Contas Diferentes Para Não Sofrer HACKED, Não Me Responsabilizo Por Perdas, Obrigado".
[13/09/2014 10:57:56] > Broadcasted message: "Game map cleaning in 1 minute, please pick up all your items.".
[13/09/2014 10:57:59] > Broadcasted message: "Ot on das 07:00 as 00:00".
[13/09/2014 10:58:14] > Broadcasted message: "Para ver a lista de proximos tutores digite !tutores.".
[13/09/2014 10:58:27] > CLEAN: Removed 15 items from 10 tiles in 0.275 seconds.
[13/09/2014 10:58:27] > Broadcasted message: "Map Cleaned.".
[13/09/2014 10:59:32] Magez-linda has logged in.
[13/09/2014 10:59:55] > Broadcasted message: "Para esclarecer algumas duvidas digite !notice, para mais informacoes fale com um [CM]".
[13/09/2014 11:01:36] > Broadcasted message: "Para duvidas, eventos, e futuramente compras E-mail/Msn -> deathpvp@live.com.".
[13/09/2014 11:03:17] > Broadcasted message: "Ot on das 07:00 as 00:00".
[13/09/2014 11:04:26] Shiino Kina has logged out.
[13/09/2014 11:04:30] Shiino Kina has logged in.
[13/09/2014 11:04:40] > Broadcasted message: "Para duvidas, eventos, e futuramente compras E-mail/Msn -> deathpvp@live.com.".
[13/09/2014 11:04:58] > Broadcasted message: "Para duvidas, eventos, e futuramente compras E-mail/Msn -> deathpvp@live.com.".
[13/09/2014 11:05:18] Shiino Kina has logged out.
[13/09/2014 11:05:19] Shiino Kina has logged in.
[13/09/2014 11:06:08] Shiino Kina has logged out.
[13/09/2014 11:06:10] Shiino Kina has logged in.
[13/09/2014 11:06:39] > Broadcasted message: "Para duvidas, eventos, e futuramente compras E-mail/Msn -> deathpvp@live.com.".
[13/09/2014 11:08:20] > Broadcasted message: "Para esclarecer algumas duvidas digite !notice, para mais informacoes fale com um [CM]".
[13/09/2014 11:08:41] Shiino Kina has logged out.
[13/09/2014 11:08:42] Shiino Kina has logged in.
[13/09/2014 11:09:09] Shiino Kina has logged out.
[13/09/2014 11:09:10] Shiino Kina has logged in.
[13/09/2014 11:10:01] > Broadcasted message: "Para comprar bless digite !bless".
[13/09/2014 11:11:21] > Broadcasted message: "Para esclarecer algumas duvidas digite !notice, para mais informacoes fale com um [CM]".
[13/09/2014 11:11:21] > Saving server...
[13/09/2014 11:11:23] > SAVE: Complete in 1.602 seconds using relational house storage.
[13/09/2014 11:11:42] > Broadcasted message: "Para duvidas, eventos, e futuramente compras E-mail/Msn -> deathpvp@live.com.".
[13/09/2014 11:13:23] > Broadcasted message: "Sempre Ao Criar Uma Conta, Pegue A RK Dela No Account Manager Da Conta E Anote, Nunca Passe A Sua Senha Para Outras Pessoas, E Ao Entrar Em Outros OT´s Crie Contas Diferentes Para Não Sofrer HACKED, Não Me Responsabilizo Por Perdas, Obrigado".
[13/09/2014 11:14:37] > Broadcasted message: "Game map cleaning in 1 minute, please pick up all your items.".
[13/09/2014 11:15:04] > Broadcasted message: "Sempre Ao Criar Uma Conta, Pegue A RK Dela No Account Manager Da Conta E Anote, Nunca Passe A Sua Senha Para Outras Pessoas, E Ao Entrar Em Outros OT´s Crie Contas Diferentes Para Não Sofrer HACKED, Não Me Responsabilizo Por Perdas, Obrigado".
[13/09/2014 11:15:08] > CLEAN: Removed 160 items from 229 tiles in 0.169 seconds.
[13/09/2014 11:15:08] > Broadcasted message: "Map Cleaned.".
[13/09/2014 11:16:45] > Broadcasted message: "Para comprar bless digite !bless".
[13/09/2014 11:18:02] > Broadcasted message: "Para ver a lista de proximos tutores digite !tutores.".
[13/09/2014 11:18:26] > Broadcasted message: "Para ver a lista de proximos tutores digite !tutores.".
[13/09/2014 11:20:07] > Broadcasted message: "Ot on das 07:00 as 00:00".
[13/09/2014 11:21:30] Magez-linda has logged out.
[13/09/2014 11:21:46] Magez-linda has logged in.
[13/09/2014 11:21:48] > Broadcasted message: "Novo CLIENTE = http://www.4shared.com/rar/Xvc96eOece/Death_PVP.html".
[13/09/2014 11:23:29] > Broadcasted message: "Para ver a lista de proximos tutores digite !tutores.".
[13/09/2014 11:24:43] > Broadcasted message: "Sempre Ao Criar Uma Conta, Pegue A RK Dela No Account Manager Da Conta E Anote, Nunca Passe A Sua Senha Para Outras Pessoas, E Ao Entrar Em Outros OT´s Crie Contas Diferentes Para Não Sofrer HACKED, Não Me Responsabilizo Por Perdas, Obrigado".
[13/09/2014 11:25:10] > Broadcasted message: "Novo CLIENTE = http://www.4shared.com/rar/Xvc96eOece/Death_PVP.html".
[13/09/2014 11:26:51] > Broadcasted message: "Para esclarecer algumas duvidas digite !notice, para mais informacoes fale com um [CM]".
[13/09/2014 11:28:12] Magez-linda has logged out.
[13/09/2014 11:28:26] Secret Circle has logged in.
[13/09/2014 11:28:32] > Broadcasted message: "Para esclarecer algumas duvidas digite !notice, para mais informacoes fale com um [CM]".
[13/09/2014 11:29:35] Shiino Kina has logged out.
[13/09/2014 11:29:36] Shiino Kina has logged in.
[13/09/2014 11:29:46] Shiino Kina has logged out.
[13/09/2014 11:29:47] Shiino Kina has logged in.
[13/09/2014 11:30:06] Shiino Kina has logged out.
[13/09/2014 11:30:07] Shiino Kina has logged in.
[13/09/2014 11:30:13] > Broadcasted message: "Para duvidas, eventos, e futuramente compras E-mail/Msn -> deathpvp@live.com.".
[13/09/2014 11:31:18] > Broadcasted message: "Game map cleaning in 1 minute, please pick up all your items.".
[13/09/2014 11:31:20] Menina Mal has logged in.
[13/09/2014 11:31:24] > Broadcasted message: "Para duvidas, eventos, e futuramente compras E-mail/Msn -> deathpvp@live.com.".
[13/09/2014 11:31:48] > CLEAN: Removed 1957 items from 1002 tiles in 0.189 seconds.
[13/09/2014 11:31:48] > Broadcasted message: "Map Cleaned.".
[13/09/2014 11:31:54] > Broadcasted message: "Para esclarecer algumas duvidas digite !notice, para mais informacoes fale com um [CM]".
[13/09/2014 11:32:09] Menina Mal has logged out.
[13/09/2014 11:32:18] Menina Mal has logged in.
[13/09/2014 11:32:34] Menina Mal has logged out.
[13/09/2014 11:32:42] Menina Mal has logged in.
[13/09/2014 11:32:55] Menina Mal has logged out.
[13/09/2014 11:33:05] Menina Mal has logged in.
[13/09/2014 11:33:16] Menina Mal has logged out.
[13/09/2014 11:33:35] Menina Mal has logged in.
[13/09/2014 11:33:35] > Broadcasted message: "Para esclarecer algumas duvidas digite !notice, para mais informacoes fale com um [CM]".
[13/09/2014 11:33:53] Menina Mal has logged out.
[13/09/2014 11:34:00] Menina Mal has logged in.
[13/09/2014 11:34:20] Menina Mal has logged out.
[13/09/2014 11:34:42] > Saving server...
[13/09/2014 11:34:44] > SAVE: Complete in 1.649 seconds using relational house storage.
[13/09/2014 11:34:52] Menina Mal has logged in.
[13/09/2014 11:35:01] Menina Mal has logged out.
[13/09/2014 11:35:10] Menina Mal has logged in.
[13/09/2014 11:35:16] > Broadcasted message: "Para comprar bless digite !bless".
[13/09/2014 11:35:21] Menina Mal has logged out.
[13/09/2014 11:35:32] Menina Mal has logged in.
[13/09/2014 11:35:44] Menina Mal has logged out.
[13/09/2014 11:35:45] Shiino Kina has logged out.
[13/09/2014 11:35:47] Shiino Kina has logged in.
[13/09/2014 11:36:08] Menina Mal has logged in.
[13/09/2014 11:36:21] Menina Mal has logged out.
[13/09/2014 11:36:42] Menina Mal has logged in.
[13/09/2014 11:36:57] > Broadcasted message: "Para ver a lista de proximos tutores digite !tutores.".
[13/09/2014 11:37:04] Menina Mal has logged out.
[13/09/2014 11:37:14] Menina Mal has logged in.
[13/09/2014 11:37:24] Menina Mal has logged out.
[13/09/2014 11:37:33] Menina Mal has logged in.
[13/09/2014 11:37:41] Shiino Kina has logged out.
[13/09/2014 11:37:42] Account Manager has logged in.
[13/09/2014 11:37:53] Account Manager has logged out.
[13/09/2014 11:38:00] Shiino has logged in.
[13/09/2014 11:38:05] > Broadcasted message: "Para duvidas, eventos, e futuramente compras E-mail/Msn -> deathpvp@live.com.".
[13/09/2014 11:38:38] > Broadcasted message: "Para esclarecer algumas duvidas digite !notice, para mais informacoes fale com um [CM]".
[13/09/2014 11:38:59] Haddadi has logged in.
[13/09/2014 11:39:20] Haddadi has logged out.
[13/09/2014 11:39:30] Shiino has logged out.
[13/09/2014 11:39:31] Shiino Kina has logged in.
[13/09/2014 11:39:45] Haddadi has logged in.
[13/09/2014 11:40:19] > Broadcasted message: "Para esclarecer algumas duvidas digite !notice, para mais informacoes fale com um [CM]".
[13/09/2014 11:40:28] Shiino Kina has logged out.
[13/09/2014 11:40:29] Shiino has logged in.
[13/09/2014 11:41:15] Menina Mal has logged out.
[13/09/2014 11:41:32] Menina Mal has logged in.
[13/09/2014 11:42:00] > Broadcasted message: "Para duvidas, eventos, e futuramente compras E-mail/Msn -> deathpvp@live.com.".
[13/09/2014 11:42:04] Menina Mal has logged out.
[13/09/2014 11:42:15] Menina Mal has logged in.
[13/09/2014 11:42:18] Account Manager has logged in.
[13/09/2014 11:42:37] Account Manager has logged out.
[13/09/2014 11:42:45] Menina Mal has logged out.
[13/09/2014 11:42:54] Menina Mal has logged in.
[13/09/2014 11:43:19] Menina Mal has logged out.
[13/09/2014 11:43:24] Menina Mal has logged in.
[13/09/2014 11:43:28] Haddadi has logged out.
[13/09/2014 11:43:31] Haddadi has logged in.
[13/09/2014 11:43:31] Haddadi has logged out.
[13/09/2014 11:43:41] > Broadcasted message: "Para ver as noticias fale !notice".
[13/09/2014 11:43:43] Honda has logged in.
[13/09/2014 11:43:51] Menina Mal has logged out.
[13/09/2014 11:43:55] Menina Mal has logged in.
[13/09/2014 11:44:22] Menina Mal has logged out.
[13/09/2014 11:44:27] Menina Mal has logged in.
[13/09/2014 11:44:46] > Broadcasted message: "Sempre Ao Criar Uma Conta, Pegue A RK Dela No Account Manager Da Conta E Anote, Nunca Passe A Sua Senha Para Outras Pessoas, E Ao Entrar Em Outros OT´s Crie Contas Diferentes Para Não Sofrer HACKED, Não Me Responsabilizo Por Perdas, Obrigado".
[13/09/2014 11:44:51] Menina Mal has logged out.
[13/09/2014 11:44:57] Menina Mal has logged in.
[13/09/2014 11:45:21] Menina Mal has logged out.
[13/09/2014 11:45:22] > Broadcasted message: "Para ver as noticias fale !notice".
[13/09/2014 11:45:24] Menina Mal has logged in.
[13/09/2014 11:45:44] Menina Mal has logged out.
[13/09/2014 11:46:15] Menina Mal has logged in.
[13/09/2014 11:46:25] Menina Mal has logged out.
[13/09/2014 11:46:35] Menina Mal has logged in.
[13/09/2014 11:46:44] Shiino has logged out.
[13/09/2014 11:46:46] Shiino has logged in.
[13/09/2014 11:46:48] Menina Mal has logged out.
[13/09/2014 11:47:03] > Broadcasted message: "Ot on das 07:00 as 00:00".
[13/09/2014 11:47:14] Menina Mal has logged in.
[13/09/2014 11:47:27] Secret Circle has logged out.
[13/09/2014 11:47:29] Secret Circle has logged in.
[13/09/2014 11:47:30] Menina Mal has logged out.
[13/09/2014 11:47:41] Menina Mal has logged in.
[13/09/2014 11:47:59] > Broadcasted message: "Game map cleaning in 1 minute, please pick up all your items.".
[13/09/2014 11:48:02] Menina Mal has logged out.
[13/09/2014 11:48:04] Menina Mal has logged in.
[13/09/2014 11:48:23] Menina Mal has logged out.
[13/09/2014 11:48:25] Menina Mal has logged in.
[13/09/2014 11:48:29] > CLEAN: Removed 41 items from 34 tiles in 0.166 seconds.
[13/09/2014 11:48:29] > Broadcasted message: "Map Cleaned.".
[13/09/2014 11:48:42] Menina Mal has logged out.
[13/09/2014 11:48:44] > Broadcasted message: "Sempre Ao Criar Uma Conta, Pegue A RK Dela No Account Manager Da Conta E Anote, Nunca Passe A Sua Senha Para Outras Pessoas, E Ao Entrar Em Outros OT´s Crie Contas Diferentes Para Não Sofrer HACKED, Não Me Responsabilizo Por Perdas, Obrigado".
[13/09/2014 11:48:49] Menina Mal has logged in.
[13/09/2014 11:48:51] Menina Mal has logged out.
[13/09/2014 11:50:25] > Broadcasted message: "Para comprar bless digite !bless".
[13/09/2014 11:51:27] > Broadcasted message: "Para ver a lista de proximos tutores digite !tutores.".
[13/09/2014 11:52:06] > Broadcasted message: "Para ver as noticias fale !notice".
[13/09/2014 11:53:43] Lucas has logged in.
[13/09/2014 11:53:47] > Broadcasted message: "Para ver a lista de proximos tutores digite !tutores.".
[13/09/2014 11:55:28] > Broadcasted message: "Novo CLIENTE = http://www.4shared.com/rar/Xvc96eOece/Death_PVP.html".
[13/09/2014 11:56:45] Secret Circle has logged out.
[13/09/2014 11:56:47] Secret Circle has logged in.
[13/09/2014 11:57:09] > Broadcasted message: "Sempre Ao Criar Uma Conta, Pegue A RK Dela No Account Manager Da Conta E Anote, Nunca Passe A Sua Senha Para Outras Pessoas, E Ao Entrar Em Outros OT´s Crie Contas Diferentes Para Não Sofrer HACKED, Não Me Responsabilizo Por Perdas, Obrigado".
[13/09/2014 11:58:03] > Saving server...
[13/09/2014 11:58:05] > SAVE: Complete in 2.073 seconds using relational house storage.
[13/09/2014 11:58:08] > Broadcasted message: "Para duvidas, eventos, e futuramente compras E-mail/Msn -> deathpvp@live.com.".
[13/09/2014 11:58:11] Secret Circle has logged out.
[13/09/2014 11:58:50] > Broadcasted message: "Novo CLIENTE = http://www.4shared.com/rar/Xvc96eOece/Death_PVP.html".
[13/09/2014 11:59:02] Secret Circle has logged in.
[13/09/2014 11:59:21] Honda has logged out.
[13/09/2014 11:59:23] Honda has logged in.
[13/09/2014 11:59:25] Secret Circle has logged out.
[13/09/2014 11:59:26] Honda has logged out.
[13/09/2014 12:00:08] Lallana has logged in.
[13/09/2014 12:00:31] > Broadcasted message: "Para ver as noticias fale !notice".
[13/09/2014 12:00:46] Menina Mal has logged in.
[13/09/2014 12:02:12] > Broadcasted message: "Sempre Ao Criar Uma Conta, Pegue A RK Dela No Account Manager Da Conta E Anote, Nunca Passe A Sua Senha Para Outras Pessoas, E Ao Entrar Em Outros OT´s Crie Contas Diferentes Para Não Sofrer HACKED, Não Me Responsabilizo Por Perdas, Obrigado".
[13/09/2014 12:03:13] Menina Mal has logged out.
[13/09/2014 12:03:15] Menina Mal has logged in.
[13/09/2014 12:03:53] > Broadcasted message: "Ot on das 07:00 as 00:00".
[13/09/2014 12:04:36] Lucas has logged out.
[13/09/2014 12:04:37] Lucas has logged in.
[13/09/2014 12:04:40] > Broadcasted message: "Game map cleaning in 1 minute, please pick up all your items.".
[13/09/2014 12:04:49] > Broadcasted message: "Para comprar bless digite !bless".
[13/09/2014 12:04:54] Shiino has logged out.
[13/09/2014 12:05:11] > CLEAN: Removed 39 items from 56 tiles in 0.181 seconds.
[13/09/2014 12:05:11] > Broadcasted message: "Map Cleaned.".
[13/09/2014 12:05:34] > Broadcasted message: "Para ver a lista de proximos tutores digite !tutores.".
[13/09/2014 12:06:54] Lucas has logged out.
[13/09/2014 12:06:56] Lucas has logged in.
[13/09/2014 12:06:58] Lallana has logged out.
[13/09/2014 12:07:01] Lallana has logged in.
[13/09/2014 12:07:15] > Broadcasted message: "Para esclarecer algumas duvidas digite !notice, para mais informacoes fale com um [CM]".
[13/09/2014 12:07:29] Lucas has logged out.
[13/09/2014 12:07:30] Lucas has logged in.
[13/09/2014 12:08:56] > Broadcasted message: "Para ver as noticias fale !notice".
[13/09/2014 12:08:59] Lallana has logged out.
[13/09/2014 12:09:01] Lallana has logged in.
[13/09/2014 12:09:15] Menina Mal has logged out.
[13/09/2014 12:09:17] Menina Mal has logged in.
[13/09/2014 12:10:37] > Broadcasted message: "Para ver a lista de proximos tutores digite !tutores.".
[13/09/2014 12:11:30] > Broadcasted message: "Para duvidas, eventos, e futuramente compras E-mail/Msn -> deathpvp@live.com.".
[13/09/2014 12:11:45] Menina Mal has logged out.
[13/09/2014 12:12:18] > Broadcasted message: "Para ver a lista de proximos tutores digite !tutores.".
[13/09/2014 12:13:00] Account Manager has logged in.
[13/09/2014 12:13:03] Account Manager has logged out.
[13/09/2014 12:13:10] Mete Akky has logged in.
[13/09/2014 12:13:59] > Broadcasted message: "Para ver a lista de proximos tutores digite !tutores.".
[13/09/2014 12:15:40] > Broadcasted message: "Novo CLIENTE = http://www.4shared.com/rar/Xvc96eOece/Death_PVP.html".
[13/09/2014 12:15:57] Mete Akky has logged out.
[13/09/2014 12:17:21] > Broadcasted message: "Novo CLIENTE = http://www.4shared.com/rar/Xvc96eOece/Death_PVP.html".
[13/09/2014 12:18:11] > Broadcasted message: "Para comprar bless digite !bless".
[13/09/2014 12:19:02] > Broadcasted message: "Para duvidas, eventos, e futuramente compras E-mail/Msn -> deathpvp@live.com.".
[13/09/2014 12:20:43] > Broadcasted message: "Sempre Ao Criar Uma Conta, Pegue A RK Dela No Account Manager Da Conta E Anote, Nunca Passe A Sua Senha Para Outras Pessoas, E Ao Entrar Em Outros OT´s Crie Contas Diferentes Para Não Sofrer HACKED, Não Me Responsabilizo Por Perdas, Obrigado".
[13/09/2014 12:21:21] > Broadcasted message: "Game map cleaning in 1 minute, please pick up all your items.".
[13/09/2014 12:21:24] > Saving server...
[13/09/2014 12:21:26] > SAVE: Complete in 1.825 seconds using relational house storage.
[13/09/2014 12:21:52] > CLEAN: Removed 32 items from 47 tiles in 0.216 seconds.
[13/09/2014 12:21:52] > Broadcasted message: "Map Cleaned.".
[13/09/2014 12:22:24] > Broadcasted message: "Para ver a lista de proximos tutores digite !tutores.".
[13/09/2014 12:24:05] > Broadcasted message: "Para ver as noticias fale !notice".
[13/09/2014 12:24:52] > Broadcasted message: "Ot on das 07:00 as 00:00".
[13/09/2014 12:25:46] > Broadcasted message: "Sempre Ao Criar Uma Conta, Pegue A RK Dela No Account Manager Da Conta E Anote, Nunca Passe A Sua Senha Para Outras Pessoas, E Ao Entrar Em Outros OT´s Crie Contas Diferentes Para Não Sofrer HACKED, Não Me Responsabilizo Por Perdas, Obrigado".
[13/09/2014 12:26:20] Menina Mal has logged in.
[13/09/2014 12:27:11] Lucas has logged out.
[13/09/2014 12:27:27] > Broadcasted message: "Sempre Ao Criar Uma Conta, Pegue A RK Dela No Account Manager Da Conta E Anote, Nunca Passe A Sua Senha Para Outras Pessoas, E Ao Entrar Em Outros OT´s Crie Contas Diferentes Para Não Sofrer HACKED, Não Me Responsabilizo Por Perdas, Obrigado".
[13/09/2014 12:29:01] Lallana has logged out.
[13/09/2014 12:29:04] Lallana has logged in.
[13/09/2014 12:29:08] > Broadcasted message: "Para esclarecer algumas duvidas digite !notice, para mais informacoes fale com um [CM]".
[13/09/2014 12:30:49] > Broadcasted message: "Novo CLIENTE = http://www.4shared.com/rar/Xvc96eOece/Death_PVP.html".
[13/09/2014 12:31:33] > Broadcasted message: "Novo CLIENTE = http://www.4shared.com/rar/Xvc96eOece/Death_PVP.html".
[13/09/2014 12:32:30] > Broadcasted message: "Novo CLIENTE = http://www.4shared.com/rar/Xvc96eOece/Death_PVP.html".
[13/09/2014 12:33:31] Lallana has logged out.
[13/09/2014 12:33:33] Lallana has logged in.
[13/09/2014 12:34:11] > Broadcasted message: "Para ver as noticias fale !notice".
[13/09/2014 12:35:52] > Broadcasted message: "Novo CLIENTE = http://www.4shared.com/rar/Xvc96eOece/Death_PVP.html".
[13/09/2014 12:36:54] Mete Akky has logged in.
[13/09/2014 12:37:33] > Broadcasted message: "Para comprar bless digite !bless".
[13/09/2014 12:38:02] > Broadcasted message: "Game map cleaning in 1 minute, please pick up all your items.".
[13/09/2014 12:38:07] Lallana has logged out.
[13/09/2014 12:38:10] Lallana has logged in.
[13/09/2014 12:38:14] > Broadcasted message: "Para comprar bless digite !bless".
[13/09/2014 12:38:23] Mete Akky has logged out.
[13/09/2014 12:38:32] > CLEAN: Removed 2 items from 6 tiles in 0.216 seconds.
[13/09/2014 12:38:33] > Broadcasted message: "Map Cleaned.".
[13/09/2014 12:38:34] Magezinha Safadinha has logged in.
[13/09/2014 12:39:13] Menina Mal has logged out.
[13/09/2014 12:39:14] > Broadcasted message: "Para ver a lista de proximos tutores digite !tutores.".
[13/09/2014 12:39:17] Menina Mal has logged in.
[13/09/2014 12:39:44] Account Manager has logged in.
[13/09/2014 12:39:52] Menina Mal has logged out.
[13/09/2014 12:39:59] Lallana has logged out.
[13/09/2014 12:40:00] Account Manager has logged out.
[13/09/2014 12:40:16] Lallana has logged in.
[13/09/2014 12:40:16] Magezinha Safadinha has logged out.
[13/09/2014 12:40:16] Account Manager has logged in.
[13/09/2014 12:40:31] Mete Akky has logged in.
[13/09/2014 12:40:41] Account Manager has logged out.
[13/09/2014 12:40:50] Krusty has logged in.
[13/09/2014 12:40:50] Magez-linda has logged in.
[13/09/2014 12:40:55] > Broadcasted message: "Novo CLIENTE = http://www.4shared.com/rar/Xvc96eOece/Death_PVP.html".
[13/09/2014 12:41:29] Krusty has logged out.
[13/09/2014 12:41:33] Mete Akky has logged out.
[13/09/2014 12:42:36] > Broadcasted message: "Para ver a lista de proximos tutores digite !tutores.".
[13/09/2014 12:43:09] Lallana has logged out.
[13/09/2014 12:43:12] Lallana has logged in.
[13/09/2014 12:44:12] Lallana has logged out.
[13/09/2014 12:44:14] Lallana has logged in.
[13/09/2014 12:44:17] > Broadcasted message: "Para esclarecer algumas duvidas digite !notice, para mais informacoes fale com um [CM]".
[13/09/2014 12:44:45] > Saving server...
[13/09/2014 12:44:47] > SAVE: Complete in 2.056 seconds using relational house storage.
[13/09/2014 12:44:54] Lallana has logged out.
[13/09/2014 12:44:55] > Broadcasted message: "Para ver a lista de proximos tutores digite !tutores.".
[13/09/2014 12:44:59] Lallana has logged in.
[13/09/2014 12:45:17] Nadador Arqueiro has logged in.
[13/09/2014 12:45:58] > Broadcasted message: "Para ver a lista de proximos tutores digite !tutores.".
[13/09/2014 12:47:24] Lallana has logged out.
[13/09/2014 12:47:25] Magez-linda has logged out.
[13/09/2014 12:47:27] Lallana has logged in.
[13/09/2014 12:47:28] Magez-linda has logged in.
[13/09/2014 12:47:39] > Broadcasted message: "Ot on das 07:00 as 00:00".
[13/09/2014 12:49:20] > Broadcasted message: "Sempre Ao Criar Uma Conta, Pegue A RK Dela No Account Manager Da Conta E Anote, Nunca Passe A Sua Senha Para Outras Pessoas, E Ao Entrar Em Outros OT´s Crie Contas Diferentes Para Não Sofrer HACKED, Não Me Responsabilizo Por Perdas, Obrigado".
[13/09/2014 12:49:55] Lallana has logged out.
[13/09/2014 12:49:57] Lallana has logged in.
[13/09/2014 12:50:08] Nadador Arqueiro has logged out.
[13/09/2014 12:50:09] 
[13/09/2014 12:50:09] Lua Script Error: [CreatureScript Interface] 
[13/09/2014 12:50:10] data/creaturescripts/scripts/playerdeath.lua:onDeath
[13/09/2014 12:50:11] 
[13/09/2014 12:50:11] luaGetCreatureName(). Creature not found
[13/09/2014 12:50:11] 
[13/09/2014 12:50:12] Lua Script Error: [CreatureScript Interface] 
[13/09/2014 12:50:13] data/creaturescripts/scripts/playerdeath.lua:onDeath
[13/09/2014 12:50:13] 
[13/09/2014 12:50:13] luaGetCreatureName(). Creature not found
[13/09/2014 12:50:14] Lallana has logged out.
[13/09/2014 12:50:16] Lallana has logged in.
[13/09/2014 12:50:18] Nadador Arqueiro has logged in.
[13/09/2014 12:51:01] > Broadcasted message: "Sempre Ao Criar Uma Conta, Pegue A RK Dela No Account Manager Da Conta E Anote, Nunca Passe A Sua Senha Para Outras Pessoas, E Ao Entrar Em Outros OT´s Crie Contas Diferentes Para Não Sofrer HACKED, Não Me Responsabilizo Por Perdas, Obrigado".
[13/09/2014 12:51:36] > Broadcasted message: "Para comprar bless digite !bless".
[13/09/2014 12:52:03] Nadador Arqueiro has logged out.
[13/09/2014 12:52:06] Nadador Arqueiro has logged in.
[13/09/2014 12:52:42] > Broadcasted message: "Para esclarecer algumas duvidas digite !notice, para mais informacoes fale com um [CM]".
[13/09/2014 12:52:53] Lallana has logged out.
[13/09/2014 12:52:55] Lallana has logged in.
[13/09/2014 12:54:08] Lallana has logged out.
[13/09/2014 12:54:11] Lallana has logged in.
[13/09/2014 12:54:23] > Broadcasted message: "Sempre Ao Criar Uma Conta, Pegue A RK Dela No Account Manager Da Conta E Anote, Nunca Passe A Sua Senha Para Outras Pessoas, E Ao Entrar Em Outros OT´s Crie Contas Diferentes Para Não Sofrer HACKED, Não Me Responsabilizo Por Perdas, Obrigado".
[13/09/2014 12:54:43] > Broadcasted message: "Game map cleaning in 1 minute, please pick up all your items.".
[13/09/2014 12:55:14] > CLEAN: Removed 19 items from 32 tiles in 0.182 seconds.
[13/09/2014 12:55:14] > Broadcasted message: "Map Cleaned.".
[13/09/2014 12:56:04] > Broadcasted message: "Para esclarecer algumas duvidas digite !notice, para mais informacoes fale com um [CM]".
[13/09/2014 12:57:45] > Broadcasted message: "Novo CLIENTE = http://www.4shared.com/rar/Xvc96eOece/Death_PVP.html".
[13/09/2014 12:57:55] Blackgt has logged in.
[13/09/2014 12:58:17] > Broadcasted message: "Para ver as noticias fale !notice".
[13/09/2014 12:59:26] > Broadcasted message: "Novo CLIENTE = http://www.4shared.com/rar/Xvc96eOece/Death_PVP.html".
[13/09/2014 12:59:52] Lallana has logged out.
[13/09/2014 12:59:54] Lallana has logged in.
[13/09/2014 13:00:29] Shiino has logged in.
[13/09/2014 13:01:07] > Broadcasted message: "Ot on das 07:00 as 00:00".
[13/09/2014 13:01:42] Nadador Arqueiro has logged out.
[13/09/2014 13:01:44] Nadador Arqueiro has logged in.
[13/09/2014 13:02:15] Magez-linda has logged out.
[13/09/2014 13:02:38] Secret Circle has logged in.
[13/09/2014 13:02:41] Nadador Arqueiro has logged out.
[13/09/2014 13:02:43] Nadador Arqueiro has logged in.
[13/09/2014 13:02:48] > Broadcasted message: "Novo CLIENTE = http://www.4shared.com/rar/Xvc96eOece/Death_PVP.html".
[13/09/2014 13:03:21] Lallana has logged out.
[13/09/2014 13:03:22] Lallana has logged in.
[13/09/2014 13:03:35] Blackgt has logged out.
[13/09/2014 13:03:36] Blackgt has logged in.
[13/09/2014 13:03:37] Lallana has logged out.
[13/09/2014 13:03:40] Lallana has logged in.
[13/09/2014 13:03:50] Lallana has logged out.
[13/09/2014 13:03:53] Lallana has logged in.
[13/09/2014 13:04:20] Menina Mal has logged in.
[13/09/2014 13:04:23] Lallana has logged out.
[13/09/2014 13:04:25] Lallana has logged in.
[13/09/2014 13:04:29] > Broadcasted message: "Para comprar bless digite !bless".
[13/09/2014 13:04:40] Blackgt has logged out.
[13/09/2014 13:04:42] Blackgt has logged in.
[13/09/2014 13:04:58] Shiino has logged out.
[13/09/2014 13:04:58] > Broadcasted message: "Ot on das 07:00 as 00:00".
[13/09/2014 13:05:00] Shiino has logged in.
[13/09/2014 13:05:04] Secret Circle has logged out.
[13/09/2014 13:05:07] Secret Circle has logged in.
[13/09/2014 13:05:19] Lallana has logged out.
[13/09/2014 13:05:21] Lallana has logged in.
[13/09/2014 13:05:42] Secret Circle has logged out.
[13/09/2014 13:05:46] Secret Circle has logged in.
[13/09/2014 13:06:04] Shiino has logged out.
[13/09/2014 13:06:05] Shiino has logged in.
[13/09/2014 13:06:10] > Broadcasted message: "Para esclarecer algumas duvidas digite !notice, para mais informacoes fale com um [CM]".
[13/09/2014 13:06:18] Menina Mal has logged out.
[13/09/2014 13:06:23] Menina Mal has logged in.
[13/09/2014 13:06:51] Lallana has logged out.
[13/09/2014 13:06:59] Lallana has logged in.
[13/09/2014 13:07:33] Menina Mal has logged out.
[13/09/2014 13:07:37] Menina Mal has logged in.
[13/09/2014 13:07:46] Menina Mal has logged out.
[13/09/2014 13:07:50] Menina Mal has logged in.
[13/09/2014 13:07:51] > Broadcasted message: "Para comprar bless digite !bless".
[13/09/2014 13:07:52] Honda has logged in.
[13/09/2014 13:08:04] Menina Mal has logged out.
[13/09/2014 13:08:06] > Saving server...
[13/09/2014 13:08:09] > SAVE: Complete in 2.37 seconds using relational house storage.
[13/09/2014 13:08:10] Menina Mal has logged in.
[13/09/2014 13:08:18] Menina Mal has logged out.
[13/09/2014 13:08:22] Menina Mal has logged in.
[13/09/2014 13:08:30] Menina Mal has logged out.
[13/09/2014 13:08:34] Menina Mal has logged in.
[13/09/2014 13:08:37] Shiino has logged out.
[13/09/2014 13:08:38] Shiino has logged in.
[13/09/2014 13:08:42] Menina Mal has logged out.
[13/09/2014 13:08:46] Menina Mal has logged in.
[13/09/2014 13:08:50] Honda has logged out.
[13/09/2014 13:08:54] Menina Mal has logged out.
[13/09/2014 13:08:58] Menina Mal has logged in.
[13/09/2014 13:09:05] Menina Mal has logged out.
[13/09/2014 13:09:10] Menina Mal has logged in.
[13/09/2014 13:09:10] Honda has logged in.
[13/09/2014 13:09:19] Menina Mal has logged out.
[13/09/2014 13:09:32] > Broadcasted message: "Ot on das 07:00 as 00:00".
[13/09/2014 13:10:00] Honda has logged out.
[13/09/2014 13:10:13] Honda has logged in.
[13/09/2014 13:10:52] Honda has logged out.
[13/09/2014 13:11:13] > Broadcasted message: "Sempre Ao Criar Uma Conta, Pegue A RK Dela No Account Manager Da Conta E Anote, Nunca Passe A Sua Senha Para Outras Pessoas, E Ao Entrar Em Outros OT´s Crie Contas Diferentes Para Não Sofrer HACKED, Não Me Responsabilizo Por Perdas, Obrigado".
[13/09/2014 13:11:20] Honda has logged in.
[13/09/2014 13:11:24] > Broadcasted message: "Game map cleaning in 1 minute, please pick up all your items.".
[13/09/2014 13:11:39] > Broadcasted message: "Sempre Ao Criar Uma Conta, Pegue A RK Dela No Account Manager Da Conta E Anote, Nunca Passe A Sua Senha Para Outras Pessoas, E Ao Entrar Em Outros OT´s Crie Contas Diferentes Para Não Sofrer HACKED, Não Me Responsabilizo Por Perdas, Obrigado".
[13/09/2014 13:11:52] Blackgt has logged out.
[13/09/2014 13:11:54] Blackgt has logged in.
[13/09/2014 13:11:55] > CLEAN: Removed 51 items from 52 tiles in 0.204 seconds.
[13/09/2014 13:11:55] > Broadcasted message: "Map Cleaned.".
[13/09/2014 13:12:40] Honda has logged out.
[13/09/2014 13:12:54] > Broadcasted message: "Ot on das 07:00 as 00:00".
[13/09/2014 13:13:43] Menina Mal has logged in.
[13/09/2014 13:13:43] Account Manager has logged in.
[13/09/2014 13:13:47] Account Manager has logged out.
[13/09/2014 13:13:49] Lucas has logged in.
[13/09/2014 13:14:03] Menina Mal has logged out.
[13/09/2014 13:14:06] Menina Mal has logged in.
[13/09/2014 13:14:25] Menina Mal has logged out.
[13/09/2014 13:14:28] Menina Mal has logged in.
[13/09/2014 13:14:35] > Broadcasted message: "Para comprar bless digite !bless".
[13/09/2014 13:14:57] Menina Mal has logged out.
[13/09/2014 13:15:09] Menina Mal has logged in.
[13/09/2014 13:15:25] Menina Mal has logged out.
[13/09/2014 13:15:32] Menina Mal has logged in.
[13/09/2014 13:15:34] Nadador Arqueiro has logged out.
[13/09/2014 13:15:36] Lucas has logged out.
[13/09/2014 13:15:37] Nadador Arqueiro has logged in.
[13/09/2014 13:15:57] Menina Mal has logged out.
[13/09/2014 13:16:00] Menina Mal has logged in.
[13/09/2014 13:16:16] > Broadcasted message: "Para esclarecer algumas duvidas digite !notice, para mais informacoes fale com um [CM]".
[13/09/2014 13:16:19] Menina Mal has logged out.
[13/09/2014 13:16:21] Menina Mal has logged in.
[13/09/2014 13:16:37] Menina Mal has logged out.
[13/09/2014 13:16:40] Menina Mal has logged in.
[13/09/2014 13:16:54] Menina Mal has logged out.
[13/09/2014 13:16:56] Menina Mal has logged in.
[13/09/2014 13:17:12] Menina Mal has logged out.
[13/09/2014 13:17:14] Menina Mal has logged in.
[13/09/2014 13:17:28] Menina Mal has logged out.
[13/09/2014 13:17:30] Menina Mal has logged in.
[13/09/2014 13:17:40] Menina Mal has logged out.
[13/09/2014 13:17:42] Menina Mal has logged in.
[13/09/2014 13:17:57] > Broadcasted message: "Para comprar bless digite !bless".
[13/09/2014 13:18:00] Menina Mal has logged out.
[13/09/2014 13:18:05] Menina Mal has logged in.
[13/09/2014 13:18:17] Menina Mal has logged out.
[13/09/2014 13:18:20] > Broadcasted message: "Para esclarecer algumas duvidas digite !notice, para mais informacoes fale com um [CM]".
[13/09/2014 13:18:41] Nadador Arqueiro has logged out.
[13/09/2014 13:18:45] Nadador Arqueiro has logged in.
[13/09/2014 13:18:52] Honda has logged in.
[13/09/2014 13:18:53] Honda has logged out.
[13/09/2014 13:18:59] Haddadi has logged in.
[13/09/2014 13:19:00] Secret Circle has logged out.
[13/09/2014 13:19:02] Secret Circle has logged in.
[13/09/2014 13:19:04] Lucas has logged in.
[13/09/2014 13:19:08] Haddadi has logged out.
[13/09/2014 13:19:38] > Broadcasted message: "Novo CLIENTE = http://www.4shared.com/rar/Xvc96eOece/Death_PVP.html".
[13/09/2014 13:20:06] Lucas has logged out.
[13/09/2014 13:20:07] Lucas has logged in.
[13/09/2014 13:20:15] Lallana has logged out.
[13/09/2014 13:20:19] Lallana has logged in.
[13/09/2014 13:21:02] Blackgt has logged out.
[13/09/2014 13:21:05] Blackgt has logged in.
[13/09/2014 13:21:19] > Broadcasted message: "Sempre Ao Criar Uma Conta, Pegue A RK Dela No Account Manager Da Conta E Anote, Nunca Passe A Sua Senha Para Outras Pessoas, E Ao Entrar Em Outros OT´s Crie Contas Diferentes Para Não Sofrer HACKED, Não Me Responsabilizo Por Perdas, Obrigado".
[13/09/2014 13:21:35] Secret Circle has logged out.
[13/09/2014 13:21:38] Secret Circle has logged in.
[13/09/2014 13:21:40] Blackgt has logged out.
[13/09/2014 13:21:42] Blackgt has logged in.
[13/09/2014 13:22:28] Blackgt has logged out.
[13/09/2014 13:22:30] Blackgt has logged in.
[13/09/2014 13:23:00] > Broadcasted message: "Para esclarecer algumas duvidas digite !notice, para mais informacoes fale com um [CM]".
[13/09/2014 13:23:12] Lallana has logged out.
[13/09/2014 13:23:14] Blackgt has logged out.
[13/09/2014 13:23:17] Blackgt has logged in.
[13/09/2014 13:23:17] Lallana has logged in.
[13/09/2014 13:23:52] Lucas has logged out.
[13/09/2014 13:23:53] 
[13/09/2014 13:23:53] Lua Script Error: [CreatureScript Interface] 
[13/09/2014 13:23:53] data/creaturescripts/scripts/playerdeath.lua:onDeath
[13/09/2014 13:23:53] 
[13/09/2014 13:23:53] luaGetCreatureName(). Creature not found
[13/09/2014 13:23:53] 
[13/09/2014 13:23:53] Lua Script Error: [CreatureScript Interface] 
[13/09/2014 13:23:54] data/creaturescripts/scripts/playerdeath.lua:onDeath
[13/09/2014 13:23:54] 
[13/09/2014 13:23:54] luaGetCreatureName(). Creature not found
[13/09/2014 13:23:55] Lallana has logged out.
[13/09/2014 13:23:56] Lucas has logged in.
[13/09/2014 13:23:57] Lallana has logged in.
[13/09/2014 13:24:40] Lucas has logged out.
[13/09/2014 13:24:41] > Broadcasted message: "Para duvidas, eventos, e futuramente compras E-mail/Msn -> deathpvp@live.com.".
[13/09/2014 13:24:42] Lucas has logged in.
[13/09/2014 13:24:54] Lucas has logged out.
[13/09/2014 13:24:56] Lucas has logged in.
[13/09/2014 13:25:01] > Broadcasted message: "Para esclarecer algumas duvidas digite !notice, para mais informacoes fale com um [CM]".
[13/09/2014 13:25:56] Shiino has logged out.
[13/09/2014 13:25:58] Shiino has logged in.
[13/09/2014 13:26:22] > Broadcasted message: "Sempre Ao Criar Uma Conta, Pegue A RK Dela No Account Manager Da Conta E Anote, Nunca Passe A Sua Senha Para Outras Pessoas, E Ao Entrar Em Outros OT´s Crie Contas Diferentes Para Não Sofrer HACKED, Não Me Responsabilizo Por Perdas, Obrigado".
[13/09/2014 13:27:46] Blackgt has logged out.
[13/09/2014 13:27:48] Blackgt has logged in.
[13/09/2014 13:28:03] > Broadcasted message: "Para comprar bless digite !bless".
[13/09/2014 13:28:05] > Broadcasted message: "Game map cleaning in 1 minute, please pick up all your items.".
[13/09/2014 13:28:06] Blackgt has logged out.
[13/09/2014 13:28:08] Blackgt has logged in.
[13/09/2014 13:28:35] > CLEAN: Removed 115 items from 116 tiles in 0.286 seconds.
[13/09/2014 13:28:36] > Broadcasted message: "Map Cleaned.".
[13/09/2014 13:28:57] Secret Circle has logged out.
[13/09/2014 13:28:59] Secret Circle has logged in.
[13/09/2014 13:29:44] > Broadcasted message: "Para comprar bless digite !bless".
[13/09/2014 13:29:53] Lallana has logged out.
[13/09/2014 13:29:58] Lallana has logged in.
[13/09/2014 13:30:30] Blackgt has logged out.
[13/09/2014 13:30:32] Blackgt has logged in.
[13/09/2014 13:30:49] Lallana has logged out.
[13/09/2014 13:30:53] Lallana has logged in.
[13/09/2014 13:31:25] > Broadcasted message: "Ot on das 07:00 as 00:00".
[13/09/2014 13:31:26] Secret Circle has logged out.
[13/09/2014 13:31:27] > Saving server...
[13/09/2014 13:31:29] > SAVE: Complete in 2.187 seconds using relational house storage.
[13/09/2014 13:31:39] Lucas has logged out.
[13/09/2014 13:31:42] > Broadcasted message: "Ot on das 07:00 as 00:00".
[13/09/2014 13:31:51] Secret Circle has logged in.
[13/09/2014 13:32:03] Lallana has logged out.
[13/09/2014 13:32:03] Blackgt has logged out.
[13/09/2014 13:32:05] Blackgt has logged in.
[13/09/2014 13:32:06] Lallana has logged in.
[13/09/2014 13:32:50] Blackgt has logged out.
[13/09/2014 13:32:52] Blackgt has logged in.
[13/09/2014 13:33:06] > Broadcasted message: "Para ver as noticias fale !notice".
[13/09/2014 13:33:34] Secret Circle has logged out.
[13/09/2014 13:33:35] Nadador Arqueiro has logged out.
[13/09/2014 13:33:36] Secret Circle has logged in.
[13/09/2014 13:33:37] Nadador Arqueiro has logged in.
[13/09/2014 13:33:52] Secret Circle has logged out.
[13/09/2014 13:33:53] Secret Circle has logged in.
[13/09/2014 13:34:47] > Broadcasted message: "Para ver a lista de proximos tutores digite !tutores.".
[13/09/2014 13:35:06] Lallana has logged out.
[13/09/2014 13:35:10] Lallana has logged in.
[13/09/2014 13:35:49] Blackgt has logged out.
[13/09/2014 13:35:52] Blackgt has logged in.
[13/09/2014 13:36:28] > Broadcasted message: "Para duvidas, eventos, e futuramente compras E-mail/Msn -> deathpvp@live.com.".
[13/09/2014 13:37:32] Leigue Of Draven has logged in.
[13/09/2014 13:38:09] > Broadcasted message: "Para comprar bless digite !bless".
[13/09/2014 13:38:23] > Broadcasted message: "Para duvidas, eventos, e futuramente compras E-mail/Msn -> deathpvp@live.com.".
[13/09/2014 13:39:50] > Broadcasted message: "Para ver as noticias fale !notice".
[13/09/2014 13:41:31] > Broadcasted message: "Para esclarecer algumas duvidas digite !notice, para mais informacoes fale com um [CM]".
[13/09/2014 13:41:58] Shiino has logged out.
[13/09/2014 13:41:59] Leigue Of Draven has logged out.
[13/09/2014 13:42:01] Shiino has logged in.
[13/09/2014 13:42:01] Leigue Of Draven has logged in.
[13/09/2014 13:43:05] Lallana has logged out.
[13/09/2014 13:43:08] Lallana has logged in.
[13/09/2014 13:43:12] > Broadcasted message: "Novo CLIENTE = http://www.4shared.com/rar/Xvc96eOece/Death_PVP.html".
[13/09/2014 13:44:46] > Broadcasted message: "Game map cleaning in 1 minute, please pick up all your items.".
[13/09/2014 13:44:53] > Broadcasted message: "Para esclarecer algumas duvidas digite !notice, para mais informacoes fale com um [CM]".
[13/09/2014 13:45:04] > Broadcasted message: "Sempre Ao Criar Uma Conta, Pegue A RK Dela No Account Manager Da Conta E Anote, Nunca Passe A Sua Senha Para Outras Pessoas, E Ao Entrar Em Outros OT´s Crie Contas Diferentes Para Não Sofrer HACKED, Não Me Responsabilizo Por Perdas, Obrigado".
[13/09/2014 13:45:17] > CLEAN: Removed 27 items from 58 tiles in 0.171 seconds.
[13/09/2014 13:45:17] > Broadcasted message: "Map Cleaned.".
[13/09/2014 13:45:27] Secret Circle has logged out.
[13/09/2014 13:45:29] Secret Circle has logged in.
[13/09/2014 13:46:34] > Broadcasted message: "Para ver a lista de proximos tutores digite !tutores.".
[13/09/2014 13:46:42] Secret Circle has logged out.
[13/09/2014 13:47:28] Magez-linda has logged in.
[13/09/2014 13:47:48] Leigue Of Draven has logged out.
[13/09/2014 13:47:52] Leigue Of Draven has logged in.
[13/09/2014 13:48:15] > Broadcasted message: "Para ver as noticias fale !notice".
[13/09/2014 13:48:40] Nadador Arqueiro has logged out.
[13/09/2014 13:48:42] Nadador Arqueiro has logged in.
[13/09/2014 13:49:56] > Broadcasted message: "Para comprar bless digite !bless".
[13/09/2014 13:49:57] Leigue Of Draven has logged out.
[13/09/2014 13:49:59] Leigue Of Draven has logged in.
[13/09/2014 13:50:34] Shiino has logged out.
[13/09/2014 13:50:35] Shiino has logged in.
[13/09/2014 13:51:37] > Broadcasted message: "Novo CLIENTE = http://www.4shared.com/rar/Xvc96eOece/Death_PVP.html".
[13/09/2014 13:51:45] > Broadcasted message: "Para duvidas, eventos, e futuramente compras E-mail/Msn -> deathpvp@live.com.".
[13/09/2014 13:52:35] Rei da Buceta has logged in.
[13/09/2014 13:53:16] Rei da Buceta has logged out.
[13/09/2014 13:53:18] > Broadcasted message: "Sempre Ao Criar Uma Conta, Pegue A RK Dela No Account Manager Da Conta E Anote, Nunca Passe A Sua Senha Para Outras Pessoas, E Ao Entrar Em Outros OT´s Crie Contas Diferentes Para Não Sofrer HACKED, Não Me Responsabilizo Por Perdas, Obrigado".
[13/09/2014 13:53:39] Blackgt has logged out.
[13/09/2014 13:53:41] Blackgt has logged in.
[13/09/2014 13:54:20] Blackgt has logged out.
[13/09/2014 13:54:32] Kina Rullex has logged in.
[13/09/2014 13:54:48] > Saving server...
[13/09/2014 13:54:50] > SAVE: Complete in 2.345 seconds using relational house storage.
[13/09/2014 13:54:59] > Broadcasted message: "Novo CLIENTE = http://www.4shared.com/rar/Xvc96eOece/Death_PVP.html".
[13/09/2014 13:55:04] Kina Rullex has logged out.
[13/09/2014 13:55:18] Druid Rullex has logged in.
[13/09/2014 13:55:25] Shiino has logged out.
[13/09/2014 13:55:26] Shiino has logged in.
[13/09/2014 13:55:28] Druid Rullex has logged out.
[13/09/2014 13:55:38] Druid Avassalador has logged in.
[13/09/2014 13:56:06] Druid Avassalador has logged out.
[13/09/2014 13:56:13] Blackgt has logged in.
[13/09/2014 13:56:40] > Broadcasted message: "Sempre Ao Criar Uma Conta, Pegue A RK Dela No Account Manager Da Conta E Anote, Nunca Passe A Sua Senha Para Outras Pessoas, E Ao Entrar Em Outros OT´s Crie Contas Diferentes Para Não Sofrer HACKED, Não Me Responsabilizo Por Perdas, Obrigado".
[13/09/2014 13:58:19] Mete Akky has logged in.
[13/09/2014 13:58:21] > Broadcasted message: "Para ver a lista de proximos tutores digite !tutores.".
[13/09/2014 13:58:26] > Broadcasted message: "Para esclarecer algumas duvidas digite !notice, para mais informacoes fale com um [CM]".
[13/09/2014 13:58:32] Mete Akky has logged out.
[13/09/2014 13:58:33] Mete Akky has logged in.
[13/09/2014 14:00:02] > Broadcasted message: "Sempre Ao Criar Uma Conta, Pegue A RK Dela No Account Manager Da Conta E Anote, Nunca Passe A Sua Senha Para Outras Pessoas, E Ao Entrar Em Outros OT´s Crie Contas Diferentes Para Não Sofrer HACKED, Não Me Responsabilizo Por Perdas, Obrigado".
[13/09/2014 14:00:36] Blackgt has logged out.
[13/09/2014 14:00:38] Blackgt has logged in.
[13/09/2014 14:01:27] > Broadcasted message: "Game map cleaning in 1 minute, please pick up all your items.".
[13/09/2014 14:01:34] Blackgt has logged out.
[13/09/2014 14:01:37] Blackgt has logged in.
[13/09/2014 14:01:43] > Broadcasted message: "Para ver a lista de proximos tutores digite !tutores.".
[13/09/2014 14:01:56] Blackgt has logged out.
[13/09/2014 14:01:56] 
[13/09/2014 14:01:56] Lua Script Error: [Spell Interface] 
[13/09/2014 14:01:57] in a timer event called from: 
[13/09/2014 14:01:57] data/spells/scripts/max power rune.lua:onCastSpell
[13/09/2014 14:01:57] 
[13/09/2014 14:01:57] luaDoCombat(). Creature not found
[13/09/2014 14:01:57] 
[13/09/2014 14:01:57] Lua Script Error: [Spell Interface] 
[13/09/2014 14:01:57] in a timer event called from: 
[13/09/2014 14:01:57] data/spells/scripts/max power rune.lua:onCastSpell
[13/09/2014 14:01:58] 
[13/09/2014 14:01:58] luaDoCombat(). Creature not found
[13/09/2014 14:01:58] 
[13/09/2014 14:01:58] Lua Script Error: [Spell Interface] 
[13/09/2014 14:01:58] in a timer event called from: 
[13/09/2014 14:01:58] data/spells/scripts/max power rune.lua:onCastSpell
[13/09/2014 14:01:58] 
[13/09/2014 14:01:58] luaDoCombat(). Creature not found
[13/09/2014 14:01:59] 
[13/09/2014 14:01:59] Lua Script Error: [Spell Interface] 
[13/09/2014 14:01:59] in a timer event called from: 
[13/09/2014 14:01:59] data/spells/scripts/max power rune.lua:onCastSpell
[13/09/2014 14:01:59] 
[13/09/2014 14:01:59] luaDoCombat(). Creature not found
[13/09/2014 14:01:59] > CLEAN: Removed 10 items from 34 tiles in 0.152 seconds.
[13/09/2014 14:02:00] > Broadcasted message: "Map Cleaned.".
[13/09/2014 14:02:01] Blackgt has logged in.
[13/09/2014 14:02:37] Mete Akky has logged out.
[13/09/2014 14:02:39] Mete Akky has logged in.
[13/09/2014 14:02:50] Nadador Arqueiro has logged out.
[13/09/2014 14:02:50] 
[13/09/2014 14:02:50] Lua Script Error: [Spell Interface] 
[13/09/2014 14:02:50] in a timer event called from: 
[13/09/2014 14:02:50] data/spells/scripts/anti-materia.lua:onCastSpell
[13/09/2014 14:02:51] 
[13/09/2014 14:02:51] luaDoCombat(). Creature not found
[13/09/2014 14:02:51] 
[13/09/2014 14:02:51] Lua Script Error: [Spell Interface] 
[13/09/2014 14:02:51] in a timer event called from: 
[13/09/2014 14:02:51] data/spells/scripts/anti-materia.lua:onCastSpell
[13/09/2014 14:02:51] 
[13/09/2014 14:02:51] luaDoCombat(). Creature not found
[13/09/2014 14:02:52] 
[13/09/2014 14:02:52] Lua Script Error: [Spell Interface] 
[13/09/2014 14:02:52] in a timer event called from: 
[13/09/2014 14:02:52] data/spells/scripts/anti-materia.lua:onCastSpell
[13/09/2014 14:02:52] 
[13/09/2014 14:02:52] luaDoCombat(). Creature not found
[13/09/2014 14:02:52] 
[13/09/2014 14:02:52] Lua Script Error: [Spell Interface] 
[13/09/2014 14:02:53] in a timer event called from: 
[13/09/2014 14:02:53] data/spells/scripts/anti-materia.lua:onCastSpell
[13/09/2014 14:02:53] 
[13/09/2014 14:02:53] luaDoCombat(). Creature not found
[13/09/2014 14:02:53] 
[13/09/2014 14:02:53] Lua Script Error: [Spell Interface] 
[13/09/2014 14:02:53] in a timer event called from: 
[13/09/2014 14:02:53] data/spells/scripts/anti-materia.lua:onCastSpell
[13/09/2014 14:02:54] 
[13/09/2014 14:02:54] luaDoCombat(). Creature not found
[13/09/2014 14:02:54] 
[13/09/2014 14:02:54] Lua Script Error: [Spell Interface] 
[13/09/2014 14:02:54] in a timer event called from: 
[13/09/2014 14:02:54] data/spells/scripts/anti-materia.lua:onCastSpell
[13/09/2014 14:02:54] 
[13/09/2014 14:02:54] luaDoCombat(). Creature not found
[13/09/2014 14:02:55] Nadador Arqueiro has logged in.
[13/09/2014 14:03:24] > Broadcasted message: "Sempre Ao Criar Uma Conta, Pegue A RK Dela No Account Manager Da Conta E Anote, Nunca Passe A Sua Senha Para Outras Pessoas, E Ao Entrar Em Outros OT´s Crie Contas Diferentes Para Não Sofrer HACKED, Não Me Responsabilizo Por Perdas, Obrigado".
[13/09/2014 14:03:58] Blackgt has logged out.
[13/09/2014 14:04:01] Blackgt has logged in.
[13/09/2014 14:04:39] Mete Akky has logged out.
[13/09/2014 14:04:42] Mete Akky has logged in.
[13/09/2014 14:04:58] Nadador Arqueiro has logged out.
[13/09/2014 14:04:58] Mete Akky has logged out.
[13/09/2014 14:04:59] Mete Akky has logged in.
[13/09/2014 14:05:00] Nadador Arqueiro has logged in.
[13/09/2014 14:05:05] > Broadcasted message: "Para ver a lista de proximos tutores digite !tutores.".
[13/09/2014 14:05:07] > Broadcasted message: "Para ver as noticias fale !notice".
[13/09/2014 14:06:32] Mete Akky has logged out.
[13/09/2014 14:06:44] To De Boa has logged in.
[13/09/2014 14:06:46] > Broadcasted message: "Ot on das 07:00 as 00:00".
[13/09/2014 14:08:08] Leigue Of Draven has logged out.
[13/09/2014 14:08:10] Leigue Of Draven has logged in.
[13/09/2014 14:08:27] > Broadcasted message: "Novo CLIENTE = http://www.4shared.com/rar/Xvc96eOece/Death_PVP.html".
[13/09/2014 14:09:30] To De Boa has logged out.
[13/09/2014 14:09:31] To De Boa has logged in.
[13/09/2014 14:09:54] Blackgt has logged out.
[13/09/2014 14:09:56] Blackgt has logged in.
[13/09/2014 14:10:08] > Broadcasted message: "Para ver as noticias fale !notice".
[13/09/2014 14:10:20] Lallana has logged out.
[13/09/2014 14:11:35] Leigue Of Draven has logged out.
[13/09/2014 14:11:38] Leigue Of Draven has logged in.
[13/09/2014 14:11:48] > Broadcasted message: "Para duvidas, eventos, e futuramente compras E-mail/Msn -> deathpvp@live.com.".
[13/09/2014 14:11:50] > Broadcasted message: "Para comprar bless digite !bless".
[13/09/2014 14:13:00] To De Boa has logged out.
[13/09/2014 14:13:01] To De Boa has logged in.
[13/09/2014 14:13:14] To De Boa has logged out.
[13/09/2014 14:13:16] To De Boa has logged in.
[13/09/2014 14:13:31] > Broadcasted message: "Para duvidas, eventos, e futuramente compras E-mail/Msn -> deathpvp@live.com.".
[13/09/2014 14:14:06] To De Boa has logged out.
[13/09/2014 14:14:08] Magezinha Safadinha has logged in.
[13/09/2014 14:15:09] Secret Circle has logged in.
[13/09/2014 14:15:12] > Broadcasted message: "Novo CLIENTE = http://www.4shared.com/rar/Xvc96eOece/Death_PVP.html".
[13/09/2014 14:15:43] Secret Circle has logged out.
[13/09/2014 14:16:53] > Broadcasted message: "Para ver a lista de proximos tutores digite !tutores.".
[13/09/2014 14:17:21] Nadador Arqueiro has logged out.
[13/09/2014 14:17:24] Nadador Arqueiro has logged in.
[13/09/2014 14:18:04] Nadador Arqueiro has logged out.
[13/09/2014 14:18:07] Nadador Arqueiro has logged in.
[13/09/2014 14:18:08] > Broadcasted message: "Game map cleaning in 1 minute, please pick up all your items.".
[13/09/2014 14:18:09] > Saving server...
[13/09/2014 14:18:12] > SAVE: Complete in 2.285 seconds using relational house storage.
[13/09/2014 14:18:29] > Broadcasted message: "Para esclarecer algumas duvidas digite !notice, para mais informacoes fale com um [CM]".
[13/09/2014 14:18:34] > Broadcasted message: "Sempre Ao Criar Uma Conta, Pegue A RK Dela No Account Manager Da Conta E Anote, Nunca Passe A Sua Senha Para Outras Pessoas, E Ao Entrar Em Outros OT´s Crie Contas Diferentes Para Não Sofrer HACKED, Não Me Responsabilizo Por Perdas, Obrigado".
[13/09/2014 14:18:39] > CLEAN: Removed 66 items from 93 tiles in 0.166 seconds.
[13/09/2014 14:18:39] > Broadcasted message: "Map Cleaned.".
[13/09/2014 14:19:36] Magezinha Safadinha has logged out.
[13/09/2014 14:19:40] Magezinha Safadinha has logged in.
[13/09/2014 14:19:43] Magezinha Safadinha has logged out.
[13/09/2014 14:19:44] To De Boa has logged in.
[13/09/2014 14:20:15] > Broadcasted message: "Para duvidas, eventos, e futuramente compras E-mail/Msn -> deathpvp@live.com.".
[13/09/2014 14:20:34] Blackgt has logged out.
[13/09/2014 14:20:36] Blackgt has logged in.
[13/09/2014 14:20:41] To De Boa has logged out.
[13/09/2014 14:20:43] Magezinha Safadinha has logged in.
[13/09/2014 14:21:45] Blackgt has logged out.
[13/09/2014 14:21:50] Magezinha Safadinha has logged out.
[13/09/2014 14:21:51] Magezinha Safadinha has logged in.
[13/09/2014 14:21:56] > Broadcasted message: "Sempre Ao Criar Uma Conta, Pegue A RK Dela No Account Manager Da Conta E Anote, Nunca Passe A Sua Senha Para Outras Pessoas, E Ao Entrar Em Outros OT´s Crie Contas Diferentes Para Não Sofrer HACKED, Não Me Responsabilizo Por Perdas, Obrigado".
[13/09/2014 14:22:05] Magezinha Safadinha has logged out.
[13/09/2014 14:22:07] To De Boa has logged in.
[13/09/2014 14:22:46] Druid Avassalador has logged in.
[13/09/2014 14:23:37] > Broadcasted message: "Para ver as noticias fale !notice".
[13/09/2014 14:24:16] Leigue Of Draven has logged out.
[13/09/2014 14:24:17] Leigue Of Draven has logged in.
[13/09/2014 14:25:10] > Broadcasted message: "Novo CLIENTE = http://www.4shared.com/rar/Xvc96eOece/Death_PVP.html".
[13/09/2014 14:25:18] > Broadcasted message: "Para esclarecer algumas duvidas digite !notice, para mais informacoes fale com um [CM]".
[13/09/2014 14:25:43] Leigue Of Draven has logged out.
[13/09/2014 14:25:45] Leigue Of Draven has logged in.
[13/09/2014 14:26:07] To De Boa has logged out.
[13/09/2014 14:26:08] To De Boa has logged in.
[13/09/2014 14:26:59] > Broadcasted message: "Para esclarecer algumas duvidas digite !notice, para mais informacoes fale com um [CM]".
[13/09/2014 14:27:28] To De Boa has logged out.
[13/09/2014 14:27:29] To De Boa has logged in.
[13/09/2014 14:27:55] Leigue Of Draven has logged out.
[13/09/2014 14:28:07] Leigue Of Draven has logged in.
[13/09/2014 14:28:40] > Broadcasted message: "Para ver a lista de proximos tutores digite !tutores.".
[13/09/2014 14:30:13] Leigue Of Draven has logged out.
[13/09/2014 14:30:21] Leigue Of Draven has logged in.
[13/09/2014 14:30:21] > Broadcasted message: "Para comprar bless digite !bless".
[13/09/2014 14:31:32] Leigue Of Draven has logged out.
[13/09/2014 14:31:37] Leigue Of Draven has logged in.
[13/09/2014 14:31:47] Magez-linda has logged out.
[13/09/2014 14:31:50] Magez-linda has logged in.
[13/09/2014 14:31:51] > Broadcasted message: "Para comprar bless digite !bless".
[13/09/2014 14:32:02] Leigue Of Draven has logged out.
[13/09/2014 14:32:02] > Broadcasted message: "Para esclarecer algumas duvidas digite !notice, para mais informacoes fale com um [CM]".
[13/09/2014 14:33:07] Shiino has logged out.
[13/09/2014 14:33:09] Shiino has logged in.
[13/09/2014 14:33:43] > Broadcasted message: "Sempre Ao Criar Uma Conta, Pegue A RK Dela No Account Manager Da Conta E Anote, Nunca Passe A Sua Senha Para Outras Pessoas, E Ao Entrar Em Outros OT´s Crie Contas Diferentes Para Não Sofrer HACKED, Não Me Responsabilizo Por Perdas, Obrigado".
[13/09/2014 14:34:49] > Broadcasted message: "Game map cleaning in 1 minute, please pick up all your items.".
[13/09/2014 14:35:20] > CLEAN: Removed 14 items from 30 tiles in 0.161 seconds.
[13/09/2014 14:35:20] > Broadcasted message: "Map Cleaned.".
[13/09/2014 14:35:24] > Broadcasted message: "Sempre Ao Criar Uma Conta, Pegue A RK Dela No Account Manager Da Conta E Anote, Nunca Passe A Sua Senha Para Outras Pessoas, E Ao Entrar Em Outros OT´s Crie Contas Diferentes Para Não Sofrer HACKED, Não Me Responsabilizo Por Perdas, Obrigado".
[13/09/2014 14:36:39] To De Boa has logged out.
[13/09/2014 14:36:41] To De Boa has logged in.
[13/09/2014 14:37:05] > Broadcasted message: "Sempre Ao Criar Uma Conta, Pegue A RK Dela No Account Manager Da Conta E Anote, Nunca Passe A Sua Senha Para Outras Pessoas, E Ao Entrar Em Outros OT´s Crie Contas Diferentes Para Não Sofrer HACKED, Não Me Responsabilizo Por Perdas, Obrigado".
[13/09/2014 14:37:06] To De Boa has logged out.
[13/09/2014 14:38:32] > Broadcasted message: "Novo CLIENTE = http://www.4shared.com/rar/Xvc96eOece/Death_PVP.html".
[13/09/2014 14:38:46] > Broadcasted message: "Para ver as noticias fale !notice".
[13/09/2014 14:38:47] Haddadi has logged in.
[13/09/2014 14:40:09] Nadador Arqueiro has logged out.
[13/09/2014 14:40:27] > Broadcasted message: "Ot on das 07:00 as 00:00".
[13/09/2014 14:40:37] Shiino has logged out.
[13/09/2014 14:40:39] Shiino has logged in.
[13/09/2014 14:41:30] > Saving server...
[13/09/2014 14:41:33] > SAVE: Complete in 2.192 seconds using relational house storage.
[13/09/2014 14:41:47] Shiino has logged out.
[13/09/2014 14:41:51] Shiino has logged in.
[13/09/2014 14:42:08] > Broadcasted message: "Novo CLIENTE = http://www.4shared.com/rar/Xvc96eOece/Death_PVP.html".
[13/09/2014 14:43:49] > Broadcasted message: "Para ver a lista de proximos tutores digite !tutores.".
[13/09/2014 14:45:13] > Broadcasted message: "Sempre Ao Criar Uma Conta, Pegue A RK Dela No Account Manager Da Conta E Anote, Nunca Passe A Sua Senha Para Outras Pessoas, E Ao Entrar Em Outros OT´s Crie Contas Diferentes Para Não Sofrer HACKED, Não Me Responsabilizo Por Perdas, Obrigado".
[13/09/2014 14:45:19] Shiino has logged out.
[13/09/2014 14:45:21] Shiino has logged in.
[13/09/2014 14:45:30] > Broadcasted message: "Novo CLIENTE = http://www.4shared.com/rar/Xvc96eOece/Death_PVP.html".
[13/09/2014 14:46:33] Meele Pally has logged in.
[13/09/2014 14:47:02] Shiino has logged out.
[13/09/2014 14:47:04] Shiino has logged in.
[13/09/2014 14:47:11] > Broadcasted message: "Sempre Ao Criar Uma Conta, Pegue A RK Dela No Account Manager Da Conta E Anote, Nunca Passe A Sua Senha Para Outras Pessoas, E Ao Entrar Em Outros OT´s Crie Contas Diferentes Para Não Sofrer HACKED, Não Me Responsabilizo Por Perdas, Obrigado".
[13/09/2014 14:47:48] Meele Pally has logged out.
[13/09/2014 14:47:52] Meele Pally has logged in.
[13/09/2014 14:48:13] Meele Pally has logged out.
[13/09/2014 14:48:14] Shiino has logged out.
[13/09/2014 14:48:16] Shiino has logged in.
[13/09/2014 14:48:52] > Broadcasted message: "Para comprar bless digite !bless".
[13/09/2014 14:50:25] Shiino has logged out.
[13/09/2014 14:50:26] Shiino has logged in.
[13/09/2014 14:50:33] > Broadcasted message: "Para duvidas, eventos, e futuramente compras E-mail/Msn -> deathpvp@live.com.".
[13/09/2014 14:51:30] > Broadcasted message: "Game map cleaning in 1 minute, please pick up all your items.".
[13/09/2014 14:51:54] > Broadcasted message: "Para duvidas, eventos, e futuramente compras E-mail/Msn -> deathpvp@live.com.".
[13/09/2014 14:52:00] > CLEAN: Removed 20 items from 19 tiles in 0.214 seconds.
[13/09/2014 14:52:01] > Broadcasted message: "Map Cleaned.".
[13/09/2014 14:52:14] > Broadcasted message: "Novo CLIENTE = http://www.4shared.com/rar/Xvc96eOece/Death_PVP.html".
[13/09/2014 14:53:55] > Broadcasted message: "Sempre Ao Criar Uma Conta, Pegue A RK Dela No Account Manager Da Conta E Anote, Nunca Passe A Sua Senha Para Outras Pessoas, E Ao Entrar Em Outros OT´s Crie Contas Diferentes Para Não Sofrer HACKED, Não Me Responsabilizo Por Perdas, Obrigado".
[13/09/2014 14:55:36] > Broadcasted message: "Ot on das 07:00 as 00:00".
[13/09/2014 14:57:17] > Broadcasted message: "Sempre Ao Criar Uma Conta, Pegue A RK Dela No Account Manager Da Conta E Anote, Nunca Passe A Sua Senha Para Outras Pessoas, E Ao Entrar Em Outros OT´s Crie Contas Diferentes Para Não Sofrer HACKED, Não Me Responsabilizo Por Perdas, Obrigado".
[13/09/2014 14:58:30] Shiino has logged out.
[13/09/2014 14:58:31] Shiino has logged in.
[13/09/2014 14:58:35] > Broadcasted message: "Para esclarecer algumas duvidas digite !notice, para mais informacoes fale com um [CM]".
[13/09/2014 14:58:58] > Broadcasted message: "Sempre Ao Criar Uma Conta, Pegue A RK Dela No Account Manager Da Conta E Anote, Nunca Passe A Sua Senha Para Outras Pessoas, E Ao Entrar Em Outros OT´s Crie Contas Diferentes Para Não Sofrer HACKED, Não Me Responsabilizo Por Perdas, Obrigado".
[13/09/2014 15:00:39] > Broadcasted message: "Para comprar bless digite !bless".
[13/09/2014 15:02:20] > Broadcasted message: "Para duvidas, eventos, e futuramente compras E-mail/Msn -> deathpvp@live.com.".
[13/09/2014 15:03:06] Shiino has logged out.
[13/09/2014 15:03:07] Shiino has logged in.
[13/09/2014 15:04:01] > Broadcasted message: "Novo CLIENTE = http://www.4shared.com/rar/Xvc96eOece/Death_PVP.html".
[13/09/2014 15:04:51] > Saving server...
[13/09/2014 15:04:54] > SAVE: Complete in 2.004 seconds using relational house storage.
[13/09/2014 15:05:16] > Broadcasted message: "Para duvidas, eventos, e futuramente compras E-mail/Msn -> deathpvp@live.com.".
[13/09/2014 15:05:42] > Broadcasted message: "Para comprar bless digite !bless".
[13/09/2014 15:06:15] Shiino has logged out.
[13/09/2014 15:06:17] Shiino Kina has logged in.
[13/09/2014 15:07:02] Shiino Kina has logged out.
[13/09/2014 15:07:04] Shiino has logged in.
[13/09/2014 15:07:23] > Broadcasted message: "Sempre Ao Criar Uma Conta, Pegue A RK Dela No Account Manager Da Conta E Anote, Nunca Passe A Sua Senha Para Outras Pessoas, E Ao Entrar Em Outros OT´s Crie Contas Diferentes Para Não Sofrer HACKED, Não Me Responsabilizo Por Perdas, Obrigado".
[13/09/2014 15:07:25] Magez-linda has logged out.
[13/09/2014 15:07:39] Druid Avassalador has logged out.
[13/09/2014 15:08:11] > Broadcasted message: "Game map cleaning in 1 minute, please pick up all your items.".
[13/09/2014 15:08:41] > CLEAN: Removed 11 items from 55 tiles in 0.179 seconds.
[13/09/2014 15:08:41] > Broadcasted message: "Map Cleaned.".
[13/09/2014 15:09:04] > Broadcasted message: "Para comprar bless digite !bless".
[13/09/2014 15:10:45] > Broadcasted message: "Novo CLIENTE = http://www.4shared.com/rar/Xvc96eOece/Death_PVP.html".
[13/09/2014 15:11:57] > Broadcasted message: "Sempre Ao Criar Uma Conta, Pegue A RK Dela No Account Manager Da Conta E Anote, Nunca Passe A Sua Senha Para Outras Pessoas, E Ao Entrar Em Outros OT´s Crie Contas Diferentes Para Não Sofrer HACKED, Não Me Responsabilizo Por Perdas, Obrigado".
[13/09/2014 15:12:26] > Broadcasted message: "Para duvidas, eventos, e futuramente compras E-mail/Msn -> deathpvp@live.com.".
[13/09/2014 15:14:07] > Broadcasted message: "Ot on das 07:00 as 00:00".
[13/09/2014 15:15:48] > Broadcasted message: "Novo CLIENTE = http://www.4shared.com/rar/Xvc96eOece/Death_PVP.html".
[13/09/2014 15:17:29] > Broadcasted message: "Sempre Ao Criar Uma Conta, Pegue A RK Dela No Account Manager Da Conta E Anote, Nunca Passe A Sua Senha Para Outras Pessoas, E Ao Entrar Em Outros OT´s Crie Contas Diferentes Para Não Sofrer HACKED, Não Me Responsabilizo Por Perdas, Obrigado".
[13/09/2014 15:18:38] > Broadcasted message: "Para esclarecer algumas duvidas digite !notice, para mais informacoes fale com um [CM]".
[13/09/2014 15:19:10] > Broadcasted message: "Para ver as noticias fale !notice".
[13/09/2014 15:20:32] Haddadi has logged out.
[13/09/2014 15:20:51] > Broadcasted message: "Para duvidas, eventos, e futuramente compras E-mail/Msn -> deathpvp@live.com.".
[13/09/2014 15:22:32] > Broadcasted message: "Para comprar bless digite !bless".
[13/09/2014 15:24:13] > Broadcasted message: "Novo CLIENTE = http://www.4shared.com/rar/Xvc96eOece/Death_PVP.html".
[13/09/2014 15:24:52] > Broadcasted message: "Game map cleaning in 1 minute, please pick up all your items.".
[13/09/2014 15:25:19] > Broadcasted message: "Para ver as noticias fale !notice".
[13/09/2014 15:25:22] > CLEAN: Removed 0 items from 1 tile in 0.153 seconds.
[13/09/2014 15:25:22] > Broadcasted message: "Map Cleaned.".
[13/09/2014 15:25:54] > Broadcasted message: "Para comprar bless digite !bless".
[13/09/2014 15:27:35] > Broadcasted message: "Ot on das 07:00 as 00:00".
[13/09/2014 15:28:12] > Saving server...
[13/09/2014 15:28:13] > SAVE: Complete in 1.544 seconds using relational house storage.
[13/09/2014 15:29:16] > Broadcasted message: "Sempre Ao Criar Uma Conta, Pegue A RK Dela No Account Manager Da Conta E Anote, Nunca Passe A Sua Senha Para Outras Pessoas, E Ao Entrar Em Outros OT´s Crie Contas Diferentes Para Não Sofrer HACKED, Não Me Responsabilizo Por Perdas, Obrigado".
[13/09/2014 15:30:57] > Broadcasted message: "Para comprar bless digite !bless".
[13/09/2014 15:32:00] > Broadcasted message: "Para duvidas, eventos, e futuramente compras E-mail/Msn -> deathpvp@live.com.".
[13/09/2014 15:32:38] > Broadcasted message: "Para ver a lista de proximos tutores digite !tutores.".
[13/09/2014 15:34:19] > Broadcasted message: "Para ver as noticias fale !notice".
[13/09/2014 15:36:00] > Broadcasted message: "Ot on das 07:00 as 00:00".
[13/09/2014 15:37:41] > Broadcasted message: "Para duvidas, eventos, e futuramente compras E-mail/Msn -> deathpvp@live.com.".
[13/09/2014 15:38:41] > Broadcasted message: "Para ver as noticias fale !notice".
[13/09/2014 15:39:22] > Broadcasted message: "Para comprar bless digite !bless".
[13/09/2014 15:41:03] > Broadcasted message: "Ot on das 07:00 as 00:00".
[13/09/2014 15:41:33] > Broadcasted message: "Game map cleaning in 1 minute, please pick up all your items.".
[13/09/2014 15:42:03] > CLEAN: Removed 60 items from 89 tiles in 0.166 seconds.
[13/09/2014 15:42:04] > Broadcasted message: "Map Cleaned.".
[13/09/2014 15:42:08] Shiino has logged out.
[13/09/2014 15:42:44] > Broadcasted message: "Para ver a lista de proximos tutores digite !tutores.".
[13/09/2014 15:44:25] > Broadcasted message: "Sempre Ao Criar Uma Conta, Pegue A RK Dela No Account Manager Da Conta E Anote, Nunca Passe A Sua Senha Para Outras Pessoas, E Ao Entrar Em Outros OT´s Crie Contas Diferentes Para Não Sofrer HACKED, Não Me Responsabilizo Por Perdas, Obrigado".
[13/09/2014 15:45:22] > Broadcasted message: "Para comprar bless digite !bless".
[13/09/2014 15:45:24] Account Manager has logged in.
[13/09/2014 15:45:25] Account Manager has logged out.
[13/09/2014 15:46:06] > Broadcasted message: "Para esclarecer algumas duvidas digite !notice, para mais informacoes fale com um [CM]".
[13/09/2014 15:46:34] Account Manager has logged in.
[13/09/2014 15:46:35] Account Manager has logged out.
[13/09/2014 15:47:26] Account Manager has logged in.
[13/09/2014 15:47:27] Account Manager has logged out.
[13/09/2014 15:47:47] > Broadcasted message: "Para ver a lista de proximos tutores digite !tutores.".
[13/09/2014 15:49:28] Haddadi has logged in.
[13/09/2014 15:49:28] > Broadcasted message: "Para esclarecer algumas duvidas digite !notice, para mais informacoes fale com um [CM]".
[13/09/2014 15:51:09] > Broadcasted message: "Ot on das 07:00 as 00:00".
[13/09/2014 15:51:33] > Saving server...
[13/09/2014 15:51:35] > SAVE: Complete in 1.5 seconds using relational house storage.
[13/09/2014 15:52:03] > Broadcasted message: "Para ver as noticias fale !notice".
[13/09/2014 15:52:50] > Broadcasted message: "Para ver a lista de proximos tutores digite !tutores.".
[13/09/2014 15:54:31] > Broadcasted message: "Para duvidas, eventos, e futuramente compras E-mail/Msn -> deathpvp@live.com.".
[13/09/2014 15:56:12] > Broadcasted message: "Para comprar bless digite !bless".
[13/09/2014 15:57:53] > Broadcasted message: "Para ver a lista de proximos tutores digite !tutores.".
[13/09/2014 15:58:14] > Broadcasted message: "Game map cleaning in 1 minute, please pick up all your items.".
[13/09/2014 15:58:44] > Broadcasted message: "Para esclarecer algumas duvidas digite !notice, para mais informacoes fale com um [CM]".
[13/09/2014 15:58:45] > CLEAN: Removed 0 items from 0 tiles in 0.151 seconds.
[13/09/2014 15:58:45] > Broadcasted message: "Map Cleaned.".
[13/09/2014 15:59:34] > Broadcasted message: "Para comprar bless digite !bless".
[13/09/2014 16:01:15] > Broadcasted message: "Para esclarecer algumas duvidas digite !notice, para mais informacoes fale com um [CM]".
[13/09/2014 16:01:32] Shiino has logged in.
[13/09/2014 16:01:57] Genesis has logged in.
[13/09/2014 16:02:34] Genesis has logged out.
[13/09/2014 16:02:56] > Broadcasted message: "Para esclarecer algumas duvidas digite !notice, para mais informacoes fale com um [CM]".
[13/09/2014 16:04:37] > Broadcasted message: "Para comprar bless digite !bless".
[13/09/2014 16:05:25] > Broadcasted message: "Para esclarecer algumas duvidas digite !notice, para mais informacoes fale com um [CM]".
[13/09/2014 16:06:18] > Broadcasted message: "Novo CLIENTE = http://www.4shared.com/rar/Xvc96eOece/Death_PVP.html".
[13/09/2014 16:07:59] > Broadcasted message: "Para esclarecer algumas duvidas digite !notice, para mais informacoes fale com um [CM]".
[13/09/2014 16:09:40] > Broadcasted message: "Para ver a lista de proximos tutores digite !tutores.".
[13/09/2014 16:11:21] > Broadcasted message: "Para ver as noticias fale !notice".
[13/09/2014 16:12:06] > Broadcasted message: "Para duvidas, eventos, e futuramente compras E-mail/Msn -> deathpvp@live.com.".
[13/09/2014 16:13:02] > Broadcasted message: "Sempre Ao Criar Uma Conta, Pegue A RK Dela No Account Manager Da Conta E Anote, Nunca Passe A Sua Senha Para Outras Pessoas, E Ao Entrar Em Outros OT´s Crie Contas Diferentes Para Não Sofrer HACKED, Não Me Responsabilizo Por Perdas, Obrigado".
[13/09/2014 16:14:43] > Broadcasted message: "Para esclarecer algumas duvidas digite !notice, para mais informacoes fale com um [CM]".
[13/09/2014 16:14:54] > Saving server...
[13/09/2014 16:14:55] > SAVE: Complete in 1.748 seconds using relational house storage.
[13/09/2014 16:14:56] > Broadcasted message: "Game map cleaning in 1 minute, please pick up all your items.".
[13/09/2014 16:15:26] > CLEAN: Removed 8 items from 23 tiles in 0.154 seconds.
[13/09/2014 16:15:26] > Broadcasted message: "Map Cleaned.".
[13/09/2014 16:16:24] > Broadcasted message: "Novo CLIENTE = http://www.4shared.com/rar/Xvc96eOece/Death_PVP.html".
[13/09/2014 16:18:05] > Broadcasted message: "Para ver a lista de proximos tutores digite !tutores.".
[13/09/2014 16:18:47] > Broadcasted message: "Para comprar bless digite !bless".
[13/09/2014 16:19:46] > Broadcasted message: "Para duvidas, eventos, e futuramente compras E-mail/Msn -> deathpvp@live.com.".
[13/09/2014 16:21:27] > Broadcasted message: "Para esclarecer algumas duvidas digite !notice, para mais informacoes fale com um [CM]".
[13/09/2014 16:23:08] > Broadcasted message: "Novo CLIENTE = http://www.4shared.com/rar/Xvc96eOece/Death_PVP.html".
[13/09/2014 16:24:42] Magez-linda has logged in.
[13/09/2014 16:24:49] > Broadcasted message: "Ot on das 07:00 as 00:00".
[13/09/2014 16:25:28] > Broadcasted message: "Sempre Ao Criar Uma Conta, Pegue A RK Dela No Account Manager Da Conta E Anote, Nunca Passe A Sua Senha Para Outras Pessoas, E Ao Entrar Em Outros OT´s Crie Contas Diferentes Para Não Sofrer HACKED, Não Me Responsabilizo Por Perdas, Obrigado".
[13/09/2014 16:26:30] > Broadcasted message: "Para ver as noticias fale !notice".
[13/09/2014 16:28:11] > Broadcasted message: "Novo CLIENTE = http://www.4shared.com/rar/Xvc96eOece/Death_PVP.html".
[13/09/2014 16:29:52] > Broadcasted message: "Para esclarecer algumas duvidas digite !notice, para mais informacoes fale com um [CM]".
[13/09/2014 16:31:33] > Broadcasted message: "Ot on das 07:00 as 00:00".
[13/09/2014 16:31:37] > Broadcasted message: "Game map cleaning in 1 minute, please pick up all your items.".
[13/09/2014 16:32:07] > CLEAN: Removed 384 items from 751 tiles in 0.176 seconds.
[13/09/2014 16:32:08] > Broadcasted message: "Map Cleaned.".
[13/09/2014 16:32:09] > Broadcasted message: "Para comprar bless digite !bless".
[13/09/2014 16:33:14] > Broadcasted message: "Para ver a lista de proximos tutores digite !tutores.".
[13/09/2014 16:34:55] > Broadcasted message: "Para esclarecer algumas duvidas digite !notice, para mais informacoes fale com um [CM]".
[13/09/2014 16:36:36] > Broadcasted message: "Para duvidas, eventos, e futuramente compras E-mail/Msn -> deathpvp@live.com.".
[13/09/2014 16:38:15] > Saving server...
[13/09/2014 16:38:17] > SAVE: Complete in 1.799 seconds using relational house storage.
[13/09/2014 16:38:17] > Broadcasted message: "Para duvidas, eventos, e futuramente compras E-mail/Msn -> deathpvp@live.com.".
[13/09/2014 16:38:50] > Broadcasted message: "Para duvidas, eventos, e futuramente compras E-mail/Msn -> deathpvp@live.com.".
[13/09/2014 16:39:58] > Broadcasted message: "Para duvidas, eventos, e futuramente compras E-mail/Msn -> deathpvp@live.com.".
[13/09/2014 16:40:05] Magez-linda has logged out.
[13/09/2014 16:40:07] Magez-linda has logged in.
[13/09/2014 16:40:30] Haddadi has logged out.
[13/09/2014 16:40:35] Shiino has logged out.
[13/09/2014 16:40:36] Shiino has logged in.
[13/09/2014 16:41:39] > Broadcasted message: "Para ver a lista de proximos tutores digite !tutores.".
[13/09/2014 16:42:04] Druid Avassalador has logged in.
[13/09/2014 16:43:20] > Broadcasted message: "Para comprar bless digite !bless".
[13/09/2014 16:45:01] > Broadcasted message: "Para comprar bless digite !bless".
[13/09/2014 16:45:31] > Broadcasted message: "Para ver as noticias fale !notice".
[13/09/2014 16:46:42] > Broadcasted message: "Ot on das 07:00 as 00:00".
[13/09/2014 16:48:18] > Broadcasted message: "Game map cleaning in 1 minute, please pick up all your items.".
[13/09/2014 16:48:23] > Broadcasted message: "Para duvidas, eventos, e futuramente compras E-mail/Msn -> deathpvp@live.com.".
[13/09/2014 16:48:48] > CLEAN: Removed 61 items from 148 tiles in 0.167 seconds.
[13/09/2014 16:48:49] > Broadcasted message: "Map Cleaned.".
[13/09/2014 16:50:04] > Broadcasted message: "Para ver a lista de proximos tutores digite !tutores.".
[13/09/2014 16:51:45] > Broadcasted message: "Para ver a lista de proximos tutores digite !tutores.".
[13/09/2014 16:52:12] > Broadcasted message: "Novo CLIENTE = http://www.4shared.com/rar/Xvc96eOece/Death_PVP.html".
[13/09/2014 16:52:33] Druid Avassalador has logged out.
[13/09/2014 16:52:35] Druid Avassalador has logged in.
[13/09/2014 16:53:26] > Broadcasted message: "Para comprar bless digite !bless".
[13/09/2014 16:54:35] Haddadi has logged in.
[13/09/2014 16:55:07] > Broadcasted message: "Novo CLIENTE = http://www.4shared.com/rar/Xvc96eOece/Death_PVP.html".
[13/09/2014 16:56:47] Shiino has logged out.
[13/09/2014 16:56:48] > Broadcasted message: "Ot on das 07:00 as 00:00".
[13/09/2014 16:58:29] > Broadcasted message: "Sempre Ao Criar Uma Conta, Pegue A RK Dela No Account Manager Da Conta E Anote, Nunca Passe A Sua Senha Para Outras Pessoas, E Ao Entrar Em Outros OT´s Crie Contas Diferentes Para Não Sofrer HACKED, Não Me Responsabilizo Por Perdas, Obrigado".
[13/09/2014 16:58:53] > Broadcasted message: "Para esclarecer algumas duvidas digite !notice, para mais informacoes fale com um [CM]".
[13/09/2014 17:00:10] > Broadcasted message: "Para duvidas, eventos, e futuramente compras E-mail/Msn -> deathpvp@live.com.".
[13/09/2014 17:01:36] > Saving server...
[13/09/2014 17:01:38] > SAVE: Complete in 1.828 seconds using relational house storage.
[13/09/2014 17:01:51] > Broadcasted message: "Para comprar bless digite !bless".
[13/09/2014 17:02:13] Magez-linda has logged out.
[13/09/2014 17:03:32] > Broadcasted message: "Para comprar bless digite !bless".
[13/09/2014 17:03:35] Magez-linda has logged in.
[13/09/2014 17:04:59] > Broadcasted message: "Game map cleaning in 1 minute, please pick up all your items.".
[13/09/2014 17:05:13] > Broadcasted message: "Sempre Ao Criar Uma Conta, Pegue A RK Dela No Account Manager Da Conta E Anote, Nunca Passe A Sua Senha Para Outras Pessoas, E Ao Entrar Em Outros OT´s Crie Contas Diferentes Para Não Sofrer HACKED, Não Me Responsabilizo Por Perdas, Obrigado".
[13/09/2014 17:05:29] > CLEAN: Removed 5 items from 28 tiles in 0.167 seconds.
[13/09/2014 17:05:29] > Broadcasted message: "Map Cleaned.".
[13/09/2014 17:05:34] > Broadcasted message: "Ot on das 07:00 as 00:00".
[13/09/2014 17:06:54] > Broadcasted message: "Novo CLIENTE = http://www.4shared.com/rar/Xvc96eOece/Death_PVP.html".
[13/09/2014 17:08:22] Magez-linda has logged out.
[13/09/2014 17:08:35] > Broadcasted message: "Para esclarecer algumas duvidas digite !notice, para mais informacoes fale com um [CM]".
[13/09/2014 17:10:01] Magez-linda has logged in.
[13/09/2014 17:10:16] > Broadcasted message: "Para ver as noticias fale !notice".
[13/09/2014 17:11:15] Haddadi has logged out.
[13/09/2014 17:11:57] > Broadcasted message: "Para esclarecer algumas duvidas digite !notice, para mais informacoes fale com um [CM]".
[13/09/2014 17:12:15] > Broadcasted message: "Para ver a lista de proximos tutores digite !tutores.".
[13/09/2014 17:12:38] Magez-linda has logged out.
[13/09/2014 17:13:38] > Broadcasted message: "Para duvidas, eventos, e futuramente compras E-mail/Msn -> deathpvp@live.com.".
[13/09/2014 17:13:57] Druid Avassalador has logged out.
[13/09/2014 17:13:59] Druid Avassalador has logged in.
[13/09/2014 17:14:47] Kina Rullex has logged in.
[13/09/2014 17:15:19] > Broadcasted message: "Para esclarecer algumas duvidas digite !notice, para mais informacoes fale com um [CM]".
[13/09/2014 17:15:45] Kina Rullex has logged out.
[13/09/2014 17:15:52] Kina Rullex has logged in.
[13/09/2014 17:16:10] Kina Rullex has logged out.
[13/09/2014 17:16:14] Kina Rullex has logged in.
[13/09/2014 17:16:54] Kina Rullex has logged out.
[13/09/2014 17:17:00] > Broadcasted message: "Para ver as noticias fale !notice".
[13/09/2014 17:17:02] Kina Rullex has logged in.
[13/09/2014 17:17:48] Kina Rullex has logged out.
[13/09/2014 17:17:53] Kina Rullex has logged in.
[13/09/2014 17:18:16] Kina Rullex has logged out.
[13/09/2014 17:18:26] Kina Rullex has logged in.
[13/09/2014 17:18:41] > Broadcasted message: "Novo CLIENTE = http://www.4shared.com/rar/Xvc96eOece/Death_PVP.html".
[13/09/2014 17:18:46] Kina Rullex has logged out.
[13/09/2014 17:18:52] Kina Rullex has logged in.
[13/09/2014 17:18:56] > Broadcasted message: "Ot on das 07:00 as 00:00".
[13/09/2014 17:19:01] Kina Rullex has logged out.
[13/09/2014 17:19:04] Kina Rullex has logged in.
[13/09/2014 17:19:21] Kina Rullex has logged out.
[13/09/2014 17:19:28] Kina Rullex has logged in.
[13/09/2014 17:19:48] Kina Rullex has logged out.
[13/09/2014 17:19:53] Kina Rullex has logged in.
[13/09/2014 17:20:22] Magez-linda has logged in.
[13/09/2014 17:20:22] > Broadcasted message: "Ot on das 07:00 as 00:00".
[13/09/2014 17:20:30] Kina Rullex has logged out.
[13/09/2014 17:20:35] Kina Rullex has logged in.
[13/09/2014 17:20:58] Kina Rullex has logged out.
[13/09/2014 17:21:06] Kina Rullex has logged in.
[13/09/2014 17:21:16] Kina Rullex has logged out.
[13/09/2014 17:21:26] Kina Rullex has logged in.
[13/09/2014 17:21:36] Kina Rullex has logged out.
[13/09/2014 17:21:40] > Broadcasted message: "Game map cleaning in 1 minute, please pick up all your items.".
[13/09/2014 17:21:42] Kina Rullex has logged in.
[13/09/2014 17:21:57] Kina Rullex has logged out.
[13/09/2014 17:22:03] > Broadcasted message: "Novo CLIENTE = http://www.4shared.com/rar/Xvc96eOece/Death_PVP.html".
[13/09/2014 17:22:04] Kina Rullex has logged in.
[13/09/2014 17:22:10] > CLEAN: Removed 27 items from 41 tiles in 0.164 seconds.
[13/09/2014 17:22:11] > Broadcasted message: "Map Cleaned.".
[13/09/2014 17:22:15] Kina Rullex has logged out.
[13/09/2014 17:22:23] Kina Rullex has logged in.
[13/09/2014 17:22:34] Kina Rullex has logged out.
[13/09/2014 17:22:41] Kina Rullex has logged in.
[13/09/2014 17:22:52] Kina Rullex has logged out.
[13/09/2014 17:23:04] Kina Rullex has logged in.
[13/09/2014 17:23:44] > Broadcasted message: "Novo CLIENTE = http://www.4shared.com/rar/Xvc96eOece/Death_PVP.html".
[13/09/2014 17:24:57] > Saving server...
[13/09/2014 17:24:59] > SAVE: Complete in 1.729 seconds using relational house storage.
[13/09/2014 17:25:25] > Broadcasted message: "Para ver as noticias fale !notice".
[13/09/2014 17:25:37] > Broadcasted message: "Ot on das 07:00 as 00:00".
[13/09/2014 17:26:26] Magez-linda has logged out.
[13/09/2014 17:27:00] Kina Rullex has logged out.
[13/09/2014 17:27:06] > Broadcasted message: "Sempre Ao Criar Uma Conta, Pegue A RK Dela No Account Manager Da Conta E Anote, Nunca Passe A Sua Senha Para Outras Pessoas, E Ao Entrar Em Outros OT´s Crie Contas Diferentes Para Não Sofrer HACKED, Não Me Responsabilizo Por Perdas, Obrigado".
[13/09/2014 17:28:47] > Broadcasted message: "Ot on das 07:00 as 00:00".
[13/09/2014 17:30:28] > Broadcasted message: "Para comprar bless digite !bless".
[13/09/2014 17:31:11] Magez-linda has logged in.
[13/09/2014 17:32:09] > Broadcasted message: "Para esclarecer algumas duvidas digite !notice, para mais informacoes fale com um [CM]".
[13/09/2014 17:32:18] > Broadcasted message: "Para esclarecer algumas duvidas digite !notice, para mais informacoes fale com um [CM]".
[13/09/2014 17:33:17] Magez-linda has logged out.
[13/09/2014 17:33:50] > Broadcasted message: "Para comprar bless digite !bless".
[13/09/2014 17:35:31] > Broadcasted message: "Para ver a lista de proximos tutores digite !tutores.".
[13/09/2014 17:35:39] Druid Avassalador has logged out.
[13/09/2014 17:37:12] > Broadcasted message: "Para ver as noticias fale !notice".
[13/09/2014 17:38:21] > Broadcasted message: "Game map cleaning in 1 minute, please pick up all your items.".
[13/09/2014 17:38:52] > CLEAN: Removed 53 items from 66 tiles in 0.171 seconds.
[13/09/2014 17:38:52] > Broadcasted message: "Map Cleaned.".
[13/09/2014 17:38:53] > Broadcasted message: "Ot on das 07:00 as 00:00".
[13/09/2014 17:38:59] > Broadcasted message: "Para ver a lista de proximos tutores digite !tutores.".
[13/09/2014 17:40:19] Haddadi has logged in.
[13/09/2014 17:40:34] > Broadcasted message: "Para ver a lista de proximos tutores digite !tutores.".
[13/09/2014 17:41:24] Haddadi has logged out.
[13/09/2014 17:41:31] Haddadi has logged in.
[13/09/2014 17:42:15] > Broadcasted message: "Para esclarecer algumas duvidas digite !notice, para mais informacoes fale com um [CM]".
[13/09/2014 17:43:56] > Broadcasted message: "Para ver a lista de proximos tutores digite !tutores.".
[13/09/2014 17:45:37] > Broadcasted message: "Para duvidas, eventos, e futuramente compras E-mail/Msn -> deathpvp@live.com.".
[13/09/2014 17:45:40] > Broadcasted message: "Para esclarecer algumas duvidas digite !notice, para mais informacoes fale com um [CM]".
[13/09/2014 17:47:18] > Broadcasted message: "Novo CLIENTE = http://www.4shared.com/rar/Xvc96eOece/Death_PVP.html".
[13/09/2014 17:48:18] > Saving server...
[13/09/2014 17:48:19] > SAVE: Complete in 1.525 seconds using relational house storage.
[13/09/2014 17:48:59] > Broadcasted message: "Para comprar bless digite !bless".
[13/09/2014 17:50:40] > Broadcasted message: "Para esclarecer algumas duvidas digite !notice, para mais informacoes fale com um [CM]".
[13/09/2014 17:52:21] > Broadcasted message: "Para esclarecer algumas duvidas digite !notice, para mais informacoes fale com um [CM]".
[13/09/2014 17:52:22] > Broadcasted message: "Para comprar bless digite !bless".
[13/09/2014 17:54:02] > Broadcasted message: "Para ver a lista de proximos tutores digite !tutores.".
[13/09/2014 17:55:02] > Broadcasted message: "Game map cleaning in 1 minute, please pick up all your items.".
[13/09/2014 17:55:33] > CLEAN: Removed 0 items from 0 tiles in 0.153 seconds.
[13/09/2014 17:55:33] > Broadcasted message: "Map Cleaned.".
[13/09/2014 17:55:43] > Broadcasted message: "Para ver a lista de proximos tutores digite !tutores.".
[13/09/2014 17:57:24] > Broadcasted message: "Para esclarecer algumas duvidas digite !notice, para mais informacoes fale com um [CM]".
[13/09/2014 17:57:39] Haddadi has logged out.
[13/09/2014 17:59:02] > Broadcasted message: "Para ver as noticias fale !notice".
[13/09/2014 17:59:05] > Broadcasted message: "Para comprar bless digite !bless".
[13/09/2014 18:00:46] > Broadcasted message: "Para duvidas, eventos, e futuramente compras E-mail/Msn -> deathpvp@live.com.".
[13/09/2014 18:02:27] > Broadcasted message: "Ot on das 07:00 as 00:00".
[13/09/2014 18:04:08] > Broadcasted message: "Para ver a lista de proximos tutores digite !tutores.".
[13/09/2014 18:05:43] > Broadcasted message: "Para esclarecer algumas duvidas digite !notice, para mais informacoes fale com um [CM]".
[13/09/2014 18:05:49] > Broadcasted message: "Para esclarecer algumas duvidas digite !notice, para mais informacoes fale com um [CM]".
[13/09/2014 18:06:19] Account Manager has logged in.
[13/09/2014 18:06:24] Account Manager has logged out.
[13/09/2014 18:07:22] Account Manager has logged in.
[13/09/2014 18:07:27] Account Manager has logged out.
[13/09/2014 18:07:30] > Broadcasted message: "Para comprar bless digite !bless".
[13/09/2014 18:07:34] Nadador Arqueiro has logged in.
[13/09/2014 18:09:11] > Broadcasted message: "Para ver as noticias fale !notice".
[13/09/2014 18:10:52] > Broadcasted message: "Para ver a lista de proximos tutores digite !tutores.".
[13/09/2014 18:11:39] > Saving server...
[13/09/2014 18:11:40] > SAVE: Complete in 1.464 seconds using relational house storage.
[13/09/2014 18:11:43] > Broadcasted message: "Game map cleaning in 1 minute, please pick up all your items.".
[13/09/2014 18:12:13] > CLEAN: Removed 2 items from 7 tiles in 0.169 seconds.
[13/09/2014 18:12:13] > Broadcasted message: "Map Cleaned.".
[13/09/2014 18:12:24] > Broadcasted message: "Ot on das 07:00 as 00:00".
[13/09/2014 18:12:33] > Broadcasted message: "Ot on das 07:00 as 00:00".
[13/09/2014 18:14:14] > Broadcasted message: "Novo CLIENTE = http://www.4shared.com/rar/Xvc96eOece/Death_PVP.html".
[13/09/2014 18:15:55] > Broadcasted message: "Para ver a lista de proximos tutores digite !tutores.".
[13/09/2014 18:17:36] > Broadcasted message: "Para duvidas, eventos, e futuramente compras E-mail/Msn -> deathpvp@live.com.".
[13/09/2014 18:19:05] > Broadcasted message: "Para esclarecer algumas duvidas digite !notice, para mais informacoes fale com um [CM]".
[13/09/2014 18:19:17] > Broadcasted message: "Para ver a lista de proximos tutores digite !tutores.".
[13/09/2014 18:20:58] > Broadcasted message: "Sempre Ao Criar Uma Conta, Pegue A RK Dela No Account Manager Da Conta E Anote, Nunca Passe A Sua Senha Para Outras Pessoas, E Ao Entrar Em Outros OT´s Crie Contas Diferentes Para Não Sofrer HACKED, Não Me Responsabilizo Por Perdas, Obrigado".
[13/09/2014 18:22:39] > Broadcasted message: "Para esclarecer algumas duvidas digite !notice, para mais informacoes fale com um [CM]".
[13/09/2014 18:24:20] > Broadcasted message: "Sempre Ao Criar Uma Conta, Pegue A RK Dela No Account Manager Da Conta E Anote, Nunca Passe A Sua Senha Para Outras Pessoas, E Ao Entrar Em Outros OT´s Crie Contas Diferentes Para Não Sofrer HACKED, Não Me Responsabilizo Por Perdas, Obrigado".
[13/09/2014 18:24:39] Nadador Arqueiro has logged out.
[13/09/2014 18:24:40] Nadador Arqueiro has logged in.
[13/09/2014 18:25:16] Haddadi has logged in.
[13/09/2014 18:25:46] > Broadcasted message: "Sempre Ao Criar Uma Conta, Pegue A RK Dela No Account Manager Da Conta E Anote, Nunca Passe A Sua Senha Para Outras Pessoas, E Ao Entrar Em Outros OT´s Crie Contas Diferentes Para Não Sofrer HACKED, Não Me Responsabilizo Por Perdas, Obrigado".
[13/09/2014 18:26:01] > Broadcasted message: "Ot on das 07:00 as 00:00".
[13/09/2014 18:26:55] Nadador Arqueiro has logged out.
[13/09/2014 18:26:57] Nadador Arqueiro has logged in.
[13/09/2014 18:27:24] Shiino Kina has logged in.
[13/09/2014 18:27:26] Shiino Kina has logged out.
[13/09/2014 18:27:27] Shiino has logged in.
[13/09/2014 18:27:31] Shiino has logged out.
[13/09/2014 18:27:32] Shiino has logged in.
[13/09/2014 18:27:42] > Broadcasted message: "Para esclarecer algumas duvidas digite !notice, para mais informacoes fale com um [CM]".
[13/09/2014 18:28:24] > Broadcasted message: "Game map cleaning in 1 minute, please pick up all your items.".
[13/09/2014 18:28:54] > CLEAN: Removed 23 items from 37 tiles in 0.171 seconds.
[13/09/2014 18:28:55] > Broadcasted message: "Map Cleaned.".
[13/09/2014 18:29:23] > Broadcasted message: "Novo CLIENTE = http://www.4shared.com/rar/Xvc96eOece/Death_PVP.html".
[13/09/2014 18:31:04] > Broadcasted message: "Para ver as noticias fale !notice".
[13/09/2014 18:32:27] > Broadcasted message: "Para comprar bless digite !bless".
[13/09/2014 18:32:45] > Broadcasted message: "Para ver as noticias fale !notice".
[13/09/2014 18:34:26] > Broadcasted message: "Para duvidas, eventos, e futuramente compras E-mail/Msn -> deathpvp@live.com.".
[13/09/2014 18:35:00] > Saving server...
[13/09/2014 18:35:02] > SAVE: Complete in 1.814 seconds using relational house storage.
[13/09/2014 18:36:07] > Broadcasted message: "Sempre Ao Criar Uma Conta, Pegue A RK Dela No Account Manager Da Conta E Anote, Nunca Passe A Sua Senha Para Outras Pessoas, E Ao Entrar Em Outros OT´s Crie Contas Diferentes Para Não Sofrer HACKED, Não Me Responsabilizo Por Perdas, Obrigado".
[13/09/2014 18:37:48] > Broadcasted message: "Para comprar bless digite !bless".
[13/09/2014 18:39:08] > Broadcasted message: "Para ver as noticias fale !notice".
[13/09/2014 18:39:29] > Broadcasted message: "Para duvidas, eventos, e futuramente compras E-mail/Msn -> deathpvp@live.com.".
[13/09/2014 18:41:10] > Broadcasted message: "Novo CLIENTE = http://www.4shared.com/rar/Xvc96eOece/Death_PVP.html".
[13/09/2014 18:42:51] > Broadcasted message: "Para comprar bless digite !bless".
[13/09/2014 18:44:32] > Broadcasted message: "Novo CLIENTE = http://www.4shared.com/rar/Xvc96eOece/Death_PVP.html".
[13/09/2014 18:45:05] > Broadcasted message: "Game map cleaning in 1 minute, please pick up all your items.".
[13/09/2014 18:45:35] > CLEAN: Removed 376 items from 321 tiles in 0.178 seconds.
[13/09/2014 18:45:35] > Broadcasted message: "Map Cleaned.".
[13/09/2014 18:45:49] > Broadcasted message: "Ot on das 07:00 as 00:00".
[13/09/2014 18:46:13] > Broadcasted message: "Para esclarecer algumas duvidas digite !notice, para mais informacoes fale com um [CM]".
[13/09/2014 18:47:54] > Broadcasted message: "Novo CLIENTE = http://www.4shared.com/rar/Xvc96eOece/Death_PVP.html".
[13/09/2014 18:49:35] > Broadcasted message: "Para duvidas, eventos, e futuramente compras E-mail/Msn -> deathpvp@live.com.".
[13/09/2014 18:51:16] > Broadcasted message: "Para comprar bless digite !bless".
[13/09/2014 18:52:30] > Broadcasted message: "Para ver as noticias fale !notice".
[13/09/2014 18:52:57] > Broadcasted message: "Para ver as noticias fale !notice".
[13/09/2014 18:54:13] Nadador Arqueiro has logged out.
[13/09/2014 18:54:38] > Broadcasted message: "Para comprar bless digite !bless".
[13/09/2014 18:56:19] > Broadcasted message: "Ot on das 07:00 as 00:00".
[13/09/2014 18:58:00] > Broadcasted message: "Sempre Ao Criar Uma Conta, Pegue A RK Dela No Account Manager Da Conta E Anote, Nunca Passe A Sua Senha Para Outras Pessoas, E Ao Entrar Em Outros OT´s Crie Contas Diferentes Para Não Sofrer HACKED, Não Me Responsabilizo Por Perdas, Obrigado".
[13/09/2014 18:58:21] > Saving server...
[13/09/2014 18:58:22] > SAVE: Complete in 1.652 seconds using relational house storage.
[13/09/2014 18:59:11] > Broadcasted message: "Para esclarecer algumas duvidas digite !notice, para mais informacoes fale com um [CM]".
[13/09/2014 18:59:41] > Broadcasted message: "Novo CLIENTE = http://www.4shared.com/rar/Xvc96eOece/Death_PVP.html".
[13/09/2014 19:01:22] > Broadcasted message: "Para comprar bless digite !bless".
[13/09/2014 19:01:46] > Broadcasted message: "Game map cleaning in 1 minute, please pick up all your items.".
[13/09/2014 19:02:16] > CLEAN: Removed 301 items from 273 tiles in 0.174 seconds.
[13/09/2014 19:02:17] > Broadcasted message: "Map Cleaned.".
[13/09/2014 19:03:03] > Broadcasted message: "Novo CLIENTE = http://www.4shared.com/rar/Xvc96eOece/Death_PVP.html".
[13/09/2014 19:04:44] > Broadcasted message: "Para esclarecer algumas duvidas digite !notice, para mais informacoes fale com um [CM]".
[13/09/2014 19:05:52] > Broadcasted message: "Para ver a lista de proximos tutores digite !tutores.".
[13/09/2014 19:06:25] > Broadcasted message: "Para duvidas, eventos, e futuramente compras E-mail/Msn -> deathpvp@live.com.".
[13/09/2014 19:08:06] > Broadcasted message: "Novo CLIENTE = http://www.4shared.com/rar/Xvc96eOece/Death_PVP.html".
[13/09/2014 19:09:47] > Broadcasted message: "Para ver as noticias fale !notice".
[13/09/2014 19:11:28] > Broadcasted message: "Para comprar bless digite !bless".
[13/09/2014 19:12:33] > Broadcasted message: "Sempre Ao Criar Uma Conta, Pegue A RK Dela No Account Manager Da Conta E Anote, Nunca Passe A Sua Senha Para Outras Pessoas, E Ao Entrar Em Outros OT´s Crie Contas Diferentes Para Não Sofrer HACKED, Não Me Responsabilizo Por Perdas, Obrigado".
[13/09/2014 19:13:09] > Broadcasted message: "Para ver a lista de proximos tutores digite !tutores.".
[13/09/2014 19:14:50] > Broadcasted message: "Novo CLIENTE = http://www.4shared.com/rar/Xvc96eOece/Death_PVP.html".
[13/09/2014 19:16:06] Blackgt has logged in.
[13/09/2014 19:16:31] > Broadcasted message: "Sempre Ao Criar Uma Conta, Pegue A RK Dela No Account Manager Da Conta E Anote, Nunca Passe A Sua Senha Para Outras Pessoas, E Ao Entrar Em Outros OT´s Crie Contas Diferentes Para Não Sofrer HACKED, Não Me Responsabilizo Por Perdas, Obrigado".
[13/09/2014 19:17:07] Shiino has logged out.
[13/09/2014 19:17:09] Shiino has logged in.
[13/09/2014 19:18:12] > Broadcasted message: "Para ver a lista de proximos tutores digite !tutores.".
[13/09/2014 19:18:27] > Broadcasted message: "Game map cleaning in 1 minute, please pick up all your items.".
[13/09/2014 19:18:53] Shiino has logged out.
[13/09/2014 19:18:55] Shiino has logged in.
[13/09/2014 19:18:57] > CLEAN: Removed 169 items from 297 tiles in 0.177 seconds.
[13/09/2014 19:18:57] > Broadcasted message: "Map Cleaned.".
[13/09/2014 19:19:14] > Broadcasted message: "Para comprar bless digite !bless".
[13/09/2014 19:19:53] > Broadcasted message: "Para duvidas, eventos, e futuramente compras E-mail/Msn -> deathpvp@live.com.".
[13/09/2014 19:20:43] Shiino has logged out.
[13/09/2014 19:20:44] Shiino has logged in.
[13/09/2014 19:21:34] > Broadcasted message: "Para ver a lista de proximos tutores digite !tutores.".
[13/09/2014 19:21:42] > Saving server...
[13/09/2014 19:21:44] > SAVE: Complete in 1.833 seconds using relational house storage.
[13/09/2014 19:23:15] > Broadcasted message: "Para ver as noticias fale !notice".
[13/09/2014 19:24:56] > Broadcasted message: "Para duvidas, eventos, e futuramente compras E-mail/Msn -> deathpvp@live.com.".
[13/09/2014 19:25:55] > Broadcasted message: "Para esclarecer algumas duvidas digite !notice, para mais informacoes fale com um [CM]".
[13/09/2014 19:26:37] > Broadcasted message: "Novo CLIENTE = http://www.4shared.com/rar/Xvc96eOece/Death_PVP.html".
[13/09/2014 19:28:18] > Broadcasted message: "Para esclarecer algumas duvidas digite !notice, para mais informacoes fale com um [CM]".
[13/09/2014 19:29:59] > Broadcasted message: "Novo CLIENTE = http://www.4shared.com/rar/Xvc96eOece/Death_PVP.html".
[13/09/2014 19:31:40] > Broadcasted message: "Ot on das 07:00 as 00:00".
[13/09/2014 19:32:36] > Broadcasted message: "Para ver a lista de proximos tutores digite !tutores.".
[13/09/2014 19:33:21] > Broadcasted message: "Para comprar bless digite !bless".
[13/09/2014 19:35:02] > Broadcasted message: "Para ver as noticias fale !notice".
[13/09/2014 19:35:08] > Broadcasted message: "Game map cleaning in 1 minute, please pick up all your items.".
[13/09/2014 19:35:39] > CLEAN: Removed 367 items from 599 tiles in 0.193 seconds.
[13/09/2014 19:35:39] > Broadcasted message: "Map Cleaned.".
[13/09/2014 19:36:43] > Broadcasted message: "Para esclarecer algumas duvidas digite !notice, para mais informacoes fale com um [CM]".
[13/09/2014 19:38:24] > Broadcasted message: "Para ver as noticias fale !notice".
[13/09/2014 19:39:17] > Broadcasted message: "Para ver as noticias fale !notice".
[13/09/2014 19:40:05] > Broadcasted message: "Ot on das 07:00 as 00:00".
[13/09/2014 19:41:46] > Broadcasted message: "Novo CLIENTE = http://www.4shared.com/rar/Xvc96eOece/Death_PVP.html".
[13/09/2014 19:42:05] Blackgt has logged out.
[13/09/2014 19:43:27] > Broadcasted message: "Para ver a lista de proximos tutores digite !tutores.".
[13/09/2014 19:43:39] Blackgt has logged in.
[13/09/2014 19:45:03] > Saving server...
[13/09/2014 19:45:05] > SAVE: Complete in 1.922 seconds using relational house storage.
[13/09/2014 19:45:08] > Broadcasted message: "Para ver a lista de proximos tutores digite !tutores.".
[13/09/2014 19:45:58] > Broadcasted message: "Sempre Ao Criar Uma Conta, Pegue A RK Dela No Account Manager Da Conta E Anote, Nunca Passe A Sua Senha Para Outras Pessoas, E Ao Entrar Em Outros OT´s Crie Contas Diferentes Para Não Sofrer HACKED, Não Me Responsabilizo Por Perdas, Obrigado".
[13/09/2014 19:46:31] Haddadi has logged out.
[13/09/2014 19:46:39] Account Manager has logged in.
[13/09/2014 19:46:49] > Broadcasted message: "Ot on das 07:00 as 00:00".
[13/09/2014 19:47:03] Account Manager has logged out.
[13/09/2014 19:47:17] Account Manager has logged in.
[13/09/2014 19:47:51] Account Manager has logged out.
[13/09/2014 19:48:01] Haddadi has logged in.
[13/09/2014 19:48:30] > Broadcasted message: "Para esclarecer algumas duvidas digite !notice, para mais informacoes fale com um [CM]".
[13/09/2014 19:48:44] Haddadi has logged out.
[13/09/2014 19:49:01] Dost has logged in.
[13/09/2014 19:50:11] > Broadcasted message: "Para esclarecer algumas duvidas digite !notice, para mais informacoes fale com um [CM]".
[13/09/2014 19:51:49] > Broadcasted message: "Game map cleaning in 1 minute, please pick up all your items.".
[13/09/2014 19:51:52] > Broadcasted message: "Para ver a lista de proximos tutores digite !tutores.".
[13/09/2014 19:52:19] > CLEAN: Removed 69 items from 85 tiles in 0.174 seconds.
[13/09/2014 19:52:19] > Broadcasted message: "Map Cleaned.".
[13/09/2014 19:52:39] > Broadcasted message: "Ot on das 07:00 as 00:00".
[13/09/2014 19:53:33] > Broadcasted message: "Para ver a lista de proximos tutores digite !tutores.".
[13/09/2014 19:53:41] Kina Rullex has logged in.
[13/09/2014 19:53:59] Kina Rullex has logged out.
[13/09/2014 19:54:06] Kina Rullex has logged in.
[13/09/2014 19:54:20] Kina Rullex has logged out.
[13/09/2014 19:54:27] Kina Rullex has logged in.
[13/09/2014 19:54:43] Kina Rullex has logged out.
[13/09/2014 19:54:49] Kina Rullex has logged in.
[13/09/2014 19:55:02] Kina Rullex has logged out.
[13/09/2014 19:55:07] Kina Rullex has logged in.
[13/09/2014 19:55:14] > Broadcasted message: "Para comprar bless digite !bless".
[13/09/2014 19:55:20] Kina Rullex has logged out.
[13/09/2014 19:55:25] Kina Rullex has logged in.
[13/09/2014 19:55:38] Kina Rullex has logged out.
[13/09/2014 19:55:44] Kina Rullex has logged in.
[13/09/2014 19:55:56] Kina Rullex has logged out.
[13/09/2014 19:56:00] Kina Rullex has logged in.
[13/09/2014 19:56:11] Kina Rullex has logged out.
[13/09/2014 19:56:17] Kina Rullex has logged in.
[13/09/2014 19:56:28] Kina Rullex has logged out.
[13/09/2014 19:56:33] Kina Rullex has logged in.
[13/09/2014 19:56:43] Kina Rullex has logged out.
[13/09/2014 19:56:47] Kina Rullex has logged in.
[13/09/2014 19:56:55] > Broadcasted message: "Para duvidas, eventos, e futuramente compras E-mail/Msn -> deathpvp@live.com.".
[13/09/2014 19:56:57] Kina Rullex has logged out.
[13/09/2014 19:57:01] Kina Rullex has logged in.
[13/09/2014 19:57:18] Kina Rullex has logged out.
[13/09/2014 19:57:45] Kina Rullex has logged in.
[13/09/2014 19:58:36] > Broadcasted message: "Sempre Ao Criar Uma Conta, Pegue A RK Dela No Account Manager Da Conta E Anote, Nunca Passe A Sua Senha Para Outras Pessoas, E Ao Entrar Em Outros OT´s Crie Contas Diferentes Para Não Sofrer HACKED, Não Me Responsabilizo Por Perdas, Obrigado".
[13/09/2014 19:59:20] > Broadcasted message: "Ot on das 07:00 as 00:00".
[13/09/2014 19:59:30] Kina Rullex has logged out.
[13/09/2014 19:59:42] Kina Rullex has logged in.
[13/09/2014 19:59:54] Dost has logged out.
[13/09/2014 19:59:57] Dost has logged in.
[13/09/2014 20:00:17] > Broadcasted message: "Para comprar bless digite !bless".
[13/09/2014 20:00:40] Kina Rullex has logged out.
[13/09/2014 20:01:02] Kina Rullex has logged in.
[13/09/2014 20:01:11] Dost has logged out.
[13/09/2014 20:01:11] Nadador Arqueiro has logged in.
[13/09/2014 20:01:12] Dost has logged in.
[13/09/2014 20:01:55] Kina Rullex has logged out.
[13/09/2014 20:01:58] > Broadcasted message: "Para ver a lista de proximos tutores digite !tutores.".
[13/09/2014 20:02:07] Kina Rullex has logged in.
[13/09/2014 20:02:28] Shiino has logged out.
[13/09/2014 20:02:29] Blackgt has logged out.
[13/09/2014 20:02:30] Shiino has logged in.
[13/09/2014 20:02:32] Blackgt has logged in.
[13/09/2014 20:03:37] Kina Rullex has logged out.
[13/09/2014 20:03:39] > Broadcasted message: "Para esclarecer algumas duvidas digite !notice, para mais informacoes fale com um [CM]".
[13/09/2014 20:04:10] Shiino has logged out.
[13/09/2014 20:04:11] Shiino has logged in.
[13/09/2014 20:04:24] Kina Rullex has logged in.
[13/09/2014 20:05:20] > Broadcasted message: "Para ver as noticias fale !notice".
[13/09/2014 20:05:30] Kina Rullex has logged out.
[13/09/2014 20:05:34] Kina Rullex has logged in.
[13/09/2014 20:05:56] Kina Rullex has logged out.
[13/09/2014 20:06:01] > Broadcasted message: "Ot on das 07:00 as 00:00".
[13/09/2014 20:07:01] Kina Rullex has logged in.
[13/09/2014 20:07:01] > Broadcasted message: "Para ver a lista de proximos tutores digite !tutores.".
[13/09/2014 20:07:49] Kina Rullex has logged out.
[13/09/2014 20:08:01] Kina Rullex has logged in.
[13/09/2014 20:08:18] Kina Rullex has logged out.
[13/09/2014 20:08:24] > Saving server...
[13/09/2014 20:08:26] > SAVE: Complete in 2.279 seconds using relational house storage.
[13/09/2014 20:08:30] > Broadcasted message: "Game map cleaning in 1 minute, please pick up all your items.".
[13/09/2014 20:08:38] Kina Rullex has logged in.
[13/09/2014 20:08:42] > Broadcasted message: "Para esclarecer algumas duvidas digite !notice, para mais informacoes fale com um [CM]".
[13/09/2014 20:09:01] > CLEAN: Removed 43 items from 122 tiles in 0.18 seconds.
[13/09/2014 20:09:01] > Broadcasted message: "Map Cleaned.".
[13/09/2014 20:09:07] Kina Rullex has logged out.
[13/09/2014 20:09:30] Kina Rullex has logged in.
[13/09/2014 20:10:03] Kina Rullex has logged out.
[13/09/2014 20:10:23] > Broadcasted message: "Para ver a lista de proximos tutores digite !tutores.".
[13/09/2014 20:10:46] Kina Rullex has logged in.
[13/09/2014 20:11:01] Kina Rullex has logged out.
[13/09/2014 20:12:04] > Broadcasted message: "Para comprar bless digite !bless".
[13/09/2014 20:12:17] Kina Rullex has logged in.
[13/09/2014 20:12:29] Kina Rullex has logged out.
[13/09/2014 20:12:42] > Broadcasted message: "Para comprar bless digite !bless".
[13/09/2014 20:13:45] > Broadcasted message: "Para duvidas, eventos, e futuramente compras E-mail/Msn -> deathpvp@live.com.".
[13/09/2014 20:14:38] Dost has logged out.
[13/09/2014 20:14:40] Dost has logged in.
[13/09/2014 20:14:42] Dost has logged out.
[13/09/2014 20:14:44] Dost has logged in.
[13/09/2014 20:14:45] Nadador Arqueiro has logged out.
[13/09/2014 20:14:48] Nadador Arqueiro has logged in.
[13/09/2014 20:15:26] > Broadcasted message: "Ot on das 07:00 as 00:00".
[13/09/2014 20:16:50] Nadador Arqueiro has logged out.
[13/09/2014 20:16:52] Nadador Arqueiro has logged in.
[13/09/2014 20:17:07] > Broadcasted message: "Para duvidas, eventos, e futuramente compras E-mail/Msn -> deathpvp@live.com.".
[13/09/2014 20:17:31] Nadador Arqueiro has logged out.
[13/09/2014 20:17:33] Nadador Arqueiro has logged in.
[13/09/2014 20:18:22] Kina Rullex has logged in.
[13/09/2014 20:18:46] Kina Rullex has logged out.
[13/09/2014 20:18:48] > Broadcasted message: "Para ver as noticias fale !notice".
[13/09/2014 20:18:49] Kina Rullex has logged in.
[13/09/2014 20:19:13] Kina Rullex has logged out.
[13/09/2014 20:19:16] Kina Rullex has logged in.
[13/09/2014 20:19:23] > Broadcasted message: "Novo CLIENTE = http://www.4shared.com/rar/Xvc96eOece/Death_PVP.html".
[13/09/2014 20:19:31] Kina Rullex has logged out.
[13/09/2014 20:19:47] Dost has logged out.
[13/09/2014 20:19:56] Honda has logged in.
[13/09/2014 20:20:12] Honda has logged out.
[13/09/2014 20:20:24] Lallana has logged in.
[13/09/2014 20:20:29] > Broadcasted message: "Sempre Ao Criar Uma Conta, Pegue A RK Dela No Account Manager Da Conta E Anote, Nunca Passe A Sua Senha Para Outras Pessoas, E Ao Entrar Em Outros OT´s Crie Contas Diferentes Para Não Sofrer HACKED, Não Me Responsabilizo Por Perdas, Obrigado".
[13/09/2014 20:20:34] Lallana has logged out.
[13/09/2014 20:20:43] Dost has logged in.
[13/09/2014 20:21:02] Dost has logged out.
[13/09/2014 20:21:12] Blackgt has logged out.
[13/09/2014 20:21:14] Haddadi has logged in.
[13/09/2014 20:21:21] Haddadi has logged out.
[13/09/2014 20:21:22] Druid Avassalador has logged in.
[13/09/2014 20:21:25] Shiino has logged out.
[13/09/2014 20:21:27] Shiino has logged in.
[13/09/2014 20:21:31] Dost has logged in.
[13/09/2014 20:22:01] Dost has logged out.
[13/09/2014 20:22:03] Dost has logged in.
[13/09/2014 20:22:10] > Broadcasted message: "Ot on das 07:00 as 00:00".
[13/09/2014 20:22:24] Nadador Arqueiro has logged out.
[13/09/2014 20:22:26] Nadador Arqueiro has logged in.
[13/09/2014 20:23:51] Nadador Arqueiro has logged out.
[13/09/2014 20:23:51] > Broadcasted message: "Novo CLIENTE = http://www.4shared.com/rar/Xvc96eOece/Death_PVP.html".
[13/09/2014 20:23:53] Nadador Arqueiro has logged in.
[13/09/2014 20:25:11] > Broadcasted message: "Game map cleaning in 1 minute, please pick up all your items.".
[13/09/2014 20:25:20] Dost has logged out.
[13/09/2014 20:25:20] Nadador Arqueiro has logged out.
[13/09/2014 20:25:22] Nadador Arqueiro has logged in.
[13/09/2014 20:25:22] Dost has logged in.
[13/09/2014 20:25:32] > Broadcasted message: "Para esclarecer algumas duvidas digite !notice, para mais informacoes fale com um [CM]".
[13/09/2014 20:25:41] > CLEAN: Removed 15 items from 68 tiles in 0.19 seconds.
[13/09/2014 20:25:41] > Broadcasted message: "Map Cleaned.".
[13/09/2014 20:26:04] > Broadcasted message: "Ot on das 07:00 as 00:00".
[13/09/2014 20:26:42] Dost has logged out.
[13/09/2014 20:26:45] Dost has logged in.
[13/09/2014 20:26:46] Dost has logged out.
[13/09/2014 20:26:54] Haddadi has logged in.
[13/09/2014 20:27:03] Haddadi has logged out.
[13/09/2014 20:27:13] > Broadcasted message: "Para duvidas, eventos, e futuramente compras E-mail/Msn -> deathpvp@live.com.".
[13/09/2014 20:27:53] Haddadi has logged in.
[13/09/2014 20:28:52] Haddadi has logged out.
[13/09/2014 20:28:54] > Broadcasted message: "Para esclarecer algumas duvidas digite !notice, para mais informacoes fale com um [CM]".
[13/09/2014 20:30:17] Nadador Arqueiro has logged out.
[13/09/2014 20:30:19] Nadador Arqueiro has logged in.
[13/09/2014 20:30:35] > Broadcasted message: "Para ver a lista de proximos tutores digite !tutores.".
[13/09/2014 20:30:38] Haddadi has logged in.
[13/09/2014 20:31:07] Druid Avassalador has logged out.
[13/09/2014 20:31:09] Haddadi has logged out.
[13/09/2014 20:31:45] > Saving server...
[13/09/2014 20:31:46] > SAVE: Complete in 1.679 seconds using relational house storage.
[13/09/2014 20:31:51] Haddadi has logged in.
[13/09/2014 20:32:16] > Broadcasted message: "Para ver as noticias fale !notice".
[13/09/2014 20:32:18] Haddadi has logged out.
[13/09/2014 20:32:45] > Broadcasted message: "Ot on das 07:00 as 00:00".
[13/09/2014 20:32:58] Haddadi has logged in.
[13/09/2014 20:33:57] > Broadcasted message: "Para ver a lista de proximos tutores digite !tutores.".
[13/09/2014 20:34:01] Haddadi has logged out.
[13/09/2014 20:35:38] > Broadcasted message: "Para ver as noticias fale !notice".
[13/09/2014 20:36:10] Haddadi has logged in.
[13/09/2014 20:37:19] > Broadcasted message: "Ot on das 07:00 as 00:00".
[13/09/2014 20:37:21] Magez-linda has logged in.
[13/09/2014 20:39:00] > Broadcasted message: "Para ver as noticias fale !notice".
[13/09/2014 20:39:26] > Broadcasted message: "Ot on das 07:00 as 00:00".
[13/09/2014 20:40:41] > Broadcasted message: "Ot on das 07:00 as 00:00".
[13/09/2014 20:41:52] > Broadcasted message: "Game map cleaning in 1 minute, please pick up all your items.".
[13/09/2014 20:42:22] > CLEAN: Removed 26 items from 73 tiles in 0.171 seconds.
[13/09/2014 20:42:23] > Broadcasted message: "Map Cleaned.".
[13/09/2014 20:42:23] > Broadcasted message: "Para esclarecer algumas duvidas digite !notice, para mais informacoes fale com um [CM]".
[13/09/2014 20:44:04] > Broadcasted message: "Para duvidas, eventos, e futuramente compras E-mail/Msn -> deathpvp@live.com.".
[13/09/2014 20:45:45] > Broadcasted message: "Novo CLIENTE = http://www.4shared.com/rar/Xvc96eOece/Death_PVP.html".
[13/09/2014 20:46:07] > Broadcasted message: "Sempre Ao Criar Uma Conta, Pegue A RK Dela No Account Manager Da Conta E Anote, Nunca Passe A Sua Senha Para Outras Pessoas, E Ao Entrar Em Outros OT´s Crie Contas Diferentes Para Não Sofrer HACKED, Não Me Responsabilizo Por Perdas, Obrigado".
[13/09/2014 20:47:23] Nadador Arqueiro has logged out.
[13/09/2014 20:47:25] Nadador Arqueiro has logged in.
[13/09/2014 20:47:26] > Broadcasted message: "Para duvidas, eventos, e futuramente compras E-mail/Msn -> deathpvp@live.com.".
[13/09/2014 20:48:13] Shiino has logged out.
[13/09/2014 20:48:15] Shiino has logged in.
[13/09/2014 20:49:07] > Broadcasted message: "Ot on das 07:00 as 00:00".
[13/09/2014 20:49:31] Shiino has logged out.
[13/09/2014 20:49:33] Shiino has logged in.
[13/09/2014 20:50:48] > Broadcasted message: "Para ver as noticias fale !notice".
[13/09/2014 20:50:52] Shiino has logged out.
[13/09/2014 20:50:54] Shiino has logged in.
[13/09/2014 20:52:29] > Broadcasted message: "Novo CLIENTE = http://www.4shared.com/rar/Xvc96eOece/Death_PVP.html".
[13/09/2014 20:52:48] > Broadcasted message: "Para ver as noticias fale !notice".
[13/09/2014 20:53:11] Magez-linda has logged out.
[13/09/2014 20:54:10] Nadador Arqueiro has logged out.
[13/09/2014 20:54:10] > Broadcasted message: "Novo CLIENTE = http://www.4shared.com/rar/Xvc96eOece/Death_PVP.html".
[13/09/2014 20:54:11] Nadador Arqueiro has logged in.
[13/09/2014 20:54:55] Magez-linda has logged in.
[13/09/2014 20:55:06] > Saving server...
[13/09/2014 20:55:08] > SAVE: Complete in 2.22 seconds using relational house storage.
[13/09/2014 20:55:24] Nadador Arqueiro has logged out.
[13/09/2014 20:55:25] Nadador Arqueiro has logged in.
[13/09/2014 20:55:51] > Broadcasted message: "Novo CLIENTE = http://www.4shared.com/rar/Xvc96eOece/Death_PVP.html".
[13/09/2014 20:57:02] Haddadi has logged out.
[13/09/2014 20:57:04] Haddadi has logged in.
[13/09/2014 20:57:32] > Broadcasted message: "Sempre Ao Criar Uma Conta, Pegue A RK Dela No Account Manager Da Conta E Anote, Nunca Passe A Sua Senha Para Outras Pessoas, E Ao Entrar Em Outros OT´s Crie Contas Diferentes Para Não Sofrer HACKED, Não Me Responsabilizo Por Perdas, Obrigado".
[13/09/2014 20:58:33] > Broadcasted message: "Game map cleaning in 1 minute, please pick up all your items.".
[13/09/2014 20:58:34] Nadador Arqueiro has logged out.
[13/09/2014 20:58:35] Nadador Arqueiro has logged in.
[13/09/2014 20:59:03] > CLEAN: Removed 50 items from 187 tiles in 0.178 seconds.
[13/09/2014 20:59:03] > Broadcasted message: "Map Cleaned.".
[13/09/2014 20:59:13] > Broadcasted message: "Sempre Ao Criar Uma Conta, Pegue A RK Dela No Account Manager Da Conta E Anote, Nunca Passe A Sua Senha Para Outras Pessoas, E Ao Entrar Em Outros OT´s Crie Contas Diferentes Para Não Sofrer HACKED, Não Me Responsabilizo Por Perdas, Obrigado".
[13/09/2014 20:59:29] > Broadcasted message: "Ot on das 07:00 as 00:00".
[13/09/2014 20:59:32] Magez-linda has logged out.
[13/09/2014 20:59:35] Magez-linda has logged in.
[13/09/2014 21:00:02] Nadador Arqueiro has logged out.
[13/09/2014 21:00:04] Nadador Arqueiro has logged in.
[13/09/2014 21:00:54] > Broadcasted message: "Para ver a lista de proximos tutores digite !tutores.".
[13/09/2014 21:02:35] > Broadcasted message: "Para duvidas, eventos, e futuramente compras E-mail/Msn -> deathpvp@live.com.".
[13/09/2014 21:04:16] > Broadcasted message: "Novo CLIENTE = http://www.4shared.com/rar/Xvc96eOece/Death_PVP.html".
[13/09/2014 21:05:37] Shiino has logged out.
[13/09/2014 21:05:40] Shiino has logged in.
[13/09/2014 21:05:55] Shiino has logged out.
[13/09/2014 21:05:56] Shiino has logged in.
[13/09/2014 21:05:57] > Broadcasted message: "Ot on das 07:00 as 00:00".
[13/09/2014 21:06:10] > Broadcasted message: "Para esclarecer algumas duvidas digite !notice, para mais informacoes fale com um [CM]".
[13/09/2014 21:06:55] Shiino has logged out.
[13/09/2014 21:06:56] Shiino has logged in.
[13/09/2014 21:07:38] > Broadcasted message: "Novo CLIENTE = http://www.4shared.com/rar/Xvc96eOece/Death_PVP.html".
[13/09/2014 21:08:30] Shiino has logged out.
[13/09/2014 21:08:32] Shiino has logged in.
[13/09/2014 21:09:19] > Broadcasted message: "Para esclarecer algumas duvidas digite !notice, para mais informacoes fale com um [CM]".
[13/09/2014 21:11:00] > Broadcasted message: "Para comprar bless digite !bless".
[13/09/2014 21:12:41] > Broadcasted message: "Ot on das 07:00 as 00:00".
[13/09/2014 21:12:51] > Broadcasted message: "Para duvidas, eventos, e futuramente compras E-mail/Msn -> deathpvp@live.com.".
[13/09/2014 21:14:22] > Broadcasted message: "Ot on das 07:00 as 00:00".
[13/09/2014 21:15:14] > Broadcasted message: "Game map cleaning in 1 minute, please pick up all your items.".
[13/09/2014 21:15:45] > CLEAN: Removed 185 items from 123 tiles in 0.181 seconds.
[13/09/2014 21:15:45] > Broadcasted message: "Map Cleaned.".
[13/09/2014 21:16:03] Shiino has logged out.
[13/09/2014 21:16:03] > Broadcasted message: "Para ver a lista de proximos tutores digite !tutores.".
[13/09/2014 21:16:05] Shiino has logged in.
[13/09/2014 21:17:44] > Broadcasted message: "Novo CLIENTE = http://www.4shared.com/rar/Xvc96eOece/Death_PVP.html".
[13/09/2014 21:18:14] Blackgt has logged in.
[13/09/2014 21:18:27] > Saving server...
[13/09/2014 21:18:30] > SAVE: Complete in 2.363 seconds using relational house storage.
[13/09/2014 21:19:25] > Broadcasted message: "Novo CLIENTE = http://www.4shared.com/rar/Xvc96eOece/Death_PVP.html".
[13/09/2014 21:19:32] > Broadcasted message: "Sempre Ao Criar Uma Conta, Pegue A RK Dela No Account Manager Da Conta E Anote, Nunca Passe A Sua Senha Para Outras Pessoas, E Ao Entrar Em Outros OT´s Crie Contas Diferentes Para Não Sofrer HACKED, Não Me Responsabilizo Por Perdas, Obrigado".
[13/09/2014 21:20:22] Blackgt has logged out.
[13/09/2014 21:20:24] Blackgt has logged in.
[13/09/2014 21:20:45] Account Manager has logged in.
[13/09/2014 21:20:52] Account Manager has logged out.
[13/09/2014 21:21:06] > Broadcasted message: "Para ver as noticias fale !notice".
[13/09/2014 21:21:16] Lallana has logged in.
[13/09/2014 21:21:43] Magez-linda has logged out.
[13/09/2014 21:21:46] Magez-linda has logged in.
[13/09/2014 21:22:04] Magez-linda has logged out.
[13/09/2014 21:22:06] Account Manager has logged in.
[13/09/2014 21:22:40] Account Manager has logged out.
[13/09/2014 21:22:47] > Broadcasted message: "Ot on das 07:00 as 00:00".
[13/09/2014 21:23:38] Sopraitems has logged in.
[13/09/2014 21:24:28] > Broadcasted message: "Para comprar bless digite !bless".
[13/09/2014 21:25:34] Shiino has logged out.
[13/09/2014 21:25:36] Shiino has logged in.
[13/09/2014 21:25:47] Account Manager has logged in.
[13/09/2014 21:26:09] > Broadcasted message: "Para ver as noticias fale !notice".
[13/09/2014 21:26:13] > Broadcasted message: "Para esclarecer algumas duvidas digite !notice, para mais informacoes fale com um [CM]".
[13/09/2014 21:26:17] Account Manager has logged out.
[13/09/2014 21:26:25] Account Manager has logged in.
[13/09/2014 21:26:52] Account Manager has logged out.
[13/09/2014 21:27:10] Sopraitems has logged out.
[13/09/2014 21:27:16] South Park has logged in.
[13/09/2014 21:27:49] Magez-linda has logged in.
[13/09/2014 21:27:50] > Broadcasted message: "Ot on das 07:00 as 00:00".
[13/09/2014 21:28:22] Nadador Arqueiro has logged out.
[13/09/2014 21:28:50] Nadador Arqueiro has logged in.
[13/09/2014 21:29:31] > Broadcasted message: "Para duvidas, eventos, e futuramente compras E-mail/Msn -> deathpvp@live.com.".
[13/09/2014 21:31:12] > Broadcasted message: "Para duvidas, eventos, e futuramente compras E-mail/Msn -> deathpvp@live.com.".
[13/09/2014 21:31:55] > Broadcasted message: "Game map cleaning in 1 minute, please pick up all your items.".
[13/09/2014 21:32:25] > CLEAN: Removed 3 items from 23 tiles in 0.16 seconds.
[13/09/2014 21:32:26] > Broadcasted message: "Map Cleaned.".
[13/09/2014 21:32:53] > Broadcasted message: "Sempre Ao Criar Uma Conta, Pegue A RK Dela No Account Manager Da Conta E Anote, Nunca Passe A Sua Senha Para Outras Pessoas, E Ao Entrar Em Outros OT´s Crie Contas Diferentes Para Não Sofrer HACKED, Não Me Responsabilizo Por Perdas, Obrigado".
[13/09/2014 21:32:56] > Broadcasted message: "Para ver as noticias fale !notice".
[13/09/2014 21:33:27] South Park has logged out.
[13/09/2014 21:33:49] Secret Circle has logged in.
[13/09/2014 21:34:34] > Broadcasted message: "Para ver a lista de proximos tutores digite !tutores.".
[13/09/2014 21:35:56] Magez-linda has logged out.
[13/09/2014 21:35:59] Magez-linda has logged in.
[13/09/2014 21:36:15] > Broadcasted message: "Novo CLIENTE = http://www.4shared.com/rar/Xvc96eOece/Death_PVP.html".
[13/09/2014 21:37:19] Blackgt has logged out.
[13/09/2014 21:37:21] Blackgt has logged in.
[13/09/2014 21:37:56] > Broadcasted message: "Para duvidas, eventos, e futuramente compras E-mail/Msn -> deathpvp@live.com.".
[13/09/2014 21:39:37] > Broadcasted message: "Para esclarecer algumas duvidas digite !notice, para mais informacoes fale com um [CM]".
[13/09/2014 21:39:38] > Broadcasted message: "Para ver a lista de proximos tutores digite !tutores.".
[13/09/2014 21:41:18] > Broadcasted message: "Para duvidas, eventos, e futuramente compras E-mail/Msn -> deathpvp@live.com.".
[13/09/2014 21:41:48] > Saving server...
[13/09/2014 21:41:50] > SAVE: Complete in 2.856 seconds using relational house storage.
[13/09/2014 21:42:33] Lallana has logged out.
[13/09/2014 21:42:59] > Broadcasted message: "Para duvidas, eventos, e futuramente compras E-mail/Msn -> deathpvp@live.com.".
[13/09/2014 21:43:04] Shiino has logged out.
[13/09/2014 21:43:07] Shiino has logged in.
[13/09/2014 21:43:08] Blackgt has logged out.
[13/09/2014 21:43:09] Blackgt has logged in.
[13/09/2014 21:43:41] Shiino has logged out.
[13/09/2014 21:43:43] Shiino has logged in.
[13/09/2014 21:44:18] Secret Circle has logged out.
[13/09/2014 21:44:20] Secret Circle has logged in.
[13/09/2014 21:44:40] > Broadcasted message: "Para esclarecer algumas duvidas digite !notice, para mais informacoes fale com um [CM]".
[13/09/2014 21:45:05] Secret Circle has logged out.
[13/09/2014 21:45:06] Secret Circle has logged in.
[13/09/2014 21:46:18] > Broadcasted message: "Para ver as noticias fale !notice".
[13/09/2014 21:46:21] > Broadcasted message: "Para ver a lista de proximos tutores digite !tutores.".
[13/09/2014 21:47:00] Secret Circle has logged out.
[13/09/2014 21:47:04] Secret Circle has logged in.
[13/09/2014 21:47:54] Nadador Arqueiro has logged out.
[13/09/2014 21:47:57] Nadador Arqueiro has logged in.
[13/09/2014 21:48:02] > Broadcasted message: "Para ver a lista de proximos tutores digite !tutores.".
[13/09/2014 21:48:36] > Broadcasted message: "Game map cleaning in 1 minute, please pick up all your items.".
[13/09/2014 21:49:06] > CLEAN: Removed 9 items from 46 tiles in 0.194 seconds.
[13/09/2014 21:49:06] > Broadcasted message: "Map Cleaned.".
[13/09/2014 21:49:43] > Broadcasted message: "Ot on das 07:00 as 00:00".
[13/09/2014 21:50:34] Secret Circle has logged out.
[13/09/2014 21:50:35] 
[13/09/2014 21:50:35] Lua Script Error: [CreatureScript Interface] 
[13/09/2014 21:50:35] data/creaturescripts/scripts/playerdeath.lua:onDeath
[13/09/2014 21:50:36] 
[13/09/2014 21:50:36] luaGetCreatureName(). Creature not found
[13/09/2014 21:50:36] 
[13/09/2014 21:50:36] Lua Script Error: [CreatureScript Interface] 
[13/09/2014 21:50:36] data/creaturescripts/scripts/playerdeath.lua:onDeath
[13/09/2014 21:50:37] 
[13/09/2014 21:50:37] luaGetCreatureName(). Creature not found
[13/09/2014 21:50:37] Blackgt has logged out.
[13/09/2014 21:50:40] Blackgt has logged in.
[13/09/2014 21:50:42] Secret Circle has logged in.
[13/09/2014 21:51:17] Secret Circle has logged out.
[13/09/2014 21:51:19] Secret Circle has logged in.
[13/09/2014 21:51:24] > Broadcasted message: "Novo CLIENTE = http://www.4shared.com/rar/Xvc96eOece/Death_PVP.html".
[13/09/2014 21:51:58] Haddadi has logged out.
[13/09/2014 21:52:00] Haddadi has logged in.
[13/09/2014 21:52:02] Blackgt has logged out.
[13/09/2014 21:52:02] 
[13/09/2014 21:52:03] Lua Script Error: [Spell Interface] 
[13/09/2014 21:52:03] in a timer event called from: 
[13/09/2014 21:52:03] data/spells/scripts/max power rune.lua:onCastSpell
[13/09/2014 21:52:03] 
[13/09/2014 21:52:03] luaDoCombat(). Creature not found
[13/09/2014 21:52:04] 
[13/09/2014 21:52:04] Lua Script Error: [Spell Interface] 
[13/09/2014 21:52:04] in a timer event called from: 
[13/09/2014 21:52:04] data/spells/scripts/max power rune.lua:onCastSpell
[13/09/2014 21:52:04] 
[13/09/2014 21:52:04] luaDoCombat(). Creature not found
[13/09/2014 21:52:05] 
[13/09/2014 21:52:05] Lua Script Error: [Spell Interface] 
[13/09/2014 21:52:05] in a timer event called from: 
[13/09/2014 21:52:05] data/spells/scripts/max power rune.lua:onCastSpell
[13/09/2014 21:52:05] 
[13/09/2014 21:52:05] luaDoCombat(). Creature not found
[13/09/2014 21:52:05] 
[13/09/2014 21:52:05] Lua Script Error: [Spell Interface] 
[13/09/2014 21:52:06] in a timer event called from: 
[13/09/2014 21:52:06] data/spells/scripts/max power rune.lua:onCastSpell
[13/09/2014 21:52:06] 
[13/09/2014 21:52:06] luaDoCombat(). Creature not found
[13/09/2014 21:52:07] Blackgt has logged in.
[13/09/2014 21:52:43] Secret Circle has logged out.
[13/09/2014 21:52:47] Haddadi has logged out.
[13/09/2014 21:52:49] Haddadi has logged in.
[13/09/2014 21:52:59] > Broadcasted message: "Novo CLIENTE = http://www.4shared.com/rar/Xvc96eOece/Death_PVP.html".
[13/09/2014 21:53:05] > Broadcasted message: "Para esclarecer algumas duvidas digite !notice, para mais informacoes fale com um [CM]".
[13/09/2014 21:54:46] > Broadcasted message: "Sempre Ao Criar Uma Conta, Pegue A RK Dela No Account Manager Da Conta E Anote, Nunca Passe A Sua Senha Para Outras Pessoas, E Ao Entrar Em Outros OT´s Crie Contas Diferentes Para Não Sofrer HACKED, Não Me Responsabilizo Por Perdas, Obrigado".
[13/09/2014 21:56:27] > Broadcasted message: "Sempre Ao Criar Uma Conta, Pegue A RK Dela No Account Manager Da Conta E Anote, Nunca Passe A Sua Senha Para Outras Pessoas, E Ao Entrar Em Outros OT´s Crie Contas Diferentes Para Não Sofrer HACKED, Não Me Responsabilizo Por Perdas, Obrigado".
[13/09/2014 21:57:22] Honda has logged in.
[13/09/2014 21:58:08] > Broadcasted message: "Para ver a lista de proximos tutores digite !tutores.".
[13/09/2014 21:59:10] Shiino has logged out.
[13/09/2014 21:59:12] Shiino has logged in.
[13/09/2014 21:59:40] > Broadcasted message: "Para duvidas, eventos, e futuramente compras E-mail/Msn -> deathpvp@live.com.".
[13/09/2014 21:59:49] > Broadcasted message: "Para duvidas, eventos, e futuramente compras E-mail/Msn -> deathpvp@live.com.".
[13/09/2014 22:00:07] Nadador Arqueiro has logged out.
[13/09/2014 22:00:08] Nadador Arqueiro has logged in.
[13/09/2014 22:00:48] Secret Circle has logged in.
[13/09/2014 22:01:30] > Broadcasted message: "Sempre Ao Criar Uma Conta, Pegue A RK Dela No Account Manager Da Conta E Anote, Nunca Passe A Sua Senha Para Outras Pessoas, E Ao Entrar Em Outros OT´s Crie Contas Diferentes Para Não Sofrer HACKED, Não Me Responsabilizo Por Perdas, Obrigado".
[13/09/2014 22:02:03] Haddadi has logged out.
[13/09/2014 22:02:11] Haddadi has logged in.
[13/09/2014 22:02:50] Magez-linda has logged out.
[13/09/2014 22:02:53] Magez-linda has logged in.
[13/09/2014 22:03:11] > Broadcasted message: "Para ver as noticias fale !notice".
[13/09/2014 22:03:35] Haddadi has logged out.
[13/09/2014 22:03:46] Haddadi has logged in.
[13/09/2014 22:04:26] Magez-linda has logged out.
[13/09/2014 22:04:40] Magez-linda has logged in.
[13/09/2014 22:04:52] > Broadcasted message: "Para ver a lista de proximos tutores digite !tutores.".
[13/09/2014 22:05:07] Haddadi has logged out.
[13/09/2014 22:05:09] > Saving server...
[13/09/2014 22:05:12] > SAVE: Complete in 2.622 seconds using relational house storage.
[13/09/2014 22:05:17] > Broadcasted message: "Game map cleaning in 1 minute, please pick up all your items.".
[13/09/2014 22:05:48] > CLEAN: Removed 53 items from 111 tiles in 0.513 seconds.
[13/09/2014 22:05:48] > Broadcasted message: "Map Cleaned.".
[13/09/2014 22:06:21] > Broadcasted message: "Sempre Ao Criar Uma Conta, Pegue A RK Dela No Account Manager Da Conta E Anote, Nunca Passe A Sua Senha Para Outras Pessoas, E Ao Entrar Em Outros OT´s Crie Contas Diferentes Para Não Sofrer HACKED, Não Me Responsabilizo Por Perdas, Obrigado".
[13/09/2014 22:06:33] > Broadcasted message: "Novo CLIENTE = http://www.4shared.com/rar/Xvc96eOece/Death_PVP.html".
[13/09/2014 22:07:21] Haddadi has logged in.
[13/09/2014 22:08:14] > Broadcasted message: "Para esclarecer algumas duvidas digite !notice, para mais informacoes fale com um [CM]".
[13/09/2014 22:08:19] Magez-linda has logged out.
[13/09/2014 22:08:28] Magez-linda has logged in.
[13/09/2014 22:09:05] Haddadi has logged out.
[13/09/2014 22:09:18] Haddadi has logged in.
[13/09/2014 22:09:55] > Broadcasted message: "Ot on das 07:00 as 00:00".
[13/09/2014 22:10:09] Magez-linda has logged out.
[13/09/2014 22:10:14] Magez-linda has logged in.
[13/09/2014 22:11:03] Haddadi has logged out.
[13/09/2014 22:11:17] Haddadi has logged in.
[13/09/2014 22:11:36] > Broadcasted message: "Ot on das 07:00 as 00:00".
[13/09/2014 22:12:01] Magez-linda has logged out.
[13/09/2014 22:12:20] Magez-linda has logged in.
[13/09/2014 22:12:29] Shiino has logged out.
[13/09/2014 22:12:31] Shiino has logged in.
[13/09/2014 22:13:00] Honda has logged out.
[13/09/2014 22:13:02] > Broadcasted message: "Para duvidas, eventos, e futuramente compras E-mail/Msn -> deathpvp@live.com.".
[13/09/2014 22:13:08] Honda has logged in.
[13/09/2014 22:13:17] > Broadcasted message: "Para duvidas, eventos, e futuramente compras E-mail/Msn -> deathpvp@live.com.".
[13/09/2014 22:13:20] Shiino has logged out.
[13/09/2014 22:13:36] Blackgt has logged out.
[13/09/2014 22:13:38] Blackgt has logged in.
[13/09/2014 22:13:39] Haddadi has logged out.
[13/09/2014 22:13:44] Haddadi has logged in.
[13/09/2014 22:14:18] Blackgt has logged out.
[13/09/2014 22:14:20] Blackgt has logged in.
[13/09/2014 22:14:30] Magez-linda has logged out.
[13/09/2014 22:14:42] Magez-linda has logged in.
[13/09/2014 22:14:51] Nadador Arqueiro has logged out.
[13/09/2014 22:14:53] Nadador Arqueiro has logged in.
[13/09/2014 22:14:58] > Broadcasted message: "Para comprar bless digite !bless".
[13/09/2014 22:15:07] Honda has logged out.
[13/09/2014 22:15:14] Honda has logged in.
[13/09/2014 22:15:52] Haddadi has logged out.
[13/09/2014 22:16:03] Haddadi has logged in.
[13/09/2014 22:16:39] > Broadcasted message: "Para ver as noticias fale !notice".
[13/09/2014 22:16:54] Magez-linda has logged out.
[13/09/2014 22:17:05] Blackgt has logged out.
[13/09/2014 22:17:07] Blackgt has logged in.
[13/09/2014 22:17:08] Magez-linda has logged in.
[13/09/2014 22:17:41] Honda has logged out.
[13/09/2014 22:17:47] Honda has logged in.
[13/09/2014 22:18:20] > Broadcasted message: "Sempre Ao Criar Uma Conta, Pegue A RK Dela No Account Manager Da Conta E Anote, Nunca Passe A Sua Senha Para Outras Pessoas, E Ao Entrar Em Outros OT´s Crie Contas Diferentes Para Não Sofrer HACKED, Não Me Responsabilizo Por Perdas, Obrigado".
[13/09/2014 22:18:26] Haddadi has logged out.
[13/09/2014 22:18:37] Nadador Arqueiro has logged out.
[13/09/2014 22:18:39] Nadador Arqueiro has logged in.
[13/09/2014 22:18:43] Haddadi has logged in.
[13/09/2014 22:19:43] > Broadcasted message: "Para duvidas, eventos, e futuramente compras E-mail/Msn -> deathpvp@live.com.".
[13/09/2014 22:20:01] > Broadcasted message: "Para ver as noticias fale !notice".
[13/09/2014 22:20:08] Nadador Arqueiro has logged out.
[13/09/2014 22:20:09] Nadador Arqueiro has logged in.
[13/09/2014 22:20:33] Magez-linda has logged out.
[13/09/2014 22:20:42] Magez-linda has logged in.
[13/09/2014 22:21:04] Honda has logged out.
[13/09/2014 22:21:11] Honda has logged in.
[13/09/2014 22:21:41] Haddadi has logged out.
[13/09/2014 22:21:42] > Broadcasted message: "Para comprar bless digite !bless".
[13/09/2014 22:21:47] Haddadi has logged in.
[13/09/2014 22:21:58] > Broadcasted message: "Game map cleaning in 1 minute, please pick up all your items.".
[13/09/2014 22:22:26] Honda has logged out.
[13/09/2014 22:22:29] > CLEAN: Removed 34 items from 46 tiles in 0.168 seconds.
[13/09/2014 22:22:29] > Broadcasted message: "Map Cleaned.".
[13/09/2014 22:22:32] Magez-linda has logged out.
[13/09/2014 22:22:47] Magez-linda has logged in.
[13/09/2014 22:22:54] Honda has logged in.
[13/09/2014 22:23:23] > Broadcasted message: "Para ver a lista de proximos tutores digite !tutores.".
[13/09/2014 22:23:54] Haddadi has logged out.
[13/09/2014 22:24:04] Haddadi has logged in.
[13/09/2014 22:25:04] > Broadcasted message: "Novo CLIENTE = http://www.4shared.com/rar/Xvc96eOece/Death_PVP.html".
[13/09/2014 22:25:35] Magez-linda has logged out.
[13/09/2014 22:25:50] Magez-linda has logged in.
[13/09/2014 22:26:18] Honda has logged out.
[13/09/2014 22:26:24] > Broadcasted message: "Para ver as noticias fale !notice".
[13/09/2014 22:26:27] Honda has logged in.
[13/09/2014 22:26:42] Nadador Arqueiro has logged out.
[13/09/2014 22:26:44] Nadador Arqueiro has logged in.
[13/09/2014 22:26:45] > Broadcasted message: "Para ver as noticias fale !notice".
[13/09/2014 22:27:09] Haddadi has logged out.
[13/09/2014 22:27:47] Haddadi has logged in.
[13/09/2014 22:28:26] > Broadcasted message: "Para duvidas, eventos, e futuramente compras E-mail/Msn -> deathpvp@live.com.".
[13/09/2014 22:28:30] > Saving server...
[13/09/2014 22:28:33] > SAVE: Complete in 2.515 seconds using relational house storage.
[13/09/2014 22:28:47] Magez-linda has logged out.
[13/09/2014 22:28:59] Magez-linda has logged in.
[13/09/2014 22:29:06] Nadador Arqueiro has logged out.
[13/09/2014 22:29:08] Nadador Arqueiro has logged in.
[13/09/2014 22:29:53] Blackgt has logged out.
[13/09/2014 22:29:55] Blackgt has logged in.
[13/09/2014 22:30:05] Honda has logged out.
[13/09/2014 22:30:07] > Broadcasted message: "Para comprar bless digite !bless".
[13/09/2014 22:30:20] Honda has logged in.
[13/09/2014 22:30:32] Nadador Arqueiro has logged out.
[13/09/2014 22:30:33] Nadador Arqueiro has logged in.
[13/09/2014 22:31:48] > Broadcasted message: "Para comprar bless digite !bless".
[13/09/2014 22:32:08] Haddadi has logged out.
[13/09/2014 22:32:08] Secret Circle has logged out.
[13/09/2014 22:32:09] Magez-linda has logged out.
[13/09/2014 22:32:19] Haddadi has logged in.
[13/09/2014 22:32:33] Nadador Arqueiro has logged out.
[13/09/2014 22:32:36] Nadador Arqueiro has logged in.
[13/09/2014 22:33:05] > Broadcasted message: "Para esclarecer algumas duvidas digite !notice, para mais informacoes fale com um [CM]".
[13/09/2014 22:33:29] > Broadcasted message: "Para comprar bless digite !bless".
[13/09/2014 22:34:06] Nadador Arqueiro has logged out.
[13/09/2014 22:34:07] Nadador Arqueiro has logged in.
[13/09/2014 22:35:10] > Broadcasted message: "Para duvidas, eventos, e futuramente compras E-mail/Msn -> deathpvp@live.com.".
[13/09/2014 22:35:24] Nadador Arqueiro has logged out.
[13/09/2014 22:35:26] Nadador Arqueiro has logged in.
[13/09/2014 22:36:37] Blackgt has logged out.
[13/09/2014 22:36:39] Blackgt has logged in.
[13/09/2014 22:36:51] > Broadcasted message: "Para duvidas, eventos, e futuramente compras E-mail/Msn -> deathpvp@live.com.".
[13/09/2014 22:37:14] Nadador Arqueiro has logged out.
[13/09/2014 22:37:16] Nadador Arqueiro has logged in.
[13/09/2014 22:37:53] Blackgt has logged out.
[13/09/2014 22:37:55] Blackgt has logged in.
[13/09/2014 22:38:32] > Broadcasted message: "Para esclarecer algumas duvidas digite !notice, para mais informacoes fale com um [CM]".
[13/09/2014 22:38:39] > Broadcasted message: "Game map cleaning in 1 minute, please pick up all your items.".
[13/09/2014 22:39:10] > CLEAN: Removed 22 items from 33 tiles in 0.501 seconds.
[13/09/2014 22:39:10] > Broadcasted message: "Map Cleaned.".
[13/09/2014 22:39:46] > Broadcasted message: "Para ver a lista de proximos tutores digite !tutores.".
[13/09/2014 22:40:13] > Broadcasted message: "Para esclarecer algumas duvidas digite !notice, para mais informacoes fale com um [CM]".
[13/09/2014 22:40:14] Magez-linda has logged in.
[13/09/2014 22:41:01] Blackgt has logged out.
[13/09/2014 22:41:03] Blackgt has logged in.
[13/09/2014 22:41:41] Secret Circle has logged in.
[13/09/2014 22:41:54] > Broadcasted message: "Para comprar bless digite !bless".
[13/09/2014 22:42:02] Blackgt has logged out.
[13/09/2014 22:42:04] Blackgt has logged in.
[13/09/2014 22:42:27] Magez-linda has logged out.
[13/09/2014 22:42:38] Magez-linda has logged in.
[13/09/2014 22:43:11] Honda has logged out.
[13/09/2014 22:43:13] Nadador Arqueiro has logged out.
[13/09/2014 22:43:15] Nadador Arqueiro has logged in.
[13/09/2014 22:43:22] Honda has logged in.
[13/09/2014 22:43:35] > Broadcasted message: "Para duvidas, eventos, e futuramente compras E-mail/Msn -> deathpvp@live.com.".
[13/09/2014 22:44:13] Haddadi has logged out.
[13/09/2014 22:44:22] Haddadi has logged in.
[13/09/2014 22:45:16] > Broadcasted message: "Para duvidas, eventos, e futuramente compras E-mail/Msn -> deathpvp@live.com.".
[13/09/2014 22:45:35] Magez-linda has logged out.
[13/09/2014 22:45:42] Magez-linda has logged in.
[13/09/2014 22:46:08] Honda has logged out.
[13/09/2014 22:46:27] > Broadcasted message: "Para esclarecer algumas duvidas digite !notice, para mais informacoes fale com um [CM]".
[13/09/2014 22:46:55] Honda has logged in.
[13/09/2014 22:46:57] > Broadcasted message: "Para ver as noticias fale !notice".
[13/09/2014 22:47:39] Haddadi has logged out.
[13/09/2014 22:47:49] Haddadi has logged in.
[13/09/2014 22:48:38] > Broadcasted message: "Para ver as noticias fale !notice".
[13/09/2014 22:48:59] Magez-linda has logged out.
[13/09/2014 22:49:23] Magez-linda has logged in.
[13/09/2014 22:50:01] Honda has logged out.
[13/09/2014 22:50:11] Honda has logged in.
[13/09/2014 22:50:19] > Broadcasted message: "Ot on das 07:00 as 00:00".
[13/09/2014 22:50:57] Haddadi has logged out.
[13/09/2014 22:51:05] Haddadi has logged in.
[13/09/2014 22:51:51] > Saving server...
[13/09/2014 22:51:53] > SAVE: Complete in 2.53 seconds using relational house storage.
[13/09/2014 22:52:00] > Broadcasted message: "Para ver a lista de proximos tutores digite !tutores.".
[13/09/2014 22:52:04] Blackgt has logged out.
[13/09/2014 22:52:11] Blackgt has logged in.
[13/09/2014 22:52:33] Magez-linda has logged out.
[13/09/2014 22:52:39] Magez-linda has logged in.
[13/09/2014 22:53:08] > Broadcasted message: "Para duvidas, eventos, e futuramente compras E-mail/Msn -> deathpvp@live.com.".
[13/09/2014 22:53:34] Honda has logged out.
[13/09/2014 22:53:41] > Broadcasted message: "Para ver as noticias fale !notice".
[13/09/2014 22:53:42] Honda has logged in.
[13/09/2014 22:55:15] Magez-linda has logged out.
[13/09/2014 22:55:20] > Broadcasted message: "Game map cleaning in 1 minute, please pick up all your items.".
[13/09/2014 22:55:22] > Broadcasted message: "Para ver as noticias fale !notice".
[13/09/2014 22:55:38] Haddadi has logged out.
[13/09/2014 22:55:41] Haddadi has logged in.
[13/09/2014 22:55:51] > CLEAN: Removed 32 items from 37 tiles in 0.165 seconds.
[13/09/2014 22:55:51] > Broadcasted message: "Map Cleaned.".
[13/09/2014 22:56:19] Secret Circle has logged out.
[13/09/2014 22:56:21] Secret Circle has logged in.
[13/09/2014 22:57:03] > Broadcasted message: "Para ver as noticias fale !notice".
[13/09/2014 22:57:57] Honda has logged out.
[13/09/2014 22:58:44] > Broadcasted message: "Para esclarecer algumas duvidas digite !notice, para mais informacoes fale com um [CM]".
[13/09/2014 22:58:51] Haddadi has logged out.
[13/09/2014 22:59:49] > Broadcasted message: "Para duvidas, eventos, e futuramente compras E-mail/Msn -> deathpvp@live.com.".
[13/09/2014 23:00:25] > Broadcasted message: "Novo CLIENTE = http://www.4shared.com/rar/Xvc96eOece/Death_PVP.html".
[13/09/2014 23:00:48] Nadador Arqueiro has logged out.
[13/09/2014 23:00:48] 
[13/09/2014 23:00:48] Lua Script Error: [Spell Interface] 
[13/09/2014 23:00:49] in a timer event called from: 
[13/09/2014 23:00:49] data/spells/scripts/anti-materia.lua:onCastSpell
[13/09/2014 23:00:49] 
[13/09/2014 23:00:49] luaDoCombat(). Creature not found
[13/09/2014 23:00:49] 
[13/09/2014 23:00:49] Lua Script Error: [Spell Interface] 
[13/09/2014 23:00:49] in a timer event called from: 
[13/09/2014 23:00:50] data/spells/scripts/anti-materia.lua:onCastSpell
[13/09/2014 23:00:50] 
[13/09/2014 23:00:50] luaDoCombat(). Creature not found
[13/09/2014 23:00:50] 
[13/09/2014 23:00:50] Lua Script Error: [Spell Interface] 
[13/09/2014 23:00:50] in a timer event called from: 
[13/09/2014 23:00:50] data/spells/scripts/anti-materia.lua:onCastSpell
[13/09/2014 23:00:51] 
[13/09/2014 23:00:51] luaDoCombat(). Creature not found
[13/09/2014 23:00:51] 
[13/09/2014 23:00:51] Lua Script Error: [Spell Interface] 
[13/09/2014 23:00:51] in a timer event called from: 
[13/09/2014 23:00:51] data/spells/scripts/anti-materia.lua:onCastSpell
[13/09/2014 23:00:51] 
[13/09/2014 23:00:52] luaDoCombat(). Creature not found
[13/09/2014 23:00:52] 
[13/09/2014 23:00:52] Lua Script Error: [Spell Interface] 
[13/09/2014 23:00:52] in a timer event called from: 
[13/09/2014 23:00:52] data/spells/scripts/anti-materia.lua:onCastSpell
[13/09/2014 23:00:52] 
[13/09/2014 23:00:52] luaDoCombat(). Creature not found
[13/09/2014 23:00:52] 
[13/09/2014 23:00:53] Lua Script Error: [Spell Interface] 
[13/09/2014 23:00:53] in a timer event called from: 
[13/09/2014 23:00:53] data/spells/scripts/anti-materia.lua:onCastSpell
[13/09/2014 23:00:53] 
[13/09/2014 23:00:53] luaDoCombat(). Creature not found
[13/09/2014 23:00:54] Nadador Arqueiro has logged in.
[13/09/2014 23:02:06] > Broadcasted message: "Para ver as noticias fale !notice".
[13/09/2014 23:02:08] Blackgt has logged out.
[13/09/2014 23:02:10] Blackgt has logged in.
[13/09/2014 23:02:43] Nadador Arqueiro has logged out.
[13/09/2014 23:02:45] Nadador Arqueiro has logged in.
[13/09/2014 23:03:47] > Broadcasted message: "Para esclarecer algumas duvidas digite !notice, para mais informacoes fale com um [CM]".
[13/09/2014 23:04:27] Secret Circle has logged out.
[13/09/2014 23:04:30] Secret Circle has logged in.
[13/09/2014 23:05:29] Secret Circle has logged out.
[13/09/2014 23:05:29] > Broadcasted message: "Para comprar bless digite !bless".
[13/09/2014 23:05:30] Secret Circle has logged in.
[13/09/2014 23:06:30] > Broadcasted message: "Sempre Ao Criar Uma Conta, Pegue A RK Dela No Account Manager Da Conta E Anote, Nunca Passe A Sua Senha Para Outras Pessoas, E Ao Entrar Em Outros OT´s Crie Contas Diferentes Para Não Sofrer HACKED, Não Me Responsabilizo Por Perdas, Obrigado".
[13/09/2014 23:07:10] > Broadcasted message: "Sempre Ao Criar Uma Conta, Pegue A RK Dela No Account Manager Da Conta E Anote, Nunca Passe A Sua Senha Para Outras Pessoas, E Ao Entrar Em Outros OT´s Crie Contas Diferentes Para Não Sofrer HACKED, Não Me Responsabilizo Por Perdas, Obrigado".
[13/09/2014 23:08:51] > Broadcasted message: "Sempre Ao Criar Uma Conta, Pegue A RK Dela No Account Manager Da Conta E Anote, Nunca Passe A Sua Senha Para Outras Pessoas, E Ao Entrar Em Outros OT´s Crie Contas Diferentes Para Não Sofrer HACKED, Não Me Responsabilizo Por Perdas, Obrigado".
[13/09/2014 23:10:26] Nadador Arqueiro has logged out.
[13/09/2014 23:10:29] Nadador Arqueiro has logged in.
[13/09/2014 23:10:32] > Broadcasted message: "Para ver as noticias fale !notice".
[13/09/2014 23:11:51] Secret Circle has logged out.
[13/09/2014 23:11:56] Secret Circle has logged in.
[13/09/2014 23:12:01] > Broadcasted message: "Game map cleaning in 1 minute, please pick up all your items.".
[13/09/2014 23:12:07] Magez-linda has logged in.
[13/09/2014 23:12:13] > Broadcasted message: "Para duvidas, eventos, e futuramente compras E-mail/Msn -> deathpvp@live.com.".
[13/09/2014 23:12:22] Magez-linda has logged out.
[13/09/2014 23:12:25] Magez-linda has logged in.
[13/09/2014 23:12:31] > CLEAN: Removed 9 items from 36 tiles in 0.16 seconds.
[13/09/2014 23:12:32] > Broadcasted message: "Map Cleaned.".
[13/09/2014 23:13:04] Magez-linda has logged out.
[13/09/2014 23:13:06] Magez-linda has logged in.
[13/09/2014 23:13:09] Secret Circle has logged out.
[13/09/2014 23:13:11] > Broadcasted message: "Para esclarecer algumas duvidas digite !notice, para mais informacoes fale com um [CM]".
[13/09/2014 23:13:18] Magez-linda has logged out.
[13/09/2014 23:13:41] Secret Circle has logged in.
[13/09/2014 23:13:54] > Broadcasted message: "Novo CLIENTE = http://www.4shared.com/rar/Xvc96eOece/Death_PVP.html".
[13/09/2014 23:15:12] > Saving server...
[13/09/2014 23:15:14] > SAVE: Complete in 1.882 seconds using relational house storage.
[13/09/2014 23:15:22] Account Manager has logged in.
[13/09/2014 23:15:35] > Broadcasted message: "Novo CLIENTE = http://www.4shared.com/rar/Xvc96eOece/Death_PVP.html".
[13/09/2014 23:16:16] Account Manager has logged out.
[13/09/2014 23:17:16] > Broadcasted message: "Para comprar bless digite !bless".
[13/09/2014 23:18:22] Secret Circle has logged out.
[13/09/2014 23:18:24] Secret Circle has logged in.
[13/09/2014 23:18:57] > Broadcasted message: "Ot on das 07:00 as 00:00".
[13/09/2014 23:19:52] > Broadcasted message: "Para ver a lista de proximos tutores digite !tutores.".
[13/09/2014 23:20:38] > Broadcasted message: "Novo CLIENTE = http://www.4shared.com/rar/Xvc96eOece/Death_PVP.html".
[13/09/2014 23:20:42] Nadador Arqueiro has logged out.
[13/09/2014 23:20:45] Nadador Arqueiro has logged in.
[13/09/2014 23:22:19] > Broadcasted message: "Para ver as noticias fale !notice".
[13/09/2014 23:23:18] Ice-kess has logged in.
[13/09/2014 23:24:00] > Broadcasted message: "Para comprar bless digite !bless".
[13/09/2014 23:25:08] Ice-kess has logged out.
[13/09/2014 23:25:26] Ice-kess has logged in.
[13/09/2014 23:25:29] Mete Akky has logged in.
[13/09/2014 23:25:41] > Broadcasted message: "Ot on das 07:00 as 00:00".
[13/09/2014 23:26:33] > Broadcasted message: "Para duvidas, eventos, e futuramente compras E-mail/Msn -> deathpvp@live.com.".
[13/09/2014 23:26:54] Ice-kess has logged out.
[13/09/2014 23:26:56] Ice-kess has logged in.
[13/09/2014 23:27:22] > Broadcasted message: "Ot on das 07:00 as 00:00".
[13/09/2014 23:28:42] > Broadcasted message: "Game map cleaning in 1 minute, please pick up all your items.".
[13/09/2014 23:29:02] Ice-kess has logged out.
[13/09/2014 23:29:03] > Broadcasted message: "Para esclarecer algumas duvidas digite !notice, para mais informacoes fale com um [CM]".
[13/09/2014 23:29:04] Ice-kess has logged in.
[13/09/2014 23:29:13] > CLEAN: Removed 7 items from 18 tiles in 0.172 seconds.
[13/09/2014 23:29:13] > Broadcasted message: "Map Cleaned.".
[13/09/2014 23:29:28] Ice-kess has logged out.
[13/09/2014 23:29:30] Ice-kess has logged in.
[13/09/2014 23:30:44] > Broadcasted message: "Para comprar bless digite !bless".
[13/09/2014 23:30:50] Ice-kess has logged out.
[13/09/2014 23:30:52] Ice-kess has logged in.
[13/09/2014 23:31:23] Nadador Arqueiro has logged out.
[13/09/2014 23:31:25] Nadador Arqueiro has logged in.
[13/09/2014 23:31:37] Nadador Arqueiro has logged out.
[13/09/2014 23:31:39] Nadador Arqueiro has logged in.
[13/09/2014 23:32:25] > Broadcasted message: "Para comprar bless digite !bless".
[13/09/2014 23:32:47] Nadador Arqueiro has logged out.
[13/09/2014 23:33:14] > Broadcasted message: "Sempre Ao Criar Uma Conta, Pegue A RK Dela No Account Manager Da Conta E Anote, Nunca Passe A Sua Senha Para Outras Pessoas, E Ao Entrar Em Outros OT´s Crie Contas Diferentes Para Não Sofrer HACKED, Não Me Responsabilizo Por Perdas, Obrigado".
[13/09/2014 23:34:00] Ice-kess has logged out.
[13/09/2014 23:34:06] > Broadcasted message: "Novo CLIENTE = http://www.4shared.com/rar/Xvc96eOece/Death_PVP.html".
[13/09/2014 23:34:07] Heinderberg has logged in.
[13/09/2014 23:34:22] Heinderberg has logged out.
[13/09/2014 23:34:31] Ice-kess has logged in.
[13/09/2014 23:35:24] Mete Akky has logged out.
[13/09/2014 23:35:47] > Broadcasted message: "Para ver as noticias fale !notice".
[13/09/2014 23:37:28] > Broadcasted message: "Novo CLIENTE = http://www.4shared.com/rar/Xvc96eOece/Death_PVP.html".
[13/09/2014 23:38:33] > Saving server...
[13/09/2014 23:38:34] > SAVE: Complete in 1.797 seconds using relational house storage.
[13/09/2014 23:39:09] > Broadcasted message: "Sempre Ao Criar Uma Conta, Pegue A RK Dela No Account Manager Da Conta E Anote, Nunca Passe A Sua Senha Para Outras Pessoas, E Ao Entrar Em Outros OT´s Crie Contas Diferentes Para Não Sofrer HACKED, Não Me Responsabilizo Por Perdas, Obrigado".
[13/09/2014 23:39:55] > Broadcasted message: "Para ver as noticias fale !notice".
[13/09/2014 23:40:50] > Broadcasted message: "Novo CLIENTE = http://www.4shared.com/rar/Xvc96eOece/Death_PVP.html".
[13/09/2014 23:42:31] > Broadcasted message: "Sempre Ao Criar Uma Conta, Pegue A RK Dela No Account Manager Da Conta E Anote, Nunca Passe A Sua Senha Para Outras Pessoas, E Ao Entrar Em Outros OT´s Crie Contas Diferentes Para Não Sofrer HACKED, Não Me Responsabilizo Por Perdas, Obrigado".
[13/09/2014 23:44:12] > Broadcasted message: "Ot on das 07:00 as 00:00".
[13/09/2014 23:45:23] > Broadcasted message: "Game map cleaning in 1 minute, please pick up all your items.".
[13/09/2014 23:45:53] > Broadcasted message: "Para duvidas, eventos, e futuramente compras E-mail/Msn -> deathpvp@live.com.".
[13/09/2014 23:45:54] > CLEAN: Removed 4 items from 19 tiles in 0.149 seconds.
[13/09/2014 23:45:54] > Broadcasted message: "Map Cleaned.".
[13/09/2014 23:46:36] > Broadcasted message: "Novo CLIENTE = http://www.4shared.com/rar/Xvc96eOece/Death_PVP.html".
[13/09/2014 23:47:34] > Broadcasted message: "Para ver as noticias fale !notice".
[13/09/2014 23:49:15] > Broadcasted message: "Ot on das 07:00 as 00:00".
[13/09/2014 23:50:56] > Broadcasted message: "Para esclarecer algumas duvidas digite !notice, para mais informacoes fale com um [CM]".
[13/09/2014 23:52:37] > Broadcasted message: "Para ver a lista de proximos tutores digite !tutores.".
[13/09/2014 23:53:17] > Broadcasted message: "Sempre Ao Criar Uma Conta, Pegue A RK Dela No Account Manager Da Conta E Anote, Nunca Passe A Sua Senha Para Outras Pessoas, E Ao Entrar Em Outros OT´s Crie Contas Diferentes Para Não Sofrer HACKED, Não Me Responsabilizo Por Perdas, Obrigado".
[13/09/2014 23:54:18] > Broadcasted message: "Ot on das 07:00 as 00:00".
[13/09/2014 23:55:59] > Broadcasted message: "Novo CLIENTE = http://www.4shared.com/rar/Xvc96eOece/Death_PVP.html".
[13/09/2014 23:56:25] Secret Circle has logged out.
[13/09/2014 23:57:40] > Broadcasted message: "Sempre Ao Criar Uma Conta, Pegue A RK Dela No Account Manager Da Conta E Anote, Nunca Passe A Sua Senha Para Outras Pessoas, E Ao Entrar Em Outros OT´s Crie Contas Diferentes Para Não Sofrer HACKED, Não Me Responsabilizo Por Perdas, Obrigado".
[13/09/2014 23:59:21] > Broadcasted message: "Ot on das 07:00 as 00:00".
[13/09/2014 23:59:58] > Broadcasted message: "Sempre Ao Criar Uma Conta, Pegue A RK Dela No Account Manager Da Conta E Anote, Nunca Passe A Sua Senha Para Outras Pessoas, E Ao Entrar Em Outros OT´s Crie Contas Diferentes Para Não Sofrer HACKED, Não Me Responsabilizo Por Perdas, Obrigado".
