[17/08/2014 00:00:12] Palyy has logged out.
[17/08/2014 00:00:17] Palyy has logged in.
[17/08/2014 00:00:53] Palyy has logged out.
[17/08/2014 00:01:00] Maluko duff has logged out.
[17/08/2014 00:01:05] Palyy has logged in.
[17/08/2014 00:01:06] Palyy has logged out.
[17/08/2014 00:02:33] > Saving server...
[17/08/2014 00:02:36] > SAVE: Complete in 2.313 seconds using relational house storage.
[17/08/2014 00:02:55] > Broadcasted message: "Game map cleaning in 1 minute, please pick up all your items.".
[17/08/2014 00:03:26] > CLEAN: Removed 10 items from 8 tiles in 0.213 seconds.
[17/08/2014 00:03:26] > Broadcasted message: "Map Cleaned.".
[17/08/2014 00:04:01] > Broadcasted message: "Para esclarecer algumas duvidas digite !notice, para mais informacoes fale com um [CM]".
[17/08/2014 00:10:42] > Broadcasted message: "Para duvidas, eventos, e futuramente compras E-mail/Msn -> deathpvp@live.com.".
[17/08/2014 00:15:15] > Saving server...
[17/08/2014 00:15:19] > SAVE: Complete in 4.049 seconds using relational house storage.
[17/08/2014 00:15:20] Preparing to shutdown server.[17/08/2014 08:57:58] The Forgotten Server, version 0.3.4 (Crying Damson)
[17/08/2014 08:57:58] Sever Criado Por Alissow e Comedinha.
[17/08/2014 08:57:58] Publicidade: www.sotserv.blogspot.com <- <- <- Tudo sobre otserv.
[17/08/2014 08:57:58] Bom Jogo!!!
[17/08/2014 08:57:58] 
[17/08/2014 08:57:58] >> Debugging: nothing.
[17/08/2014 08:57:59] >> Checking software version... failed checking - malformed file.
[17/08/2014 08:57:59] 
[17/08/2014 08:57:59] >> Loading config (config.lua)
[17/08/2014 08:58:00] > Using plaintext passwords
[17/08/2014 08:58:00] >> Loading RSA key
[17/08/2014 08:58:00] >> Starting SQL connection
[17/08/2014 08:58:00] >> Running Database Manager
[17/08/2014 08:58:00] > Optimized database.
[17/08/2014 08:58:00] >> Loading items
[17/08/2014 08:58:01] >> Loading groups
[17/08/2014 08:58:01] >> Loading vocations
[17/08/2014 08:58:01] >> Loading script systems
[17/08/2014 08:58:04] >> Loading chat channels
[17/08/2014 08:58:05] >> Loading outfits
[17/08/2014 08:58:05] >> Loading experience stages
[17/08/2014 08:58:05] >> Loading monsters
[17/08/2014 08:58:09] >> Loading map and spawns...
[17/08/2014 08:58:09] > Map size: 65000x65000.
[17/08/2014 08:58:10] > Map descriptions: 
[17/08/2014 08:58:10] Saved with Remere's Map Editor 2.2
[17/08/2014 08:58:10] No map description available.
[17/08/2014 08:58:10] Duplicate uniqueId 2407
[17/08/2014 08:58:14] > Map loading time: 4.938 seconds.
[17/08/2014 08:58:14] > Data loading time: 0.577 seconds.
[17/08/2014 08:58:15] > Unserialization time for houses: 0.016 seconds.
[17/08/2014 08:58:38] > Unserialization time for map: 23.098 seconds.
[17/08/2014 08:58:38] >> Checking world type... PvP
[17/08/2014 08:58:38] >> Initializing game state modules and registering services...
[17/08/2014 08:58:39] > Global address: deathpvp.no-ip.info
[17/08/2014 08:58:39] > Local ports:
[17/08/2014 08:58:40] 7171	7172	
[17/08/2014 08:58:40] >> All modules were loaded, server starting up...
[17/08/2014 08:58:40] >> OT Death server Online!
[17/08/2014 08:58:40] 
[17/08/2014 08:58:42] sqlite3_step(): SQLITE ERROR: columns id, world_id are not unique
[17/08/2014 08:58:43] [Hoster] Jean has logged in.
[17/08/2014 08:59:16] > Saving server...
[17/08/2014 08:59:18] > SAVE: Complete in 1.361 seconds using relational house storage.
[17/08/2014 08:59:21] [Hoster] Jean has logged out.
[17/08/2014 08:59:21] > Saving server...
[17/08/2014 08:59:23] > SAVE: Complete in 1.272 seconds using relational house storage.
[17/08/2014 08:59:23] Preparing to shutdown server..
[17/08/2014 08:59:23] .
[17/08/2014 08:59:23] Exiting
[17/08/2014 09:05:04] The Forgotten Server, version 0.3.4 (Crying Damson)
[17/08/2014 09:05:04] Sever Criado Por Alissow e Comedinha.
[17/08/2014 09:05:04] Publicidade: www.sotserv.blogspot.com <- <- <- Tudo sobre otserv.
[17/08/2014 09:05:05] Bom Jogo!!!
[17/08/2014 09:05:05] 
[17/08/2014 09:05:05] >> Debugging: nothing.
[17/08/2014 09:05:05] >> Checking software version... failed checking - malformed file.
[17/08/2014 09:05:06] 
[17/08/2014 09:05:06] >> Loading config (config.lua)
[17/08/2014 09:05:06] > Using plaintext passwords
[17/08/2014 09:05:06] >> Loading RSA key
[17/08/2014 09:05:06] >> Starting SQL connection
[17/08/2014 09:05:06] >> Running Database Manager
[17/08/2014 09:05:07] > Optimized database.
[17/08/2014 09:05:07] >> Loading items
[17/08/2014 09:05:08] >> Loading groups
[17/08/2014 09:05:08] >> Loading vocations
[17/08/2014 09:05:08] >> Loading script systems
[17/08/2014 09:05:09] >> Loading chat channels
[17/08/2014 09:05:09] >> Loading outfits
[17/08/2014 09:05:09] >> Loading experience stages
[17/08/2014 09:05:09] >> Loading monsters
[17/08/2014 09:05:10] >> Loading map and spawns...
[17/08/2014 09:05:11] > Map size: 65000x65000.
[17/08/2014 09:05:11] > Map descriptions: 
[17/08/2014 09:05:11] Saved with Remere's Map Editor 2.2
[17/08/2014 09:05:12] No map description available.
[17/08/2014 09:05:12] Duplicate uniqueId 2407
[17/08/2014 09:05:16] > Map loading time: 5.85 seconds.
[17/08/2014 09:05:17] > Data loading time: 0.322 seconds.
[17/08/2014 09:05:17] > Unserialization time for houses: 0.016 seconds.
[17/08/2014 09:05:41] > Unserialization time for map: 23.419 seconds.
[17/08/2014 09:05:41] >> Checking world type... PvP
[17/08/2014 09:05:41] >> Initializing game state modules and registering services...
[17/08/2014 09:05:43] > Global address: deathpvp.no-ip.info
[17/08/2014 09:05:43] > Local ports:
[17/08/2014 09:05:43] 7171	7172	
[17/08/2014 09:05:43] >> All modules were loaded, server starting up...
[17/08/2014 09:05:44] >> OT Death server Online!
[17/08/2014 09:05:44] 
[17/08/2014 09:05:47] [Hoster] Jean has logged in.
[17/08/2014 09:07:15] [Hoster] Jean has logged out.
[17/08/2014 09:07:23] sqlite3_step(): SQLITE ERROR: columns id, world_id are not unique
[17/08/2014 09:07:25] Fakedoi has logged in.
[17/08/2014 09:11:50] > Broadcasted message: "Para ver as noticias fale !notice".
[17/08/2014 09:15:35] Duff Maluko has logged in.
[17/08/2014 09:16:29] Duff Maluko has logged out.
[17/08/2014 09:17:01] Microbiio I has logged in.
[17/08/2014 09:18:03] Microbiio I has logged out.
[17/08/2014 09:18:24] Duff Maluko has logged in.
[17/08/2014 09:18:31] > Broadcasted message: "Para ver a lista de proximos tutores digite !tutores.".
[17/08/2014 09:19:08] Duff Maluko has logged out.
[17/08/2014 09:21:50] > Broadcasted message: "Game map cleaning in 1 minute, please pick up all your items.".
[17/08/2014 09:22:21] > CLEAN: Removed 0 items from 61 tiles in 0.309 seconds.
[17/08/2014 09:22:22] > Broadcasted message: "Map Cleaned.".
[17/08/2014 09:22:39] Fakedoi has logged out.
[17/08/2014 09:22:48] > Saving server...
[17/08/2014 09:22:49] > SAVE: Complete in 1.303 seconds using relational house storage.
[17/08/2014 09:22:52] > Saving server...
[17/08/2014 09:22:53] > SAVE: Complete in 1.259 seconds using relational house storage.
[17/08/2014 09:22:53] Preparing to shutdown server..
[17/08/2014 09:22:54] .
[17/08/2014 09:22:54] Exiting
[17/08/2014 09:23:47] The Forgotten Server, version 0.3.4 (Crying Damson)
[17/08/2014 09:23:47] Sever Criado Por Alissow e Comedinha.
[17/08/2014 09:23:47] Publicidade: www.sotserv.blogspot.com <- <- <- Tudo sobre otserv.
[17/08/2014 09:23:47] Bom Jogo!!!
[17/08/2014 09:23:47] 
[17/08/2014 09:23:47] >> Debugging: nothing.
[17/08/2014 09:23:47] >> Checking software version... failed checking - malformed file.
[17/08/2014 09:23:48] 
[17/08/2014 09:23:48] >> Loading config (config.lua)
[17/08/2014 09:23:48] > Using plaintext passwords
[17/08/2014 09:23:49] >> Loading RSA key
[17/08/2014 09:23:49] >> Starting SQL connection
[17/08/2014 09:23:49] >> Running Database Manager
[17/08/2014 09:23:49] > Optimized database.
[17/08/2014 09:23:50] >> Loading items
[17/08/2014 09:23:50] >> Loading groups
[17/08/2014 09:23:50] >> Loading vocations
[17/08/2014 09:23:50] >> Loading script systems
[17/08/2014 09:23:51] >> Loading chat channels
[17/08/2014 09:23:51] >> Loading outfits
[17/08/2014 09:23:51] >> Loading experience stages
[17/08/2014 09:23:51] >> Loading monsters
[17/08/2014 09:23:52] >> Loading map and spawns...
[17/08/2014 09:23:52] > Map size: 65000x65000.
[17/08/2014 09:23:53] > Map descriptions: 
[17/08/2014 09:23:53] Saved with Remere's Map Editor 2.2
[17/08/2014 09:23:53] No map description available.
[17/08/2014 09:23:53] Duplicate uniqueId 2407
[17/08/2014 09:23:57] > Map loading time: 5.056 seconds.
[17/08/2014 09:23:57] > Data loading time: 0.287 seconds.
[17/08/2014 09:23:57] > Unserialization time for houses: 0.016 seconds.
[17/08/2014 09:24:21] > Unserialization time for map: 23.3 seconds.
[17/08/2014 09:24:21] >> Checking world type... PvP
[17/08/2014 09:24:21] >> Initializing game state modules and registering services...
[17/08/2014 09:24:22] > Global address: deathpvp.no-ip.info
[17/08/2014 09:24:22] > Local ports:
[17/08/2014 09:24:22] 7171	7172	
[17/08/2014 09:24:22] >> All modules were loaded, server starting up...
[17/08/2014 09:24:22] >> OT Death server Online!
[17/08/2014 09:24:23] 
[17/08/2014 09:30:32] > Broadcasted message: "Para comprar bless digite !bless".
[17/08/2014 09:37:13] > Broadcasted message: "Para comprar bless digite !bless".
[17/08/2014 09:38:28] sqlite3_step(): SQLITE ERROR: columns id, world_id are not unique
[17/08/2014 09:38:49] Account Manager has logged in.
[17/08/2014 09:38:52] Account Manager has logged out.
[17/08/2014 09:38:53] Fakedoi has logged in.
[17/08/2014 09:40:32] > Broadcasted message: "Game map cleaning in 1 minute, please pick up all your items.".
[17/08/2014 09:41:03] > CLEAN: Removed 0 items from 53 tiles in 0.23 seconds.
[17/08/2014 09:41:03] > Broadcasted message: "Map Cleaned.".
[17/08/2014 09:42:58] [Hoster] Jean has logged in.
[17/08/2014 09:43:05] [Hoster] Jean has logged out.
[17/08/2014 09:43:54] > Broadcasted message: "Para comprar bless digite !bless".
[17/08/2014 09:50:35] > Broadcasted message: "Para ver as noticias fale !notice".
[17/08/2014 09:55:05] Fakedoi has logged out.
[17/08/2014 09:55:06] Fakedoi has logged in.
[17/08/2014 09:57:13] > Broadcasted message: "Game map cleaning in 1 minute, please pick up all your items.".
[17/08/2014 09:57:16] > Broadcasted message: "Ot on das 07:00 as 00:00".
[17/08/2014 09:57:17] > Saving server...
[17/08/2014 09:57:19] > SAVE: Complete in 2.097 seconds using relational house storage.
[17/08/2014 09:57:44] > CLEAN: Removed 3437 items from 885 tiles in 0.358 seconds.
[17/08/2014 09:57:44] > Broadcasted message: "Map Cleaned.".
[17/08/2014 10:03:57] > Broadcasted message: "Ot on das 07:00 as 00:00".
[17/08/2014 10:04:12] Account Manager has logged in.
[17/08/2014 10:04:15] Account Manager has logged out.
[17/08/2014 10:05:24] Black Jose has logged in.
[17/08/2014 10:05:44] Maluko duff has logged in.
[17/08/2014 10:06:33] Black Jose has logged out.
[17/08/2014 10:07:46] Black Jose has logged in.
[17/08/2014 10:10:38] > Broadcasted message: "Sempre Ao Criar Uma Conta, Pegue A RK Dela No Account Manager Da Conta E Anote, Nunca Passe A Sua Senha Para Outras Pessoas, E Ao Entrar Em Outros OT´s Crie Contas Diferentes Para Não Sofrer HACKED, Não Me Responsabilizo Por Perdas, Obrigado".
[17/08/2014 10:13:54] > Broadcasted message: "Game map cleaning in 1 minute, please pick up all your items.".
[17/08/2014 10:14:24] > CLEAN: Removed 4060 items from 723 tiles in 0.295 seconds.
[17/08/2014 10:14:25] > Broadcasted message: "Map Cleaned.".
[17/08/2014 10:16:54] Black Jose has logged out.
[17/08/2014 10:17:09] Mutuca has logged in.
[17/08/2014 10:17:19] > Broadcasted message: "Para duvidas, eventos, e futuramente compras E-mail/Msn -> deathpvp@live.com.".
[17/08/2014 10:20:30] Mutuca has logged out.
[17/08/2014 10:20:38] Black Jose has logged in.
[17/08/2014 10:20:56] Black Jose has logged out.
[17/08/2014 10:20:58] Druid has logged in.
[17/08/2014 10:21:12] Nadador Arqueiro has logged in.
[17/08/2014 10:24:00] > Broadcasted message: "Para comprar bless digite !bless".
[17/08/2014 10:29:32] Druid has logged out.
[17/08/2014 10:30:35] > Broadcasted message: "Game map cleaning in 1 minute, please pick up all your items.".
[17/08/2014 10:30:38] > Saving server...
[17/08/2014 10:30:40] > SAVE: Complete in 1.959 seconds using relational house storage.
[17/08/2014 10:30:41] > Broadcasted message: "Para esclarecer algumas duvidas digite !notice, para mais informacoes fale com um [CM]".
[17/08/2014 10:31:06] > CLEAN: Removed 997 items from 589 tiles in 0.296 seconds.
[17/08/2014 10:31:06] > Broadcasted message: "Map Cleaned.".
[17/08/2014 10:33:32] Druid has logged in.
[17/08/2014 10:36:29] Druid has logged out.
[17/08/2014 10:36:32] Druid has logged in.
[17/08/2014 10:37:00] Druid has logged out.
[17/08/2014 10:37:02] Black Jose has logged in.
[17/08/2014 10:37:22] > Broadcasted message: "Para comprar bless digite !bless".
[17/08/2014 10:37:32] Lucas has logged in.
[17/08/2014 10:39:12] Lucas has logged out.
[17/08/2014 10:39:15] Lucas has logged in.
[17/08/2014 10:39:42] Anjo pk has logged in.
[17/08/2014 10:41:14] Anjo pk has logged out.
[17/08/2014 10:41:16] Anjo pk has logged in.
[17/08/2014 10:44:03] > Broadcasted message: "Ot on das 07:00 as 00:00".
[17/08/2014 10:46:49] Fakedoi has logged out.
[17/08/2014 10:46:55] Fakedoi has logged in.
[17/08/2014 10:47:16] > Broadcasted message: "Game map cleaning in 1 minute, please pick up all your items.".
[17/08/2014 10:47:46] > CLEAN: Removed 1376 items from 1015 tiles in 0.411 seconds.
[17/08/2014 10:47:47] > Broadcasted message: "Map Cleaned.".
[17/08/2014 10:49:56] Account Manager has logged in.
[17/08/2014 10:50:27] Account Manager has logged out.
[17/08/2014 10:50:37] Account Manager has logged in.
[17/08/2014 10:50:44] > Broadcasted message: "Novo CLIENTE = http://www.4shared.com/rar/Xvc96eOece/Death_PVP.html".
[17/08/2014 10:51:05] Account Manager has logged out.
[17/08/2014 10:51:13] Milaa has logged in.
[17/08/2014 10:53:49] Milaa has logged out.
[17/08/2014 10:55:40] Lucas has logged out.
[17/08/2014 10:56:27] Lucas has logged in.
[17/08/2014 10:57:25] > Broadcasted message: "Ot on das 07:00 as 00:00".
[17/08/2014 10:57:36] Anjo pk has logged out.
[17/08/2014 10:57:37] Anjo pk has logged in.
[17/08/2014 10:57:57] Account Manager has logged in.
[17/08/2014 10:58:02] Nadador Arqueiro has logged out.
[17/08/2014 10:58:57] Account Manager has logged out.
[17/08/2014 10:59:12] Account Manager has logged in.
[17/08/2014 11:00:27] Account Manager has logged out.
[17/08/2014 11:00:30] Account Manager has logged in.
[17/08/2014 11:00:31] Account Manager has logged out.
[17/08/2014 11:00:43] Lost Sorcerer has logged in.
[17/08/2014 11:03:57] > Broadcasted message: "Game map cleaning in 1 minute, please pick up all your items.".
[17/08/2014 11:03:59] > Saving server...
[17/08/2014 11:04:01] > SAVE: Complete in 2.149 seconds using relational house storage.
[17/08/2014 11:04:06] > Broadcasted message: "Para duvidas, eventos, e futuramente compras E-mail/Msn -> deathpvp@live.com.".
[17/08/2014 11:04:28] > CLEAN: Removed 3747 items from 1392 tiles in 0.903 seconds.
[17/08/2014 11:04:29] > Broadcasted message: "Map Cleaned.".
[17/08/2014 11:10:40] Black Jose has logged out.
[17/08/2014 11:10:42] Black Jose has logged in.
[17/08/2014 11:10:43] Black Jose has logged out.
[17/08/2014 11:10:46] Black Jose has logged in.
[17/08/2014 11:10:47] > Broadcasted message: "Para duvidas, eventos, e futuramente compras E-mail/Msn -> deathpvp@live.com.".
[17/08/2014 11:10:51] Account Manager has logged in.
[17/08/2014 11:10:53] Account Manager has logged out.
[17/08/2014 11:10:59] Black Jose has logged out.
[17/08/2014 11:11:10] Account Manager has logged in.
[17/08/2014 11:12:03] Account Manager has logged out.
[17/08/2014 11:12:04] Black Jose has logged in.
[17/08/2014 11:13:33] [Warning - Protocol::RSA_decrypt] Not valid packet size
[17/08/2014 11:15:00] Lost Sorcerer has logged out.
[17/08/2014 11:15:07] Lost Sorcerer has logged in.
[17/08/2014 11:15:35] Anjo pk has logged out.
[17/08/2014 11:15:49] Black Jose has logged out.
[17/08/2014 11:16:30] Black Jose has logged in.
[17/08/2014 11:17:18] Lost Sorcerer has logged out.
[17/08/2014 11:17:21] Lost Sorcerer has logged in.
[17/08/2014 11:17:28] > Broadcasted message: "Novo CLIENTE = http://www.4shared.com/rar/Xvc96eOece/Death_PVP.html".
[17/08/2014 11:17:37] Lost Sorcerer has logged out.
[17/08/2014 11:17:38] Account Manager has logged in.
[17/08/2014 11:18:15] Account Manager has logged out.
[17/08/2014 11:18:27] Lost Knia has logged in.
[17/08/2014 11:20:38] > Broadcasted message: "Game map cleaning in 1 minute, please pick up all your items.".
[17/08/2014 11:20:48] Lucas has logged out.
[17/08/2014 11:21:09] > CLEAN: Removed 1942 items from 1043 tiles in 0.183 seconds.
[17/08/2014 11:21:09] > Broadcasted message: "Map Cleaned.".
[17/08/2014 11:24:09] > Broadcasted message: "Para esclarecer algumas duvidas digite !notice, para mais informacoes fale com um [CM]".
[17/08/2014 11:24:23] Lucas has logged in.
[17/08/2014 11:24:44] Anjo pk has logged in.
[17/08/2014 11:29:00] Maluko duff has logged out.
[17/08/2014 11:29:06] Maluko duff has logged in.
[17/08/2014 11:29:07] Maluko duff has logged out.
[17/08/2014 11:29:15] Maluko duff has logged in.
[17/08/2014 11:29:39] Juninhosza has logged in.
[17/08/2014 11:29:51] Juninhosza has logged out.
[17/08/2014 11:29:53] Juninhosza has logged in.
[17/08/2014 11:30:31] Fakedoi has logged out.
[17/08/2014 11:30:50] > Broadcasted message: "Para esclarecer algumas duvidas digite !notice, para mais informacoes fale com um [CM]".
[17/08/2014 11:33:32] Juninhosza has logged out.
[17/08/2014 11:37:19] > Broadcasted message: "Game map cleaning in 1 minute, please pick up all your items.".
[17/08/2014 11:37:20] > Saving server...
[17/08/2014 11:37:22] > SAVE: Complete in 2.095 seconds using relational house storage.
[17/08/2014 11:37:31] > Broadcasted message: "Ot on das 07:00 as 00:00".
[17/08/2014 11:37:49] > CLEAN: Removed 4859 items from 1564 tiles in 0.191 seconds.
[17/08/2014 11:37:50] > Broadcasted message: "Map Cleaned.".
[17/08/2014 11:38:17] Lost Knia has logged out.
[17/08/2014 11:38:22] Lost Knia has logged in.
[17/08/2014 11:38:57] Black Jose has logged out.
[17/08/2014 11:39:54] Black Jose has logged in.
[17/08/2014 11:40:24] Honda has logged in.
[17/08/2014 11:40:25] Honda has logged out.
[17/08/2014 11:40:40] Account Manager has logged in.
[17/08/2014 11:40:53] Account Manager has logged out.
[17/08/2014 11:40:55] Account Manager has logged in.
[17/08/2014 11:40:55] Account Manager has logged out.
[17/08/2014 11:40:59] Juninhosza has logged in.
[17/08/2014 11:41:03] Honda has logged in.
[17/08/2014 11:42:05] Black Jose has logged out.
[17/08/2014 11:42:08] Black Jose has logged in.
[17/08/2014 11:42:41] Lucas has logged out.
[17/08/2014 11:44:05] Lost Knia has logged out.
[17/08/2014 11:44:12] > Broadcasted message: "Para ver as noticias fale !notice".
[17/08/2014 11:46:37] Anjo pk has logged out.
[17/08/2014 11:46:38] Anjo pk has logged in.
[17/08/2014 11:48:56] Anjo pk has logged out.
[17/08/2014 11:48:57] Anjo pk has logged in.
[17/08/2014 11:50:53] > Broadcasted message: "Para ver a lista de proximos tutores digite !tutores.".
[17/08/2014 11:52:46] Anjo pk has logged out.
[17/08/2014 11:52:48] Anjo pk has logged in.
[17/08/2014 11:54:00] > Broadcasted message: "Game map cleaning in 1 minute, please pick up all your items.".
[17/08/2014 11:54:30] > CLEAN: Removed 2326 items from 892 tiles in 0.211 seconds.
[17/08/2014 11:54:31] > Broadcasted message: "Map Cleaned.".
[17/08/2014 11:57:34] > Broadcasted message: "Ot on das 07:00 as 00:00".
[17/08/2014 11:58:18] Pally Brisado has logged in.
[17/08/2014 11:58:37] Maluko duff has logged out.
[17/08/2014 11:58:38] Maluko duff has logged in.
[17/08/2014 12:02:52] Anjo pk has logged out.
[17/08/2014 12:02:53] Anjo pk has logged in.
[17/08/2014 12:03:03] [Hoster] Jean has logged in.
[17/08/2014 12:04:15] > Broadcasted message: "Novo CLIENTE = http://www.4shared.com/rar/Xvc96eOece/Death_PVP.html".
[17/08/2014 12:06:41] Black Jose has logged out.
[17/08/2014 12:06:43] Black Jose has logged in.
[17/08/2014 12:08:20] Kina Pra Q has logged in.
[17/08/2014 12:08:29] Black Jose has logged out.
[17/08/2014 12:08:31] Black Jose has logged in.
[17/08/2014 12:10:23] Secret Circle has logged in.
[17/08/2014 12:10:26] Mohamed Hachid has logged in.
[17/08/2014 12:10:41] > Saving server...
[17/08/2014 12:10:45] > SAVE: Complete in 3.202 seconds using relational house storage.
[17/08/2014 12:10:45] > Broadcasted message: "Game map cleaning in 1 minute, please pick up all your items.".
[17/08/2014 12:10:56] > Broadcasted message: "Novo CLIENTE = http://www.4shared.com/rar/Xvc96eOece/Death_PVP.html".
[17/08/2014 12:11:00] Anjo pk has logged out.
[17/08/2014 12:11:01] Anjo pk has logged in.
[17/08/2014 12:11:16] > CLEAN: Removed 348 items from 228 tiles in 0.221 seconds.
[17/08/2014 12:11:16] > Broadcasted message: "Map Cleaned.".
[17/08/2014 12:13:14] Mohamed Hachid has logged out.
[17/08/2014 12:13:28] Account Manager has logged in.
[17/08/2014 12:13:41] Account Manager has logged out.
[17/08/2014 12:15:17] Anjo pk has logged out.
[17/08/2014 12:15:18] Anjo pk has logged in.
[17/08/2014 12:16:11] Anjo pk has logged out.
[17/08/2014 12:16:12] Anjo pk has logged in.
[17/08/2014 12:17:37] > Broadcasted message: "Para duvidas, eventos, e futuramente compras E-mail/Msn -> deathpvp@live.com.".
[17/08/2014 12:18:36] Anjo pk has logged out.
[17/08/2014 12:18:37] Anjo pk has logged in.
[17/08/2014 12:20:00] Fakedoi has logged in.
[17/08/2014 12:20:54] Honda has logged out.
[17/08/2014 12:21:31] Honda has logged in.
[17/08/2014 12:24:18] > Broadcasted message: "Para comprar bless digite !bless".
[17/08/2014 12:24:30] Kina Pra Q has logged out.
[17/08/2014 12:24:36] Kina Pra Q has logged in.
[17/08/2014 12:26:31] Black Jose has logged out.
[17/08/2014 12:27:26] > Broadcasted message: "Game map cleaning in 1 minute, please pick up all your items.".
[17/08/2014 12:27:37] Arianne Andrade has logged in.
[17/08/2014 12:27:42] Arianne Andrade has logged out.
[17/08/2014 12:27:44] Arizinha Andrade has logged in.
[17/08/2014 12:28:00] > CLEAN: Removed 1783 items from 992 tiles in 1.982 seconds.
[17/08/2014 12:28:03] > Broadcasted message: "Map Cleaned.".
[17/08/2014 12:28:39] Anjo pk has logged out.
[17/08/2014 12:28:41] Anjo pk has logged in.
[17/08/2014 12:28:46] Maluko duff has logged out.
[17/08/2014 12:29:23] Account Manager has logged in.
[17/08/2014 12:29:28] Maluko duff has logged in.
[17/08/2014 12:29:32] Account Manager has logged out.
[17/08/2014 12:30:11] Anjo pk has logged out.
[17/08/2014 12:30:13] Anjo pk has logged in.
[17/08/2014 12:30:35] Yakuza has logged in.
[17/08/2014 12:30:59] > Broadcasted message: "Para ver as noticias fale !notice".
[17/08/2014 12:31:16] Yakuza has logged out.
[17/08/2014 12:31:20] Anjo pk has logged out.
[17/08/2014 12:31:23] Anjo pk has logged in.
[17/08/2014 12:31:57] Pally Brisado has logged out.
[17/08/2014 12:32:03] Pally Brisado has logged in.
[17/08/2014 12:32:14] Account Manager has logged in.
[17/08/2014 12:32:19] Account Manager has logged out.
[17/08/2014 12:33:52] Account Manager has logged in.
[17/08/2014 12:34:02] Account Manager has logged out.
[17/08/2014 12:34:04] Account Manager has logged in.
[17/08/2014 12:34:23] Arizinha Andrade has logged out.
[17/08/2014 12:34:24] Arizinha Andrade has logged in.
[17/08/2014 12:35:21] Kina Pra Q has logged out.
[17/08/2014 12:35:38] Account Manager has logged out.
[17/08/2014 12:35:44] Account Manager has logged in.
[17/08/2014 12:35:46] Duff Maluko has logged in.
[17/08/2014 12:35:52] Duff Maluko has logged out.
[17/08/2014 12:35:53] Account Manager has logged out.
[17/08/2014 12:35:54] Yakuza has logged in.
[17/08/2014 12:37:02] Yakuza has logged out.
[17/08/2014 12:37:40] > Broadcasted message: "Para comprar bless digite !bless".
[17/08/2014 12:38:55] Honda has logged out.
[17/08/2014 12:39:08] Honda has logged in.
[17/08/2014 12:39:38] Juninhosza has logged out.
[17/08/2014 12:39:44] Account Manager has logged in.
[17/08/2014 12:39:52] Mata Pally has logged in.
[17/08/2014 12:40:10] Black Jose has logged in.
[17/08/2014 12:40:13] Juninhosza has logged in.
[17/08/2014 12:41:06] Juninhosza has logged out.
[17/08/2014 12:41:42] Juninhosza has logged in.
[17/08/2014 12:41:50] Account Manager has logged out.
[17/08/2014 12:41:52] Account Manager has logged in.
[17/08/2014 12:42:05] Account Manager has logged out.
[17/08/2014 12:42:09] Honda has logged out.
[17/08/2014 12:42:12] Yakuza has logged in.
[17/08/2014 12:42:24] Maluko duff has logged out.
[17/08/2014 12:44:02] > Saving server...
[17/08/2014 12:44:05] > SAVE: Complete in 3.123 seconds using relational house storage.
[17/08/2014 12:44:07] > Broadcasted message: "Game map cleaning in 1 minute, please pick up all your items.".
[17/08/2014 12:44:21] > Broadcasted message: "Ot on das 07:00 as 00:00".
[17/08/2014 12:44:28] Black Jose has logged out.
[17/08/2014 12:44:29] Druid has logged in.
[17/08/2014 12:44:37] > CLEAN: Removed 7044 items from 2877 tiles in 0.412 seconds.
[17/08/2014 12:44:38] > Broadcasted message: "Map Cleaned.".
[17/08/2014 12:44:53] Druid has logged out.
[17/08/2014 12:44:54] Black Jose has logged in.
[17/08/2014 12:46:39] Fanta-limao has logged in.
[17/08/2014 12:47:17] Fanta-limao has logged out.
[17/08/2014 12:47:18] Fanta-limao has logged in.
[17/08/2014 12:48:54] Black Jose has logged out.
[17/08/2014 12:48:56] Black Jose has logged in.
[17/08/2014 12:49:56] Fanta-limao has logged out.
[17/08/2014 12:49:57] Fanta-limao has logged in.
[17/08/2014 12:49:58] Anjo pk has logged out.
[17/08/2014 12:50:00] Anjo pk has logged in.
[17/08/2014 12:50:00] Fakedoi has logged out.
[17/08/2014 12:51:02] > Broadcasted message: "Para esclarecer algumas duvidas digite !notice, para mais informacoes fale com um [CM]".
[17/08/2014 12:51:23] Anjo pk has logged out.
[17/08/2014 12:51:25] Anjo pk has logged in.
[17/08/2014 12:51:45] Yakuza has logged out.
[17/08/2014 12:51:47] Account Manager has logged in.
[17/08/2014 12:51:56] Black Jose has logged out.
[17/08/2014 12:52:00] Secret Circle has logged out.
[17/08/2014 12:52:02] Secret Circle has logged in.
[17/08/2014 12:52:07] Account Manager has logged out.
[17/08/2014 12:52:08] Yakuza has logged in.
[17/08/2014 12:52:48] Yakuza has logged out.
[17/08/2014 12:52:48] Anjo pk has logged out.
[17/08/2014 12:52:49] Yakuza has logged in.
[17/08/2014 12:52:50] Anjo pk has logged in.
[17/08/2014 12:53:11] Arizinha Andrade has logged out.
[17/08/2014 12:53:13] Arizinha Andrade has logged in.
[17/08/2014 12:54:01] Anjo pk has logged out.
[17/08/2014 12:54:02] Anjo pk has logged in.
[17/08/2014 12:54:50] Black Jose has logged in.
[17/08/2014 12:56:33] Yakuza has logged out.
[17/08/2014 12:56:35] Yakuza has logged in.
[17/08/2014 12:56:53] Anjo pk has logged out.
[17/08/2014 12:56:55] Anjo pk has logged in.
[17/08/2014 12:57:43] > Broadcasted message: "Para ver as noticias fale !notice".
[17/08/2014 12:57:50] Arizinha Andrade has logged out.
[17/08/2014 12:57:52] Arizinha Andrade has logged in.
[17/08/2014 12:58:25] Mata Pally has logged out.
[17/08/2014 12:59:01] Mata Pally has logged in.
[17/08/2014 13:00:49] > Broadcasted message: "Game map cleaning in 1 minute, please pick up all your items.".
[17/08/2014 13:00:55] Yakuza has logged out.
[17/08/2014 13:01:19] Yakuza has logged in.
[17/08/2014 13:01:19] > CLEAN: Removed 10113 items from 3205 tiles in 0.477 seconds.
[17/08/2014 13:01:20] > Broadcasted message: "Map Cleaned.".
[17/08/2014 13:01:31] Arizinha Andrade has logged out.
[17/08/2014 13:01:33] Arizinha Andrade has logged in.
[17/08/2014 13:01:33] Black Jose has logged out.
[17/08/2014 13:01:48] Anjo pk has logged out.
[17/08/2014 13:01:50] Anjo pk has logged in.
[17/08/2014 13:02:25] Secret Circle has logged out.
[17/08/2014 13:02:26] Mohamed Hachid has logged in.
[17/08/2014 13:02:28] Secret Circle has logged in.
[17/08/2014 13:03:34] Mohamed Hachid has logged out.
[17/08/2014 13:03:36] Mohamed Hachid has logged in.
[17/08/2014 13:04:08] Mohamed Hachid has logged out.
[17/08/2014 13:04:22] Mohamed Hachid has logged in.
[17/08/2014 13:04:24] > Broadcasted message: "Para esclarecer algumas duvidas digite !notice, para mais informacoes fale com um [CM]".
[17/08/2014 13:05:39] Secret Circle has logged out.
[17/08/2014 13:05:41] Secret Circle has logged in.
[17/08/2014 13:06:29] Fanta-limao has logged out.
[17/08/2014 13:07:04] Anjo pk has logged out.
[17/08/2014 13:07:06] Anjo pk has logged in.
[17/08/2014 13:08:43] Pally Brisado has logged out.
[17/08/2014 13:09:11] Pally Brisado has logged in.
[17/08/2014 13:09:46] Mohamed Hachid has logged out.
[17/08/2014 13:09:58] Black Jose has logged in.
[17/08/2014 13:11:05] > Broadcasted message: "Para comprar bless digite !bless".
[17/08/2014 13:11:22] Mata Pally has logged out.
[17/08/2014 13:11:24] Mata Pally has logged in.
[17/08/2014 13:13:13] Fanta-limao has logged in.
[17/08/2014 13:13:29] Anjo pk has logged out.
[17/08/2014 13:13:30] Anjo pk has logged in.
[17/08/2014 13:13:38] Anjo pk has logged out.
[17/08/2014 13:13:39] Anjo pk has logged in.
[17/08/2014 13:13:42] Fanta-limao has logged out.
[17/08/2014 13:15:08] Account Manager has logged in.
[17/08/2014 13:15:44] Account Manager has logged out.
[17/08/2014 13:15:53] Mlktop has logged in.
[17/08/2014 13:16:17] Anjo pk has logged out.
[17/08/2014 13:16:19] Anjo pk has logged in.
[17/08/2014 13:16:23] Mata Pally has logged out.
[17/08/2014 13:16:25] Mata Pally has logged in.
[17/08/2014 13:16:35] Mlktop has logged out.
[17/08/2014 13:16:36] Mlktop has logged in.
[17/08/2014 13:17:04] Black Jose has logged out.
[17/08/2014 13:17:05] Druid has logged in.
[17/08/2014 13:17:23] > Saving server...
[17/08/2014 13:17:26] > SAVE: Complete in 3.096 seconds using relational house storage.
[17/08/2014 13:17:30] > Broadcasted message: "Game map cleaning in 1 minute, please pick up all your items.".
[17/08/2014 13:17:33] Druid has logged out.
[17/08/2014 13:17:34] Black Jose has logged in.
[17/08/2014 13:17:46] > Broadcasted message: "Para duvidas, eventos, e futuramente compras E-mail/Msn -> deathpvp@live.com.".
[17/08/2014 13:18:00] > CLEAN: Removed 552 items from 466 tiles in 0.225 seconds.
[17/08/2014 13:18:01] > Broadcasted message: "Map Cleaned.".
[17/08/2014 13:18:51] Yakuza has logged out.
[17/08/2014 13:18:53] Account Manager has logged in.
[17/08/2014 13:19:14] Account Manager has logged out.
[17/08/2014 13:19:22] Mlk Piranha has logged in.
[17/08/2014 13:19:47] Mlk Piranha has logged out.
[17/08/2014 13:19:48] Anjo pk has logged out.
[17/08/2014 13:19:48] > Saving server...
[17/08/2014 13:19:51] > SAVE: Complete in 2.713 seconds using relational house storage.
[17/08/2014 13:19:52] Mlk Piranha has logged in.
[17/08/2014 13:19:52] [Hoster] Jean has logged out.
[17/08/2014 13:19:53] Anjo pk has logged in.
[17/08/2014 13:20:52] Mlktop has logged out.
[17/08/2014 13:20:55] Mlktop has logged in.
[17/08/2014 13:21:43] Mlktop has logged out.
[17/08/2014 13:21:44] Mlktop has logged in.
[17/08/2014 13:21:44] Arizinha Andrade has logged out.
[17/08/2014 13:21:46] Arizinha Andrade has logged in.
[17/08/2014 13:22:32] Mlk Piranha has logged out.
[17/08/2014 13:22:34] Juninhosza has logged out.
[17/08/2014 13:22:35] Juninhosza has logged in.
[17/08/2014 13:22:39] Yakuza has logged in.
[17/08/2014 13:22:47] Yakuza has logged out.
[17/08/2014 13:22:49] Mlk Piranha has logged in.
[17/08/2014 13:23:22] Mlk Piranha has logged out.
[17/08/2014 13:23:23] Yakuza has logged in.
[17/08/2014 13:23:36] Maluko duff has logged in.
[17/08/2014 13:24:19] Mlktop has logged out.
[17/08/2014 13:24:19] Maluko duff has logged out.
[17/08/2014 13:24:21] Mlktop has logged in.
[17/08/2014 13:24:27] > Broadcasted message: "Para ver as noticias fale !notice".
[17/08/2014 13:24:53] Anjo pk has logged out.
[17/08/2014 13:24:54] Anjo pk has logged in.
[17/08/2014 13:25:19] Mlktop has logged out.
[17/08/2014 13:25:21] Mlktop has logged in.
[17/08/2014 13:25:25] Pally Brisado has logged out.
[17/08/2014 13:25:28] Mlktop has logged out.
[17/08/2014 13:25:29] Pally Brisado has logged in.
[17/08/2014 13:25:33] Mlktop has logged in.
[17/08/2014 13:25:43] Yakuza has logged out.
[17/08/2014 13:25:44] Yakuza has logged in.
[17/08/2014 13:26:44] Mlktop has logged out.
[17/08/2014 13:26:47] Mlktop has logged in.
[17/08/2014 13:26:48] Secret Circle has logged out.
[17/08/2014 13:26:49] Anjo pk has logged out.
[17/08/2014 13:26:51] Secret Circle has logged in.
[17/08/2014 13:26:51] Anjo pk has logged in.
[17/08/2014 13:27:43] Anjo pk has logged out.
[17/08/2014 13:27:44] Anjo pk has logged in.
[17/08/2014 13:27:51] Arizinha Andrade has logged out.
[17/08/2014 13:27:56] Arizinha Andrade has logged in.
[17/08/2014 13:28:52] Anjo pk has logged out.
[17/08/2014 13:28:53] Anjo pk has logged in.
[17/08/2014 13:29:25] Mlktop has logged out.
[17/08/2014 13:29:28] Mlktop has logged in.
[17/08/2014 13:29:30] Pally Brisado has logged out.
[17/08/2014 13:29:32] Anjo pk has logged out.
[17/08/2014 13:29:32] Pally Brisado has logged in.
[17/08/2014 13:29:34] Anjo pk has logged in.
[17/08/2014 13:30:54] Mlktop has logged out.
[17/08/2014 13:30:57] Mlktop has logged in.
[17/08/2014 13:31:08] > Broadcasted message: "Para ver a lista de proximos tutores digite !tutores.".
[17/08/2014 13:31:28] Mlktop has logged out.
[17/08/2014 13:31:30] Mlktop has logged in.
[17/08/2014 13:32:19] Yakuza has logged out.
[17/08/2014 13:32:20] Yakuza has logged in.
[17/08/2014 13:32:44] Anjo pk has logged out.
[17/08/2014 13:32:44] Mata Pally has logged out.
[17/08/2014 13:32:45] Anjo pk has logged in.
[17/08/2014 13:32:46] Mata Pally has logged in.
[17/08/2014 13:33:29] Mlktop has logged out.
[17/08/2014 13:33:31] Mlktop has logged in.
[17/08/2014 13:33:42] Mlktop has logged out.
[17/08/2014 13:33:44] Mlktop has logged in.
[17/08/2014 13:33:49] Juninhosza has logged out.
[17/08/2014 13:33:50] Juninhosza has logged in.
[17/08/2014 13:34:11] > Broadcasted message: "Game map cleaning in 1 minute, please pick up all your items.".
[17/08/2014 13:34:18] Mlktop has logged out.
[17/08/2014 13:34:21] Mlktop has logged in.
[17/08/2014 13:34:22] Anjo pk has logged out.
[17/08/2014 13:34:23] Anjo pk has logged in.
[17/08/2014 13:34:41] > CLEAN: Removed 103 items from 159 tiles in 0.169 seconds.
[17/08/2014 13:34:41] > Broadcasted message: "Map Cleaned.".
[17/08/2014 13:34:44] Juninhosza has logged out.
[17/08/2014 13:34:45] Juninhosza has logged in.
[17/08/2014 13:34:46] Mlktop has logged out.
[17/08/2014 13:34:48] Mlktop has logged in.
[17/08/2014 13:34:53] Anjo pk has logged out.
[17/08/2014 13:34:54] Anjo pk has logged in.
[17/08/2014 13:34:55] Mlktop has logged out.
[17/08/2014 13:34:57] Mlktop has logged in.
[17/08/2014 13:35:04] Mlktop has logged out.
[17/08/2014 13:35:06] Mlktop has logged in.
[17/08/2014 13:35:17] Mlktop has logged out.
[17/08/2014 13:35:18] Mlktop has logged in.
[17/08/2014 13:35:27] Black Jose has logged out.
[17/08/2014 13:35:28] Black Jose has logged in.
[17/08/2014 13:36:06] Mlktop has logged out.
[17/08/2014 13:36:08] Mlktop has logged in.
[17/08/2014 13:36:12] Mlktop has logged out.
[17/08/2014 13:36:14] Mlktop has logged in.
[17/08/2014 13:36:18] Yakuza has logged out.
[17/08/2014 13:36:20] Yakuza has logged in.
[17/08/2014 13:37:15] Arizinha Andrade has logged out.
[17/08/2014 13:37:16] Arizinha Andrade has logged in.
[17/08/2014 13:37:26] Mlktop has logged out.
[17/08/2014 13:37:28] Mlktop has logged in.
[17/08/2014 13:37:37] Mlktop has logged out.
[17/08/2014 13:37:38] Mlktop has logged in.
[17/08/2014 13:37:49] > Broadcasted message: "Para esclarecer algumas duvidas digite !notice, para mais informacoes fale com um [CM]".
[17/08/2014 13:37:51] Mlktop has logged out.
[17/08/2014 13:37:52] Mlktop has logged in.
[17/08/2014 13:38:10] Black Jose has logged out.
[17/08/2014 13:38:11] Black Jose has logged in.
[17/08/2014 13:38:49] Anjo pk has logged out.
[17/08/2014 13:38:50] Anjo pk has logged in.
[17/08/2014 13:39:00] Mlktop has logged out.
[17/08/2014 13:39:02] Mlktop has logged in.
[17/08/2014 13:39:50] Mlktop has logged out.
[17/08/2014 13:39:52] Mlktop has logged in.
[17/08/2014 13:40:11] Mata Pally has logged out.
[17/08/2014 13:40:19] Mata Pally has logged in.
[17/08/2014 13:40:30] Mlktop has logged out.
[17/08/2014 13:40:32] Mlktop has logged in.
[17/08/2014 13:40:37] Mlktop has logged out.
[17/08/2014 13:40:39] Mlktop has logged in.
[17/08/2014 13:40:46] Juninhosza has logged out.
[17/08/2014 13:40:47] Juninhosza has logged in.
[17/08/2014 13:41:04] Mlktop has logged out.
[17/08/2014 13:41:06] Mlktop has logged in.
[17/08/2014 13:41:24] Yakuza has logged out.
[17/08/2014 13:41:56] Arizinha Andrade has logged out.
[17/08/2014 13:41:57] Arizinha Andrade has logged in.
[17/08/2014 13:42:06] Manager has logged in.
[17/08/2014 13:42:24] Mlktop has logged out.
[17/08/2014 13:42:26] Mlktop has logged in.
[17/08/2014 13:42:30] Mlktop has logged out.
[17/08/2014 13:42:32] Mlktop has logged in.
[17/08/2014 13:42:41] Mlktop has logged out.
[17/08/2014 13:42:43] Mlktop has logged in.
[17/08/2014 13:42:54] Mlktop has logged out.
[17/08/2014 13:42:56] Mlktop has logged in.
[17/08/2014 13:42:57] Manager has logged out.
[17/08/2014 13:42:59] Manager has logged in.
[17/08/2014 13:43:53] Mata Pally has logged out.
[17/08/2014 13:43:54] Fanta-limao has logged in.
[17/08/2014 13:43:58] Mata Pally has logged in.
[17/08/2014 13:43:59] Juninhosza has logged out.
[17/08/2014 13:44:03] Juninhosza has logged in.
[17/08/2014 13:44:30] > Broadcasted message: "Sempre Ao Criar Uma Conta, Pegue A RK Dela No Account Manager Da Conta E Anote, Nunca Passe A Sua Senha Para Outras Pessoas, E Ao Entrar Em Outros OT´s Crie Contas Diferentes Para Não Sofrer HACKED, Não Me Responsabilizo Por Perdas, Obrigado".
[17/08/2014 13:44:52] Yakuza has logged in.
[17/08/2014 13:45:03] Mata Pally has logged out.
[17/08/2014 13:45:04] Mata Pally has logged in.
[17/08/2014 13:45:30] Mlktop has logged out.
[17/08/2014 13:45:30] Manager has logged out.
[17/08/2014 13:45:33] Mlktop has logged in.
[17/08/2014 13:45:39] Mlktop has logged out.
[17/08/2014 13:45:43] Mlktop has logged in.
[17/08/2014 13:46:15] Fanta-limao has logged out.
[17/08/2014 13:46:19] Fanta-limao has logged in.
[17/08/2014 13:46:24] Mlktop has logged out.
[17/08/2014 13:46:27] Mlktop has logged in.
[17/08/2014 13:46:41] Mlktop has logged out.
[17/08/2014 13:46:43] Mlktop has logged in.
[17/08/2014 13:46:49] Fanta-limao has logged out.
[17/08/2014 13:46:52] Fanta-limao has logged in.
[17/08/2014 13:46:59] Arizinha Andrade has logged out.
[17/08/2014 13:47:03] Arizinha Andrade has logged in.
[17/08/2014 13:47:22] Mlktop has logged out.
[17/08/2014 13:47:25] Mlktop has logged in.
[17/08/2014 13:47:34] Fanta-limao has logged out.
[17/08/2014 13:47:36] Fanta-limao has logged in.
[17/08/2014 13:47:45] Mlktop has logged out.
[17/08/2014 13:47:48] Mlktop has logged in.
[17/08/2014 13:47:59] Mlktop has logged out.
[17/08/2014 13:48:02] Mlktop has logged in.
[17/08/2014 13:48:19] Mlktop has logged out.
[17/08/2014 13:48:20] Juninhosza has logged out.
[17/08/2014 13:48:20] 
[17/08/2014 13:48:20] Lua Script Error: [CreatureScript Interface] 
[17/08/2014 13:48:20] data/creaturescripts/scripts/playerdeath.lua:onDeath
[17/08/2014 13:48:21] 
[17/08/2014 13:48:21] luaGetCreatureName(). Creature not found
[17/08/2014 13:48:21] 
[17/08/2014 13:48:21] Lua Script Error: [CreatureScript Interface] 
[17/08/2014 13:48:21] data/creaturescripts/scripts/playerdeath.lua:onDeath
[17/08/2014 13:48:22] 
[17/08/2014 13:48:22] luaGetCreatureName(). Creature not found
[17/08/2014 13:48:22] Mata Pally has logged out.
[17/08/2014 13:48:23] Boss-sykes has logged in.
[17/08/2014 13:48:24] Mlktop has logged in.
[17/08/2014 13:48:25] Mata Pally has logged in.
[17/08/2014 13:48:27] Juninhosza has logged in.
[17/08/2014 13:48:34] Fanta-limao has logged out.
[17/08/2014 13:48:36] Fanta-limao has logged in.
[17/08/2014 13:48:41] Juninhosza has logged out.
[17/08/2014 13:48:45] Juninhosza has logged in.
[17/08/2014 13:48:53] Mata Pally has logged out.
[17/08/2014 13:48:55] Mata Pally has logged in.
[17/08/2014 13:49:06] Fanta-limao has logged out.
[17/08/2014 13:49:09] Fanta-limao has logged in.
[17/08/2014 13:49:21] Fanta-limao has logged out.
[17/08/2014 13:49:24] Fanta-limao has logged in.
[17/08/2014 13:49:41] Mlktop has logged out.
[17/08/2014 13:49:43] Anjo pk has logged out.
[17/08/2014 13:49:44] Mlktop has logged in.
[17/08/2014 13:49:45] Anjo pk has logged in.
[17/08/2014 13:49:48] Fanta-limao has logged out.
[17/08/2014 13:49:50] Fanta-limao has logged in.
[17/08/2014 13:50:03] Yakuza has logged out.
[17/08/2014 13:50:04] Mlktop has logged out.
[17/08/2014 13:50:07] Yakuza has logged in.
[17/08/2014 13:50:08] Mlktop has logged in.
[17/08/2014 13:50:17] Pally Brisado has logged out.
[17/08/2014 13:50:18] Juninhosza has logged out.
[17/08/2014 13:50:20] Pally Brisado has logged in.
[17/08/2014 13:50:22] Juninhosza has logged in.
[17/08/2014 13:50:27] Mlktop has logged out.
[17/08/2014 13:50:30] Mlktop has logged in.
[17/08/2014 13:50:44] > Saving server...
[17/08/2014 13:50:47] > SAVE: Complete in 3.119 seconds using relational house storage.
[17/08/2014 13:50:52] > Broadcasted message: "Game map cleaning in 1 minute, please pick up all your items.".
[17/08/2014 13:50:53] Mlktop has logged out.
[17/08/2014 13:50:56] Mlktop has logged in.
[17/08/2014 13:51:07] Arizinha Andrade has logged out.
[17/08/2014 13:51:08] Fanta-limao has logged out.
[17/08/2014 13:51:10] Arizinha Andrade has logged in.
[17/08/2014 13:51:10] Fanta-limao has logged in.
[17/08/2014 13:51:11] > Broadcasted message: "Sempre Ao Criar Uma Conta, Pegue A RK Dela No Account Manager Da Conta E Anote, Nunca Passe A Sua Senha Para Outras Pessoas, E Ao Entrar Em Outros OT´s Crie Contas Diferentes Para Não Sofrer HACKED, Não Me Responsabilizo Por Perdas, Obrigado".
[17/08/2014 13:51:22] > CLEAN: Removed 1703 items from 935 tiles in 0.175 seconds.
[17/08/2014 13:51:22] > Broadcasted message: "Map Cleaned.".
[17/08/2014 13:51:23] Arizinha Andrade has logged out.
[17/08/2014 13:51:25] Arizinha Andrade has logged in.
[17/08/2014 13:51:39] Mlktop has logged out.
[17/08/2014 13:51:41] Malkr has logged in.
[17/08/2014 13:51:48] Arizinha Andrade has logged out.
[17/08/2014 13:51:49] Fanta-limao has logged out.
[17/08/2014 13:51:51] Arizinha Andrade has logged in.
[17/08/2014 13:51:52] Fanta-limao has logged in.
[17/08/2014 13:51:53] Fanta-limao has logged out.
[17/08/2014 13:52:11] Malkr has logged out.
[17/08/2014 13:52:16] Malkr has logged in.
[17/08/2014 13:52:25] Boss-sykes has logged out.
[17/08/2014 13:52:31] Fanta-limao has logged in.
[17/08/2014 13:52:42] Boss-sykes has logged in.
[17/08/2014 13:52:43] Juninhosza has logged out.
[17/08/2014 13:52:51] Black Jose has logged out.
[17/08/2014 13:52:53] Black Jose has logged in.
[17/08/2014 13:53:23] Druidd has logged in.
[17/08/2014 13:53:26] Druidd has logged out.
[17/08/2014 13:53:29] Druidd has logged in.
[17/08/2014 13:53:29] Duff Maluko has logged in.
[17/08/2014 13:53:34] Anjo pk has logged out.
[17/08/2014 13:53:36] Anjo pk has logged in.
[17/08/2014 13:53:44] Black Jose has logged out.
[17/08/2014 13:53:45] Black Jose has logged in.
[17/08/2014 13:53:51] Maluko duff has logged in.
[17/08/2014 13:53:56] Druidd has logged out.
[17/08/2014 13:54:00] Druidd has logged in.
[17/08/2014 13:54:13] Fanta-limao has logged out.
[17/08/2014 13:54:14] Fanta-limao has logged in.
[17/08/2014 13:54:16] Druidd has logged out.
[17/08/2014 13:54:21] Druidd has logged in.
[17/08/2014 13:54:21] Duff Maluko has logged out.
[17/08/2014 13:54:23] Druidd has logged out.
[17/08/2014 13:54:30] Malkr has logged out.
[17/08/2014 13:54:30] Mata Pally has logged out.
[17/08/2014 13:54:32] Malkr has logged in.
[17/08/2014 13:54:35] Juninhosza has logged in.
[17/08/2014 13:55:11] Maluko duff has logged out.
[17/08/2014 13:55:19] Juninhosza has logged out.
[17/08/2014 13:55:27] Juninhosz has logged in.
[17/08/2014 13:55:31] Juninhosza has logged in.
[17/08/2014 13:55:41] Secret Circle has logged out.
[17/08/2014 13:55:44] Secret Circle has logged in.
[17/08/2014 13:56:10] Anjo pk has logged out.
[17/08/2014 13:56:11] Arizinha Andrade has logged out.
[17/08/2014 13:56:12] Anjo pk has logged in.
[17/08/2014 13:56:13] Arizinha Andrade has logged in.
[17/08/2014 13:56:39] Arizinha Andrade has logged out.
[17/08/2014 13:56:40] Arizinha Andrade has logged in.
[17/08/2014 13:57:52] > Broadcasted message: "Sempre Ao Criar Uma Conta, Pegue A RK Dela No Account Manager Da Conta E Anote, Nunca Passe A Sua Senha Para Outras Pessoas, E Ao Entrar Em Outros OT´s Crie Contas Diferentes Para Não Sofrer HACKED, Não Me Responsabilizo Por Perdas, Obrigado".
[17/08/2014 13:58:42] Anjo pk has logged out.
[17/08/2014 13:58:43] Anjo pk has logged in.
[17/08/2014 13:59:05] Secret Circle has logged out.
[17/08/2014 13:59:07] Secret Circle has logged in.
[17/08/2014 14:00:05] Fanta-limao has logged out.
[17/08/2014 14:00:08] Black Jose has logged out.
[17/08/2014 14:00:09] Fanta-limao has logged in.
[17/08/2014 14:00:12] Black Jose has logged in.
[17/08/2014 14:00:54] Anjo pk has logged out.
[17/08/2014 14:00:56] Anjo pk has logged in.
[17/08/2014 14:01:05] Secret Circle has logged out.
[17/08/2014 14:01:08] Secret Circle has logged in.
[17/08/2014 14:01:55] Nadador Arqueiro has logged in.
[17/08/2014 14:02:21] Fanta-limao has logged out.
[17/08/2014 14:02:21] 
[17/08/2014 14:02:21] Lua Script Error: [CreatureScript Interface] 
[17/08/2014 14:02:21] data/creaturescripts/scripts/playerdeath.lua:onDeath
[17/08/2014 14:02:22] 
[17/08/2014 14:02:22] luaGetCreatureName(). Creature not found
[17/08/2014 14:02:22] 
[17/08/2014 14:02:22] Lua Script Error: [CreatureScript Interface] 
[17/08/2014 14:02:22] data/creaturescripts/scripts/playerdeath.lua:onDeath
[17/08/2014 14:02:22] 
[17/08/2014 14:02:22] luaGetCreatureName(). Creature not found
[17/08/2014 14:02:23] Black Jose has logged out.
[17/08/2014 14:02:25] Fanta-limao has logged in.
[17/08/2014 14:02:25] Black Jose has logged in.
[17/08/2014 14:03:11] Arizinha Andrade has logged out.
[17/08/2014 14:03:14] Arizinha Andrade has logged in.
[17/08/2014 14:03:22] Juninhosza has logged out.
[17/08/2014 14:03:26] Juninhosza has logged in.
[17/08/2014 14:03:43] Malkr has logged out.
[17/08/2014 14:03:52] Mata Pally has logged in.
[17/08/2014 14:04:14] Fanta-limao has logged out.
[17/08/2014 14:04:26] Fanta-limao has logged in.
[17/08/2014 14:04:33] > Broadcasted message: "Para esclarecer algumas duvidas digite !notice, para mais informacoes fale com um [CM]".
[17/08/2014 14:05:10] Juninhosz has logged out.
[17/08/2014 14:05:31] Arizinha Andrade has logged out.
[17/08/2014 14:05:33] Nadador Arqueiro has logged out.
[17/08/2014 14:05:35] Arizinha Andrade has logged in.
[17/08/2014 14:05:36] Nadador Arqueiro has logged in.
[17/08/2014 14:05:37] Skise Da Xurupita has logged in.
[17/08/2014 14:05:42] Skise Da Xurupita has logged out.
[17/08/2014 14:05:44] Striiker Da Xurupita has logged in.
[17/08/2014 14:05:51] Anjo pk has logged out.
[17/08/2014 14:05:54] Anjo pk has logged in.
[17/08/2014 14:07:22] Fanta-limao has logged out.
[17/08/2014 14:07:25] Fanta-limao has logged in.
[17/08/2014 14:07:33] > Broadcasted message: "Game map cleaning in 1 minute, please pick up all your items.".
[17/08/2014 14:08:00] Anjo pk has logged out.
[17/08/2014 14:08:02] Anjo pk has logged in.
[17/08/2014 14:08:04] > CLEAN: Removed 3034 items from 1572 tiles in 0.51 seconds.
[17/08/2014 14:08:04] > Broadcasted message: "Map Cleaned.".
[17/08/2014 14:08:40] Nadador Arqueiro has logged out.
[17/08/2014 14:08:43] Nadador Arqueiro has logged in.
[17/08/2014 14:09:12] Black Jose has logged out.
[17/08/2014 14:09:14] Black Jose has logged in.
[17/08/2014 14:09:41] Black Jose has logged out.
[17/08/2014 14:09:42] Black Jose has logged in.
[17/08/2014 14:09:57] Fanta-limao has logged out.
[17/08/2014 14:11:14] > Broadcasted message: "Para comprar bless digite !bless".
[17/08/2014 14:12:34] Pally Brisado has logged out.
[17/08/2014 14:12:52] Nois Que Voa Bruxao has logged in.
[17/08/2014 14:12:57] Fanta-limao has logged in.
[17/08/2014 14:13:05] Pally Brisado has logged in.
[17/08/2014 14:13:56] Legal Fera has logged in.
[17/08/2014 14:14:00] Mohamed Hachid has logged in.
[17/08/2014 14:14:46] Nadador Arqueiro has logged out.
[17/08/2014 14:15:25] Gotak has logged in.
[17/08/2014 14:15:41] Arizinha Andrade has logged out.
[17/08/2014 14:15:43] Arizinha Andrade has logged in.
[17/08/2014 14:16:02] Maluko duff has logged in.
[17/08/2014 14:17:40] Gotak has logged out.
[17/08/2014 14:17:44] Gotak has logged in.
[17/08/2014 14:17:55] > Broadcasted message: "Para ver as noticias fale !notice".
[17/08/2014 14:18:09] Mata Pally has logged out.
[17/08/2014 14:18:11] Mata Pally has logged in.
[17/08/2014 14:18:35] Gotak has logged out.
[17/08/2014 14:18:38] Gotak has logged in.
[17/08/2014 14:19:08] Nois Que Voa Bruxao has logged out.
[17/08/2014 14:19:09] Nois Que Voa Bruxao has logged in.
[17/08/2014 14:19:29] Black Jose has logged out.
[17/08/2014 14:19:32] Black Jose has logged in.
[17/08/2014 14:20:41] Alvo Severo Potter has logged in.
[17/08/2014 14:20:56] Mata Pally has logged out.
[17/08/2014 14:20:59] Mata Pally has logged in.
[17/08/2014 14:21:29] Alvo Severo Potter has logged out.
[17/08/2014 14:21:51] Kina Pra Q has logged in.
[17/08/2014 14:21:53] Kina Pra Q has logged out.
[17/08/2014 14:21:56] Kina Pra Q has logged in.
[17/08/2014 14:21:57] Kina Pra Q has logged out.
[17/08/2014 14:22:12] Anjo pk has logged out.
[17/08/2014 14:22:14] Anjo pk has logged in.
[17/08/2014 14:22:21] Gotak has logged out.
[17/08/2014 14:22:23] Kina Pra Q has logged in.
[17/08/2014 14:22:34] Pally Da Morte has logged in.
[17/08/2014 14:22:41] Gotak has logged in.
[17/08/2014 14:22:42] Gotak has logged out.
[17/08/2014 14:22:45] Gotak has logged in.
[17/08/2014 14:22:47] Gotak has logged out.
[17/08/2014 14:22:52] Juninhosza has logged out.
[17/08/2014 14:23:02] Kina Pra Q has logged out.
[17/08/2014 14:23:08] Maluko duff has logged out.
[17/08/2014 14:23:11] Gotak has logged in.
[17/08/2014 14:24:05] > Saving server...
[17/08/2014 14:24:09] > SAVE: Complete in 4.123 seconds using relational house storage.
[17/08/2014 14:24:14] > Broadcasted message: "Game map cleaning in 1 minute, please pick up all your items.".
[17/08/2014 14:24:36] > Broadcasted message: "Para esclarecer algumas duvidas digite !notice, para mais informacoes fale com um [CM]".
[17/08/2014 14:24:45] > CLEAN: Removed 4395 items from 2424 tiles in 0.293 seconds.
[17/08/2014 14:24:45] > Broadcasted message: "Map Cleaned.".
[17/08/2014 14:25:11] Pally Da Morte has logged out.
[17/08/2014 14:25:13] Pally Da Morte has logged in.
[17/08/2014 14:25:47] Pally Da Morte has logged out.
[17/08/2014 14:25:48] Gotak has logged out.
[17/08/2014 14:25:49] Pally Da Morte has logged in.
[17/08/2014 14:25:52] Gotak has logged in.
[17/08/2014 14:27:20] Gotak has logged out.
[17/08/2014 14:27:23] Gotak has logged in.
[17/08/2014 14:28:27] Mohamed Hachid has logged out.
[17/08/2014 14:29:03] Gotak has logged out.
[17/08/2014 14:29:07] Gotak has logged in.
[17/08/2014 14:29:31] Arizinha Andrade has logged out.
[17/08/2014 14:29:33] Arizinha Andrade has logged in.
[17/08/2014 14:29:38] Legal Fera has logged out.
[17/08/2014 14:29:39] Black Jose has logged out.
[17/08/2014 14:29:43] Gotak has logged out.
[17/08/2014 14:29:46] Gotak has logged in.
[17/08/2014 14:29:56] Legal Fera has logged in.
[17/08/2014 14:30:28] Anjo pk has logged out.
[17/08/2014 14:30:31] Anjo pk has logged in.
[17/08/2014 14:30:54] Gotak has logged out.
[17/08/2014 14:30:59] Gotak has logged in.
[17/08/2014 14:31:17] > Broadcasted message: "Novo CLIENTE = http://www.4shared.com/rar/Xvc96eOece/Death_PVP.html".
[17/08/2014 14:32:17] Fanta-limao has logged out.
[17/08/2014 14:32:20] Fanta-limao has logged in.
[17/08/2014 14:32:25] Legal Fera has logged out.
[17/08/2014 14:32:31] Striiker Da Xurupita has logged out.
[17/08/2014 14:32:32] Gotak has logged out.
[17/08/2014 14:32:38] Gotak has logged in.
[17/08/2014 14:32:38] Striiker Da Xurupita has logged in.
[17/08/2014 14:32:49] Gotak has logged out.
[17/08/2014 14:33:22] Fanta-limao has logged out.
[17/08/2014 14:33:24] Nois Que Voa Bruxao has logged out.
[17/08/2014 14:33:26] Fanta-limao has logged in.
[17/08/2014 14:33:27] Nois Que Voa Bruxao has logged in.
[17/08/2014 14:33:45] Pally Da Morte has logged out.
[17/08/2014 14:33:51] Sambaki has logged in.
[17/08/2014 14:33:59] Fanta-limao has logged out.
[17/08/2014 14:34:00] Fanta-limao has logged in.
[17/08/2014 14:34:25] Fanta-limao has logged out.
[17/08/2014 14:34:27] Fanta-limao has logged in.
[17/08/2014 14:34:56] Account Manager has logged in.
[17/08/2014 14:36:01] Account Manager has logged out.
[17/08/2014 14:36:12] Account Manager has logged in.
[17/08/2014 14:36:31] Nois Que Voa Bruxao has logged out.
[17/08/2014 14:36:36] Nois Que Voa Bruxao has logged in.
[17/08/2014 14:36:48] Account Manager has logged out.
[17/08/2014 14:36:56] Anarksta has logged in.
[17/08/2014 14:37:58] > Broadcasted message: "Novo CLIENTE = http://www.4shared.com/rar/Xvc96eOece/Death_PVP.html".
[17/08/2014 14:38:40] Anarksta has logged out.
[17/08/2014 14:40:07] Secret Circle has logged out.
[17/08/2014 14:40:10] Secret Circle has logged in.
[17/08/2014 14:40:39] Boss-sykes has logged out.
[17/08/2014 14:40:43] Boss-sykes has logged in.
[17/08/2014 14:40:55] > Broadcasted message: "Game map cleaning in 1 minute, please pick up all your items.".
[17/08/2014 14:41:26] > CLEAN: Removed 3966 items from 1745 tiles in 0.344 seconds.
[17/08/2014 14:41:26] > Broadcasted message: "Map Cleaned.".
[17/08/2014 14:41:27] Nois Que Voa Bruxao has logged out.
[17/08/2014 14:41:30] Nois Que Voa Bruxao has logged in.
[17/08/2014 14:42:42] Nois Que Voa Bruxao has logged out.
[17/08/2014 14:42:43] Nois Que Voa Bruxao has logged in.
[17/08/2014 14:42:45] Secret Circle has logged out.
[17/08/2014 14:42:49] Secret Circle has logged in.
[17/08/2014 14:43:49] Sambaki has logged out.
[17/08/2014 14:43:54] Sambaki has logged in.
[17/08/2014 14:44:17] Fanta-limao has logged out.
[17/08/2014 14:44:19] Fanta-limao has logged in.
[17/08/2014 14:44:27] Arizinha Andrade has logged out.
[17/08/2014 14:44:30] Arizinha Andrade has logged in.
[17/08/2014 14:44:39] > Broadcasted message: "Para ver as noticias fale !notice".
[17/08/2014 14:45:01] Secret Circle has logged out.
[17/08/2014 14:45:03] Secret Circle has logged in.
[17/08/2014 14:45:15] Arizinha Andrade has logged out.
[17/08/2014 14:45:19] Arizinha Andrade has logged in.
[17/08/2014 14:46:18] Fanta-limao has logged out.
[17/08/2014 14:46:19] Fanta-limao has logged in.
[17/08/2014 14:47:22] Anjo pk has logged out.
[17/08/2014 14:47:52] Anjo pk has logged in.
[17/08/2014 14:48:09] Fanta-limao has logged out.
[17/08/2014 14:48:12] Fanta-limao has logged in.
[17/08/2014 14:48:43] Legal Fera has logged in.
[17/08/2014 14:49:12] Sambaki has logged out.
[17/08/2014 14:49:14] Anjo pk has logged out.
[17/08/2014 14:49:15] Sambaki has logged in.
[17/08/2014 14:49:18] Anjo pk has logged in.
[17/08/2014 14:50:21] Yakuza has logged out.
[17/08/2014 14:50:23] Yakuza has logged in.
[17/08/2014 14:51:05] Yakuza has logged out.
[17/08/2014 14:51:06] 
[17/08/2014 14:51:06] Lua Script Error: [CreatureScript Interface] 
[17/08/2014 14:51:06] data/creaturescripts/scripts/playerdeath.lua:onDeath
[17/08/2014 14:51:07] 
[17/08/2014 14:51:07] luaGetCreatureName(). Creature not found
[17/08/2014 14:51:07] 
[17/08/2014 14:51:07] Lua Script Error: [CreatureScript Interface] 
[17/08/2014 14:51:07] data/creaturescripts/scripts/playerdeath.lua:onDeath
[17/08/2014 14:51:08] 
[17/08/2014 14:51:08] luaGetCreatureName(). Creature not found
[17/08/2014 14:51:08] Fanta-limao has logged out.
[17/08/2014 14:51:10] Yakuza has logged in.
[17/08/2014 14:51:11] Fanta-limao has logged in.
[17/08/2014 14:51:20] > Broadcasted message: "Ot on das 07:00 as 00:00".
[17/08/2014 14:51:28] Yakuza has logged out.
[17/08/2014 14:51:30] Sambaki has logged out.
[17/08/2014 14:51:31] Yakuza has logged in.
[17/08/2014 14:51:32] Yakuza has logged out.
[17/08/2014 14:51:33] Sambaki has logged in.
[17/08/2014 14:51:54] Yakuza has logged in.
[17/08/2014 14:52:05] Yakuza has logged out.
[17/08/2014 14:52:10] Sambaki has logged out.
[17/08/2014 14:52:13] Sambaki has logged in.
[17/08/2014 14:52:16] Anjo pk has logged out.
[17/08/2014 14:52:18] Anjo pk has logged in.
[17/08/2014 14:52:37] Mlk Piranha has logged in.
[17/08/2014 14:52:43] Mlk Piranha has logged out.
[17/08/2014 14:52:45] Yakuza has logged in.
[17/08/2014 14:52:51] Anjo pk has logged out.
[17/08/2014 14:52:53] Anjo pk has logged in.
[17/08/2014 14:52:54] Anjo pk has logged out.
[17/08/2014 14:53:00] Anjo pk has logged in.
[17/08/2014 14:53:16] Yakuza has logged out.
[17/08/2014 14:53:19] Yakuza has logged in.
[17/08/2014 14:53:27] Nadador Arqueiro has logged in.
[17/08/2014 14:54:52] Sambaki has logged out.
[17/08/2014 14:54:56] Striiker Da Xurupita has logged out.
[17/08/2014 14:54:58] Sambaki has logged in.
[17/08/2014 14:55:32] Sambaki has logged out.
[17/08/2014 14:55:35] Sambaki has logged in.
[17/08/2014 14:56:28] Account Manager has logged in.
[17/08/2014 14:56:45] Account Manager has logged out.
[17/08/2014 14:57:09] Account Manager has logged in.
[17/08/2014 14:57:24] Sambaki has logged out.
[17/08/2014 14:57:26] Sambaki has logged in.
[17/08/2014 14:57:27] > Saving server...
[17/08/2014 14:57:30] > SAVE: Complete in 3.408 seconds using relational house storage.
[17/08/2014 14:57:36] > Broadcasted message: "Game map cleaning in 1 minute, please pick up all your items.".
[17/08/2014 14:57:42] Account Manager has logged out.
[17/08/2014 14:58:01] > Broadcasted message: "Sempre Ao Criar Uma Conta, Pegue A RK Dela No Account Manager Da Conta E Anote, Nunca Passe A Sua Senha Para Outras Pessoas, E Ao Entrar Em Outros OT´s Crie Contas Diferentes Para Não Sofrer HACKED, Não Me Responsabilizo Por Perdas, Obrigado".
[17/08/2014 14:58:05] Account Manager has logged in.
[17/08/2014 14:58:05] Account Manager has logged out.
[17/08/2014 14:58:07] > CLEAN: Removed 3119 items from 2350 tiles in 0.607 seconds.
[17/08/2014 14:58:07] > Broadcasted message: "Map Cleaned.".
[17/08/2014 14:58:07] Eternal Ozzot has logged in.
[17/08/2014 14:58:08] Account Manager has logged in.
[17/08/2014 14:58:12] Account Manager has logged out.
[17/08/2014 14:58:14] Anjo pk has logged out.
[17/08/2014 14:58:16] Anjo pk has logged in.
[17/08/2014 14:58:18] Bolt Action has logged in.
[17/08/2014 14:58:35] Nadador Arqueiro has logged out.
[17/08/2014 14:58:36] Sambaki has logged out.
[17/08/2014 14:58:38] Nadador Arqueiro has logged in.
[17/08/2014 14:58:39] Sambaki has logged in.
[17/08/2014 14:59:19] Sambaki has logged out.
[17/08/2014 14:59:21] Sambaki has logged in.
[17/08/2014 15:00:44] Nois Que Voa Bruxao has logged out.
[17/08/2014 15:00:46] Nois Que Voa Bruxao has logged in.
[17/08/2014 15:01:03] Striiker Da Xurupita has logged in.
[17/08/2014 15:01:24] Bolt Action has logged out.
[17/08/2014 15:01:29] Bolt Action has logged in.
[17/08/2014 15:02:23] Fanta-limao has logged out.
[17/08/2014 15:02:25] Fanta-limao has logged in.
[17/08/2014 15:02:38] Striiker Da Xurupita has logged out.
[17/08/2014 15:03:12] Secret Circle has logged out.
[17/08/2014 15:03:14] Secret Circle has logged in.
[17/08/2014 15:03:50] Secret Circle has logged out.
[17/08/2014 15:03:52] Secret Circle has logged in.
[17/08/2014 15:04:06] Legal Fera has logged out.
[17/08/2014 15:04:08] Legal Fera has logged in.
[17/08/2014 15:04:24] Legal Fera has logged out.
[17/08/2014 15:04:25] Legal Fera has logged in.
[17/08/2014 15:04:31] Legal Fera has logged out.
[17/08/2014 15:04:42] > Broadcasted message: "Para comprar bless digite !bless".
[17/08/2014 15:04:49] Legal Fera has logged in.
[17/08/2014 15:05:47] Boss-sykes has logged out.
[17/08/2014 15:05:53] Boss-sykes has logged in.
[17/08/2014 15:06:42] Yakuza has logged out.
[17/08/2014 15:07:16] Druidzerah Mythus has logged in.
[17/08/2014 15:08:36] Secret Circle has logged out.
[17/08/2014 15:08:47] Secret Circle has logged in.
[17/08/2014 15:10:18] Pally Da Morte has logged in.
[17/08/2014 15:10:21] Secret Circle has logged out.
[17/08/2014 15:10:22] Pally Da Morte has logged out.
[17/08/2014 15:10:23] Pallyzinho has logged in.
[17/08/2014 15:10:28] Yakuza has logged in.
[17/08/2014 15:10:32] Secret Circle has logged in.
[17/08/2014 15:10:39] Bolt Action has logged out.
[17/08/2014 15:10:41] Bolt Action has logged in.
[17/08/2014 15:11:23] > Broadcasted message: "Novo CLIENTE = http://www.4shared.com/rar/Xvc96eOece/Death_PVP.html".
[17/08/2014 15:11:35] Bolt Action has logged out.
[17/08/2014 15:11:37] Bolt Action has logged in.
[17/08/2014 15:11:46] Pallyzinho has logged out.
[17/08/2014 15:11:48] Pallyzinho has logged in.
[17/08/2014 15:12:13] Secret Circle has logged out.
[17/08/2014 15:12:24] Nadador Arqueiro has logged out.
[17/08/2014 15:12:26] Nadador Arqueiro has logged in.
[17/08/2014 15:12:28] Secret Circle has logged in.
[17/08/2014 15:12:33] Pallyzinho has logged out.
[17/08/2014 15:13:03] Secret Circle has logged out.
[17/08/2014 15:13:15] Secret Circle has logged in.
[17/08/2014 15:13:40] Bolt Action has logged out.
[17/08/2014 15:13:41] Bolt Action has logged in.
[17/08/2014 15:13:54] Secret Circle has logged out.
[17/08/2014 15:14:17] > Broadcasted message: "Game map cleaning in 1 minute, please pick up all your items.".
[17/08/2014 15:14:18] Secret Circle has logged in.
[17/08/2014 15:14:41] Secret Circle has logged out.
[17/08/2014 15:14:48] > CLEAN: Removed 5334 items from 2860 tiles in 0.419 seconds.
[17/08/2014 15:14:48] > Broadcasted message: "Map Cleaned.".
[17/08/2014 15:14:54] Secret Circle has logged in.
[17/08/2014 15:15:02] Eternal Ozzot has logged out.
[17/08/2014 15:15:07] Eternal Ozzot has logged in.
[17/08/2014 15:15:33] Secret Circle has logged out.
[17/08/2014 15:16:03] Secret Circle has logged in.
[17/08/2014 15:16:17] Sambaki has logged out.
[17/08/2014 15:16:25] Secret Circle has logged out.
[17/08/2014 15:16:42] Secret Circle has logged in.
[17/08/2014 15:16:56] Mata Pally has logged out.
[17/08/2014 15:16:57] Mata Pally has logged in.
[17/08/2014 15:17:30] Secret Circle has logged out.
[17/08/2014 15:17:58] Secret Circle has logged in.
[17/08/2014 15:18:04] > Broadcasted message: "Para ver a lista de proximos tutores digite !tutores.".
[17/08/2014 15:18:07] Secret Circle has logged out.
[17/08/2014 15:18:48] Secret Circle has logged in.
[17/08/2014 15:19:00] Secret Circle has logged out.
[17/08/2014 15:19:24] Secret Circle has logged in.
[17/08/2014 15:19:58] Secret Circle has logged out.
[17/08/2014 15:20:05] Bolt Action has logged out.
[17/08/2014 15:20:06] Bolt Action has logged in.
[17/08/2014 15:20:51] Secret Circle has logged in.
[17/08/2014 15:21:02] Secret Circle has logged out.
[17/08/2014 15:21:22] Secret Circle has logged in.
[17/08/2014 15:21:38] Fanta-limao has logged out.
[17/08/2014 15:21:41] Fanta-limao has logged in.
[17/08/2014 15:21:56] Secret Circle has logged out.
[17/08/2014 15:22:23] Secret Circle has logged in.
[17/08/2014 15:22:56] Secret Circle has logged out.
[17/08/2014 15:23:01] Bolt Action has logged out.
[17/08/2014 15:23:03] Bolt Action has logged in.
[17/08/2014 15:23:24] Secret Circle has logged in.
[17/08/2014 15:24:00] Fanta-limao has logged out.
[17/08/2014 15:24:02] Fanta-limao has logged in.
[17/08/2014 15:24:16] Pally Brisado has logged out.
[17/08/2014 15:24:25] Secret Circle has logged out.
[17/08/2014 15:24:45] > Broadcasted message: "Para esclarecer algumas duvidas digite !notice, para mais informacoes fale com um [CM]".
[17/08/2014 15:24:47] Secret Circle has logged in.
[17/08/2014 15:25:02] Secret Circle has logged out.
[17/08/2014 15:25:14] Secret Circle has logged in.
[17/08/2014 15:25:28] Secret Circle has logged out.
[17/08/2014 15:25:34] Secret Circle has logged in.
[17/08/2014 15:25:54] Secret Circle has logged out.
[17/08/2014 15:26:06] Secret Circle has logged in.
[17/08/2014 15:26:12] Yakuza has logged out.
[17/08/2014 15:26:13] Yakuza has logged in.
[17/08/2014 15:26:18] Secret Circle has logged out.
[17/08/2014 15:26:32] Secret Circle has logged in.
[17/08/2014 15:26:44] Secret Circle has logged out.
[17/08/2014 15:27:00] Secret Circle has logged in.
[17/08/2014 15:27:10] Secret Circle has logged out.
[17/08/2014 15:27:16] Nadador Arqueiro has logged out.
[17/08/2014 15:27:18] Nadador Arqueiro has logged in.
[17/08/2014 15:27:24] Secret Circle has logged in.
[17/08/2014 15:27:35] Secret Circle has logged out.
[17/08/2014 15:27:38] Secret Circle has logged in.
[17/08/2014 15:27:44] Bolt Action has logged out.
[17/08/2014 15:27:45] Bolt Action has logged in.
[17/08/2014 15:27:48] Secret Circle has logged out.
[17/08/2014 15:27:55] Bolt Action has logged out.
[17/08/2014 15:27:56] Bolt Action has logged in.
[17/08/2014 15:28:18] Secret Circle has logged in.
[17/08/2014 15:28:27] Secret Circle has logged out.
[17/08/2014 15:28:34] Secret Circle has logged in.
[17/08/2014 15:28:44] Secret Circle has logged out.
[17/08/2014 15:28:55] Secret Circle has logged in.
[17/08/2014 15:29:02] Eternal Ozzot has logged out.
[17/08/2014 15:29:04] Eternal Ozzot has logged in.
[17/08/2014 15:29:33] Yakuza has logged out.
[17/08/2014 15:29:46] Nois Que Voa Bruxao has logged out.
[17/08/2014 15:30:47] > Saving server...
[17/08/2014 15:30:50] > SAVE: Complete in 3.112 seconds using relational house storage.
[17/08/2014 15:30:58] > Broadcasted message: "Game map cleaning in 1 minute, please pick up all your items.".
[17/08/2014 15:31:13] Fanta-limao has logged out.
[17/08/2014 15:31:15] Fanta-limao has logged in.
[17/08/2014 15:31:26] > Broadcasted message: "Novo CLIENTE = http://www.4shared.com/rar/Xvc96eOece/Death_PVP.html".
[17/08/2014 15:31:29] > CLEAN: Removed 8564 items from 3442 tiles in 0.376 seconds.
[17/08/2014 15:31:29] > Broadcasted message: "Map Cleaned.".
[17/08/2014 15:31:56] Anjo pk has logged out.
[17/08/2014 15:31:58] Anjo pk has logged in.
[17/08/2014 15:31:58] Yakuza has logged in.
[17/08/2014 15:32:21] Nadador Arqueiro has logged out.
[17/08/2014 15:32:23] Nadador Arqueiro has logged in.
[17/08/2014 15:32:38] Bolt Action has logged out.
[17/08/2014 15:32:39] Bolt Action has logged in.
[17/08/2014 15:32:56] Bolt Action has logged out.
[17/08/2014 15:32:57] Bolt Action has logged in.
[17/08/2014 15:33:18] Anjo pk has logged out.
[17/08/2014 15:33:19] Yakuza has logged out.
[17/08/2014 15:33:20] Anjo pk has logged in.
[17/08/2014 15:33:31] Anjo pk has logged out.
[17/08/2014 15:33:33] Anjo pk has logged in.
[17/08/2014 15:33:34] Mlk Piranha has logged in.
[17/08/2014 15:33:36] Mlk Piranha has logged out.
[17/08/2014 15:33:37] Yakuza has logged in.
[17/08/2014 15:33:50] Yakuza has logged out.
[17/08/2014 15:33:51] Yakuza has logged in.
[17/08/2014 15:34:20] Nadador Arqueiro has logged out.
[17/08/2014 15:34:22] Nadador Arqueiro has logged in.
[17/08/2014 15:35:29] Bolt Action has logged out.
[17/08/2014 15:35:30] Bolt Action has logged in.
[17/08/2014 15:36:34] Anjo pk has logged out.
[17/08/2014 15:36:36] Anjo pk has logged in.
[17/08/2014 15:36:55] Bolt Action has logged out.
[17/08/2014 15:36:56] Bolt Action has logged in.
[17/08/2014 15:37:28] Yakuza has logged out.
[17/08/2014 15:37:59] Nadador Arqueiro has logged out.
[17/08/2014 15:38:01] Nadador Arqueiro has logged in.
[17/08/2014 15:38:07] > Broadcasted message: "Novo CLIENTE = http://www.4shared.com/rar/Xvc96eOece/Death_PVP.html".
[17/08/2014 15:39:21] Anjo pk has logged out.
[17/08/2014 15:39:22] Anjo pk has logged in.
[17/08/2014 15:40:08] Anjo pk has logged out.
[17/08/2014 15:40:09] Anjo pk has logged in.
[17/08/2014 15:40:49] Nadador Arqueiro has logged out.
[17/08/2014 15:40:50] Nadador Arqueiro has logged in.
[17/08/2014 15:41:56] Yakuza has logged in.
[17/08/2014 15:41:59] Anjo pk has logged out.
[17/08/2014 15:42:00] Anjo pk has logged in.
[17/08/2014 15:42:05] Bolt Action has logged out.
[17/08/2014 15:42:06] Bolt Action has logged in.
[17/08/2014 15:43:10] Anjo pk has logged out.
[17/08/2014 15:43:12] Anjo pk has logged in.
[17/08/2014 15:43:18] Yakuza has logged out.
[17/08/2014 15:43:19] Anjo pk has logged out.
[17/08/2014 15:43:20] Anjo pk has logged in.
[17/08/2014 15:43:40] Mata Pally has logged out.
[17/08/2014 15:43:41] Yakuza has logged in.
[17/08/2014 15:43:55] Maluko duff has logged in.
[17/08/2014 15:44:03] Malkr has logged in.
[17/08/2014 15:44:17] Boss-sykes has logged out.
[17/08/2014 15:44:19] Boss-sykes has logged in.
[17/08/2014 15:44:22] Anjo pk has logged out.
[17/08/2014 15:44:23] Anjo pk has logged in.
[17/08/2014 15:44:30] Nadador Arqueiro has logged out.
[17/08/2014 15:44:34] Nadador Arqueiro has logged in.
[17/08/2014 15:44:48] > Broadcasted message: "Para duvidas, eventos, e futuramente compras E-mail/Msn -> deathpvp@live.com.".
[17/08/2014 15:45:51] Secret Circle has logged out.
[17/08/2014 15:46:18] Nadador Arqueiro has logged out.
[17/08/2014 15:46:20] Nadador Arqueiro has logged in.
[17/08/2014 15:47:36] Secret Circle has logged in.
[17/08/2014 15:47:39] > Broadcasted message: "Game map cleaning in 1 minute, please pick up all your items.".
[17/08/2014 15:48:09] > CLEAN: Removed 5358 items from 1799 tiles in 0.233 seconds.
[17/08/2014 15:48:09] > Broadcasted message: "Map Cleaned.".
[17/08/2014 15:48:23] Malkr has logged out.
[17/08/2014 15:48:25] Malkr has logged in.
[17/08/2014 15:48:49] Yakuza has logged out.
[17/08/2014 15:48:55] Mlk Piranha has logged in.
[17/08/2014 15:49:35] Malkr has logged out.
[17/08/2014 15:49:37] Malkr has logged in.
[17/08/2014 15:49:47] Pally Do Kpta has logged in.
[17/08/2014 15:49:47] Anjo pk has logged out.
[17/08/2014 15:49:48] Eternal Ozzot has logged out.
[17/08/2014 15:49:49] Anjo pk has logged in.
[17/08/2014 15:49:50] Pally Do Kpta has logged out.
[17/08/2014 15:49:50] Eternal Ozzot has logged in.
[17/08/2014 15:49:51] Pally Oz Piint has logged in.
[17/08/2014 15:50:28] Secret Circle has logged out.
[17/08/2014 15:51:29] > Broadcasted message: "Sempre Ao Criar Uma Conta, Pegue A RK Dela No Account Manager Da Conta E Anote, Nunca Passe A Sua Senha Para Outras Pessoas, E Ao Entrar Em Outros OT´s Crie Contas Diferentes Para Não Sofrer HACKED, Não Me Responsabilizo Por Perdas, Obrigado".
[17/08/2014 15:51:35] Malkr has logged out.
[17/08/2014 15:51:51] Eternal Ozzot has logged out.
[17/08/2014 15:51:52] Mata Pally has logged in.
[17/08/2014 15:51:53] Eternal Ozzot has logged in.
[17/08/2014 15:51:55] Bolt Action has logged out.
[17/08/2014 15:51:56] Bolt Action has logged in.
[17/08/2014 15:52:20] Eternal Ozzot has logged out.
[17/08/2014 15:52:25] Eternal Ozzot has logged in.
[17/08/2014 15:53:46] Mata Pally has logged out.
[17/08/2014 15:53:57] Malkr has logged in.
[17/08/2014 15:54:08] Mlk Piranha has logged out.
[17/08/2014 15:54:10] Mlk Piranha has logged in.
[17/08/2014 15:54:33] Malkr has logged out.
[17/08/2014 15:54:35] Secret Circle has logged in.
[17/08/2014 15:54:42] Mata Pally has logged in.
[17/08/2014 15:54:43] Secret Circle has logged out.
[17/08/2014 15:55:19] Manager has logged in.
[17/08/2014 15:55:54] Malkr has logged in.
[17/08/2014 15:56:06] Manager has logged out.
[17/08/2014 15:56:12] Juninhosza has logged in.
[17/08/2014 15:56:17] Malkr has logged out.
[17/08/2014 15:56:19] Malkr has logged in.
[17/08/2014 15:56:20] Malkr has logged out.
[17/08/2014 15:56:29] Malkr has logged in.
[17/08/2014 15:56:31] Malkr has logged out.
[17/08/2014 15:56:56] Mlk Piranha has logged out.
[17/08/2014 15:57:08] Manager has logged in.
[17/08/2014 15:57:20] Mlk Piranha has logged in.
[17/08/2014 15:57:21] Juninhosza has logged out.
[17/08/2014 15:57:24] Juninhosza has logged in.
[17/08/2014 15:58:06] Legal Fera has logged out.
[17/08/2014 15:58:08] Legal Fera has logged in.
[17/08/2014 15:58:10] > Broadcasted message: "Para ver a lista de proximos tutores digite !tutores.".
[17/08/2014 15:58:15] Bolt Action has logged out.
[17/08/2014 15:58:17] Bolt Action has logged in.
[17/08/2014 15:58:32] Mlk Piranha has logged out.
[17/08/2014 15:58:59] Manager has logged out.
[17/08/2014 16:00:40] Arizinha Andrade has logged out.
[17/08/2014 16:01:17] Mata Pally has logged out.
[17/08/2014 16:01:22] Mata Pally has logged in.
[17/08/2014 16:01:40] Legal Fera has logged out.
[17/08/2014 16:01:43] Legal Fera has logged in.
[17/08/2014 16:02:03] Black Jose has logged in.
[17/08/2014 16:02:54] Nadador Arqueiro has logged out.
[17/08/2014 16:02:57] Nadador Arqueiro has logged in.
[17/08/2014 16:03:17] Duff Maluko has logged in.
[17/08/2014 16:04:08] > Saving server...
[17/08/2014 16:04:11] > SAVE: Complete in 3.428 seconds using relational house storage.
[17/08/2014 16:04:20] > Broadcasted message: "Game map cleaning in 1 minute, please pick up all your items.".
[17/08/2014 16:04:34] Nadador Arqueiro has logged out.
[17/08/2014 16:04:40] Nadador Arqueiro has logged in.
[17/08/2014 16:04:50] > CLEAN: Removed 8080 items from 3605 tiles in 0.259 seconds.
[17/08/2014 16:04:51] > Broadcasted message: "Map Cleaned.".
[17/08/2014 16:04:51] > Broadcasted message: "Para comprar bless digite !bless".
[17/08/2014 16:05:48] Anjo pk has logged out.
[17/08/2014 16:05:50] Anjo pk has logged in.
[17/08/2014 16:06:32] Black Jose has logged out.
[17/08/2014 16:06:34] Druid has logged in.
[17/08/2014 16:07:03] Druid has logged out.
[17/08/2014 16:07:05] Black Jose has logged in.
[17/08/2014 16:07:18] Duff Maluko has logged out.
[17/08/2014 16:07:35] Pally Oz Piint has logged out.
[17/08/2014 16:08:06] Anjo pk has logged out.
[17/08/2014 16:08:09] Anjo pk has logged in.
[17/08/2014 16:08:09] Nois Que Voa Bruxao has logged in.
[17/08/2014 16:08:44] Legal Fera has logged out.
[17/08/2014 16:08:48] Nois Que Voa Bruxao has logged out.
[17/08/2014 16:08:51] Nois Que Voa Bruxao has logged in.
[17/08/2014 16:10:13] Duff Maluko has logged in.
[17/08/2014 16:10:25] Yakuza has logged in.
[17/08/2014 16:11:30] Nadador Arqueiro has logged out.
[17/08/2014 16:11:32] > Broadcasted message: "Para comprar bless digite !bless".
[17/08/2014 16:11:33] Nadador Arqueiro has logged in.
[17/08/2014 16:13:00] Black Jose has logged out.
[17/08/2014 16:13:01] Druid has logged in.
[17/08/2014 16:13:03] Boss-sykes has logged out.
[17/08/2014 16:13:06] Boss-sykes has logged in.
[17/08/2014 16:13:11] Druid has logged out.
[17/08/2014 16:13:12] Black Jose has logged in.
[17/08/2014 16:13:31] Nadador Arqueiro has logged out.
[17/08/2014 16:13:33] Nadador Arqueiro has logged in.
[17/08/2014 16:14:16] Kina Pra Q has logged in.
[17/08/2014 16:14:25] Nois Que Voa Bruxao has logged out.
[17/08/2014 16:14:28] Nois Que Voa Bruxao has logged in.
[17/08/2014 16:14:38] Eternal Ozzot has logged out.
[17/08/2014 16:14:39] Eternal Ozzot has logged in.
[17/08/2014 16:15:03] Kina Pra Q has logged out.
[17/08/2014 16:16:22] Malkr has logged in.
[17/08/2014 16:16:23] Mohamed Hachid has logged in.
[17/08/2014 16:16:36] Anjo pk has logged out.
[17/08/2014 16:16:38] Anjo pk has logged in.
[17/08/2014 16:17:00] Anjo pk has logged out.
[17/08/2014 16:17:02] Anjo pk has logged in.
[17/08/2014 16:17:33] Anjo pk has logged out.
[17/08/2014 16:17:34] Anjo pk has logged in.
[17/08/2014 16:17:59] Mohamed Hachid has logged out.
[17/08/2014 16:18:10] Nois Que Voa Bruxao has logged out.
[17/08/2014 16:18:13] > Broadcasted message: "Sempre Ao Criar Uma Conta, Pegue A RK Dela No Account Manager Da Conta E Anote, Nunca Passe A Sua Senha Para Outras Pessoas, E Ao Entrar Em Outros OT´s Crie Contas Diferentes Para Não Sofrer HACKED, Não Me Responsabilizo Por Perdas, Obrigado".
[17/08/2014 16:18:14] Nois Que Voa Bruxao has logged in.
[17/08/2014 16:20:04] Sfldfld has logged in.
[17/08/2014 16:20:05] Sfldfld has logged out.
[17/08/2014 16:20:07] Kina Pra Q has logged in.
[17/08/2014 16:21:01] > Broadcasted message: "Game map cleaning in 1 minute, please pick up all your items.".
[17/08/2014 16:21:15] Malkr has logged out.
[17/08/2014 16:21:18] Malkr has logged in.
[17/08/2014 16:21:30] Kina Pra Q has logged out.
[17/08/2014 16:21:32] > CLEAN: Removed 8232 items from 3914 tiles in 0.263 seconds.
[17/08/2014 16:21:32] > Broadcasted message: "Map Cleaned.".
[17/08/2014 16:23:32] Juninhosza has logged out.
[17/08/2014 16:23:40] Zikaa has logged in.
[17/08/2014 16:23:44] Bolt Action has logged out.
[17/08/2014 16:23:47] Bolt Action has logged in.
[17/08/2014 16:24:45] Mateus has logged in.
[17/08/2014 16:24:49] Eternal Ozzot has logged out.
[17/08/2014 16:24:54] > Broadcasted message: "Sempre Ao Criar Uma Conta, Pegue A RK Dela No Account Manager Da Conta E Anote, Nunca Passe A Sua Senha Para Outras Pessoas, E Ao Entrar Em Outros OT´s Crie Contas Diferentes Para Não Sofrer HACKED, Não Me Responsabilizo Por Perdas, Obrigado".
[17/08/2014 16:25:01] Eternal Ozzot has logged in.
[17/08/2014 16:25:37] Bolt Action has logged out.
[17/08/2014 16:25:39] Bolt Action has logged in.
[17/08/2014 16:26:08] Eternal Ozzot has logged out.
[17/08/2014 16:26:37] Bolt Action has logged out.
[17/08/2014 16:26:39] Zikaa has logged out.
[17/08/2014 16:26:40] Bolt Action has logged in.
[17/08/2014 16:26:49] Juninhosza has logged in.
[17/08/2014 16:26:56] Juninhosza has logged out.
[17/08/2014 16:27:02] Zikaa has logged in.
[17/08/2014 16:27:14] Yakuza has logged out.
[17/08/2014 16:27:15] Yakuza has logged in.
[17/08/2014 16:27:18] Zikaa has logged out.
[17/08/2014 16:27:35] Zikaa has logged in.
[17/08/2014 16:28:37] Bolt Action has logged out.
[17/08/2014 16:28:39] Bolt Action has logged in.
[17/08/2014 16:28:40] Yakuza has logged out.
[17/08/2014 16:28:41] Yakuza has logged in.
[17/08/2014 16:28:47] Nois Que Voa Bruxao has logged out.
[17/08/2014 16:28:49] Nois Que Voa Bruxao has logged in.
[17/08/2014 16:28:59] Mata Pally has logged out.
[17/08/2014 16:29:01] Mata Pally has logged in.
[17/08/2014 16:29:11] Black Jose has logged out.
[17/08/2014 16:29:13] Black Jose has logged in.
[17/08/2014 16:29:18] Bolt Action has logged out.
[17/08/2014 16:29:19] Bolt Action has logged in.
[17/08/2014 16:29:44] Yakuza has logged out.
[17/08/2014 16:29:46] Yakuza has logged in.
[17/08/2014 16:30:13] Malkr has logged out.
[17/08/2014 16:30:15] Malkr has logged in.
[17/08/2014 16:31:21] Malkr has logged out.
[17/08/2014 16:31:31] Yakuza has logged out.
[17/08/2014 16:31:33] Yakuza has logged in.
[17/08/2014 16:31:35] > Broadcasted message: "Para ver as noticias fale !notice".
[17/08/2014 16:31:50] Malkr has logged in.
[17/08/2014 16:32:08] Zikaa has logged out.
[17/08/2014 16:32:10] Fodao has logged in.
[17/08/2014 16:32:19] Fodao has logged out.
[17/08/2014 16:32:21] Fodao has logged in.
[17/08/2014 16:32:35] Fanta-limao has logged out.
[17/08/2014 16:32:37] Fanta-limao has logged in.
[17/08/2014 16:33:26] Fodao has logged out.
[17/08/2014 16:33:28] Zikaa has logged in.
[17/08/2014 16:33:47] Black Jose has logged out.
[17/08/2014 16:33:47] Anjo pk has logged out.
[17/08/2014 16:33:48] Black Jose has logged in.
[17/08/2014 16:33:49] Anjo pk has logged in.
[17/08/2014 16:33:57] Zikaa has logged out.
[17/08/2014 16:34:00] Zikaa has logged in.
[17/08/2014 16:34:07] Zikaa has logged out.
[17/08/2014 16:34:09] Zikaa has logged in.
[17/08/2014 16:34:21] Zikaa has logged out.
[17/08/2014 16:34:23] Fodao has logged in.
[17/08/2014 16:34:58] Bolt Action has logged out.
[17/08/2014 16:35:03] Bolt Action has logged in.
[17/08/2014 16:35:03] Nois Que Voa Bruxao has logged out.
[17/08/2014 16:35:05] Nois Que Voa Bruxao has logged in.
[17/08/2014 16:35:25] Fanta-limao has logged out.
[17/08/2014 16:35:37] Boss-sykes has logged out.
[17/08/2014 16:35:40] Fanta-limao has logged in.
[17/08/2014 16:36:41] Bolt Action has logged out.
[17/08/2014 16:36:43] Bolt Action has logged in.
[17/08/2014 16:37:00] Mata Pally has logged out.
[17/08/2014 16:37:01] Fodao has logged out.
[17/08/2014 16:37:02] Mata Pally has logged in.
[17/08/2014 16:37:03] Fodao has logged in.
[17/08/2014 16:37:16] Malkr has logged out.
[17/08/2014 16:37:18] Malkr has logged in.
[17/08/2014 16:37:20] Druidzerah Mythus has logged out.
[17/08/2014 16:37:24] Druidzerah Mythus has logged in.
[17/08/2014 16:37:29] > Saving server...
[17/08/2014 16:37:33] > SAVE: Complete in 3.852 seconds using relational house storage.
[17/08/2014 16:37:33] Fodao has logged out.
[17/08/2014 16:37:42] > Broadcasted message: "Game map cleaning in 1 minute, please pick up all your items.".
[17/08/2014 16:37:58] Manager has logged in.
[17/08/2014 16:37:59] Juninhosza has logged in.
[17/08/2014 16:38:13] > CLEAN: Removed 299 items from 328 tiles in 0.187 seconds.
[17/08/2014 16:38:13] > Broadcasted message: "Map Cleaned.".
[17/08/2014 16:38:16] > Broadcasted message: "Para esclarecer algumas duvidas digite !notice, para mais informacoes fale com um [CM]".
[17/08/2014 16:38:18] Manager has logged out.
[17/08/2014 16:38:20] Manager has logged in.
[17/08/2014 16:38:42] Malkr has logged out.
[17/08/2014 16:38:42] Nois Que Voa Bruxao has logged out.
[17/08/2014 16:38:44] Nois Que Voa Bruxao has logged in.
[17/08/2014 16:38:47] Bolt Action has logged out.
[17/08/2014 16:38:48] Bolt Action has logged in.
[17/08/2014 16:39:32] Manager has logged out.
[17/08/2014 16:39:34] Manager has logged in.
[17/08/2014 16:39:39] Manager has logged out.
[17/08/2014 16:39:41] Manager has logged in.
[17/08/2014 16:39:53] Anjo pk has logged out.
[17/08/2014 16:39:55] Anjo pk has logged in.
[17/08/2014 16:40:10] Manager has logged out.
[17/08/2014 16:40:16] Anjo pk has logged out.
[17/08/2014 16:40:17] Bolt Action has logged out.
[17/08/2014 16:40:18] Anjo pk has logged in.
[17/08/2014 16:40:22] Manager has logged in.
[17/08/2014 16:40:26] Bolt Action has logged in.
[17/08/2014 16:41:14] Nadador Arqueiro has logged out.
[17/08/2014 16:41:16] Nadador Arqueiro has logged in.
[17/08/2014 16:41:59] Anjo pk has logged out.
[17/08/2014 16:42:00] Anjo pk has logged in.
[17/08/2014 16:42:36] Manager has logged out.
[17/08/2014 16:43:08] Black Jose has logged out.
[17/08/2014 16:43:10] Black Jose has logged in.
[17/08/2014 16:43:19] Bolt Action has logged out.
[17/08/2014 16:43:21] Bolt Action has logged in.
[17/08/2014 16:43:41] Maluko duff has logged out.
[17/08/2014 16:43:44] Black Jose has logged out.
[17/08/2014 16:43:45] Account Manager has logged in.
[17/08/2014 16:43:47] Nadador Arqueiro has logged out.
[17/08/2014 16:43:49] Bolt Action has logged out.
[17/08/2014 16:43:50] Nadador Arqueiro has logged in.
[17/08/2014 16:43:51] Bolt Action has logged in.
[17/08/2014 16:43:52] Account Manager has logged out.
[17/08/2014 16:44:10] Bolt Action has logged out.
[17/08/2014 16:44:11] Bolt Action has logged in.
[17/08/2014 16:44:23] Maluko duff has logged in.
[17/08/2014 16:44:57] > Broadcasted message: "Ot on das 07:00 as 00:00".
[17/08/2014 16:45:00] Bolt Action has logged out.
[17/08/2014 16:45:01] Bolt Action has logged in.
[17/08/2014 16:45:29] Yakuza has logged out.
[17/08/2014 16:45:32] Yakuza has logged in.
[17/08/2014 16:45:47] Bolt Action has logged out.
[17/08/2014 16:45:49] Bolt Action has logged in.
[17/08/2014 16:47:08] Yakuza has logged out.
[17/08/2014 16:47:10] Yakuza has logged in.
[17/08/2014 16:47:10] Yakuza has logged out.
[17/08/2014 16:47:14] Yakuza has logged in.
[17/08/2014 16:47:18] Yakuza has logged out.
[17/08/2014 16:47:22] Yakuza has logged in.
[17/08/2014 16:47:38] Black Jose has logged in.
[17/08/2014 16:48:54] Fanta-limao has logged out.
[17/08/2014 16:48:55] Nadador Arqueiro has logged out.
[17/08/2014 16:48:56] Fanta-limao has logged in.
[17/08/2014 16:48:58] Nadador Arqueiro has logged in.
[17/08/2014 16:49:37] Anjo pk has logged out.
[17/08/2014 16:49:38] Fanta-limao has logged out.
[17/08/2014 16:49:39] Anjo pk has logged in.
[17/08/2014 16:49:40] Fanta-limao has logged in.
[17/08/2014 16:50:44] Fanta-limao has logged out.
[17/08/2014 16:50:47] Fanta-limao has logged in.
[17/08/2014 16:50:59] Bolt Action has logged out.
[17/08/2014 16:51:01] Bolt Action has logged in.
[17/08/2014 16:51:02] Bolt Action has logged out.
[17/08/2014 16:51:06] Bolt Action has logged in.
[17/08/2014 16:51:38] > Broadcasted message: "Ot on das 07:00 as 00:00".
[17/08/2014 16:51:49] Alvo Severo Potter has logged in.
[17/08/2014 16:52:50] Nois Que Voa Bruxao has logged out.
[17/08/2014 16:52:54] Nois Que Voa Bruxao has logged in.
[17/08/2014 16:53:41] Alvo Severo Potter has logged out.
[17/08/2014 16:53:50] Anjo pk has logged out.
[17/08/2014 16:53:52] Anjo pk has logged in.
[17/08/2014 16:54:23] > Broadcasted message: "Game map cleaning in 1 minute, please pick up all your items.".
[17/08/2014 16:54:35] Nadador Arqueiro has logged out.
[17/08/2014 16:54:53] Nadador Arqueiro has logged in.
[17/08/2014 16:54:53] > CLEAN: Removed 5910 items from 2081 tiles in 0.27 seconds.
[17/08/2014 16:54:54] > Broadcasted message: "Map Cleaned.".
[17/08/2014 16:54:56] Maluko duff has logged out.
[17/08/2014 16:54:58] Maluko duff has logged in.
[17/08/2014 16:55:03] Anjo pk has logged out.
[17/08/2014 16:55:05] Anjo pk has logged in.
[17/08/2014 16:55:28] Bolt Action has logged out.
[17/08/2014 16:55:30] Bolt Action has logged in.
[17/08/2014 16:56:25] Duff Maluko has logged out.
[17/08/2014 16:56:27] Duff Maluko has logged in.
[17/08/2014 16:56:50] Fanta-limao has logged out.
[17/08/2014 16:56:52] Fanta-limao has logged in.
[17/08/2014 16:57:06] Anjo pk has logged out.
[17/08/2014 16:57:07] Anjo pk has logged in.
[17/08/2014 16:57:29] Anjo pk has logged out.
[17/08/2014 16:57:32] Anjo pk has logged in.
[17/08/2014 16:57:44] Bolt Action has logged out.
[17/08/2014 16:57:46] Bolt Action has logged in.
[17/08/2014 16:58:13] Anjo pk has logged out.
[17/08/2014 16:58:15] Anjo pk has logged in.
[17/08/2014 16:58:18] Maluko duff has logged out.
[17/08/2014 16:58:19] > Broadcasted message: "Novo CLIENTE = http://www.4shared.com/rar/Xvc96eOece/Death_PVP.html".
[17/08/2014 16:58:20] Maluko duff has logged in.
[17/08/2014 16:59:00] Bolt Action has logged out.
[17/08/2014 16:59:01] Bolt Action has logged in.
[17/08/2014 16:59:57] Anjo pk has logged out.
[17/08/2014 16:59:58] Anjo pk has logged in.
[17/08/2014 17:00:03] Bolt Action has logged out.
[17/08/2014 17:00:04] Bolt Action has logged in.
[17/08/2014 17:00:22] Bolt Action has logged out.
[17/08/2014 17:00:24] Bolt Action has logged in.
[17/08/2014 17:00:24] Druidzerah Mythus has logged out.
[17/08/2014 17:00:26] Druidzerah Mythus has logged in.
[17/08/2014 17:00:44] Nadador Arqueiro has logged out.
[17/08/2014 17:00:46] Nadador Arqueiro has logged in.
[17/08/2014 17:01:17] Bolt Action has logged out.
[17/08/2014 17:01:18] Bolt Action has logged in.
[17/08/2014 17:01:32] Nadador Arqueiro has logged out.
[17/08/2014 17:01:34] Nadador Arqueiro has logged in.
[17/08/2014 17:01:52] Juninhosza has logged out.
[17/08/2014 17:01:54] Juninhosza has logged in.
[17/08/2014 17:02:22] Bolt Action has logged out.
[17/08/2014 17:02:24] Anjo pk has logged out.
[17/08/2014 17:02:35] Druidzerah Mythus has logged out.
[17/08/2014 17:02:46] Druidzerah Mythus has logged in.
[17/08/2014 17:02:46] Lucas has logged in.
[17/08/2014 17:02:46] Bolt Action has logged in.
[17/08/2014 17:02:50] Lucas has logged out.
[17/08/2014 17:02:58] Anjo pk has logged in.
[17/08/2014 17:03:15] Black Jose has logged out.
[17/08/2014 17:03:17] Fanta-limao has logged out.
[17/08/2014 17:03:19] Fanta-limao has logged in.
[17/08/2014 17:04:27] Bolt Action has logged out.
[17/08/2014 17:04:28] Bolt Action has logged in.
[17/08/2014 17:05:00] > Broadcasted message: "Sempre Ao Criar Uma Conta, Pegue A RK Dela No Account Manager Da Conta E Anote, Nunca Passe A Sua Senha Para Outras Pessoas, E Ao Entrar Em Outros OT´s Crie Contas Diferentes Para Não Sofrer HACKED, Não Me Responsabilizo Por Perdas, Obrigado".
[17/08/2014 17:05:39] Anjo pk has logged out.
[17/08/2014 17:05:40] Anjo pk has logged in.
[17/08/2014 17:06:39] Yakuza has logged out.
[17/08/2014 17:07:46] Bolt Action has logged out.
[17/08/2014 17:07:47] Bolt Action has logged in.
[17/08/2014 17:10:38] Fanta-limao has logged out.
[17/08/2014 17:10:42] Fanta-limao has logged in.
[17/08/2014 17:10:50] Anjo pk has logged out.
[17/08/2014 17:10:51] > Saving server...
[17/08/2014 17:10:54] > SAVE: Complete in 3.27 seconds using relational house storage.
[17/08/2014 17:10:57] Anjo pk has logged in.
[17/08/2014 17:11:04] > Broadcasted message: "Game map cleaning in 1 minute, please pick up all your items.".
[17/08/2014 17:11:31] Fanta-limao has logged out.
[17/08/2014 17:11:33] Fanta-limao has logged in.
[17/08/2014 17:11:34] > CLEAN: Removed 2032 items from 1217 tiles in 0.221 seconds.
[17/08/2014 17:11:35] > Broadcasted message: "Map Cleaned.".
[17/08/2014 17:11:41] > Broadcasted message: "Para ver a lista de proximos tutores digite !tutores.".
[17/08/2014 17:11:52] Black Jose has logged in.
[17/08/2014 17:12:23] Fanta-limao has logged out.
[17/08/2014 17:12:25] Fanta-limao has logged in.
[17/08/2014 17:13:05] Black Jose has logged out.
[17/08/2014 17:13:07] Black Jose has logged in.
[17/08/2014 17:13:33] Mata Pally has logged out.
[17/08/2014 17:13:36] Mata Pally has logged in.
[17/08/2014 17:13:45] Nois Que Voa Bruxao has logged out.
[17/08/2014 17:13:47] Nois Que Voa Bruxao has logged in.
[17/08/2014 17:14:07] Bolt Action has logged out.
[17/08/2014 17:14:08] Bolt Action has logged in.
[17/08/2014 17:14:21] Fanta-limao has logged out.
[17/08/2014 17:14:23] Fanta-limao has logged in.
[17/08/2014 17:14:48] Juninhosza has logged out.
[17/08/2014 17:14:52] Juninhosza has logged in.
[17/08/2014 17:15:10] Nadador Arqueiro has logged out.
[17/08/2014 17:15:12] Nadador Arqueiro has logged in.
[17/08/2014 17:16:35] Mateus has logged out.
[17/08/2014 17:17:23] Yakuza has logged in.
[17/08/2014 17:17:35] Bolt Action has logged out.
[17/08/2014 17:17:36] Bolt Action has logged in.
[17/08/2014 17:17:52] Yakuza has logged out.
[17/08/2014 17:17:55] Yakuza has logged in.
[17/08/2014 17:18:05] Bolt Action has logged out.
[17/08/2014 17:18:06] Bolt Action has logged in.
[17/08/2014 17:18:22] > Broadcasted message: "Novo CLIENTE = http://www.4shared.com/rar/Xvc96eOece/Death_PVP.html".
[17/08/2014 17:19:08] Fanta-limao has logged out.
[17/08/2014 17:19:10] Fanta-limao has logged in.
[17/08/2014 17:19:41] Fanta-limao has logged out.
[17/08/2014 17:19:43] Fanta-limao has logged in.
[17/08/2014 17:19:44] Bolt Action has logged out.
[17/08/2014 17:19:45] Bolt Action has logged in.
[17/08/2014 17:19:53] Bolt Action has logged out.
[17/08/2014 17:19:54] Bolt Action has logged in.
[17/08/2014 17:20:25] Fanta-limao has logged out.
[17/08/2014 17:20:27] Fanta-limao has logged in.
[17/08/2014 17:22:25] Skise Da Xurupita has logged in.
[17/08/2014 17:23:11] Skise Da Xurupita has logged out.
[17/08/2014 17:23:14] Skise Da Xurupita has logged in.
[17/08/2014 17:24:29] Fanta-limao has logged out.
[17/08/2014 17:24:31] Fanta-limao has logged in.
[17/08/2014 17:24:40] Kaolz Druid has logged in.
[17/08/2014 17:24:44] Black Jose has logged out.
[17/08/2014 17:24:46] Black Jose has logged in.
[17/08/2014 17:24:47] Kaolz Druid has logged out.
[17/08/2014 17:24:55] Anjo pk has logged out.
[17/08/2014 17:24:56] Anjo pk has logged in.
[17/08/2014 17:25:01] Black Jose has logged out.
[17/08/2014 17:25:02] Black Jose has logged in.
[17/08/2014 17:25:03] > Broadcasted message: "Novo CLIENTE = http://www.4shared.com/rar/Xvc96eOece/Death_PVP.html".
[17/08/2014 17:25:04] Duff Maluko has logged out.
[17/08/2014 17:25:27] Duff Maluko has logged in.
[17/08/2014 17:25:53] Fanta-limao has logged out.
[17/08/2014 17:25:55] Fanta-limao has logged in.
[17/08/2014 17:26:19] Fanta-limao has logged out.
[17/08/2014 17:26:20] Fanta-limao has logged in.
[17/08/2014 17:27:29] Juninhosza has logged out.
[17/08/2014 17:27:45] > Broadcasted message: "Game map cleaning in 1 minute, please pick up all your items.".
[17/08/2014 17:28:05] Fanta-limao has logged out.
[17/08/2014 17:28:16] > CLEAN: Removed 4755 items from 2656 tiles in 0.386 seconds.
[17/08/2014 17:28:16] > Broadcasted message: "Map Cleaned.".
[17/08/2014 17:30:03] Nois Que Voa Bruxao has logged out.
[17/08/2014 17:30:04] Novinha Safadinha has logged in.
[17/08/2014 17:30:21] Novinha Safadinha has logged out.
[17/08/2014 17:30:22] Novinha Safadinha has logged in.
[17/08/2014 17:30:31] Black Jose has logged out.
[17/08/2014 17:30:42] Novinha Safadinha has logged out.
[17/08/2014 17:30:43] Novinha Safadinha has logged in.
[17/08/2014 17:31:34] Nadador Arqueiro has logged out.
[17/08/2014 17:31:40] Nadador Arqueiro has logged in.
[17/08/2014 17:31:44] > Broadcasted message: "Para duvidas, eventos, e futuramente compras E-mail/Msn -> deathpvp@live.com.".
[17/08/2014 17:32:29] Yakuza has logged out.
[17/08/2014 17:32:35] Fanta-limao has logged in.
[17/08/2014 17:33:21] Novinha Safadinha has logged out.
[17/08/2014 17:33:22] Rei Daleste has logged in.
[17/08/2014 17:33:33] Anjo pk has logged out.
[17/08/2014 17:33:34] Anjo pk has logged in.
[17/08/2014 17:33:49] Yakuza has logged in.
[17/08/2014 17:34:09] Yakuza has logged out.
[17/08/2014 17:34:11] Yakuza has logged in.
[17/08/2014 17:34:18] Duff Maluko has logged out.
[17/08/2014 17:34:32] Rei Daleste has logged out.
[17/08/2014 17:34:34] Rei Daleste has logged in.
[17/08/2014 17:34:45] Rei Daleste has logged out.
[17/08/2014 17:34:52] Nois Que Voa Bruxao has logged in.
[17/08/2014 17:36:03] Guuuhh has logged in.
[17/08/2014 17:36:47] Maluko duff has logged out.
[17/08/2014 17:38:19] Mata Pally has logged out.
[17/08/2014 17:38:25] > Broadcasted message: "Para esclarecer algumas duvidas digite !notice, para mais informacoes fale com um [CM]".
[17/08/2014 17:38:56] Mateus has logged in.
[17/08/2014 17:39:20] Guuuhh has logged out.
[17/08/2014 17:39:26] Skise Da Xurupita has logged out.
[17/08/2014 17:39:34] Account Manager has logged in.
[17/08/2014 17:39:36] > CLEAN: Removed 4252 items from 1833 tiles in 0.263 seconds.
[17/08/2014 17:39:36] Account Manager has logged out.
[17/08/2014 17:41:10] Nois Que Voa Bruxao has logged out.
[17/08/2014 17:41:12] Rei Daleste has logged in.
[17/08/2014 17:41:20] Fanta-limao has logged out.
[17/08/2014 17:41:22] Account Manager has logged in.
[17/08/2014 17:41:24] Account Manager has logged out.
[17/08/2014 17:41:54] Juninhosza has logged in.
[17/08/2014 17:41:55] Juninhosza has logged out.
[17/08/2014 17:42:14] Fanta-limao has logged in.
[17/08/2014 17:42:35] Black Jose has logged in.
[17/08/2014 17:43:33] Nadador Arqueiro has logged out.
[17/08/2014 17:43:35] Nadador Arqueiro has logged in.
[17/08/2014 17:43:49] Juninhosza has logged in.
[17/08/2014 17:44:05] Nadador Arqueiro has logged out.
[17/08/2014 17:44:06] Nadador Arqueiro has logged in.
[17/08/2014 17:44:12] > Saving server...
[17/08/2014 17:44:15] > SAVE: Complete in 2.96 seconds using relational house storage.
[17/08/2014 17:44:26] > Broadcasted message: "Game map cleaning in 1 minute, please pick up all your items.".
[17/08/2014 17:44:57] > CLEAN: Removed 2507 items from 1701 tiles in 0.273 seconds.
[17/08/2014 17:44:57] > Broadcasted message: "Map Cleaned.".
[17/08/2014 17:45:06] > Broadcasted message: "Sempre Ao Criar Uma Conta, Pegue A RK Dela No Account Manager Da Conta E Anote, Nunca Passe A Sua Senha Para Outras Pessoas, E Ao Entrar Em Outros OT´s Crie Contas Diferentes Para Não Sofrer HACKED, Não Me Responsabilizo Por Perdas, Obrigado".
[17/08/2014 17:45:12] Rei Daleste has logged out.
[17/08/2014 17:45:16] Rei Daleste has logged in.
[17/08/2014 17:45:29] Rei Daleste has logged out.
[17/08/2014 17:45:31] Nois Que Voa Bruxao has logged in.
[17/08/2014 17:46:11] Nadador Arqueiro has logged out.
[17/08/2014 17:46:14] Nadador Arqueiro has logged in.
[17/08/2014 17:46:31] Fanta-limao has logged out.
[17/08/2014 17:46:45] Anjo pk has logged out.
[17/08/2014 17:46:56] Anjo pk has logged in.
[17/08/2014 17:46:57] Anjo pk has logged out.
[17/08/2014 17:47:04] Anjo pk has logged in.
[17/08/2014 17:47:26] Fanta-limao has logged in.
[17/08/2014 17:47:37] Anjo pk has logged out.
[17/08/2014 17:47:39] Anjo pk has logged in.
[17/08/2014 17:48:20] Black Jose has logged out.
[17/08/2014 17:48:24] Black Jose has logged in.
[17/08/2014 17:48:40] Fanta-limao has logged out.
[17/08/2014 17:48:44] Fanta-limao has logged in.
[17/08/2014 17:49:44] Fanta-limao has logged out.
[17/08/2014 17:49:46] Fanta-limao has logged in.
[17/08/2014 17:49:51] Guuuhh has logged in.
[17/08/2014 17:51:25] Guuuhh has logged out.
[17/08/2014 17:51:26] Guuuhh has logged in.
[17/08/2014 17:51:30] Guuuhh has logged out.
[17/08/2014 17:51:31] Guuuhh has logged in.
[17/08/2014 17:51:47] > Broadcasted message: "Para ver a lista de proximos tutores digite !tutores.".
[17/08/2014 17:52:32] Fanta-limao has logged out.
[17/08/2014 17:54:25] Fanta-limao has logged in.
[17/08/2014 17:55:48] Guuuhh has logged out.
[17/08/2014 17:55:53] Fanta-limao has logged out.
[17/08/2014 17:55:54] Fanta-limao has logged in.
[17/08/2014 17:55:58] Juninhosza has logged out.
[17/08/2014 17:56:15] Yakuza has logged out.
[17/08/2014 17:56:17] Yakuza has logged in.
[17/08/2014 17:56:35] Bolt Action has logged out.
[17/08/2014 17:56:36] Fanta-limao has logged out.
[17/08/2014 17:56:37] Bolt Action has logged in.
[17/08/2014 17:56:38] Fanta-limao has logged in.
[17/08/2014 17:58:14] Account Manager has logged in.
[17/08/2014 17:58:16] Account Manager has logged out.
[17/08/2014 17:58:17] Guuuhh has logged in.
[17/08/2014 17:58:28] > Broadcasted message: "Para esclarecer algumas duvidas digite !notice, para mais informacoes fale com um [CM]".
[17/08/2014 17:58:39] Bolt Action has logged out.
[17/08/2014 18:00:35] Guuuhh has logged out.
[17/08/2014 18:00:37] Guuuhh has logged in.
[17/08/2014 18:00:54] Fanta-limao has logged out.
[17/08/2014 18:00:55] Fanta-limao has logged in.
[17/08/2014 18:01:07] > Broadcasted message: "Game map cleaning in 1 minute, please pick up all your items.".
[17/08/2014 18:01:38] > CLEAN: Removed 10480 items from 3371 tiles in 0.704 seconds.
[17/08/2014 18:01:38] > Broadcasted message: "Map Cleaned.".
[17/08/2014 18:02:28] Fanta-limao has logged out.
[17/08/2014 18:02:29] Guuuhh has logged out.
[17/08/2014 18:02:30] Fanta-limao has logged in.
[17/08/2014 18:02:32] Guuuhh has logged in.
[17/08/2014 18:02:32] Guuuhh has logged out.
[17/08/2014 18:02:33] Guuuhh has logged in.
[17/08/2014 18:03:09] Druidzerah Mythus has logged out.
[17/08/2014 18:03:21] Druidzerah Mythus has logged in.
[17/08/2014 18:03:37] Fanta-limao has logged out.
[17/08/2014 18:03:38] Anjo pk has logged out.
[17/08/2014 18:03:39] Fanta-limao has logged in.
[17/08/2014 18:03:40] Anjo pk has logged in.
[17/08/2014 18:04:23] Yakuza has logged out.
[17/08/2014 18:04:25] Yakuza has logged in.
[17/08/2014 18:05:09] > Broadcasted message: "Para duvidas, eventos, e futuramente compras E-mail/Msn -> deathpvp@live.com.".
[17/08/2014 18:05:57] Guuuhh has logged out.
[17/08/2014 18:06:50] Guuuhh has logged in.
[17/08/2014 18:08:35] Nadador Arqueiro has logged out.
[17/08/2014 18:08:37] Nadador Arqueiro has logged in.
[17/08/2014 18:10:43] > Broadcasted message: "Tirem MC".
[17/08/2014 18:10:44] > Broadcasted message: "Tirem MC".
[17/08/2014 18:10:46] > Broadcasted message: "Tirem MC".
[17/08/2014 18:10:50] Yakuza has logged out.
[17/08/2014 18:11:44] Nois Que Voa Bruxao has logged out.
[17/08/2014 18:11:45] 
[17/08/2014 18:11:45] Lua Script Error: [CreatureScript Interface] 
[17/08/2014 18:11:46] data/creaturescripts/scripts/playerdeath.lua:onDeath
[17/08/2014 18:11:46] 
[17/08/2014 18:11:46] luaGetCreatureName(). Creature not found
[17/08/2014 18:11:46] 
[17/08/2014 18:11:46] Lua Script Error: [CreatureScript Interface] 
[17/08/2014 18:11:47] data/creaturescripts/scripts/playerdeath.lua:onDeath
[17/08/2014 18:11:47] 
[17/08/2014 18:11:47] luaGetCreatureName(). Creature not found
[17/08/2014 18:11:47] Fanta-limao has logged out.
[17/08/2014 18:11:48] Nois Que Voa Bruxao has logged in.
[17/08/2014 18:11:49] Fanta-limao has logged in.
[17/08/2014 18:11:50] > Broadcasted message: "Para esclarecer algumas duvidas digite !notice, para mais informacoes fale com um [CM]".
[17/08/2014 18:12:03] Anjo pk has logged out.
[17/08/2014 18:12:08] Lucas has logged in.
[17/08/2014 18:12:31] Lucas has logged out.
[17/08/2014 18:12:36] Anjo pk has logged in.
[17/08/2014 18:12:57] Bolt Action has logged in.
[17/08/2014 18:14:35] Guuuhh has logged out.
[17/08/2014 18:14:37] Guuuhh has logged in.
[17/08/2014 18:14:57] > Saving server...
[17/08/2014 18:15:00] > SAVE: Complete in 3.164 seconds using relational house storage.
[17/08/2014 18:16:13] Bolt Action has logged out.
[17/08/2014 18:16:15] Bolt Action has logged in.
[17/08/2014 18:16:23] Fanta-limao has logged out.
[17/08/2014 18:16:25] Fanta-limao has logged in.
[17/08/2014 18:17:07] Anjo pk has logged out.
[17/08/2014 18:17:07] Nadador Arqueiro has logged out.
[17/08/2014 18:17:09] Anjo pk has logged in.
[17/08/2014 18:17:09] Nadador Arqueiro has logged in.
[17/08/2014 18:17:33] > Saving server...
[17/08/2014 18:17:36] > SAVE: Complete in 3.385 seconds using relational house storage.
[17/08/2014 18:17:48] > Broadcasted message: "Game map cleaning in 1 minute, please pick up all your items.".
[17/08/2014 18:18:14] Guuuhh has logged out.
[17/08/2014 18:18:17] Guuuhh has logged in.
[17/08/2014 18:18:19] > CLEAN: Removed 8142 items from 3066 tiles in 0.357 seconds.
[17/08/2014 18:18:19] > Broadcasted message: "Map Cleaned.".
[17/08/2014 18:18:31] > Broadcasted message: "Para ver a lista de proximos tutores digite !tutores.".
[17/08/2014 18:18:32] Guuuhh has logged out.
[17/08/2014 18:18:34] Guuuhh has logged in.
[17/08/2014 18:18:37] Nadador Arqueiro has logged out.
[17/08/2014 18:18:39] Nois Que Voa Bruxao has logged out.
[17/08/2014 18:18:41] Nadador Arqueiro has logged in.
[17/08/2014 18:18:42] Nois Que Voa Bruxao has logged in.
[17/08/2014 18:19:17] Guuuhh has logged out.
[17/08/2014 18:19:19] Guuuhh has logged in.
[17/08/2014 18:19:32] Fanta-limao has logged out.
[17/08/2014 18:19:34] Fanta-limao has logged in.
[17/08/2014 18:19:50] Guuuhh has logged out.
[17/08/2014 18:19:52] Guuuhh has logged in.
[17/08/2014 18:20:17] Guuuhh has logged out.
[17/08/2014 18:20:18] Guuuhh has logged in.
[17/08/2014 18:20:25] Bolt Action has logged out.
[17/08/2014 18:20:26] Bolt Action has logged in.
[17/08/2014 18:20:28] Guuuhh has logged out.
[17/08/2014 18:20:29] Guuuhh has logged in.
[17/08/2014 18:20:29] Guuuhh has logged out.
[17/08/2014 18:20:30] Guuuhh has logged in.
[17/08/2014 18:20:37] Anjo pk has logged out.
[17/08/2014 18:20:38] Fanta-limao has logged out.
[17/08/2014 18:20:39] Anjo pk has logged in.
[17/08/2014 18:20:40] Fanta-limao has logged in.
[17/08/2014 18:20:55] Fanta-limao has logged out.
[17/08/2014 18:20:57] Fanta-limao has logged in.
[17/08/2014 18:21:35] Black Jose has logged out.
[17/08/2014 18:21:37] Black Jose has logged in.
[17/08/2014 18:21:38] Mateus has logged out.
[17/08/2014 18:21:46] Guuuhh has logged out.
[17/08/2014 18:21:48] Guuuhh has logged in.
[17/08/2014 18:22:01] Guuuhh has logged out.
[17/08/2014 18:22:02] Guuuhh has logged in.
[17/08/2014 18:22:07] Anjo pk has logged out.
[17/08/2014 18:22:09] Anjo pk has logged in.
[17/08/2014 18:23:04] Bolt Action has logged out.
[17/08/2014 18:23:06] Bolt Action has logged in.
[17/08/2014 18:23:42] Guuuhh has logged out.
[17/08/2014 18:23:44] Guuuhh has logged in.
[17/08/2014 18:24:10] Bolt Action has logged out.
[17/08/2014 18:24:16] Nois Que Voa Bruxao has logged out.
[17/08/2014 18:24:17] Nadador Arqueiro has logged out.
[17/08/2014 18:24:18] Nois Que Voa Bruxao has logged in.
[17/08/2014 18:24:19] Nadador Arqueiro has logged in.
[17/08/2014 18:25:12] > Broadcasted message: "Para comprar bless digite !bless".
[17/08/2014 18:26:01] Guuuhh has logged out.
[17/08/2014 18:26:03] Guuuhh has logged in.
[17/08/2014 18:26:34] Maluko duff has logged in.
[17/08/2014 18:27:07] Nois Que Voa Bruxao has logged out.
[17/08/2014 18:27:07] Guuuhh has logged out.
[17/08/2014 18:27:08] Black Jose has logged out.
[17/08/2014 18:27:09] Guuuhh has logged in.
[17/08/2014 18:27:10] Nois Que Voa Bruxao has logged in.
[17/08/2014 18:27:10] Black Jose has logged in.
[17/08/2014 18:27:23] Guuuhh has logged out.
[17/08/2014 18:28:16] Fanta-limao has logged out.
[17/08/2014 18:28:28] Fanta-limao has logged in.
[17/08/2014 18:29:15] Black Jose has logged out.
[17/08/2014 18:29:27] Yakuza has logged in.
[17/08/2014 18:29:48] Guuuhh has logged in.
[17/08/2014 18:30:13] Guuuhh has logged out.
[17/08/2014 18:30:20] Guuh has logged in.
[17/08/2014 18:30:24] Guuh has logged out.
[17/08/2014 18:30:26] Account Manager has logged in.
[17/08/2014 18:30:41] Anjo pk has logged out.
[17/08/2014 18:30:43] Account Manager has logged out.
[17/08/2014 18:30:43] Anjo pk has logged in.
[17/08/2014 18:30:48] Guuuhh has logged in.
[17/08/2014 18:31:26] [Hoster] Jean has logged in.
[17/08/2014 18:31:53] > Broadcasted message: "Novo CLIENTE = http://www.4shared.com/rar/Xvc96eOece/Death_PVP.html".
[17/08/2014 18:32:12] Nois Que Voa Bruxao has logged out.
[17/08/2014 18:32:14] Nois Que Voa Bruxao has logged in.
[17/08/2014 18:32:17] Bolt Action has logged in.
[17/08/2014 18:33:01] Yakuza has logged out.
[17/08/2014 18:33:02] Yakuza has logged in.
[17/08/2014 18:33:47] Yakuza has logged out.
[17/08/2014 18:34:03] Black Kina has logged in.
[17/08/2014 18:34:05] Black Kina has logged out.
[17/08/2014 18:34:06] Black Jose has logged in.
[17/08/2014 18:34:29] > Broadcasted message: "Game map cleaning in 1 minute, please pick up all your items.".
[17/08/2014 18:35:00] > CLEAN: Removed 4036 items from 1334 tiles in 0.274 seconds.
[17/08/2014 18:35:00] > Broadcasted message: "Map Cleaned.".
[17/08/2014 18:35:03] Nadador Arqueiro has logged out.
[17/08/2014 18:35:10] Nadador Druid has logged in.
[17/08/2014 18:35:45] Bolt Action has logged out.
[17/08/2014 18:35:49] Bolt Action has logged in.
[17/08/2014 18:36:16] Guuuhh has logged out.
[17/08/2014 18:36:24] Anjo pk has logged out.
[17/08/2014 18:36:26] Anjo pk has logged in.
[17/08/2014 18:36:30] Guuh has logged in.
[17/08/2014 18:37:45] Nadador Druid has logged out.
[17/08/2014 18:37:53] Nadador Arqueiro has logged in.
[17/08/2014 18:38:34] > Broadcasted message: "Para comprar bless digite !bless".
[17/08/2014 18:39:45] Guuh has logged out.
[17/08/2014 18:39:47] Guuh has logged in.
[17/08/2014 18:40:35] Bolt Action has logged out.
[17/08/2014 18:40:44] Anjo pk has logged out.
[17/08/2014 18:40:46] Anjo pk has logged in.
[17/08/2014 18:41:03] Bolt Action has logged in.
[17/08/2014 18:41:15] Bolt Action has logged out.
[17/08/2014 18:41:15] Bolt Action has logged in.
[17/08/2014 18:41:30] Bolt Action has logged out.
[17/08/2014 18:41:32] Bolt Action has logged in.
[17/08/2014 18:41:47] Bolt Action has logged out.
[17/08/2014 18:42:20] Bolt Action has logged in.
[17/08/2014 18:42:21] Bolt Action has logged out.
[17/08/2014 18:42:22] Account Manager has logged in.
[17/08/2014 18:42:24] Account Manager has logged out.
[17/08/2014 18:42:25] Nadador Arqueiro has logged out.
[17/08/2014 18:42:29] Account Manager has logged in.
[17/08/2014 18:42:31] Account Manager has logged out.
[17/08/2014 18:42:31] Nadador Druid has logged in.
[17/08/2014 18:42:31] Bolt Action has logged in.
[17/08/2014 18:43:05] Fanta-limao has logged out.
[17/08/2014 18:43:07] Fanta-limao has logged in.
[17/08/2014 18:43:25] Nadador Druid has logged out.
[17/08/2014 18:43:34] Nadador Arqueiro has logged in.
[17/08/2014 18:43:45] Black Jose has logged out.
[17/08/2014 18:43:46] Black Jose has logged in.
[17/08/2014 18:43:50] Anjo pk has logged out.
[17/08/2014 18:43:52] Fanta-limao has logged out.
[17/08/2014 18:43:53] Anjo pk has logged in.
[17/08/2014 18:43:53] Fanta-limao has logged in.
[17/08/2014 18:44:02] Maluko duff has logged out.
[17/08/2014 18:44:10] Palyy has logged in.
[17/08/2014 18:44:31] Fanta-limao has logged out.
[17/08/2014 18:44:33] Fanta-limao has logged in.
[17/08/2014 18:45:07] Palyy has logged out.
[17/08/2014 18:45:08] Palyy has logged in.
[17/08/2014 18:45:15] > Broadcasted message: "Novo CLIENTE = http://www.4shared.com/rar/Xvc96eOece/Death_PVP.html".
[17/08/2014 18:45:26] Palyy has logged out.
[17/08/2014 18:45:27] Palyy has logged in.
[17/08/2014 18:45:32] Druidzerah Mythus has logged out.
[17/08/2014 18:45:45] Palyy has logged out.
[17/08/2014 18:45:46] Palyy has logged in.
[17/08/2014 18:45:54] Mata Pally has logged in.
[17/08/2014 18:46:07] Anjo pk has logged out.
[17/08/2014 18:46:08] Guuh has logged out.
[17/08/2014 18:46:08] Anjo pk has logged in.
[17/08/2014 18:46:09] Magezinho Sapeca has logged in.
[17/08/2014 18:46:17] Palyy has logged out.
[17/08/2014 18:46:18] Palyy has logged in.
[17/08/2014 18:46:30] Palyy has logged out.
[17/08/2014 18:46:31] Palyy has logged in.
[17/08/2014 18:46:37] Anjo pk has logged out.
[17/08/2014 18:46:38] Anjo pk has logged in.
[17/08/2014 18:46:50] Palyy has logged out.
[17/08/2014 18:47:01] Palyy has logged in.
[17/08/2014 18:47:22] Palyy has logged out.
[17/08/2014 18:47:23] Palyy has logged in.
[17/08/2014 18:47:30] Magezinho Sapeca has logged out.
[17/08/2014 18:47:34] Guuuhh has logged in.
[17/08/2014 18:47:46] Palyy has logged out.
[17/08/2014 18:47:56] Druidzerah Mythus has logged in.
[17/08/2014 18:47:56] Palyy has logged in.
[17/08/2014 18:47:57] Anjo pk has logged out.
[17/08/2014 18:47:58] Anjo pk has logged in.
[17/08/2014 18:48:00] Druid Nikito has logged in.
[17/08/2014 18:48:46] Fanta-limao has logged out.
[17/08/2014 18:48:46] Guuuhh has logged out.
[17/08/2014 18:48:47] Fanta-limao has logged in.
[17/08/2014 18:48:52] Magezinho Sapeca has logged in.
[17/08/2014 18:49:08] Mata Pally has logged out.
[17/08/2014 18:49:13] Palyy has logged out.
[17/08/2014 18:49:14] Palyy has logged in.
[17/08/2014 18:49:43] Nois Que Voa Bruxao has logged out.
[17/08/2014 18:49:44] Anjo pk has logged out.
[17/08/2014 18:49:58] Anjo pk has logged in.
[17/08/2014 18:50:09] Nois Que Voa Bruxao has logged in.
[17/08/2014 18:50:22] Mlk Piranha has logged in.
[17/08/2014 18:50:31] Palyy has logged out.
[17/08/2014 18:50:32] Mlk Piranha has logged out.
[17/08/2014 18:50:33] Palyy has logged in.
[17/08/2014 18:50:37] Black Jose has logged out.
[17/08/2014 18:50:39] Druid has logged in.
[17/08/2014 18:50:44] Palyy has logged out.
[17/08/2014 18:50:45] Palyy has logged in.
[17/08/2014 18:50:54] > Saving server...
[17/08/2014 18:50:57] > SAVE: Complete in 3.233 seconds using relational house storage.
[17/08/2014 18:51:00] Palyy has logged out.
[17/08/2014 18:51:01] Palyy has logged in.
[17/08/2014 18:51:10] > Broadcasted message: "Game map cleaning in 1 minute, please pick up all your items.".
[17/08/2014 18:51:22] Fanta-limao has logged out.
[17/08/2014 18:51:22] Palyy has logged out.
[17/08/2014 18:51:23] Fanta-limao has logged in.
[17/08/2014 18:51:23] Palyy has logged in.
[17/08/2014 18:51:40] > Saving server...
[17/08/2014 18:51:43] > SAVE: Complete in 3.13 seconds using relational house storage.
[17/08/2014 18:51:44] > CLEAN: Removed 3258 items from 2197 tiles in 0.208 seconds.
[17/08/2014 18:51:44] > Broadcasted message: "Map Cleaned.".
[17/08/2014 18:51:45] [Hoster] Jean has logged out.
[17/08/2014 18:51:45] Palyy has logged out.
[17/08/2014 18:51:52] Maluko duff has logged in.
[17/08/2014 18:51:56] > Broadcasted message: "Para esclarecer algumas duvidas digite !notice, para mais informacoes fale com um [CM]".
[17/08/2014 18:52:17] Pally Da Morte has logged in.
[17/08/2014 18:52:20] Druid Nikito has logged out.
[17/08/2014 18:52:21] Maluko duff has logged out.
[17/08/2014 18:52:35] Palyy has logged in.
[17/08/2014 18:52:44] Druid has logged out.
[17/08/2014 18:52:47] Black Jose has logged in.
[17/08/2014 18:52:49] Nois Que Voa Bruxao has logged out.
[17/08/2014 18:52:50] Novinha Safadinha has logged in.
[17/08/2014 18:52:56] Palyy has logged out.
[17/08/2014 18:52:57] Palyy has logged in.
[17/08/2014 18:53:04] Pally Da Morte has logged out.
[17/08/2014 18:53:07] Novinha Safadinha has logged out.
[17/08/2014 18:53:07] Pally Da Morte has logged in.
[17/08/2014 18:53:07] Druid Nikito has logged in.
[17/08/2014 18:53:08] Anjo pk has logged out.
[17/08/2014 18:53:09] Pally Da Morte has logged out.
[17/08/2014 18:53:10] Novinha Safadinha has logged in.
[17/08/2014 18:53:15] Anjo pk has logged in.
[17/08/2014 18:53:15] Pally Da Morte has logged in.
[17/08/2014 18:54:00] Pally Da Morte has logged out.
[17/08/2014 18:54:02] Pally Da Morte has logged in.
[17/08/2014 18:54:12] Novinha Safadinha has logged out.
[17/08/2014 18:54:14] Novinha Safadinha has logged in.
[17/08/2014 18:54:18] Palyy has logged out.
[17/08/2014 18:54:19] Palyy has logged in.
[17/08/2014 18:55:14] Palyy has logged out.
[17/08/2014 18:55:19] Palyy has logged in.
[17/08/2014 18:55:37] Black Jose has logged out.
[17/08/2014 18:55:41] Black Jose has logged in.
[17/08/2014 18:56:08] Fanta-limao has logged out.
[17/08/2014 18:56:11] Fanta-limao has logged in.
[17/08/2014 18:56:41] Palyy has logged out.
[17/08/2014 18:56:49] Maluko duff has logged in.
[17/08/2014 18:56:56] Novinha Safadinha has logged out.
[17/08/2014 18:57:03] Palyy has logged in.
[17/08/2014 18:57:11] Palyy has logged out.
[17/08/2014 18:57:12] Knightzin has logged in.
[17/08/2014 18:57:17] Knightzin has logged out.
[17/08/2014 18:57:18] Account Manager has logged in.
[17/08/2014 18:57:41] Account Manager has logged out.
[17/08/2014 18:57:52] Pally Da Morte has logged out.
[17/08/2014 18:57:56] Account Manager has logged in.
[17/08/2014 18:58:08] Account Manager has logged out.
[17/08/2014 18:58:36] Nois Que Voa Bruxao has logged in.
[17/08/2014 18:58:37] > Broadcasted message: "Para ver a lista de proximos tutores digite !tutores.".
[17/08/2014 18:59:21] Druid Nikito has logged out.
[17/08/2014 18:59:23] Druid Nikito has logged in.
[17/08/2014 19:02:51] Bolt Action has logged out.
[17/08/2014 19:02:53] Bolt Action has logged in.
[17/08/2014 19:03:32] Palyy has logged in.
[17/08/2014 19:03:35] Druid Nikito has logged out.
[17/08/2014 19:04:33] Magezinho Sapeca has logged out.
[17/08/2014 19:04:36] Magezinho Sapeca has logged in.
[17/08/2014 19:05:18] > Broadcasted message: "Para esclarecer algumas duvidas digite !notice, para mais informacoes fale com um [CM]".
[17/08/2014 19:06:14] Mateus has logged in.
[17/08/2014 19:07:51] > Broadcasted message: "Game map cleaning in 1 minute, please pick up all your items.".
[17/08/2014 19:07:52] Nois Que Voa Bruxao has logged out.
[17/08/2014 19:08:10] Black Jose has logged out.
[17/08/2014 19:08:11] Black Kina has logged in.
[17/08/2014 19:08:13] Black Kina has logged out.
[17/08/2014 19:08:14] Druid has logged in.
[17/08/2014 19:08:22] > CLEAN: Removed 4557 items from 1044 tiles in 0.376 seconds.
[17/08/2014 19:08:22] > Broadcasted message: "Map Cleaned.".
[17/08/2014 19:08:27] GM Gabriel has logged in.
[17/08/2014 19:08:41] Druid has logged out.
[17/08/2014 19:08:43] Black Jose has logged in.
[17/08/2014 19:08:58] Magezinho Sapeca has logged out.
[17/08/2014 19:09:00] Bolt Action has logged out.
[17/08/2014 19:09:03] Magezinho Sapeca has logged in.
[17/08/2014 19:09:04] Bolt Action has logged in.
[17/08/2014 19:10:10] Pally Oz Piint has logged in.
[17/08/2014 19:10:12] Pally Oz Piint has logged out.
[17/08/2014 19:10:15] Pally Do Kpta has logged in.
[17/08/2014 19:11:35] Black Jose has logged out.
[17/08/2014 19:11:37] Druid has logged in.
[17/08/2014 19:11:45] Druid has logged out.
[17/08/2014 19:11:47] Druid has logged in.
[17/08/2014 19:11:59] > Broadcasted message: "Sempre Ao Criar Uma Conta, Pegue A RK Dela No Account Manager Da Conta E Anote, Nunca Passe A Sua Senha Para Outras Pessoas, E Ao Entrar Em Outros OT´s Crie Contas Diferentes Para Não Sofrer HACKED, Não Me Responsabilizo Por Perdas, Obrigado".
[17/08/2014 19:12:40] Magezinho Sapeca has logged out.
[17/08/2014 19:12:45] Guuuhh has logged in.
[17/08/2014 19:13:42] Pally Do Kpta has logged out.
[17/08/2014 19:13:51] Nadador Arqueiro has logged out.
[17/08/2014 19:13:54] Nadador Arqueiro has logged in.
[17/08/2014 19:13:57] Druid has logged out.
[17/08/2014 19:13:58] Druid has logged in.
[17/08/2014 19:14:39] Guuuhh has logged out.
[17/08/2014 19:15:07] Magezinho Sapeca has logged in.
[17/08/2014 19:15:12] Druid has logged out.
[17/08/2014 19:15:16] Druid has logged in.
[17/08/2014 19:16:25] Druid has logged out.
[17/08/2014 19:16:27] Druid has logged in.
[17/08/2014 19:16:31] Nadador Arqueiro has logged out.
[17/08/2014 19:16:37] Nadador Arqueiro has logged in.
[17/08/2014 19:17:06] Fanta-limao has logged out.
[17/08/2014 19:17:10] Fanta-limao has logged in.
[17/08/2014 19:17:44] Fanta-limao has logged out.
[17/08/2014 19:17:45] Fanta-limao has logged in.
[17/08/2014 19:18:17] Druid has logged out.
[17/08/2014 19:18:18] Druid has logged in.
[17/08/2014 19:18:22] Druid has logged out.
[17/08/2014 19:18:24] Druid has logged in.
[17/08/2014 19:18:40] > Broadcasted message: "Para duvidas, eventos, e futuramente compras E-mail/Msn -> deathpvp@live.com.".
[17/08/2014 19:19:38] Druid has logged out.
[17/08/2014 19:19:43] Druid has logged in.
[17/08/2014 19:20:37] Duff Maluko has logged in.
[17/08/2014 19:21:14] Palyy has logged out.
[17/08/2014 19:21:40] Druid has logged out.
[17/08/2014 19:21:41] Druid has logged in.
[17/08/2014 19:21:56] 
[17/08/2014 19:21:56] Lua Script Error: [TalkAction Interface] 
[17/08/2014 19:21:56] data/talkactions/scripts/teleporthere.lua:onSay
[17/08/2014 19:21:57] 
[17/08/2014 19:21:57] luaGetClosestFreeTile(). Creature not found
[17/08/2014 19:22:12] Magezinho Sapeca has logged out.
[17/08/2014 19:22:15] Guuuhh has logged in.
[17/08/2014 19:22:57] Druid has logged out.
[17/08/2014 19:22:59] Black Jose has logged in.
[17/08/2014 19:23:08] Black Jose has logged out.
[17/08/2014 19:23:15] Duff Maluko has logged out.
[17/08/2014 19:23:18] Magezinho Sapeca has logged in.
[17/08/2014 19:23:27] Yakuza has logged in.
[17/08/2014 19:23:47] Duff Maluko has logged in.
[17/08/2014 19:23:51] Fanta-limao has logged out.
[17/08/2014 19:23:52] Fanta-limao has logged in.
[17/08/2014 19:24:15] > Saving server...
[17/08/2014 19:24:19] > SAVE: Complete in 3.605 seconds using relational house storage.
[17/08/2014 19:24:28] Nadador Arqueiro has logged out.
[17/08/2014 19:24:32] > Broadcasted message: "Game map cleaning in 1 minute, please pick up all your items.".
[17/08/2014 19:25:02] > CLEAN: Removed 4887 items from 2020 tiles in 0.381 seconds.
[17/08/2014 19:25:03] > Broadcasted message: "Map Cleaned.".
[17/08/2014 19:25:21] > Broadcasted message: "Para ver a lista de proximos tutores digite !tutores.".
[17/08/2014 19:26:00] Yakuza has logged out.
[17/08/2014 19:26:09] Maluko duff has logged out.
[17/08/2014 19:26:10] Black Kina has logged in.
[17/08/2014 19:26:11] Black Kina has logged out.
[17/08/2014 19:26:13] Black Jose has logged in.
[17/08/2014 19:26:24] Black Jose has logged out.
[17/08/2014 19:26:41] Maluko duff has logged in.
[17/08/2014 19:27:57] Black Jose has logged in.
[17/08/2014 19:27:59] Guuuhh has logged out.
[17/08/2014 19:28:52] Bolt Action has logged out.
[17/08/2014 19:29:14] Guuuhh has logged in.
[17/08/2014 19:29:24] Guuuhh has logged out.
[17/08/2014 19:29:27] Guuuhh has logged in.
[17/08/2014 19:29:36] Guuuhh has logged out.
[17/08/2014 19:29:38] Guuuhh has logged in.
[17/08/2014 19:29:47] Guuuhh has logged out.
[17/08/2014 19:29:48] Guuuhh has logged in.
[17/08/2014 19:30:03] Guuuhh has logged out.
[17/08/2014 19:30:08] Guuuhh has logged in.
[17/08/2014 19:30:16] Guuuhh has logged out.
[17/08/2014 19:30:18] Guuuhh has logged in.
[17/08/2014 19:30:26] Guuuhh has logged out.
[17/08/2014 19:30:28] Guuuhh has logged in.
[17/08/2014 19:30:35] Guuuhh has logged out.
[17/08/2014 19:30:36] Guuuhh has logged in.
[17/08/2014 19:31:32] Mateus has logged out.
[17/08/2014 19:31:37] Guuuhh has logged out.
[17/08/2014 19:31:38] Guuuhh has logged in.
[17/08/2014 19:31:54] Magezinho Sapeca has logged out.
[17/08/2014 19:31:58] Magezinho Sapeca has logged in.
[17/08/2014 19:32:02] > Broadcasted message: "Ot on das 07:00 as 00:00".
[17/08/2014 19:32:04] Magezinho Sapeca has logged out.
[17/08/2014 19:32:06] Magezinho Sapeca has logged in.
[17/08/2014 19:32:12] Magezinho Sapeca has logged out.
[17/08/2014 19:32:14] Magezinho Sapeca has logged in.
[17/08/2014 19:32:22] Guuuhh has logged out.
[17/08/2014 19:32:29] Account Manager has logged in.
[17/08/2014 19:32:30] Magezinho Sapeca has logged out.
[17/08/2014 19:32:31] Magezinho Sapeca has logged in.
[17/08/2014 19:32:42] Account Manager has logged out.
[17/08/2014 19:32:55] Actions has logged in.
[17/08/2014 19:34:42] Fanta-limao has logged out.
[17/08/2014 19:34:44] Fanta-limao has logged in.
[17/08/2014 19:34:52] Magezinho Sapeca has logged out.
[17/08/2014 19:34:59] Magezinho Sapeca has logged in.
[17/08/2014 19:35:00] Magezinho Sapeca has logged out.
[17/08/2014 19:35:01] Magezinho Sapeca has logged in.
[17/08/2014 19:35:01] Boss-sykes has logged in.
[17/08/2014 19:35:14] GM Gabriel has logged out.
[17/08/2014 19:35:17] GM Gabriel has logged in.
[17/08/2014 19:35:18] Mateus has logged in.
[17/08/2014 19:35:44] GM Gabriel has logged out.
[17/08/2014 19:35:46] Druid Nikito has logged in.
[17/08/2014 19:36:13] Yakuza has logged in.
[17/08/2014 19:36:52] Boss-sykes has logged out.
[17/08/2014 19:38:43] > Broadcasted message: "Para comprar bless digite !bless".
[17/08/2014 19:41:13] > Broadcasted message: "Game map cleaning in 1 minute, please pick up all your items.".
[17/08/2014 19:41:40] Maluko duff has logged out.
[17/08/2014 19:41:42] Maluko duff has logged in.
[17/08/2014 19:41:43] > CLEAN: Removed 3509 items from 2948 tiles in 0.277 seconds.
[17/08/2014 19:41:44] > Broadcasted message: "Map Cleaned.".
[17/08/2014 19:41:53] Nois Que Voa Bruxao has logged in.
[17/08/2014 19:44:47] Palyy has logged in.
[17/08/2014 19:44:55] Nois Que Voa Bruxao has logged out.
[17/08/2014 19:45:01] Druid Do Terror has logged in.
[17/08/2014 19:45:05] Druid Do Terror has logged out.
[17/08/2014 19:45:06] Pally Da Morte has logged in.
[17/08/2014 19:45:24] > Broadcasted message: "Para comprar bless digite !bless".
[17/08/2014 19:45:44] Pally Da Morte has logged out.
[17/08/2014 19:45:53] Druidzerah Mythus has logged out.
[17/08/2014 19:45:54] Nois Que Voa Bruxao has logged in.
[17/08/2014 19:45:54] Actions has logged out.
[17/08/2014 19:45:56] Druidzerah Mythus has logged in.
[17/08/2014 19:46:12] Magezinho Sapeca has logged out.
[17/08/2014 19:46:13] Magezinho Sapeca has logged in.
[17/08/2014 19:46:45] Actions has logged in.
[17/08/2014 19:46:54] Nois Que Voa Bruxao has logged out.
[17/08/2014 19:46:55] Novinha Safadinha has logged in.
[17/08/2014 19:47:12] Novinha Safadinha has logged out.
[17/08/2014 19:47:12] Nois Que Voa Bruxao has logged in.
[17/08/2014 19:47:36] Actions has logged out.
[17/08/2014 19:47:46] Actions has logged in.
[17/08/2014 19:47:50] Mateus has logged out.
[17/08/2014 19:50:59] Druid Nikito has logged out.
[17/08/2014 19:51:02] GM Gabriel has logged in.
[17/08/2014 19:51:50] GM Gabriel has logged out.
[17/08/2014 19:51:53] Druid Nikito has logged in.
[17/08/2014 19:52:05] > Broadcasted message: "Para duvidas, eventos, e futuramente compras E-mail/Msn -> deathpvp@live.com.".
[17/08/2014 19:52:26] Black Jose has logged out.
[17/08/2014 19:54:39] Nois Que Voa Bruxao has logged out.
[17/08/2014 19:54:48] Nois Que Voa Bruxao has logged in.
[17/08/2014 19:55:05] Actions has logged out.
[17/08/2014 19:55:39] Account Manager has logged in.
[17/08/2014 19:55:51] Account Manager has logged out.
[17/08/2014 19:56:08] Account Manager has logged in.
[17/08/2014 19:56:17] Palyy has logged out.
[17/08/2014 19:56:24] Pallyzinho has logged in.
[17/08/2014 19:56:26] Account Manager has logged out.
[17/08/2014 19:56:26] Fanta-limao has logged out.
[17/08/2014 19:56:32] Sorczinho Sapeca has logged in.
[17/08/2014 19:56:33] Pallyzinho has logged out.
[17/08/2014 19:56:36] Magezinho Sapeca has logged out.
[17/08/2014 19:56:37] Magezinho Sapeca has logged in.
[17/08/2014 19:56:38] Pallyzinho has logged in.
[17/08/2014 19:56:52] Pallyzinho has logged out.
[17/08/2014 19:57:03] Palyy has logged in.
[17/08/2014 19:57:13] Sorczinho Sapeca has logged out.
[17/08/2014 19:57:20] Bolt Action has logged in.
[17/08/2014 19:57:36] > Saving server...
[17/08/2014 19:57:39] > SAVE: Complete in 3.145 seconds using relational house storage.
[17/08/2014 19:57:52] Bolt Action has logged out.
[17/08/2014 19:57:54] > Broadcasted message: "Game map cleaning in 1 minute, please pick up all your items.".
[17/08/2014 19:57:58] Sorczinho Sapeca has logged in.
[17/08/2014 19:58:25] > CLEAN: Removed 7080 items from 4472 tiles in 0.408 seconds.
[17/08/2014 19:58:25] > Broadcasted message: "Map Cleaned.".
[17/08/2014 19:58:46] > Broadcasted message: "Para ver a lista de proximos tutores digite !tutores.".
[17/08/2014 19:59:22] Fanta-limao has logged in.
[17/08/2014 19:59:43] Magezinho Sapeca has logged out.
[17/08/2014 19:59:50] Bolt Action has logged in.
[17/08/2014 20:00:18] Druid Nikito has logged out.
[17/08/2014 20:00:20] Druid Nikito has logged in.
[17/08/2014 20:00:37] Sorczinho Sapeca has logged out.
[17/08/2014 20:00:39] Sorczinho Sapeca has logged in.
[17/08/2014 20:04:06] Anjo pk has logged out.
[17/08/2014 20:04:08] Anjo pk has logged in.
[17/08/2014 20:04:18] Bolt Action has logged out.
[17/08/2014 20:04:18] Druid Nikito has logged out.
[17/08/2014 20:04:19] Bolt Action has logged in.
[17/08/2014 20:04:21] Druid Nikito has logged in.
[17/08/2014 20:05:27] > Broadcasted message: "Para duvidas, eventos, e futuramente compras E-mail/Msn -> deathpvp@live.com.".
[17/08/2014 20:06:22] Bolt Action has logged out.
[17/08/2014 20:06:45] Bolt Action has logged in.
[17/08/2014 20:06:54] Fanta-limao has logged out.
[17/08/2014 20:06:56] Fanta-limao has logged in.
[17/08/2014 20:07:55] Black Jose has logged in.
[17/08/2014 20:09:38] Bolt Action has logged out.
[17/08/2014 20:09:39] Palyy has logged out.
[17/08/2014 20:09:40] Bolt Action has logged in.
[17/08/2014 20:09:40] Druid Nikito has logged out.
[17/08/2014 20:09:41] Palyy has logged in.
[17/08/2014 20:10:00] Bolt Action has logged out.
[17/08/2014 20:10:02] Bolt Action has logged in.
[17/08/2014 20:10:17] Bolt Action has logged out.
[17/08/2014 20:10:18] Bolt Action has logged in.
[17/08/2014 20:10:35] Bolt Action has logged out.
[17/08/2014 20:10:37] Bolt Action has logged in.
[17/08/2014 20:11:15] Fanta-limao has logged out.
[17/08/2014 20:11:16] Fanta-limao has logged in.
[17/08/2014 20:11:23] Bolt Action has logged out.
[17/08/2014 20:11:24] Bolt Action has logged in.
[17/08/2014 20:11:45] Bolt Action has logged out.
[17/08/2014 20:11:47] Bolt Action has logged in.
[17/08/2014 20:12:06] Bolt Action has logged out.
[17/08/2014 20:12:08] > Broadcasted message: "Ot on das 07:00 as 00:00".
[17/08/2014 20:12:14] Magezinho Sapeca has logged in.
[17/08/2014 20:12:23] Fanta-limao has logged out.
[17/08/2014 20:12:25] Sorczinho Sapeca has logged out.
[17/08/2014 20:12:26] Fanta-limao has logged in.
[17/08/2014 20:12:31] Magezinho Sapeca has logged out.
[17/08/2014 20:12:32] Magezinho Sapeca has logged in.
[17/08/2014 20:12:39] Magezinho Sapeca has logged out.
[17/08/2014 20:12:42] Magezinho Sapeca has logged in.
[17/08/2014 20:12:48] Magezinho Sapeca has logged out.
[17/08/2014 20:12:49] Magezinho Sapeca has logged in.
[17/08/2014 20:12:55] Fanta-limao has logged out.
[17/08/2014 20:12:58] Fanta-limao has logged in.
[17/08/2014 20:12:58] Sorczinho Sapeca has logged in.
[17/08/2014 20:14:25] Magezinho Sapeca has logged out.
[17/08/2014 20:14:28] Magezinho Sapeca has logged in.
[17/08/2014 20:14:35] > Broadcasted message: "Game map cleaning in 1 minute, please pick up all your items.".
[17/08/2014 20:14:43] Anjo pk has logged out.
[17/08/2014 20:14:44] Palyy has logged out.
[17/08/2014 20:14:46] Anjo pk has logged in.
[17/08/2014 20:14:52] Palyy has logged in.
[17/08/2014 20:15:06] > CLEAN: Removed 5569 items from 3868 tiles in 0.234 seconds.
[17/08/2014 20:15:06] > Broadcasted message: "Map Cleaned.".
[17/08/2014 20:15:52] Fanta-limao has logged out.
[17/08/2014 20:15:54] Fanta-limao has logged in.
[17/08/2014 20:16:44] Fanta-limao has logged out.
[17/08/2014 20:16:46] Fanta-limao has logged in.
[17/08/2014 20:17:19] Magezinho Sapeca has logged out.
[17/08/2014 20:17:21] Magezinho Sapeca has logged in.
[17/08/2014 20:18:28] Anjo pk has logged out.
[17/08/2014 20:18:30] Anjo pk has logged in.
[17/08/2014 20:18:49] > Broadcasted message: "Para ver a lista de proximos tutores digite !tutores.".
[17/08/2014 20:19:21] Magezinho Sapeca has logged out.
[17/08/2014 20:19:22] Magezinho Sapeca has logged in.
[17/08/2014 20:19:48] Fanta-limao has logged out.
[17/08/2014 20:20:05] Palyy has logged out.
[17/08/2014 20:20:13] Anjo pk has logged out.
[17/08/2014 20:20:21] Anjo pk has logged in.
[17/08/2014 20:20:50] Fanta-limao has logged in.
[17/08/2014 20:21:10] Black Jose has logged out.
[17/08/2014 20:21:17] Magezinho Sapeca has logged out.
[17/08/2014 20:21:31] Magezinho Sapeca has logged in.
[17/08/2014 20:21:36] Magezinho Sapeca has logged out.
[17/08/2014 20:21:36] Magezinho Sapeca has logged in.
[17/08/2014 20:21:39] Yakuza has logged out.
[17/08/2014 20:21:53] Fanta-limao has logged out.
[17/08/2014 20:22:02] Black Jose has logged in.
[17/08/2014 20:22:21] Sorczinho Sapeca has logged out.
[17/08/2014 20:22:44] Black Jose has logged out.
[17/08/2014 20:22:51] Maluko duff has logged out.
[17/08/2014 20:22:58] Pally Da Morte has logged in.
[17/08/2014 20:23:10] Druid Nikito has logged in.
[17/08/2014 20:23:16] Duff Maluko has logged out.
[17/08/2014 20:23:25] Pally Da Morte has logged out.
[17/08/2014 20:23:35] Pally Da Morte has logged in.
[17/08/2014 20:23:39] Magezinho Sapeca has logged out.
[17/08/2014 20:23:43] Lucas has logged in.
[17/08/2014 20:23:51] Pally Da Morte has logged out.
[17/08/2014 20:23:59] Druid Nikito has logged out.
[17/08/2014 20:24:19] GM Gabriel has logged in.
[17/08/2014 20:24:35] Yakuza has logged in.
[17/08/2014 20:24:38] Black Jose has logged in.
[17/08/2014 20:24:44] Druidzerah Mythus has logged out.
[17/08/2014 20:25:02] Magezinho Sapeca has logged in.
[17/08/2014 20:25:04] Fanta-limao has logged in.
[17/08/2014 20:25:30] > Broadcasted message: "Novo CLIENTE = http://www.4shared.com/rar/Xvc96eOece/Death_PVP.html".
[17/08/2014 20:25:54] Druidzerah Mythus has logged in.
[17/08/2014 20:25:54] Account Manager has logged in.
[17/08/2014 20:25:55] Black Jose has logged out.
[17/08/2014 20:26:01] Account Manager has logged out.
[17/08/2014 20:26:08] Magezinho Sapeca has logged out.
[17/08/2014 20:26:26] Duff Maluko has logged in.
[17/08/2014 20:26:27] Account Manager has logged in.
[17/08/2014 20:26:29] Account Manager has logged out.
[17/08/2014 20:26:42] Anjo pk has logged out.
[17/08/2014 20:26:44] Anjo pk has logged in.
[17/08/2014 20:26:46] Sorczinho Sapeca has logged in.
[17/08/2014 20:27:05] Magezinho Sapeca has logged in.
[17/08/2014 20:27:07] Maluko duff has logged in.
[17/08/2014 20:27:08] Anjo pk has logged out.
[17/08/2014 20:27:10] Anjo pk has logged in.
[17/08/2014 20:28:16] Duff Maluko has logged out.
[17/08/2014 20:30:36] Black Jose has logged in.
[17/08/2014 20:30:57] > Saving server...
[17/08/2014 20:31:00] > SAVE: Complete in 3.136 seconds using relational house storage.
[17/08/2014 20:31:16] > Broadcasted message: "Game map cleaning in 1 minute, please pick up all your items.".
[17/08/2014 20:31:46] > CLEAN: Removed 3735 items from 2940 tiles in 0.218 seconds.
[17/08/2014 20:31:47] > Broadcasted message: "Map Cleaned.".
[17/08/2014 20:32:11] > Broadcasted message: "Ot on das 07:00 as 00:00".
[17/08/2014 20:33:06] Yakuza has logged out.
[17/08/2014 20:33:25] Yakuza has logged in.
[17/08/2014 20:34:11] GM Gabriel has logged out.
[17/08/2014 20:34:56] [Hoster] Jean has logged in.
[17/08/2014 20:34:59] Anjo pk has logged out.
[17/08/2014 20:35:00] Anjo pk has logged in.
[17/08/2014 20:35:56] Sorczinho Sapeca has logged out.
[17/08/2014 20:35:58] Sorczinho Sapeca has logged in.
[17/08/2014 20:36:10] Yakuza has logged out.
[17/08/2014 20:36:11] Fanta-limao has logged out.
[17/08/2014 20:36:13] Fanta-limao has logged in.
[17/08/2014 20:36:29] Black Jose has logged out.
[17/08/2014 20:36:32] Black Jose has logged in.
[17/08/2014 20:37:54] Anjo pk has logged out.
[17/08/2014 20:37:56] Anjo pk has logged in.
[17/08/2014 20:38:52] > Broadcasted message: "Para ver as noticias fale !notice".
[17/08/2014 20:40:49] Anjo pk has logged out.
[17/08/2014 20:41:08] Black Jose has logged out.
[17/08/2014 20:41:28] Anjo pk has logged in.
[17/08/2014 20:41:40] Yakuza has logged in.
[17/08/2014 20:41:42] Lucas has logged out.
[17/08/2014 20:41:50] Anjo pk has logged out.
[17/08/2014 20:43:24] Magezinho Sapeca has logged out.
[17/08/2014 20:43:33] Anjo pk has logged in.
[17/08/2014 20:44:17] Lucas has logged in.
[17/08/2014 20:44:25] Fanta-limao has logged out.
[17/08/2014 20:44:26] Yakuza has logged out.
[17/08/2014 20:44:32] Yakuza has logged in.
[17/08/2014 20:44:48] Lucas has logged out.
[17/08/2014 20:44:52] Lucas has logged in.
[17/08/2014 20:45:33] > Broadcasted message: "Para esclarecer algumas duvidas digite !notice, para mais informacoes fale com um [CM]".
[17/08/2014 20:46:13] Anjo pk has logged out.
[17/08/2014 20:46:15] Anjo pk has logged in.
[17/08/2014 20:46:40] Yakuza has logged out.
[17/08/2014 20:46:46] Yakuza has logged in.
[17/08/2014 20:47:35] [Hoster] Jean has logged out.
[17/08/2014 20:47:57] > Broadcasted message: "Game map cleaning in 1 minute, please pick up all your items.".
[17/08/2014 20:48:28] > CLEAN: Removed 5517 items from 2342 tiles in 0.387 seconds.
[17/08/2014 20:48:28] > Broadcasted message: "Map Cleaned.".
[17/08/2014 20:48:32] Yakuza has logged out.
[17/08/2014 20:48:33] Yakuza has logged in.
[17/08/2014 20:51:53] Yakuza has logged out.
[17/08/2014 20:52:14] > Broadcasted message: "Para esclarecer algumas duvidas digite !notice, para mais informacoes fale com um [CM]".
[17/08/2014 20:52:21] Yakuza has logged in.
[17/08/2014 20:54:04] Magezinho Sapeca has logged in.
[17/08/2014 20:54:27] Duff Maluko has logged in.
[17/08/2014 20:55:48] Duff Maluko has logged out.
[17/08/2014 20:56:29] Duff Maluko has logged in.
[17/08/2014 20:58:55] > Broadcasted message: "Para esclarecer algumas duvidas digite !notice, para mais informacoes fale com um [CM]".
[17/08/2014 21:00:27] Magezinho Sapeca has logged out.
[17/08/2014 21:01:16] Lucas has logged out.
[17/08/2014 21:01:20] Magezinho Sapeca has logged in.
[17/08/2014 21:01:21] Magezinho Sapeca has logged out.
[17/08/2014 21:01:21] Magezinho Sapeca has logged in.
[17/08/2014 21:02:14] Druidzerah Mythus has logged out.
[17/08/2014 21:02:15] Druidzerah Mythus has logged in.
[17/08/2014 21:04:18] > Saving server...
[17/08/2014 21:04:25] > SAVE: Complete in 6.756 seconds using relational house storage.
[17/08/2014 21:04:38] > Broadcasted message: "Game map cleaning in 1 minute, please pick up all your items.".
[17/08/2014 21:05:08] Eternal Ozzot has logged in.
[17/08/2014 21:05:09] > CLEAN: Removed 6480 items from 3233 tiles in 0.561 seconds.
[17/08/2014 21:05:09] > Broadcasted message: "Map Cleaned.".
[17/08/2014 21:05:18] Maluko duff has logged out.
[17/08/2014 21:05:23] Duff Maluko has logged out.
[17/08/2014 21:05:36] > Broadcasted message: "Para ver a lista de proximos tutores digite !tutores.".
[17/08/2014 21:05:45] Nois Que Voa Bruxao has logged out.
[17/08/2014 21:05:47] Nois Que Voa Bruxao has logged in.
[17/08/2014 21:09:04] Secret Circle has logged in.
[17/08/2014 21:09:13] Druidzerah Mythus has logged out.
[17/08/2014 21:09:46] Mata Pally has logged in.
[17/08/2014 21:12:01] Druidzerah Mythus has logged in.
[17/08/2014 21:12:08] Sorczinho Sapeca has logged out.
[17/08/2014 21:12:09] Sorczinho Sapeca has logged in.
[17/08/2014 21:12:17] > Broadcasted message: "Para esclarecer algumas duvidas digite !notice, para mais informacoes fale com um [CM]".
[17/08/2014 21:13:57] Secret Circle has logged out.
[17/08/2014 21:13:57] Fanta-limao has logged in.
[17/08/2014 21:14:07] Secret Circle has logged in.
[17/08/2014 21:14:39] Pally Brisado has logged in.
[17/08/2014 21:16:08] Secret Circle has logged out.
[17/08/2014 21:16:19] Sorczinho Sapeca has logged out.
[17/08/2014 21:16:20] Sorczinho Sapeca has logged in.
[17/08/2014 21:17:19] Secret Circle has logged in.
[17/08/2014 21:17:28] Secret Circle has logged out.
[17/08/2014 21:17:36] Secret Circle has logged in.
[17/08/2014 21:17:45] Secret Circle has logged out.
[17/08/2014 21:18:01] Secret Circle has logged in.
[17/08/2014 21:18:22] Yakuza has logged out.
[17/08/2014 21:18:23] Secret Circle has logged out.
[17/08/2014 21:18:24] Yakuza has logged in.
[17/08/2014 21:18:37] Magezinho Sapeca has logged out.
[17/08/2014 21:18:40] Sorczinho Sapeca has logged out.
[17/08/2014 21:18:42] Sorczinho Sapeca has logged in.
[17/08/2014 21:18:58] > Broadcasted message: "Para comprar bless digite !bless".
[17/08/2014 21:19:01] Magezinho Sapeca has logged in.
[17/08/2014 21:19:04] Magezinho Sapeca has logged out.
[17/08/2014 21:19:07] Magezinho Sapeca has logged in.
[17/08/2014 21:19:10] Magezinho Sapeca has logged out.
[17/08/2014 21:19:12] Magezinho Sapeca has logged in.
[17/08/2014 21:19:47] Yakuza has logged out.
[17/08/2014 21:19:49] Yakuza has logged in.
[17/08/2014 21:20:06] Fanta-limao has logged out.
[17/08/2014 21:20:08] Fanta-limao has logged in.
[17/08/2014 21:20:29] Secret Circle has logged in.
[17/08/2014 21:21:19] > Broadcasted message: "Game map cleaning in 1 minute, please pick up all your items.".
[17/08/2014 21:21:29] Fanta-limao has logged out.
[17/08/2014 21:21:31] Fanta-limao has logged in.
[17/08/2014 21:21:49] > CLEAN: Removed 8086 items from 2917 tiles in 0.218 seconds.
[17/08/2014 21:21:49] > Broadcasted message: "Map Cleaned.".
[17/08/2014 21:22:29] Yakuza has logged out.
[17/08/2014 21:22:31] Yakuza has logged in.
[17/08/2014 21:23:30] Secret Circle has logged out.
[17/08/2014 21:23:46] Black Jose has logged in.
[17/08/2014 21:24:13] Eternal Ozzot has logged out.
[17/08/2014 21:24:16] Sorczinho Sapeca has logged out.
[17/08/2014 21:24:18] Sorczinho Sapeca has logged in.
[17/08/2014 21:24:19] Eternal Ozzot has logged in.
[17/08/2014 21:25:07] Black Jose has logged out.
[17/08/2014 21:25:39] > Broadcasted message: "Para duvidas, eventos, e futuramente compras E-mail/Msn -> deathpvp@live.com.".
[17/08/2014 21:26:06] Secret Circle has logged in.
[17/08/2014 21:26:12] Secret Circle has logged out.
[17/08/2014 21:26:22] Anjo pk has logged out.
[17/08/2014 21:26:24] Anjo pk has logged in.
[17/08/2014 21:27:41] Sopraitems has logged in.
[17/08/2014 21:27:46] Sopraitems has logged out.
[17/08/2014 21:27:47] Secret Circle has logged in.
[17/08/2014 21:28:00] Secret Circle has logged out.
[17/08/2014 21:28:12] Secret Circle has logged in.
[17/08/2014 21:28:38] Secret Circle has logged out.
[17/08/2014 21:29:15] Secret Circle has logged in.
[17/08/2014 21:29:33] Secret Circle has logged out.
[17/08/2014 21:30:25] Secret Circle has logged in.
[17/08/2014 21:30:48] Mata Pally has logged out.
[17/08/2014 21:32:20] > Broadcasted message: "Para ver as noticias fale !notice".
[17/08/2014 21:32:32] Yakuza has logged out.
[17/08/2014 21:33:21] Yakuza has logged in.
[17/08/2014 21:35:11] Yakuza has logged out.
[17/08/2014 21:35:12] Yakuza has logged in.
[17/08/2014 21:36:01] Yakuza has logged out.
[17/08/2014 21:36:06] Black Kina has logged in.
[17/08/2014 21:36:07] Black Kina has logged out.
[17/08/2014 21:36:09] Black Jose has logged in.
[17/08/2014 21:36:39] Lucas has logged in.
[17/08/2014 21:37:11] Secret Circle has logged out.
[17/08/2014 21:37:23] Secret Circle has logged in.
[17/08/2014 21:37:24] Secret Circle has logged out.
[17/08/2014 21:37:36] Anjo pk has logged out.
[17/08/2014 21:37:37] Anjo pk has logged in.
[17/08/2014 21:37:39] > Saving server...
[17/08/2014 21:37:43] > SAVE: Complete in 3.136 seconds using relational house storage.
[17/08/2014 21:37:54] Kina Pra Q has logged in.
[17/08/2014 21:38:00] > Broadcasted message: "Game map cleaning in 1 minute, please pick up all your items.".
[17/08/2014 21:38:31] > CLEAN: Removed 7862 items from 2352 tiles in 0.234 seconds.
[17/08/2014 21:38:31] > Broadcasted message: "Map Cleaned.".
[17/08/2014 21:38:42] Sorczinho Sapeca has logged out.
[17/08/2014 21:38:58] Sorczinho Sapeca has logged in.
[17/08/2014 21:39:01] > Broadcasted message: "Para comprar bless digite !bless".
[17/08/2014 21:39:06] Kina Pra Q has logged out.
[17/08/2014 21:39:14] Duff Maluko has logged in.
[17/08/2014 21:40:08] Duff Maluko has logged out.
[17/08/2014 21:40:31] Sorczinho Sapeca has logged out.
[17/08/2014 21:40:32] Sorczinho Sapeca has logged in.
[17/08/2014 21:41:15] Legal Fera has logged in.
[17/08/2014 21:42:01] Legal Fera has logged out.
[17/08/2014 21:42:11] Magezinho Sapeca has logged out.
[17/08/2014 21:42:13] Magezinho Sapeca has logged in.
[17/08/2014 21:42:20] Sorczinho Sapeca has logged out.
[17/08/2014 21:42:21] Sorczinho Sapeca has logged in.
[17/08/2014 21:42:25] Legal Fera has logged in.
[17/08/2014 21:43:39] Anjo pk has logged out.
[17/08/2014 21:43:40] Anjo pk has logged in.
[17/08/2014 21:45:42] Fanta-limao has logged out.
[17/08/2014 21:45:42] > Broadcasted message: "Para duvidas, eventos, e futuramente compras E-mail/Msn -> deathpvp@live.com.".
[17/08/2014 21:45:45] Magezinho Sapeca has logged out.
[17/08/2014 21:46:08] Magezinho Sapeca has logged in.
[17/08/2014 21:46:21] Black Jose has logged out.
[17/08/2014 21:46:22] Sorczinho Sapeca has logged out.
[17/08/2014 21:46:23] Sorczinho Sapeca has logged in.
[17/08/2014 21:46:31] Yakuza has logged in.
[17/08/2014 21:46:42] Pally Brisado has logged out.
[17/08/2014 21:46:42] Nois Que Voa Bruxao has logged out.
[17/08/2014 21:46:53] Eternal Ozzot has logged out.
[17/08/2014 21:46:54] Eternal Ozzot has logged in.
[17/08/2014 21:46:59] Honda has logged in.
[17/08/2014 21:47:08] Legal Fera has logged out.
[17/08/2014 21:47:10] Legal Fera has logged in.
[17/08/2014 21:47:10] Sorczinho Sapeca has logged out.
[17/08/2014 21:47:11] Sorczinho Sapeca has logged in.
[17/08/2014 21:47:22] Eternal Ozzot has logged out.
[17/08/2014 21:47:23] Eternal Ozzot has logged in.
[17/08/2014 21:48:19] Eternal Ozzot has logged out.
[17/08/2014 21:48:21] Eternal Ozzot has logged in.
[17/08/2014 21:48:27] Fanta-limao has logged in.
[17/08/2014 21:50:28] Sorczinho Sapeca has logged out.
[17/08/2014 21:50:30] Sorczinho Sapeca has logged in.
[17/08/2014 21:51:39] Black Jose has logged in.
[17/08/2014 21:51:52] Eternal Ozzot has logged out.
[17/08/2014 21:51:54] Eternal Ozzot has logged in.
[17/08/2014 21:52:02] Yakuza has logged out.
[17/08/2014 21:52:04] Account Manager has logged in.
[17/08/2014 21:52:16] Account Manager has logged out.
[17/08/2014 21:52:23] > Broadcasted message: "Novo CLIENTE = http://www.4shared.com/rar/Xvc96eOece/Death_PVP.html".
[17/08/2014 21:52:27] Lallana has logged in.
[17/08/2014 21:52:33] Lallana has logged out.
[17/08/2014 21:53:38] Account Manager has logged in.
[17/08/2014 21:53:47] Account Manager has logged out.
[17/08/2014 21:53:49] Yakuza has logged in.
[17/08/2014 21:54:27] Yakuza has logged out.
[17/08/2014 21:54:28] Account Manager has logged in.
[17/08/2014 21:54:35] Account Manager has logged out.
[17/08/2014 21:54:41] > Broadcasted message: "Game map cleaning in 1 minute, please pick up all your items.".
[17/08/2014 21:55:11] > CLEAN: Removed 6213 items from 1982 tiles in 0.239 seconds.
[17/08/2014 21:55:12] > Broadcasted message: "Map Cleaned.".
[17/08/2014 21:55:19] Mlk Piranha has logged in.
[17/08/2014 21:55:21] Mlk Piranha has logged out.
[17/08/2014 21:55:46] Account Manager has logged in.
[17/08/2014 21:56:04] Account Manager has logged out.
[17/08/2014 21:56:06] Account Manager has logged in.
[17/08/2014 21:56:48] Lucas has logged out.
[17/08/2014 21:57:02] Account Manager has logged out.
[17/08/2014 21:57:08] Mateus has logged in.
[17/08/2014 21:57:26] Yakuza has logged in.
[17/08/2014 21:57:37] Mateus has logged out.
[17/08/2014 21:58:41] Magezinho Sapeca has logged out.
[17/08/2014 21:59:04] > Broadcasted message: "Para comprar bless digite !bless".
[17/08/2014 21:59:29] Magezinho Sapeca has logged in.
[17/08/2014 21:59:48] Eternal Ozzot has logged out.
[17/08/2014 21:59:50] Eternal Ozzot has logged in.
[17/08/2014 22:02:34] Eternal Ozzot has logged out.
[17/08/2014 22:02:38] Yakuza has logged out.
[17/08/2014 22:03:06] Legal Fera has logged out.
[17/08/2014 22:03:12] Duff Maluko has logged in.
[17/08/2014 22:04:43] Magezinho Sapeca has logged out.
[17/08/2014 22:04:45] Magezinho Sapeca has logged in.
[17/08/2014 22:05:45] > Broadcasted message: "Para comprar bless digite !bless".
[17/08/2014 22:08:01] Magezinho Sapeca has logged out.
[17/08/2014 22:08:03] Magezinho Sapeca has logged in.
[17/08/2014 22:08:03] Magezinho Sapeca has logged out.
[17/08/2014 22:08:04] Magezinho Sapeca has logged in.
[17/08/2014 22:10:30] Sorczinho Sapeca has logged out.
[17/08/2014 22:10:32] Sorczinho Sapeca has logged in.
[17/08/2014 22:10:36] Fanta-limao has logged out.
[17/08/2014 22:11:00] > Saving server...
[17/08/2014 22:11:03] > SAVE: Complete in 2.524 seconds using relational house storage.
[17/08/2014 22:11:21] Yakuza has logged in.
[17/08/2014 22:11:22] > Broadcasted message: "Game map cleaning in 1 minute, please pick up all your items.".
[17/08/2014 22:11:41] Legal Fera has logged in.
[17/08/2014 22:11:47] Nois Que Voa Bruxao has logged in.
[17/08/2014 22:11:53] > CLEAN: Removed 12730 items from 4263 tiles in 0.393 seconds.
[17/08/2014 22:11:53] > Broadcasted message: "Map Cleaned.".
[17/08/2014 22:11:58] Yakuza has logged out.
[17/08/2014 22:12:26] > Broadcasted message: "Para comprar bless digite !bless".
[17/08/2014 22:12:31] Black Jose has logged out.
[17/08/2014 22:12:32] Black Jose has logged in.
[17/08/2014 22:13:27] Duff Maluko has logged out.
[17/08/2014 22:13:30] Duff Maluko has logged in.
[17/08/2014 22:13:37] Duff Maluko has logged out.
[17/08/2014 22:13:46] Duff Maluko has logged in.
[17/08/2014 22:14:01] Legal Fera has logged out.
[17/08/2014 22:14:26] Druidzerah Mythus has logged out.
[17/08/2014 22:16:27] Nois Que Voa Bruxao has logged out.
[17/08/2014 22:16:29] Nois Que Voa Bruxao has logged in.
[17/08/2014 22:16:41] Palyy has logged in.
[17/08/2014 22:17:02] Palyy has logged out.
[17/08/2014 22:17:04] Palyy has logged in.
[17/08/2014 22:17:07] Mata Pally has logged in.
[17/08/2014 22:17:12] Mlk Lokoo has logged in.
[17/08/2014 22:17:39] Anjo pk has logged out.
[17/08/2014 22:17:40] Anjo pk has logged in.
[17/08/2014 22:17:43] Mlk Lokoo has logged out.
[17/08/2014 22:17:44] Mlk Lokoo has logged in.
[17/08/2014 22:17:45] Mlk Lokoo has logged out.
[17/08/2014 22:17:47] Duff Maluko has logged out.
[17/08/2014 22:17:50] Microbiio I has logged in.
[17/08/2014 22:17:54] Legal Fera has logged in.
[17/08/2014 22:18:32] Black Jose has logged out.
[17/08/2014 22:18:34] Black Jose has logged in.
[17/08/2014 22:18:59] Druidzerah Mythus has logged in.
[17/08/2014 22:19:07] > Broadcasted message: "Novo CLIENTE = http://www.4shared.com/rar/Xvc96eOece/Death_PVP.html".
[17/08/2014 22:20:04] Legal Fera has logged out.
[17/08/2014 22:20:05] Legal Fera has logged in.
[17/08/2014 22:20:36] Legal Fera has logged out.
[17/08/2014 22:20:37] Legal Fera has logged in.
[17/08/2014 22:20:55] Palyy has logged out.
[17/08/2014 22:20:56] Palyy has logged in.
[17/08/2014 22:21:40] Nois Que Voa Bruxao has logged out.
[17/08/2014 22:21:42] Nois Que Voa Bruxao has logged in.
[17/08/2014 22:22:24] Black Jose has logged out.
[17/08/2014 22:22:26] Black Jose has logged in.
[17/08/2014 22:25:48] > Broadcasted message: "Sempre Ao Criar Uma Conta, Pegue A RK Dela No Account Manager Da Conta E Anote, Nunca Passe A Sua Senha Para Outras Pessoas, E Ao Entrar Em Outros OT´s Crie Contas Diferentes Para Não Sofrer HACKED, Não Me Responsabilizo Por Perdas, Obrigado".
[17/08/2014 22:27:14] Black Jose has logged out.
[17/08/2014 22:27:15] Black Jose has logged in.
[17/08/2014 22:28:03] > Broadcasted message: "Game map cleaning in 1 minute, please pick up all your items.".
[17/08/2014 22:28:33] > CLEAN: Removed 5237 items from 1439 tiles in 0.443 seconds.
[17/08/2014 22:28:34] > Broadcasted message: "Map Cleaned.".
[17/08/2014 22:29:28] Legal Fera has logged out.
[17/08/2014 22:29:30] Legal Fera has logged in.
[17/08/2014 22:31:05] Microbiio I has logged out.
[17/08/2014 22:31:06] Legal Fera has logged out.
[17/08/2014 22:31:09] Legal Fera has logged in.
[17/08/2014 22:31:22] Microbio I has logged in.
[17/08/2014 22:32:29] > Broadcasted message: "Para ver a lista de proximos tutores digite !tutores.".
[17/08/2014 22:33:08] Honda has logged out.
[17/08/2014 22:33:09] Honda has logged in.
[17/08/2014 22:33:16] Legal Fera has logged out.
[17/08/2014 22:33:19] Legal Fera has logged in.
[17/08/2014 22:33:34] Legal Fera has logged out.
[17/08/2014 22:33:35] Legal Fera has logged in.
[17/08/2014 22:33:55] Mata Pally has logged out.
[17/08/2014 22:34:09] Black Jose has logged out.
[17/08/2014 22:34:10] 
[17/08/2014 22:34:10] Lua Script Error: [Spell Interface] 
[17/08/2014 22:34:10] in a timer event called from: 
[17/08/2014 22:34:10] data/spells/scripts/anti-materia.lua:onCastSpell
[17/08/2014 22:34:11] 
[17/08/2014 22:34:11] luaDoCombat(). Creature not found
[17/08/2014 22:34:11] 
[17/08/2014 22:34:11] Lua Script Error: [Spell Interface] 
[17/08/2014 22:34:11] in a timer event called from: 
[17/08/2014 22:34:12] data/spells/scripts/anti-materia.lua:onCastSpell
[17/08/2014 22:34:12] 
[17/08/2014 22:34:12] luaDoCombat(). Creature not found
[17/08/2014 22:34:12] 
[17/08/2014 22:34:12] Lua Script Error: [Spell Interface] 
[17/08/2014 22:34:13] in a timer event called from: 
[17/08/2014 22:34:13] data/spells/scripts/anti-materia.lua:onCastSpell
[17/08/2014 22:34:13] 
[17/08/2014 22:34:13] luaDoCombat(). Creature not found
[17/08/2014 22:34:13] 
[17/08/2014 22:34:13] Lua Script Error: [Spell Interface] 
[17/08/2014 22:34:14] in a timer event called from: 
[17/08/2014 22:34:14] data/spells/scripts/anti-materia.lua:onCastSpell
[17/08/2014 22:34:14] 
[17/08/2014 22:34:14] luaDoCombat(). Creature not found
[17/08/2014 22:34:14] 
[17/08/2014 22:34:14] Lua Script Error: [Spell Interface] 
[17/08/2014 22:34:14] in a timer event called from: 
[17/08/2014 22:34:15] data/spells/scripts/anti-materia.lua:onCastSpell
[17/08/2014 22:34:15] 
[17/08/2014 22:34:15] luaDoCombat(). Creature not found
[17/08/2014 22:34:15] 
[17/08/2014 22:34:15] Lua Script Error: [Spell Interface] 
[17/08/2014 22:34:15] in a timer event called from: 
[17/08/2014 22:34:16] data/spells/scripts/anti-materia.lua:onCastSpell
[17/08/2014 22:34:16] 
[17/08/2014 22:34:16] luaDoCombat(). Creature not found
[17/08/2014 22:34:32] Black Jose has logged in.
[17/08/2014 22:34:52] Legal Fera has logged out.
[17/08/2014 22:34:54] Legal Fera has logged in.
[17/08/2014 22:36:19] Anjo pk has logged out.
[17/08/2014 22:36:36] Legal Fera has logged out.
[17/08/2014 22:36:40] Microbio I has logged out.
[17/08/2014 22:36:42] Microbio I has logged in.
[17/08/2014 22:36:51] Gotak has logged in.
[17/08/2014 22:36:53] Nois Que Voa Bruxao has logged out.
[17/08/2014 22:36:57] Nois Que Voa Bruxao has logged in.
[17/08/2014 22:37:36] Kina Pra Q has logged in.
[17/08/2014 22:37:58] Magezinho Sapeca has logged out.
[17/08/2014 22:38:20] Kina Pra Q has logged out.
[17/08/2014 22:38:24] Gotak has logged out.
[17/08/2014 22:38:27] Magezinho Sapeca has logged in.
[17/08/2014 22:38:28] Gotak has logged in.
[17/08/2014 22:38:43] Gotak has logged out.
[17/08/2014 22:39:04] Palyy has logged out.
[17/08/2014 22:39:09] Palyy has logged in.
[17/08/2014 22:39:10] > Broadcasted message: "Sempre Ao Criar Uma Conta, Pegue A RK Dela No Account Manager Da Conta E Anote, Nunca Passe A Sua Senha Para Outras Pessoas, E Ao Entrar Em Outros OT´s Crie Contas Diferentes Para Não Sofrer HACKED, Não Me Responsabilizo Por Perdas, Obrigado".
[17/08/2014 22:40:33] Duff Maluko has logged in.
[17/08/2014 22:42:47] Boss-sykes has logged in.
[17/08/2014 22:43:21] Duff Maluko has logged out.
[17/08/2014 22:43:38] Duff Maluko has logged in.
[17/08/2014 22:44:21] Nois Que Voa Bruxao has logged out.
[17/08/2014 22:44:21] > Saving server...
[17/08/2014 22:44:25] > SAVE: Complete in 3.008 seconds using relational house storage.
[17/08/2014 22:44:26] Nois Que Voa Bruxao has logged in.
[17/08/2014 22:44:44] > Broadcasted message: "Game map cleaning in 1 minute, please pick up all your items.".
[17/08/2014 22:45:15] > CLEAN: Removed 3270 items from 2060 tiles in 0.242 seconds.
[17/08/2014 22:45:15] > Broadcasted message: "Map Cleaned.".
[17/08/2014 22:45:51] > Broadcasted message: "Para duvidas, eventos, e futuramente compras E-mail/Msn -> deathpvp@live.com.".
[17/08/2014 22:45:55] Palyy has logged out.
[17/08/2014 22:45:56] Palyy has logged in.
[17/08/2014 22:47:17] Sorczinho Sapeca has logged out.
[17/08/2014 22:47:19] Sorczinho Sapeca has logged in.
[17/08/2014 22:47:27] Magezinho Sapeca has logged out.
[17/08/2014 22:47:32] Magezinho Sapeca has logged in.
[17/08/2014 22:47:33] Magezinho Sapeca has logged out.
[17/08/2014 22:47:36] Magezinho Sapeca has logged in.
[17/08/2014 22:48:50] Honda has logged out.
[17/08/2014 22:49:44] Honda has logged in.
[17/08/2014 22:51:34] Honda has logged out.
[17/08/2014 22:52:32] > Broadcasted message: "Para duvidas, eventos, e futuramente compras E-mail/Msn -> deathpvp@live.com.".
[17/08/2014 22:52:33] Boss-sykes has logged out.
[17/08/2014 22:52:41] [Hoster] Jean has logged in.
[17/08/2014 22:52:43] Honda has logged in.
[17/08/2014 22:52:50] Black Jose has logged out.
[17/08/2014 22:53:51] Honda has logged out.
[17/08/2014 22:53:55] Eternal Ozzot has logged in.
[17/08/2014 22:55:15] Honda has logged in.
[17/08/2014 22:55:42] Honda has logged out.
[17/08/2014 22:56:21] Honda has logged in.
[17/08/2014 22:56:45] Microbio I has logged out.
[17/08/2014 22:56:58] Honda has logged out.
[17/08/2014 22:57:19] Honda has logged in.
[17/08/2014 22:57:56] Honda has logged out.
[17/08/2014 22:58:27] Honda has logged in.
[17/08/2014 22:59:13] > Broadcasted message: "Para esclarecer algumas duvidas digite !notice, para mais informacoes fale com um [CM]".
[17/08/2014 23:01:25] > Broadcasted message: "Game map cleaning in 1 minute, please pick up all your items.".
[17/08/2014 23:01:27] Pally Brisado has logged in.
[17/08/2014 23:01:56] > CLEAN: Removed 8079 items from 4415 tiles in 0.312 seconds.
[17/08/2014 23:01:56] > Broadcasted message: "Map Cleaned.".
[17/08/2014 23:04:27] Pally Brisado has logged out.
[17/08/2014 23:04:35] Pally Brisado has logged in.
[17/08/2014 23:05:54] > Broadcasted message: "Novo CLIENTE = http://www.4shared.com/rar/Xvc96eOece/Death_PVP.html".
[17/08/2014 23:06:48] Magezinho Sapeca has logged out.
[17/08/2014 23:06:52] Magezinho Sapeca has logged in.
[17/08/2014 23:08:56] Magezinho Sapeca has logged out.
[17/08/2014 23:09:02] Magezinho Sapeca has logged in.
[17/08/2014 23:12:18] 
[17/08/2014 23:12:18] Lua Script Error: [Spell Interface] 
[17/08/2014 23:12:19] data/spells/scripts/animate.lua:onCastSpell
[17/08/2014 23:12:19] 
[17/08/2014 23:12:19] data/spells/scripts/animate.lua:12: attempt to call global 'getThingPosition' (a nil value)
[17/08/2014 23:12:20] stack traceback:
[17/08/2014 23:12:20] 	data/spells/scripts/animate.lua:12: in function <data/spells/scripts/animate.lua:1>
[17/08/2014 23:12:20] 	(tail call): ?
[17/08/2014 23:12:35] > Broadcasted message: "Para esclarecer algumas duvidas digite !notice, para mais informacoes fale com um [CM]".
[17/08/2014 23:12:52] Magezinho Sapeca has logged out.
[17/08/2014 23:12:55] Magezinho Sapeca has logged in.
[17/08/2014 23:13:46] Magezinho Sapeca has logged out.
[17/08/2014 23:13:48] Magezinho Sapeca has logged in.
[17/08/2014 23:14:01] Magezinho Sapeca has logged out.
[17/08/2014 23:14:51] Black Jose has logged in.
[17/08/2014 23:15:00] Magezinho Sapeca has logged in.
[17/08/2014 23:16:07] Microbio I has logged in.
[17/08/2014 23:16:52] Palyy has logged out.
[17/08/2014 23:17:02] Palyy has logged in.
[17/08/2014 23:17:42] > Saving server...
[17/08/2014 23:17:46] > SAVE: Complete in 3.167 seconds using relational house storage.
[17/08/2014 23:17:48] Account Manager has logged in.
[17/08/2014 23:18:03] Account Manager has logged out.
[17/08/2014 23:18:06] > Broadcasted message: "Game map cleaning in 1 minute, please pick up all your items.".
[17/08/2014 23:18:11] Account Manager has logged in.
[17/08/2014 23:18:37] Account Manager has logged out.
[17/08/2014 23:18:37] > CLEAN: Removed 5865 items from 2994 tiles in 0.296 seconds.
[17/08/2014 23:18:37] > Broadcasted message: "Map Cleaned.".
[17/08/2014 23:18:45] Yakuza has logged in.
[17/08/2014 23:19:02] Sorczinho Sapeca has logged out.
[17/08/2014 23:19:03] Sorczinho Sapeca has logged in.
[17/08/2014 23:19:16] > Broadcasted message: "Novo CLIENTE = http://www.4shared.com/rar/Xvc96eOece/Death_PVP.html".
[17/08/2014 23:19:31] Black Jose has logged out.
[17/08/2014 23:19:37] Black Jose has logged in.
[17/08/2014 23:20:30] Black Jose has logged out.
[17/08/2014 23:20:31] Nois Que Voa Bruxao has logged out.
[17/08/2014 23:20:33] Black Jose has logged in.
[17/08/2014 23:20:35] Black Jose has logged out.
[17/08/2014 23:20:35] Nois Que Voa Bruxao has logged in.
[17/08/2014 23:20:46] Black Jose has logged in.
[17/08/2014 23:21:10] Microbio I has logged out.
[17/08/2014 23:21:12] Microbio I has logged in.
[17/08/2014 23:22:04] Black Jose has logged out.
[17/08/2014 23:22:10] Black Jose has logged in.
[17/08/2014 23:22:41] Magezinho Sapeca has logged out.
[17/08/2014 23:22:43] Magezinho Sapeca has logged in.
[17/08/2014 23:22:44] Magezinho Sapeca has logged out.
[17/08/2014 23:22:45] Magezinho Sapeca has logged in.
[17/08/2014 23:24:53] Sorczinho Sapeca has logged out.
[17/08/2014 23:24:55] Sorczinho Sapeca has logged in.
[17/08/2014 23:25:01] Black Jose has logged out.
[17/08/2014 23:25:06] Black Jose has logged in.
[17/08/2014 23:25:57] > Broadcasted message: "Para esclarecer algumas duvidas digite !notice, para mais informacoes fale com um [CM]".
[17/08/2014 23:26:47] Black Jose has logged out.
[17/08/2014 23:26:52] Black Jose has logged in.
[17/08/2014 23:27:30] Magezinho Sapeca has logged out.
[17/08/2014 23:27:35] Magezinho Sapeca has logged in.
[17/08/2014 23:28:05] Black Jose has logged out.
[17/08/2014 23:28:13] Black Jose has logged in.
[17/08/2014 23:28:34] Black Jose has logged out.
[17/08/2014 23:28:44] Black Jose has logged in.
[17/08/2014 23:29:37] Black Jose has logged out.
[17/08/2014 23:29:44] Black Jose has logged in.
[17/08/2014 23:30:06] Black Jose has logged out.
[17/08/2014 23:30:12] Black Jose has logged in.
[17/08/2014 23:30:46] Duff Maluko has logged out.
[17/08/2014 23:31:48] Account Manager has logged in.
[17/08/2014 23:32:13] Account Manager has logged out.
[17/08/2014 23:32:20] Account Manager has logged in.
[17/08/2014 23:32:38] > Broadcasted message: "Ot on das 07:00 as 00:00".
[17/08/2014 23:32:45] Palyy has logged out.
[17/08/2014 23:32:47] Palyy has logged in.
[17/08/2014 23:32:53] Nois Que Voa Bruxao has logged out.
[17/08/2014 23:32:56] Nois Que Voa Bruxao has logged in.
[17/08/2014 23:33:02] Account Manager has logged out.
[17/08/2014 23:33:09] Ethernal has logged in.
[17/08/2014 23:33:54] Sorczinho Sapeca has logged out.
[17/08/2014 23:33:56] Sorczinho Sapeca has logged in.
[17/08/2014 23:34:03] Palyy has logged out.
[17/08/2014 23:34:10] Palyy has logged in.
[17/08/2014 23:34:47] > Broadcasted message: "Game map cleaning in 1 minute, please pick up all your items.".
[17/08/2014 23:35:18] > CLEAN: Removed 6332 items from 3713 tiles in 0.296 seconds.
[17/08/2014 23:35:18] > Broadcasted message: "Map Cleaned.".
[17/08/2014 23:36:44] Palyy has logged out.
[17/08/2014 23:38:04] Honda has logged out.
[17/08/2014 23:38:04] 
[17/08/2014 23:38:05] Lua Script Error: [Spell Interface] 
[17/08/2014 23:38:05] in a timer event called from: 
[17/08/2014 23:38:05] data/spells/scripts/max power rune.lua:onCastSpell
[17/08/2014 23:38:05] 
[17/08/2014 23:38:05] luaDoCombat(). Creature not found
[17/08/2014 23:38:06] 
[17/08/2014 23:38:06] Lua Script Error: [Spell Interface] 
[17/08/2014 23:38:06] in a timer event called from: 
[17/08/2014 23:38:06] data/spells/scripts/max power rune.lua:onCastSpell
[17/08/2014 23:38:06] 
[17/08/2014 23:38:06] luaDoCombat(). Creature not found
[17/08/2014 23:38:07] 
[17/08/2014 23:38:07] Lua Script Error: [Spell Interface] 
[17/08/2014 23:38:07] in a timer event called from: 
[17/08/2014 23:38:07] data/spells/scripts/max power rune.lua:onCastSpell
[17/08/2014 23:38:08] 
[17/08/2014 23:38:08] luaDoCombat(). Creature not found
[17/08/2014 23:38:08] 
[17/08/2014 23:38:08] Lua Script Error: [Spell Interface] 
[17/08/2014 23:38:08] in a timer event called from: 
[17/08/2014 23:38:08] data/spells/scripts/max power rune.lua:onCastSpell
[17/08/2014 23:38:09] 
[17/08/2014 23:38:09] luaDoCombat(). Creature not found
[17/08/2014 23:38:11] Honda has logged in.
[17/08/2014 23:38:12] Palyy has logged in.
[17/08/2014 23:39:02] Eternal Ozzot has logged out.
[17/08/2014 23:39:05] Eternal Ozzot has logged in.
[17/08/2014 23:39:19] > Broadcasted message: "Para ver a lista de proximos tutores digite !tutores.".
[17/08/2014 23:39:33] Sorczinho Sapeca has logged out.
[17/08/2014 23:39:56] Sorczinho Sapeca has logged in.
[17/08/2014 23:40:53] [Hoster] Jean has logged out.
[17/08/2014 23:40:56] Ethernal has logged out.
[17/08/2014 23:41:00] > Saving server...
[17/08/2014 23:41:04] > SAVE: Complete in 3.183 seconds using relational house storage.
[17/08/2014 23:41:04] Druidzerah Mythus has logged out.
[17/08/2014 23:41:05] Pally Brisado has logged out.
[17/08/2014 23:41:05] Yakuza has logged out.
[17/08/2014 23:41:05] Microbio I has logged out.
[17/08/2014 23:41:06] Magezinho Sapeca has logged out.
[17/08/2014 23:41:06] Black Jose has logged out.
[17/08/2014 23:41:07] Nois Que Voa Bruxao has logged out.
[17/08/2014 23:41:07] Honda has logged out.
[17/08/2014 23:41:08] Palyy has logged out.
[17/08/2014 23:41:08] Eternal Ozzot has logged out.
[17/08/2014 23:41:09] Sorczinho Sapeca has logged out.
[17/08/2014 23:41:09] > Saving server...
[17/08/2014 23:41:10] > SAVE: Complete in 1.217 seconds using relational house storage.
[17/08/2014 23:41:11] Preparing to shutdown server.