[20/03/2015 00:06:36] > Broadcasted message: "Game map cleaning in 1 minute, please pick up all your items.".
[20/03/2015 00:07:07] > CLEAN: Removed 1935 items from 2252 tiles in 0.211 seconds.
[20/03/2015 00:07:07] > Broadcasted message: "Map Cleaned.".
[20/03/2015 00:07:16] > Broadcasted message: "Para ver as noticias fale !notice".
[20/03/2015 00:10:41] Knight Das Trevas has logged out.
[20/03/2015 00:13:41] > Saving server...
[20/03/2015 00:13:46] > SAVE: Complete in 5.316 seconds using relational house storage.
[20/03/2015 00:15:37] > Broadcasted message: "Novo CLIENTE = http://www.4shared.com/rar/cfxSV4o7ce/Death_PVP.html".
[20/03/2015 00:17:38] Druidzerah Mythus has logged out.
[20/03/2015 00:23:08] > Saving server...
[20/03/2015 00:23:10] > SAVE: Complete in 1.786 seconds using relational house storage.
[20/03/2015 00:23:17] > Broadcasted message: "Game map cleaning in 1 minute, please pick up all your items.".
[20/03/2015 00:23:48] > CLEAN: Removed 457 items from 559 tiles in 0.227 seconds.
[20/03/2015 00:23:48] > Broadcasted message: "Map Cleaned.".
[20/03/2015 00:23:58] > Broadcasted message: "Para comprar bless digite !bless".
[20/03/2015 00:30:00] Jean has logged in.
[20/03/2015 00:30:47] > Saving server...
[20/03/2015 00:30:49] > SAVE: Complete in 1.732 seconds using relational house storage.
[20/03/2015 00:30:50] Jean has logged out.
[20/03/2015 00:30:55] > Saving server...
[20/03/2015 00:30:57] > SAVE: Complete in 1.685 seconds using relational house storage.
[20/03/2015 00:30:58] Ice Cube has logged out.
[20/03/2015 00:30:58] > Saving server...
[20/03/2015 00:31:00] > SAVE: Complete in 1.451 seconds using relational house storage.
[20/03/2015 00:31:00] Preparing to shutdown server..
[20/03/2015 00:31:01] .
[20/03/2015 00:31:01] Exiting
[20/03/2015 12:15:12] The Forgotten Server, version 0.3.4 (Crying Damson)
[20/03/2015 12:15:12] Sever Criado Por Alissow e Comedinha.
[20/03/2015 12:15:12] Publicidade: www.sotserv.blogspot.com <- <- <- Tudo sobre otserv.
[20/03/2015 12:15:13] Bom Jogo!!!
[20/03/2015 12:15:13] 
[20/03/2015 12:15:13] >> Debugging: nothing.
[20/03/2015 12:15:13] >> Checking software version... failed checking - malformed file.
[20/03/2015 12:15:14] 
[20/03/2015 12:15:14] >> Loading config (config.lua)
[20/03/2015 12:15:14] > Using plaintext passwords
[20/03/2015 12:15:14] >> Loading RSA key
[20/03/2015 12:15:14] >> Starting SQL connection
[20/03/2015 12:15:14] >> Running Database Manager
[20/03/2015 12:15:15] > Optimized database.
[20/03/2015 12:15:15] >> Loading items
[20/03/2015 12:15:15] >> Loading groups
[20/03/2015 12:15:15] >> Loading vocations
[20/03/2015 12:15:15] >> Loading script systems
[20/03/2015 12:15:18] >> Loading chat channels
[20/03/2015 12:15:18] >> Loading outfits
[20/03/2015 12:15:18] >> Loading experience stages
[20/03/2015 12:15:18] >> Loading monsters
[20/03/2015 12:15:20] >> Loading map and spawns...
[20/03/2015 12:15:21] > Map size: 65000x65000.
[20/03/2015 12:15:21] > Map descriptions: 
[20/03/2015 12:15:21] Saved with Remere's Map Editor 2.2
[20/03/2015 12:15:21] No map description available.
[20/03/2015 12:15:22] Duplicate uniqueId 2407
[20/03/2015 12:15:25] > Map loading time: 4.899 seconds.
[20/03/2015 12:15:26] > Data loading time: 0.764 seconds.
[20/03/2015 12:15:26] > Unserialization time for houses: 0.016 seconds.
[20/03/2015 12:15:50] > Unserialization time for map: 23.15 seconds.
[20/03/2015 12:15:50] >> Checking world type... PvP
[20/03/2015 12:15:50] >> Initializing game state modules and registering services...
[20/03/2015 12:15:51] > Global address: deathpvp.no-ip.biz
[20/03/2015 12:15:51] > Local ports:
[20/03/2015 12:15:51] 7171	7172	
[20/03/2015 12:15:51] >> All modules were loaded, server starting up...
[20/03/2015 12:15:52] >> OT Death server Online!
[20/03/2015 12:15:52] 
[20/03/2015 12:21:06] sqlite3_step(): SQLITE ERROR: columns id, world_id are not unique
[20/03/2015 12:23:39] > Broadcasted message: "Para comprar bless digite !bless".
[20/03/2015 12:23:50] Account Manager has logged in.
[20/03/2015 12:24:00] Account Manager has logged out.
[20/03/2015 12:26:31] Account Manager has logged in.
[20/03/2015 12:29:07] Account Manager has logged out.
[20/03/2015 12:29:18] Ice Cube has logged in.
[20/03/2015 12:29:56] Ice Cube has logged out.
[20/03/2015 12:30:07] Ice Cube has logged in.
[20/03/2015 12:31:59] > Broadcasted message: "Game map cleaning in 1 minute, please pick up all your items.".
[20/03/2015 12:32:00] > Broadcasted message: "Sempre Ao Criar Uma Conta, Pegue A RK Dela No Account Manager Da Conta E Anote, Nunca Passe A Sua Senha Para Outras Pessoas, E Ao Entrar Em Outros OT´s Crie Contas Diferentes Para Não Sofrer HACKED, Não Me Responsabilizo Por Perdas, Obrigado".
[20/03/2015 12:32:05] Druidzerah Mythus has logged in.
[20/03/2015 12:32:29] > CLEAN: Removed 171 items from 341 tiles in 0.141 seconds.
[20/03/2015 12:32:29] > Broadcasted message: "Map Cleaned.".
[20/03/2015 12:35:10] Loco Sem Amigos has logged in.
[20/03/2015 12:35:30] Hiroshi has logged in.
[20/03/2015 12:36:51] Hiroshi has logged out.
[20/03/2015 12:37:28] Sr Smith has logged in.
[20/03/2015 12:37:57] Loco Sem Amigos has logged out.
[20/03/2015 12:38:15] Felipe Ret has logged in.
[20/03/2015 12:38:44] > Saving server...
[20/03/2015 12:38:46] > SAVE: Complete in 1.81 seconds using relational house storage.
[20/03/2015 12:39:03] Sr Smith has logged out.
[20/03/2015 12:39:04] Sr Smith has logged in.
[20/03/2015 12:40:21] > Broadcasted message: "Para comprar bless digite !bless".
[20/03/2015 12:40:23] Account Manager has logged in.
[20/03/2015 12:40:29] Account Manager has logged out.
[20/03/2015 12:40:52] Felipe Ret has logged out.
[20/03/2015 12:40:54] Kinazin has logged in.
[20/03/2015 12:41:00] Kinazin has logged out.
[20/03/2015 12:41:00] Kanguru Mage has logged in.
[20/03/2015 12:41:46] Loco Sem Amigos has logged in.
[20/03/2015 12:42:39] Loco Sem Amigos has logged out.
[20/03/2015 12:44:11] Druid Do Torro has logged in.
[20/03/2015 12:46:49] Druid Do Torro has logged out.
[20/03/2015 12:46:51] Druid Do Torro has logged in.
[20/03/2015 12:48:40] > Broadcasted message: "Game map cleaning in 1 minute, please pick up all your items.".
[20/03/2015 12:48:42] > Broadcasted message: "Sempre Ao Criar Uma Conta, Pegue A RK Dela No Account Manager Da Conta E Anote, Nunca Passe A Sua Senha Para Outras Pessoas, E Ao Entrar Em Outros OT´s Crie Contas Diferentes Para Não Sofrer HACKED, Não Me Responsabilizo Por Perdas, Obrigado".
[20/03/2015 12:49:10] > CLEAN: Removed 655 items from 595 tiles in 0.171 seconds.
[20/03/2015 12:49:11] > Broadcasted message: "Map Cleaned.".
[20/03/2015 12:49:19] Erloff has logged in.
[20/03/2015 12:52:19] Hiroshi has logged in.
[20/03/2015 12:52:27] Druid Do Torro has logged out.
[20/03/2015 12:52:29] Druid Do Torro has logged in.
[20/03/2015 12:53:08] Nadador Knight has logged in.
[20/03/2015 12:56:18] Druid Do Torro has logged out.
[20/03/2015 12:56:24] Loco Sem Amigos has logged in.
[20/03/2015 12:57:03] > Broadcasted message: "Sempre Ao Criar Uma Conta, Pegue A RK Dela No Account Manager Da Conta E Anote, Nunca Passe A Sua Senha Para Outras Pessoas, E Ao Entrar Em Outros OT´s Crie Contas Diferentes Para Não Sofrer HACKED, Não Me Responsabilizo Por Perdas, Obrigado".
[20/03/2015 12:57:54] Kanguru Pally has logged in.
[20/03/2015 12:58:38] Erloff has logged out.
[20/03/2015 12:58:40] Erloff has logged in.
[20/03/2015 12:59:43] Loco Sem Amigos has logged out.
[20/03/2015 12:59:44] Loco Sem Amigos has logged in.
[20/03/2015 12:59:54] Ice Cube has logged out.
[20/03/2015 12:59:55] Hiroshi has logged out.
[20/03/2015 12:59:56] Ice Cube has logged in.
[20/03/2015 12:59:57] Hiroshi has logged in.
[20/03/2015 13:00:42] Loco Sem Amigos has logged out.
[20/03/2015 13:00:44] Loco Sem Amigos has logged in.
[20/03/2015 13:02:05] > Saving server...
[20/03/2015 13:02:08] > SAVE: Complete in 2.481 seconds using relational house storage.
[20/03/2015 13:02:15] Ice Cube has logged out.
[20/03/2015 13:02:16] Ice Cube has logged in.
[20/03/2015 13:02:48] Nadador Knight has logged out.
[20/03/2015 13:02:49] Ice Cube has logged out.
[20/03/2015 13:02:50] Loco Sem Amigos has logged out.
[20/03/2015 13:02:50] Nadador Knight has logged in.
[20/03/2015 13:02:51] Ice Cube has logged in.
[20/03/2015 13:02:52] Loco Sem Amigos has logged in.
[20/03/2015 13:03:33] Erloff has logged out.
[20/03/2015 13:03:35] Erloff has logged in.
[20/03/2015 13:04:19] Nadador Knight has logged out.
[20/03/2015 13:04:21] Nadador Knight has logged in.
[20/03/2015 13:05:21] > Broadcasted message: "Game map cleaning in 1 minute, please pick up all your items.".
[20/03/2015 13:05:24] > Broadcasted message: "Para ver as noticias fale !notice".
[20/03/2015 13:05:51] > CLEAN: Removed 5646 items from 1608 tiles in 0.187 seconds.
[20/03/2015 13:05:51] > Broadcasted message: "Map Cleaned.".
[20/03/2015 13:05:56] Hiroshi has logged out.
[20/03/2015 13:05:58] Hiroshi has logged in.
[20/03/2015 13:06:14] Ice Cube has logged out.
[20/03/2015 13:06:15] Ice Cube has logged in.
[20/03/2015 13:07:22] Hiroshi has logged out.
[20/03/2015 13:07:24] Hiroshi has logged in.
[20/03/2015 13:08:15] Sr Smith has logged out.
[20/03/2015 13:08:16] Sr Smith has logged in.
[20/03/2015 13:08:38] Kanguru Pally has logged out.
[20/03/2015 13:08:41] Kanguru Pally has logged in.
[20/03/2015 13:08:57] Sr Smith has logged out.
[20/03/2015 13:08:58] Sr Smith has logged in.
[20/03/2015 13:08:58] 
[20/03/2015 13:08:58] Lua Script Error: [CreatureScript Interface] 
[20/03/2015 13:08:59] data/creaturescripts/scripts/playerdeath.lua:onDeath
[20/03/2015 13:08:59] 
[20/03/2015 13:08:59] luaGetCreatureName(). Creature not found
[20/03/2015 13:08:59] 
[20/03/2015 13:08:59] Lua Script Error: [CreatureScript Interface] 
[20/03/2015 13:08:59] data/creaturescripts/scripts/playerdeath.lua:onDeath
[20/03/2015 13:08:59] 
[20/03/2015 13:08:59] luaGetCreatureName(). Creature not found
[20/03/2015 13:09:00] Hiroshi has logged out.
[20/03/2015 13:09:03] Hiroshi has logged in.
[20/03/2015 13:09:39] Loco Sem Amigos has logged out.
[20/03/2015 13:09:41] Loco Sem Amigos has logged in.
[20/03/2015 13:11:50] Nadador Knight has logged out.
[20/03/2015 13:11:52] Nadador Knight has logged in.
[20/03/2015 13:12:00] Account Manager has logged in.
[20/03/2015 13:12:07] Ice Cube has logged out.
[20/03/2015 13:12:09] Ice Cube has logged in.
[20/03/2015 13:12:19] Account Manager has logged out.
[20/03/2015 13:12:33] Jean has logged in.
[20/03/2015 13:13:02] Loco Sem Amigos has logged out.
[20/03/2015 13:13:04] Loco Sem Amigos has logged in.
[20/03/2015 13:13:39] Hashi has logged in.
[20/03/2015 13:13:45] > Broadcasted message: "Sempre Ao Criar Uma Conta, Pegue A RK Dela No Account Manager Da Conta E Anote, Nunca Passe A Sua Senha Para Outras Pessoas, E Ao Entrar Em Outros OT´s Crie Contas Diferentes Para Não Sofrer HACKED, Não Me Responsabilizo Por Perdas, Obrigado".
[20/03/2015 13:14:37] Sr Smith has logged out.
[20/03/2015 13:14:39] Sr Smith has logged in.
[20/03/2015 13:15:11] Loco Sem Amigos has logged out.
[20/03/2015 13:15:13] Loco Sem Amigos has logged in.
[20/03/2015 13:15:15] Knight castiga has logged in.
[20/03/2015 13:15:32] Knight castiga has logged out.
[20/03/2015 13:15:32] Knight Das Trevas has logged in.
[20/03/2015 13:15:46] Jean has logged out.
[20/03/2015 13:15:48] Fakedoi has logged in.
[20/03/2015 13:15:56] Loco Sem Amigos has logged out.
[20/03/2015 13:15:58] Hiroshi has logged out.
[20/03/2015 13:15:59] Loco Sem Amigos has logged in.
[20/03/2015 13:16:00] Hiroshi has logged in.
[20/03/2015 13:16:23] Fakedoi has logged out.
[20/03/2015 13:16:48] Erloff has logged out.
[20/03/2015 13:16:49] Erloff has logged in.
[20/03/2015 13:17:05] Sr Smith has logged out.
[20/03/2015 13:17:08] Sr Smith has logged in.
[20/03/2015 13:18:10] Ice Cube has logged out.
[20/03/2015 13:18:12] Ice Cube has logged in.
[20/03/2015 13:18:34] Sr Smith has logged out.
[20/03/2015 13:18:37] Sr Smith has logged in.
[20/03/2015 13:19:14] Nadador Knight has logged out.
[20/03/2015 13:19:15] Nadador Knight has logged in.
[20/03/2015 13:19:26] Ice Cube has logged out.
[20/03/2015 13:19:26] 
[20/03/2015 13:19:26] Lua Script Error: [Spell Interface] 
[20/03/2015 13:19:26] in a timer event called from: 
[20/03/2015 13:19:26] data/spells/scripts/anti-materia.lua:onCastSpell
[20/03/2015 13:19:26] 
[20/03/2015 13:19:26] luaDoCombat(). Creature not found
[20/03/2015 13:19:27] 
[20/03/2015 13:19:27] Lua Script Error: [Spell Interface] 
[20/03/2015 13:19:27] in a timer event called from: 
[20/03/2015 13:19:27] data/spells/scripts/anti-materia.lua:onCastSpell
[20/03/2015 13:19:27] 
[20/03/2015 13:19:27] luaDoCombat(). Creature not found
[20/03/2015 13:19:27] 
[20/03/2015 13:19:27] Lua Script Error: [Spell Interface] 
[20/03/2015 13:19:27] in a timer event called from: 
[20/03/2015 13:19:27] data/spells/scripts/anti-materia.lua:onCastSpell
[20/03/2015 13:19:28] 
[20/03/2015 13:19:28] luaDoCombat(). Creature not found
[20/03/2015 13:19:28] 
[20/03/2015 13:19:28] Lua Script Error: [Spell Interface] 
[20/03/2015 13:19:28] in a timer event called from: 
[20/03/2015 13:19:28] data/spells/scripts/anti-materia.lua:onCastSpell
[20/03/2015 13:19:28] 
[20/03/2015 13:19:28] luaDoCombat(). Creature not found
[20/03/2015 13:19:28] 
[20/03/2015 13:19:28] Lua Script Error: [Spell Interface] 
[20/03/2015 13:19:29] in a timer event called from: 
[20/03/2015 13:19:29] data/spells/scripts/anti-materia.lua:onCastSpell
[20/03/2015 13:19:29] 
[20/03/2015 13:19:29] luaDoCombat(). Creature not found
[20/03/2015 13:19:29] 
[20/03/2015 13:19:29] Lua Script Error: [Spell Interface] 
[20/03/2015 13:19:29] in a timer event called from: 
[20/03/2015 13:19:29] data/spells/scripts/anti-materia.lua:onCastSpell
[20/03/2015 13:19:30] 
[20/03/2015 13:19:30] luaDoCombat(). Creature not found
[20/03/2015 13:19:31] Ice Cube has logged in.
[20/03/2015 13:20:04] Sr Smith has logged out.
[20/03/2015 13:20:51] Sr Smith has logged in.
[20/03/2015 13:21:21] Loco Sem Amigos has logged out.
[20/03/2015 13:21:22] Loco Sem Amigos has logged in.
[20/03/2015 13:21:30] Ice Cube has logged out.
[20/03/2015 13:21:32] Ice Cube has logged in.
[20/03/2015 13:22:02] > Broadcasted message: "Game map cleaning in 1 minute, please pick up all your items.".
[20/03/2015 13:22:06] > Broadcasted message: "Para comprar bless digite !bless".
[20/03/2015 13:22:33] > CLEAN: Removed 6870 items from 1568 tiles in 0.218 seconds.
[20/03/2015 13:22:33] > Broadcasted message: "Map Cleaned.".
[20/03/2015 13:23:48] Knight Das Trevas has logged out.
[20/03/2015 13:23:50] Knight Das Trevas has logged in.
[20/03/2015 13:24:05] Erloff has logged out.
[20/03/2015 13:24:07] Erloff has logged in.
[20/03/2015 13:24:39] Ice Cube has logged out.
[20/03/2015 13:24:40] Ice Cube has logged in.
[20/03/2015 13:25:02] Knight Das Trevas has logged out.
[20/03/2015 13:25:04] Knight Das Trevas has logged in.
[20/03/2015 13:25:26] > Saving server...
[20/03/2015 13:25:29] > SAVE: Complete in 2.621 seconds using relational house storage.
[20/03/2015 13:25:52] Nadador Knight has logged out.
[20/03/2015 13:25:53] Nadador Knight has logged in.
[20/03/2015 13:26:17] Ice Cube has logged out.
[20/03/2015 13:26:18] Ice Cube has logged in.
[20/03/2015 13:27:00] Ice Cube has logged out.
[20/03/2015 13:27:01] Ice Cube has logged in.
[20/03/2015 13:28:09] Druidzerah Mythus has logged out.
[20/03/2015 13:28:10] Druidzerah Mythus has logged in.
[20/03/2015 13:30:21] Knight Das Trevas has logged out.
[20/03/2015 13:30:22] Knight Das Trevas has logged in.
[20/03/2015 13:30:27] > Broadcasted message: "Para comprar bless digite !bless".
[20/03/2015 13:30:31] Hashi has logged out.
[20/03/2015 13:30:33] Hashi has logged in.
[20/03/2015 13:31:48] Knight Das Trevas has logged out.
[20/03/2015 13:31:49] Knight Das Trevas has logged in.
[20/03/2015 13:31:50] Knight Das Trevas has logged out.
[20/03/2015 13:32:18] Ice Cube has logged out.
[20/03/2015 13:32:19] Ice Cube has logged in.
[20/03/2015 13:32:34] Knight Das Trevas has logged in.
[20/03/2015 13:32:34] Loco Sem Amigos has logged out.
[20/03/2015 13:32:36] Loco Sem Amigos has logged in.
[20/03/2015 13:33:20] Erloff has logged out.
[20/03/2015 13:33:22] Erloff has logged in.
[20/03/2015 13:34:25] Druidzerah Mythus has logged out.
[20/03/2015 13:34:39] Druidzerah Mythus has logged in.
[20/03/2015 13:36:42] Nadador Knight has logged out.
[20/03/2015 13:36:43] Nadador Knight has logged in.
[20/03/2015 13:37:02] Sr Smith has logged out.
[20/03/2015 13:37:07] Sr Smith has logged in.
[20/03/2015 13:37:21] Loco Sem Amigos has logged out.
[20/03/2015 13:37:23] Loco Sem Amigos has logged in.
[20/03/2015 13:37:30] Erloff has logged out.
[20/03/2015 13:37:31] Sr Smith has logged out.
[20/03/2015 13:37:31] Erloff has logged in.
[20/03/2015 13:37:33] Sr Smith has logged in.
[20/03/2015 13:37:58] Erloff has logged out.
[20/03/2015 13:37:59] Erloff has logged in.
[20/03/2015 13:38:01] Druidzerah Mythus has logged out.
[20/03/2015 13:38:03] Druidzerah Mythus has logged in.
[20/03/2015 13:38:04] Druidzerah Mythus has logged out.
[20/03/2015 13:38:09] Druidzerah Mythus has logged in.
[20/03/2015 13:38:43] > Broadcasted message: "Game map cleaning in 1 minute, please pick up all your items.".
[20/03/2015 13:38:48] > Broadcasted message: "Sempre Ao Criar Uma Conta, Pegue A RK Dela No Account Manager Da Conta E Anote, Nunca Passe A Sua Senha Para Outras Pessoas, E Ao Entrar Em Outros OT´s Crie Contas Diferentes Para Não Sofrer HACKED, Não Me Responsabilizo Por Perdas, Obrigado".
[20/03/2015 13:39:13] > CLEAN: Removed 10828 items from 3106 tiles in 0.281 seconds.
[20/03/2015 13:39:13] > Broadcasted message: "Map Cleaned.".
[20/03/2015 13:39:14] Loco Sem Amigos has logged out.
[20/03/2015 13:39:16] Loco Sem Amigos has logged in.
[20/03/2015 13:39:38] Sr Smith has logged out.
[20/03/2015 13:39:40] Sr Smith has logged in.
[20/03/2015 13:40:46] Sr Smith has logged out.
[20/03/2015 13:40:48] Sr Smith has logged in.
[20/03/2015 13:40:59] Erloff has logged out.
[20/03/2015 13:41:00] Erloff has logged in.
[20/03/2015 13:41:01] Kanguru Pally has logged out.
[20/03/2015 13:41:02] Kanguru Pally has logged in.
[20/03/2015 13:41:20] Sr Smith has logged out.
[20/03/2015 13:41:21] Loco Sem Amigos has logged out.
[20/03/2015 13:41:22] Sr Smith has logged in.
[20/03/2015 13:41:24] Loco Sem Amigos has logged in.
[20/03/2015 13:42:08] Sr Smith has logged out.
[20/03/2015 13:42:10] Sr Smith has logged in.
[20/03/2015 13:42:35] Knight Das Trevas has logged out.
[20/03/2015 13:42:37] Knight Das Trevas has logged in.
[20/03/2015 13:43:39] Knight Das Trevas has logged out.
[20/03/2015 13:43:40] Knight Das Trevas has logged in.
[20/03/2015 13:44:29] Sr Smith has logged out.
[20/03/2015 13:44:31] Sr Smith has logged in.
[20/03/2015 13:45:05] Loco Sem Amigos has logged out.
[20/03/2015 13:45:06] Loco Sem Amigos has logged in.
[20/03/2015 13:45:22] Sr Smith has logged out.
[20/03/2015 13:45:35] Erloff has logged out.
[20/03/2015 13:45:36] Knight Das Trevas has logged out.
[20/03/2015 13:45:37] Knight Das Trevas has logged in.
[20/03/2015 13:45:38] Erloff has logged in.
[20/03/2015 13:45:54] Loco Sem Amigos has logged out.
[20/03/2015 13:45:56] Loco Sem Amigos has logged in.
[20/03/2015 13:46:28] Sr Smith has logged in.
[20/03/2015 13:46:51] Ice Cube has logged out.
[20/03/2015 13:46:52] 
[20/03/2015 13:46:52] Lua Script Error: [CreatureScript Interface] 
[20/03/2015 13:46:52] data/creaturescripts/scripts/playerdeath.lua:onDeath
[20/03/2015 13:46:53] 
[20/03/2015 13:46:53] luaGetCreatureName(). Creature not found
[20/03/2015 13:46:53] 
[20/03/2015 13:46:53] Lua Script Error: [CreatureScript Interface] 
[20/03/2015 13:46:53] data/creaturescripts/scripts/playerdeath.lua:onDeath
[20/03/2015 13:46:53] 
[20/03/2015 13:46:53] luaGetCreatureName(). Creature not found
[20/03/2015 13:46:54] Knight Das Trevas has logged out.
[20/03/2015 13:46:54] 
[20/03/2015 13:46:54] Lua Script Error: [CreatureScript Interface] 
[20/03/2015 13:46:54] data/creaturescripts/scripts/playerdeath.lua:onDeath
[20/03/2015 13:46:54] 
[20/03/2015 13:46:54] luaGetCreatureName(). Creature not found
[20/03/2015 13:46:55] 
[20/03/2015 13:46:55] Lua Script Error: [CreatureScript Interface] 
[20/03/2015 13:46:55] data/creaturescripts/scripts/playerdeath.lua:onDeath
[20/03/2015 13:46:55] 
[20/03/2015 13:46:55] luaGetCreatureName(). Creature not found
[20/03/2015 13:46:55] Loco Sem Amigos has logged out.
[20/03/2015 13:46:56] Ice Cube has logged in.
[20/03/2015 13:46:57] Knight Das Trevas has logged in.
[20/03/2015 13:46:57] Loco Sem Amigos has logged in.
[20/03/2015 13:47:09] > Broadcasted message: "Para comprar bless digite !bless".
[20/03/2015 13:48:08] Nadador Knight has logged out.
[20/03/2015 13:48:10] Nadador Knight has logged in.
[20/03/2015 13:48:41] Sr Smith has logged out.
[20/03/2015 13:48:47] > Saving server...
[20/03/2015 13:48:49] > SAVE: Complete in 2.589 seconds using relational house storage.
[20/03/2015 13:50:16] Ice Cube has logged out.
[20/03/2015 13:50:18] Ice Cube has logged in.
[20/03/2015 13:51:19] Hiroshi has logged out.
[20/03/2015 13:51:20] Ice Cube has logged out.
[20/03/2015 13:51:22] Ice Cube has logged in.
[20/03/2015 13:51:22] Hiroshi has logged in.
[20/03/2015 13:53:03] Harry Potter has logged in.
[20/03/2015 13:53:06] Sr Smith has logged in.
[20/03/2015 13:55:24] > Broadcasted message: "Game map cleaning in 1 minute, please pick up all your items.".
[20/03/2015 13:55:30] > Broadcasted message: "Para ver as noticias fale !notice".
[20/03/2015 13:55:54] > CLEAN: Removed 11272 items from 3619 tiles in 0.249 seconds.
[20/03/2015 13:55:55] > Broadcasted message: "Map Cleaned.".
[20/03/2015 13:56:07] Nadador Knight has logged out.
[20/03/2015 13:56:08] Nadador Knight has logged in.
[20/03/2015 13:56:30] Harry Potter has logged out.
[20/03/2015 13:56:40] Nirvana has logged in.
[20/03/2015 13:57:54] Sr Smith has logged out.
[20/03/2015 13:58:29] Erloff has logged out.
[20/03/2015 13:58:32] Account Manager has logged in.
[20/03/2015 13:58:49] Account Manager has logged out.
[20/03/2015 13:58:58] Erloff has logged in.
[20/03/2015 13:59:10] Druid Do Torro has logged in.
[20/03/2015 13:59:13] Druid Do Torro has logged out.
[20/03/2015 13:59:14] Account Manager has logged in.
[20/03/2015 13:59:23] Account Manager has logged out.
[20/03/2015 13:59:36] Kanguru Pally has logged out.
[20/03/2015 13:59:42] Sr Smith has logged in.
[20/03/2015 14:00:52] Ice Cube has logged out.
[20/03/2015 14:00:53] Ice Cube has logged in.
[20/03/2015 14:01:41] Erloff has logged out.
[20/03/2015 14:01:43] Druid Do Torro has logged in.
[20/03/2015 14:01:57] Druid Do Torro has logged out.
[20/03/2015 14:02:23] Druid Do Torro has logged in.
[20/03/2015 14:03:51] > Broadcasted message: "Novo CLIENTE = http://www.4shared.com/rar/cfxSV4o7ce/Death_PVP.html".
[20/03/2015 14:07:52] Sr Smith has logged out.
[20/03/2015 14:07:53] Sr Smith has logged in.
[20/03/2015 14:08:18] Sr Smith has logged out.
[20/03/2015 14:08:21] Sr Smith has logged in.
[20/03/2015 14:08:52] Knight Das Trevas has logged out.
[20/03/2015 14:09:38] Nirvana has logged out.
[20/03/2015 14:09:45] Account Manager has logged in.
[20/03/2015 14:10:27] Account Manager has logged out.
[20/03/2015 14:10:33] Account Manager has logged in.
[20/03/2015 14:10:38] Hiroshi has logged out.
[20/03/2015 14:10:40] Hiroshi has logged in.
[20/03/2015 14:10:55] Account Manager has logged out.
[20/03/2015 14:11:03] Hashi has logged out.
[20/03/2015 14:11:04] Xerath has logged in.
[20/03/2015 14:11:05] Kanguru Pally has logged in.
[20/03/2015 14:11:32] Kanguru Pally has logged out.
[20/03/2015 14:11:34] Kanguru Pally has logged in.
[20/03/2015 14:12:05] > Broadcasted message: "Game map cleaning in 1 minute, please pick up all your items.".
[20/03/2015 14:12:08] > Saving server...
[20/03/2015 14:12:11] > SAVE: Complete in 2.496 seconds using relational house storage.
[20/03/2015 14:12:12] > Broadcasted message: "Novo CLIENTE = http://www.4shared.com/rar/cfxSV4o7ce/Death_PVP.html".
[20/03/2015 14:12:16] Loco Sem Amigos has logged out.
[20/03/2015 14:12:18] Loco Sem Amigos has logged in.
[20/03/2015 14:12:23] Druidzerah Mythus has logged out.
[20/03/2015 14:12:26] Druidzerah Mythus has logged in.
[20/03/2015 14:12:35] > CLEAN: Removed 3017 items from 2041 tiles in 0.219 seconds.
[20/03/2015 14:12:36] > Broadcasted message: "Map Cleaned.".
[20/03/2015 14:13:35] Kanguru Pally has logged out.
[20/03/2015 14:13:54] Kanguru Mage has logged out.
[20/03/2015 14:14:25] Kanguru Jack has logged in.
[20/03/2015 14:14:58] Nadador Knight has logged out.
[20/03/2015 14:14:59] Nadador Knight has logged in.
[20/03/2015 14:17:32] Mage Ziika has logged in.
[20/03/2015 14:18:04] Loco Sem Amigos has logged out.
[20/03/2015 14:18:06] Loco Sem Amigos has logged in.
[20/03/2015 14:18:34] Kanguru Jack has logged out.
[20/03/2015 14:18:35] Kanguru Jack has logged in.
[20/03/2015 14:19:29] Kanguru Mage has logged in.
[20/03/2015 14:20:18] Ice Cube has logged out.
[20/03/2015 14:20:19] Ice Cube has logged in.
[20/03/2015 14:20:33] > Broadcasted message: "Novo CLIENTE = http://www.4shared.com/rar/cfxSV4o7ce/Death_PVP.html".
[20/03/2015 14:22:04] Loco Sem Amigos has logged out.
[20/03/2015 14:22:06] Loco Sem Amigos has logged in.
[20/03/2015 14:23:24] Hiroshi has logged out.
[20/03/2015 14:23:26] Account Manager has logged in.
[20/03/2015 14:23:51] Account Manager has logged in.
[20/03/2015 14:23:57] Account Manager has logged out.
[20/03/2015 14:24:16] Account Manager has logged out.
[20/03/2015 14:24:20] Account Manager has logged in.
[20/03/2015 14:25:01] Account Manager has logged out.
[20/03/2015 14:25:32] Nadador Knight has logged out.
[20/03/2015 14:25:34] Nadador Knight has logged in.
[20/03/2015 14:27:12] Account Manager has logged in.
[20/03/2015 14:27:37] Nadador Knight has logged out.
[20/03/2015 14:27:43] Nirvana has logged in.
[20/03/2015 14:27:49] Account Manager has logged out.
[20/03/2015 14:28:15] Xerath has logged out.
[20/03/2015 14:28:16] Xerath has logged in.
[20/03/2015 14:28:20] Mage Ziika has logged out.
[20/03/2015 14:28:46] > Broadcasted message: "Game map cleaning in 1 minute, please pick up all your items.".
[20/03/2015 14:28:54] > Broadcasted message: "Sempre Ao Criar Uma Conta, Pegue A RK Dela No Account Manager Da Conta E Anote, Nunca Passe A Sua Senha Para Outras Pessoas, E Ao Entrar Em Outros OT´s Crie Contas Diferentes Para Não Sofrer HACKED, Não Me Responsabilizo Por Perdas, Obrigado".
[20/03/2015 14:29:11] Knightzerah Mythus has logged in.
[20/03/2015 14:29:16] > CLEAN: Removed 11540 items from 4836 tiles in 0.328 seconds.
[20/03/2015 14:29:17] > Broadcasted message: "Map Cleaned.".
[20/03/2015 14:29:25] Hashi has logged in.
[20/03/2015 14:29:39] Sr Smith has logged out.
[20/03/2015 14:30:13] Account Manager has logged in.
[20/03/2015 14:30:15] Nirvana has logged out.
[20/03/2015 14:30:18] Knightzerah Mythus has logged out.
[20/03/2015 14:30:19] Nirvana has logged in.
[20/03/2015 14:30:35] Account Manager has logged out.
[20/03/2015 14:30:37] Knightzerah Mythus has logged in.
[20/03/2015 14:30:40] Knightzerah Mythus has logged out.
[20/03/2015 14:30:45] Hiroshi has logged in.
[20/03/2015 14:30:48] Nirvana has logged out.
[20/03/2015 14:30:50] Nirvana has logged in.
[20/03/2015 14:30:59] Ice Cube has logged out.
[20/03/2015 14:31:00] Ice Cube has logged in.
[20/03/2015 14:31:00] Ice Cube has logged out.
[20/03/2015 14:31:05] Lks Mormaii has logged in.
[20/03/2015 14:31:13] Nirvana has logged out.
[20/03/2015 14:31:15] Nirvana has logged in.
[20/03/2015 14:31:40] Nirvana has logged out.
[20/03/2015 14:31:44] Nirvana has logged in.
[20/03/2015 14:31:48] Lks Mormaii has logged out.
[20/03/2015 14:31:49] Lks Mormaii has logged in.
[20/03/2015 14:32:04] Lks Mormaii has logged out.
[20/03/2015 14:32:06] Lks Mormaii has logged in.
[20/03/2015 14:32:10] Nirvana has logged out.
[20/03/2015 14:32:12] Nirvana has logged in.
[20/03/2015 14:32:20] Lks Mormaii has logged out.
[20/03/2015 14:32:21] Lks Mormaii has logged in.
[20/03/2015 14:32:47] Mage Ziika has logged in.
[20/03/2015 14:32:53] Lks Mormaii has logged out.
[20/03/2015 14:32:55] Lks Mormaii has logged in.
[20/03/2015 14:33:00] Lks Mormaii has logged out.
[20/03/2015 14:33:05] Ice Cube has logged in.
[20/03/2015 14:33:05] Nirvana has logged out.
[20/03/2015 14:33:07] Nirvana has logged in.
[20/03/2015 14:33:33] Nirvana has logged out.
[20/03/2015 14:33:35] Nirvana has logged in.
[20/03/2015 14:33:52] Nirvana has logged out.
[20/03/2015 14:33:54] Nirvana has logged in.
[20/03/2015 14:34:09] Nirvana has logged out.
[20/03/2015 14:34:10] Nirvana has logged in.
[20/03/2015 14:34:26] Nirvana has logged out.
[20/03/2015 14:34:29] Nirvana has logged in.
[20/03/2015 14:34:47] Nirvana has logged out.
[20/03/2015 14:34:48] Nirvana has logged in.
[20/03/2015 14:34:52] Knightzerah Mythus has logged in.
[20/03/2015 14:35:01] Nirvana has logged out.
[20/03/2015 14:35:03] Nirvana has logged in.
[20/03/2015 14:35:17] Nirvana has logged out.
[20/03/2015 14:35:20] Nirvana has logged in.
[20/03/2015 14:35:24] Knightzerah Mythus has logged out.
[20/03/2015 14:35:26] Pallyzeraah Mythus has logged in.
[20/03/2015 14:35:29] > Saving server...
[20/03/2015 14:35:32] > SAVE: Complete in 2.902 seconds using relational house storage.
[20/03/2015 14:35:37] Pallyzeraah Mythus has logged out.
[20/03/2015 14:35:38] Nirvana has logged out.
[20/03/2015 14:35:39] Knightzerah Mythus has logged in.
[20/03/2015 14:35:40] Nirvana has logged in.
[20/03/2015 14:35:54] Druid Do Torro has logged out.
[20/03/2015 14:35:55] Nirvana has logged out.
[20/03/2015 14:35:57] Nirvana has logged in.
[20/03/2015 14:36:06] Nirvana has logged out.
[20/03/2015 14:36:08] Nirvana has logged in.
[20/03/2015 14:36:20] Nirvana has logged out.
[20/03/2015 14:36:23] Nirvana has logged in.
[20/03/2015 14:36:37] Nirvana has logged out.
[20/03/2015 14:36:39] Nirvana has logged in.
[20/03/2015 14:36:50] Nirvana has logged out.
[20/03/2015 14:36:55] Nirvana has logged in.
[20/03/2015 14:37:15] > Broadcasted message: "Para ver as noticias fale !notice".
[20/03/2015 14:37:23] Nirvana has logged out.
[20/03/2015 14:37:26] Nirvana has logged in.
[20/03/2015 14:37:54] Nirvana has logged out.
[20/03/2015 14:37:56] Nirvana has logged in.
[20/03/2015 14:38:12] Nirvana has logged out.
[20/03/2015 14:38:13] Nirvana has logged in.
[20/03/2015 14:38:53] Druid Do Torro has logged in.
[20/03/2015 14:38:53] Nirvana has logged out.
[20/03/2015 14:38:55] Nirvana has logged in.
[20/03/2015 14:39:24] Nirvana has logged out.
[20/03/2015 14:39:28] Nirvana has logged in.
[20/03/2015 14:39:34] Nirvana has logged out.
[20/03/2015 14:39:37] Nirvana has logged in.
[20/03/2015 14:40:10] Nirvana has logged out.
[20/03/2015 14:40:11] Nirvana has logged in.
[20/03/2015 14:40:47] Nirvana has logged out.
[20/03/2015 14:40:58] Nadador Knight has logged in.
[20/03/2015 14:43:25] Kanguru Mage has logged out.
[20/03/2015 14:44:18] Druidzerah Mythus has logged out.
[20/03/2015 14:44:57] Kanguru Pally has logged in.
[20/03/2015 14:45:16] Loco Sem Amigos has logged out.
[20/03/2015 14:45:27] > Broadcasted message: "Game map cleaning in 1 minute, please pick up all your items.".
[20/03/2015 14:45:37] > Broadcasted message: "Sempre Ao Criar Uma Conta, Pegue A RK Dela No Account Manager Da Conta E Anote, Nunca Passe A Sua Senha Para Outras Pessoas, E Ao Entrar Em Outros OT´s Crie Contas Diferentes Para Não Sofrer HACKED, Não Me Responsabilizo Por Perdas, Obrigado".
[20/03/2015 14:45:58] > CLEAN: Removed 10004 items from 4369 tiles in 0.281 seconds.
[20/03/2015 14:45:58] > Broadcasted message: "Map Cleaned.".
[20/03/2015 14:46:30] Druidzerah Mythus has logged in.
[20/03/2015 14:46:31] Druid Do Torro has logged out.
[20/03/2015 14:46:44] Erloff has logged in.
[20/03/2015 14:47:34] Kanguru Pally has logged out.
[20/03/2015 14:47:38] Xerath has logged out.
[20/03/2015 14:47:48] Nirvana has logged in.
[20/03/2015 14:48:16] Druidzerah Mythus has logged out.
[20/03/2015 14:48:22] Kanguru Pally has logged in.
[20/03/2015 14:48:22] Mage Ziika has logged out.
[20/03/2015 14:48:32] Druidzerah Mythus has logged in.
[20/03/2015 14:49:03] Nirvana has logged out.
[20/03/2015 14:49:05] Nirvana has logged in.
[20/03/2015 14:49:18] Mage Ziika has logged in.
[20/03/2015 14:50:27] Nirvana has logged out.
[20/03/2015 14:50:28] Nirvana has logged in.
[20/03/2015 14:51:03] Mage Ziika has logged out.
[20/03/2015 14:51:04] Mage Ziika has logged in.
[20/03/2015 14:51:48] Mage Ziika has logged out.
[20/03/2015 14:51:50] Mage Ziika has logged in.
[20/03/2015 14:52:39] Mage Ziika has logged out.
[20/03/2015 14:52:40] Mage Ziika has logged in.
[20/03/2015 14:53:21] Mage Ziika has logged out.
[20/03/2015 14:53:23] Mage Ziika has logged in.
[20/03/2015 14:53:53] Knight has logged in.
[20/03/2015 14:53:55] Knight has logged out.
[20/03/2015 14:53:58] > Broadcasted message: "Sempre Ao Criar Uma Conta, Pegue A RK Dela No Account Manager Da Conta E Anote, Nunca Passe A Sua Senha Para Outras Pessoas, E Ao Entrar Em Outros OT´s Crie Contas Diferentes Para Não Sofrer HACKED, Não Me Responsabilizo Por Perdas, Obrigado".
[20/03/2015 14:54:02] Mage Ziika has logged out.
[20/03/2015 14:54:03] Mage Ziika has logged in.
[20/03/2015 14:54:31] Mage Ziika has logged out.
[20/03/2015 14:54:35] Mage Ziika has logged in.
[20/03/2015 14:54:54] Mage Ziika has logged out.
[20/03/2015 14:54:55] Mage Ziika has logged in.
[20/03/2015 14:55:30] Mage Ziika has logged out.
[20/03/2015 14:55:31] Mage Ziika has logged in.
[20/03/2015 14:55:52] Mage Ziika has logged out.
[20/03/2015 14:57:31] Mage Ziika has logged in.
[20/03/2015 14:57:47] Mage Ziika has logged out.
[20/03/2015 14:57:50] Mage Ziika has logged in.
[20/03/2015 14:57:55] Hashi has logged out.
[20/03/2015 14:57:57] Akindele has logged in.
[20/03/2015 14:58:08] Mage Ziika has logged out.
[20/03/2015 14:58:09] Mage Ziika has logged in.
[20/03/2015 14:58:18] Akindele has logged out.
[20/03/2015 14:58:20] Akindele has logged in.
[20/03/2015 14:58:23] Akindele has logged out.
[20/03/2015 14:58:27] Hashi has logged in.
[20/03/2015 14:58:32] Hiroshi has logged out.
[20/03/2015 14:58:34] Hiroshi has logged in.
[20/03/2015 14:58:41] Mage Ziika has logged out.
[20/03/2015 14:58:42] Mage Ziika has logged in.
[20/03/2015 14:58:50] > Saving server...
[20/03/2015 14:58:53] > SAVE: Complete in 2.808 seconds using relational house storage.
[20/03/2015 14:58:58] Mage Ziika has logged out.
[20/03/2015 14:58:59] Mage Ziika has logged in.
[20/03/2015 14:59:16] Mage Ziika has logged out.
[20/03/2015 14:59:17] Mage Ziika has logged in.
[20/03/2015 14:59:46] Mage Ziika has logged out.
[20/03/2015 14:59:47] Mage Ziika has logged in.
[20/03/2015 14:59:59] Mage Ziika has logged out.
[20/03/2015 15:00:00] Mage Ziika has logged in.
[20/03/2015 15:00:15] Mage Ziika has logged out.
[20/03/2015 15:00:16] Mage Ziika has logged in.
[20/03/2015 15:00:28] Mage Ziika has logged out.
[20/03/2015 15:00:30] Mage Ziika has logged in.
[20/03/2015 15:00:44] Mage Ziika has logged out.
[20/03/2015 15:00:45] Mage Ziika has logged in.
[20/03/2015 15:00:54] Knightzerah Mythus has logged out.
[20/03/2015 15:01:18] Biozard has logged in.
[20/03/2015 15:01:50] Mage Ziika has logged out.
[20/03/2015 15:01:51] Mage Ziika has logged in.
[20/03/2015 15:02:08] > Broadcasted message: "Game map cleaning in 1 minute, please pick up all your items.".
[20/03/2015 15:02:19] > Broadcasted message: "Para comprar bless digite !bless".
[20/03/2015 15:02:39] > CLEAN: Removed 3831 items from 2305 tiles in 0.234 seconds.
[20/03/2015 15:02:39] > Broadcasted message: "Map Cleaned.".
[20/03/2015 15:03:10] Mage Ziika has logged out.
[20/03/2015 15:03:13] Mage Ziika has logged in.
[20/03/2015 15:06:19] Hashi has logged out.
[20/03/2015 15:06:23] Account Manager has logged in.
[20/03/2015 15:08:36] Account Manager has logged out.
[20/03/2015 15:08:38] Account Manager has logged in.
[20/03/2015 15:09:02] Account Manager has logged out.
[20/03/2015 15:09:14] Liwed has logged in.
[20/03/2015 15:10:40] > Broadcasted message: "Para ver as noticias fale !notice".
[20/03/2015 15:11:22] Biozard has logged out.
[20/03/2015 15:11:36] Biozard has logged in.
[20/03/2015 15:12:11] Liwed has logged out.
[20/03/2015 15:12:13] Liwed has logged in.
[20/03/2015 15:12:44] Liwed has logged out.
[20/03/2015 15:12:47] Liwed has logged in.
[20/03/2015 15:12:48] Erloff has logged out.
[20/03/2015 15:14:52] Liwed has logged out.
[20/03/2015 15:14:54] Hashi has logged in.
[20/03/2015 15:15:23] Hashi has logged out.
[20/03/2015 15:15:25] Liwed has logged in.
[20/03/2015 15:16:46] Mage Ziika has logged out.
[20/03/2015 15:16:47] Mage Ziika has logged in.
[20/03/2015 15:17:53] Erloff has logged in.
[20/03/2015 15:18:49] > Broadcasted message: "Game map cleaning in 1 minute, please pick up all your items.".
[20/03/2015 15:19:01] > Broadcasted message: "Para ver as noticias fale !notice".
[20/03/2015 15:19:19] > CLEAN: Removed 4237 items from 2902 tiles in 0.234 seconds.
[20/03/2015 15:19:20] > Broadcasted message: "Map Cleaned.".
[20/03/2015 15:20:20] Hiroshi has logged out.
[20/03/2015 15:22:11] > Saving server...
[20/03/2015 15:22:13] > SAVE: Complete in 2.605 seconds using relational house storage.
[20/03/2015 15:24:01] Nadador Knight has logged out.
[20/03/2015 15:24:07] Nadador Arqueiro has logged in.
[20/03/2015 15:24:44] Liwed has logged out.
[20/03/2015 15:24:46] Account Manager has logged in.
[20/03/2015 15:24:56] Nirvana has logged out.
[20/03/2015 15:25:10] Nadador Arqueiro has logged out.
[20/03/2015 15:25:12] Nadador Arqueiro has logged in.
[20/03/2015 15:25:13] Deathstroke has logged in.
[20/03/2015 15:25:14] Deathstroke has logged out.
[20/03/2015 15:25:21] Knight Doido has logged in.
[20/03/2015 15:25:43] Account Manager has logged out.
[20/03/2015 15:26:23] Mage Ziika has logged out.
[20/03/2015 15:26:38] Knight Doido has logged out.
[20/03/2015 15:26:39] Hashi has logged in.
[20/03/2015 15:26:42] Deathstroke has logged in.
[20/03/2015 15:26:44] Erloff has logged out.
[20/03/2015 15:26:47] Deathstroke has logged out.
[20/03/2015 15:26:48] Knight Doido has logged in.
[20/03/2015 15:27:10] Druidzerah Mythus has logged out.
[20/03/2015 15:27:12] Knight Doido has logged out.
[20/03/2015 15:27:22] > Broadcasted message: "Sempre Ao Criar Uma Conta, Pegue A RK Dela No Account Manager Da Conta E Anote, Nunca Passe A Sua Senha Para Outras Pessoas, E Ao Entrar Em Outros OT´s Crie Contas Diferentes Para Não Sofrer HACKED, Não Me Responsabilizo Por Perdas, Obrigado".
[20/03/2015 15:27:32] Nadador Arqueiro has logged out.
[20/03/2015 15:28:03] Biozard has logged out.
[20/03/2015 15:28:04] Hashi has logged out.
[20/03/2015 15:30:09] > Saving server...
[20/03/2015 15:30:11] > SAVE: Complete in 1.701 seconds using relational house storage.
[20/03/2015 15:31:04] Kanguru Jack has logged out.
[20/03/2015 15:31:05] Ice Cube has logged out.
[20/03/2015 15:31:05] Kanguru Pally has logged out.
[20/03/2015 15:31:05] > Saving server...
[20/03/2015 15:31:07] > SAVE: Complete in 1.295 seconds using relational house storage.
[20/03/2015 15:31:07] Preparing to shutdown server..
[20/03/2015 15:31:07] .[20/03/2015 15:31:16] The Forgotten Server, version 0.3.4 (Crying Damson)
[20/03/2015 15:31:16] Sever Criado Por Alissow e Comedinha.
[20/03/2015 15:31:16] Publicidade: www.sotserv.blogspot.com <- <- <- Tudo sobre otserv.
[20/03/2015 15:31:17] Bom Jogo!!!
[20/03/2015 15:31:17] 
[20/03/2015 15:31:17] >> Debugging: nothing.
[20/03/2015 15:31:17] >> Checking software version... failed checking - malformed file.
[20/03/2015 15:31:18] 
[20/03/2015 15:31:18] >> Loading config (config.lua)
[20/03/2015 15:31:18] > Using plaintext passwords
[20/03/2015 15:31:18] >> Loading RSA key
[20/03/2015 15:31:18] >> Starting SQL connection
[20/03/2015 15:31:18] >> Running Database Manager
[20/03/2015 15:31:19] > Optimized database.
[20/03/2015 15:31:19] >> Loading items
[20/03/2015 15:31:19] >> Loading groups
[20/03/2015 15:31:19] >> Loading vocations
[20/03/2015 15:31:19] >> Loading script systems
[20/03/2015 15:31:20] >> Loading chat channels
[20/03/2015 15:31:20] >> Loading outfits
[20/03/2015 15:31:20] >> Loading experience stages
[20/03/2015 15:31:20] >> Loading monsters
[20/03/2015 15:31:21] >> Loading map and spawns...
[20/03/2015 15:31:22] > Map size: 65000x65000.
[20/03/2015 15:31:22] > Map descriptions: 
[20/03/2015 15:31:22] Saved with Remere's Map Editor 2.2
[20/03/2015 15:31:22] No map description available.
[20/03/2015 15:31:22] Duplicate uniqueId 2407
[20/03/2015 15:31:26] > Map loading time: 4.96 seconds.
[20/03/2015 15:31:26] > Data loading time: 0.53 seconds.
[20/03/2015 15:31:27] > Unserialization time for houses: 0.031 seconds.
[20/03/2015 15:31:51] > Unserialization time for map: 24.307 seconds.
[20/03/2015 15:31:51] >> Checking world type... PvP
[20/03/2015 15:31:52] >> Initializing game state modules and registering services...
[20/03/2015 15:31:52] > Global address: deathpvp.no-ip.biz
[20/03/2015 15:31:53] > Local ports:
[20/03/2015 15:31:53] 7171	7172	
[20/03/2015 15:31:53] >> All modules were loaded, server starting up...
[20/03/2015 15:31:53] >> OT Death server Online!
[20/03/2015 15:31:53] 
[20/03/2015 15:32:15] > Saving server...
[20/03/2015 15:32:17] > SAVE: Complete in 1.482 seconds using relational house storage.
[20/03/2015 15:32:17] Preparing to shutdown server..
[20/03/2015 15:32:17] .
[20/03/2015 15:32:17] Exiting
[20/03/2015 15:32:40] The Forgotten Server, version 0.3.4 (Crying Damson)
[20/03/2015 15:32:40] Sever Criado Por Alissow e Comedinha.
[20/03/2015 15:32:40] Publicidade: www.sotserv.blogspot.com <- <- <- Tudo sobre otserv.
[20/03/2015 15:32:40] Bom Jogo!!!
[20/03/2015 15:32:40] 
[20/03/2015 15:32:40] >> Debugging: nothing.
[20/03/2015 15:32:40] >> Checking software version... failed checking - malformed file.
[20/03/2015 15:32:41] 
[20/03/2015 15:32:41] >> Loading config (config.lua)
[20/03/2015 15:32:42] > Using plaintext passwords
[20/03/2015 15:32:42] >> Loading RSA key
[20/03/2015 15:32:42] >> Starting SQL connection
[20/03/2015 15:32:42] >> Running Database Manager
[20/03/2015 15:32:43] > Optimized database.
[20/03/2015 15:32:43] >> Loading items
[20/03/2015 15:32:43] >> Loading groups
[20/03/2015 15:32:43] >> Loading vocations
[20/03/2015 15:32:43] >> Loading script systems
[20/03/2015 15:32:44] >> Loading chat channels
[20/03/2015 15:32:44] >> Loading outfits
[20/03/2015 15:32:44] >> Loading experience stages
[20/03/2015 15:32:44] >> Loading monsters
[20/03/2015 15:32:45] >> Loading map and spawns...
[20/03/2015 15:32:46] > Map size: 65000x65000.
[20/03/2015 15:32:46] > Map descriptions: 
[20/03/2015 15:32:46] Saved with Remere's Map Editor 2.2
[20/03/2015 15:32:46] No map description available.
[20/03/2015 15:32:47] Duplicate uniqueId 2407
[20/03/2015 15:32:50] > Map loading time: 5.361 seconds.
[20/03/2015 15:32:51] > Data loading time: 0.337 seconds.
[20/03/2015 15:32:51] > Unserialization time for houses: 0.028 seconds.
[20/03/2015 15:33:19] > Unserialization time for map: 26.769 seconds.
[20/03/2015 15:33:19] >> Checking world type... PvP
[20/03/2015 15:33:19] >> Initializing game state modules and registering services...
[20/03/2015 15:33:20] > Global address: deathpvp.no-ip.biz
[20/03/2015 15:33:21] > Local ports:
[20/03/2015 15:33:21] 7171	7172	
[20/03/2015 15:33:21] >> All modules were loaded, server starting up...
[20/03/2015 15:33:21] >> OT Death server Online!
[20/03/2015 15:33:21] 
[20/03/2015 15:33:41] sqlite3_step(): SQLITE ERROR: columns id, world_id are not unique
[20/03/2015 15:34:52] > Saving server...
[20/03/2015 15:34:55] > SAVE: Complete in 2.214 seconds using relational house storage.
[20/03/2015 15:34:55] Preparing to shutdown server..
[20/03/2015 15:34:55] .
[20/03/2015 15:34:55] Exiting
[20/03/2015 15:35:34] The Forgotten Server, version 0.3.4 (Crying Damson)
[20/03/2015 15:35:35] Sever Criado Por Alissow e Comedinha.
[20/03/2015 15:35:35] Publicidade: www.sotserv.blogspot.com <- <- <- Tudo sobre otserv.
[20/03/2015 15:35:35] Bom Jogo!!!
[20/03/2015 15:35:35] 
[20/03/2015 15:35:35] >> Debugging: nothing.
[20/03/2015 15:35:35] >> Checking software version... failed checking - malformed file.
[20/03/2015 15:35:37] 
[20/03/2015 15:35:37] >> Loading config (config.lua)
[20/03/2015 15:35:37] > Using plaintext passwords
[20/03/2015 15:35:37] >> Loading RSA key
[20/03/2015 15:35:37] >> Starting SQL connection
[20/03/2015 15:35:37] >> Running Database Manager
[20/03/2015 15:35:38] > Optimized database.
[20/03/2015 15:35:38] >> Loading items
[20/03/2015 15:35:39] >> Loading groups
[20/03/2015 15:35:39] >> Loading vocations
[20/03/2015 15:35:39] >> Loading script systems
[20/03/2015 15:35:40] >> Loading chat channels
[20/03/2015 15:35:40] >> Loading outfits
[20/03/2015 15:35:41] >> Loading experience stages
[20/03/2015 15:35:41] >> Loading monsters
[20/03/2015 15:35:42] >> Loading map and spawns...
[20/03/2015 15:35:43] > Map size: 65000x65000.
[20/03/2015 15:35:43] > Map descriptions: 
[20/03/2015 15:35:43] Saved with Remere's Map Editor 2.2
[20/03/2015 15:35:43] No map description available.
[20/03/2015 15:35:44] Duplicate uniqueId 2407
[20/03/2015 15:35:48] > Map loading time: 5.854 seconds.
[20/03/2015 15:35:48] > Data loading time: 0.403 seconds.
[20/03/2015 15:35:49] > Unserialization time for houses: 0.03 seconds.
[20/03/2015 15:36:17] > Unserialization time for map: 27.649 seconds.
[20/03/2015 15:36:17] >> Checking world type... PvP
[20/03/2015 15:36:17] >> Initializing game state modules and registering services...
[20/03/2015 15:36:18] > Global address: deathpvp.no-ip.biz
[20/03/2015 15:36:18] > Local ports:
[20/03/2015 15:36:18] 7171	7172	
[20/03/2015 15:36:18] >> All modules were loaded, server starting up...
[20/03/2015 15:36:19] >> OT Death server Online!
[20/03/2015 15:36:19] 
[20/03/2015 15:36:43] sqlite3_step(): SQLITE ERROR: columns id, world_id are not unique
[20/03/2015 15:36:45] Nadador Knight has logged in.
[20/03/2015 15:38:22] Jean has logged in.
[20/03/2015 15:38:45] > Saving server...
[20/03/2015 15:38:47] > SAVE: Complete in 1.622 seconds using relational house storage.
[20/03/2015 15:38:47] Jean has logged out.
[20/03/2015 15:40:46] 
[20/03/2015 15:40:46] Lua Script Error: [Action Interface] 
[20/03/2015 15:40:46] data/actions/scripts/prateleira.lua:onUse
[20/03/2015 15:40:46] 
[20/03/2015 15:40:46] luaDoRemoveItem(). Item not found
[20/03/2015 15:40:46] 
[20/03/2015 15:40:46] Lua Script Error: [Action Interface] 
[20/03/2015 15:40:46] data/actions/scripts/prateleira.lua:onUse
[20/03/2015 15:40:46] 
[20/03/2015 15:40:46] luaDoRemoveItem(). Item not found
[20/03/2015 15:41:53] Knight Doido has logged in.
[20/03/2015 15:43:35] Knight Doido has logged out.
[20/03/2015 15:43:56] Xerath has logged in.
[20/03/2015 15:44:01] > Broadcasted message: "Sempre Ao Criar Uma Conta, Pegue A RK Dela No Account Manager Da Conta E Anote, Nunca Passe A Sua Senha Para Outras Pessoas, E Ao Entrar Em Outros OT´s Crie Contas Diferentes Para Não Sofrer HACKED, Não Me Responsabilizo Por Perdas, Obrigado".
[20/03/2015 15:44:05] Xerath has logged out.
[20/03/2015 15:44:38] Nirvana has logged in.
[20/03/2015 15:47:45] Account Manager has logged in.
[20/03/2015 15:48:01] Account Manager has logged out.
[20/03/2015 15:48:15] Nirvana has logged out.
[20/03/2015 15:48:17] Nirvana has logged in.
[20/03/2015 15:49:39] Druidzerah Mythus has logged in.
[20/03/2015 15:52:14] Nirvana has logged out.
[20/03/2015 15:52:16] Nirvana has logged in.
[20/03/2015 15:52:21] > Broadcasted message: "Game map cleaning in 1 minute, please pick up all your items.".
[20/03/2015 15:52:22] > Broadcasted message: "Novo CLIENTE = http://www.4shared.com/rar/cfxSV4o7ce/Death_PVP.html".
[20/03/2015 15:52:26] Biozard has logged in.
[20/03/2015 15:52:51] > CLEAN: Removed 962 items from 924 tiles in 0.203 seconds.
[20/03/2015 15:52:51] > Broadcasted message: "Map Cleaned.".
[20/03/2015 15:55:20] Biozard has logged out.
[20/03/2015 15:55:25] Biozard has logged in.
[20/03/2015 15:56:22] Nirvana has logged out.
[20/03/2015 15:56:23] Nirvana has logged in.
[20/03/2015 15:56:47] Biozard has logged out.
[20/03/2015 15:56:50] Biozard has logged in.
[20/03/2015 15:57:54] Nirvana has logged out.
[20/03/2015 15:57:56] Nirvana has logged in.
[20/03/2015 15:57:59] Nirvana has logged out.
[20/03/2015 15:58:09] Xerath has logged in.
[20/03/2015 15:59:06] > Saving server...
[20/03/2015 15:59:08] > SAVE: Complete in 1.982 seconds using relational house storage.
[20/03/2015 16:00:43] > Broadcasted message: "Novo CLIENTE = http://www.4shared.com/rar/cfxSV4o7ce/Death_PVP.html".
[20/03/2015 16:02:11] Hiroshi has logged in.
[20/03/2015 16:04:18] Biozard has logged out.
[20/03/2015 16:04:22] Biozard has logged in.
[20/03/2015 16:06:14] Biozard has logged out.
[20/03/2015 16:06:17] Biozard has logged in.
[20/03/2015 16:07:55] Account Manager has logged in.
[20/03/2015 16:08:16] Account Manager has logged out.
[20/03/2015 16:08:22] King has logged in.
[20/03/2015 16:09:02] > Broadcasted message: "Game map cleaning in 1 minute, please pick up all your items.".
[20/03/2015 16:09:04] > Broadcasted message: "Para ver as noticias fale !notice".
[20/03/2015 16:09:33] > CLEAN: Removed 5915 items from 3669 tiles in 0.25 seconds.
[20/03/2015 16:09:33] > Broadcasted message: "Map Cleaned.".
[20/03/2015 16:15:41] Account Manager has logged in.
[20/03/2015 16:15:56] Account Manager has logged out.
[20/03/2015 16:16:32] Hashi has logged in.
[20/03/2015 16:17:25] > Broadcasted message: "Novo CLIENTE = http://www.4shared.com/rar/cfxSV4o7ce/Death_PVP.html".
[20/03/2015 16:20:15] King has logged out.
[20/03/2015 16:20:17] King has logged in.
[20/03/2015 16:20:48] King has logged out.
[20/03/2015 16:20:50] King has logged in.
[20/03/2015 16:22:27] > Saving server...
[20/03/2015 16:22:29] > SAVE: Complete in 2.137 seconds using relational house storage.
[20/03/2015 16:25:43] > Broadcasted message: "Game map cleaning in 1 minute, please pick up all your items.".
[20/03/2015 16:25:46] > Broadcasted message: "Para comprar bless digite !bless".
[20/03/2015 16:26:14] > CLEAN: Removed 6398 items from 4617 tiles in 0.265 seconds.
[20/03/2015 16:26:14] > Broadcasted message: "Map Cleaned.".
[20/03/2015 16:28:04] King has logged out.
[20/03/2015 16:28:06] King has logged in.
[20/03/2015 16:28:26] Biozard has logged out.
[20/03/2015 16:28:28] Biozard has logged in.
[20/03/2015 16:28:54] Sr Smith I has logged in.
[20/03/2015 16:31:12] Nadador Knight has logged out.
[20/03/2015 16:34:07] > Broadcasted message: "Novo CLIENTE = http://www.4shared.com/rar/cfxSV4o7ce/Death_PVP.html".
[20/03/2015 16:36:53] Biozard has logged out.
[20/03/2015 16:36:56] Biozard has logged in.
[20/03/2015 16:38:04] Biozard has logged out.
[20/03/2015 16:38:08] Biozard has logged in.
[20/03/2015 16:39:06] Biozard has logged out.
[20/03/2015 16:39:10] Biozard has logged in.
[20/03/2015 16:39:39] Hashi has logged out.
[20/03/2015 16:39:45] Account Manager has logged in.
[20/03/2015 16:40:21] Account Manager has logged out.
[20/03/2015 16:40:34] Hashi has logged in.
[20/03/2015 16:40:45] Hashi has logged out.
[20/03/2015 16:40:47] Haddadi has logged in.
[20/03/2015 16:40:55] Haddadi has logged out.
[20/03/2015 16:40:57] Haddadi has logged in.
[20/03/2015 16:41:10] Haddadi has logged out.
[20/03/2015 16:41:11] Haddadi has logged in.
[20/03/2015 16:41:16] Haddadi has logged out.
[20/03/2015 16:41:18] Hashi has logged in.
[20/03/2015 16:42:24] > Broadcasted message: "Game map cleaning in 1 minute, please pick up all your items.".
[20/03/2015 16:42:28] > Broadcasted message: "Novo CLIENTE = http://www.4shared.com/rar/cfxSV4o7ce/Death_PVP.html".
[20/03/2015 16:42:48] Hashi has logged out.
[20/03/2015 16:42:52] Account Manager has logged in.
[20/03/2015 16:42:55] > CLEAN: Removed 3304 items from 2839 tiles in 0.249 seconds.
[20/03/2015 16:42:55] > Broadcasted message: "Map Cleaned.".
[20/03/2015 16:44:05] Account Manager has logged out.
[20/03/2015 16:44:07] Hashi has logged in.
[20/03/2015 16:44:42] Sr Smith I has logged out.
[20/03/2015 16:45:32] Hashi has logged out.
[20/03/2015 16:45:39] Biozard has logged out.
[20/03/2015 16:45:40] Hashi has logged in.
[20/03/2015 16:45:41] Hashi has logged out.
[20/03/2015 16:45:42] Biozard has logged in.
[20/03/2015 16:45:47] Haas has logged in.
[20/03/2015 16:45:48] > Saving server...
[20/03/2015 16:45:50] > SAVE: Complete in 2.044 seconds using relational house storage.
[20/03/2015 16:46:14] Haas has logged out.
[20/03/2015 16:46:16] Hashi has logged in.
[20/03/2015 16:47:22] Hashi has logged out.
[20/03/2015 16:47:24] Haas has logged in.
[20/03/2015 16:49:03] Druidzerah Mythus has logged out.
[20/03/2015 16:49:04] Hiroshi has logged out.
[20/03/2015 16:49:04] Haas has logged out.
[20/03/2015 16:49:05] Xerath has logged out.
[20/03/2015 16:49:24] King has logged out.
[20/03/2015 16:49:35] Haas has logged in.
[20/03/2015 16:49:38] Druidzerah Mythus has logged in.
[20/03/2015 16:50:12] Hiroshi has logged in.
[20/03/2015 16:50:12] Xerath has logged in.
[20/03/2015 16:50:13] Sr Smith I has logged in.
[20/03/2015 16:50:16] Xerath has logged out.
[20/03/2015 16:50:16] Account Manager has logged in.
[20/03/2015 16:50:49] > Broadcasted message: "Novo CLIENTE = http://www.4shared.com/rar/cfxSV4o7ce/Death_PVP.html".
[20/03/2015 16:51:05] Account Manager has logged out.
[20/03/2015 16:51:09] Account Manager has logged in.
[20/03/2015 16:51:21] Account Manager has logged out.
[20/03/2015 16:52:10] Xerath has logged in.
[20/03/2015 16:52:34] Xerath has logged out.
[20/03/2015 16:52:43] Account Manager has logged in.
[20/03/2015 16:52:56] Account Manager has logged out.
[20/03/2015 16:52:57] Account Manager has logged in.
[20/03/2015 16:53:09] Account Manager has logged out.
[20/03/2015 16:53:22] Account Manager has logged in.
[20/03/2015 16:54:01] Account Manager has logged out.
[20/03/2015 16:54:42] Account Manager has logged in.
[20/03/2015 16:54:43] Account Manager has logged out.
[20/03/2015 16:54:48] Mage Ziika has logged in.
[20/03/2015 16:56:23] Xerath has logged in.
[20/03/2015 16:56:25] Xerath has logged out.
[20/03/2015 16:57:02] Xerath has logged in.
[20/03/2015 16:57:31] Mage Ziika has logged out.
[20/03/2015 16:57:37] Mage Ziika has logged in.
[20/03/2015 16:57:42] Sr Smith I has logged out.
[20/03/2015 16:57:43] Sr Smith I has logged in.
[20/03/2015 16:57:48] Biozard has logged out.
[20/03/2015 16:57:52] Biozard has logged in.
[20/03/2015 16:58:25] Haas has logged out.
[20/03/2015 16:58:31] Haas has logged in.
[20/03/2015 16:58:31] Sr Smith has logged in.
[20/03/2015 16:59:01] Haas has logged out.
[20/03/2015 16:59:04] Haas has logged in.
[20/03/2015 16:59:05] > Broadcasted message: "Game map cleaning in 1 minute, please pick up all your items.".
[20/03/2015 16:59:10] > Broadcasted message: "Para comprar bless digite !bless".
[20/03/2015 16:59:30] Mage Ziika has logged out.
[20/03/2015 16:59:35] > CLEAN: Removed 41 items from 72 tiles in 0.187 seconds.
[20/03/2015 16:59:36] > Broadcasted message: "Map Cleaned.".
[20/03/2015 16:59:36] Mage Ziika has logged in.
[20/03/2015 16:59:39] Knightzerah Mythus has logged in.
[20/03/2015 17:01:16] Haas has logged out.
[20/03/2015 17:01:19] Hashi has logged in.
[20/03/2015 17:01:28] Hashi has logged out.
[20/03/2015 17:01:32] Haas has logged in.
[20/03/2015 17:01:36] Biozard has logged out.
[20/03/2015 17:01:45] Biozard has logged in.
[20/03/2015 17:02:25] Knightzerah Mythus has logged out.
[20/03/2015 17:02:32] Haas has logged out.
[20/03/2015 17:02:34] Haas has logged in.
[20/03/2015 17:02:36] Biozard has logged out.
[20/03/2015 17:02:45] Biozard has logged in.
[20/03/2015 17:02:51] Mage Ziika has logged out.
[20/03/2015 17:02:52] Mage Ziika has logged in.
[20/03/2015 17:03:26] Knightzerah Mythus has logged in.
[20/03/2015 17:04:05] Mage Ziika has logged out.
[20/03/2015 17:04:20] Mage Ziika has logged in.
[20/03/2015 17:05:10] Mage Ziika has logged out.
[20/03/2015 17:05:27] Mage Ziika has logged in.
[20/03/2015 17:05:28] Haas has logged out.
[20/03/2015 17:05:52] Haas has logged in.
[20/03/2015 17:05:58] Haas has logged out.
[20/03/2015 17:05:59] Haas has logged in.
[20/03/2015 17:06:48] Mage Ziika has logged out.
[20/03/2015 17:06:55] Kurosaki Ichigo has logged in.
[20/03/2015 17:07:14] Mage Ziika has logged in.
[20/03/2015 17:07:23] Biozard has logged out.
[20/03/2015 17:07:25] Biozard has logged in.
[20/03/2015 17:07:31] > Broadcasted message: "Sempre Ao Criar Uma Conta, Pegue A RK Dela No Account Manager Da Conta E Anote, Nunca Passe A Sua Senha Para Outras Pessoas, E Ao Entrar Em Outros OT´s Crie Contas Diferentes Para Não Sofrer HACKED, Não Me Responsabilizo Por Perdas, Obrigado".
[20/03/2015 17:07:37] Mage Ziika has logged out.
[20/03/2015 17:07:55] Mage Ziika has logged in.
[20/03/2015 17:08:22] Haas has logged out.
[20/03/2015 17:08:24] Haas has logged in.
[20/03/2015 17:09:09] > Saving server...
[20/03/2015 17:09:11] > SAVE: Complete in 2.621 seconds using relational house storage.
[20/03/2015 17:09:45] Sr Smith I has logged out.
[20/03/2015 17:10:09] Mage Ziika has logged out.
[20/03/2015 17:11:11] Mage Ziika has logged in.
[20/03/2015 17:11:35] Mage Ziika has logged out.
[20/03/2015 17:11:37] Biozard has logged out.
[20/03/2015 17:12:06] Mage Ziika has logged in.
[20/03/2015 17:12:43] Mage Ziika has logged out.
[20/03/2015 17:12:50] Biozard has logged in.
[20/03/2015 17:13:03] Mage Ziika has logged in.
[20/03/2015 17:13:28] Nadador Knight has logged in.
[20/03/2015 17:13:30] Mage Ziika has logged out.
[20/03/2015 17:13:55] Mage Ziika has logged in.
[20/03/2015 17:14:47] Biozard has logged out.
[20/03/2015 17:14:50] Biozard has logged in.
[20/03/2015 17:14:54] Hiroshi has logged out.
[20/03/2015 17:14:57] Hiroshi has logged in.
[20/03/2015 17:15:00] Mage Ziika has logged out.
[20/03/2015 17:15:25] Mage Ziika has logged in.
[20/03/2015 17:15:46] > Broadcasted message: "Game map cleaning in 1 minute, please pick up all your items.".
[20/03/2015 17:15:52] > Broadcasted message: "Sempre Ao Criar Uma Conta, Pegue A RK Dela No Account Manager Da Conta E Anote, Nunca Passe A Sua Senha Para Outras Pessoas, E Ao Entrar Em Outros OT´s Crie Contas Diferentes Para Não Sofrer HACKED, Não Me Responsabilizo Por Perdas, Obrigado".
[20/03/2015 17:15:56] Mage Ziika has logged out.
[20/03/2015 17:16:17] > CLEAN: Removed 90 items from 123 tiles in 0.238 seconds.
[20/03/2015 17:16:17] > Broadcasted message: "Map Cleaned.".
[20/03/2015 17:16:36] Mage Ziika has logged in.
[20/03/2015 17:18:21] Ishilga Uryu has logged in.
[20/03/2015 17:18:22] Ishilga Uryu has logged out.
[20/03/2015 17:18:41] Account Manager has logged in.
[20/03/2015 17:18:43] Account Manager has logged out.
[20/03/2015 17:19:04] Account Manager has logged in.
[20/03/2015 17:19:05] Account Manager has logged out.
[20/03/2015 17:19:16] Account Manager has logged in.
[20/03/2015 17:19:17] Account Manager has logged out.
[20/03/2015 17:19:47] Kurosaki Ichigo has logged out.
[20/03/2015 17:19:51] Ishilga Uryu has logged in.
[20/03/2015 17:19:57] Mage Ziika has logged out.
[20/03/2015 17:19:58] Ishilga Uryu has logged out.
[20/03/2015 17:20:05] Kurosaki Ichigo has logged in.
[20/03/2015 17:20:29] Kurosaki Ichigo has logged out.
[20/03/2015 17:20:34] Ishilga Uryu has logged in.
[20/03/2015 17:20:37] Ishilga Uryu has logged out.
[20/03/2015 17:20:38] Ishilga Uryu has logged in.
[20/03/2015 17:21:19] Haas has logged out.
[20/03/2015 17:22:15] Nadador Knight has logged out.
[20/03/2015 17:22:20] Nadador Knight has logged in.
[20/03/2015 17:23:57] Druidzerah Mythus has logged out.
[20/03/2015 17:24:07] Xerath has logged out.
[20/03/2015 17:24:08] Biozard has logged out.
[20/03/2015 17:24:10] Knightzerah Mythus has logged out.
[20/03/2015 17:24:13] > Broadcasted message: "Novo CLIENTE = http://www.4shared.com/rar/cfxSV4o7ce/Death_PVP.html".
[20/03/2015 17:24:15] Knightzerah Mythus has logged in.
[20/03/2015 17:24:18] Druidzerah Mythus has logged in.
[20/03/2015 17:24:20] Account Manager has logged in.
[20/03/2015 17:24:21] Nadador Knight has logged out.
[20/03/2015 17:24:23] Account Manager has logged out.
[20/03/2015 17:24:23] Ishilga Uryu has logged out.
[20/03/2015 17:24:25] Nadador Knight has logged in.
[20/03/2015 17:24:29] Ishilga Uryu has logged in.
[20/03/2015 17:24:42] Ishilga Uryu has logged out.
[20/03/2015 17:24:43] Ishilga Uryu has logged in.
[20/03/2015 17:24:58] Xerath has logged in.
[20/03/2015 17:25:54] Ishilga Uryu has logged out.
[20/03/2015 17:25:55] Ishilga Uryu has logged in.
[20/03/2015 17:26:20] Ishilga Uryu has logged out.
[20/03/2015 17:26:21] Ishilga Uryu has logged in.
[20/03/2015 17:26:32] Sr Smith has logged out.
[20/03/2015 17:27:34] Account Manager has logged in.
[20/03/2015 17:28:36] Account Manager has logged out.
[20/03/2015 17:29:08] Account Manager has logged in.
[20/03/2015 17:29:47] Account Manager has logged out.
[20/03/2015 17:29:58] Ishilga Uryu has logged out.
[20/03/2015 17:30:00] Ishilga Uryu has logged in.
[20/03/2015 17:30:17] Haas has logged in.
[20/03/2015 17:30:18] Ishilga Uryu has logged out.
[20/03/2015 17:30:19] Ishilga Uryu has logged in.
[20/03/2015 17:30:55] Haas has logged out.
[20/03/2015 17:31:45] Ishilga Uryu has logged out.
[20/03/2015 17:31:47] Ishilga Uryu has logged in.
[20/03/2015 17:31:48] Ishilga Uryu has logged out.
[20/03/2015 17:31:57] Kurosaki Ichigo has logged in.
[20/03/2015 17:32:27] Haas has logged in.
[20/03/2015 17:32:27] > Broadcasted message: "Game map cleaning in 1 minute, please pick up all your items.".
[20/03/2015 17:32:30] > Saving server...
[20/03/2015 17:32:32] > SAVE: Complete in 2.232 seconds using relational house storage.
[20/03/2015 17:32:33] Haas has logged out.
[20/03/2015 17:32:34] > Broadcasted message: "Sempre Ao Criar Uma Conta, Pegue A RK Dela No Account Manager Da Conta E Anote, Nunca Passe A Sua Senha Para Outras Pessoas, E Ao Entrar Em Outros OT´s Crie Contas Diferentes Para Não Sofrer HACKED, Não Me Responsabilizo Por Perdas, Obrigado".
[20/03/2015 17:32:45] Honda has logged in.
[20/03/2015 17:32:57] > CLEAN: Removed 28 items from 112 tiles in 0.205 seconds.
[20/03/2015 17:32:58] > Broadcasted message: "Map Cleaned.".
[20/03/2015 17:33:36] Hiroshi has logged out.
[20/03/2015 17:33:38] Hiroshi has logged in.
[20/03/2015 17:33:40] Honda has logged out.
[20/03/2015 17:33:49] Haas has logged in.
[20/03/2015 17:36:02] Ice Cube has logged in.
[20/03/2015 17:36:13] Xerath has logged out.
[20/03/2015 17:36:15] Xerath has logged in.
[20/03/2015 17:38:17] Kurosaki Ichigo has logged out.
[20/03/2015 17:38:18] Kurosaki Ichigo has logged in.
[20/03/2015 17:38:25] Nadador Knight has logged out.
[20/03/2015 17:38:28] Nadador Knight has logged in.
[20/03/2015 17:40:55] > Broadcasted message: "Para comprar bless digite !bless".
[20/03/2015 17:43:51] Kurosaki Ichigo has logged out.
[20/03/2015 17:43:53] Kurosaki Ichigo has logged in.
[20/03/2015 17:44:44] Kurosaki Ichigo has logged out.
[20/03/2015 17:44:46] Kurosaki Ichigo has logged in.
[20/03/2015 17:45:18] Haas has logged out.
[20/03/2015 17:45:21] Haas has logged in.
[20/03/2015 17:46:47] Xerath has logged out.
[20/03/2015 17:46:49] Xerath has logged in.
[20/03/2015 17:47:01] Haas has logged out.
[20/03/2015 17:47:03] Haas has logged in.
[20/03/2015 17:49:07] Haas has logged out.
[20/03/2015 17:49:08] > Broadcasted message: "Game map cleaning in 1 minute, please pick up all your items.".
[20/03/2015 17:49:10] Haas has logged in.
[20/03/2015 17:49:14] Ice Cube has logged out.
[20/03/2015 17:49:15] Ice Cube has logged in.
[20/03/2015 17:49:16] > Broadcasted message: "Novo CLIENTE = http://www.4shared.com/rar/cfxSV4o7ce/Death_PVP.html".
[20/03/2015 17:49:38] > CLEAN: Removed 14 items from 91 tiles in 0.181 seconds.
[20/03/2015 17:49:39] > Broadcasted message: "Map Cleaned.".
[20/03/2015 17:51:30] Haas has logged out.
[20/03/2015 17:51:32] Haas has logged in.
[20/03/2015 17:51:57] Druidzerah Mythus has logged out.
[20/03/2015 17:53:46] Druidzerah Mythus has logged in.
[20/03/2015 17:55:02] Ice Cube has logged out.
[20/03/2015 17:55:03] Ice Cube has logged in.
[20/03/2015 17:55:51] > Saving server...
[20/03/2015 17:55:54] > SAVE: Complete in 2.654 seconds using relational house storage.
[20/03/2015 17:56:38] Ice Cube has logged out.
[20/03/2015 17:56:40] Ice Cube has logged in.
[20/03/2015 17:57:27] Mlk Loko I has logged in.
[20/03/2015 17:57:37] > Broadcasted message: "Novo CLIENTE = http://www.4shared.com/rar/cfxSV4o7ce/Death_PVP.html".
[20/03/2015 17:58:02] Haas has logged out.
[20/03/2015 17:58:05] Haas has logged in.
[20/03/2015 17:58:25] Mlk Loko I has logged out.
[20/03/2015 17:58:28] Mlk Loko I has logged in.
[20/03/2015 17:58:35] Mlk Loko I has logged out.
[20/03/2015 17:59:44] Xerath has logged out.
[20/03/2015 17:59:47] Xerath has logged in.
[20/03/2015 18:00:33] Xerath has logged out.
[20/03/2015 18:00:35] Xerath has logged in.
[20/03/2015 18:02:08] Druidzerah Mythus has logged out.
[20/03/2015 18:02:08] Xerath has logged out.
[20/03/2015 18:02:18] Knightzerah Mythus has logged out.
[20/03/2015 18:02:24] Nadador Knight has logged out.
[20/03/2015 18:02:24] Kurosaki Ichigo has logged out.
[20/03/2015 18:02:30] Haas has logged out.
[20/03/2015 18:02:32] Ice Cube has logged out.
[20/03/2015 18:05:49] > Broadcasted message: "Game map cleaning in 1 minute, please pick up all your items.".
[20/03/2015 18:05:58] > Broadcasted message: "Sempre Ao Criar Uma Conta, Pegue A RK Dela No Account Manager Da Conta E Anote, Nunca Passe A Sua Senha Para Outras Pessoas, E Ao Entrar Em Outros OT´s Crie Contas Diferentes Para Não Sofrer HACKED, Não Me Responsabilizo Por Perdas, Obrigado".
[20/03/2015 18:06:19] > CLEAN: Removed 12 items from 78 tiles in 0.165 seconds.
[20/03/2015 18:06:20] > Broadcasted message: "Map Cleaned.".
[20/03/2015 18:14:19] > Broadcasted message: "Sempre Ao Criar Uma Conta, Pegue A RK Dela No Account Manager Da Conta E Anote, Nunca Passe A Sua Senha Para Outras Pessoas, E Ao Entrar Em Outros OT´s Crie Contas Diferentes Para Não Sofrer HACKED, Não Me Responsabilizo Por Perdas, Obrigado".
[20/03/2015 18:16:05] Hiroshi has logged out.
[20/03/2015 18:19:12] > Saving server...
[20/03/2015 18:19:13] > SAVE: Complete in 1.255 seconds using relational house storage.
[20/03/2015 18:22:30] > Broadcasted message: "Game map cleaning in 1 minute, please pick up all your items.".
[20/03/2015 18:22:40] > Broadcasted message: "Novo CLIENTE = http://www.4shared.com/rar/cfxSV4o7ce/Death_PVP.html".
[20/03/2015 18:23:01] > CLEAN: Removed 0 items from 1 tile in 0.185 seconds.
[20/03/2015 18:23:01] > Broadcasted message: "Map Cleaned.".
[20/03/2015 18:23:12] > Saving server...
[20/03/2015 18:23:13] > SAVE: Complete in 1.368 seconds using relational house storage.
[20/03/2015 18:23:15] > Saving server...
[20/03/2015 18:23:17] > SAVE: Complete in 1.389 seconds using relational house storage.
[20/03/2015 18:23:17] Preparing to shutdown server..
[20/03/2015 18:23:17] .
[20/03/2015 18:23:17] Exiting
[20/03/2015 18:23:42] The Forgotten Server, version 0.3.4 (Crying Damson)
[20/03/2015 18:23:44] Sever Criado Por Alissow e Comedinha.
[20/03/2015 18:23:45] Publicidade: www.sotserv.blogspot.com <- <- <- Tudo sobre otserv.
[20/03/2015 18:23:45] Bom Jogo!!!
[20/03/2015 18:23:45] 
[20/03/2015 18:23:45] >> Debugging: nothing.
[20/03/2015 18:23:45] >> Checking software version... failed - could not parse remote file (are you connected to the internet?)
[20/03/2015 18:23:58] 
[20/03/2015 18:23:58] >> Loading config (config.lua)
[20/03/2015 18:23:58] > Using plaintext passwords
[20/03/2015 18:23:59] >> Loading RSA key
[20/03/2015 18:23:59] >> Starting SQL connection
[20/03/2015 18:23:59] >> Running Database Manager
[20/03/2015 18:24:00] > Optimized database.
[20/03/2015 18:24:00] >> Loading items
[20/03/2015 18:24:01] >> Loading groups
[20/03/2015 18:24:01] >> Loading vocations
[20/03/2015 18:24:01] >> Loading script systems
[20/03/2015 18:24:02] >> Loading chat channels
[20/03/2015 18:24:02] >> Loading outfits
[20/03/2015 18:24:02] >> Loading experience stages
[20/03/2015 18:24:02] >> Loading monsters
[20/03/2015 18:24:03] >> Loading map and spawns...
[20/03/2015 18:24:04] > Map size: 65000x65000.
[20/03/2015 18:24:04] > Map descriptions: 
[20/03/2015 18:24:04] Saved with Remere's Map Editor 2.2
[20/03/2015 18:24:04] No map description available.
[20/03/2015 18:24:05] Duplicate uniqueId 2407
[20/03/2015 18:24:08] > Map loading time: 5.243 seconds.
[20/03/2015 18:24:09] > Data loading time: 0.344 seconds.
[20/03/2015 18:24:09] > Unserialization time for houses: 0.031 seconds.
[20/03/2015 18:24:37] > Unserialization time for map: 27.731 seconds.
[20/03/2015 18:24:37] >> Checking world type... PvP
[20/03/2015 18:24:37] >> Initializing game state modules and registering services...
[20/03/2015 18:24:38] > Global address: deathpvp.no-ip.biz
[20/03/2015 18:24:50] 
[20/03/2015 18:24:50] > ERROR: Cannot resolve deathpvp.no-ip.biz!
[20/03/2015 18:26:38] The Forgotten Server, version 0.3.4 (Crying Damson)
[20/03/2015 18:26:39] Sever Criado Por Alissow e Comedinha.
[20/03/2015 18:26:39] Publicidade: www.sotserv.blogspot.com <- <- <- Tudo sobre otserv.
[20/03/2015 18:26:39] Bom Jogo!!!
[20/03/2015 18:26:39] 
[20/03/2015 18:26:39] >> Debugging: nothing.
[20/03/2015 18:26:40] >> Checking software version... failed checking - malformed file.
[20/03/2015 18:26:40] 
[20/03/2015 18:26:40] >> Loading config (config.lua)
[20/03/2015 18:26:41] > Using plaintext passwords
[20/03/2015 18:26:41] >> Loading RSA key
[20/03/2015 18:26:41] >> Starting SQL connection
[20/03/2015 18:26:41] >> Running Database Manager
[20/03/2015 18:26:42] > Optimized database.
[20/03/2015 18:26:42] >> Loading items
[20/03/2015 18:26:42] >> Loading groups
[20/03/2015 18:26:42] >> Loading vocations
[20/03/2015 18:26:43] >> Loading script systems
[20/03/2015 18:26:43] >> Loading chat channels
[20/03/2015 18:26:43] >> Loading outfits
[20/03/2015 18:26:44] >> Loading experience stages
[20/03/2015 18:26:44] >> Loading monsters
[20/03/2015 18:26:44] >> Loading map and spawns...
[20/03/2015 18:26:45] > Map size: 65000x65000.
[20/03/2015 18:26:45] > Map descriptions: 
[20/03/2015 18:26:45] Saved with Remere's Map Editor 2.2
[20/03/2015 18:26:46] No map description available.
[20/03/2015 18:26:46] Duplicate uniqueId 2407
[20/03/2015 18:26:50] > Map loading time: 4.989 seconds.
[20/03/2015 18:26:50] > Data loading time: 0.281 seconds.
[20/03/2015 18:26:50] > Unserialization time for houses: 0.015 seconds.
[20/03/2015 18:27:15] > Unserialization time for map: 24.673 seconds.
[20/03/2015 18:27:15] >> Checking world type... PvP
[20/03/2015 18:27:15] >> Initializing game state modules and registering services...
[20/03/2015 18:27:16] > Global address: deathpvp.no-ip.biz
[20/03/2015 18:27:16] > Local ports:
[20/03/2015 18:27:17] 7171	7172	
[20/03/2015 18:27:17] >> All modules were loaded, server starting up...
[20/03/2015 18:27:17] >> OT Death server Online!
[20/03/2015 18:27:17] 
[20/03/2015 18:27:44] sqlite3_step(): SQLITE ERROR: columns id, world_id are not unique
[20/03/2015 18:29:00] > Saving server...
[20/03/2015 18:29:01] > SAVE: Complete in 1.248 seconds using relational house storage.
[20/03/2015 18:29:03] > Saving server...
[20/03/2015 18:29:04] > SAVE: Complete in 1.357 seconds using relational house storage.
[20/03/2015 18:29:04] Preparing to shutdown server..
[20/03/2015 18:29:05] .
[20/03/2015 18:29:05] Exiting
[20/03/2015 18:29:12] The Forgotten Server, version 0.3.4 (Crying Damson)
[20/03/2015 18:29:12] Sever Criado Por Alissow e Comedinha.
[20/03/2015 18:29:12] Publicidade: www.sotserv.blogspot.com <- <- <- Tudo sobre otserv.
[20/03/2015 18:29:13] Bom Jogo!!!
[20/03/2015 18:29:13] 
[20/03/2015 18:29:13] >> Debugging: nothing.
[20/03/2015 18:29:13] >> Checking software version... failed checking - malformed file.
[20/03/2015 18:29:14] 
[20/03/2015 18:29:14] >> Loading config (config.lua)
[20/03/2015 18:29:14] > Using plaintext passwords
[20/03/2015 18:29:14] >> Loading RSA key
[20/03/2015 18:29:14] >> Starting SQL connection
[20/03/2015 18:29:14] >> Running Database Manager
[20/03/2015 18:29:15] > Optimized database.
[20/03/2015 18:29:15] >> Loading items
[20/03/2015 18:29:15] >> Loading groups
[20/03/2015 18:29:15] >> Loading vocations
[20/03/2015 18:29:15] >> Loading script systems
[20/03/2015 18:29:16] >> Loading chat channels
[20/03/2015 18:29:16] >> Loading outfits
[20/03/2015 18:29:16] >> Loading experience stages
[20/03/2015 18:29:16] >> Loading monsters
[20/03/2015 18:29:17] >> Loading map and spawns...
[20/03/2015 18:29:18] > Map size: 65000x65000.
[20/03/2015 18:29:18] > Map descriptions: 
[20/03/2015 18:29:18] Saved with Remere's Map Editor 2.2
[20/03/2015 18:29:18] No map description available.
[20/03/2015 18:29:19] Duplicate uniqueId 2407
[20/03/2015 18:29:22] > Map loading time: 4.977 seconds.
[20/03/2015 18:29:22] > Data loading time: 0.296 seconds.
[20/03/2015 18:29:23] > Unserialization time for houses: 0.031 seconds.
[20/03/2015 18:29:47] > Unserialization time for map: 23.805 seconds.
[20/03/2015 18:29:47] >> Checking world type... PvP
[20/03/2015 18:29:47] >> Initializing game state modules and registering services...
[20/03/2015 18:29:47] > Global address: deathpvp.no-ip.biz
[20/03/2015 18:29:48] > Local ports:
[20/03/2015 18:29:48] 7171	7172	
[20/03/2015 18:29:48] >> All modules were loaded, server starting up...
[20/03/2015 18:29:48] >> OT Death server Online!
[20/03/2015 18:29:48] 
[20/03/2015 18:29:50] sqlite3_step(): SQLITE ERROR: columns id, world_id are not unique
[20/03/2015 18:30:02] Xerath has logged in.
[20/03/2015 18:31:16] Account Manager has logged in.
[20/03/2015 18:31:29] Account Manager has logged out.
[20/03/2015 18:31:30] Account Manager has logged in.
[20/03/2015 18:31:57] Account Manager has logged out.
[20/03/2015 18:32:05] Mage Ziika has logged in.
[20/03/2015 18:32:24] Mage Ziika has logged out.
[20/03/2015 18:32:27] Mage Ziika has logged in.
[20/03/2015 18:32:36] Mage Ziika has logged out.
[20/03/2015 18:32:39] Mage Ziika has logged in.
[20/03/2015 18:32:49] Mage Ziika has logged out.
[20/03/2015 18:32:51] Jean has logged in.
[20/03/2015 18:32:51] Mage Ziika has logged in.
[20/03/2015 18:33:01] Mage Ziika has logged out.
[20/03/2015 18:33:04] Mage Ziika has logged in.
[20/03/2015 18:33:05] Mage Ziika has logged out.
[20/03/2015 18:35:38] Xerath has logged out.
[20/03/2015 18:36:05] 
[20/03/2015 18:36:05] Lua Script Error: [TalkAction Interface] 
[20/03/2015 18:36:05] data/talkactions/scripts/leavehouse.lua:onSay
[20/03/2015 18:36:06] 
[20/03/2015 18:36:06] luaGetHouseOwner(). House not found
[20/03/2015 18:36:12] 
[20/03/2015 18:36:12] Lua Script Error: [TalkAction Interface] 
[20/03/2015 18:36:12] data/talkactions/scripts/leavehouse.lua:onSay
[20/03/2015 18:36:12] 
[20/03/2015 18:36:12] luaGetHouseOwner(). House not found
[20/03/2015 18:36:23] Jean has logged out.
[20/03/2015 18:36:42] > Saving server...
[20/03/2015 18:36:43] > SAVE: Complete in 1.326 seconds using relational house storage.
[20/03/2015 18:36:58] > Saving server...
[20/03/2015 18:36:59] > SAVE: Complete in 1.388 seconds using relational house storage.
[20/03/2015 18:36:59] Preparing to shutdown server..
[20/03/2015 18:37:00] .
[20/03/2015 18:37:00] Exiting
[20/03/2015 18:54:45] The Forgotten Server, version 0.3.4 (Crying Damson)
[20/03/2015 18:54:46] Sever Criado Por Alissow e Comedinha.
[20/03/2015 18:54:46] Publicidade: www.sotserv.blogspot.com <- <- <- Tudo sobre otserv.
[20/03/2015 18:54:46] Bom Jogo!!!
[20/03/2015 18:54:46] 
[20/03/2015 18:54:46] >> Debugging: nothing.
[20/03/2015 18:54:46] >> Checking software version... failed checking - malformed file.
[20/03/2015 18:54:47] 
[20/03/2015 18:54:47] >> Loading config (config.lua)
[20/03/2015 18:54:47] > Using plaintext passwords
[20/03/2015 18:54:47] >> Loading RSA key
[20/03/2015 18:54:47] >> Starting SQL connection
[20/03/2015 18:54:48] >> Running Database Manager
[20/03/2015 18:54:48] > Optimized database.
[20/03/2015 18:54:48] >> Loading items
[20/03/2015 18:54:49] >> Loading groups
[20/03/2015 18:54:49] >> Loading vocations
[20/03/2015 18:54:49] >> Loading script systems
[20/03/2015 18:54:49] >> Loading chat channels
[20/03/2015 18:54:50] >> Loading outfits
[20/03/2015 18:54:50] >> Loading experience stages
[20/03/2015 18:54:50] >> Loading monsters
[20/03/2015 18:54:50] >> Loading map and spawns...
[20/03/2015 18:54:51] > Map size: 65000x65000.
[20/03/2015 18:54:51] > Map descriptions: 
[20/03/2015 18:54:51] Saved with Remere's Map Editor 2.2
[20/03/2015 18:54:51] No map description available.
[20/03/2015 18:54:52] Duplicate uniqueId 2407
[20/03/2015 18:54:55] > Map loading time: 4.945 seconds.
[20/03/2015 18:54:56] > Data loading time: 0.296 seconds.
[20/03/2015 18:54:56] > Unserialization time for houses: 0.031 seconds.
[20/03/2015 18:55:21] > Unserialization time for map: 24.632 seconds.
[20/03/2015 18:55:21] >> Checking world type... PvP
[20/03/2015 18:55:21] >> Initializing game state modules and registering services...
[20/03/2015 18:55:22] > Global address: deathpvp.no-ip.biz
[20/03/2015 18:55:22] > Local ports:
[20/03/2015 18:55:22] 7171	7172	
[20/03/2015 18:55:22] >> All modules were loaded, server starting up...
[20/03/2015 18:55:23] >> OT Death server Online!
[20/03/2015 18:55:23] 
[20/03/2015 18:55:36] sqlite3_step(): SQLITE ERROR: columns id, world_id are not unique
[20/03/2015 18:55:41] Account Manager has logged in.
[20/03/2015 18:55:44] Account Manager has logged out.
[20/03/2015 18:55:54] Sasuke Uchiha has logged in.
[20/03/2015 18:56:54] Sasuke Uchiha has logged out.
[20/03/2015 18:57:54] Sasuke Uchiha has logged in.
[20/03/2015 18:58:17] Knightzerah Mythus has logged in.
[20/03/2015 19:00:48] Erloff has logged in.
[20/03/2015 19:03:10] > Broadcasted message: "Novo CLIENTE = http://www.4shared.com/rar/cfxSV4o7ce/Death_PVP.html".
[20/03/2015 19:04:03] Account Manager has logged in.
[20/03/2015 19:04:06] Account Manager has logged out.
[20/03/2015 19:05:07] Nadador Knight has logged in.
[20/03/2015 19:06:14] Knightzerah Mythus has logged out.
[20/03/2015 19:06:21] Knightzerah Mythus has logged in.
[20/03/2015 19:08:55] Hiroshi has logged in.
[20/03/2015 19:09:25] Xerath has logged in.
[20/03/2015 19:11:30] > Broadcasted message: "Game map cleaning in 1 minute, please pick up all your items.".
[20/03/2015 19:11:32] > Broadcasted message: "Para ver as noticias fale !notice".
[20/03/2015 19:12:01] > CLEAN: Removed 475 items from 695 tiles in 0.187 seconds.
[20/03/2015 19:12:01] > Broadcasted message: "Map Cleaned.".
[20/03/2015 19:15:10] Sasuke Uchiha has logged out.
[20/03/2015 19:15:11] Sasuke Uchiha has logged in.
[20/03/2015 19:17:49] Nadador Knight has logged out.
[20/03/2015 19:17:52] Nadador Knight has logged in.
[20/03/2015 19:18:15] > Saving server...
[20/03/2015 19:18:18] > SAVE: Complete in 2.059 seconds using relational house storage.
[20/03/2015 19:19:53] > Broadcasted message: "Para comprar bless digite !bless".
[20/03/2015 19:24:01] Sasuke Uchiha has logged out.
[20/03/2015 19:24:07] Ice Cube has logged in.
[20/03/2015 19:26:07] Nadador Knight has logged out.
[20/03/2015 19:26:09] Nadador Knight has logged in.
[20/03/2015 19:27:28] Account Manager has logged in.
[20/03/2015 19:27:52] Account Manager has logged out.
[20/03/2015 19:28:06] Account Manager has logged in.
[20/03/2015 19:28:07] Ice Cube has logged out.
[20/03/2015 19:28:08] Ice Cube has logged in.
[20/03/2015 19:28:11] > Broadcasted message: "Game map cleaning in 1 minute, please pick up all your items.".
[20/03/2015 19:28:14] > Broadcasted message: "Sempre Ao Criar Uma Conta, Pegue A RK Dela No Account Manager Da Conta E Anote, Nunca Passe A Sua Senha Para Outras Pessoas, E Ao Entrar Em Outros OT´s Crie Contas Diferentes Para Não Sofrer HACKED, Não Me Responsabilizo Por Perdas, Obrigado".
[20/03/2015 19:28:33] Account Manager has logged out.
[20/03/2015 19:28:41] > CLEAN: Removed 4684 items from 2938 tiles in 0.234 seconds.
[20/03/2015 19:28:42] > Broadcasted message: "Map Cleaned.".
[20/03/2015 19:29:09] Haas has logged in.
[20/03/2015 19:30:11] Nadador Knight has logged out.
[20/03/2015 19:30:24] Nadador Knight has logged in.
[20/03/2015 19:32:37] Knight Das Trevas has logged in.
[20/03/2015 19:33:47] Knight Das Trevas has logged out.
[20/03/2015 19:35:35] Ice Cube has logged out.
[20/03/2015 19:35:38] Account Manager has logged in.
[20/03/2015 19:35:55] Account Manager has logged out.
[20/03/2015 19:35:56] Account Manager has logged in.
[20/03/2015 19:36:18] Account Manager has logged out.
[20/03/2015 19:36:24] Account Manager has logged in.
[20/03/2015 19:36:35] > Broadcasted message: "Para ver as noticias fale !notice".
[20/03/2015 19:36:38] Account Manager has logged out.
[20/03/2015 19:36:44] Tibbers has logged in.
[20/03/2015 19:37:12] Tibbers has logged out.
[20/03/2015 19:37:17] Ice Cube has logged in.
[20/03/2015 19:37:29] Ice Cube has logged out.
[20/03/2015 19:37:35] Tibbers has logged in.
[20/03/2015 19:37:58] Tibbers has logged out.
[20/03/2015 19:38:03] Ice Cube has logged in.
[20/03/2015 19:38:19] Ice Cube has logged out.
[20/03/2015 19:38:26] Tibbers has logged in.
[20/03/2015 19:41:36] > Saving server...
[20/03/2015 19:41:39] > SAVE: Complete in 2.433 seconds using relational house storage.
[20/03/2015 19:43:14] Knightzerah Mythus has logged out.
[20/03/2015 19:43:16] Pallyzeraah Mythus has logged in.
[20/03/2015 19:43:36] Xerath has logged out.
[20/03/2015 19:43:45] Nirvana has logged in.
[20/03/2015 19:44:52] > Broadcasted message: "Game map cleaning in 1 minute, please pick up all your items.".
[20/03/2015 19:44:56] > Broadcasted message: "Para comprar bless digite !bless".
[20/03/2015 19:45:22] Pallyzeraah Mythus has logged out.
[20/03/2015 19:45:22] > CLEAN: Removed 1104 items from 628 tiles in 0.218 seconds.
[20/03/2015 19:45:22] > Broadcasted message: "Map Cleaned.".
[20/03/2015 19:45:24] Knightzerah Mythus has logged in.
[20/03/2015 19:45:53] Nirvana has logged out.
[20/03/2015 19:45:54] Nirvana has logged in.
[20/03/2015 19:46:33] Nirvana has logged out.
[20/03/2015 19:46:35] Nirvana has logged in.
[20/03/2015 19:46:56] Nirvana has logged out.
[20/03/2015 19:46:57] Nirvana has logged in.
[20/03/2015 19:47:49] Nirvana has logged out.
[20/03/2015 19:47:51] Nirvana has logged in.
[20/03/2015 19:48:26] Nirvana has logged out.
[20/03/2015 19:48:28] Nirvana has logged in.
[20/03/2015 19:48:40] Haas has logged out.
[20/03/2015 19:48:43] Haas has logged in.
[20/03/2015 19:48:44] Haas has logged out.
[20/03/2015 19:48:49] Bahlouli has logged in.
[20/03/2015 19:49:26] Bahlouli has logged out.
[20/03/2015 19:49:33] Nirvana has logged out.
[20/03/2015 19:49:34] Haas has logged in.
[20/03/2015 19:49:35] Nirvana has logged in.
[20/03/2015 19:49:48] Nirvana has logged out.
[20/03/2015 19:49:54] Account Manager has logged in.
[20/03/2015 19:50:21] Account Manager has logged out.
[20/03/2015 19:50:27] Mage Ziika has logged in.
[20/03/2015 19:50:47] Mage Ziika has logged out.
[20/03/2015 19:50:48] Mage Ziika has logged in.
[20/03/2015 19:51:46] Mage Ziika has logged out.
[20/03/2015 19:51:48] Mage Ziika has logged in.
[20/03/2015 19:52:12] Mage Ziika has logged out.
[20/03/2015 19:52:14] Mage Ziika has logged in.
[20/03/2015 19:53:17] > Broadcasted message: "Para ver as noticias fale !notice".
[20/03/2015 19:53:29] Nadador Knight has logged out.
[20/03/2015 19:53:43] Nadador Knight has logged in.
[20/03/2015 19:54:34] Mage Ziika has logged out.
[20/03/2015 19:54:36] Mage Ziika has logged in.
[20/03/2015 19:55:32] Tibbers has logged out.
[20/03/2015 19:55:40] Mage Ziika has logged out.
[20/03/2015 19:55:52] Xerath has logged in.
[20/03/2015 19:56:03] Tibbers has logged in.
[20/03/2015 19:56:22] Nadador Knight has logged out.
[20/03/2015 19:57:01] Nadador Knight has logged in.
[20/03/2015 19:58:23] Nadador Knight has logged out.
[20/03/2015 19:58:44] Mage Ziika has logged in.
[20/03/2015 19:58:53] Mage Ziika has logged out.
[20/03/2015 19:58:55] Mage Ziika has logged in.
[20/03/2015 19:59:34] Mage Ziika has logged out.
[20/03/2015 19:59:36] Mage Ziika has logged in.
[20/03/2015 19:59:49] Mage Ziika has logged out.
[20/03/2015 19:59:51] Mage Ziika has logged in.
[20/03/2015 20:00:03] Mage Ziika has logged out.
[20/03/2015 20:00:08] Mage Ziika has logged in.
[20/03/2015 20:00:17] Mage Ziika has logged out.
[20/03/2015 20:00:20] Mage Ziika has logged in.
[20/03/2015 20:01:29] Mage Ziika has logged out.
[20/03/2015 20:01:30] Mage Ziika has logged in.
[20/03/2015 20:01:33] > Broadcasted message: "Game map cleaning in 1 minute, please pick up all your items.".
[20/03/2015 20:01:37] Mage Ziika has logged out.
[20/03/2015 20:01:38] Mage Ziika has logged in.
[20/03/2015 20:01:39] > Broadcasted message: "Para ver as noticias fale !notice".
[20/03/2015 20:01:50] Mage Ziika has logged out.
[20/03/2015 20:01:52] Mage Ziika has logged in.
[20/03/2015 20:02:03] > CLEAN: Removed 1370 items from 1043 tiles in 0.203 seconds.
[20/03/2015 20:02:04] > Broadcasted message: "Map Cleaned.".
[20/03/2015 20:02:05] Mage Ziika has logged out.
[20/03/2015 20:02:10] Mage Ziika has logged in.
[20/03/2015 20:02:17] Mage Ziika has logged out.
[20/03/2015 20:02:20] Mage Ziika has logged in.
[20/03/2015 20:02:28] Mage Ziika has logged out.
[20/03/2015 20:02:31] Mage Ziika has logged in.
[20/03/2015 20:02:41] Mage Ziika has logged out.
[20/03/2015 20:02:43] Mage Ziika has logged in.
[20/03/2015 20:02:53] Mage Ziika has logged out.
[20/03/2015 20:03:04] Nadador Knight has logged in.
[20/03/2015 20:04:57] > Saving server...
[20/03/2015 20:05:00] > SAVE: Complete in 2.356 seconds using relational house storage.
[20/03/2015 20:06:43] Haas has logged out.
[20/03/2015 20:06:45] Hashi has logged in.
[20/03/2015 20:06:51] Hashi has logged out.
[20/03/2015 20:06:53] Haas has logged in.
[20/03/2015 20:07:14] Hiroshi has logged out.
[20/03/2015 20:10:00] > Broadcasted message: "Novo CLIENTE = http://www.4shared.com/rar/cfxSV4o7ce/Death_PVP.html".
[20/03/2015 20:11:28] Xerath has logged out.
[20/03/2015 20:12:02] Xerath has logged in.
[20/03/2015 20:13:07] Nirvana has logged in.
[20/03/2015 20:13:46] Brumm-bromm has logged in.
[20/03/2015 20:14:04] Nadador Knight has logged out.
[20/03/2015 20:14:10] Nadador Arqueiro has logged in.
[20/03/2015 20:15:25] Erloff has logged out.
[20/03/2015 20:15:34] Druid Do Torro has logged in.
[20/03/2015 20:16:07] Druid Do Torro has logged out.
[20/03/2015 20:16:08] Druid Do Torro has logged in.
[20/03/2015 20:16:51] Nadador Arqueiro has logged out.
[20/03/2015 20:16:59] Nadador Arqueiro has logged in.
[20/03/2015 20:17:12] Nadador Arqueiro has logged out.
[20/03/2015 20:17:19] Nadador Knight has logged in.
[20/03/2015 20:18:02] Nadador Knight has logged out.
[20/03/2015 20:18:03] Nadador Knight has logged in.
[20/03/2015 20:18:14] > Broadcasted message: "Game map cleaning in 1 minute, please pick up all your items.".
[20/03/2015 20:18:21] > Broadcasted message: "Novo CLIENTE = http://www.4shared.com/rar/cfxSV4o7ce/Death_PVP.html".
[20/03/2015 20:18:45] > CLEAN: Removed 5411 items from 3377 tiles in 0.249 seconds.
[20/03/2015 20:18:45] > Broadcasted message: "Map Cleaned.".
[20/03/2015 20:22:17] Druid Do Torro has logged out.
[20/03/2015 20:22:19] Druid Do Torro has logged in.
[20/03/2015 20:22:27] Druid Do Torro has logged out.
[20/03/2015 20:22:45] Druid Do Torro has logged in.
[20/03/2015 20:22:51] Druid Do Torro has logged out.
[20/03/2015 20:23:00] Druid Do Torro has logged in.
[20/03/2015 20:23:36] Haas has logged out.
[20/03/2015 20:24:40] Nadador Knight has logged out.
[20/03/2015 20:24:53] Mage Ziika has logged in.
[20/03/2015 20:25:09] Mage Ziika has logged out.
[20/03/2015 20:25:11] Mage Ziika has logged in.
[20/03/2015 20:25:19] Mage Ziika has logged out.
[20/03/2015 20:25:21] Mage Ziika has logged in.
[20/03/2015 20:25:47] Mage Ziika has logged out.
[20/03/2015 20:25:58] Nadador Knight has logged in.
[20/03/2015 20:26:03] Erloff has logged in.
[20/03/2015 20:26:18] Sr Smith has logged in.
[20/03/2015 20:26:24] Brumm-bromm has logged out.
[20/03/2015 20:26:26] Brumm-bromm has logged in.
[20/03/2015 20:26:38] Tibbers has logged out.
[20/03/2015 20:26:38] 
[20/03/2015 20:26:38] Lua Script Error: [Spell Interface] 
[20/03/2015 20:26:39] in a timer event called from: 
[20/03/2015 20:26:39] data/spells/scripts/max power rune.lua:onCastSpell
[20/03/2015 20:26:39] 
[20/03/2015 20:26:39] luaDoCombat(). Creature not found
[20/03/2015 20:26:39] 
[20/03/2015 20:26:39] Lua Script Error: [Spell Interface] 
[20/03/2015 20:26:39] in a timer event called from: 
[20/03/2015 20:26:39] data/spells/scripts/max power rune.lua:onCastSpell
[20/03/2015 20:26:40] 
[20/03/2015 20:26:40] luaDoCombat(). Creature not found
[20/03/2015 20:26:40] 
[20/03/2015 20:26:40] Lua Script Error: [Spell Interface] 
[20/03/2015 20:26:40] in a timer event called from: 
[20/03/2015 20:26:40] data/spells/scripts/max power rune.lua:onCastSpell
[20/03/2015 20:26:40] 
[20/03/2015 20:26:40] luaDoCombat(). Creature not found
[20/03/2015 20:26:41] 
[20/03/2015 20:26:41] Lua Script Error: [Spell Interface] 
[20/03/2015 20:26:41] in a timer event called from: 
[20/03/2015 20:26:41] data/spells/scripts/max power rune.lua:onCastSpell
[20/03/2015 20:26:41] 
[20/03/2015 20:26:41] luaDoCombat(). Creature not found
[20/03/2015 20:26:42] Tibbers has logged in.
[20/03/2015 20:26:42] > Broadcasted message: "Para ver as noticias fale !notice".
[20/03/2015 20:28:18] > Saving server...
[20/03/2015 20:28:21] > SAVE: Complete in 2.73 seconds using relational house storage.
[20/03/2015 20:28:51] Nadador Knight has logged out.
[20/03/2015 20:28:52] Nadador Knight has logged in.
[20/03/2015 20:30:58] Sr Smith has logged out.
[20/03/2015 20:30:59] Sr Smith has logged in.
[20/03/2015 20:31:36] Nadador Knight has logged out.
[20/03/2015 20:31:38] Nadador Knight has logged in.
[20/03/2015 20:31:54] Sr Smith has logged out.
[20/03/2015 20:31:56] Sr Smith has logged in.
[20/03/2015 20:33:29] Account Manager has logged in.
[20/03/2015 20:33:36] Account Manager has logged out.
[20/03/2015 20:34:04] Druidzerah Mythus has logged in.
[20/03/2015 20:34:55] > Broadcasted message: "Game map cleaning in 1 minute, please pick up all your items.".
[20/03/2015 20:35:00] Nadador Knight has logged out.
[20/03/2015 20:35:03] > Broadcasted message: "Para comprar bless digite !bless".
[20/03/2015 20:35:25] > CLEAN: Removed 4178 items from 3198 tiles in 0.25 seconds.
[20/03/2015 20:35:25] > Broadcasted message: "Map Cleaned.".
[20/03/2015 20:36:46] Ice Cube has logged in.
[20/03/2015 20:37:01] Sr Smith has logged out.
[20/03/2015 20:37:03] Sr Smith has logged in.
[20/03/2015 20:37:19] Ice Cube has logged out.
[20/03/2015 20:37:32] Ice Cube has logged in.
[20/03/2015 20:37:53] Sr Smith has logged out.
[20/03/2015 20:37:54] Sr Smith has logged in.
[20/03/2015 20:38:19] Ice Cube has logged out.
[20/03/2015 20:39:35] Sr Smith has logged out.
[20/03/2015 20:39:36] Sr Smith has logged in.
[20/03/2015 20:43:24] Nadador Knight has logged in.
[20/03/2015 20:43:24] > Broadcasted message: "Para ver as noticias fale !notice".
[20/03/2015 20:43:46] Sr Smith has logged out.
[20/03/2015 20:43:48] Sr Smith has logged in.
[20/03/2015 20:45:06] Sr Smith has logged out.
[20/03/2015 20:45:08] Sr Smith has logged in.
[20/03/2015 20:46:07] Sr Smith has logged out.
[20/03/2015 20:46:09] Sr Smith has logged in.
[20/03/2015 20:47:18] Brumm-bromm has logged out.
[20/03/2015 20:47:20] Brumm-bromm has logged in.
[20/03/2015 20:48:19] Nadador Knight has logged out.
[20/03/2015 20:48:21] Nadador Knight has logged in.
[20/03/2015 20:48:51] Account Manager has logged in.
[20/03/2015 20:49:10] Account Manager has logged out.
[20/03/2015 20:49:11] Account Manager has logged in.
[20/03/2015 20:49:12] Account Manager has logged out.
[20/03/2015 20:49:41] Brumm-bromm has logged out.
[20/03/2015 20:49:42] Brumm-bromm has logged in.
[20/03/2015 20:50:24] Brumm-bromm has logged out.
[20/03/2015 20:50:26] Brumm-bromm has logged in.
[20/03/2015 20:50:49] Knightzerah Mythus has logged out.
[20/03/2015 20:50:53] Knightzerah Mythus has logged in.
[20/03/2015 20:51:02] Haas has logged in.
[20/03/2015 20:51:36] > Broadcasted message: "Game map cleaning in 1 minute, please pick up all your items.".
[20/03/2015 20:51:39] > Saving server...
[20/03/2015 20:51:42] > SAVE: Complete in 3.058 seconds using relational house storage.
[20/03/2015 20:51:45] > Broadcasted message: "Para ver as noticias fale !notice".
[20/03/2015 20:52:06] > CLEAN: Removed 2437 items from 2094 tiles in 0.234 seconds.
[20/03/2015 20:52:07] > Broadcasted message: "Map Cleaned.".
[20/03/2015 20:54:40] Druidzerah Mythus has logged out.
[20/03/2015 20:54:42] Druidzerah Mythus has logged in.
[20/03/2015 20:56:40] Brumm-bromm has logged out.
[20/03/2015 20:56:46] Ice Cube has logged in.
[20/03/2015 20:57:40] Ice Cube has logged out.
[20/03/2015 20:57:42] Ice Cube has logged in.
[20/03/2015 20:57:51] Xerath has logged out.
[20/03/2015 20:57:53] Xerath has logged in.
[20/03/2015 20:57:57] Ice Cube has logged out.
[20/03/2015 20:57:59] Ice Cube has logged in.
[20/03/2015 20:58:35] Ice Cube has logged out.
[20/03/2015 20:58:36] Ice Cube has logged in.
[20/03/2015 20:58:42] Sr Smith has logged out.
[20/03/2015 20:58:44] Sr Smith has logged in.
[20/03/2015 20:58:54] Ice Cube has logged out.
[20/03/2015 20:58:55] Ice Cube has logged in.
[20/03/2015 20:59:09] Sr Smith has logged out.
[20/03/2015 20:59:10] Sr Smith has logged in.
[20/03/2015 20:59:12] Ice Cube has logged out.
[20/03/2015 20:59:13] Ice Cube has logged in.
[20/03/2015 20:59:29] Ice Cube has logged out.
[20/03/2015 20:59:30] Ice Cube has logged in.
[20/03/2015 20:59:41] Sr Smith has logged out.
[20/03/2015 20:59:42] Sr Smith has logged in.
[20/03/2015 20:59:51] Ice Cube has logged out.
[20/03/2015 20:59:53] Ice Cube has logged in.
[20/03/2015 21:00:06] > Broadcasted message: "Sempre Ao Criar Uma Conta, Pegue A RK Dela No Account Manager Da Conta E Anote, Nunca Passe A Sua Senha Para Outras Pessoas, E Ao Entrar Em Outros OT´s Crie Contas Diferentes Para Não Sofrer HACKED, Não Me Responsabilizo Por Perdas, Obrigado".
[20/03/2015 21:00:09] Ice Cube has logged out.
[20/03/2015 21:00:10] Ice Cube has logged in.
[20/03/2015 21:00:40] Ice Cube has logged out.
[20/03/2015 21:00:42] Ice Cube has logged in.
[20/03/2015 21:01:36] Ice Cube has logged out.
[20/03/2015 21:01:38] Ice Cube has logged in.
[20/03/2015 21:01:39] Ice Cube has logged out.
[20/03/2015 21:01:44] Brumm-bromm has logged in.
[20/03/2015 21:02:45] Sr Smith has logged out.
[20/03/2015 21:02:48] Sr Smith has logged in.
[20/03/2015 21:03:09] Sr Smith has logged out.
[20/03/2015 21:03:10] Sr Smith has logged in.
[20/03/2015 21:03:41] Tibbers has logged out.
[20/03/2015 21:03:42] Sr Smith has logged out.
[20/03/2015 21:03:43] Xerath has logged out.
[20/03/2015 21:03:43] Tibbers has logged in.
[20/03/2015 21:03:45] Xerath has logged in.
[20/03/2015 21:03:47] Sr Smith has logged in.
[20/03/2015 21:04:32] Hiroshi has logged in.
[20/03/2015 21:04:59] Haas has logged out.
[20/03/2015 21:05:02] Haas has logged in.
[20/03/2015 21:05:41] Sr Smith has logged out.
[20/03/2015 21:05:43] Sr Smith has logged in.
[20/03/2015 21:06:37] Honda has logged in.
[20/03/2015 21:08:17] > Broadcasted message: "Game map cleaning in 1 minute, please pick up all your items.".
[20/03/2015 21:08:27] > Broadcasted message: "Para comprar bless digite !bless".
[20/03/2015 21:08:47] > CLEAN: Removed 9415 items from 5978 tiles in 0.296 seconds.
[20/03/2015 21:08:48] > Broadcasted message: "Map Cleaned.".
[20/03/2015 21:09:32] Honda has logged out.
[20/03/2015 21:10:49] Brumm-bromm has logged out.
[20/03/2015 21:10:50] Brumm-bromm has logged in.
[20/03/2015 21:11:41] Sr Smith has logged out.
[20/03/2015 21:11:43] Sr Smith has logged in.
[20/03/2015 21:14:23] Nirvana has logged out.
[20/03/2015 21:15:00] > Saving server...
[20/03/2015 21:15:03] > SAVE: Complete in 3.182 seconds using relational house storage.
[20/03/2015 21:15:48] Druidzerah Mythus has logged out.
[20/03/2015 21:15:50] Druidzerah Mythus has logged in.
[20/03/2015 21:16:07] Haas has logged out.
[20/03/2015 21:16:10] Haas has logged in.
[20/03/2015 21:16:42] Xerath has logged out.
[20/03/2015 21:16:48] > Broadcasted message: "Para comprar bless digite !bless".
[20/03/2015 21:17:36] Brumm-bromm has logged out.
[20/03/2015 21:17:38] Brumm-bromm has logged in.
[20/03/2015 21:17:48] Sr Smith has logged out.
[20/03/2015 21:17:48] Xerath has logged in.
[20/03/2015 21:17:49] Sr Smith has logged in.
[20/03/2015 21:18:32] Tibbers has logged out.
[20/03/2015 21:18:33] Tibbers has logged in.
[20/03/2015 21:19:34] Brumm-bromm has logged out.
[20/03/2015 21:19:35] Brumm-bromm has logged in.
[20/03/2015 21:20:22] Tibbers has logged out.
[20/03/2015 21:20:23] 
[20/03/2015 21:20:23] Lua Script Error: [Spell Interface] 
[20/03/2015 21:20:23] in a timer event called from: 
[20/03/2015 21:20:23] data/spells/scripts/anti-materia.lua:onCastSpell
[20/03/2015 21:20:23] 
[20/03/2015 21:20:23] luaDoCombat(). Creature not found
[20/03/2015 21:20:23] 
[20/03/2015 21:20:23] Lua Script Error: [Spell Interface] 
[20/03/2015 21:20:23] in a timer event called from: 
[20/03/2015 21:20:24] data/spells/scripts/anti-materia.lua:onCastSpell
[20/03/2015 21:20:24] 
[20/03/2015 21:20:24] luaDoCombat(). Creature not found
[20/03/2015 21:20:24] 
[20/03/2015 21:20:24] Lua Script Error: [Spell Interface] 
[20/03/2015 21:20:24] in a timer event called from: 
[20/03/2015 21:20:24] data/spells/scripts/anti-materia.lua:onCastSpell
[20/03/2015 21:20:24] 
[20/03/2015 21:20:24] luaDoCombat(). Creature not found
[20/03/2015 21:20:25] 
[20/03/2015 21:20:25] Lua Script Error: [Spell Interface] 
[20/03/2015 21:20:25] in a timer event called from: 
[20/03/2015 21:20:25] data/spells/scripts/anti-materia.lua:onCastSpell
[20/03/2015 21:20:25] 
[20/03/2015 21:20:25] luaDoCombat(). Creature not found
[20/03/2015 21:20:25] 
[20/03/2015 21:20:25] Lua Script Error: [Spell Interface] 
[20/03/2015 21:20:25] in a timer event called from: 
[20/03/2015 21:20:26] data/spells/scripts/anti-materia.lua:onCastSpell
[20/03/2015 21:20:26] 
[20/03/2015 21:20:26] luaDoCombat(). Creature not found
[20/03/2015 21:20:26] 
[20/03/2015 21:20:26] Lua Script Error: [Spell Interface] 
[20/03/2015 21:20:26] in a timer event called from: 
[20/03/2015 21:20:26] data/spells/scripts/anti-materia.lua:onCastSpell
[20/03/2015 21:20:27] 
[20/03/2015 21:20:27] luaDoCombat(). Creature not found
[20/03/2015 21:20:27] Tibbers has logged in.
[20/03/2015 21:21:26] Xerath has logged out.
[20/03/2015 21:21:28] Xerath has logged in.
[20/03/2015 21:23:24] Sr Smith has logged out.
[20/03/2015 21:23:26] Sr Smith has logged in.
[20/03/2015 21:24:11] Hiroshi has logged out.
[20/03/2015 21:24:13] Hiroshi has logged in.
[20/03/2015 21:24:19] Tibbers has logged out.
[20/03/2015 21:24:21] Tibbers has logged in.
[20/03/2015 21:24:58] > Broadcasted message: "Game map cleaning in 1 minute, please pick up all your items.".
[20/03/2015 21:25:09] > Broadcasted message: "Para ver as noticias fale !notice".
[20/03/2015 21:25:13] Sr Smith has logged out.
[20/03/2015 21:25:15] Sr Smith has logged in.
[20/03/2015 21:25:29] > CLEAN: Removed 7464 items from 5492 tiles in 0.296 seconds.
[20/03/2015 21:25:29] > Broadcasted message: "Map Cleaned.".
[20/03/2015 21:25:34] Brumm-bromm has logged out.
[20/03/2015 21:25:35] Brumm-bromm has logged in.
[20/03/2015 21:25:52] Tibbers has logged out.
[20/03/2015 21:25:53] Tibbers has logged in.
[20/03/2015 21:27:01] Tibbers has logged out.
[20/03/2015 21:27:03] Tibbers has logged in.
[20/03/2015 21:28:01] Sr Smith has logged out.
[20/03/2015 21:28:03] Sr Smith has logged in.
[20/03/2015 21:28:53] Sr Smith has logged out.
[20/03/2015 21:28:55] Sr Smith has logged in.
[20/03/2015 21:29:16] Haas has logged out.
[20/03/2015 21:29:19] Haas has logged in.
[20/03/2015 21:29:30] Knightzerah Mythus has logged out.
[20/03/2015 21:29:43] Knightzerah Mythus has logged in.
[20/03/2015 21:33:30] > Broadcasted message: "Para ver as noticias fale !notice".
[20/03/2015 21:33:57] Lady girl has logged in.
[20/03/2015 21:33:59] Lady girl has logged out.
[20/03/2015 21:34:21] Lady girl has logged in.
[20/03/2015 21:34:22] Lady girl has logged out.
[20/03/2015 21:34:35] Sr Smith has logged out.
[20/03/2015 21:34:36] Sr Smith has logged in.
[20/03/2015 21:36:16] Haas has logged out.
[20/03/2015 21:36:19] Haas has logged in.
[20/03/2015 21:38:10] Haas has logged out.
[20/03/2015 21:38:12] Haas has logged in.
[20/03/2015 21:38:21] > Saving server...
[20/03/2015 21:38:24] > SAVE: Complete in 3.12 seconds using relational house storage.
[20/03/2015 21:39:19] Haas has logged out.
[20/03/2015 21:39:21] Haas has logged in.
[20/03/2015 21:41:29] Haas has logged out.
[20/03/2015 21:41:32] Haas has logged in.
[20/03/2015 21:41:39] > Broadcasted message: "Game map cleaning in 1 minute, please pick up all your items.".
[20/03/2015 21:41:51] > Broadcasted message: "Para comprar bless digite !bless".
[20/03/2015 21:42:04] Haas has logged out.
[20/03/2015 21:42:08] Hashi has logged in.
[20/03/2015 21:42:09] > CLEAN: Removed 5452 items from 3933 tiles in 0.249 seconds.
[20/03/2015 21:42:10] > Broadcasted message: "Map Cleaned.".
[20/03/2015 21:42:26] Hashi has logged out.
[20/03/2015 21:42:28] Haas has logged in.
[20/03/2015 21:42:29] Sr Smith has logged out.
[20/03/2015 21:42:31] Sr Smith has logged in.
[20/03/2015 21:42:59] Sr Smith has logged out.
[20/03/2015 21:43:00] Sr Smith has logged in.
[20/03/2015 21:43:43] Haas has logged out.
[20/03/2015 21:43:47] Haas has logged in.
[20/03/2015 21:44:08] Haas has logged out.
[20/03/2015 21:44:10] Hashi has logged in.
[20/03/2015 21:44:25] Hashi has logged out.
[20/03/2015 21:44:27] Haas has logged in.
[20/03/2015 21:44:41] Tibbers has logged out.
[20/03/2015 21:44:42] Tibbers has logged in.
[20/03/2015 21:45:00] Sr Smith has logged out.
[20/03/2015 21:45:01] Sr Smith has logged in.
[20/03/2015 21:45:09] Account Manager has logged in.
[20/03/2015 21:45:36] Druid Do Torro has logged out.
[20/03/2015 21:45:44] Account Manager has logged out.
[20/03/2015 21:45:49] Account Manager has logged in.
[20/03/2015 21:46:12] Account Manager has logged out.
[20/03/2015 21:46:17] Account Manager has logged in.
[20/03/2015 21:46:20] Account Manager has logged out.
[20/03/2015 21:46:20] Dracknvith has logged in.
[20/03/2015 21:46:31] Druidzerah Mythus has logged out.
[20/03/2015 21:46:35] Druidzerah Mythus has logged in.
[20/03/2015 21:47:24] Biozard has logged in.
[20/03/2015 21:47:48] Dracknvith has logged out.
[20/03/2015 21:47:50] Dracknvith has logged in.
[20/03/2015 21:49:35] Dracknvith has logged out.
[20/03/2015 21:49:41] Dracknvith has logged in.
[20/03/2015 21:49:44] Dracknvith has logged out.
[20/03/2015 21:49:44] Account Manager has logged in.
[20/03/2015 21:49:59] Nadador Knight has logged out.
[20/03/2015 21:50:01] Nadador Knight has logged in.
[20/03/2015 21:50:03] Account Manager has logged out.
[20/03/2015 21:50:09] Dracknovith has logged in.
[20/03/2015 21:50:12] > Broadcasted message: "Para comprar bless digite !bless".
[20/03/2015 21:50:21] Jean has logged in.
[20/03/2015 21:50:24] Nadador Knight has logged out.
[20/03/2015 21:50:27] Sr Smith has logged out.
[20/03/2015 21:50:27] Erloff has logged out.
[20/03/2015 21:50:28] Nadador Knight has logged in.
[20/03/2015 21:50:29] Sr Smith has logged in.
[20/03/2015 21:50:29] Erloff has logged in.
[20/03/2015 21:50:40] Biozard has logged out.
[20/03/2015 21:50:53] > Broadcasted message: "Demon lord minions are working on his return to the World. LEAVE at once, mortals.".
[20/03/2015 21:51:03] > Broadcasted message: "Demon Lord is about to make his way into the mortal realm. Run for your lives!".
[20/03/2015 21:51:14] > Broadcasted message: "Demon Lord has been summoned from hell to plague the lands of mortals once again.".
[20/03/2015 21:51:47] Dracknovith has logged out.
[20/03/2015 21:51:48] Dracknovith has logged in.
[20/03/2015 21:51:50] Sr Smith I has logged in.
[20/03/2015 21:53:15] Druidzerah Mythus has logged out.
[20/03/2015 21:53:16] Pallyzerah Mythus has logged in.
[20/03/2015 21:53:19] Tibbers has logged out.
[20/03/2015 21:53:20] Tibbers has logged in.
[20/03/2015 21:53:28] Pallyzerah Mythus has logged out.
[20/03/2015 21:53:29] Druidzerah Mythus has logged in.
[20/03/2015 21:53:47] Nadador Knight has logged out.
[20/03/2015 21:53:52] Nadador Knight has logged in.
[20/03/2015 21:54:31] Sr Smith I has logged out.
[20/03/2015 21:54:33] Sr Smith I has logged in.
[20/03/2015 21:55:05] Sr Smith has logged out.
[20/03/2015 21:55:07] Sr Smith has logged in.
[20/03/2015 21:55:25] Dracknovith has logged out.
[20/03/2015 21:55:26] Dracknovith has logged in.
[20/03/2015 21:56:29] Haas has logged out.
[20/03/2015 21:56:31] Haas has logged in.
[20/03/2015 21:57:02] Haas has logged out.
[20/03/2015 21:57:05] Haas has logged in.
[20/03/2015 21:57:50] Haas has logged out.
[20/03/2015 21:57:52] Honda has logged in.
[20/03/2015 21:57:52] Haas has logged in.
[20/03/2015 21:58:03] Sr Smith I has logged out.
[20/03/2015 21:58:14] Sr Smith has logged out.
[20/03/2015 21:58:16] Sr Smith has logged in.
[20/03/2015 21:58:17] Honda has logged out.
[20/03/2015 21:58:20] > Broadcasted message: "Game map cleaning in 1 minute, please pick up all your items.".
[20/03/2015 21:58:33] > Broadcasted message: "Sempre Ao Criar Uma Conta, Pegue A RK Dela No Account Manager Da Conta E Anote, Nunca Passe A Sua Senha Para Outras Pessoas, E Ao Entrar Em Outros OT´s Crie Contas Diferentes Para Não Sofrer HACKED, Não Me Responsabilizo Por Perdas, Obrigado".
[20/03/2015 21:58:51] > CLEAN: Removed 3499 items from 2388 tiles in 0.328 seconds.
[20/03/2015 21:58:51] > Broadcasted message: "Map Cleaned.".
[20/03/2015 21:58:58] Sr Smith has logged out.
[20/03/2015 21:59:46] Sr Smith has logged in.
[20/03/2015 21:59:50] Haas has logged out.
[20/03/2015 21:59:52] Haas has logged in.
[20/03/2015 22:00:01] Nadador Knight has logged out.
[20/03/2015 22:00:04] Nadador Knight has logged in.
[20/03/2015 22:00:11] Dracknovith has logged out.
[20/03/2015 22:00:12] Dracknovith has logged in.
[20/03/2015 22:00:57] Nadador Knight has logged out.
[20/03/2015 22:01:00] Nadador Knight has logged in.
[20/03/2015 22:01:17] Dracknovith has logged out.
[20/03/2015 22:01:19] Dracknovith has logged in.
[20/03/2015 22:01:23] Sr Smith has logged out.
[20/03/2015 22:01:37] > Saving server...
[20/03/2015 22:01:41] > SAVE: Complete in 3.057 seconds using relational house storage.
[20/03/2015 22:01:42] > Saving server...
[20/03/2015 22:01:45] > SAVE: Complete in 3.292 seconds using relational house storage.
[20/03/2015 22:01:47] Dracknovith has logged out.
[20/03/2015 22:01:48] Dracknovith has logged in.
[20/03/2015 22:02:00] Dracknovith has logged out.
[20/03/2015 22:02:01] Dracknovith has logged in.
[20/03/2015 22:02:08] Sr Smith I has logged in.
[20/03/2015 22:02:33] Dracknovith has logged out.
[20/03/2015 22:03:22] Nadador Knight has logged out.
[20/03/2015 22:03:23] Sr Smith has logged in.
[20/03/2015 22:03:25] Nadador Knight has logged in.
[20/03/2015 22:04:21] Tibbers has logged out.
[20/03/2015 22:04:21] Brumm-bromm has logged out.
[20/03/2015 22:04:22] Knightzerah Mythus has logged out.
[20/03/2015 22:04:22] Erloff has logged out.
[20/03/2015 22:04:23] Haas has logged out.
[20/03/2015 22:04:23] Sr Smith has logged out.
[20/03/2015 22:04:24] Nadador Knight has logged out.
[20/03/2015 22:04:29] Brumm-bromm has logged in.
[20/03/2015 22:04:30] Xerath has logged out.
[20/03/2015 22:04:31] Tibbers has logged in.
[20/03/2015 22:04:34] Erloff has logged in.
[20/03/2015 22:04:35] Nadador Knight has logged in.
[20/03/2015 22:04:54] Sr Smith has logged in.
[20/03/2015 22:05:06] Knightzerah Mythus has logged in.
[20/03/2015 22:05:07] Xerath has logged in.
[20/03/2015 22:05:50] Sr Smith has logged out.
[20/03/2015 22:05:51] Sr Smith has logged in.
[20/03/2015 22:06:19] Tibbers has logged out.
[20/03/2015 22:06:28] Tibbers has logged in.
[20/03/2015 22:06:54] > Broadcasted message: "Para comprar bless digite !bless".
[20/03/2015 22:07:28] Tibbers has logged out.
[20/03/2015 22:07:30] Tibbers has logged in.
[20/03/2015 22:07:57] Nadador Knight has logged out.
[20/03/2015 22:07:58] Nadador Knight has logged in.
[20/03/2015 22:10:09] Account Manager has logged in.
[20/03/2015 22:11:01] Account Manager has logged out.
[20/03/2015 22:11:45] Haas has logged in.
[20/03/2015 22:12:03] Brumm-bromm has logged out.
[20/03/2015 22:12:04] Brumm-bromm has logged in.
[20/03/2015 22:12:31] Tibbers has logged out.
[20/03/2015 22:12:31] 
[20/03/2015 22:12:31] Lua Script Error: [Spell Interface] 
[20/03/2015 22:12:31] in a timer event called from: 
[20/03/2015 22:12:31] data/spells/scripts/max power rune.lua:onCastSpell
[20/03/2015 22:12:32] 
[20/03/2015 22:12:32] luaDoCombat(). Creature not found
[20/03/2015 22:12:32] 
[20/03/2015 22:12:32] Lua Script Error: [Spell Interface] 
[20/03/2015 22:12:32] in a timer event called from: 
[20/03/2015 22:12:32] data/spells/scripts/max power rune.lua:onCastSpell
[20/03/2015 22:12:33] 
[20/03/2015 22:12:33] luaDoCombat(). Creature not found
[20/03/2015 22:12:33] 
[20/03/2015 22:12:33] Lua Script Error: [Spell Interface] 
[20/03/2015 22:12:33] in a timer event called from: 
[20/03/2015 22:12:33] data/spells/scripts/max power rune.lua:onCastSpell
[20/03/2015 22:12:34] 
[20/03/2015 22:12:34] luaDoCombat(). Creature not found
[20/03/2015 22:12:34] 
[20/03/2015 22:12:34] Lua Script Error: [Spell Interface] 
[20/03/2015 22:12:34] in a timer event called from: 
[20/03/2015 22:12:34] data/spells/scripts/max power rune.lua:onCastSpell
[20/03/2015 22:12:35] 
[20/03/2015 22:12:35] luaDoCombat(). Creature not found
[20/03/2015 22:12:36] Tibbers has logged in.
[20/03/2015 22:13:04] Druid Do Torro has logged in.
[20/03/2015 22:13:20] Sr Smith has logged out.
[20/03/2015 22:13:21] Sr Smith has logged in.
[20/03/2015 22:14:41] Xerath has logged out.
[20/03/2015 22:14:43] Xerath has logged in.
[20/03/2015 22:15:01] > Broadcasted message: "Game map cleaning in 1 minute, please pick up all your items.".
[20/03/2015 22:15:15] > Broadcasted message: "Para ver as noticias fale !notice".
[20/03/2015 22:15:32] > CLEAN: Removed 6968 items from 4092 tiles in 0.343 seconds.
[20/03/2015 22:15:32] > Broadcasted message: "Map Cleaned.".
[20/03/2015 22:15:51] Nadador Knight has logged out.
[20/03/2015 22:15:53] Nadador Knight has logged in.
[20/03/2015 22:16:06] Brumm-bromm has logged out.
[20/03/2015 22:16:08] Brumm-bromm has logged in.
[20/03/2015 22:16:09] Sr Smith I has logged out.
[20/03/2015 22:16:11] Sr Smith I has logged in.
[20/03/2015 22:16:46] Haas has logged out.
[20/03/2015 22:16:48] Haas has logged in.
[20/03/2015 22:17:49] Sr Smith has logged out.
[20/03/2015 22:18:54] Nadador Knight has logged out.
[20/03/2015 22:18:56] Nadador Knight has logged in.
[20/03/2015 22:19:20] Sr Smith has logged in.
[20/03/2015 22:20:30] Sr Smith has logged out.
[20/03/2015 22:20:32] Sr Smith has logged in.
[20/03/2015 22:22:09] Skize Da Xurupita has logged in.
[20/03/2015 22:23:36] > Broadcasted message: "Para ver as noticias fale !notice".
[20/03/2015 22:23:48] Hiroshi has logged out.
[20/03/2015 22:23:53] Hiroshi has logged in.
[20/03/2015 22:25:03] > Saving server...
[20/03/2015 22:25:06] > SAVE: Complete in 3.541 seconds using relational house storage.
[20/03/2015 22:26:15] Haas has logged out.
[20/03/2015 22:26:17] Haas has logged in.
[20/03/2015 22:26:38] Skize Da Xurupita has logged out.
[20/03/2015 22:26:40] Account Manager has logged in.
[20/03/2015 22:26:55] Account Manager has logged out.
[20/03/2015 22:27:01] Skise Da Xurupita has logged in.
[20/03/2015 22:28:19] Erloff has logged out.
[20/03/2015 22:28:39] Erloff has logged in.
[20/03/2015 22:29:06] Xerath has logged out.
[20/03/2015 22:29:08] Xerath has logged in.
[20/03/2015 22:30:59] Xerath has logged out.
[20/03/2015 22:31:01] Xerath has logged in.
[20/03/2015 22:31:42] > Broadcasted message: "Game map cleaning in 1 minute, please pick up all your items.".
[20/03/2015 22:31:57] > Broadcasted message: "Para comprar bless digite !bless".
[20/03/2015 22:32:08] Sr Smith has logged out.
[20/03/2015 22:32:10] Sr Smith has logged in.
[20/03/2015 22:32:13] > CLEAN: Removed 7198 items from 4766 tiles in 0.312 seconds.
[20/03/2015 22:32:13] > Broadcasted message: "Map Cleaned.".
[20/03/2015 22:32:57] Kanguru Pally has logged in.
[20/03/2015 22:34:42] Tibbers has logged out.
[20/03/2015 22:34:44] Tibbers has logged in.
[20/03/2015 22:35:36] Haas has logged out.
[20/03/2015 22:35:38] Haas has logged in.
[20/03/2015 22:35:41] Xerath has logged out.
[20/03/2015 22:35:42] Xerath has logged in.
[20/03/2015 22:36:21] Kanguru Mage has logged in.
[20/03/2015 22:39:10] > Saving server...
[20/03/2015 22:39:14] > SAVE: Complete in 3.9 seconds using relational house storage.
[20/03/2015 22:39:15] Jean has logged out.
[20/03/2015 22:39:30] Kanguru Mage has logged out.
[20/03/2015 22:39:33] Kanguru Mage has logged in.
[20/03/2015 22:40:18] > Broadcasted message: "Para comprar bless digite !bless".
[20/03/2015 22:41:20] Sr Smith I has logged out.
[20/03/2015 22:41:33] Knightzerah Mythus has logged out.
[20/03/2015 22:41:50] Knightzerah Mythus has logged in.
[20/03/2015 22:42:09] Sr Smith I has logged in.
[20/03/2015 22:42:20] Sr Smith I has logged out.
[20/03/2015 22:43:50] Biozard has logged in.
[20/03/2015 22:45:08] Skise Da Xurupita has logged out.
[20/03/2015 22:46:20] Honda has logged in.
[20/03/2015 22:46:22] Honda has logged out.
[20/03/2015 22:46:23] Walker has logged in.
[20/03/2015 22:46:38] Walker has logged out.
[20/03/2015 22:46:44] Walker has logged in.
[20/03/2015 22:46:46] Brumm-bromm has logged out.
[20/03/2015 22:46:53] Biozard has logged out.
[20/03/2015 22:46:59] Walker has logged out.
[20/03/2015 22:47:01] Walker has logged in.
[20/03/2015 22:47:01] Knightzerah Mythus has logged out.
[20/03/2015 22:47:10] Walker has logged out.
[20/03/2015 22:47:11] Walker has logged in.
[20/03/2015 22:47:55] Walker has logged out.
[20/03/2015 22:47:56] Walker has logged in.
[20/03/2015 22:48:23] > Broadcasted message: "Game map cleaning in 1 minute, please pick up all your items.".
[20/03/2015 22:48:24] > Saving server...
[20/03/2015 22:48:27] > SAVE: Complete in 3.307 seconds using relational house storage.
[20/03/2015 22:48:31] Knight Das Trevas has logged in.
[20/03/2015 22:48:39] > Broadcasted message: "Novo CLIENTE = http://www.4shared.com/rar/cfxSV4o7ce/Death_PVP.html".
[20/03/2015 22:48:41] Walker has logged out.
[20/03/2015 22:48:42] Walker has logged in.
[20/03/2015 22:48:53] > CLEAN: Removed 15972 items from 8200 tiles in 0.327 seconds.
[20/03/2015 22:48:54] > Broadcasted message: "Map Cleaned.".
[20/03/2015 22:49:53] Knightzerah Mythus has logged in.
[20/03/2015 22:50:07] Walker has logged out.
[20/03/2015 22:50:08] Walker has logged in.
[20/03/2015 22:51:36] Biozard has logged in.
[20/03/2015 22:51:39] Haas has logged out.
[20/03/2015 22:51:42] Haas has logged in.
[20/03/2015 22:51:43] Walker has logged out.
[20/03/2015 22:51:45] Walker has logged in.
[20/03/2015 22:54:09] Biozard has logged out.
[20/03/2015 22:55:13] Walker has logged out.
[20/03/2015 22:55:27] Walker has logged in.
[20/03/2015 22:56:33] Hiroshi has logged out.
[20/03/2015 22:57:00] > Broadcasted message: "Para comprar bless digite !bless".
[20/03/2015 23:01:18] Sr Smith has logged out.
[20/03/2015 23:05:04] > Broadcasted message: "Game map cleaning in 1 minute, please pick up all your items.".
[20/03/2015 23:05:21] > Broadcasted message: "Novo CLIENTE = http://www.4shared.com/rar/cfxSV4o7ce/Death_PVP.html".
[20/03/2015 23:05:35] > CLEAN: Removed 18323 items from 5786 tiles in 0.327 seconds.
[20/03/2015 23:05:35] > Broadcasted message: "Map Cleaned.".
[20/03/2015 23:06:20] Tibbers has logged out.
[20/03/2015 23:06:29] Tibbers has logged in.
[20/03/2015 23:06:34] Tibbers has logged out.
[20/03/2015 23:07:31] Nadador Knight has logged out.
[20/03/2015 23:07:34] Nadador Knight has logged in.
[20/03/2015 23:07:46] Xerath has logged out.
[20/03/2015 23:07:48] Xerath has logged in.
[20/03/2015 23:08:03] Walker has logged out.
[20/03/2015 23:08:47] Xerath has logged out.
[20/03/2015 23:09:03] Haas has logged out.
[20/03/2015 23:09:04] Haas has logged in.
[20/03/2015 23:09:25] Xerath has logged in.
[20/03/2015 23:09:54] Walker has logged in.
[20/03/2015 23:11:16] Knight Das Trevas has logged out.
[20/03/2015 23:11:45] > Saving server...
[20/03/2015 23:11:48] > SAVE: Complete in 2.948 seconds using relational house storage.
[20/03/2015 23:12:06] Knight Das Trevas has logged in.
[20/03/2015 23:12:39] Walker has logged out.
[20/03/2015 23:12:40] Walker has logged in.
[20/03/2015 23:12:46] Walker has logged out.
[20/03/2015 23:12:48] Walker has logged in.
[20/03/2015 23:12:52] Walker has logged out.
[20/03/2015 23:12:53] Walker has logged in.
[20/03/2015 23:13:19] Walker has logged out.
[20/03/2015 23:13:21] Walker has logged in.
[20/03/2015 23:13:34] Walker has logged out.
[20/03/2015 23:13:34] Walker has logged in.
[20/03/2015 23:13:42] > Broadcasted message: "Sempre Ao Criar Uma Conta, Pegue A RK Dela No Account Manager Da Conta E Anote, Nunca Passe A Sua Senha Para Outras Pessoas, E Ao Entrar Em Outros OT´s Crie Contas Diferentes Para Não Sofrer HACKED, Não Me Responsabilizo Por Perdas, Obrigado".
[20/03/2015 23:13:43] Druid Do Torro has logged out.
[20/03/2015 23:13:46] Walker has logged out.
[20/03/2015 23:13:47] Walker has logged in.
[20/03/2015 23:14:02] Walker has logged out.
[20/03/2015 23:14:03] Walker has logged in.
[20/03/2015 23:14:13] Walker has logged out.
[20/03/2015 23:14:15] Walker has logged in.
[20/03/2015 23:14:17] Druid Do Torro has logged in.
[20/03/2015 23:16:04] Haas has logged out.
[20/03/2015 23:16:07] Haas has logged in.
[20/03/2015 23:19:15] Knight Furiozo has logged in.
[20/03/2015 23:20:09] Knight Das Trevas has logged out.
[20/03/2015 23:20:10] Knight Das Trevas has logged in.
[20/03/2015 23:20:10] Knight Das Trevas has logged out.
[20/03/2015 23:20:14] Characcter has logged in.
[20/03/2015 23:21:00] Knight Furiozo has logged out.
[20/03/2015 23:21:09] Characcter has logged out.
[20/03/2015 23:21:09] Coronel Brandock has logged in.
[20/03/2015 23:21:14] Xerath has logged out.
[20/03/2015 23:21:16] Coronel Brandock has logged out.
[20/03/2015 23:21:16] Jhonnie Walker has logged in.
[20/03/2015 23:21:17] Account Manager has logged in.
[20/03/2015 23:21:20] Jhonnie Walker has logged out.
[20/03/2015 23:21:20] Quero epic has logged in.
[20/03/2015 23:21:27] Quero epic has logged out.
[20/03/2015 23:21:28] Characcter has logged in.
[20/03/2015 23:21:45] > Broadcasted message: "Game map cleaning in 1 minute, please pick up all your items.".
[20/03/2015 23:22:01] Account Manager has logged out.
[20/03/2015 23:22:03] > Broadcasted message: "Para comprar bless digite !bless".
[20/03/2015 23:22:09] Xerath has logged in.
[20/03/2015 23:22:15] > CLEAN: Removed 10739 items from 4702 tiles in 0.312 seconds.
[20/03/2015 23:22:16] > Broadcasted message: "Map Cleaned.".
[20/03/2015 23:23:27] Walker has logged out.
[20/03/2015 23:23:28] Walker has logged in.
[20/03/2015 23:23:50] Tavinho has logged in.
[20/03/2015 23:23:52] Tavinho has logged out.
[20/03/2015 23:23:53] Tavinho has logged in.
[20/03/2015 23:24:19] Tavinho has logged out.
[20/03/2015 23:24:20] Mage Ziika has logged in.
[20/03/2015 23:26:13] Mage Ziika has logged out.
[20/03/2015 23:26:15] Mage Ziika has logged in.
[20/03/2015 23:26:27] Mage Ziika has logged out.
[20/03/2015 23:26:29] Mage Ziika has logged in.
[20/03/2015 23:26:39] Haas has logged out.
[20/03/2015 23:26:40] Kanguru Pally has logged out.
[20/03/2015 23:26:43] Mage Ziika has logged out.
[20/03/2015 23:26:53] Mage Ziika has logged in.
[20/03/2015 23:27:37] Mage Ziika has logged out.
[20/03/2015 23:27:38] Mage Ziika has logged in.
[20/03/2015 23:27:45] Mage Ziika has logged out.
[20/03/2015 23:27:46] Mage Ziika has logged in.
[20/03/2015 23:27:53] Mage Ziika has logged out.
[20/03/2015 23:27:54] Mage Ziika has logged in.
[20/03/2015 23:27:54] Sr Smith has logged in.
[20/03/2015 23:28:01] Mage Ziika has logged out.
[20/03/2015 23:28:02] Mage Ziika has logged in.
[20/03/2015 23:28:34] Mage Ziika has logged out.
[20/03/2015 23:28:35] Mage Ziika has logged in.
[20/03/2015 23:28:58] Mage Ziika has logged out.
[20/03/2015 23:28:59] Mage Ziika has logged in.
[20/03/2015 23:29:07] Mage Ziika has logged out.
[20/03/2015 23:29:08] Mage Ziika has logged in.
[20/03/2015 23:29:18] Mage Ziika has logged out.
[20/03/2015 23:29:19] Mage Ziika has logged in.
[20/03/2015 23:29:29] Mage Ziika has logged out.
[20/03/2015 23:29:30] Mage Ziika has logged in.
[20/03/2015 23:29:38] Mage Ziika has logged out.
[20/03/2015 23:29:39] Mage Ziika has logged in.
[20/03/2015 23:29:46] Mage Ziika has logged out.
[20/03/2015 23:29:47] Mage Ziika has logged in.
[20/03/2015 23:29:54] Mage Ziika has logged out.
[20/03/2015 23:29:55] Mage Ziika has logged in.
[20/03/2015 23:29:58] Mage Ziika has logged out.
[20/03/2015 23:30:24] > Broadcasted message: "Novo CLIENTE = http://www.4shared.com/rar/cfxSV4o7ce/Death_PVP.html".
[20/03/2015 23:34:03] Jean has logged in.
[20/03/2015 23:34:56] Walker has logged out.
[20/03/2015 23:35:06] > Saving server...
[20/03/2015 23:35:12] > SAVE: Complete in 4.309 seconds using relational house storage.
[20/03/2015 23:35:17] Hashi has logged in.
[20/03/2015 23:36:12] Account Manager has logged in.
[20/03/2015 23:36:36] Account Manager has logged out.
[20/03/2015 23:37:04] Honda has logged in.
[20/03/2015 23:37:15] Characcter has logged out.
[20/03/2015 23:37:17] Characcter has logged in.
[20/03/2015 23:37:27] Honda has logged out.
[20/03/2015 23:37:30] Honda has logged in.
[20/03/2015 23:37:30] > Saving server...
[20/03/2015 23:37:34] > SAVE: Complete in 3.448 seconds using relational house storage.
[20/03/2015 23:38:21] Hashi has logged out.
[20/03/2015 23:38:23] Haas has logged in.
[20/03/2015 23:38:26] > Broadcasted message: "Game map cleaning in 1 minute, please pick up all your items.".
[20/03/2015 23:38:43] Haas has logged out.
[20/03/2015 23:38:45] Hashi has logged in.
[20/03/2015 23:38:45] > Broadcasted message: "Para comprar bless digite !bless".
[20/03/2015 23:38:58] > CLEAN: Removed 14489 items from 6940 tiles in 1.137 seconds.
[20/03/2015 23:38:59] > Broadcasted message: "Map Cleaned.".
[20/03/2015 23:39:36] Kanguru Mage has logged out.
[20/03/2015 23:39:49] Honda has logged out.
[20/03/2015 23:40:05] Honda has logged in.
[20/03/2015 23:40:22] Characcter has logged out.
[20/03/2015 23:40:24] Characcter has logged in.
[20/03/2015 23:40:30] Characcter has logged out.
[20/03/2015 23:40:32] Characcter has logged in.
[20/03/2015 23:41:15] Honda has logged out.
[20/03/2015 23:42:36] Nadador Knight has logged out.
[20/03/2015 23:42:38] Nadador Knight has logged in.
[20/03/2015 23:45:05] Cronzera has logged in.
[20/03/2015 23:45:50] Cronzera has logged out.
[20/03/2015 23:46:18] Cronzera has logged in.
[20/03/2015 23:47:06] > Broadcasted message: "Novo CLIENTE = http://www.4shared.com/rar/cfxSV4o7ce/Death_PVP.html".
[20/03/2015 23:47:07] Hashi has logged out.
[20/03/2015 23:47:11] Hashi has logged in.
[20/03/2015 23:47:26] Cronzera has logged out.
[20/03/2015 23:47:33] Cronzera has logged in.
[20/03/2015 23:48:33] Cronzera has logged out.
[20/03/2015 23:49:29] Characcter has logged out.
[20/03/2015 23:49:33] Characcter has logged in.
[20/03/2015 23:50:56] Knightzerah Mythus has logged out.
[20/03/2015 23:51:02] Knightzerah Mythus has logged in.
[20/03/2015 23:51:23] Account Manager has logged in.
[20/03/2015 23:51:28] Sr Smith has logged out.
[20/03/2015 23:51:54] Sr Smith has logged in.
[20/03/2015 23:52:18] Account Manager has logged out.
[20/03/2015 23:53:22] Characcter has logged out.
[20/03/2015 23:53:23] Characcter has logged in.
[20/03/2015 23:55:07] > Broadcasted message: "Game map cleaning in 1 minute, please pick up all your items.".
[20/03/2015 23:55:27] > Broadcasted message: "Novo CLIENTE = http://www.4shared.com/rar/cfxSV4o7ce/Death_PVP.html".
[20/03/2015 23:55:38] > CLEAN: Removed 7155 items from 4103 tiles in 3.226 seconds.
[20/03/2015 23:55:42] > Broadcasted message: "Map Cleaned.".
[20/03/2015 23:57:19] Nadador Knight has logged out.
[20/03/2015 23:58:14] Honda has logged in.
[20/03/2015 23:58:27] > Saving server...
[20/03/2015 23:58:29] sqlite3_step(): SQLITE ERROR: unable to open database file
[20/03/2015 23:58:31] > SAVE: Complete in 3.798 seconds using relational house storage.
