[21/03/2015 00:00:27] Erloff has logged out.
[21/03/2015 00:02:54] Brumm-bromm has logged in.
[21/03/2015 00:03:29] Characcter has logged out.
[21/03/2015 00:03:48] > Broadcasted message: "Para ver as noticias fale !notice".
[21/03/2015 00:04:32] Brumm-bromm has logged out.
[21/03/2015 00:04:35] Brumm-bromm has logged in.
[21/03/2015 00:05:01] Brumm-bromm has logged out.
[21/03/2015 00:08:58] Hashi has logged out.
[21/03/2015 00:10:49] Hashi has logged in.
[21/03/2015 00:11:48] > Broadcasted message: "Game map cleaning in 1 minute, please pick up all your items.".
[21/03/2015 00:12:09] > Broadcasted message: "Para ver as noticias fale !notice".
[21/03/2015 00:12:19] > CLEAN: Removed 6986 items from 4303 tiles in 0.352 seconds.
[21/03/2015 00:12:20] > Broadcasted message: "Map Cleaned.".
[21/03/2015 00:14:27] Xerath has logged out.
[21/03/2015 00:15:02] Xerath has logged in.
[21/03/2015 00:15:29] Sr Smith has logged out.
[21/03/2015 00:15:31] Sr Smith has logged in.
[21/03/2015 00:19:09] > Saving server...
[21/03/2015 00:19:12] > SAVE: Complete in 3.031 seconds using relational house storage.
[21/03/2015 00:19:13] Jean has logged out.
[21/03/2015 00:19:24] Druid Do Torro has logged out.
[21/03/2015 00:20:05] Druid Do Torro has logged in.
[21/03/2015 00:20:30] > Broadcasted message: "Novo CLIENTE = http://www.4shared.com/rar/cfxSV4o7ce/Death_PVP.html".
[21/03/2015 00:21:14] Erloff has logged in.
[21/03/2015 00:21:48] > Saving server...
[21/03/2015 00:21:51] > SAVE: Complete in 2.872 seconds using relational house storage.
[21/03/2015 00:23:12] Sr Smith has logged out.
[21/03/2015 00:23:20] Sr Smith has logged in.
[21/03/2015 00:23:41] Knightzerah Mythus has logged out.
[21/03/2015 00:24:05] Sr Smith has logged out.
[21/03/2015 00:24:13] Honda has logged out.
[21/03/2015 00:24:17] Honda has logged in.
[21/03/2015 00:24:38] Sr Smith has logged in.
[21/03/2015 00:25:26] Knightzerah Mythus has logged in.
[21/03/2015 00:25:38] Xerath has logged out.
[21/03/2015 00:25:40] Xerath has logged in.
[21/03/2015 00:26:22] Kurosaki Ichigo has logged in.
[21/03/2015 00:26:33] Druidzerah Mythus has logged out.
[21/03/2015 00:27:29] Druid Do Torro has logged out.
[21/03/2015 00:27:51] Sr Smith has logged out.
[21/03/2015 00:27:54] Sr Smith has logged in.
[21/03/2015 00:28:17] Druid Do Torro has logged in.
[21/03/2015 00:28:29] > Broadcasted message: "Game map cleaning in 1 minute, please pick up all your items.".
[21/03/2015 00:28:42] Druid Do Torro has logged out.
[21/03/2015 00:28:51] > Broadcasted message: "Para comprar bless digite !bless".
[21/03/2015 00:29:00] > CLEAN: Removed 4797 items from 3243 tiles in 0.323 seconds.
[21/03/2015 00:29:00] > Broadcasted message: "Map Cleaned.".
[21/03/2015 00:30:57] Sr Smith has logged out.
[21/03/2015 00:31:00] Sr Smith has logged in.
[21/03/2015 00:31:29] Hashi has logged out.
[21/03/2015 00:32:01] Sr Smith has logged out.
[21/03/2015 00:32:03] Sr Smith has logged in.
[21/03/2015 00:32:49] Knightzerah Mythus has logged out.
[21/03/2015 00:32:52] Knightzerah Mythus has logged in.
[21/03/2015 00:34:42] > Saving server...
[21/03/2015 00:34:46] > SAVE: Complete in 2.873 seconds using relational house storage.
[21/03/2015 00:35:13] Druid Do Torro has logged in.
[21/03/2015 00:35:43] Druid Do Torro has logged out.
[21/03/2015 00:36:03] Nadador Knight has logged in.
[21/03/2015 00:36:51] > Saving server...
[21/03/2015 00:36:54] > SAVE: Complete in 2.613 seconds using relational house storage.
[21/03/2015 00:36:56] Erloff has logged out.
[21/03/2015 00:36:56] Honda has logged out.
[21/03/2015 00:36:57] Xerath has logged out.
[21/03/2015 00:36:57] Kurosaki Ichigo has logged out.
[21/03/2015 00:36:58] Sr Smith has logged out.
[21/03/2015 00:36:58] Knightzerah Mythus has logged out.
[21/03/2015 00:36:59] Nadador Knight has logged out.
[21/03/2015 00:36:59] > Saving server...
[21/03/2015 00:37:02] > SAVE: Complete in 1.975 seconds using relational house storage.
[21/03/2015 00:37:02] Preparing to shutdown server..
[21/03/2015 00:37:04] .
[21/03/2015 00:37:04] Exiting
[21/03/2015 14:41:40] The Forgotten Server, version 0.3.4 (Crying Damson)
[21/03/2015 14:41:40] Sever Criado Por Alissow e Comedinha.
[21/03/2015 14:41:40] Publicidade: www.sotserv.blogspot.com <- <- <- Tudo sobre otserv.
[21/03/2015 14:41:41] Bom Jogo!!!
[21/03/2015 14:41:41] 
[21/03/2015 14:41:41] >> Debugging: nothing.
[21/03/2015 14:41:41] >> Checking software version... failed checking - malformed file.
[21/03/2015 14:41:42] 
[21/03/2015 14:41:42] >> Loading config (config.lua)
[21/03/2015 14:41:42] > Using plaintext passwords
[21/03/2015 14:41:42] >> Loading RSA key
[21/03/2015 14:41:42] >> Starting SQL connection
[21/03/2015 14:41:42] >> Running Database Manager
[21/03/2015 14:41:43] > Optimized database.
[21/03/2015 14:41:43] >> Loading items
[21/03/2015 14:41:44] >> Loading groups
[21/03/2015 14:41:44] >> Loading vocations
[21/03/2015 14:41:44] >> Loading script systems
[21/03/2015 14:41:46] >> Loading chat channels
[21/03/2015 14:41:46] >> Loading outfits
[21/03/2015 14:41:46] >> Loading experience stages
[21/03/2015 14:41:46] >> Loading monsters
[21/03/2015 14:41:49] >> Loading map and spawns...
[21/03/2015 14:41:49] > Map size: 65000x65000.
[21/03/2015 14:41:49] > Map descriptions: 
[21/03/2015 14:41:50] Saved with Remere's Map Editor 2.2
[21/03/2015 14:41:50] No map description available.
[21/03/2015 14:41:50] Duplicate uniqueId 2407
[21/03/2015 14:41:54] > Map loading time: 5.047 seconds.
[21/03/2015 14:41:55] > Data loading time: 1.018 seconds.
[21/03/2015 14:41:55] > Unserialization time for houses: 0.023 seconds.
[21/03/2015 14:42:19] > Unserialization time for map: 23.452 seconds.
[21/03/2015 14:42:19] >> Checking world type... PvP
[21/03/2015 14:42:19] >> Initializing game state modules and registering services...
[21/03/2015 14:42:20] > Global address: deathpvp.no-ip.biz
[21/03/2015 14:42:21] > Local ports:
[21/03/2015 14:42:21] 7171	7172	
[21/03/2015 14:42:21] >> All modules were loaded, server starting up...
[21/03/2015 14:42:21] >> OT Death server Online!
[21/03/2015 14:42:21] 
[21/03/2015 14:44:07] sqlite3_step(): SQLITE ERROR: columns id, world_id are not unique
[21/03/2015 14:46:07] > Saving server...
[21/03/2015 14:46:09] > SAVE: Complete in 2.058 seconds using relational house storage.
[21/03/2015 14:46:11] Preparing to shutdown server..
[21/03/2015 14:46:11] .
[21/03/2015 14:46:11] Exiting
[21/03/2015 14:46:45] The Forgotten Server, version 0.3.4 (Crying Damson)
[21/03/2015 14:46:45] Sever Criado Por Alissow e Comedinha.
[21/03/2015 14:46:46] Publicidade: www.sotserv.blogspot.com <- <- <- Tudo sobre otserv.
[21/03/2015 14:46:46] Bom Jogo!!!
[21/03/2015 14:46:46] 
[21/03/2015 14:46:46] >> Debugging: nothing.
[21/03/2015 14:46:46] >> Checking software version... failed checking - malformed file.
[21/03/2015 14:46:47] 
[21/03/2015 14:46:47] >> Loading config (config.lua)
[21/03/2015 14:46:47] > Using plaintext passwords
[21/03/2015 14:46:47] >> Loading RSA key
[21/03/2015 14:46:48] >> Starting SQL connection
[21/03/2015 14:46:48] >> Running Database Manager
[21/03/2015 14:46:49] > Optimized database.
[21/03/2015 14:46:49] >> Loading items
[21/03/2015 14:46:49] >> Loading groups
[21/03/2015 14:46:49] >> Loading vocations
[21/03/2015 14:46:49] >> Loading script systems
[21/03/2015 14:46:50] >> Loading chat channels
[21/03/2015 14:46:50] >> Loading outfits
[21/03/2015 14:46:50] >> Loading experience stages
[21/03/2015 14:46:50] >> Loading monsters
[21/03/2015 14:46:51] >> Loading map and spawns...
[21/03/2015 14:46:52] > Map size: 65000x65000.
[21/03/2015 14:46:52] > Map descriptions: 
[21/03/2015 14:46:52] Saved with Remere's Map Editor 2.2
[21/03/2015 14:46:52] No map description available.
[21/03/2015 14:46:53] Duplicate uniqueId 2407
[21/03/2015 14:46:57] > Map loading time: 5.571 seconds.
[21/03/2015 14:47:01] > Data loading time: 2.816 seconds.
[21/03/2015 14:47:01] > Unserialization time for houses: 0.023 seconds.
[21/03/2015 14:47:26] > Unserialization time for map: 24.862 seconds.
[21/03/2015 14:47:26] >> Checking world type... PvP
[21/03/2015 14:47:26] >> Initializing game state modules and registering services...
[21/03/2015 14:47:27] > Global address: deathpvp.no-ip.biz
[21/03/2015 14:47:28] > Local ports:
[21/03/2015 14:47:28] 7171	7172	
[21/03/2015 14:47:28] >> All modules were loaded, server starting up...
[21/03/2015 14:47:28] >> OT Death server Online!
[21/03/2015 14:47:28] 
[21/03/2015 14:50:36] sqlite3_step(): SQLITE ERROR: columns id, world_id are not unique
[21/03/2015 14:54:10] Account Manager has logged in.
[21/03/2015 14:54:15] Account Manager has logged out.
[21/03/2015 14:55:11] > Broadcasted message: "Novo CLIENTE = http://www.4shared.com/rar/cfxSV4o7ce/Death_PVP.html".
[21/03/2015 14:57:10] Account Manager has logged in.
[21/03/2015 14:57:13] Account Manager has logged out.
[21/03/2015 14:57:33] Account Manager has logged in.
[21/03/2015 14:57:40] Account Manager has logged out.
[21/03/2015 14:57:48] Merlin Scort has logged in.
[21/03/2015 14:58:06] Druidzerah Mythus has logged in.
[21/03/2015 14:58:28] Merlin Scort has logged out.
[21/03/2015 14:58:30] Merlin Scort has logged in.
[21/03/2015 14:58:31] Merlin Scort has logged out.
[21/03/2015 14:58:35] Knight Boladu has logged in.
[21/03/2015 14:58:36] Knight Boladu has logged out.
[21/03/2015 14:58:47] Knight Boladu has logged in.
[21/03/2015 14:58:56] Knight Boladu has logged out.
[21/03/2015 14:59:02] Sasuke Uchiha has logged in.
[21/03/2015 14:59:02] Xerath has logged in.
[21/03/2015 14:59:15] Nadador Knight has logged in.
[21/03/2015 14:59:17] Knightzerah Mythus has logged in.
[21/03/2015 15:00:58] Druidzerah Mythus has logged out.
[21/03/2015 15:01:24] Account Manager has logged in.
[21/03/2015 15:01:27] Account Manager has logged out.
[21/03/2015 15:01:27] Druidzerah Mythus has logged in.
[21/03/2015 15:02:45] Brumm-bromm has logged in.
[21/03/2015 15:03:22] Sasuke Uchiha has logged out.
[21/03/2015 15:03:27] Account Manager has logged in.
[21/03/2015 15:03:31] > Broadcasted message: "Game map cleaning in 1 minute, please pick up all your items.".
[21/03/2015 15:03:33] > Broadcasted message: "Para ver as noticias fale !notice".
[21/03/2015 15:03:36] Account Manager has logged out.
[21/03/2015 15:04:02] > CLEAN: Removed 640 items from 624 tiles in 0.25 seconds.
[21/03/2015 15:04:02] > Broadcasted message: "Map Cleaned.".
[21/03/2015 15:04:06] Hashi has logged in.
[21/03/2015 15:06:23] Nadador Knight has logged out.
[21/03/2015 15:06:55] Hashi has logged out.
[21/03/2015 15:09:50] Hashi has logged in.
[21/03/2015 15:10:16] > Saving server...
[21/03/2015 15:10:18] > SAVE: Complete in 2.192 seconds using relational house storage.
[21/03/2015 15:10:52] Druidzerah Mythus has logged out.
[21/03/2015 15:10:55] Druidzerah Mythus has logged in.
[21/03/2015 15:11:54] > Broadcasted message: "Para ver as noticias fale !notice".
[21/03/2015 15:12:06] Hashi has logged out.
[21/03/2015 15:13:39] Brumm-bromm has logged out.
[21/03/2015 15:13:41] Brumm-bromm has logged in.
[21/03/2015 15:20:07] Hashi has logged in.
[21/03/2015 15:20:12] > Broadcasted message: "Game map cleaning in 1 minute, please pick up all your items.".
[21/03/2015 15:20:15] > Broadcasted message: "Para ver as noticias fale !notice".
[21/03/2015 15:20:43] > CLEAN: Removed 6991 items from 4809 tiles in 0.531 seconds.
[21/03/2015 15:20:44] > Broadcasted message: "Map Cleaned.".
[21/03/2015 15:23:35] Nadador Knight has logged in.
[21/03/2015 15:24:01] Hashi has logged out.
[21/03/2015 15:24:01] Hashi has logged in.
[21/03/2015 15:25:34] Knightzerah Mythus has logged out.
[21/03/2015 15:25:38] Knightzerah Mythus has logged in.
[21/03/2015 15:27:48] Tibbers has logged in.
[21/03/2015 15:28:36] > Broadcasted message: "Novo CLIENTE = http://www.4shared.com/rar/cfxSV4o7ce/Death_PVP.html".
[21/03/2015 15:30:08] Knightzerah Mythus has logged out.
[21/03/2015 15:30:23] Knightzerah Mythus has logged in.
[21/03/2015 15:30:25] Knightzerah Mythus has logged out.
[21/03/2015 15:30:27] Knightzerah Mythus has logged in.
[21/03/2015 15:32:47] Brumm-bromm has logged out.
[21/03/2015 15:32:49] Brumm-bromm has logged in.
[21/03/2015 15:33:22] Brumm-bromm has logged out.
[21/03/2015 15:33:37] > Saving server...
[21/03/2015 15:33:40] > SAVE: Complete in 2.676 seconds using relational house storage.
[21/03/2015 15:36:15] Hiroshi has logged in.
[21/03/2015 15:36:53] > Broadcasted message: "Game map cleaning in 1 minute, please pick up all your items.".
[21/03/2015 15:36:57] > Broadcasted message: "Para ver as noticias fale !notice".
[21/03/2015 15:37:24] > CLEAN: Removed 7274 items from 4494 tiles in 0.39 seconds.
[21/03/2015 15:37:24] > Broadcasted message: "Map Cleaned.".
[21/03/2015 15:44:42] Knightzerah Mythus has logged out.
[21/03/2015 15:44:48] Knightzerah Mythus has logged in.
[21/03/2015 15:45:18] > Broadcasted message: "Para ver as noticias fale !notice".
[21/03/2015 15:49:52] Hashi has logged out.
[21/03/2015 15:50:01] Honda has logged in.
[21/03/2015 15:50:25] Xerath has logged out.
[21/03/2015 15:50:27] Xerath has logged in.
[21/03/2015 15:53:24] Nadador Knight has logged out.
[21/03/2015 15:53:31] Nadador Arqueiro has logged in.
[21/03/2015 15:53:34] > Broadcasted message: "Game map cleaning in 1 minute, please pick up all your items.".
[21/03/2015 15:53:39] > Broadcasted message: "Novo CLIENTE = http://www.4shared.com/rar/cfxSV4o7ce/Death_PVP.html".
[21/03/2015 15:54:05] > CLEAN: Removed 6685 items from 3059 tiles in 0.441 seconds.
[21/03/2015 15:54:05] > Broadcasted message: "Map Cleaned.".
[21/03/2015 15:54:09] Nadador Arqueiro has logged out.
[21/03/2015 15:54:18] Nadador Knight has logged in.
[21/03/2015 15:54:37] Nadador Knight has logged out.
[21/03/2015 15:54:50] Nadador Arqueiro has logged in.
[21/03/2015 15:55:13] Xerath has logged out.
[21/03/2015 15:55:16] Xerath has logged in.
[21/03/2015 15:56:01] Nadador Arqueiro has logged out.
[21/03/2015 15:56:08] Nadador Knight has logged in.
[21/03/2015 15:56:58] > Saving server...
[21/03/2015 15:57:00] > SAVE: Complete in 2.696 seconds using relational house storage.
[21/03/2015 16:02:00] > Broadcasted message: "Sempre Ao Criar Uma Conta, Pegue A RK Dela No Account Manager Da Conta E Anote, Nunca Passe A Sua Senha Para Outras Pessoas, E Ao Entrar Em Outros OT´s Crie Contas Diferentes Para Não Sofrer HACKED, Não Me Responsabilizo Por Perdas, Obrigado".
[21/03/2015 16:02:38] Xerath has logged out.
[21/03/2015 16:03:19] Xerath has logged in.
[21/03/2015 16:04:53] Erloff has logged in.
[21/03/2015 16:05:38] Erloff has logged out.
[21/03/2015 16:05:41] Tibbers has logged out.
[21/03/2015 16:05:43] Tibbers has logged in.
[21/03/2015 16:06:17] Druid Do Torro has logged in.
[21/03/2015 16:06:19] Knightzerah Mythus has logged out.
[21/03/2015 16:06:42] Honda has logged out.
[21/03/2015 16:07:06] Knightzerah Mythus has logged in.
[21/03/2015 16:08:20] Xerath has logged out.
[21/03/2015 16:08:22] Xerath has logged in.
[21/03/2015 16:08:29] Nadador Knight has logged out.
[21/03/2015 16:08:31] Nadador Knight has logged in.
[21/03/2015 16:09:48] Nadador Knight has logged out.
[21/03/2015 16:09:50] Nadador Knight has logged in.
[21/03/2015 16:10:15] > Broadcasted message: "Game map cleaning in 1 minute, please pick up all your items.".
[21/03/2015 16:10:21] > Broadcasted message: "Sempre Ao Criar Uma Conta, Pegue A RK Dela No Account Manager Da Conta E Anote, Nunca Passe A Sua Senha Para Outras Pessoas, E Ao Entrar Em Outros OT´s Crie Contas Diferentes Para Não Sofrer HACKED, Não Me Responsabilizo Por Perdas, Obrigado".
[21/03/2015 16:10:46] > CLEAN: Removed 9081 items from 5295 tiles in 0.438 seconds.
[21/03/2015 16:10:46] > Broadcasted message: "Map Cleaned.".
[21/03/2015 16:12:59] Knightzerah Mythus has logged out.
[21/03/2015 16:13:23] Honda has logged in.
[21/03/2015 16:14:26] Knightzerah Mythus has logged in.
[21/03/2015 16:18:42] > Broadcasted message: "Sempre Ao Criar Uma Conta, Pegue A RK Dela No Account Manager Da Conta E Anote, Nunca Passe A Sua Senha Para Outras Pessoas, E Ao Entrar Em Outros OT´s Crie Contas Diferentes Para Não Sofrer HACKED, Não Me Responsabilizo Por Perdas, Obrigado".
[21/03/2015 16:20:19] > Saving server...
[21/03/2015 16:20:22] > SAVE: Complete in 2.739 seconds using relational house storage.
[21/03/2015 16:21:18] Hiroshi has logged out.
[21/03/2015 16:21:20] Hiroshi has logged in.
[21/03/2015 16:26:56] > Broadcasted message: "Game map cleaning in 1 minute, please pick up all your items.".
[21/03/2015 16:27:03] > Broadcasted message: "Para comprar bless digite !bless".
[21/03/2015 16:27:27] > CLEAN: Removed 16555 items from 8278 tiles in 0.745 seconds.
[21/03/2015 16:27:28] > Broadcasted message: "Map Cleaned.".
[21/03/2015 16:31:20] Nadador Knight has logged out.
[21/03/2015 16:34:45] Knightzerah Mythus has logged out.
[21/03/2015 16:34:51] Knightzerah Mythus has logged in.
[21/03/2015 16:35:24] > Broadcasted message: "Para comprar bless digite !bless".
[21/03/2015 16:43:37] > Broadcasted message: "Game map cleaning in 1 minute, please pick up all your items.".
[21/03/2015 16:43:40] > Saving server...
[21/03/2015 16:43:43] > SAVE: Complete in 2.767 seconds using relational house storage.
[21/03/2015 16:43:45] > Broadcasted message: "Para ver as noticias fale !notice".
[21/03/2015 16:44:08] > CLEAN: Removed 14346 items from 7023 tiles in 0.451 seconds.
[21/03/2015 16:44:08] > Broadcasted message: "Map Cleaned.".
[21/03/2015 16:48:00] Tibbers has logged out.
[21/03/2015 16:48:02] Tibbers has logged in.
[21/03/2015 16:52:06] > Broadcasted message: "Novo CLIENTE = http://www.4shared.com/rar/cfxSV4o7ce/Death_PVP.html".
[21/03/2015 16:57:11] Biozard has logged in.
[21/03/2015 17:00:18] > Broadcasted message: "Game map cleaning in 1 minute, please pick up all your items.".
[21/03/2015 17:00:27] > Broadcasted message: "Novo CLIENTE = http://www.4shared.com/rar/cfxSV4o7ce/Death_PVP.html".
[21/03/2015 17:00:28] 
[21/03/2015 17:00:28] Lua Script Error: [CreatureScript Interface] 
[21/03/2015 17:00:28] data/creaturescripts/scripts/playerdeath.lua:onDeath
[21/03/2015 17:00:28] 
[21/03/2015 17:00:28] luaGetCreatureName(). Creature not found
[21/03/2015 17:00:28] 
[21/03/2015 17:00:28] Lua Script Error: [CreatureScript Interface] 
[21/03/2015 17:00:29] data/creaturescripts/scripts/playerdeath.lua:onDeath
[21/03/2015 17:00:29] 
[21/03/2015 17:00:29] luaGetCreatureName(). Creature not found
[21/03/2015 17:00:29] Biozard has logged out.
[21/03/2015 17:00:33] Biozard has logged in.
[21/03/2015 17:00:34] Hiroshi has logged out.
[21/03/2015 17:00:36] Hiroshi has logged in.
[21/03/2015 17:00:49] > CLEAN: Removed 17672 items from 6719 tiles in 0.558 seconds.
[21/03/2015 17:00:49] > Broadcasted message: "Map Cleaned.".
[21/03/2015 17:01:12] Tibbers has logged out.
[21/03/2015 17:01:14] Tibbers has logged in.
[21/03/2015 17:03:07] Xerath has logged out.
[21/03/2015 17:03:28] Biozard has logged out.
[21/03/2015 17:03:34] Biozard has logged in.
[21/03/2015 17:03:45] Xerath has logged in.
[21/03/2015 17:04:26] Tibbers has logged out.
[21/03/2015 17:04:39] Biozard has logged out.
[21/03/2015 17:04:46] Honda has logged out.
[21/03/2015 17:05:05] Biozard has logged in.
[21/03/2015 17:06:27] Tibbers has logged in.
[21/03/2015 17:06:44] Biozard has logged out.
[21/03/2015 17:06:46] Biozard has logged in.
[21/03/2015 17:07:01] > Saving server...
[21/03/2015 17:07:04] > SAVE: Complete in 2.467 seconds using relational house storage.
[21/03/2015 17:07:12] Nadador Knight has logged in.
[21/03/2015 17:07:56] Biozard has logged out.
[21/03/2015 17:08:08] Biozard has logged in.
[21/03/2015 17:08:48] > Broadcasted message: "Para ver as noticias fale !notice".
[21/03/2015 17:09:46] Biozard has logged out.
[21/03/2015 17:09:55] Biozard has logged in.
[21/03/2015 17:10:15] Druid Do Torro has logged out.
[21/03/2015 17:10:43] Nadador Knight has logged out.
[21/03/2015 17:10:51] Nadador Arqueiro has logged in.
[21/03/2015 17:11:09] Biozard has logged out.
[21/03/2015 17:11:12] Biozard has logged in.
[21/03/2015 17:11:25] Druid Do Torro has logged in.
[21/03/2015 17:11:35] Nadador Arqueiro has logged out.
[21/03/2015 17:11:41] Nadador Knight has logged in.
[21/03/2015 17:11:57] Erloff has logged in.
[21/03/2015 17:12:13] Nadador Knight has logged out.
[21/03/2015 17:12:20] Nadador Arqueiro has logged in.
[21/03/2015 17:12:30] Nadador Arqueiro has logged out.
[21/03/2015 17:12:32] Nadador Arqueiro has logged in.
[21/03/2015 17:13:00] Knight has logged in.
[21/03/2015 17:13:03] Knight has logged out.
[21/03/2015 17:13:09] Biozard has logged out.
[21/03/2015 17:13:10] Biozard has logged in.
[21/03/2015 17:13:13] Nadador Arqueiro has logged out.
[21/03/2015 17:13:21] Nadador Knight has logged in.
[21/03/2015 17:13:29] Knight has logged in.
[21/03/2015 17:13:30] Knight has logged out.
[21/03/2015 17:13:51] Account Manager has logged in.
[21/03/2015 17:14:03] Nadador Knight has logged out.
[21/03/2015 17:14:12] Nadador Arqueiro has logged in.
[21/03/2015 17:14:21] Nadador Arqueiro has logged out.
[21/03/2015 17:14:30] Account Manager has logged in.
[21/03/2015 17:14:32] Account Manager has logged out.
[21/03/2015 17:14:38] Knight has logged in.
[21/03/2015 17:14:39] > Saving server...
[21/03/2015 17:14:43] > SAVE: Complete in 3.887 seconds using relational house storage.
[21/03/2015 17:15:01] Nadador Knight has logged in.
[21/03/2015 17:15:37] Account Manager has logged out.
[21/03/2015 17:16:59] > Broadcasted message: "Game map cleaning in 1 minute, please pick up all your items.".
[21/03/2015 17:17:09] > Broadcasted message: "Sempre Ao Criar Uma Conta, Pegue A RK Dela No Account Manager Da Conta E Anote, Nunca Passe A Sua Senha Para Outras Pessoas, E Ao Entrar Em Outros OT´s Crie Contas Diferentes Para Não Sofrer HACKED, Não Me Responsabilizo Por Perdas, Obrigado".
[21/03/2015 17:17:30] > CLEAN: Removed 14735 items from 5864 tiles in 0.521 seconds.
[21/03/2015 17:17:30] > Broadcasted message: "Map Cleaned.".
[21/03/2015 17:19:17] Druid Do Torro has logged out.
[21/03/2015 17:19:19] Knight Das Trevas has logged in.
[21/03/2015 17:19:22] Knight Das Trevas has logged out.
[21/03/2015 17:19:23] Knight Das Trevas has logged in.
[21/03/2015 17:19:24] Knight Das Trevas has logged out.
[21/03/2015 17:19:36] Characcter has logged in.
[21/03/2015 17:19:42] Erloff has logged out.
[21/03/2015 17:19:54] Characcter has logged out.
[21/03/2015 17:20:25] Druid Do Torro has logged in.
[21/03/2015 17:20:49] sqlite3_step(): SQLITE ERROR: unable to open database file
[21/03/2015 17:20:50] Knight has logged out.
[21/03/2015 17:20:55] Knight has logged in.
[21/03/2015 17:22:07] Brumm-bromm has logged in.
[21/03/2015 17:23:55] Druidzerah Mythus has logged out.
[21/03/2015 17:23:57] Druidzerah Mythus has logged in.
[21/03/2015 17:24:43] Knight has logged out.
[21/03/2015 17:24:44] Knight has logged in.
[21/03/2015 17:25:04] Brumm-bromm has logged out.
[21/03/2015 17:25:05] Brumm-bromm has logged in.
[21/03/2015 17:25:30] > Broadcasted message: "Para ver as noticias fale !notice".
[21/03/2015 17:25:35] Nadador Knight has logged out.
[21/03/2015 17:25:37] Nadador Knight has logged in.
[21/03/2015 17:27:01] Biozard has logged out.
[21/03/2015 17:27:02] Knight has logged out.
[21/03/2015 17:27:02] Biozard has logged in.
[21/03/2015 17:27:04] Knight has logged in.
[21/03/2015 17:27:12] Nadador Knight has logged out.
[21/03/2015 17:27:14] Nadador Knight has logged in.
[21/03/2015 17:28:28] Knightzerah Mythus has logged out.
[21/03/2015 17:28:35] Knight has logged out.
[21/03/2015 17:28:37] Knight has logged in.
[21/03/2015 17:29:35] Knightzerah Mythus has logged in.
[21/03/2015 17:29:37] Account Manager has logged in.
[21/03/2015 17:29:46] Biozard has logged out.
[21/03/2015 17:29:54] Hashi has logged in.
[21/03/2015 17:30:21] Account Manager has logged out.
[21/03/2015 17:30:22] > Saving server...
[21/03/2015 17:30:25] > SAVE: Complete in 3.262 seconds using relational house storage.
[21/03/2015 17:30:44] Account Manager has logged in.
[21/03/2015 17:31:10] Account Manager has logged out.
[21/03/2015 17:31:35] Honda has logged in.
[21/03/2015 17:31:55] Honda has logged out.
[21/03/2015 17:31:57] Honda has logged in.
[21/03/2015 17:31:58] Honda has logged out.
[21/03/2015 17:33:06] Account Manager has logged in.
[21/03/2015 17:33:21] Kina Insane has logged in.
[21/03/2015 17:33:27] Account Manager has logged out.
[21/03/2015 17:33:40] > Broadcasted message: "Game map cleaning in 1 minute, please pick up all your items.".
[21/03/2015 17:33:51] > Broadcasted message: "Sempre Ao Criar Uma Conta, Pegue A RK Dela No Account Manager Da Conta E Anote, Nunca Passe A Sua Senha Para Outras Pessoas, E Ao Entrar Em Outros OT´s Crie Contas Diferentes Para Não Sofrer HACKED, Não Me Responsabilizo Por Perdas, Obrigado".
[21/03/2015 17:34:11] > CLEAN: Removed 14775 items from 6317 tiles in 0.477 seconds.
[21/03/2015 17:34:11] > Broadcasted message: "Map Cleaned.".
[21/03/2015 17:34:22] Kina Insane has logged out.
[21/03/2015 17:35:13] Hashi has logged out.
[21/03/2015 17:35:21] Honda has logged in.
[21/03/2015 17:36:17] Knightzerah Mythus has logged out.
[21/03/2015 17:38:02] Account Manager has logged in.
[21/03/2015 17:38:43] Knightzerah Mythus has logged in.
[21/03/2015 17:38:57] Account Manager has logged out.
[21/03/2015 17:39:00] Account Manager has logged in.
[21/03/2015 17:39:01] Account Manager has logged out.
[21/03/2015 17:40:22] Haas has logged in.
[21/03/2015 17:42:04] Knight has logged out.
[21/03/2015 17:42:07] Knight has logged in.
[21/03/2015 17:42:12] > Broadcasted message: "Novo CLIENTE = http://www.4shared.com/rar/cfxSV4o7ce/Death_PVP.html".
[21/03/2015 17:42:16] Knight has logged out.
[21/03/2015 17:42:32] Knightzerah Mythus has logged out.
[21/03/2015 17:42:38] Knightzerah Mythus has logged in.
[21/03/2015 17:42:48] Knightzerah Mythus has logged out.
[21/03/2015 17:43:15] 
[21/03/2015 17:43:15] Lua Script Error: [Npc interface] 
[21/03/2015 17:43:16] (Unknown scriptfile)
[21/03/2015 17:43:16] 
[21/03/2015 17:43:16] luaDoAddContainerItem(). Container not found
[21/03/2015 17:43:17] 
[21/03/2015 17:43:17] Lua Script Error: [Npc interface] 
[21/03/2015 17:43:17] (Unknown scriptfile)
[21/03/2015 17:43:17] 
[21/03/2015 17:43:17] luaDoAddContainerItem(). Container not found
[21/03/2015 17:43:18] 
[21/03/2015 17:43:18] Lua Script Error: [Npc interface] 
[21/03/2015 17:43:18] (Unknown scriptfile)
[21/03/2015 17:43:18] 
[21/03/2015 17:43:18] luaDoAddContainerItem(). Container not found
[21/03/2015 17:43:19] 
[21/03/2015 17:43:19] Lua Script Error: [Npc interface] 
[21/03/2015 17:43:19] (Unknown scriptfile)
[21/03/2015 17:43:19] 
[21/03/2015 17:43:19] luaDoAddContainerItem(). Container not found
[21/03/2015 17:43:20] 
[21/03/2015 17:43:20] Lua Script Error: [Npc interface] 
[21/03/2015 17:43:20] (Unknown scriptfile)
[21/03/2015 17:43:20] 
[21/03/2015 17:43:20] luaDoAddContainerItem(). Container not found
[21/03/2015 17:43:21] 
[21/03/2015 17:43:21] Lua Script Error: [Npc interface] 
[21/03/2015 17:43:21] (Unknown scriptfile)
[21/03/2015 17:43:21] 
[21/03/2015 17:43:21] luaDoAddContainerItem(). Container not found
[21/03/2015 17:43:22] 
[21/03/2015 17:43:22] Lua Script Error: [Npc interface] 
[21/03/2015 17:43:22] (Unknown scriptfile)
[21/03/2015 17:43:22] 
[21/03/2015 17:43:22] luaDoAddContainerItem(). Container not found
[21/03/2015 17:43:23] 
[21/03/2015 17:43:23] Lua Script Error: [Npc interface] 
[21/03/2015 17:43:23] (Unknown scriptfile)
[21/03/2015 17:43:24] 
[21/03/2015 17:43:24] luaDoAddContainerItem(). Container not found
[21/03/2015 17:43:24] 
[21/03/2015 17:43:24] Lua Script Error: [Npc interface] 
[21/03/2015 17:43:24] (Unknown scriptfile)
[21/03/2015 17:43:25] 
[21/03/2015 17:43:25] luaDoAddContainerItem(). Container not found
[21/03/2015 17:43:25] 
[21/03/2015 17:43:25] Lua Script Error: [Npc interface] 
[21/03/2015 17:43:26] (Unknown scriptfile)
[21/03/2015 17:43:26] 
[21/03/2015 17:43:26] luaDoAddContainerItem(). Container not found
[21/03/2015 17:43:26] 
[21/03/2015 17:43:26] Lua Script Error: [Npc interface] 
[21/03/2015 17:43:27] (Unknown scriptfile)
[21/03/2015 17:43:27] 
[21/03/2015 17:43:27] luaDoAddContainerItem(). Container not found
[21/03/2015 17:43:28] 
[21/03/2015 17:43:28] Lua Script Error: [Npc interface] 
[21/03/2015 17:43:28] (Unknown scriptfile)
[21/03/2015 17:43:28] 
[21/03/2015 17:43:28] luaDoAddContainerItem(). Container not found
[21/03/2015 17:43:29] 
[21/03/2015 17:43:29] Lua Script Error: [Npc interface] 
[21/03/2015 17:43:29] (Unknown scriptfile)
[21/03/2015 17:43:29] 
[21/03/2015 17:43:29] luaDoAddContainerItem(). Container not found
[21/03/2015 17:43:30] 
[21/03/2015 17:43:30] Lua Script Error: [Npc interface] 
[21/03/2015 17:43:30] (Unknown scriptfile)
[21/03/2015 17:43:30] 
[21/03/2015 17:43:30] luaDoAddContainerItem(). Container not found
[21/03/2015 17:43:31] 
[21/03/2015 17:43:31] Lua Script Error: [Npc interface] 
[21/03/2015 17:43:31] (Unknown scriptfile)
[21/03/2015 17:43:31] 
[21/03/2015 17:43:31] luaDoAddContainerItem(). Container not found
[21/03/2015 17:43:32] 
[21/03/2015 17:43:32] Lua Script Error: [Npc interface] 
[21/03/2015 17:43:32] (Unknown scriptfile)
[21/03/2015 17:43:32] 
[21/03/2015 17:43:32] luaDoAddContainerItem(). Container not found
[21/03/2015 17:43:33] 
[21/03/2015 17:43:33] Lua Script Error: [Npc interface] 
[21/03/2015 17:43:33] (Unknown scriptfile)
[21/03/2015 17:43:33] 
[21/03/2015 17:43:33] luaDoAddContainerItem(). Container not found
[21/03/2015 17:43:34] 
[21/03/2015 17:43:34] Lua Script Error: [Npc interface] 
[21/03/2015 17:43:34] (Unknown scriptfile)
[21/03/2015 17:43:34] 
[21/03/2015 17:43:34] luaDoAddContainerItem(). Container not found
[21/03/2015 17:43:35] 
[21/03/2015 17:43:35] Lua Script Error: [Npc interface] 
[21/03/2015 17:43:35] (Unknown scriptfile)
[21/03/2015 17:43:36] 
[21/03/2015 17:43:36] luaDoAddContainerItem(). Container not found
[21/03/2015 17:43:36] 
[21/03/2015 17:43:36] Lua Script Error: [Npc interface] 
[21/03/2015 17:43:37] (Unknown scriptfile)
[21/03/2015 17:43:37] 
[21/03/2015 17:43:37] luaDoAddContainerItem(). Container not found
[21/03/2015 17:43:37] 
[21/03/2015 17:43:37] Lua Script Error: [Npc interface] 
[21/03/2015 17:43:38] (Unknown scriptfile)
[21/03/2015 17:43:38] 
[21/03/2015 17:43:38] luaDoAddContainerItem(). Container not found
[21/03/2015 17:43:39] 
[21/03/2015 17:43:39] Lua Script Error: [Npc interface] 
[21/03/2015 17:43:39] (Unknown scriptfile)
[21/03/2015 17:43:39] 
[21/03/2015 17:43:39] luaDoAddContainerItem(). Container not found
[21/03/2015 17:43:40] 
[21/03/2015 17:43:40] Lua Script Error: [Npc interface] 
[21/03/2015 17:43:40] (Unknown scriptfile)
[21/03/2015 17:43:40] 
[21/03/2015 17:43:40] luaDoAddContainerItem(). Container not found
[21/03/2015 17:43:41] 
[21/03/2015 17:43:41] Lua Script Error: [Npc interface] 
[21/03/2015 17:43:41] (Unknown scriptfile)
[21/03/2015 17:43:42] 
[21/03/2015 17:43:42] luaDoAddContainerItem(). Container not found
[21/03/2015 17:43:42] 
[21/03/2015 17:43:42] Lua Script Error: [Npc interface] 
[21/03/2015 17:43:42] (Unknown scriptfile)
[21/03/2015 17:43:43] 
[21/03/2015 17:43:43] luaDoAddContainerItem(). Container not found
[21/03/2015 17:43:43] 
[21/03/2015 17:43:43] Lua Script Error: [Npc interface] 
[21/03/2015 17:43:43] (Unknown scriptfile)
[21/03/2015 17:43:44] 
[21/03/2015 17:43:44] luaDoAddContainerItem(). Container not found
[21/03/2015 17:43:44] 
[21/03/2015 17:43:44] Lua Script Error: [Npc interface] 
[21/03/2015 17:43:44] (Unknown scriptfile)
[21/03/2015 17:43:45] 
[21/03/2015 17:43:45] luaDoAddContainerItem(). Container not found
[21/03/2015 17:43:45] 
[21/03/2015 17:43:45] Lua Script Error: [Npc interface] 
[21/03/2015 17:43:45] (Unknown scriptfile)
[21/03/2015 17:43:46] 
[21/03/2015 17:43:46] luaDoAddContainerItem(). Container not found
[21/03/2015 17:43:46] 
[21/03/2015 17:43:46] Lua Script Error: [Npc interface] 
[21/03/2015 17:43:46] (Unknown scriptfile)
[21/03/2015 17:43:47] 
[21/03/2015 17:43:47] luaDoAddContainerItem(). Container not found
[21/03/2015 17:43:47] 
[21/03/2015 17:43:47] Lua Script Error: [Npc interface] 
[21/03/2015 17:43:48] (Unknown scriptfile)
[21/03/2015 17:43:48] 
[21/03/2015 17:43:48] luaDoAddContainerItem(). Container not found
[21/03/2015 17:43:48] 
[21/03/2015 17:43:48] Lua Script Error: [Npc interface] 
[21/03/2015 17:43:49] (Unknown scriptfile)
[21/03/2015 17:43:49] 
[21/03/2015 17:43:49] luaDoAddContainerItem(). Container not found
[21/03/2015 17:43:49] 
[21/03/2015 17:43:49] Lua Script Error: [Npc interface] 
[21/03/2015 17:43:50] (Unknown scriptfile)
[21/03/2015 17:43:50] 
[21/03/2015 17:43:50] luaDoAddContainerItem(). Container not found
[21/03/2015 17:43:50] 
[21/03/2015 17:43:50] Lua Script Error: [Npc interface] 
[21/03/2015 17:43:51] (Unknown scriptfile)
[21/03/2015 17:43:51] 
[21/03/2015 17:43:51] luaDoAddContainerItem(). Container not found
[21/03/2015 17:43:51] 
[21/03/2015 17:43:51] Lua Script Error: [Npc interface] 
[21/03/2015 17:43:52] (Unknown scriptfile)
[21/03/2015 17:43:52] 
[21/03/2015 17:43:52] luaDoAddContainerItem(). Container not found
[21/03/2015 17:43:52] 
[21/03/2015 17:43:52] Lua Script Error: [Npc interface] 
[21/03/2015 17:43:53] (Unknown scriptfile)
[21/03/2015 17:43:53] 
[21/03/2015 17:43:53] luaDoAddContainerItem(). Container not found
[21/03/2015 17:43:54] 
[21/03/2015 17:43:54] Lua Script Error: [Npc interface] 
[21/03/2015 17:43:54] (Unknown scriptfile)
[21/03/2015 17:43:54] 
[21/03/2015 17:43:54] luaDoAddContainerItem(). Container not found
[21/03/2015 17:43:55] 
[21/03/2015 17:43:55] Lua Script Error: [Npc interface] 
[21/03/2015 17:43:55] (Unknown scriptfile)
[21/03/2015 17:43:55] 
[21/03/2015 17:43:55] luaDoAddContainerItem(). Container not found
[21/03/2015 17:43:56] 
[21/03/2015 17:43:56] Lua Script Error: [Npc interface] 
[21/03/2015 17:43:56] (Unknown scriptfile)
[21/03/2015 17:43:56] 
[21/03/2015 17:43:56] luaDoAddContainerItem(). Container not found
[21/03/2015 17:43:57] 
[21/03/2015 17:43:57] Lua Script Error: [Npc interface] 
[21/03/2015 17:43:57] (Unknown scriptfile)
[21/03/2015 17:43:57] 
[21/03/2015 17:43:57] luaDoAddContainerItem(). Container not found
[21/03/2015 17:43:58] 
[21/03/2015 17:43:58] Lua Script Error: [Npc interface] 
[21/03/2015 17:43:58] (Unknown scriptfile)
[21/03/2015 17:43:58] 
[21/03/2015 17:43:58] luaDoAddContainerItem(). Container not found
[21/03/2015 17:43:59] 
[21/03/2015 17:43:59] Lua Script Error: [Npc interface] 
[21/03/2015 17:43:59] (Unknown scriptfile)
[21/03/2015 17:43:59] 
[21/03/2015 17:43:59] luaDoAddContainerItem(). Container not found
[21/03/2015 17:44:00] 
[21/03/2015 17:44:00] Lua Script Error: [Npc interface] 
[21/03/2015 17:44:00] (Unknown scriptfile)
[21/03/2015 17:44:00] 
[21/03/2015 17:44:00] luaDoAddContainerItem(). Container not found
[21/03/2015 17:44:01] 
[21/03/2015 17:44:01] Lua Script Error: [Npc interface] 
[21/03/2015 17:44:01] (Unknown scriptfile)
[21/03/2015 17:44:02] 
[21/03/2015 17:44:02] luaDoAddContainerItem(). Container not found
[21/03/2015 17:44:02] Skise Da Xurupita has logged in.
[21/03/2015 17:44:04] Skise Da Xurupita has logged out.
[21/03/2015 17:44:10] Skise Da Xurupita has logged in.
[21/03/2015 17:44:20] 
[21/03/2015 17:44:20] Lua Script Error: [Npc interface] 
[21/03/2015 17:44:20] (Unknown scriptfile)
[21/03/2015 17:44:20] 
[21/03/2015 17:44:20] luaDoAddContainerItem(). Container not found
[21/03/2015 17:44:21] 
[21/03/2015 17:44:21] Lua Script Error: [Npc interface] 
[21/03/2015 17:44:21] (Unknown scriptfile)
[21/03/2015 17:44:21] 
[21/03/2015 17:44:21] luaDoAddContainerItem(). Container not found
[21/03/2015 17:44:22] 
[21/03/2015 17:44:22] Lua Script Error: [Npc interface] 
[21/03/2015 17:44:22] (Unknown scriptfile)
[21/03/2015 17:44:22] 
[21/03/2015 17:44:22] luaDoAddContainerItem(). Container not found
[21/03/2015 17:44:23] 
[21/03/2015 17:44:23] Lua Script Error: [Npc interface] 
[21/03/2015 17:44:23] (Unknown scriptfile)
[21/03/2015 17:44:23] 
[21/03/2015 17:44:23] luaDoAddContainerItem(). Container not found
[21/03/2015 17:44:24] 
[21/03/2015 17:44:24] Lua Script Error: [Npc interface] 
[21/03/2015 17:44:24] (Unknown scriptfile)
[21/03/2015 17:44:24] 
[21/03/2015 17:44:24] luaDoAddContainerItem(). Container not found
[21/03/2015 17:44:25] 
[21/03/2015 17:44:25] Lua Script Error: [Npc interface] 
[21/03/2015 17:44:25] (Unknown scriptfile)
[21/03/2015 17:44:25] 
[21/03/2015 17:44:25] luaDoAddContainerItem(). Container not found
[21/03/2015 17:44:26] 
[21/03/2015 17:44:26] Lua Script Error: [Npc interface] 
[21/03/2015 17:44:26] (Unknown scriptfile)
[21/03/2015 17:44:26] 
[21/03/2015 17:44:26] luaDoAddContainerItem(). Container not found
[21/03/2015 17:44:27] 
[21/03/2015 17:44:27] Lua Script Error: [Npc interface] 
[21/03/2015 17:44:27] (Unknown scriptfile)
[21/03/2015 17:44:28] 
[21/03/2015 17:44:28] luaDoAddContainerItem(). Container not found
[21/03/2015 17:44:28] 
[21/03/2015 17:44:28] Lua Script Error: [Npc interface] 
[21/03/2015 17:44:28] (Unknown scriptfile)
[21/03/2015 17:44:28] 
[21/03/2015 17:44:28] luaDoAddContainerItem(). Container not found
[21/03/2015 17:44:29] 
[21/03/2015 17:44:29] Lua Script Error: [Npc interface] 
[21/03/2015 17:44:29] (Unknown scriptfile)
[21/03/2015 17:44:30] 
[21/03/2015 17:44:30] luaDoAddContainerItem(). Container not found
[21/03/2015 17:44:30] 
[21/03/2015 17:44:30] Lua Script Error: [Npc interface] 
[21/03/2015 17:44:30] (Unknown scriptfile)
[21/03/2015 17:44:31] 
[21/03/2015 17:44:31] luaDoAddContainerItem(). Container not found
[21/03/2015 17:44:31] 
[21/03/2015 17:44:31] Lua Script Error: [Npc interface] 
[21/03/2015 17:44:31] (Unknown scriptfile)
[21/03/2015 17:44:31] 
[21/03/2015 17:44:32] luaDoAddContainerItem(). Container not found
[21/03/2015 17:44:32] 
[21/03/2015 17:44:32] Lua Script Error: [Npc interface] 
[21/03/2015 17:44:32] (Unknown scriptfile)
[21/03/2015 17:44:32] 
[21/03/2015 17:44:32] luaDoAddContainerItem(). Container not found
[21/03/2015 17:44:33] 
[21/03/2015 17:44:33] Lua Script Error: [Npc interface] 
[21/03/2015 17:44:33] (Unknown scriptfile)
[21/03/2015 17:44:33] 
[21/03/2015 17:44:33] luaDoAddContainerItem(). Container not found
[21/03/2015 17:44:34] 
[21/03/2015 17:44:34] Lua Script Error: [Npc interface] 
[21/03/2015 17:44:34] (Unknown scriptfile)
[21/03/2015 17:44:34] 
[21/03/2015 17:44:34] luaDoAddContainerItem(). Container not found
[21/03/2015 17:44:35] 
[21/03/2015 17:44:35] Lua Script Error: [Npc interface] 
[21/03/2015 17:44:35] (Unknown scriptfile)
[21/03/2015 17:44:35] 
[21/03/2015 17:44:35] luaDoAddContainerItem(). Container not found
[21/03/2015 17:44:36] 
[21/03/2015 17:44:36] Lua Script Error: [Npc interface] 
[21/03/2015 17:44:36] (Unknown scriptfile)
[21/03/2015 17:44:36] 
[21/03/2015 17:44:36] luaDoAddContainerItem(). Container not found
[21/03/2015 17:44:37] 
[21/03/2015 17:44:37] Lua Script Error: [Npc interface] 
[21/03/2015 17:44:37] (Unknown scriptfile)
[21/03/2015 17:44:37] 
[21/03/2015 17:44:37] luaDoAddContainerItem(). Container not found
[21/03/2015 17:44:38] 
[21/03/2015 17:44:38] Lua Script Error: [Npc interface] 
[21/03/2015 17:44:38] (Unknown scriptfile)
[21/03/2015 17:44:38] 
[21/03/2015 17:44:38] luaDoAddContainerItem(). Container not found
[21/03/2015 17:44:39] 
[21/03/2015 17:44:39] Lua Script Error: [Npc interface] 
[21/03/2015 17:44:39] (Unknown scriptfile)
[21/03/2015 17:44:39] 
[21/03/2015 17:44:39] luaDoAddContainerItem(). Container not found
[21/03/2015 17:44:40] 
[21/03/2015 17:44:40] Lua Script Error: [Npc interface] 
[21/03/2015 17:44:40] (Unknown scriptfile)
[21/03/2015 17:44:40] 
[21/03/2015 17:44:40] luaDoAddContainerItem(). Container not found
[21/03/2015 17:44:41] Skise Da Xurupita has logged out.
[21/03/2015 17:44:46] Skize Da Xurupita has logged in.
[21/03/2015 17:44:55] Tibbers has logged out.
[21/03/2015 17:44:59] Tibbers has logged in.
[21/03/2015 17:46:36] Knight Doido has logged in.
[21/03/2015 17:46:56] Nadador Knight has logged out.
[21/03/2015 17:46:59] Nadador Knight has logged in.
[21/03/2015 17:50:21] > Broadcasted message: "Game map cleaning in 1 minute, please pick up all your items.".
[21/03/2015 17:50:22] Knight Doido has logged out.
[21/03/2015 17:50:33] > Broadcasted message: "Novo CLIENTE = http://www.4shared.com/rar/cfxSV4o7ce/Death_PVP.html".
[21/03/2015 17:50:48] Nadador Knight has logged out.
[21/03/2015 17:50:52] > CLEAN: Removed 13438 items from 6429 tiles in 0.566 seconds.
[21/03/2015 17:50:52] > Broadcasted message: "Map Cleaned.".
[21/03/2015 17:50:53] Brumm-bromm has logged out.
[21/03/2015 17:53:43] > Saving server...
[21/03/2015 17:53:46] > SAVE: Complete in 2.666 seconds using relational house storage.
[21/03/2015 17:54:21] Nadador Knight has logged in.
[21/03/2015 17:55:04] Haas has logged out.
[21/03/2015 17:55:07] Hashi has logged in.
[21/03/2015 17:55:10] Brumm-bromm has logged in.
[21/03/2015 17:55:30] Nadador Knight has logged out.
[21/03/2015 17:55:44] Hashi has logged out.
[21/03/2015 17:55:46] Haas has logged in.
[21/03/2015 17:56:23] Haas has logged out.
[21/03/2015 17:56:26] Hashi has logged in.
[21/03/2015 17:56:26] Brumm-bromm has logged out.
[21/03/2015 17:56:28] Brumm-bromm has logged in.
[21/03/2015 17:56:38] Hashi has logged out.
[21/03/2015 17:56:41] Haas has logged in.
[21/03/2015 17:58:04] Brumm-bromm has logged out.
[21/03/2015 17:58:05] Brimm-bromm has logged in.
[21/03/2015 17:58:08] Brimm-bromm has logged out.
[21/03/2015 17:58:09] Epicdois has logged in.
[21/03/2015 17:58:12] Epicdois has logged out.
[21/03/2015 17:58:13] Umnomediferente has logged in.
[21/03/2015 17:58:14] Umnomediferente has logged out.
[21/03/2015 17:58:20] Bromm-brumm has logged in.
[21/03/2015 17:58:39] Bromm-brumm has logged out.
[21/03/2015 17:58:47] Brumm-bromm has logged in.
[21/03/2015 17:58:54] > Broadcasted message: "Para ver as noticias fale !notice".
[21/03/2015 17:59:46] Xerath has logged out.
[21/03/2015 17:59:46] Honda has logged out.
[21/03/2015 17:59:47] Brumm-bromm has logged out.
[21/03/2015 17:59:47] Hiroshi has logged out.
[21/03/2015 17:59:48] Skize Da Xurupita has logged out.
[21/03/2015 17:59:48] Haas has logged out.
[21/03/2015 17:59:57] Brumm-bromm has logged in.
[21/03/2015 18:00:03] Xerath has logged in.
[21/03/2015 18:00:06] Hiroshi has logged in.
[21/03/2015 18:00:07] Honda has logged in.
[21/03/2015 18:00:11] Honda has logged out.
[21/03/2015 18:00:26] Skise Da Xurupita has logged in.
[21/03/2015 18:00:27] Sr Smith has logged in.
[21/03/2015 18:00:28] Skise Da Xurupita has logged out.
[21/03/2015 18:00:29] Skize Da Xurupita has logged in.
[21/03/2015 18:01:13] Sr Smith has logged out.
[21/03/2015 18:01:14] Sr Smith has logged in.
[21/03/2015 18:01:43] Brumm-bromm has logged out.
[21/03/2015 18:03:15] Walker has logged in.
[21/03/2015 18:03:18] Walker has logged out.
[21/03/2015 18:03:19] Honda has logged in.
[21/03/2015 18:05:36] Honda has logged out.
[21/03/2015 18:05:55] Honda has logged in.
[21/03/2015 18:07:02] > Broadcasted message: "Game map cleaning in 1 minute, please pick up all your items.".
[21/03/2015 18:07:15] > Broadcasted message: "Novo CLIENTE = http://www.4shared.com/rar/cfxSV4o7ce/Death_PVP.html".
[21/03/2015 18:07:33] > CLEAN: Removed 9899 items from 5035 tiles in 0.499 seconds.
[21/03/2015 18:07:34] > Broadcasted message: "Map Cleaned.".
[21/03/2015 18:08:30] Honda has logged out.
[21/03/2015 18:09:43] Honda has logged in.
[21/03/2015 18:10:01] Druid Do Torro has logged out.
[21/03/2015 18:10:41] Sr Smith has logged out.
[21/03/2015 18:10:43] Sr Smith has logged in.
[21/03/2015 18:11:12] Sr Smith has logged out.
[21/03/2015 18:11:14] Sr Smith has logged in.
[21/03/2015 18:11:51] Sr Smith has logged out.
[21/03/2015 18:11:59] Sr Smith I has logged in.
[21/03/2015 18:14:16] Xerath has logged out.
[21/03/2015 18:14:18] Xerath has logged in.
[21/03/2015 18:15:36] > Broadcasted message: "Novo CLIENTE = http://www.4shared.com/rar/cfxSV4o7ce/Death_PVP.html".
[21/03/2015 18:16:21] Sr Smith I has logged out.
[21/03/2015 18:16:31] Account Manager has logged in.
[21/03/2015 18:16:43] Account Manager has logged out.
[21/03/2015 18:16:49] Account Manager has logged in.
[21/03/2015 18:17:04] > Saving server...
[21/03/2015 18:17:06] > SAVE: Complete in 2.63 seconds using relational house storage.
[21/03/2015 18:17:10] Account Manager has logged out.
[21/03/2015 18:17:13] Account Manager has logged in.
[21/03/2015 18:17:32] Sr Smith has logged in.
[21/03/2015 18:17:44] Account Manager has logged out.
[21/03/2015 18:17:45] Account Manager has logged in.
[21/03/2015 18:17:46] Account Manager has logged out.
[21/03/2015 18:18:39] Haas has logged in.
[21/03/2015 18:19:03] Sr Smith has logged out.
[21/03/2015 18:20:04] Sr Smith has logged in.
[21/03/2015 18:20:08] Sr Smith has logged out.
[21/03/2015 18:20:34] Sr Smith has logged in.
[21/03/2015 18:21:21] Skize Da Xurupita has logged out.
[21/03/2015 18:21:23] Skize Da Xurupita has logged in.
[21/03/2015 18:23:43] > Broadcasted message: "Game map cleaning in 1 minute, please pick up all your items.".
[21/03/2015 18:23:57] > Broadcasted message: "Para ver as noticias fale !notice".
[21/03/2015 18:24:14] > CLEAN: Removed 4260 items from 2189 tiles in 0.304 seconds.
[21/03/2015 18:24:14] > Broadcasted message: "Map Cleaned.".
[21/03/2015 18:25:08] Haas has logged out.
[21/03/2015 18:25:12] Haas has logged in.
[21/03/2015 18:26:06] Honda has logged out.
[21/03/2015 18:26:08] Honda has logged in.
[21/03/2015 18:27:45] Sr Smith has logged out.
[21/03/2015 18:27:47] Sr Smith has logged in.
[21/03/2015 18:28:05] Sr Smith has logged out.
[21/03/2015 18:28:07] Sr Smith has logged in.
[21/03/2015 18:29:12] Sr Smith has logged out.
[21/03/2015 18:29:13] Sr Smith has logged in.
[21/03/2015 18:29:49] Xerath has logged out.
[21/03/2015 18:29:51] Xerath has logged in.
[21/03/2015 18:30:01] Haas has logged out.
[21/03/2015 18:30:04] Sr Smith has logged out.
[21/03/2015 18:30:04] Haas has logged in.
[21/03/2015 18:30:05] Sr Smith has logged in.
[21/03/2015 18:30:38] Tibbers has logged out.
[21/03/2015 18:30:40] Tibbers has logged in.
[21/03/2015 18:31:48] Tibbers has logged out.
[21/03/2015 18:31:48] 
[21/03/2015 18:31:48] Lua Script Error: [Spell Interface] 
[21/03/2015 18:31:48] in a timer event called from: 
[21/03/2015 18:31:49] data/spells/scripts/max power rune.lua:onCastSpell
[21/03/2015 18:31:49] 
[21/03/2015 18:31:49] luaDoCombat(). Creature not found
[21/03/2015 18:31:49] 
[21/03/2015 18:31:49] Lua Script Error: [Spell Interface] 
[21/03/2015 18:31:50] in a timer event called from: 
[21/03/2015 18:31:50] data/spells/scripts/max power rune.lua:onCastSpell
[21/03/2015 18:31:50] 
[21/03/2015 18:31:50] luaDoCombat(). Creature not found
[21/03/2015 18:31:51] 
[21/03/2015 18:31:51] Lua Script Error: [Spell Interface] 
[21/03/2015 18:31:51] in a timer event called from: 
[21/03/2015 18:31:51] data/spells/scripts/max power rune.lua:onCastSpell
[21/03/2015 18:31:52] 
[21/03/2015 18:31:52] luaDoCombat(). Creature not found
[21/03/2015 18:31:52] 
[21/03/2015 18:31:52] Lua Script Error: [Spell Interface] 
[21/03/2015 18:31:52] in a timer event called from: 
[21/03/2015 18:31:53] data/spells/scripts/max power rune.lua:onCastSpell
[21/03/2015 18:31:53] 
[21/03/2015 18:31:53] luaDoCombat(). Creature not found
[21/03/2015 18:32:02] Hiroshi has logged out.
[21/03/2015 18:32:05] Tibbers has logged in.
[21/03/2015 18:32:18] > Broadcasted message: "Novo CLIENTE = http://www.4shared.com/rar/cfxSV4o7ce/Death_PVP.html".
[21/03/2015 18:32:20] Hiroshi has logged in.
[21/03/2015 18:33:10] Tibbers has logged out.
[21/03/2015 18:33:14] Sr Smith has logged out.
[21/03/2015 18:33:16] Ice Cube has logged in.
[21/03/2015 18:33:17] Sr Smith has logged in.
[21/03/2015 18:34:36] Sr Smith has logged out.
[21/03/2015 18:34:38] Haas has logged out.
[21/03/2015 18:34:40] Sr Smith has logged in.
[21/03/2015 18:34:42] Haas has logged in.
[21/03/2015 18:35:38] Honda has logged out.
[21/03/2015 18:35:39] Honda has logged in.
[21/03/2015 18:35:58] Ice Cube has logged out.
[21/03/2015 18:36:00] Ice Cube has logged in.
[21/03/2015 18:36:12] Sr Smith has logged out.
[21/03/2015 18:36:21] Poderoso Castiga has logged in.
[21/03/2015 18:36:40] Ice Cube has logged out.
[21/03/2015 18:36:42] Ice Cube has logged in.
[21/03/2015 18:36:59] Poderoso Castiga has logged out.
[21/03/2015 18:37:01] Poderoso Castiga has logged in.
[21/03/2015 18:37:04] Poderoso Castiga has logged out.
[21/03/2015 18:37:05] Cheguei No Pistao has logged in.
[21/03/2015 18:37:38] Cheguei No Pistao has logged out.
[21/03/2015 18:37:39] Poderoso Castiga has logged in.
[21/03/2015 18:37:48] Ice Cube has logged out.
[21/03/2015 18:37:49] Poderoso Castiga has logged out.
[21/03/2015 18:37:51] Cheguei No Pistao has logged in.
[21/03/2015 18:37:51] Ice Cube has logged in.
[21/03/2015 18:38:28] Ice Cube has logged out.
[21/03/2015 18:38:33] Tibbers has logged in.
[21/03/2015 18:39:06] Cheguei No Pistao has logged out.
[21/03/2015 18:39:14] Sr Smith has logged in.
[21/03/2015 18:40:24] > Broadcasted message: "Game map cleaning in 1 minute, please pick up all your items.".
[21/03/2015 18:40:25] > Saving server...
[21/03/2015 18:40:27] > SAVE: Complete in 2.768 seconds using relational house storage.
[21/03/2015 18:40:33] Xerath has logged out.
[21/03/2015 18:40:39] > Broadcasted message: "Novo CLIENTE = http://www.4shared.com/rar/cfxSV4o7ce/Death_PVP.html".
[21/03/2015 18:40:53] Haas has logged out.
[21/03/2015 18:40:54] > CLEAN: Removed 3224 items from 1773 tiles in 0.398 seconds.
[21/03/2015 18:40:55] > Broadcasted message: "Map Cleaned.".
[21/03/2015 18:40:56] Haas has logged in.
[21/03/2015 18:42:37] Sr Smith has logged out.
[21/03/2015 18:42:39] Sr Smith has logged in.
[21/03/2015 18:46:16] Sr Smith has logged out.
[21/03/2015 18:46:20] Sr Smith has logged in.
[21/03/2015 18:47:12] Hiroshi has logged out.
[21/03/2015 18:47:13] Hiroshi has logged in.
[21/03/2015 18:49:00] > Broadcasted message: "Sempre Ao Criar Uma Conta, Pegue A RK Dela No Account Manager Da Conta E Anote, Nunca Passe A Sua Senha Para Outras Pessoas, E Ao Entrar Em Outros OT´s Crie Contas Diferentes Para Não Sofrer HACKED, Não Me Responsabilizo Por Perdas, Obrigado".
[21/03/2015 18:57:05] > Broadcasted message: "Game map cleaning in 1 minute, please pick up all your items.".
[21/03/2015 18:57:07] Brumm-bromm has logged in.
[21/03/2015 18:57:21] > Broadcasted message: "Novo CLIENTE = http://www.4shared.com/rar/cfxSV4o7ce/Death_PVP.html".
[21/03/2015 18:57:36] > CLEAN: Removed 5843 items from 2847 tiles in 0.539 seconds.
[21/03/2015 18:57:37] > Broadcasted message: "Map Cleaned.".
[21/03/2015 18:59:06] Skize Da Xurupita has logged out.
[21/03/2015 18:59:07] Brumm-bromm has logged out.
[21/03/2015 18:59:07] Sr Smith has logged out.
[21/03/2015 18:59:18] Brumm-bromm has logged in.
[21/03/2015 19:00:47] Brumm-bromm has logged out.
[21/03/2015 19:00:50] Brumm-bromm has logged in.
[21/03/2015 19:02:39] Sr Smith has logged in.
[21/03/2015 19:02:39] Hiroshi has logged out.
[21/03/2015 19:02:45] Sr Smith has logged out.
[21/03/2015 19:02:46] Honda has logged out.
[21/03/2015 19:02:54] Skise Da Xurupita has logged in.
[21/03/2015 19:02:56] Skise Da Xurupita has logged out.
[21/03/2015 19:02:58] Skize Da Xurupita has logged in.
[21/03/2015 19:03:00] Honda has logged in.
[21/03/2015 19:03:23] Knightzerah Mythus has logged in.
[21/03/2015 19:03:30] Poderoso Castiga has logged in.
[21/03/2015 19:03:32] Poderoso Castiga has logged out.
[21/03/2015 19:03:33] Haas has logged out.
[21/03/2015 19:03:33] Cheguei No Pistao has logged in.
[21/03/2015 19:03:36] Hashi has logged in.
[21/03/2015 19:03:46] > Saving server...
[21/03/2015 19:03:49] > SAVE: Complete in 2.849 seconds using relational house storage.
[21/03/2015 19:03:55] Brumm-bromm has logged out.
[21/03/2015 19:03:56] Brumm-bromm has logged in.
[21/03/2015 19:04:02] Hashi has logged out.
[21/03/2015 19:04:04] Haas has logged in.
[21/03/2015 19:05:18] Brumm-bromm has logged out.
[21/03/2015 19:05:21] Brumm-bromm has logged in.
[21/03/2015 19:05:42] > Broadcasted message: "Para ver as noticias fale !notice".
[21/03/2015 19:05:52] Honda has logged out.
[21/03/2015 19:05:57] Cheguei No Pistao has logged out.
[21/03/2015 19:06:08] Sr Smith has logged in.
[21/03/2015 19:06:52] Account Manager has logged in.
[21/03/2015 19:06:56] Account Manager has logged out.
[21/03/2015 19:06:56] Honda has logged in.
[21/03/2015 19:12:17] Honda has logged out.
[21/03/2015 19:12:18] Skize Da Xurupita has logged out.
[21/03/2015 19:12:40] Hiroshi has logged in.
[21/03/2015 19:12:57] Honda has logged in.
[21/03/2015 19:13:20] Hiroshi has logged out.
[21/03/2015 19:13:21] Honda has logged out.
[21/03/2015 19:13:22] Sr Smith has logged out.
[21/03/2015 19:13:23] Brumm-bromm has logged out.
[21/03/2015 19:13:29] Brumm-bromm has logged in.
[21/03/2015 19:13:33] Honda has logged in.
[21/03/2015 19:13:37] Hiroshi has logged in.
[21/03/2015 19:13:46] > Broadcasted message: "Game map cleaning in 1 minute, please pick up all your items.".
[21/03/2015 19:14:03] > Broadcasted message: "Para ver as noticias fale !notice".
[21/03/2015 19:14:07] Poderoso Castiga has logged in.
[21/03/2015 19:14:11] Poderoso Castiga has logged out.
[21/03/2015 19:14:12] Cheguei No Pistao has logged in.
[21/03/2015 19:14:17] > CLEAN: Removed 6110 items from 3801 tiles in 0.557 seconds.
[21/03/2015 19:14:18] > Broadcasted message: "Map Cleaned.".
[21/03/2015 19:14:19] Hiroshi has logged out.
[21/03/2015 19:14:20] Brumm-bromm has logged out.
[21/03/2015 19:14:21] Honda has logged out.
[21/03/2015 19:14:28] Brumm-bromm has logged in.
[21/03/2015 19:14:34] Hiroshi has logged in.
[21/03/2015 19:14:38] Honda has logged in.
[21/03/2015 19:14:55] Brumm-bromm has logged out.
[21/03/2015 19:14:55] Honda has logged out.
[21/03/2015 19:15:05] Brumm-bromm has logged in.
[21/03/2015 19:15:14] Honda has logged in.
[21/03/2015 19:15:59] Cheguei No Pistao has logged out.
[21/03/2015 19:16:09] Sdasdas has logged in.
[21/03/2015 19:16:14] Sdasdas has logged out.
[21/03/2015 19:16:16] Sr Smith has logged in.
[21/03/2015 19:17:59] Brumm-bromm has logged out.
[21/03/2015 19:18:23] Honda has logged out.
[21/03/2015 19:18:39] Honda has logged in.
[21/03/2015 19:20:03] Hiroshi has logged out.
[21/03/2015 19:20:04] Haas has logged out.
[21/03/2015 19:20:04] Honda has logged out.
[21/03/2015 19:20:17] Hiroshi has logged in.
[21/03/2015 19:20:28] Honda has logged in.
[21/03/2015 19:20:48] Honda has logged out.
[21/03/2015 19:20:56] Xerath has logged in.
[21/03/2015 19:21:13] Honda has logged in.
[21/03/2015 19:21:20] Honda has logged out.
[21/03/2015 19:21:35] Honda has logged in.
[21/03/2015 19:21:49] Mr Thug has logged in.
[21/03/2015 19:21:56] Hiroshi has logged out.
[21/03/2015 19:21:56] Knightzerah Mythus has logged out.
[21/03/2015 19:21:57] Honda has logged out.
[21/03/2015 19:22:09] Honda has logged in.
[21/03/2015 19:22:14] Hiroshi has logged in.
[21/03/2015 19:22:22] Mr Thug has logged out.
[21/03/2015 19:22:24] Honda has logged out.
[21/03/2015 19:22:25] Hiroshi has logged out.
[21/03/2015 19:22:26] > Broadcasted message: "Para comprar bless digite !bless".
[21/03/2015 19:22:32] Mr Thug has logged in.
[21/03/2015 19:22:35] Honda has logged in.
[21/03/2015 19:22:36] Hiroshi has logged in.
[21/03/2015 19:22:50] Cheguei No Pistao has logged in.
[21/03/2015 19:23:01] Cheguei No Pistao has logged out.
[21/03/2015 19:23:04] Cheguei No Pistao has logged in.
[21/03/2015 19:24:16] Hiroshi has logged out.
[21/03/2015 19:24:17] Honda has logged out.
[21/03/2015 19:24:25] Knightzerah Mythus has logged in.
[21/03/2015 19:24:32] Hiroshi has logged in.
[21/03/2015 19:24:40] Honda has logged in.
[21/03/2015 19:25:45] Cheguei No Pistao has logged out.
[21/03/2015 19:25:46] Poderoso Castiga has logged in.
[21/03/2015 19:25:48] Poderoso Castiga has logged out.
[21/03/2015 19:25:49] Cheguei No Pistao has logged in.
[21/03/2015 19:25:53] Account Manager has logged in.
[21/03/2015 19:26:07] Account Manager has logged out.
[21/03/2015 19:26:08] Account Manager has logged in.
[21/03/2015 19:26:09] Account Manager has logged out.
[21/03/2015 19:26:17] Biozard has logged in.
[21/03/2015 19:26:25] Sr Smith has logged out.
[21/03/2015 19:26:26] Honda has logged out.
[21/03/2015 19:26:37] Honda has logged in.
[21/03/2015 19:27:07] > Saving server...
[21/03/2015 19:27:37] > SAVE: Complete in 30.339 seconds using relational house storage.
[21/03/2015 19:28:11] Haas has logged in.
[21/03/2015 19:29:01] Sr Smith has logged in.
[21/03/2015 19:30:27] > Broadcasted message: "Game map cleaning in 1 minute, please pick up all your items.".
[21/03/2015 19:30:46] Biozard has logged out.
[21/03/2015 19:30:47] > Broadcasted message: "Sempre Ao Criar Uma Conta, Pegue A RK Dela No Account Manager Da Conta E Anote, Nunca Passe A Sua Senha Para Outras Pessoas, E Ao Entrar Em Outros OT´s Crie Contas Diferentes Para Não Sofrer HACKED, Não Me Responsabilizo Por Perdas, Obrigado".
[21/03/2015 19:30:50] Biozard has logged in.
[21/03/2015 19:30:51] Honda has logged out.
[21/03/2015 19:30:51] Xerath has logged out.
[21/03/2015 19:30:58] > CLEAN: Removed 6681 items from 4230 tiles in 0.639 seconds.
[21/03/2015 19:30:59] > Broadcasted message: "Map Cleaned.".
[21/03/2015 19:31:08] Honda has logged in.
[21/03/2015 19:31:21] Xerath has logged in.
[21/03/2015 19:32:14] Hiroshi has logged out.
[21/03/2015 19:32:15] Biozard has logged out.
[21/03/2015 19:32:15] Honda has logged out.
[21/03/2015 19:32:16] Xerath has logged out.
[21/03/2015 19:32:24] Honda has logged in.
[21/03/2015 19:32:28] Hiroshi has logged in.
[21/03/2015 19:32:46] Biozard has logged in.
[21/03/2015 19:32:49] Xerath has logged in.
[21/03/2015 19:33:38] Honda has logged out.
[21/03/2015 19:33:51] Honda has logged in.
[21/03/2015 19:34:24] Honda has logged out.
[21/03/2015 19:34:35] Honda has logged in.
[21/03/2015 19:35:03] Sr Smith has logged out.
[21/03/2015 19:35:14] Honda has logged out.
[21/03/2015 19:35:19] Sr Smith has logged in.
[21/03/2015 19:35:28] Honda has logged in.
[21/03/2015 19:35:50] Tibbers has logged out.
[21/03/2015 19:36:11] Harry Potter has logged in.
[21/03/2015 19:36:12] Sr Smith has logged out.
[21/03/2015 19:36:15] Sr Smith has logged in.
[21/03/2015 19:36:55] Sr Smith has logged out.
[21/03/2015 19:36:58] Sr Smith has logged in.
[21/03/2015 19:37:23] Sr Smith has logged out.
[21/03/2015 19:37:26] Sr Smith has logged in.
[21/03/2015 19:38:06] Sr Smith has logged out.
[21/03/2015 19:38:09] Sr Smith has logged in.
[21/03/2015 19:38:55] Sr Smith has logged out.
[21/03/2015 19:39:06] Sr Smith has logged in.
[21/03/2015 19:39:08] > Broadcasted message: "Para comprar bless digite !bless".
[21/03/2015 19:39:32] Sr Smith has logged out.
[21/03/2015 19:39:39] Sr Smith has logged in.
[21/03/2015 19:39:48] Harry Potter has logged out.
[21/03/2015 19:39:58] Xerath has logged out.
[21/03/2015 19:40:00] Mete Akky has logged in.
[21/03/2015 19:40:00] Xerath has logged in.
[21/03/2015 19:40:26] Sr Smith has logged out.
[21/03/2015 19:40:28] Sr Smith has logged in.
[21/03/2015 19:40:53] Sr Smith has logged out.
[21/03/2015 19:40:55] Sr Smith has logged in.
[21/03/2015 19:41:15] Sr Smith has logged out.
[21/03/2015 19:41:22] Sr Smith has logged in.
[21/03/2015 19:41:49] Sr Smith has logged out.
[21/03/2015 19:41:51] Sr Smith has logged in.
[21/03/2015 19:42:10] Sr Smith has logged out.
[21/03/2015 19:42:14] Sr Smith has logged in.
[21/03/2015 19:42:31] Sr Smith has logged out.
[21/03/2015 19:42:40] Sr Smith has logged in.
[21/03/2015 19:42:58] Sr Smith has logged out.
[21/03/2015 19:43:01] Sr Smith has logged in.
[21/03/2015 19:43:21] Sr Smith has logged out.
[21/03/2015 19:43:24] Sr Smith has logged in.
[21/03/2015 19:43:45] Sr Smith has logged out.
[21/03/2015 19:43:48] Sr Smith has logged in.
[21/03/2015 19:44:21] Sr Smith has logged out.
[21/03/2015 19:44:23] Sr Smith has logged in.
[21/03/2015 19:44:43] Sr Smith has logged out.
[21/03/2015 19:44:44] Sr Smith has logged in.
[21/03/2015 19:45:05] Sr Smith has logged out.
[21/03/2015 19:45:15] Sr Smith has logged in.
[21/03/2015 19:45:44] Sr Smith has logged out.
[21/03/2015 19:45:46] Sr Smith has logged in.
[21/03/2015 19:46:01] Sr Smith has logged out.
[21/03/2015 19:46:04] Sr Smith has logged in.
[21/03/2015 19:46:23] Sr Smith has logged out.
[21/03/2015 19:46:23] Mr Thug has logged out.
[21/03/2015 19:46:25] Sr Smith has logged in.
[21/03/2015 19:46:25] Mr Thug has logged in.
[21/03/2015 19:46:48] Sr Smith has logged out.
[21/03/2015 19:46:51] Sr Smith has logged in.
[21/03/2015 19:47:08] > Broadcasted message: "Game map cleaning in 1 minute, please pick up all your items.".
[21/03/2015 19:47:12] Sr Smith has logged out.
[21/03/2015 19:47:19] Sr Smith has logged in.
[21/03/2015 19:47:27] Cheguei No Pistao has logged out.
[21/03/2015 19:47:29] > Broadcasted message: "Sempre Ao Criar Uma Conta, Pegue A RK Dela No Account Manager Da Conta E Anote, Nunca Passe A Sua Senha Para Outras Pessoas, E Ao Entrar Em Outros OT´s Crie Contas Diferentes Para Não Sofrer HACKED, Não Me Responsabilizo Por Perdas, Obrigado".
[21/03/2015 19:47:38] > CLEAN: Removed 4397 items from 2588 tiles in 0.256 seconds.
[21/03/2015 19:47:39] > Broadcasted message: "Map Cleaned.".
[21/03/2015 19:47:52] Knightzerah Mythus has logged out.
[21/03/2015 19:47:54] Knightzerah Mythus has logged in.
[21/03/2015 19:49:26] Honda has logged out.
[21/03/2015 19:49:36] Account Manager has logged in.
[21/03/2015 19:49:44] Account Manager has logged out.
[21/03/2015 19:49:45] Honda has logged in.
[21/03/2015 19:49:47] Poderoso Castiga has logged in.
[21/03/2015 19:50:10] Poderoso Castiga has logged out.
[21/03/2015 19:50:11] Cheguei No Pistao has logged in.
[21/03/2015 19:50:14] Mr Thug has logged out.
[21/03/2015 19:50:15] Mr Thug has logged in.
[21/03/2015 19:50:28] > Saving server...
[21/03/2015 19:50:32] > SAVE: Complete in 3.258 seconds using relational house storage.
[21/03/2015 19:50:41] Sr Smith has logged out.
[21/03/2015 19:50:44] Sr Smith has logged in.
[21/03/2015 19:50:52] Druidzerah Mythus has logged out.
[21/03/2015 19:50:55] Honda has logged out.
[21/03/2015 19:51:00] Sr Smith has logged out.
[21/03/2015 19:51:10] Sr Smith has logged in.
[21/03/2015 19:51:18] Honda has logged in.
[21/03/2015 19:51:26] Druidzerah Mythus has logged in.
[21/03/2015 19:51:38] Sr Smith has logged out.
[21/03/2015 19:51:43] Sr Smith has logged in.
[21/03/2015 19:53:03] Sr Smith has logged out.
[21/03/2015 19:53:05] Sr Smith has logged in.
[21/03/2015 19:53:10] Biozard has logged out.
[21/03/2015 19:53:22] Biozard has logged in.
[21/03/2015 19:53:23] Sr Smith has logged out.
[21/03/2015 19:53:31] Sr Smith has logged in.
[21/03/2015 19:53:35] Haas has logged out.
[21/03/2015 19:53:38] Haas has logged in.
[21/03/2015 19:53:54] Sr Smith has logged out.
[21/03/2015 19:53:57] Sr Smith has logged in.
[21/03/2015 19:54:11] Biozard has logged out.
[21/03/2015 19:54:14] Biozard has logged in.
[21/03/2015 19:54:23] Sr Smith has logged out.
[21/03/2015 19:54:24] Sr Smith has logged in.
[21/03/2015 19:54:42] Sr Smith has logged out.
[21/03/2015 19:54:46] Sr Smith has logged in.
[21/03/2015 19:55:00] Sr Smith has logged out.
[21/03/2015 19:55:07] Sr Smith has logged in.
[21/03/2015 19:55:22] Sr Smith has logged out.
[21/03/2015 19:55:26] Sr Smith has logged in.
[21/03/2015 19:55:29] Sr Smith has logged out.
[21/03/2015 19:55:42] Biozard has logged out.
[21/03/2015 19:55:50] > Broadcasted message: "Para comprar bless digite !bless".
[21/03/2015 19:56:10] Biozard has logged in.
[21/03/2015 19:57:04] Mete Akky has logged out.
[21/03/2015 19:57:27] Biozard has logged out.
[21/03/2015 19:57:29] Biozard has logged in.
[21/03/2015 19:58:07] Biozard has logged out.
[21/03/2015 19:58:45] Mr Thug has logged out.
[21/03/2015 19:58:47] Mr Thug has logged in.
[21/03/2015 19:59:01] Cheguei No Pistao has logged out.
[21/03/2015 19:59:02] Cheguei No Pistao has logged in.
[21/03/2015 19:59:07] Biozard has logged in.
[21/03/2015 19:59:20] Biozard has logged out.
[21/03/2015 19:59:34] Magezin Sapeca has logged in.
[21/03/2015 19:59:42] Biozard has logged in.
[21/03/2015 20:00:12] Biozard has logged out.
[21/03/2015 20:00:37] Biozard has logged in.
[21/03/2015 20:01:17] Xerath has logged out.
[21/03/2015 20:01:26] Xerath has logged in.
[21/03/2015 20:01:32] Xerath has logged out.
[21/03/2015 20:01:34] Xerath has logged in.
[21/03/2015 20:01:40] Mr Thug has logged out.
[21/03/2015 20:01:41] Cheguei No Pistao has logged out.
[21/03/2015 20:01:42] Honda has logged out.
[21/03/2015 20:01:42] Biozard has logged out.
[21/03/2015 20:01:43] Mr Thug has logged in.
[21/03/2015 20:01:44] Magezin Sapeca has logged out.
[21/03/2015 20:01:54] Honda has logged in.
[21/03/2015 20:02:07] Tibbers has logged in.
[21/03/2015 20:02:13] Cheguei No Pistao has logged in.
[21/03/2015 20:02:14] Mr Thug has logged out.
[21/03/2015 20:02:16] Mr Thug has logged in.
[21/03/2015 20:02:22] Biozard has logged in.
[21/03/2015 20:02:29] Magezin Sapeca has logged in.
[21/03/2015 20:02:35] Tibbers has logged out.
[21/03/2015 20:02:36] Biozard has logged out.
[21/03/2015 20:02:36] Mr Thug has logged out.
[21/03/2015 20:02:37] Magezin Sapeca has logged out.
[21/03/2015 20:02:37] Xerath has logged out.
[21/03/2015 20:02:38] Honda has logged out.
[21/03/2015 20:02:46] Tibbers has logged in.
[21/03/2015 20:02:48] Honda has logged in.
[21/03/2015 20:02:51] Magezin Sapeca has logged in.
[21/03/2015 20:02:53] Mr Thug has logged in.
[21/03/2015 20:02:59] Biozard has logged in.
[21/03/2015 20:03:09] Xerath has logged in.
[21/03/2015 20:03:13] Biozard has logged out.
[21/03/2015 20:03:14] Xerath has logged out.
[21/03/2015 20:03:14] Cheguei No Pistao has logged out.
[21/03/2015 20:03:15] Honda has logged out.
[21/03/2015 20:03:16] Mr Thug has logged out.
[21/03/2015 20:03:23] Mr Thug has logged in.
[21/03/2015 20:03:25] Honda has logged in.
[21/03/2015 20:03:49] > Broadcasted message: "Game map cleaning in 1 minute, please pick up all your items.".
[21/03/2015 20:04:05] Biozard has logged in.
[21/03/2015 20:04:05] Cheguei No Pistao has logged in.
[21/03/2015 20:04:10] Biozard has logged out.
[21/03/2015 20:04:11] > Broadcasted message: "Para ver as noticias fale !notice".
[21/03/2015 20:04:13] Biozard has logged in.
[21/03/2015 20:04:20] > CLEAN: Removed 3678 items from 2405 tiles in 0.527 seconds.
[21/03/2015 20:04:21] > Broadcasted message: "Map Cleaned.".
[21/03/2015 20:04:47] Biozard has logged out.
[21/03/2015 20:04:52] Biozard has logged in.
[21/03/2015 20:05:21] Xerath has logged in.
[21/03/2015 20:05:39] Magezin Sapeca has logged out.
[21/03/2015 20:05:40] Tibbers has logged out.
[21/03/2015 20:05:40] Xerath has logged out.
[21/03/2015 20:05:41] Honda has logged out.
[21/03/2015 20:05:41] Biozard has logged out.
[21/03/2015 20:05:42] Mr Thug has logged out.
[21/03/2015 20:05:50] Mr Thug has logged in.
[21/03/2015 20:05:57] Magezin Sapeca has logged in.
[21/03/2015 20:06:02] Honda has logged in.
[21/03/2015 20:06:16] Biozard has logged in.
[21/03/2015 20:06:22] Harry Potter has logged in.
[21/03/2015 20:06:29] Tibbers has logged in.
[21/03/2015 20:06:42] Biozard has logged out.
[21/03/2015 20:06:48] Biozard has logged in.
[21/03/2015 20:07:01] Mr Thug has logged out.
[21/03/2015 20:07:02] Biozard has logged out.
[21/03/2015 20:07:04] Biozard has logged in.
[21/03/2015 20:07:51] Biozard has logged out.
[21/03/2015 20:08:09] Biozard has logged in.
[21/03/2015 20:08:30] Magezin Sapeca has logged out.
[21/03/2015 20:08:30] Cheguei No Pistao has logged out.
[21/03/2015 20:08:31] Harry Potter has logged out.
[21/03/2015 20:08:31] Knightzerah Mythus has logged out.
[21/03/2015 20:08:31] Tibbers has logged out.
[21/03/2015 20:08:32] Honda has logged out.
[21/03/2015 20:08:33] Biozard has logged out.
[21/03/2015 20:08:33] Druidzerah Mythus has logged out.
[21/03/2015 20:08:43] Tibbers has logged in.
[21/03/2015 20:08:49] Magezin Sapeca has logged in.
[21/03/2015 20:08:54] Cheguei No Pistao has logged in.
[21/03/2015 20:09:09] Druidzerah Mythus has logged in.
[21/03/2015 20:09:32] Harry Potter has logged in.
[21/03/2015 20:10:03] Honda has logged in.
[21/03/2015 20:10:06] Knightzerah Mythus has logged in.
[21/03/2015 20:10:13] Honda has logged out.
[21/03/2015 20:10:28] Hiroshi has logged out.
[21/03/2015 20:10:44] Biozard has logged in.
[21/03/2015 20:12:30] Haas has logged out.
[21/03/2015 20:12:31] Cheguei No Pistao has logged out.
[21/03/2015 20:12:31] Druidzerah Mythus has logged out.
[21/03/2015 20:12:32] Harry Potter has logged out.
[21/03/2015 20:12:33] Tibbers has logged out.
[21/03/2015 20:12:33] Magezin Sapeca has logged out.
[21/03/2015 20:12:34] > Broadcasted message: "Sempre Ao Criar Uma Conta, Pegue A RK Dela No Account Manager Da Conta E Anote, Nunca Passe A Sua Senha Para Outras Pessoas, E Ao Entrar Em Outros OT´s Crie Contas Diferentes Para Não Sofrer HACKED, Não Me Responsabilizo Por Perdas, Obrigado".
[21/03/2015 20:12:43] Tibbers has logged in.
[21/03/2015 20:12:45] Druidzerah Mythus has logged in.
[21/03/2015 20:12:51] Cheguei No Pistao has logged in.
[21/03/2015 20:13:00] Harry Potter has logged in.
[21/03/2015 20:13:02] Magezin Sapeca has logged in.
[21/03/2015 20:13:04] Druidzerah Mythus has logged out.
[21/03/2015 20:13:05] Biozard has logged out.
[21/03/2015 20:13:05] Harry Potter has logged out.
[21/03/2015 20:13:06] Magezin Sapeca has logged out.
[21/03/2015 20:13:15] Druidzerah Mythus has logged in.
[21/03/2015 20:13:26] Magezin Sapeca has logged in.
[21/03/2015 20:13:41] Account Manager has logged in.
[21/03/2015 20:13:44] Biozard has logged in.
[21/03/2015 20:13:49] > Saving server...
[21/03/2015 20:13:52] > SAVE: Complete in 2.526 seconds using relational house storage.
[21/03/2015 20:13:53] Account Manager has logged out.
[21/03/2015 20:13:55] Account Manager has logged in.
[21/03/2015 20:13:58] Account Manager has logged out.
[21/03/2015 20:14:00] Harry Potter has logged in.
[21/03/2015 20:14:15] Magezin Sapeca has logged out.
[21/03/2015 20:14:15] Harry Potter has logged out.
[21/03/2015 20:14:16] Biozard has logged out.
[21/03/2015 20:14:16] Cheguei No Pistao has logged out.
[21/03/2015 20:14:17] Druidzerah Mythus has logged out.
[21/03/2015 20:14:18] Tibbers has logged out.
[21/03/2015 20:14:23] Tibbers has logged in.
[21/03/2015 20:14:24] Magezin Sapeca has logged in.
[21/03/2015 20:14:30] Harry Potter has logged in.
[21/03/2015 20:14:39] Druidzerah Mythus has logged in.
[21/03/2015 20:14:41] Poderoso Castiga has logged in.
[21/03/2015 20:14:42] Biozard has logged in.
[21/03/2015 20:14:45] Magezin Sapeca has logged out.
[21/03/2015 20:14:47] Tibbers has logged out.
[21/03/2015 20:14:48] Biozard has logged out.
[21/03/2015 20:14:48] Druidzerah Mythus has logged out.
[21/03/2015 20:14:49] Harry Potter has logged out.
[21/03/2015 20:14:50] Poderoso Castiga has logged out.
[21/03/2015 20:14:52] Cheguei No Pistao has logged in.
[21/03/2015 20:14:55] Tibbers has logged in.
[21/03/2015 20:15:03] Harry Potter has logged in.
[21/03/2015 20:15:07] Magezin Sapeca has logged in.
[21/03/2015 20:15:09] Druidzerah Mythus has logged in.
[21/03/2015 20:15:09] Tibbers has logged out.
[21/03/2015 20:15:12] Biozard has logged in.
[21/03/2015 20:15:17] Tibbers has logged in.
[21/03/2015 20:15:42] Nadador Knight has logged in.
[21/03/2015 20:15:43] Biozard has logged out.
[21/03/2015 20:15:47] Biozard has logged in.
[21/03/2015 20:15:58] Biozard has logged out.
[21/03/2015 20:16:08] Biozard has logged in.
[21/03/2015 20:16:30] Biozard has logged out.
[21/03/2015 20:16:30] Nadador Knight has logged out.
[21/03/2015 20:16:31] Magezin Sapeca has logged out.
[21/03/2015 20:16:31] Druidzerah Mythus has logged out.
[21/03/2015 20:16:33] Cheguei No Pistao has logged out.
[21/03/2015 20:16:40] Druidzerah Mythus has logged in.
[21/03/2015 20:16:47] Nadador Knight has logged in.
[21/03/2015 20:17:03] Biozard has logged in.
[21/03/2015 20:17:07] Magezin Sapeca has logged in.
[21/03/2015 20:17:09] Cheguei No Pistao has logged in.
[21/03/2015 20:18:08] Magezin Sapeca has logged out.
[21/03/2015 20:18:09] Druidzerah Mythus has logged out.
[21/03/2015 20:18:09] Nadador Knight has logged out.
[21/03/2015 20:18:10] Harry Potter has logged out.
[21/03/2015 20:18:10] Cheguei No Pistao has logged out.
[21/03/2015 20:18:11] Tibbers has logged out.
[21/03/2015 20:18:17] Tibbers has logged in.
[21/03/2015 20:18:17] Druidzerah Mythus has logged in.
[21/03/2015 20:18:19] Magezin Sapeca has logged in.
[21/03/2015 20:18:21] Nadador Knight has logged in.
[21/03/2015 20:18:32] Tibbers has logged out.
[21/03/2015 20:18:40] Tibbers has logged in.
[21/03/2015 20:18:45] Biozard has logged out.
[21/03/2015 20:18:49] Biozard has logged in.
[21/03/2015 20:19:03] Druidzerah Mythus has logged out.
[21/03/2015 20:19:04] Nadador Knight has logged out.
[21/03/2015 20:19:05] Magezin Sapeca has logged out.
[21/03/2015 20:19:06] Biozard has logged out.
[21/03/2015 20:19:12] Harry Potter has logged in.
[21/03/2015 20:19:13] Nadador Knight has logged in.
[21/03/2015 20:19:22] Magezin Sapeca has logged in.
[21/03/2015 20:19:31] Druidzerah Mythus has logged in.
[21/03/2015 20:19:38] Harry Potter has logged out.
[21/03/2015 20:19:41] Biozard has logged in.
[21/03/2015 20:19:53] Xerath has logged in.
[21/03/2015 20:19:55] Druidzerah Mythus has logged out.
[21/03/2015 20:19:56] Xerath has logged out.
[21/03/2015 20:19:56] Magezin Sapeca has logged out.
[21/03/2015 20:20:07] Druidzerah Mythus has logged in.
[21/03/2015 20:20:13] Account Manager has logged in.
[21/03/2015 20:20:30] > Broadcasted message: "Game map cleaning in 1 minute, please pick up all your items.".
[21/03/2015 20:20:34] Account Manager has logged out.
[21/03/2015 20:20:35] Xerath has logged in.
[21/03/2015 20:20:40] Xerath has logged out.
[21/03/2015 20:20:41] Druidzerah Mythus has logged out.
[21/03/2015 20:20:45] Biozard has logged out.
[21/03/2015 20:20:47] Biozard has logged in.
[21/03/2015 20:20:52] Xerath has logged in.
[21/03/2015 20:20:54] Druidzerah Mythus has logged in.
[21/03/2015 20:20:55] > Broadcasted message: "Novo CLIENTE = http://www.4shared.com/rar/cfxSV4o7ce/Death_PVP.html".
[21/03/2015 20:21:01] > CLEAN: Removed 672 items from 584 tiles in 0.333 seconds.
[21/03/2015 20:21:02] > Broadcasted message: "Map Cleaned.".
[21/03/2015 20:21:06] Biozard has logged out.
[21/03/2015 20:21:07] Druidzerah Mythus has logged out.
[21/03/2015 20:21:08] Xerath has logged out.
[21/03/2015 20:21:13] Cheguei No Pistao has logged in.
[21/03/2015 20:21:18] Xerath has logged in.
[21/03/2015 20:21:21] Druidzerah Mythus has logged in.
[21/03/2015 20:21:31] Haas has logged in.
[21/03/2015 20:21:34] Cronzera has logged in.
[21/03/2015 20:22:04] Cronzera has logged out.
[21/03/2015 20:22:09] Biozard has logged in.
[21/03/2015 20:23:05] Hiroshi has logged in.
[21/03/2015 20:23:42] Druidzerah Mythus has logged out.
[21/03/2015 20:25:10] Druidzerah Mythus has logged in.
[21/03/2015 20:25:16] Nadador Knight has logged out.
[21/03/2015 20:25:18] Nadador Knight has logged in.
[21/03/2015 20:26:01] Cheguei No Pistao has logged out.
[21/03/2015 20:26:03] Cheguei No Pistao has logged in.
[21/03/2015 20:29:16] > Broadcasted message: "Novo CLIENTE = http://www.4shared.com/rar/cfxSV4o7ce/Death_PVP.html".
[21/03/2015 20:30:05] Cheguei No Pistao has logged out.
[21/03/2015 20:30:06] Cheguei No Pistao has logged in.
[21/03/2015 20:30:48] Xerath has logged out.
[21/03/2015 20:30:58] Knight Doido has logged in.
[21/03/2015 20:32:34] Cheguei No Pistao has logged out.
[21/03/2015 20:32:36] Cheguei No Pistao has logged in.
[21/03/2015 20:34:55] Knightzerah Mythus has logged out.
[21/03/2015 20:34:59] Knightzerah Mythus has logged in.
[21/03/2015 20:35:44] Cheguei No Pistao has logged out.
[21/03/2015 20:35:45] Cheguei No Pistao has logged in.
[21/03/2015 20:36:07] Knightzerah Mythus has logged out.
[21/03/2015 20:36:11] Knightzerah Mythus has logged in.
[21/03/2015 20:37:10] > Saving server...
[21/03/2015 20:37:13] > SAVE: Complete in 3.472 seconds using relational house storage.
[21/03/2015 20:37:14] > Broadcasted message: "Game map cleaning in 1 minute, please pick up all your items.".
[21/03/2015 20:37:36] Biozard has logged out.
[21/03/2015 20:37:37] > Broadcasted message: "Sempre Ao Criar Uma Conta, Pegue A RK Dela No Account Manager Da Conta E Anote, Nunca Passe A Sua Senha Para Outras Pessoas, E Ao Entrar Em Outros OT´s Crie Contas Diferentes Para Não Sofrer HACKED, Não Me Responsabilizo Por Perdas, Obrigado".
[21/03/2015 20:37:41] Biozard has logged in.
[21/03/2015 20:37:41] 
[21/03/2015 20:37:41] Lua Script Error: [CreatureScript Interface] 
[21/03/2015 20:37:41] data/creaturescripts/scripts/playerdeath.lua:onDeath
[21/03/2015 20:37:42] 
[21/03/2015 20:37:42] luaGetCreatureName(). Creature not found
[21/03/2015 20:37:43] Biozard has logged out.
[21/03/2015 20:37:45] > CLEAN: Removed 321 items from 640 tiles in 0.593 seconds.
[21/03/2015 20:37:46] > Broadcasted message: "Map Cleaned.".
[21/03/2015 20:37:51] Biozard has logged in.
[21/03/2015 20:37:51] 
[21/03/2015 20:37:51] Lua Script Error: [CreatureScript Interface] 
[21/03/2015 20:37:52] data/creaturescripts/scripts/playerdeath.lua:onDeath
[21/03/2015 20:37:52] 
[21/03/2015 20:37:52] luaGetCreatureName(). Creature not found
[21/03/2015 20:37:53] Biozard has logged out.
[21/03/2015 20:37:58] Biozard has logged in.
[21/03/2015 20:37:58] 
[21/03/2015 20:37:58] Lua Script Error: [CreatureScript Interface] 
[21/03/2015 20:37:58] data/creaturescripts/scripts/playerdeath.lua:onDeath
[21/03/2015 20:37:59] 
[21/03/2015 20:37:59] luaGetCreatureName(). Creature not found
[21/03/2015 20:37:59] Biozard has logged out.
[21/03/2015 20:38:02] Biozard has logged in.
[21/03/2015 20:38:03] 
[21/03/2015 20:38:03] Lua Script Error: [CreatureScript Interface] 
[21/03/2015 20:38:03] data/creaturescripts/scripts/playerdeath.lua:onDeath
[21/03/2015 20:38:04] 
[21/03/2015 20:38:04] luaGetCreatureName(). Creature not found
[21/03/2015 20:38:05] Biozard has logged out.
[21/03/2015 20:38:09] Biozard has logged in.
[21/03/2015 20:38:09] 
[21/03/2015 20:38:09] Lua Script Error: [CreatureScript Interface] 
[21/03/2015 20:38:09] data/creaturescripts/scripts/playerdeath.lua:onDeath
[21/03/2015 20:38:10] 
[21/03/2015 20:38:10] luaGetCreatureName(). Creature not found
[21/03/2015 20:38:10] Biozard has logged out.
[21/03/2015 20:38:25] Biozard has logged in.
[21/03/2015 20:38:25] 
[21/03/2015 20:38:25] Lua Script Error: [CreatureScript Interface] 
[21/03/2015 20:38:26] data/creaturescripts/scripts/playerdeath.lua:onDeath
[21/03/2015 20:38:27] 
[21/03/2015 20:38:27] luaGetCreatureName(). Creature not found
[21/03/2015 20:38:27] Biozard has logged out.
[21/03/2015 20:38:30] Biozard has logged in.
[21/03/2015 20:38:31] 
[21/03/2015 20:38:31] Lua Script Error: [CreatureScript Interface] 
[21/03/2015 20:38:31] data/creaturescripts/scripts/playerdeath.lua:onDeath
[21/03/2015 20:38:32] 
[21/03/2015 20:38:32] luaGetCreatureName(). Creature not found
[21/03/2015 20:38:33] Biozard has logged out.
[21/03/2015 20:38:35] Biozard has logged in.
[21/03/2015 20:38:35] 
[21/03/2015 20:38:35] Lua Script Error: [CreatureScript Interface] 
[21/03/2015 20:38:36] data/creaturescripts/scripts/playerdeath.lua:onDeath
[21/03/2015 20:38:36] 
[21/03/2015 20:38:36] luaGetCreatureName(). Creature not found
[21/03/2015 20:38:37] Biozard has logged out.
[21/03/2015 20:38:40] Biozard has logged in.
[21/03/2015 20:38:40] 
[21/03/2015 20:38:40] Lua Script Error: [CreatureScript Interface] 
[21/03/2015 20:38:41] data/creaturescripts/scripts/playerdeath.lua:onDeath
[21/03/2015 20:38:41] 
[21/03/2015 20:38:41] luaGetCreatureName(). Creature not found
[21/03/2015 20:38:42] Biozard has logged out.
[21/03/2015 20:39:00] Biozard has logged in.
[21/03/2015 20:39:01] 
[21/03/2015 20:39:01] Lua Script Error: [CreatureScript Interface] 
[21/03/2015 20:39:01] data/creaturescripts/scripts/playerdeath.lua:onDeath
[21/03/2015 20:39:01] 
[21/03/2015 20:39:02] luaGetCreatureName(). Creature not found
[21/03/2015 20:39:03] Biozard has logged out.
[21/03/2015 20:39:06] Biozard has logged in.
[21/03/2015 20:39:06] 
[21/03/2015 20:39:06] Lua Script Error: [CreatureScript Interface] 
[21/03/2015 20:39:06] data/creaturescripts/scripts/playerdeath.lua:onDeath
[21/03/2015 20:39:07] 
[21/03/2015 20:39:07] luaGetCreatureName(). Creature not found
[21/03/2015 20:39:07] Biozard has logged out.
[21/03/2015 20:39:52] Tibbers has logged out.
[21/03/2015 20:39:54] Tibbers has logged in.
[21/03/2015 20:40:28] Knightzerah Mythus has logged out.
[21/03/2015 20:40:31] Knightzerah Mythus has logged in.
[21/03/2015 20:41:40] Hiroshi has logged out.
[21/03/2015 20:41:41] Hiroshi has logged in.
[21/03/2015 20:42:33] Cheguei No Pistao has logged out.
[21/03/2015 20:42:35] Cheguei No Pistao has logged in.
[21/03/2015 20:43:10] Tibbers has logged out.
[21/03/2015 20:43:10] Hiroshi has logged out.
[21/03/2015 20:43:11] Nadador Knight has logged out.
[21/03/2015 20:43:11] Knight Doido has logged out.
[21/03/2015 20:43:16] Haas has logged out.
[21/03/2015 20:43:21] Tibbers has logged in.
[21/03/2015 20:43:22] Nadador Knight has logged in.
[21/03/2015 20:43:25] Account Manager has logged in.
[21/03/2015 20:43:27] Account Manager has logged out.
[21/03/2015 20:43:28] Hiroshi has logged in.
[21/03/2015 20:44:58] Cheguei No Pistao has logged out.
[21/03/2015 20:44:59] Tibbers has logged out.
[21/03/2015 20:44:59] Nadador Knight has logged out.
[21/03/2015 20:45:01] Cheguei No Pistao has logged in.
[21/03/2015 20:45:07] Tibbers has logged in.
[21/03/2015 20:45:16] Nadador Knight has logged in.
[21/03/2015 20:45:58] > Broadcasted message: "Para comprar bless digite !bless".
[21/03/2015 20:46:04] Cheguei No Pistao has logged out.
[21/03/2015 20:46:06] Cheguei No Pistao has logged in.
[21/03/2015 20:46:38] Tibbers has logged out.
[21/03/2015 20:46:40] Tibbers has logged in.
[21/03/2015 20:48:32] Hiroshi has logged out.
[21/03/2015 20:48:34] Knightzerah Mythus has logged out.
[21/03/2015 20:48:36] Cheguei No Pistao has logged out.
[21/03/2015 20:48:43] Cheguei No Pistao has logged in.
[21/03/2015 20:48:44] Nadador Knight has logged out.
[21/03/2015 20:48:46] Cheguei No Pistao has logged out.
[21/03/2015 20:48:46] Cheguei No Pistao has logged in.
[21/03/2015 20:48:49] Hiroshi has logged in.
[21/03/2015 20:49:01] Knightzerah Mythus has logged in.
[21/03/2015 20:49:26] Xerath has logged in.
[21/03/2015 20:51:03] Tibbers has logged out.
[21/03/2015 20:51:05] Tibbers has logged in.
[21/03/2015 20:52:24] Tibbers has logged out.
[21/03/2015 20:52:26] Tibbers has logged in.
[21/03/2015 20:53:55] > Broadcasted message: "Game map cleaning in 1 minute, please pick up all your items.".
[21/03/2015 20:54:03] Cheguei No Pistao has logged out.
[21/03/2015 20:54:05] Cheguei No Pistao has logged in.
[21/03/2015 20:54:19] > Broadcasted message: "Para ver as noticias fale !notice".
[21/03/2015 20:54:26] > CLEAN: Removed 274 items from 222 tiles in 0.527 seconds.
[21/03/2015 20:54:26] > Broadcasted message: "Map Cleaned.".
[21/03/2015 20:57:33] Knight has logged in.
[21/03/2015 21:00:31] > Saving server...
[21/03/2015 21:00:34] > SAVE: Complete in 3.584 seconds using relational house storage.
[21/03/2015 21:01:20] Knight has logged out.
[21/03/2015 21:01:22] Knight has logged in.
[21/03/2015 21:01:33] Knight has logged out.
[21/03/2015 21:01:35] Knight has logged in.
[21/03/2015 21:01:59] Knight has logged out.
[21/03/2015 21:02:01] Knight has logged in.
[21/03/2015 21:02:14] Knight has logged out.
[21/03/2015 21:02:16] Knight has logged in.
[21/03/2015 21:02:33] Brimm-bromm has logged in.
[21/03/2015 21:02:36] Brimm-bromm has logged out.
[21/03/2015 21:02:38] Brumm-bromm has logged in.
[21/03/2015 21:02:40] > Broadcasted message: "Para ver as noticias fale !notice".
[21/03/2015 21:03:26] Tibbers has logged out.
[21/03/2015 21:03:28] Tibbers has logged in.
[21/03/2015 21:03:30] Cheguei No Pistao has logged out.
[21/03/2015 21:03:32] Cheguei No Pistao has logged in.
[21/03/2015 21:04:12] Knight has logged out.
[21/03/2015 21:04:15] Knight has logged in.
[21/03/2015 21:04:36] Brumm-bromm has logged out.
[21/03/2015 21:04:38] Brumm-bromm has logged in.
[21/03/2015 21:04:42] Biozard has logged in.
[21/03/2015 21:04:42] 
[21/03/2015 21:04:42] Lua Script Error: [CreatureScript Interface] 
[21/03/2015 21:04:43] data/creaturescripts/scripts/playerdeath.lua:onDeath
[21/03/2015 21:04:43] 
[21/03/2015 21:04:43] luaGetCreatureName(). Creature not found
[21/03/2015 21:04:44] Biozard has logged out.
[21/03/2015 21:04:53] Cronzera has logged in.
[21/03/2015 21:05:24] Cronzera has logged out.
[21/03/2015 21:05:30] Cronzera has logged in.
[21/03/2015 21:05:55] Cronzera has logged out.
[21/03/2015 21:05:59] Cronzera has logged in.
[21/03/2015 21:06:13] Cronzera has logged out.
[21/03/2015 21:06:16] Cronzera has logged in.
[21/03/2015 21:06:25] Cronzera has logged out.
[21/03/2015 21:06:28] Cronzera has logged in.
[21/03/2015 21:06:38] Cheguei No Pistao has logged out.
[21/03/2015 21:06:40] Cheguei No Pistao has logged in.
[21/03/2015 21:07:19] Cronzera has logged out.
[21/03/2015 21:07:23] Cronzera has logged in.
[21/03/2015 21:07:24] Brumm-bromm has logged out.
[21/03/2015 21:07:26] Brumm-bromm has logged in.
[21/03/2015 21:07:36] Cheguei No Pistao has logged out.
[21/03/2015 21:07:38] Cheguei No Pistao has logged in.
[21/03/2015 21:07:46] Cronzera has logged out.
[21/03/2015 21:07:48] Cronzera has logged in.
[21/03/2015 21:07:52] Knight has logged out.
[21/03/2015 21:07:54] Knight has logged in.
[21/03/2015 21:07:57] Cronzera has logged out.
[21/03/2015 21:08:01] Cronzera has logged in.
[21/03/2015 21:08:06] Cheguei No Pistao has logged out.
[21/03/2015 21:08:07] Cheguei No Pistao has logged in.
[21/03/2015 21:08:16] Cronzera has logged out.
[21/03/2015 21:08:20] Cronzera has logged in.
[21/03/2015 21:08:27] Magezin Sapeca has logged in.
[21/03/2015 21:08:34] Cronzera has logged out.
[21/03/2015 21:08:36] Cronzera has logged in.
[21/03/2015 21:09:26] Cronzera has logged out.
[21/03/2015 21:09:51] Cronzera has logged in.
[21/03/2015 21:09:52] Tibbers has logged out.
[21/03/2015 21:10:01] Tibbers has logged in.
[21/03/2015 21:10:03] Tibbers has logged out.
[21/03/2015 21:10:36] > Broadcasted message: "Game map cleaning in 1 minute, please pick up all your items.".
[21/03/2015 21:10:48] Magezin Sapeca has logged out.
[21/03/2015 21:10:49] Hiroshi has logged out.
[21/03/2015 21:10:51] Brumm-bromm has logged out.
[21/03/2015 21:10:52] Knight has logged out.
[21/03/2015 21:10:54] Xerath has logged out.
[21/03/2015 21:10:57] Cheguei No Pistao has logged out.
[21/03/2015 21:10:58] Druidzerah Mythus has logged out.
[21/03/2015 21:11:01] > Broadcasted message: "Para comprar bless digite !bless".
[21/03/2015 21:11:05] Cronzera has logged out.
[21/03/2015 21:11:08] > CLEAN: Removed 50 items from 72 tiles in 0.206 seconds.
[21/03/2015 21:11:08] > Broadcasted message: "Map Cleaned.".
[21/03/2015 21:11:10] Xerath has logged in.
[21/03/2015 21:11:12] Knight has logged in.
[21/03/2015 21:11:13] Knight has logged out.
[21/03/2015 21:11:18] Magezin Sapeca has logged in.
[21/03/2015 21:11:20] Hiroshi has logged in.
[21/03/2015 21:11:23] Cheguei No Pistao has logged in.
[21/03/2015 21:11:27] Knight has logged in.
[21/03/2015 21:11:28] Knight has logged out.
[21/03/2015 21:11:35] Druidzerah Mythus has logged in.
[21/03/2015 21:12:01] Knight has logged in.
[21/03/2015 21:12:03] Knight has logged out.
[21/03/2015 21:12:04] Xerath has logged out.
[21/03/2015 21:12:22] Knightzerah Mythus has logged out.
[21/03/2015 21:12:26] Knightzerah Mythus has logged in.
[21/03/2015 21:14:25] Hiroshi has logged out.
[21/03/2015 21:14:25] Xerath has logged in.
[21/03/2015 21:14:26] Hiroshi has logged in.
[21/03/2015 21:15:13] Account Manager has logged in.
[21/03/2015 21:15:27] Account Manager has logged out.
[21/03/2015 21:15:29] Account Manager has logged in.
[21/03/2015 21:15:30] Account Manager has logged out.
[21/03/2015 21:15:54] Haas has logged in.
[21/03/2015 21:16:11] Druidzerah Mythus has logged out.
[21/03/2015 21:16:13] Druidzerah Mythus has logged in.
[21/03/2015 21:17:46] Knightzerah Mythus has logged out.
[21/03/2015 21:17:51] Knightzerah Mythus has logged in.
[21/03/2015 21:18:10] Skise Da Xurupita has logged in.
[21/03/2015 21:18:45] Skise Da Xurupita has logged out.
[21/03/2015 21:18:47] Skise Da Xurupita has logged in.
[21/03/2015 21:18:55] Tibbers has logged in.
[21/03/2015 21:19:22] > Broadcasted message: "Novo CLIENTE = http://www.4shared.com/rar/cfxSV4o7ce/Death_PVP.html".
[21/03/2015 21:20:32] Magezin Sapeca has logged out.
[21/03/2015 21:21:20] Cheguei No Pistao has logged out.
[21/03/2015 21:21:22] Cheguei No Pistao has logged in.
[21/03/2015 21:21:38] Magezin Sapeca has logged in.
[21/03/2015 21:22:02] Skise Da Xurupita has logged out.
[21/03/2015 21:22:07] Skize Da Xurupita has logged in.
[21/03/2015 21:22:10] Druidzerah Mythus has logged out.
[21/03/2015 21:22:19] Druidzerah Mythus has logged in.
[21/03/2015 21:22:47] Knightzerah Mythus has logged out.
[21/03/2015 21:22:50] Knightzerah Mythus has logged in.
[21/03/2015 21:23:11] Knightzerah Mythus has logged out.
[21/03/2015 21:23:14] Knightzerah Mythus has logged in.
[21/03/2015 21:23:52] > Saving server...
[21/03/2015 21:23:55] > SAVE: Complete in 3.247 seconds using relational house storage.
[21/03/2015 21:24:44] Knightzerah Mythus has logged out.
[21/03/2015 21:24:46] Knightzerah Mythus has logged in.
[21/03/2015 21:25:54] Haas has logged out.
[21/03/2015 21:25:56] Magezin Sapeca has logged out.
[21/03/2015 21:25:57] Haas has logged in.
[21/03/2015 21:25:58] Magezin Sapeca has logged in.
[21/03/2015 21:26:25] Cheguei No Pistao has logged out.
[21/03/2015 21:26:26] Hiroshi has logged out.
[21/03/2015 21:26:27] Cheguei No Pistao has logged in.
[21/03/2015 21:26:28] Hiroshi has logged in.
[21/03/2015 21:26:53] Haas has logged out.
[21/03/2015 21:27:00] Haas has logged in.
[21/03/2015 21:27:17] > Broadcasted message: "Game map cleaning in 1 minute, please pick up all your items.".
[21/03/2015 21:27:43] > Broadcasted message: "Novo CLIENTE = http://www.4shared.com/rar/cfxSV4o7ce/Death_PVP.html".
[21/03/2015 21:27:49] > CLEAN: Removed 5683 items from 3812 tiles in 0.847 seconds.
[21/03/2015 21:27:49] > Broadcasted message: "Map Cleaned.".
[21/03/2015 21:28:44] Cheguei No Pistao has logged out.
[21/03/2015 21:28:45] Cheguei No Pistao has logged in.
[21/03/2015 21:28:57] Skize Da Xurupita has logged out.
[21/03/2015 21:28:58] Tibbers has logged out.
[21/03/2015 21:29:05] Tibbers has logged in.
[21/03/2015 21:29:12] Tibbers has logged out.
[21/03/2015 21:29:12] Skise Da Xurupita has logged in.
[21/03/2015 21:29:13] Tibbers has logged in.
[21/03/2015 21:29:15] Skise Da Xurupita has logged out.
[21/03/2015 21:29:16] Skize Da Xurupita has logged in.
[21/03/2015 21:30:29] Cheguei No Pistao has logged out.
[21/03/2015 21:30:30] Haas has logged out.
[21/03/2015 21:30:31] Cheguei No Pistao has logged in.
[21/03/2015 21:30:35] Haas has logged in.
[21/03/2015 21:31:31] Cheguei No Pistao has logged out.
[21/03/2015 21:31:33] Hiroshi has logged out.
[21/03/2015 21:31:34] Cheguei No Pistao has logged in.
[21/03/2015 21:31:35] Hiroshi has logged in.
[21/03/2015 21:32:32] Knight has logged in.
[21/03/2015 21:32:33] Knight has logged out.
[21/03/2015 21:32:56] Tibbers has logged out.
[21/03/2015 21:32:56] Skize Da Xurupita has logged out.
[21/03/2015 21:33:05] Tibbers has logged in.
[21/03/2015 21:33:14] Skise Da Xurupita has logged in.
[21/03/2015 21:33:17] Skise Da Xurupita has logged out.
[21/03/2015 21:33:18] Skize Da Xurupita has logged in.
[21/03/2015 21:33:42] Hiroshi has logged out.
[21/03/2015 21:33:44] Cheguei No Pistao has logged out.
[21/03/2015 21:33:49] Cheguei No Pistao has logged in.
[21/03/2015 21:35:20] Tibbers has logged out.
[21/03/2015 21:35:21] Skize Da Xurupita has logged out.
[21/03/2015 21:35:29] Tibbers has logged in.
[21/03/2015 21:35:39] Skize Da Xurupita has logged in.
[21/03/2015 21:35:39] Tibbers has logged out.
[21/03/2015 21:35:42] Tibbers has logged in.
[21/03/2015 21:35:54] Cheguei No Pistao has logged out.
[21/03/2015 21:36:00] Cheguei No Pistao has logged in.
[21/03/2015 21:36:04] > Broadcasted message: "Sempre Ao Criar Uma Conta, Pegue A RK Dela No Account Manager Da Conta E Anote, Nunca Passe A Sua Senha Para Outras Pessoas, E Ao Entrar Em Outros OT´s Crie Contas Diferentes Para Não Sofrer HACKED, Não Me Responsabilizo Por Perdas, Obrigado".
[21/03/2015 21:36:42] Cheguei No Pistao has logged out.
[21/03/2015 21:36:44] Cheguei No Pistao has logged in.
[21/03/2015 21:37:32] Cheguei No Pistao has logged out.
[21/03/2015 21:37:33] Cheguei No Pistao has logged in.
[21/03/2015 21:38:45] Knightzerah Mythus has logged out.
[21/03/2015 21:38:50] Knightzerah Mythus has logged in.
[21/03/2015 21:40:17] Knightzerah Mythus has logged out.
[21/03/2015 21:40:22] Knightzerah Mythus has logged in.
[21/03/2015 21:42:10] Haas has logged out.
[21/03/2015 21:42:13] Haas has logged in.
[21/03/2015 21:43:58] > Broadcasted message: "Game map cleaning in 1 minute, please pick up all your items.".
[21/03/2015 21:44:13] Knightzerah Mythus has logged out.
[21/03/2015 21:44:19] Knightzerah Mythus has logged in.
[21/03/2015 21:44:25] > Broadcasted message: "Novo CLIENTE = http://www.4shared.com/rar/cfxSV4o7ce/Death_PVP.html".
[21/03/2015 21:44:29] > CLEAN: Removed 6073 items from 3509 tiles in 0.393 seconds.
[21/03/2015 21:44:29] > Broadcasted message: "Map Cleaned.".
[21/03/2015 21:44:54] Cheguei No Pistao has logged out.
[21/03/2015 21:44:56] Cheguei No Pistao has logged in.
[21/03/2015 21:47:04] Haas has logged out.
[21/03/2015 21:47:05] Knightzerah Mythus has logged out.
[21/03/2015 21:47:07] Haas has logged in.
[21/03/2015 21:47:10] Knightzerah Mythus has logged in.
[21/03/2015 21:47:13] > Saving server...
[21/03/2015 21:47:16] > SAVE: Complete in 2.832 seconds using relational house storage.
[21/03/2015 21:47:55] Tibbers has logged out.
[21/03/2015 21:47:56] Skize Da Xurupita has logged out.
[21/03/2015 21:47:58] Skize Da Xurupita has logged in.
[21/03/2015 21:48:09] Tibbers has logged in.
[21/03/2015 21:48:14] Tibbers has logged out.
[21/03/2015 21:48:15] Skize Da Xurupita has logged out.
[21/03/2015 21:48:23] Tibbers has logged in.
[21/03/2015 21:48:25] Skize Da Xurupita has logged in.
[21/03/2015 21:49:03] Knightzerah Mythus has logged out.
[21/03/2015 21:49:06] Knightzerah Mythus has logged in.
[21/03/2015 21:49:40] Knightzerah Mythus has logged out.
[21/03/2015 21:49:44] Knightzerah Mythus has logged in.
[21/03/2015 21:50:09] Magezin Sapeca has logged out.
[21/03/2015 21:50:13] Magezin Sapeca has logged in.
[21/03/2015 21:50:19] Magezin Sapeca has logged out.
[21/03/2015 21:50:31] Cheguei No Pistao has logged out.
[21/03/2015 21:50:33] Cheguei No Pistao has logged in.
[21/03/2015 21:50:58] Magezin Sapeca has logged in.
[21/03/2015 21:51:13] Haas has logged out.
[21/03/2015 21:51:17] Hashi has logged in.
[21/03/2015 21:51:33] Hashi has logged out.
[21/03/2015 21:51:36] Haas has logged in.
[21/03/2015 21:52:02] Skize Da Xurupita has logged out.
[21/03/2015 21:52:46] > Broadcasted message: "Para comprar bless digite !bless".
[21/03/2015 21:53:36] Knightzerah Mythus has logged out.
[21/03/2015 21:53:39] Knightzerah Mythus has logged in.
[21/03/2015 21:54:42] Tibbers has logged out.
[21/03/2015 21:54:43] Tibbers has logged in.
[21/03/2015 21:55:03] Haas has logged out.
[21/03/2015 21:55:06] Haas has logged in.
[21/03/2015 21:55:11] Skize Da Xurupita has logged in.
[21/03/2015 21:56:04] Tibbers has logged out.
[21/03/2015 21:56:05] Skize Da Xurupita has logged out.
[21/03/2015 21:56:13] Tibbers has logged in.
[21/03/2015 21:56:20] Skize Da Xurupita has logged in.
[21/03/2015 21:56:33] Cheguei No Pistao has logged out.
[21/03/2015 21:56:35] Cheguei No Pistao has logged in.
[21/03/2015 21:59:38] Cheguei No Pistao has logged out.
[21/03/2015 21:59:40] Cheguei No Pistao has logged in.
[21/03/2015 21:59:45] Knightzerah Mythus has logged out.
[21/03/2015 21:59:49] Knightzerah Mythus has logged in.
[21/03/2015 21:59:50] Magezin Sapeca has logged out.
[21/03/2015 22:00:06] Cheguei No Pistao has logged out.
[21/03/2015 22:00:34] Hiroshi has logged in.
[21/03/2015 22:00:39] > Broadcasted message: "Game map cleaning in 1 minute, please pick up all your items.".
[21/03/2015 22:01:07] > Broadcasted message: "Para ver as noticias fale !notice".
[21/03/2015 22:01:11] > CLEAN: Removed 5527 items from 3597 tiles in 0.999 seconds.
[21/03/2015 22:01:11] > Broadcasted message: "Map Cleaned.".
[21/03/2015 22:01:23] Tibbers has logged out.
[21/03/2015 22:01:24] Druidzerah Mythus has logged out.
[21/03/2015 22:01:25] Skize Da Xurupita has logged out.
[21/03/2015 22:01:52] Druidzerah Mythus has logged in.
[21/03/2015 22:01:59] Tibbers has logged in.
[21/03/2015 22:02:05] Haas has logged out.
[21/03/2015 22:02:09] Hashi has logged in.
[21/03/2015 22:02:44] Druidzerah Mythus has logged out.
[21/03/2015 22:02:45] Hashi has logged out.
[21/03/2015 22:02:48] Haas has logged in.
[21/03/2015 22:03:06] Druidzerah Mythus has logged in.
[21/03/2015 22:05:00] Druid Do Torro has logged in.
[21/03/2015 22:05:26] Druidzerah Mythus has logged out.
[21/03/2015 22:05:28] Druidzerah Mythus has logged in.
[21/03/2015 22:09:28] > Broadcasted message: "Sempre Ao Criar Uma Conta, Pegue A RK Dela No Account Manager Da Conta E Anote, Nunca Passe A Sua Senha Para Outras Pessoas, E Ao Entrar Em Outros OT´s Crie Contas Diferentes Para Não Sofrer HACKED, Não Me Responsabilizo Por Perdas, Obrigado".
[21/03/2015 22:10:34] > Saving server...
[21/03/2015 22:10:38] > SAVE: Complete in 2.816 seconds using relational house storage.
[21/03/2015 22:11:37] Hiroshi has logged out.
[21/03/2015 22:12:01] Account Manager has logged in.
[21/03/2015 22:12:03] Account Manager has logged out.
[21/03/2015 22:12:04] Hiroshi has logged in.
[21/03/2015 22:13:24] Account Manager has logged in.
[21/03/2015 22:13:29] Account Manager has logged out.
[21/03/2015 22:13:34] Knightzerah Mythus has logged out.
[21/03/2015 22:13:36] Knightzerah Mythus has logged in.
[21/03/2015 22:16:00] Knightzerah Mythus has logged out.
[21/03/2015 22:16:01] Hiroshi has logged out.
[21/03/2015 22:16:15] Hiroshi has logged in.
[21/03/2015 22:16:20] Account Manager has logged in.
[21/03/2015 22:17:04] Account Manager has logged out.
[21/03/2015 22:17:19] Knightzerah Mythus has logged in.
[21/03/2015 22:17:20] > Broadcasted message: "Game map cleaning in 1 minute, please pick up all your items.".
[21/03/2015 22:17:36] Knightzerah Mythus has logged out.
[21/03/2015 22:17:49] > Broadcasted message: "Para ver as noticias fale !notice".
[21/03/2015 22:17:51] > CLEAN: Removed 7258 items from 4629 tiles in 0.542 seconds.
[21/03/2015 22:17:52] > Broadcasted message: "Map Cleaned.".
[21/03/2015 22:17:55] Knightzerah Mythus has logged in.
[21/03/2015 22:18:06] Hiroshi has logged out.
[21/03/2015 22:18:07] Knightzerah Mythus has logged out.
[21/03/2015 22:18:25] Hiroshi has logged in.
[21/03/2015 22:18:28] Knightzerah Mythus has logged in.
[21/03/2015 22:19:34] Skise Da Xurupita has logged in.
[21/03/2015 22:20:59] Hiroshi has logged out.
[21/03/2015 22:21:00] Knightzerah Mythus has logged out.
[21/03/2015 22:21:01] Skise Da Xurupita has logged out.
[21/03/2015 22:21:12] Hiroshi has logged in.
[21/03/2015 22:21:15] Skise Da Xurupita has logged in.
[21/03/2015 22:21:46] Knightzerah Mythus has logged in.
[21/03/2015 22:22:12] Account Manager has logged in.
[21/03/2015 22:22:15] Knightzerah Mythus has logged out.
[21/03/2015 22:22:16] Hiroshi has logged out.
[21/03/2015 22:22:16] Skise Da Xurupita has logged out.
[21/03/2015 22:22:17] Account Manager has logged out.
[21/03/2015 22:22:18] Tibbers has logged out.
[21/03/2015 22:22:23] Account Manager has logged in.
[21/03/2015 22:22:26] Tibbers has logged in.
[21/03/2015 22:22:27] Skise Da Xurupita has logged in.
[21/03/2015 22:22:32] Hiroshi has logged in.
[21/03/2015 22:22:33] Account Manager has logged out.
[21/03/2015 22:22:38] Account Manager has logged in.
[21/03/2015 22:22:38] Knightzerah Mythus has logged in.
[21/03/2015 22:23:02] Account Manager has logged out.
[21/03/2015 22:23:08] Hot Dog has logged in.
[21/03/2015 22:25:41] Hiroshi has logged out.
[21/03/2015 22:25:48] Cheguei No Pistao has logged in.
[21/03/2015 22:25:57] Hiroshi has logged in.
[21/03/2015 22:26:10] > Broadcasted message: "Para comprar bless digite !bless".
[21/03/2015 22:26:18] Hot Dog has logged out.
[21/03/2015 22:26:19] Hiroshi has logged out.
[21/03/2015 22:26:19] Cheguei No Pistao has logged out.
[21/03/2015 22:26:20] Skise Da Xurupita has logged out.
[21/03/2015 22:26:21] Knightzerah Mythus has logged out.
[21/03/2015 22:26:32] Hiroshi has logged in.
[21/03/2015 22:26:39] Skise Da Xurupita has logged in.
[21/03/2015 22:26:39] Knightzerah Mythus has logged in.
[21/03/2015 22:26:53] Cheguei No Pistao has logged in.
[21/03/2015 22:27:03] Tibbers has logged out.
[21/03/2015 22:27:05] Tibbers has logged in.
[21/03/2015 22:27:09] Hiroshi has logged out.
[21/03/2015 22:27:09] Tibbers has logged out.
[21/03/2015 22:27:10] Skise Da Xurupita has logged out.
[21/03/2015 22:27:11] Knightzerah Mythus has logged out.
[21/03/2015 22:27:11] Cheguei No Pistao has logged out.
[21/03/2015 22:27:28] Tibbers has logged in.
[21/03/2015 22:27:29] Hiroshi has logged in.
[21/03/2015 22:27:32] Skise Da Xurupita has logged in.
[21/03/2015 22:27:33] Knightzerah Mythus has logged in.
[21/03/2015 22:28:00] Hot Dog has logged in.
[21/03/2015 22:28:34] Knightzerah Mythus has logged out.
[21/03/2015 22:29:06] Xerath has logged out.
[21/03/2015 22:29:07] Hot Dog has logged out.
[21/03/2015 22:29:07] Hiroshi has logged out.
[21/03/2015 22:29:08] Skise Da Xurupita has logged out.
[21/03/2015 22:29:16] Hot Dog has logged in.
[21/03/2015 22:29:19] Skise Da Xurupita has logged in.
[21/03/2015 22:29:25] Hiroshi has logged in.
[21/03/2015 22:29:45] Knightzerah Mythus has logged in.
[21/03/2015 22:30:42] Haas has logged out.
[21/03/2015 22:30:50] Knightzerah Mythus has logged out.
[21/03/2015 22:31:57] Knightzerah Mythus has logged in.
[21/03/2015 22:33:27] Xerath has logged in.
[21/03/2015 22:33:32] Hiroshi has logged out.
[21/03/2015 22:33:32] Skise Da Xurupita has logged out.
[21/03/2015 22:33:33] Xerath has logged out.
[21/03/2015 22:33:49] Hiroshi has logged in.
[21/03/2015 22:33:55] > Saving server...
[21/03/2015 22:33:58] > SAVE: Complete in 2.634 seconds using relational house storage.
[21/03/2015 22:34:01] > Broadcasted message: "Game map cleaning in 1 minute, please pick up all your items.".
[21/03/2015 22:34:25] Skise Da Xurupita has logged in.
[21/03/2015 22:34:31] > Broadcasted message: "Para ver as noticias fale !notice".
[21/03/2015 22:34:32] > CLEAN: Removed 13234 items from 5645 tiles in 0.826 seconds.
[21/03/2015 22:34:32] > Broadcasted message: "Map Cleaned.".
[21/03/2015 22:34:56] Xerath has logged in.
[21/03/2015 22:35:35] Hiroshi has logged out.
[21/03/2015 22:35:36] Skise Da Xurupita has logged out.
[21/03/2015 22:35:49] Skise Da Xurupita has logged in.
[21/03/2015 22:35:54] Hiroshi has logged in.
[21/03/2015 22:36:03] Cronzera has logged in.
[21/03/2015 22:39:04] Poderoso Castiga has logged in.
[21/03/2015 22:39:07] Poderoso Castiga has logged out.
[21/03/2015 22:39:08] Cheguei No Pistao has logged in.
[21/03/2015 22:39:21] Skise Da Xurupita has logged out.
[21/03/2015 22:39:27] Honda has logged in.
[21/03/2015 22:42:52] > Broadcasted message: "Para ver as noticias fale !notice".
[21/03/2015 22:44:27] Hot Dog has logged out.
[21/03/2015 22:44:29] Hot Dog has logged in.
[21/03/2015 22:45:30] Hot Dog has logged out.
[21/03/2015 22:45:32] Hot Dog has logged in.
[21/03/2015 22:46:00] Account Manager has logged in.
[21/03/2015 22:46:12] Account Manager has logged out.
[21/03/2015 22:46:13] Account Manager has logged in.
[21/03/2015 22:46:14] Account Manager has logged out.
[21/03/2015 22:46:42] Hot Dog has logged out.
[21/03/2015 22:46:45] Hot Dog has logged in.
[21/03/2015 22:47:35] Hot Dog has logged out.
[21/03/2015 22:47:37] Hot Dog has logged in.
[21/03/2015 22:48:43] Haas has logged in.
[21/03/2015 22:49:05] Hot Dog has logged out.
[21/03/2015 22:49:07] Hot Dog has logged in.
[21/03/2015 22:50:42] > Broadcasted message: "Game map cleaning in 1 minute, please pick up all your items.".
[21/03/2015 22:50:46] Tibbers has logged out.
[21/03/2015 22:50:47] Hot Dog has logged out.
[21/03/2015 22:50:49] Hot Dog has logged in.
[21/03/2015 22:51:13] > CLEAN: Removed 16601 items from 5909 tiles in 0.614 seconds.
[21/03/2015 22:51:14] > Broadcasted message: "Map Cleaned.".
[21/03/2015 22:51:14] > Broadcasted message: "Novo CLIENTE = http://www.4shared.com/rar/cfxSV4o7ce/Death_PVP.html".
[21/03/2015 22:53:03] Hot Dog has logged out.
[21/03/2015 22:53:05] Hot Dog has logged in.
[21/03/2015 22:53:06] Cheguei No Pistao has logged out.
[21/03/2015 22:53:08] Cheguei No Pistao has logged in.
[21/03/2015 22:53:21] Hiroshi has logged out.
[21/03/2015 22:53:45] Knightzerah Mythus has logged out.
[21/03/2015 22:53:58] Knightzerah Mythus has logged in.
[21/03/2015 22:54:43] Hot Dog has logged out.
[21/03/2015 22:54:55] Hot Dog has logged in.
[21/03/2015 22:54:55] Tibbers has logged in.
[21/03/2015 22:57:16] > Saving server...
[21/03/2015 22:57:19] > SAVE: Complete in 3.446 seconds using relational house storage.
[21/03/2015 22:57:36] Cheguei No Pistao has logged out.
[21/03/2015 22:57:54] Hot Dog has logged out.
[21/03/2015 22:57:57] Hot Dog has logged in.
[21/03/2015 22:59:35] > Broadcasted message: "Para comprar bless digite !bless".
[21/03/2015 23:01:52] Hot Dog has logged out.
[21/03/2015 23:01:53] Hot Dog has logged in.
[21/03/2015 23:02:55] Hot Dog has logged out.
[21/03/2015 23:02:56] Hot Dog has logged in.
[21/03/2015 23:05:22] Druid Do Torro has logged out.
[21/03/2015 23:05:24] Account Manager has logged in.
[21/03/2015 23:05:26] Account Manager has logged out.
[21/03/2015 23:05:33] Tibbers has logged out.
[21/03/2015 23:05:35] Tibbers has logged in.
[21/03/2015 23:05:38] Account Manager has logged in.
[21/03/2015 23:05:40] Account Manager has logged out.
[21/03/2015 23:06:04] Account Manager has logged in.
[21/03/2015 23:06:09] Honda has logged out.
[21/03/2015 23:06:10] Tibbers has logged out.
[21/03/2015 23:06:10] Account Manager has logged out.
[21/03/2015 23:06:11] Cronzera has logged out.
[21/03/2015 23:06:21] Tibbers has logged in.
[21/03/2015 23:06:21] Honda has logged in.
[21/03/2015 23:06:29] Druid Do Torro has logged in.
[21/03/2015 23:06:37] Account Manager has logged in.
[21/03/2015 23:06:39] Account Manager has logged out.
[21/03/2015 23:07:23] > Broadcasted message: "Game map cleaning in 1 minute, please pick up all your items.".
[21/03/2015 23:07:53] > CLEAN: Removed 9026 items from 5250 tiles in 0.413 seconds.
[21/03/2015 23:07:54] > Broadcasted message: "Map Cleaned.".
[21/03/2015 23:07:56] > Broadcasted message: "Para comprar bless digite !bless".
[21/03/2015 23:08:24] Druid Do Torro has logged out.
[21/03/2015 23:09:17] Account Manager has logged in.
[21/03/2015 23:09:30] Druidzerah Mythus has logged out.
[21/03/2015 23:09:32] Account Manager has logged out.
[21/03/2015 23:09:39] Honda has logged out.
[21/03/2015 23:09:40] Account Manager has logged in.
[21/03/2015 23:09:51] Account Manager has logged out.
[21/03/2015 23:09:56] Druidzerah Mythus has logged in.
[21/03/2015 23:09:58] Lord Biel has logged in.
[21/03/2015 23:10:29] Honda has logged in.
[21/03/2015 23:12:36] Kurosaki Ichigo has logged in.
[21/03/2015 23:13:51] Lord Biel has logged out.
[21/03/2015 23:13:53] Lord Biel has logged in.
[21/03/2015 23:14:04] Lord Biel has logged out.
[21/03/2015 23:14:07] Lord Biel has logged in.
[21/03/2015 23:14:12] Lord Biel has logged out.
[21/03/2015 23:14:14] Lord Biel has logged in.
[21/03/2015 23:14:24] Lord Biel has logged out.
[21/03/2015 23:14:26] Lord Biel has logged in.
[21/03/2015 23:14:45] Lord Biel has logged out.
[21/03/2015 23:14:47] Lord Biel has logged in.
[21/03/2015 23:14:54] Lord Biel has logged out.
[21/03/2015 23:15:15] Kurosaki Ichigo has logged out.
[21/03/2015 23:15:16] Kurosaki Ichigo has logged in.
[21/03/2015 23:15:49] Xerath has logged out.
[21/03/2015 23:15:50] Honda has logged out.
[21/03/2015 23:15:51] Kurosaki Ichigo has logged out.
[21/03/2015 23:16:03] Kurosaki Ichigo has logged in.
[21/03/2015 23:16:03] Honda has logged in.
[21/03/2015 23:16:17] > Broadcasted message: "Sempre Ao Criar Uma Conta, Pegue A RK Dela No Account Manager Da Conta E Anote, Nunca Passe A Sua Senha Para Outras Pessoas, E Ao Entrar Em Outros OT´s Crie Contas Diferentes Para Não Sofrer HACKED, Não Me Responsabilizo Por Perdas, Obrigado".
[21/03/2015 23:16:22] Xerath has logged in.
[21/03/2015 23:16:25] Honda has logged out.
[21/03/2015 23:16:26] Xerath has logged out.
[21/03/2015 23:16:36] Honda has logged in.
[21/03/2015 23:17:01] Xerath has logged in.
[21/03/2015 23:18:42] Tibbers has logged out.
[21/03/2015 23:18:42] Honda has logged out.
[21/03/2015 23:18:43] Kurosaki Ichigo has logged out.
[21/03/2015 23:18:52] Kurosaki Ichigo has logged in.
[21/03/2015 23:18:53] Honda has logged in.
[21/03/2015 23:19:20] Kurosaki Ichigo has logged out.
[21/03/2015 23:20:37] > Saving server...
[21/03/2015 23:20:40] > SAVE: Complete in 2.959 seconds using relational house storage.
[21/03/2015 23:21:35] Biozard has logged in.
[21/03/2015 23:21:36] 
[21/03/2015 23:21:36] Lua Script Error: [CreatureScript Interface] 
[21/03/2015 23:21:36] data/creaturescripts/scripts/playerdeath.lua:onDeath
[21/03/2015 23:21:37] 
[21/03/2015 23:21:37] luaGetCreatureName(). Creature not found
[21/03/2015 23:21:38] Biozard has logged out.
[21/03/2015 23:21:44] Cronzera has logged in.
[21/03/2015 23:22:31] Cronzera has logged out.
[21/03/2015 23:22:35] Biozard has logged in.
[21/03/2015 23:22:35] 
[21/03/2015 23:22:35] Lua Script Error: [CreatureScript Interface] 
[21/03/2015 23:22:36] data/creaturescripts/scripts/playerdeath.lua:onDeath
[21/03/2015 23:22:37] 
[21/03/2015 23:22:37] luaGetCreatureName(). Creature not found
[21/03/2015 23:22:39] Biozard has logged out.
[21/03/2015 23:22:43] Biozard has logged in.
[21/03/2015 23:22:44] 
[21/03/2015 23:22:44] Lua Script Error: [CreatureScript Interface] 
[21/03/2015 23:22:44] data/creaturescripts/scripts/playerdeath.lua:onDeath
[21/03/2015 23:22:45] 
[21/03/2015 23:22:45] luaGetCreatureName(). Creature not found
[21/03/2015 23:22:46] Biozard has logged out.
[21/03/2015 23:22:53] Biozard has logged in.
[21/03/2015 23:22:54] 
[21/03/2015 23:22:54] Lua Script Error: [CreatureScript Interface] 
[21/03/2015 23:22:54] data/creaturescripts/scripts/playerdeath.lua:onDeath
[21/03/2015 23:22:55] 
[21/03/2015 23:22:55] luaGetCreatureName(). Creature not found
[21/03/2015 23:22:55] Biozard has logged out.
[21/03/2015 23:22:57] Biozard has logged in.
[21/03/2015 23:22:57] 
[21/03/2015 23:22:57] Lua Script Error: [CreatureScript Interface] 
[21/03/2015 23:22:58] data/creaturescripts/scripts/playerdeath.lua:onDeath
[21/03/2015 23:22:59] 
[21/03/2015 23:22:59] luaGetCreatureName(). Creature not found
[21/03/2015 23:23:02] Biozard has logged out.
[21/03/2015 23:23:07] Biozard has logged in.
[21/03/2015 23:23:07] 
[21/03/2015 23:23:07] Lua Script Error: [CreatureScript Interface] 
[21/03/2015 23:23:08] data/creaturescripts/scripts/playerdeath.lua:onDeath
[21/03/2015 23:23:08] 
[21/03/2015 23:23:08] luaGetCreatureName(). Creature not found
[21/03/2015 23:23:09] Biozard has logged out.
[21/03/2015 23:24:04] > Broadcasted message: "Game map cleaning in 1 minute, please pick up all your items.".
[21/03/2015 23:24:35] > CLEAN: Removed 5391 items from 4018 tiles in 0.288 seconds.
[21/03/2015 23:24:35] > Broadcasted message: "Map Cleaned.".
[21/03/2015 23:24:38] > Broadcasted message: "Novo CLIENTE = http://www.4shared.com/rar/cfxSV4o7ce/Death_PVP.html".
[21/03/2015 23:25:30] Hot Dog has logged out.
[21/03/2015 23:25:31] Hot Dog has logged in.
[21/03/2015 23:26:55] Cheguei No Pistao has logged in.
[21/03/2015 23:28:06] Knightzerah Mythus has logged out.
[21/03/2015 23:28:10] Knightzerah Mythus has logged in.
[21/03/2015 23:28:21] Hot Dog has logged out.
[21/03/2015 23:28:44] Hot Dog has logged in.
[21/03/2015 23:29:58] Jean has logged in.
[21/03/2015 23:30:48] Hot Dog has logged out.
[21/03/2015 23:32:59] > Broadcasted message: "Novo CLIENTE = http://www.4shared.com/rar/cfxSV4o7ce/Death_PVP.html".
[21/03/2015 23:34:56] Cheguei No Pistao has logged out.
[21/03/2015 23:35:25] Cheguei No Pistao has logged in.
[21/03/2015 23:35:40] Cheguei No Pistao has logged out.
[21/03/2015 23:35:42] Cheguei No Pistao has logged in.
[21/03/2015 23:36:11] Xerath has logged out.
[21/03/2015 23:36:13] Xerath has logged in.
[21/03/2015 23:37:32] Knightzerah Mythus has logged out.
[21/03/2015 23:37:38] Knightzerah Mythus has logged in.
[21/03/2015 23:39:12] Cheguei No Pistao has logged out.
[21/03/2015 23:39:13] Cheguei No Pistao has logged in.
[21/03/2015 23:40:20] Knightzerah Mythus has logged out.
[21/03/2015 23:40:22] Knightzerah Mythus has logged in.
[21/03/2015 23:40:45] > Broadcasted message: "Game map cleaning in 1 minute, please pick up all your items.".
[21/03/2015 23:40:48] Cheguei No Pistao has logged out.
[21/03/2015 23:40:51] Cheguei No Pistao has logged in.
[21/03/2015 23:41:16] > CLEAN: Removed 4785 items from 3181 tiles in 0.552 seconds.
[21/03/2015 23:41:16] > Broadcasted message: "Map Cleaned.".
[21/03/2015 23:41:20] > Broadcasted message: "Novo CLIENTE = http://www.4shared.com/rar/cfxSV4o7ce/Death_PVP.html".
[21/03/2015 23:43:36] Xerath has logged out.
[21/03/2015 23:43:58] > Saving server...
[21/03/2015 23:44:04] > SAVE: Complete in 5.244 seconds using relational house storage.
[21/03/2015 23:44:20] Cheguei No Pistao has logged out.
[21/03/2015 23:44:22] Xerath has logged in.
[21/03/2015 23:44:23] Cheguei No Pistao has logged in.
[21/03/2015 23:45:37] Cheguei No Pistao has logged out.
[21/03/2015 23:45:40] Cheguei No Pistao has logged in.
[21/03/2015 23:47:26] Druid Do Torro has logged in.
[21/03/2015 23:48:06] Cheguei No Pistao has logged out.
[21/03/2015 23:48:09] Cheguei No Pistao has logged in.
[21/03/2015 23:49:41] > Broadcasted message: "Para ver as noticias fale !notice".
[21/03/2015 23:50:53] Haas has logged out.
[21/03/2015 23:50:56] Haas has logged in.
[21/03/2015 23:53:15] Druid Do Torro has logged out.
[21/03/2015 23:53:16] Druid Do Torro has logged in.
[21/03/2015 23:56:20] Cheguei No Pistao has logged out.
[21/03/2015 23:56:22] Cheguei No Pistao has logged in.
[21/03/2015 23:56:48] Cheguei No Pistao has logged out.
[21/03/2015 23:56:50] Cheguei No Pistao has logged in.
[21/03/2015 23:57:20] Cheguei No Pistao has logged out.
[21/03/2015 23:57:21] Cheguei No Pistao has logged in.
[21/03/2015 23:57:26] > Broadcasted message: "Game map cleaning in 1 minute, please pick up all your items.".
[21/03/2015 23:57:45] Druid Do Torro has logged out.
[21/03/2015 23:57:50] Cheguei No Pistao has logged out.
[21/03/2015 23:57:51] Cheguei No Pistao has logged in.
[21/03/2015 23:57:58] > CLEAN: Removed 5901 items from 3465 tiles in 0.423 seconds.
[21/03/2015 23:57:59] > Broadcasted message: "Map Cleaned.".
[21/03/2015 23:58:02] > Broadcasted message: "Para comprar bless digite !bless".
[21/03/2015 23:59:15] Cheguei No Pistao has logged out.
[21/03/2015 23:59:17] Cheguei No Pistao has logged in.
