[24/08/2014 00:00:09] Yakuza has logged out.
[24/08/2014 00:00:36] Yakuza has logged in.
[24/08/2014 00:01:54] Heinderberg has logged out.
[24/08/2014 00:01:56] Heinderberg has logged in.
[24/08/2014 00:02:00] Mc Livinho has logged out.
[24/08/2014 00:02:02] Mc Livinho has logged in.
[24/08/2014 00:02:37] > Broadcasted message: "Para comprar bless digite !bless".
[24/08/2014 00:02:57] Mc Livinho has logged out.
[24/08/2014 00:02:58] Mc Livinho has logged in.
[24/08/2014 00:03:01] Pally Brisado has logged out.
[24/08/2014 00:03:03] Pally Brisado has logged in.
[24/08/2014 00:03:56] Account Manager has logged in.
[24/08/2014 00:03:57] Account Manager has logged out.
[24/08/2014 00:03:57] Mc Livinho has logged out.
[24/08/2014 00:03:59] Mc Livinho has logged in.
[24/08/2014 00:04:13] Account Manager has logged in.
[24/08/2014 00:04:13] Account Manager has logged out.
[24/08/2014 00:04:35] Mc Livinho has logged out.
[24/08/2014 00:04:36] Mc Livinho has logged in.
[24/08/2014 00:04:43] Account Manager has logged in.
[24/08/2014 00:04:44] Account Manager has logged out.
[24/08/2014 00:04:47] Kinna Zikinha has logged out.
[24/08/2014 00:04:48] > Broadcasted message: "Game map cleaning in 1 minute, please pick up all your items.".
[24/08/2014 00:04:52] Kinna Zikinha has logged in.
[24/08/2014 00:05:18] > CLEAN: Removed 780 items from 1129 tiles in 0.142 seconds.
[24/08/2014 00:05:19] > Broadcasted message: "Map Cleaned.".
[24/08/2014 00:05:30] Account Manager has logged in.
[24/08/2014 00:05:31] Account Manager has logged out.
[24/08/2014 00:06:34] Mc Livinho has logged out.
[24/08/2014 00:06:37] Mc Livinho has logged in.
[24/08/2014 00:06:44] Heinderberg has logged out.
[24/08/2014 00:06:45] Heinderberg has logged in.
[24/08/2014 00:08:06] Mc Livinho has logged out.
[24/08/2014 00:08:08] Mc Livinho has logged in.
[24/08/2014 00:08:24] Mc Livinho has logged out.
[24/08/2014 00:08:25] Mc Livinho has logged in.
[24/08/2014 00:08:32] Heinderberg has logged out.
[24/08/2014 00:08:34] Heinderberg has logged in.
[24/08/2014 00:09:16] Heinderberg has logged out.
[24/08/2014 00:09:18] > Broadcasted message: "Para comprar bless digite !bless".
[24/08/2014 00:09:18] Heinderberg has logged in.
[24/08/2014 00:09:33] Mc Livinho has logged out.
[24/08/2014 00:09:35] Mc Livinho has logged in.
[24/08/2014 00:11:41] Heinderberg has logged out.
[24/08/2014 00:11:42] Menina Mal has logged out.
[24/08/2014 00:11:44] Heinderberg has logged in.
[24/08/2014 00:11:45] Menina Mal has logged in.
[24/08/2014 00:12:12] Mc Livinho has logged out.
[24/08/2014 00:12:14] Mc Livinho has logged in.
[24/08/2014 00:12:37] Menina Mal has logged out.
[24/08/2014 00:12:41] Menina Mal has logged in.
[24/08/2014 00:13:21] Mc Livinho has logged out.
[24/08/2014 00:13:22] Mc Livinho has logged in.
[24/08/2014 00:13:40] Kaiozinho has logged out.
[24/08/2014 00:13:49] Palyy has logged in.
[24/08/2014 00:14:46] Pally Brisado has logged out.
[24/08/2014 00:14:49] Pally Brisado has logged in.
[24/08/2014 00:14:50] Palyy has logged out.
[24/08/2014 00:14:51] Palyy has logged in.
[24/08/2014 00:15:20] Palyy has logged out.
[24/08/2014 00:15:22] Palyy has logged in.
[24/08/2014 00:15:33] Palyy has logged out.
[24/08/2014 00:15:35] Palyy has logged in.
[24/08/2014 00:15:45] Palyy has logged out.
[24/08/2014 00:15:47] Palyy has logged in.
[24/08/2014 00:15:48] Heinderberg has logged out.
[24/08/2014 00:15:49] Palyy has logged out.
[24/08/2014 00:15:50] Heinderberg has logged in.
[24/08/2014 00:15:59] > Broadcasted message: "Para ver as noticias fale !notice".
[24/08/2014 00:16:03] Mc Livinho has logged out.
[24/08/2014 00:16:03] Kaiozinho has logged in.
[24/08/2014 00:16:15] Palyy has logged in.
[24/08/2014 00:16:18] Kinna Zikinha has logged out.
[24/08/2014 00:16:19] Pally Brisado has logged out.
[24/08/2014 00:16:21] Pally Brisado has logged in.
[24/08/2014 00:16:25] Kinna Zikinha has logged in.
[24/08/2014 00:16:26] Palyy has logged out.
[24/08/2014 00:16:27] Palyy has logged in.
[24/08/2014 00:16:35] Palyy has logged out.
[24/08/2014 00:16:37] Palyy has logged in.
[24/08/2014 00:16:57] Palyy has logged out.
[24/08/2014 00:16:58] Palyy has logged in.
[24/08/2014 00:17:00] Palyy has logged out.
[24/08/2014 00:17:09] Mc Livinho has logged in.
[24/08/2014 00:17:12] Kaiozinho has logged out.
[24/08/2014 00:17:14] Heinderberg has logged out.
[24/08/2014 00:17:16] Heinderberg has logged in.
[24/08/2014 00:17:18] Kaiozinho has logged in.
[24/08/2014 00:17:56] Heinderberg has logged out.
[24/08/2014 00:17:57] Heinderberg has logged in.
[24/08/2014 00:18:09] Mc Livinho has logged out.
[24/08/2014 00:18:10] Mc Livinho has logged in.
[24/08/2014 00:19:46] Sorczinho Sapeca has logged out.
[24/08/2014 00:20:17] Duff Maluko has logged out.
[24/08/2014 00:20:28] Porra Manw has logged in.
[24/08/2014 00:21:07] > Saving server...
[24/08/2014 00:21:10] > SAVE: Complete in 2.715 seconds using relational house storage.
[24/08/2014 00:21:11] 
[24/08/2014 00:21:11] Lua Script Error: [CreatureScript Interface] 
[24/08/2014 00:21:11] data/creaturescripts/scripts/playerdeath.lua:onDeath
[24/08/2014 00:21:11] 
[24/08/2014 00:21:11] luaGetCreatureName(). Creature not found
[24/08/2014 00:21:11] 
[24/08/2014 00:21:11] Lua Script Error: [CreatureScript Interface] 
[24/08/2014 00:21:12] data/creaturescripts/scripts/playerdeath.lua:onDeath
[24/08/2014 00:21:12] 
[24/08/2014 00:21:12] luaGetCreatureName(). Creature not found
[24/08/2014 00:21:12] Heinderberg has logged out.
[24/08/2014 00:21:14] Heinderberg has logged in.
[24/08/2014 00:21:23] Mc Livinho has logged out.
[24/08/2014 00:21:25] Mc Livinho has logged in.
[24/08/2014 00:21:26] Kaiozinho has logged out.
[24/08/2014 00:21:28] Kaiozinho has logged in.
[24/08/2014 00:21:29] > Broadcasted message: "Game map cleaning in 1 minute, please pick up all your items.".
[24/08/2014 00:21:40] Duff Maluko has logged in.
[24/08/2014 00:21:56] Duff Maluko has logged out.
[24/08/2014 00:22:00] > CLEAN: Removed 437 items from 634 tiles in 0.163 seconds.
[24/08/2014 00:22:00] > Broadcasted message: "Map Cleaned.".
[24/08/2014 00:22:25] Heinderberg has logged out.
[24/08/2014 00:22:27] Heinderberg has logged in.
[24/08/2014 00:22:40] > Broadcasted message: "Sempre Ao Criar Uma Conta, Pegue A RK Dela No Account Manager Da Conta E Anote, Nunca Passe A Sua Senha Para Outras Pessoas, E Ao Entrar Em Outros OT´s Crie Contas Diferentes Para Não Sofrer HACKED, Não Me Responsabilizo Por Perdas, Obrigado".
[24/08/2014 00:22:56] Mc Livinho has logged out.
[24/08/2014 00:22:57] Mc Livinho has logged in.
[24/08/2014 00:24:22] Heinderberg has logged out.
[24/08/2014 00:24:24] Heinderberg has logged in.
[24/08/2014 00:25:25] Mc Livinho has logged out.
[24/08/2014 00:25:27] Mc Livinho has logged in.
[24/08/2014 00:25:56] Account Manager has logged in.
[24/08/2014 00:26:36] Account Manager has logged in.
[24/08/2014 00:27:00] Account Manager has logged out.
[24/08/2014 00:27:18] Kina Na Neurose has logged in.
[24/08/2014 00:28:02] Account Manager has logged out.
[24/08/2014 00:28:13] Kina Na Neurose has logged out.
[24/08/2014 00:28:16] Kina Na Neurose has logged in.
[24/08/2014 00:29:01] Menina Mal has logged out.
[24/08/2014 00:29:21] > Broadcasted message: "Para comprar bless digite !bless".
[24/08/2014 00:31:28] Account Manager has logged in.
[24/08/2014 00:31:30] Yakuza has logged out.
[24/08/2014 00:31:35] Account Manager has logged out.
[24/08/2014 00:31:43] Sorczinho Sapeca has logged in.
[24/08/2014 00:33:32] Yakuza has logged in.
[24/08/2014 00:36:02] > Broadcasted message: "Ot on das 07:00 as 00:00".
[24/08/2014 00:37:49] Porra Manw has logged out.
[24/08/2014 00:37:58] Kina Na Neurose has logged out.
[24/08/2014 00:38:02] Pally Brisado has logged out.
[24/08/2014 00:38:10] > Broadcasted message: "Game map cleaning in 1 minute, please pick up all your items.".
[24/08/2014 00:38:41] > CLEAN: Removed 4231 items from 2717 tiles in 0.276 seconds.
[24/08/2014 00:38:41] > Broadcasted message: "Map Cleaned.".
[24/08/2014 00:42:25] Sorczinho Sapeca has logged out.
[24/08/2014 00:42:43] > Broadcasted message: "Para ver as noticias fale !notice".
[24/08/2014 00:46:35] > Saving server...
[24/08/2014 00:46:38] > SAVE: Complete in 2.169 seconds using relational house storage.
[24/08/2014 00:46:40] Kinna Zikinha has logged out.
[24/08/2014 00:46:40] Kaiozinho has logged out.
[24/08/2014 00:46:40] Heinderberg has logged out.
[24/08/2014 00:46:41] Mc Livinho has logged out.
[24/08/2014 00:46:41] Yakuza has logged out.
[24/08/2014 00:46:42] > Saving server...
[24/08/2014 00:46:43] > SAVE: Complete in 1.424 seconds using relational house storage.
[24/08/2014 00:46:44] Preparing to shutdown server..
[24/08/2014 00:46:46] .
[24/08/2014 00:46:46] Exiting
[24/08/2014 10:12:56] The Forgotten Server, version 0.3.4 (Crying Damson)
[24/08/2014 10:12:57] Sever Criado Por Alissow e Comedinha.
[24/08/2014 10:12:57] Publicidade: www.sotserv.blogspot.com <- <- <- Tudo sobre otserv.
[24/08/2014 10:12:57] Bom Jogo!!!
[24/08/2014 10:12:57] 
[24/08/2014 10:12:57] >> Debugging: nothing.
[24/08/2014 10:12:57] >> Checking software version... failed checking - malformed file.
[24/08/2014 10:12:58] 
[24/08/2014 10:12:58] >> Loading config (config.lua)
[24/08/2014 10:12:59] > Using plaintext passwords
[24/08/2014 10:12:59] >> Loading RSA key
[24/08/2014 10:12:59] >> Starting SQL connection
[24/08/2014 10:12:59] >> Running Database Manager
[24/08/2014 10:13:00] > Optimized database.
[24/08/2014 10:13:00] >> Loading items
[24/08/2014 10:13:00] >> Loading groups
[24/08/2014 10:13:00] >> Loading vocations
[24/08/2014 10:13:00] >> Loading script systems
[24/08/2014 10:13:02] >> Loading chat channels
[24/08/2014 10:13:02] >> Loading outfits
[24/08/2014 10:13:02] >> Loading experience stages
[24/08/2014 10:13:03] >> Loading monsters
[24/08/2014 10:13:05] >> Loading map and spawns...
[24/08/2014 10:13:06] > Map size: 65000x65000.
[24/08/2014 10:13:06] > Map descriptions: 
[24/08/2014 10:13:06] Saved with Remere's Map Editor 2.2
[24/08/2014 10:13:06] No map description available.
[24/08/2014 10:13:07] Duplicate uniqueId 2407
[24/08/2014 10:13:10] > Map loading time: 5.674 seconds.
[24/08/2014 10:13:13] > Data loading time: 1.242 seconds.
[24/08/2014 10:13:13] > Unserialization time for houses: 0.028 seconds.
[24/08/2014 10:13:35] > Unserialization time for map: 21.254 seconds.
[24/08/2014 10:13:35] >> Checking world type... PvP
[24/08/2014 10:13:35] >> Initializing game state modules and registering services...
[24/08/2014 10:13:36] > Global address: deathpvp.no-ip.info
[24/08/2014 10:13:36] > Local ports:
[24/08/2014 10:13:36] 7171	7172	
[24/08/2014 10:13:37] >> All modules were loaded, server starting up...
[24/08/2014 10:13:37] >> OT Death server Online!
[24/08/2014 10:13:37] 
[24/08/2014 10:15:44] sqlite3_step(): SQLITE ERROR: columns id, world_id are not unique
[24/08/2014 10:15:44] Account Manager has logged in.
[24/08/2014 10:15:50] Account Manager has logged out.
[24/08/2014 10:19:43] > Broadcasted message: "Ot on das 07:00 as 00:00".
[24/08/2014 10:22:19] Account Manager has logged in.
[24/08/2014 10:22:23] Account Manager has logged out.
[24/08/2014 10:25:35] Legal Fera has logged in.
[24/08/2014 10:26:24] > Broadcasted message: "Sempre Ao Criar Uma Conta, Pegue A RK Dela No Account Manager Da Conta E Anote, Nunca Passe A Sua Senha Para Outras Pessoas, E Ao Entrar Em Outros OT´s Crie Contas Diferentes Para Não Sofrer HACKED, Não Me Responsabilizo Por Perdas, Obrigado".
[24/08/2014 10:27:39] Duff Maluko has logged in.
[24/08/2014 10:27:47] Duff Maluko has logged out.
[24/08/2014 10:27:51] Duff Maluko has logged in.
[24/08/2014 10:27:57] Duff Maluko has logged out.
[24/08/2014 10:29:19] Legal Fera has logged out.
[24/08/2014 10:29:21] Legal Fera has logged in.
[24/08/2014 10:29:43] > Broadcasted message: "Game map cleaning in 1 minute, please pick up all your items.".
[24/08/2014 10:30:14] > CLEAN: Removed 1 item from 86 tiles in 0.154 seconds.
[24/08/2014 10:30:14] > Broadcasted message: "Map Cleaned.".
[24/08/2014 10:33:05] > Broadcasted message: "Sempre Ao Criar Uma Conta, Pegue A RK Dela No Account Manager Da Conta E Anote, Nunca Passe A Sua Senha Para Outras Pessoas, E Ao Entrar Em Outros OT´s Crie Contas Diferentes Para Não Sofrer HACKED, Não Me Responsabilizo Por Perdas, Obrigado".
[24/08/2014 10:39:46] > Broadcasted message: "Ot on das 07:00 as 00:00".
[24/08/2014 10:39:57] Honda has logged in.
[24/08/2014 10:41:00] Honda has logged out.
[24/08/2014 10:42:25] Meele Pally has logged in.
[24/08/2014 10:44:21] Honda has logged in.
[24/08/2014 10:44:32] Yakuza has logged in.
[24/08/2014 10:45:31] Yakuza has logged out.
[24/08/2014 10:45:35] Yakuza has logged in.
[24/08/2014 10:45:40] Legal Fera has logged out.
[24/08/2014 10:46:24] > Broadcasted message: "Game map cleaning in 1 minute, please pick up all your items.".
[24/08/2014 10:46:27] > Broadcasted message: "Para duvidas, eventos, e futuramente compras E-mail/Msn -> deathpvp@live.com.".
[24/08/2014 10:46:28] > Saving server...
[24/08/2014 10:46:30] > SAVE: Complete in 1.825 seconds using relational house storage.
[24/08/2014 10:46:35] Honda has logged out.
[24/08/2014 10:46:39] Honda has logged in.
[24/08/2014 10:46:40] Honda has logged out.
[24/08/2014 10:46:48] Honda has logged in.
[24/08/2014 10:46:54] > CLEAN: Removed 347 items from 352 tiles in 0.188 seconds.
[24/08/2014 10:46:54] > Broadcasted message: "Map Cleaned.".
[24/08/2014 10:47:08] Gotack has logged in.
[24/08/2014 10:47:47] Magezinho Sapeca has logged in.
[24/08/2014 10:51:10] Yakuza has logged out.
[24/08/2014 10:51:11] Yakuza has logged in.
[24/08/2014 10:51:30] Yakuza has logged out.
[24/08/2014 10:51:32] Yakuza has logged in.
[24/08/2014 10:53:08] > Broadcasted message: "Para ver as noticias fale !notice".
[24/08/2014 10:55:19] Pally Brisado has logged in.
[24/08/2014 10:55:20] Legal Fera has logged in.
[24/08/2014 10:55:55] Gotack has logged out.
[24/08/2014 10:55:58] Gotack has logged in.
[24/08/2014 10:56:50] Kina Na Neurose has logged in.
[24/08/2014 10:56:51] Kina Na Neurose has logged out.
[24/08/2014 10:56:55] Kina Na Neurose has logged in.
[24/08/2014 10:57:27] Yakuza has logged out.
[24/08/2014 10:57:28] Yakuza has logged in.
[24/08/2014 10:58:34] Menina Mal has logged in.
[24/08/2014 10:59:49] > Broadcasted message: "Novo CLIENTE = http://www.4shared.com/rar/Xvc96eOece/Death_PVP.html".
[24/08/2014 11:00:47] Yakuza has logged out.
[24/08/2014 11:00:49] Yakuza has logged in.
[24/08/2014 11:01:30] Honda has logged out.
[24/08/2014 11:01:31] Honda has logged in.
[24/08/2014 11:01:46] Honda has logged out.
[24/08/2014 11:01:48] Honda has logged in.
[24/08/2014 11:03:01] Yakuza has logged out.
[24/08/2014 11:03:02] Yakuza has logged in.
[24/08/2014 11:03:05] > Broadcasted message: "Game map cleaning in 1 minute, please pick up all your items.".
[24/08/2014 11:03:10] Gotack has logged out.
[24/08/2014 11:03:12] Gotack has logged in.
[24/08/2014 11:03:35] > CLEAN: Removed 6671 items from 4475 tiles in 0.273 seconds.
[24/08/2014 11:03:35] > Broadcasted message: "Map Cleaned.".
[24/08/2014 11:03:42] Menina Mal has logged out.
[24/08/2014 11:03:44] Menina Mal has logged in.
[24/08/2014 11:03:57] > Saving server...
[24/08/2014 11:04:00] > SAVE: Complete in 2.724 seconds using relational house storage.
[24/08/2014 11:04:49] Gotack has logged out.
[24/08/2014 11:04:50] Gotack has logged in.
[24/08/2014 11:05:59] Yakuza has logged out.
[24/08/2014 11:06:01] Yakuza has logged in.
[24/08/2014 11:06:30] > Broadcasted message: "Novo CLIENTE = http://www.4shared.com/rar/Xvc96eOece/Death_PVP.html".
[24/08/2014 11:07:46] Legal Fera has logged out.
[24/08/2014 11:07:49] Kina Na Neurose has logged out.
[24/08/2014 11:07:50] Legal Fera has logged in.
[24/08/2014 11:08:17] Gotack has logged out.
[24/08/2014 11:08:19] Gotack has logged in.
[24/08/2014 11:08:35] Account Manager has logged in.
[24/08/2014 11:08:54] Yakuza has logged out.
[24/08/2014 11:08:55] Yakuza has logged in.
[24/08/2014 11:08:58] Account Manager has logged out.
[24/08/2014 11:08:59] Yakuza has logged out.
[24/08/2014 11:09:01] Yakuza has logged in.
[24/08/2014 11:09:08] Kina Na Neurose has logged in.
[24/08/2014 11:09:27] Gotack has logged out.
[24/08/2014 11:09:28] Gotack has logged in.
[24/08/2014 11:09:53] Kina Na Neurose has logged out.
[24/08/2014 11:09:56] Garoto Nestle has logged in.
[24/08/2014 11:10:39] Yakuza has logged out.
[24/08/2014 11:10:40] Yakuza has logged in.
[24/08/2014 11:11:04] Yakuza has logged out.
[24/08/2014 11:11:06] Yakuza has logged in.
[24/08/2014 11:11:58] Gotack has logged out.
[24/08/2014 11:12:01] Gotack has logged in.
[24/08/2014 11:12:54] Gotack has logged out.
[24/08/2014 11:12:56] Gotack has logged in.
[24/08/2014 11:13:11] > Broadcasted message: "Para duvidas, eventos, e futuramente compras E-mail/Msn -> deathpvp@live.com.".
[24/08/2014 11:14:16] Gotack has logged out.
[24/08/2014 11:14:17] Garoto Nestle has logged out.
[24/08/2014 11:14:18] Gotack has logged in.
[24/08/2014 11:14:19] Garoto Nestle has logged in.
[24/08/2014 11:14:34] Garoto Nestle has logged out.
[24/08/2014 11:14:36] Garoto Nestle has logged in.
[24/08/2014 11:14:55] Garoto Nestle has logged out.
[24/08/2014 11:16:04] Gotack has logged out.
[24/08/2014 11:16:05] Gotack has logged in.
[24/08/2014 11:16:40] Garoto Nestle has logged in.
[24/08/2014 11:16:48] Legal Fera has logged out.
[24/08/2014 11:16:50] Legal Fera has logged in.
[24/08/2014 11:18:10] Yakuza has logged out.
[24/08/2014 11:18:39] Black Jose has logged in.
[24/08/2014 11:19:46] > Broadcasted message: "Game map cleaning in 1 minute, please pick up all your items.".
[24/08/2014 11:19:49] > Saving server...
[24/08/2014 11:19:52] > SAVE: Complete in 2.603 seconds using relational house storage.
[24/08/2014 11:19:52] > Broadcasted message: "Para ver as noticias fale !notice".
[24/08/2014 11:20:05] Gotack has logged out.
[24/08/2014 11:20:08] Gotack has logged in.
[24/08/2014 11:20:16] > CLEAN: Removed 139 items from 199 tiles in 0.19 seconds.
[24/08/2014 11:20:17] > Broadcasted message: "Map Cleaned.".
[24/08/2014 11:21:59] Black Jose has logged out.
[24/08/2014 11:22:05] Mutuca has logged in.
[24/08/2014 11:22:50] Palazinho has logged in.
[24/08/2014 11:23:35] Palazinho has logged out.
[24/08/2014 11:23:53] Knightzinho has logged in.
[24/08/2014 11:24:31] Magezinho Sapeca has logged out.
[24/08/2014 11:24:37] Pally Brisado has logged out.
[24/08/2014 11:24:40] Pally Brisado has logged in.
[24/08/2014 11:25:15] Knightzinho has logged out.
[24/08/2014 11:25:20] Palazinho has logged in.
[24/08/2014 11:25:24] Palazinho has logged out.
[24/08/2014 11:25:30] Knightzinho has logged in.
[24/08/2014 11:25:38] Druidzerah Mythus has logged in.
[24/08/2014 11:26:33] > Broadcasted message: "Ot on das 07:00 as 00:00".
[24/08/2014 11:27:07] Gotack has logged out.
[24/08/2014 11:27:14] Gotack has logged in.
[24/08/2014 11:28:10] Pally Brisado has logged out.
[24/08/2014 11:28:15] Pally Brisado has logged in.
[24/08/2014 11:28:43] Mutuca has logged out.
[24/08/2014 11:29:00] Yakuza has logged in.
[24/08/2014 11:31:26] Pally Brisado has logged out.
[24/08/2014 11:31:33] Pally Brisado has logged in.
[24/08/2014 11:31:34] Knightzinho has logged out.
[24/08/2014 11:31:37] Knightzinho has logged in.
[24/08/2014 11:31:52] Garoto Nestle has logged out.
[24/08/2014 11:32:03] Garoto Nestle has logged in.
[24/08/2014 11:32:20] Gotack has logged out.
[24/08/2014 11:32:22] Gotack has logged in.
[24/08/2014 11:33:14] > Broadcasted message: "Sempre Ao Criar Uma Conta, Pegue A RK Dela No Account Manager Da Conta E Anote, Nunca Passe A Sua Senha Para Outras Pessoas, E Ao Entrar Em Outros OT´s Crie Contas Diferentes Para Não Sofrer HACKED, Não Me Responsabilizo Por Perdas, Obrigado".
[24/08/2014 11:34:05] Knightzinho has logged out.
[24/08/2014 11:34:05] Gotack has logged out.
[24/08/2014 11:34:06] Knightzinho has logged in.
[24/08/2014 11:34:07] Gotack has logged in.
[24/08/2014 11:34:12] Yakuza has logged out.
[24/08/2014 11:34:14] Yakuza has logged in.
[24/08/2014 11:34:22] Gotack has logged out.
[24/08/2014 11:34:24] Gotack has logged in.
[24/08/2014 11:35:31] Gotack has logged out.
[24/08/2014 11:35:34] Gotack has logged in.
[24/08/2014 11:35:41] Pally Brisado has logged out.
[24/08/2014 11:35:48] Pally Brisado has logged in.
[24/08/2014 11:36:04] Knightzinho has logged out.
[24/08/2014 11:36:07] Knightzinho has logged in.
[24/08/2014 11:36:11] Pally Brisado has logged out.
[24/08/2014 11:36:20] Pally Brisado has logged in.
[24/08/2014 11:36:27] > Broadcasted message: "Game map cleaning in 1 minute, please pick up all your items.".
[24/08/2014 11:36:39] Knightzinho has logged out.
[24/08/2014 11:36:42] Knightzinho has logged in.
[24/08/2014 11:36:43] Knightzinho has logged out.
[24/08/2014 11:36:45] Gotack has logged out.
[24/08/2014 11:36:46] Pally Brisado has logged out.
[24/08/2014 11:36:47] Gotack has logged in.
[24/08/2014 11:36:47] Magezinho Sapeca has logged in.
[24/08/2014 11:36:53] Pally Brisado has logged in.
[24/08/2014 11:36:58] > CLEAN: Removed 1460 items from 1313 tiles in 0.206 seconds.
[24/08/2014 11:36:58] > Broadcasted message: "Map Cleaned.".
[24/08/2014 11:37:25] Meele Pally has logged out.
[24/08/2014 11:37:27] Meele Pally has logged in.
[24/08/2014 11:37:32] Pally Brisado has logged out.
[24/08/2014 11:37:38] Pally Brisado has logged in.
[24/08/2014 11:38:40] Legal Fera has logged out.
[24/08/2014 11:38:42] Legal Fera has logged in.
[24/08/2014 11:39:55] > Broadcasted message: "Para ver as noticias fale !notice".
[24/08/2014 11:43:53] Druidzerah Mythus has logged out.
[24/08/2014 11:46:36] > Broadcasted message: "Novo CLIENTE = http://www.4shared.com/rar/Xvc96eOece/Death_PVP.html".
[24/08/2014 11:50:55] Juninhosza has logged in.
[24/08/2014 11:53:08] > Broadcasted message: "Game map cleaning in 1 minute, please pick up all your items.".
[24/08/2014 11:53:10] > Saving server...
[24/08/2014 11:53:13] > SAVE: Complete in 3.031 seconds using relational house storage.
[24/08/2014 11:53:17] > Broadcasted message: "Sempre Ao Criar Uma Conta, Pegue A RK Dela No Account Manager Da Conta E Anote, Nunca Passe A Sua Senha Para Outras Pessoas, E Ao Entrar Em Outros OT´s Crie Contas Diferentes Para Não Sofrer HACKED, Não Me Responsabilizo Por Perdas, Obrigado".
[24/08/2014 11:53:38] > CLEAN: Removed 2220 items from 1739 tiles in 0.222 seconds.
[24/08/2014 11:53:39] > Broadcasted message: "Map Cleaned.".
[24/08/2014 11:56:24] Druidzerah Mythus has logged in.
[24/08/2014 11:57:14] Legal Fera has logged out.
[24/08/2014 11:57:23] Pally Brisado has logged out.
[24/08/2014 11:58:34] Honda has logged out.
[24/08/2014 11:59:07] Honda has logged in.
[24/08/2014 11:59:58] > Broadcasted message: "Sempre Ao Criar Uma Conta, Pegue A RK Dela No Account Manager Da Conta E Anote, Nunca Passe A Sua Senha Para Outras Pessoas, E Ao Entrar Em Outros OT´s Crie Contas Diferentes Para Não Sofrer HACKED, Não Me Responsabilizo Por Perdas, Obrigado".
[24/08/2014 12:00:06] Legal Fera has logged in.
[24/08/2014 12:00:16] Druidzerah Mythus has logged out.
[24/08/2014 12:00:24] Yakuza has logged out.
[24/08/2014 12:03:24] Menina Mal has logged out.
[24/08/2014 12:03:28] Menina Mal has logged in.
[24/08/2014 12:04:41] Yakuza has logged in.
[24/08/2014 12:06:39] > Broadcasted message: "Sempre Ao Criar Uma Conta, Pegue A RK Dela No Account Manager Da Conta E Anote, Nunca Passe A Sua Senha Para Outras Pessoas, E Ao Entrar Em Outros OT´s Crie Contas Diferentes Para Não Sofrer HACKED, Não Me Responsabilizo Por Perdas, Obrigado".
[24/08/2014 12:07:29] Meele Pally has logged out.
[24/08/2014 12:07:31] Meele Pally has logged in.
[24/08/2014 12:08:28] Gotack has logged out.
[24/08/2014 12:09:49] > Broadcasted message: "Game map cleaning in 1 minute, please pick up all your items.".
[24/08/2014 12:10:19] > CLEAN: Removed 2977 items from 1735 tiles in 0.261 seconds.
[24/08/2014 12:10:20] > Broadcasted message: "Map Cleaned.".
[24/08/2014 12:10:33] Druidzerah Mythus has logged in.
[24/08/2014 12:12:38] Druidzerah Mythus has logged out.
[24/08/2014 12:13:02] Druidzerah Mythus has logged in.
[24/08/2014 12:13:20] > Broadcasted message: "Para ver a lista de proximos tutores digite !tutores.".
[24/08/2014 12:16:10] Honda has logged out.
[24/08/2014 12:16:17] Hegazy has logged in.
[24/08/2014 12:17:45] Garoto Nestle has logged out.
[24/08/2014 12:18:03] Garoto Nestle has logged in.
[24/08/2014 12:19:50] Menina Mal has logged out.
[24/08/2014 12:20:01] > Broadcasted message: "Para ver as noticias fale !notice".
[24/08/2014 12:20:24] Legal Fera has logged out.
[24/08/2014 12:20:26] Legal Fera has logged in.
[24/08/2014 12:20:51] Menina Mal has logged in.
[24/08/2014 12:21:46] Legal Fera has logged out.
[24/08/2014 12:21:49] Legal Fera has logged in.
[24/08/2014 12:22:52] Legal Fera has logged out.
[24/08/2014 12:22:56] Legal Fera has logged in.
[24/08/2014 12:23:48] Garoto Nestle has logged out.
[24/08/2014 12:24:23] Legal Fera has logged out.
[24/08/2014 12:24:45] Yakuza has logged out.
[24/08/2014 12:25:38] Hegazy has logged out.
[24/08/2014 12:25:41] Hegazy has logged in.
[24/08/2014 12:25:59] Juninhosza has logged out.
[24/08/2014 12:26:01] Juninhosza has logged in.
[24/08/2014 12:26:30] > Broadcasted message: "Game map cleaning in 1 minute, please pick up all your items.".
[24/08/2014 12:26:31] > Saving server...
[24/08/2014 12:26:34] > SAVE: Complete in 2.827 seconds using relational house storage.
[24/08/2014 12:26:42] > Broadcasted message: "Ot on das 07:00 as 00:00".
[24/08/2014 12:26:42] Juninhosza has logged out.
[24/08/2014 12:26:43] Druidzerah Mythus has logged out.
[24/08/2014 12:26:43] Juninhosza has logged in.
[24/08/2014 12:26:56] Mata Pally has logged in.
[24/08/2014 12:26:59] Hegazy has logged out.
[24/08/2014 12:27:01] > CLEAN: Removed 4558 items from 2575 tiles in 0.202 seconds.
[24/08/2014 12:27:01] > Broadcasted message: "Map Cleaned.".
[24/08/2014 12:27:07] Honda has logged in.
[24/08/2014 12:28:30] Honda has logged out.
[24/08/2014 12:28:49] Account Manager has logged in.
[24/08/2014 12:28:49] Account Manager has logged out.
[24/08/2014 12:28:53] Honda has logged in.
[24/08/2014 12:29:27] Magezinho Sapeca has logged out.
[24/08/2014 12:29:56] Magezinho Sapeca has logged in.
[24/08/2014 12:34:42] Juninhosza has logged out.
[24/08/2014 12:34:43] > Broadcasted message: "Para ver a lista de proximos tutores digite !tutores.".
[24/08/2014 12:34:44] Meele Pally has logged out.
[24/08/2014 12:34:45] Magezinho Sapeca has logged out.
[24/08/2014 12:34:54] Meele Pally has logged in.
[24/08/2014 12:35:00] Magezinho Sapeca has logged in.
[24/08/2014 12:35:22] Juninhosza has logged in.
[24/08/2014 12:35:49] Mata Pally has logged out.
[24/08/2014 12:37:29] Account Manager has logged in.
[24/08/2014 12:37:30] Account Manager has logged out.
[24/08/2014 12:37:34] Mateus has logged in.
[24/08/2014 12:37:44] Mata Pally has logged in.
[24/08/2014 12:37:51] Mc Livinho has logged in.
[24/08/2014 12:38:15] Honda has logged out.
[24/08/2014 12:38:18] Honda has logged in.
[24/08/2014 12:39:05] Honda has logged out.
[24/08/2014 12:39:53] Honda has logged in.
[24/08/2014 12:41:24] > Broadcasted message: "Para duvidas, eventos, e futuramente compras E-mail/Msn -> deathpvp@live.com.".
[24/08/2014 12:41:40] Mateus has logged out.
[24/08/2014 12:41:43] Palyy has logged in.
[24/08/2014 12:42:08] Juninhosza has logged out.
[24/08/2014 12:42:10] Juninhosza has logged in.
[24/08/2014 12:42:29] Honda has logged out.
[24/08/2014 12:42:31] Honda has logged in.
[24/08/2014 12:42:39] Palyy has logged out.
[24/08/2014 12:42:47] Menina Mal has logged out.
[24/08/2014 12:42:48] Palyy has logged in.
[24/08/2014 12:42:57] Mata Pally has logged out.
[24/08/2014 12:42:59] Palyy has logged out.
[24/08/2014 12:43:00] Mata Pally has logged in.
[24/08/2014 12:43:03] Palyy has logged in.
[24/08/2014 12:43:11] > Broadcasted message: "Game map cleaning in 1 minute, please pick up all your items.".
[24/08/2014 12:43:14] Palyy has logged out.
[24/08/2014 12:43:20] Palyy has logged in.
[24/08/2014 12:43:27] Juninhosza has logged out.
[24/08/2014 12:43:31] Palyy has logged out.
[24/08/2014 12:43:32] Juninhosza has logged in.
[24/08/2014 12:43:37] Mc Livinho has logged out.
[24/08/2014 12:43:39] Mc Livinho has logged in.
[24/08/2014 12:43:42] > CLEAN: Removed 3146 items from 2554 tiles in 0.483 seconds.
[24/08/2014 12:43:42] > Broadcasted message: "Map Cleaned.".
[24/08/2014 12:44:06] Honda has logged out.
[24/08/2014 12:44:08] Honda has logged in.
[24/08/2014 12:44:35] Mata Pally has logged out.
[24/08/2014 12:44:38] Mata Pally has logged in.
[24/08/2014 12:44:47] Hegazy has logged in.
[24/08/2014 12:45:15] Mc Livinho has logged out.
[24/08/2014 12:45:17] Mc Livinho has logged in.
[24/08/2014 12:45:21] Underdown has logged in.
[24/08/2014 12:47:14] Juninhosza has logged out.
[24/08/2014 12:47:16] Juninhosza has logged in.
[24/08/2014 12:47:47] Honda has logged out.
[24/08/2014 12:47:49] Honda has logged in.
[24/08/2014 12:48:05] > Broadcasted message: "Para comprar bless digite !bless".
[24/08/2014 12:48:20] Mata Pally has logged out.
[24/08/2014 12:48:21] Mata Pally has logged in.
[24/08/2014 12:48:42] Juninhosza has logged out.
[24/08/2014 12:48:44] Juninhosza has logged in.
[24/08/2014 12:49:09] Mata Pally has logged out.
[24/08/2014 12:49:21] Mc Livinho has logged out.
[24/08/2014 12:49:23] Mc Livinho has logged in.
[24/08/2014 12:50:00] Hegazy has logged out.
[24/08/2014 12:50:03] Mata Pally has logged in.
[24/08/2014 12:51:52] Honda has logged out.
[24/08/2014 12:52:12] Hegazy has logged in.
[24/08/2014 12:52:25] Honda has logged in.
[24/08/2014 12:52:42] Hegazy has logged out.
[24/08/2014 12:54:33] Sorczinho Sapeca has logged in.
[24/08/2014 12:54:46] > Broadcasted message: "Para esclarecer algumas duvidas digite !notice, para mais informacoes fale com um [CM]".
[24/08/2014 12:55:05] Mata Pally has logged out.
[24/08/2014 12:56:25] Legal Fera has logged in.
[24/08/2014 12:56:54] Mata Pally has logged in.
[24/08/2014 12:58:54] Honda has logged out.
[24/08/2014 12:59:13] Hegazy has logged in.
[24/08/2014 12:59:52] > Broadcasted message: "Game map cleaning in 1 minute, please pick up all your items.".
[24/08/2014 12:59:53] > Saving server...
[24/08/2014 12:59:56] > SAVE: Complete in 2.806 seconds using relational house storage.
[24/08/2014 13:00:23] > CLEAN: Removed 1862 items from 1383 tiles in 0.299 seconds.
[24/08/2014 13:00:24] > Broadcasted message: "Map Cleaned.".
[24/08/2014 13:01:27] > Broadcasted message: "Sempre Ao Criar Uma Conta, Pegue A RK Dela No Account Manager Da Conta E Anote, Nunca Passe A Sua Senha Para Outras Pessoas, E Ao Entrar Em Outros OT´s Crie Contas Diferentes Para Não Sofrer HACKED, Não Me Responsabilizo Por Perdas, Obrigado".
[24/08/2014 13:01:56] Underdown has logged out.
[24/08/2014 13:02:26] Mata Pally has logged out.
[24/08/2014 13:02:32] Mc Livinho has logged out.
[24/08/2014 13:02:35] Mc Livinho has logged in.
[24/08/2014 13:04:05] Menina Mal has logged in.
[24/08/2014 13:04:16] Hegazy has logged out.
[24/08/2014 13:04:19] Hegazy has logged in.
[24/08/2014 13:04:23] Meele Pally has logged out.
[24/08/2014 13:04:25] Sorczinho Sapeca has logged out.
[24/08/2014 13:05:16] Sorczinho Sapeca has logged in.
[24/08/2014 13:08:08] > Broadcasted message: "Para ver as noticias fale !notice".
[24/08/2014 13:08:21] Mc Livinho has logged out.
[24/08/2014 13:08:23] Mc Livinho has logged in.
[24/08/2014 13:09:01] Legal Fera has logged out.
[24/08/2014 13:09:02] Legal Fera has logged in.
[24/08/2014 13:09:39] Garoto Nestle has logged in.
[24/08/2014 13:11:06] Garoto Nestle has logged out.
[24/08/2014 13:11:07] Garoto Nestle has logged in.
[24/08/2014 13:12:39] Juninhosza has logged out.
[24/08/2014 13:12:41] Juninhosza has logged in.
[24/08/2014 13:13:32] Garoto Nestle has logged out.
[24/08/2014 13:13:35] Garoto Nestle has logged in.
[24/08/2014 13:13:54] Magezinho Sapeca has logged out.
[24/08/2014 13:13:56] Magezinho Sapeca has logged in.
[24/08/2014 13:14:42] Magezinho Sapeca has logged out.
[24/08/2014 13:14:44] Magezinho Sapeca has logged in.
[24/08/2014 13:14:49] > Broadcasted message: "Novo CLIENTE = http://www.4shared.com/rar/Xvc96eOece/Death_PVP.html".
[24/08/2014 13:15:07] Garoto Nestle has logged out.
[24/08/2014 13:15:09] Garoto Nestle has logged in.
[24/08/2014 13:15:44] Magezinho Sapeca has logged out.
[24/08/2014 13:16:06] Magezinho Sapeca has logged in.
[24/08/2014 13:16:17] Garoto Nestle has logged out.
[24/08/2014 13:16:20] Garoto Nestle has logged in.
[24/08/2014 13:16:33] > Broadcasted message: "Game map cleaning in 1 minute, please pick up all your items.".
[24/08/2014 13:17:04] > CLEAN: Removed 14 items from 41 tiles in 0.444 seconds.
[24/08/2014 13:17:04] > Broadcasted message: "Map Cleaned.".
[24/08/2014 13:17:48] Mc Livinho has logged out.
[24/08/2014 13:17:50] Mc Livinho has logged in.
[24/08/2014 13:17:52] Meele Pally has logged in.
[24/08/2014 13:18:18] Duff Maluko has logged in.
[24/08/2014 13:19:43] Mc Livinho has logged out.
[24/08/2014 13:19:45] Mc Livinho has logged in.
[24/08/2014 13:20:01] Duff Maluko has logged out.
[24/08/2014 13:20:18] Duff Maluko has logged in.
[24/08/2014 13:21:23] Mc Livinho has logged out.
[24/08/2014 13:21:25] Mc Livinho has logged in.
[24/08/2014 13:21:30] > Broadcasted message: "Sempre Ao Criar Uma Conta, Pegue A RK Dela No Account Manager Da Conta E Anote, Nunca Passe A Sua Senha Para Outras Pessoas, E Ao Entrar Em Outros OT´s Crie Contas Diferentes Para Não Sofrer HACKED, Não Me Responsabilizo Por Perdas, Obrigado".
[24/08/2014 13:21:45] Juninhosza has logged out.
[24/08/2014 13:25:21] Hegazy has logged out.
[24/08/2014 13:28:11] > Broadcasted message: "Para ver as noticias fale !notice".
[24/08/2014 13:30:33] Magezinho Sapeca has logged out.
[24/08/2014 13:30:57] Magezinho Sapeca has logged in.
[24/08/2014 13:32:27] Magezinho Sapeca has logged out.
[24/08/2014 13:32:28] Magezinho Sapeca has logged in.
[24/08/2014 13:32:34] Sorczinho Sapeca has logged out.
[24/08/2014 13:32:35] Magezinho Sapeca has logged out.
[24/08/2014 13:32:35] Sorczinho Sapeca has logged in.
[24/08/2014 13:32:35] Magezinho Sapeca has logged in.
[24/08/2014 13:32:48] Duff Maluko has logged out.
[24/08/2014 13:32:51] Duff Maluko has logged in.
[24/08/2014 13:33:13] > Saving server...
[24/08/2014 13:33:16] > SAVE: Complete in 2.489 seconds using relational house storage.
[24/08/2014 13:33:17] > Broadcasted message: "Game map cleaning in 1 minute, please pick up all your items.".
[24/08/2014 13:33:31] Sorczinho Sapeca has logged out.
[24/08/2014 13:33:32] Sorczinho Sapeca has logged in.
[24/08/2014 13:33:38] Magezinho Sapeca has logged out.
[24/08/2014 13:33:39] Magezinho Sapeca has logged in.
[24/08/2014 13:33:47] > CLEAN: Removed 2405 items from 2185 tiles in 0.366 seconds.
[24/08/2014 13:33:48] > Broadcasted message: "Map Cleaned.".
[24/08/2014 13:34:11] Menina Mal has logged out.
[24/08/2014 13:34:52] > Broadcasted message: "Para duvidas, eventos, e futuramente compras E-mail/Msn -> deathpvp@live.com.".
[24/08/2014 13:35:04] Honda has logged in.
[24/08/2014 13:35:21] Magezinho Sapeca has logged out.
[24/08/2014 13:35:22] Magezinho Sapeca has logged in.
[24/08/2014 13:35:23] Sorczinho Sapeca has logged out.
[24/08/2014 13:35:24] Sorczinho Sapeca has logged in.
[24/08/2014 13:35:33] Honda has logged out.
[24/08/2014 13:35:46] Hegazy has logged in.
[24/08/2014 13:36:01] Sorczinho Sapeca has logged out.
[24/08/2014 13:36:02] Sorczinho Sapeca has logged in.
[24/08/2014 13:36:04] Magezinho Sapeca has logged out.
[24/08/2014 13:36:05] Magezinho Sapeca has logged in.
[24/08/2014 13:36:06] Maluko duff has logged in.
[24/08/2014 13:37:31] Hegazy has logged out.
[24/08/2014 13:37:40] Hegazy has logged in.
[24/08/2014 13:37:52] Sorczinho Sapeca has logged out.
[24/08/2014 13:37:53] Sorczinho Sapeca has logged in.
[24/08/2014 13:37:55] Magezinho Sapeca has logged out.
[24/08/2014 13:37:56] Magezinho Sapeca has logged in.
[24/08/2014 13:38:11] Duff Maluko has logged out.
[24/08/2014 13:38:12] Duff Maluko has logged in.
[24/08/2014 13:38:37] Duff Maluko has logged out.
[24/08/2014 13:38:38] Account Manager has logged in.
[24/08/2014 13:38:53] Account Manager has logged out.
[24/08/2014 13:38:59] Duff Maluko has logged in.
[24/08/2014 13:39:33] Sorczinho Sapeca has logged out.
[24/08/2014 13:39:34] Sorczinho Sapeca has logged in.
[24/08/2014 13:39:40] Magezinho Sapeca has logged out.
[24/08/2014 13:39:41] Magezinho Sapeca has logged in.
[24/08/2014 13:39:54] Menina Mal has logged in.
[24/08/2014 13:40:01] Mc Livinho has logged out.
[24/08/2014 13:40:03] Mc Livinho has logged in.
[24/08/2014 13:54:17] The Forgotten Server, version 0.3.4 (Crying Damson)
[24/08/2014 13:54:17] Sever Criado Por Alissow e Comedinha.
[24/08/2014 13:54:17] Publicidade: www.sotserv.blogspot.com <- <- <- Tudo sobre otserv.
[24/08/2014 13:54:18] Bom Jogo!!!
[24/08/2014 13:54:18] 
[24/08/2014 13:54:18] >> Debugging: nothing.
[24/08/2014 13:54:18] >> Checking software version... failed checking - malformed file.
[24/08/2014 13:54:19] 
[24/08/2014 13:54:19] >> Loading config (config.lua)
[24/08/2014 13:54:19] > Using plaintext passwords
[24/08/2014 13:54:19] >> Loading RSA key
[24/08/2014 13:54:19] >> Starting SQL connection
[24/08/2014 13:54:19] >> Running Database Manager
[24/08/2014 13:54:20] > Optimized database.
[24/08/2014 13:54:20] >> Loading items
[24/08/2014 13:54:20] >> Loading groups
[24/08/2014 13:54:21] >> Loading vocations
[24/08/2014 13:54:21] >> Loading script systems
[24/08/2014 13:54:23] >> Loading chat channels
[24/08/2014 13:54:23] >> Loading outfits
[24/08/2014 13:54:24] >> Loading experience stages
[24/08/2014 13:54:24] >> Loading monsters
[24/08/2014 13:54:27] >> Loading map and spawns...
[24/08/2014 13:54:28] > Map size: 65000x65000.
[24/08/2014 13:54:28] > Map descriptions: 
[24/08/2014 13:54:28] Saved with Remere's Map Editor 2.2
[24/08/2014 13:54:29] No map description available.
[24/08/2014 13:54:29] Duplicate uniqueId 2407
[24/08/2014 13:54:33] > Map loading time: 6.41 seconds.
[24/08/2014 13:54:35] > Data loading time: 0.992 seconds.
[24/08/2014 13:54:35] > Unserialization time for houses: 0.028 seconds.
[24/08/2014 13:55:00] > Unserialization time for map: 25.156 seconds.
[24/08/2014 13:55:00] >> Checking world type... PvP
[24/08/2014 13:55:01] >> Initializing game state modules and registering services...
[24/08/2014 13:55:02] > Global address: deathpvp.no-ip.info
[24/08/2014 13:55:02] > Local ports:
[24/08/2014 13:55:02] 7171	7172	
[24/08/2014 13:55:02] >> All modules were loaded, server starting up...
[24/08/2014 13:55:03] >> OT Death server Online!
[24/08/2014 13:55:03] 
[24/08/2014 13:55:13] sqlite3_step(): SQLITE ERROR: columns id, world_id are not unique
[24/08/2014 13:55:14] Mateus has logged in.
[24/08/2014 13:56:23] Garoto Nestle has logged in.
[24/08/2014 13:56:55] Mc Livinho has logged in.
[24/08/2014 13:57:48] Mateus has logged out.
[24/08/2014 13:59:06] Mc Livinho has logged out.
[24/08/2014 13:59:17] Magezinho Sapeca has logged in.
[24/08/2014 13:59:54] Sorczinho Sapeca has logged in.
[24/08/2014 14:00:49] Sorczinho Sapeca has logged out.
[24/08/2014 14:00:56] Palaziinho has logged in.
[24/08/2014 14:01:04] > Broadcasted message: "Sempre Ao Criar Uma Conta, Pegue A RK Dela No Account Manager Da Conta E Anote, Nunca Passe A Sua Senha Para Outras Pessoas, E Ao Entrar Em Outros OT´s Crie Contas Diferentes Para Não Sofrer HACKED, Não Me Responsabilizo Por Perdas, Obrigado".
[24/08/2014 14:02:38] Meele Pally has logged in.
[24/08/2014 14:03:35] Sorczinho Sapeca has logged in.
[24/08/2014 14:03:56] Sorczinho Sapeca has logged out.
[24/08/2014 14:04:02] Sorczinho Sapeca has logged in.
[24/08/2014 14:09:37] The Forgotten Server, version 0.3.4 (Crying Damson)
[24/08/2014 14:09:37] Sever Criado Por Alissow e Comedinha.
[24/08/2014 14:09:37] Publicidade: www.sotserv.blogspot.com <- <- <- Tudo sobre otserv.
[24/08/2014 14:09:38] Bom Jogo!!!
[24/08/2014 14:09:38] 
[24/08/2014 14:09:38] >> Debugging: nothing.
[24/08/2014 14:09:38] >> Checking software version... failed checking - malformed file.
[24/08/2014 14:09:39] 
[24/08/2014 14:09:39] >> Loading config (config.lua)
[24/08/2014 14:09:39] > Using plaintext passwords
[24/08/2014 14:09:39] >> Loading RSA key
[24/08/2014 14:09:39] >> Starting SQL connection
[24/08/2014 14:09:39] >> Running Database Manager
[24/08/2014 14:09:40] > Optimized database.
[24/08/2014 14:09:40] >> Loading items
[24/08/2014 14:09:40] >> Loading groups
[24/08/2014 14:09:40] >> Loading vocations
[24/08/2014 14:09:40] >> Loading script systems
[24/08/2014 14:09:43] >> Loading chat channels
[24/08/2014 14:09:43] >> Loading outfits
[24/08/2014 14:09:43] >> Loading experience stages
[24/08/2014 14:09:44] >> Loading monsters
[24/08/2014 14:09:46] >> Loading map and spawns...
[24/08/2014 14:09:48] > Map size: 65000x65000.
[24/08/2014 14:09:48] > Map descriptions: 
[24/08/2014 14:09:48] Saved with Remere's Map Editor 2.2
[24/08/2014 14:09:48] No map description available.
[24/08/2014 14:09:49] Duplicate uniqueId 2407
[24/08/2014 14:09:52] > Map loading time: 6.059 seconds.
[24/08/2014 14:09:53] > Data loading time: 0.874 seconds.
[24/08/2014 14:09:54] > Unserialization time for houses: 0.032 seconds.
[24/08/2014 14:10:18] > Unserialization time for map: 24.199 seconds.
[24/08/2014 14:10:18] >> Checking world type... PvP
[24/08/2014 14:10:18] >> Initializing game state modules and registering services...
[24/08/2014 14:10:19] > Global address: deathpvp.no-ip.info
[24/08/2014 14:10:19] > Local ports:
[24/08/2014 14:10:19] 7171	7172	
[24/08/2014 14:10:19] >> All modules were loaded, server starting up...
[24/08/2014 14:10:20] >> OT Death server Online!
[24/08/2014 14:10:20] 
[24/08/2014 14:10:26] sqlite3_step(): SQLITE ERROR: columns id, world_id are not unique
[24/08/2014 14:10:33] Druidzerah Mythus has logged in.
[24/08/2014 14:11:32] Meele Pally has logged in.
[24/08/2014 14:13:00] Account Manager has logged in.
[24/08/2014 14:13:03] Account Manager has logged out.
[24/08/2014 14:13:24] Magezinho Sapeca has logged in.
[24/08/2014 14:13:39] Account Manager has logged in.
[24/08/2014 14:13:41] Account Manager has logged out.
[24/08/2014 14:13:48] Sorczinho Sapeca has logged in.
[24/08/2014 14:15:10] Sorczinho Sapeca has logged out.
[24/08/2014 14:15:11] Sorczinho Sapeca has logged in.
[24/08/2014 14:15:52] Account Manager has logged in.
[24/08/2014 14:15:55] Account Manager has logged out.
[24/08/2014 14:15:59] Sorczinho Sapeca has logged out.
[24/08/2014 14:16:00] Sorczinho Sapeca has logged in.
[24/08/2014 14:16:04] Heinderberg has logged in.
[24/08/2014 14:16:13] Magezinho Sapeca has logged out.
[24/08/2014 14:16:14] Magezinho Sapeca has logged in.
[24/08/2014 14:16:24] > Broadcasted message: "Para duvidas, eventos, e futuramente compras E-mail/Msn -> deathpvp@live.com.".
[24/08/2014 14:16:55] Palaziinho has logged in.
[24/08/2014 14:18:43] Kinna Zikinha has logged in.
[24/08/2014 14:18:50] Duff Maluko has logged in.
[24/08/2014 14:19:30] Legal Fera has logged in.
[24/08/2014 14:20:14] Kinna Zikinha has logged out.
[24/08/2014 14:20:17] Account Manager has logged in.
[24/08/2014 14:20:18] Druidzerah Mythus has logged out.
[24/08/2014 14:20:28] Maluko duff has logged in.
[24/08/2014 14:20:45] Druidzerah Mythus has logged in.
[24/08/2014 14:20:46] Honda has logged in.
[24/08/2014 14:20:53] Account Manager has logged out.
[24/08/2014 14:20:57] Kinna Zikinha has logged in.
[24/08/2014 14:21:53] Meele Pally has logged out.
[24/08/2014 14:21:57] Meele Pally has logged in.
[24/08/2014 14:22:22] Honda has logged out.
[24/08/2014 14:23:05] > Broadcasted message: "Para comprar bless digite !bless".
[24/08/2014 14:23:08] Legal Fera has logged out.
[24/08/2014 14:23:14] Legal Fera has logged in.
[24/08/2014 14:23:55] Account Manager has logged in.
[24/08/2014 14:24:49] Account Manager has logged out.
[24/08/2014 14:25:06] Honda has logged in.
[24/08/2014 14:25:48] Honda has logged out.
[24/08/2014 14:25:56] Hegazy has logged in.
[24/08/2014 14:26:24] > Broadcasted message: "Game map cleaning in 1 minute, please pick up all your items.".
[24/08/2014 14:26:55] > CLEAN: Removed 2513 items from 1919 tiles in 0.221 seconds.
[24/08/2014 14:26:55] > Broadcasted message: "Map Cleaned.".
[24/08/2014 14:26:56] Hegazy has logged out.
[24/08/2014 14:27:06] Honda has logged in.
[24/08/2014 14:27:24] Honda has logged out.
[24/08/2014 14:27:31] Hegazy has logged in.
[24/08/2014 14:28:04] Kinna Zikinha has logged out.
[24/08/2014 14:28:28] Garoto Nestle has logged in.
[24/08/2014 14:28:40] Master Kina has logged in.
[24/08/2014 14:28:49] Master Kina has logged out.
[24/08/2014 14:28:52] Master Pally has logged in.
[24/08/2014 14:28:58] Maluko duff has logged out.
[24/08/2014 14:29:34] Master Pally has logged out.
[24/08/2014 14:29:37] Master Kina has logged in.
[24/08/2014 14:29:46] > Broadcasted message: "Sempre Ao Criar Uma Conta, Pegue A RK Dela No Account Manager Da Conta E Anote, Nunca Passe A Sua Senha Para Outras Pessoas, E Ao Entrar Em Outros OT´s Crie Contas Diferentes Para Não Sofrer HACKED, Não Me Responsabilizo Por Perdas, Obrigado".
[24/08/2014 14:29:54] Palazinho has logged in.
[24/08/2014 14:30:02] Master Kina has logged out.
[24/08/2014 14:30:03] Maluko duff has logged in.
[24/08/2014 14:30:04] Master Kina has logged in.
[24/08/2014 14:30:15] Master Kina has logged out.
[24/08/2014 14:30:17] Master Pally has logged in.
[24/08/2014 14:30:31] Master Pally has logged out.
[24/08/2014 14:31:00] Account Manager has logged in.
[24/08/2014 14:31:18] Legal Fera has logged out.
[24/08/2014 14:31:38] Account Manager has logged out.
[24/08/2014 14:31:52] Palazinho has logged out.
[24/08/2014 14:33:01] Yakuza has logged in.
[24/08/2014 14:33:11] Kinna Zikinha has logged in.
[24/08/2014 14:33:12] Legal Fera has logged in.
[24/08/2014 14:34:47] Palaziinho has logged out.
[24/08/2014 14:36:27] > Broadcasted message: "Para comprar bless digite !bless".
[24/08/2014 14:37:35] Legal Fera has logged out.
[24/08/2014 14:38:27] Menina Mal has logged in.
[24/08/2014 14:38:28] Duff Maluko has logged out.
[24/08/2014 14:39:23] Yakuza has logged out.
[24/08/2014 14:40:05] Yakuza has logged in.
[24/08/2014 14:40:07] Yakuza has logged out.
[24/08/2014 14:40:41] Druidzerah Mythus has logged out.
[24/08/2014 14:40:44] Duff Maluko has logged in.
[24/08/2014 14:40:49] Druidzerah Mythus has logged in.
[24/08/2014 14:42:05] Yakuza has logged in.
[24/08/2014 14:43:05] > Broadcasted message: "Game map cleaning in 1 minute, please pick up all your items.".
[24/08/2014 14:43:08] > Broadcasted message: "Para duvidas, eventos, e futuramente compras E-mail/Msn -> deathpvp@live.com.".
[24/08/2014 14:43:10] > Saving server...
[24/08/2014 14:43:14] > SAVE: Complete in 4.008 seconds using relational house storage.
[24/08/2014 14:43:35] > CLEAN: Removed 5998 items from 3571 tiles in 0.284 seconds.
[24/08/2014 14:43:36] > Broadcasted message: "Map Cleaned.".
[24/08/2014 14:44:02] Heinderberg has logged out.
[24/08/2014 14:46:35] Duff Maluko has logged out.
[24/08/2014 14:46:51] Legal Fera has logged in.
[24/08/2014 14:49:49] > Broadcasted message: "Ot on das 07:00 as 00:00".
[24/08/2014 14:49:55] Mc Livinho has logged in.
[24/08/2014 14:52:06] Palyy has logged in.
[24/08/2014 14:53:06] Palyy has logged out.
[24/08/2014 14:53:12] Palyy has logged in.
[24/08/2014 14:54:01] Palyy has logged out.
[24/08/2014 14:54:02] Heinderberg has logged in.
[24/08/2014 14:54:05] Palyy has logged in.
[24/08/2014 14:54:30] Legal Fera has logged out.
[24/08/2014 14:54:39] Palyy has logged out.
[24/08/2014 14:54:48] Palyy has logged in.
[24/08/2014 14:55:23] Mc Livinho has logged out.
[24/08/2014 14:55:35] Mc Livinho has logged in.
[24/08/2014 14:55:53] Palyy has logged out.
[24/08/2014 14:55:58] Palyy has logged in.
[24/08/2014 14:56:01] Mc Livinho has logged out.
[24/08/2014 14:56:07] Menina Mal has logged out.
[24/08/2014 14:56:08] Palyy has logged out.
[24/08/2014 14:56:16] Kinna Zikinha has logged out.
[24/08/2014 14:56:21] Mc Livinho has logged in.
[24/08/2014 14:56:26] Kinna Zikinha has logged in.
[24/08/2014 14:56:30] > Broadcasted message: "Para ver a lista de proximos tutores digite !tutores.".
[24/08/2014 14:59:46] > Broadcasted message: "Game map cleaning in 1 minute, please pick up all your items.".
[24/08/2014 15:00:02] Menina Mal has logged in.
[24/08/2014 15:00:16] > CLEAN: Removed 7201 items from 2969 tiles in 0.234 seconds.
[24/08/2014 15:00:16] > Broadcasted message: "Map Cleaned.".
[24/08/2014 15:00:59] Druidzerah Mythus has logged out.
[24/08/2014 15:03:11] > Broadcasted message: "Para duvidas, eventos, e futuramente compras E-mail/Msn -> deathpvp@live.com.".
[24/08/2014 15:05:02] Garoto Nestle has logged out.
[24/08/2014 15:06:54] Maluko duff has logged out.
[24/08/2014 15:07:47] Sorczinho Sapeca has logged out.
[24/08/2014 15:09:52] > Broadcasted message: "Para ver as noticias fale !notice".
[24/08/2014 15:10:54] Kinna Zikinha has logged out.
[24/08/2014 15:10:59] Magezinho Sapeca has logged out.
[24/08/2014 15:12:30] Magezinho Sapeca has logged in.
[24/08/2014 15:12:46] Account Manager has logged in.
[24/08/2014 15:12:49] Account Manager has logged out.
[24/08/2014 15:13:06] Account Manager has logged in.
[24/08/2014 15:13:11] Account Manager has logged out.
[24/08/2014 15:13:19] Maluko duff has logged in.
[24/08/2014 15:13:28] Kinna Zikinha has logged in.
[24/08/2014 15:15:16] Heinderberg has logged out.
[24/08/2014 15:15:41] Maluko duff has logged out.
[24/08/2014 15:16:27] > Broadcasted message: "Game map cleaning in 1 minute, please pick up all your items.".
[24/08/2014 15:16:30] > Saving server...
[24/08/2014 15:16:33] > SAVE: Complete in 2.856 seconds using relational house storage.
[24/08/2014 15:16:34] > Broadcasted message: "Sempre Ao Criar Uma Conta, Pegue A RK Dela No Account Manager Da Conta E Anote, Nunca Passe A Sua Senha Para Outras Pessoas, E Ao Entrar Em Outros OT´s Crie Contas Diferentes Para Não Sofrer HACKED, Não Me Responsabilizo Por Perdas, Obrigado".
[24/08/2014 15:16:39] Mc Livinho has logged out.
[24/08/2014 15:16:58] > CLEAN: Removed 7551 items from 3557 tiles in 0.234 seconds.
[24/08/2014 15:16:58] > Broadcasted message: "Map Cleaned.".
[24/08/2014 15:17:59] Druidzerah Mythus has logged in.
[24/08/2014 15:18:18] Druidzerah Mythus has logged out.
[24/08/2014 15:18:20] Druidzerah Mythus has logged in.
[24/08/2014 15:19:10] Account Manager has logged in.
[24/08/2014 15:19:11] Account Manager has logged out.
[24/08/2014 15:19:16] Sorczinho Sapeca has logged in.
[24/08/2014 15:19:34] Kinna Zikinha has logged out.
[24/08/2014 15:19:43] Kinna Zikinha has logged in.
[24/08/2014 15:19:53] Mata Pally has logged in.
[24/08/2014 15:20:13] Magezinho Sapeca has logged out.
[24/08/2014 15:20:45] Account Manager has logged in.
[24/08/2014 15:20:46] Account Manager has logged out.
[24/08/2014 15:20:49] Magezinho Sapeca has logged in.
[24/08/2014 15:21:32] Menina Mal has logged out.
[24/08/2014 15:21:34] Menina Mal has logged in.
[24/08/2014 15:21:41] Sorczinho Sapeca has logged out.
[24/08/2014 15:21:42] Kinna Zikinha has logged out.
[24/08/2014 15:21:46] Sorczinho Sapeca has logged in.
[24/08/2014 15:21:47] Kinna Zikinha has logged in.
[24/08/2014 15:22:32] Hegazy has logged out.
[24/08/2014 15:22:33] Hegazy has logged in.
[24/08/2014 15:23:15] > Broadcasted message: "Para ver as noticias fale !notice".
[24/08/2014 15:23:51] Marina has logged in.
[24/08/2014 15:24:32] Heinderberg has logged in.
[24/08/2014 15:24:33] Hegazy has logged out.
[24/08/2014 15:24:35] Hegazy has logged in.
[24/08/2014 15:25:04] Hegazy has logged out.
[24/08/2014 15:25:05] Hegazy has logged in.
[24/08/2014 15:25:49] Marina has logged out.
[24/08/2014 15:25:49] Account Manager has logged in.
[24/08/2014 15:26:00] Heinderberg has logged out.
[24/08/2014 15:26:02] Heinderberg has logged in.
[24/08/2014 15:26:02] Account Manager has logged out.
[24/08/2014 15:26:08] Marina has logged in.
[24/08/2014 15:27:41] Marina has logged out.
[24/08/2014 15:27:42] Marina has logged in.
[24/08/2014 15:28:17] Hegazy has logged out.
[24/08/2014 15:28:19] Hegazy has logged in.
[24/08/2014 15:28:23] Legal Fera has logged in.
[24/08/2014 15:28:44] Heinderberg has logged out.
[24/08/2014 15:28:45] Heinderberg has logged in.
[24/08/2014 15:29:32] Mata Pally has logged out.
[24/08/2014 15:29:41] Mata Pally has logged in.
[24/08/2014 15:29:44] Kinna Zikinha has logged out.
[24/08/2014 15:29:48] Kinna Zikinha has logged in.
[24/08/2014 15:29:56] > Broadcasted message: "Sempre Ao Criar Uma Conta, Pegue A RK Dela No Account Manager Da Conta E Anote, Nunca Passe A Sua Senha Para Outras Pessoas, E Ao Entrar Em Outros OT´s Crie Contas Diferentes Para Não Sofrer HACKED, Não Me Responsabilizo Por Perdas, Obrigado".
[24/08/2014 15:30:33] Heinderberg has logged out.
[24/08/2014 15:30:35] Heinderberg has logged in.
[24/08/2014 15:31:02] Yakuza has logged out.
[24/08/2014 15:31:03] Yakuza has logged in.
[24/08/2014 15:31:25] Legal Fera has logged out.
[24/08/2014 15:31:26] Legal Fera has logged in.
[24/08/2014 15:31:37] Kinna Zikinha has logged out.
[24/08/2014 15:31:40] Kinna Zikinha has logged in.
[24/08/2014 15:32:57] Legal Fera has logged out.
[24/08/2014 15:32:58] Legal Fera has logged in.
[24/08/2014 15:33:08] > Broadcasted message: "Game map cleaning in 1 minute, please pick up all your items.".
[24/08/2014 15:33:39] > CLEAN: Removed 6121 items from 4107 tiles in 0.234 seconds.
[24/08/2014 15:33:39] > Broadcasted message: "Map Cleaned.".
[24/08/2014 15:33:40] Druidzerah Mythus has logged out.
[24/08/2014 15:34:26] Honda has logged in.
[24/08/2014 15:34:42] Juninhosza has logged in.
[24/08/2014 15:35:08] Juninhosza has logged out.
[24/08/2014 15:35:10] Juninhosza has logged in.
[24/08/2014 15:35:18] Heinderberg has logged out.
[24/08/2014 15:35:20] Heinderberg has logged in.
[24/08/2014 15:36:11] Kinna Zikinha has logged out.
[24/08/2014 15:36:37] > Broadcasted message: "Para ver a lista de proximos tutores digite !tutores.".
[24/08/2014 15:36:47] Kinna Zikinha has logged in.
[24/08/2014 15:36:48] Marina has logged out.
[24/08/2014 15:36:51] Legal Fera has logged out.
[24/08/2014 15:36:55] Marina has logged in.
[24/08/2014 15:36:56] Menina Mal has logged out.
[24/08/2014 15:36:58] Yakuza has logged out.
[24/08/2014 15:36:59] Magezinho Sapeca has logged out.
[24/08/2014 15:37:32] Menina Mal has logged in.
[24/08/2014 15:37:33] Legal Fera has logged in.
[24/08/2014 15:37:34] Mata Pally has logged out.
[24/08/2014 15:37:38] Magezinho Sapeca has logged in.
[24/08/2014 15:38:32] Mata Pally has logged in.
[24/08/2014 15:38:58] Honda has logged out.
[24/08/2014 15:39:00] Honda has logged in.
[24/08/2014 15:40:18] Gotak has logged in.
[24/08/2014 15:40:25] Mata Pally has logged out.
[24/08/2014 15:40:27] Mata Pally has logged in.
[24/08/2014 15:40:35] Gotak has logged out.
[24/08/2014 15:40:36] Gotack has logged in.
[24/08/2014 15:41:00] Mata Pally has logged out.
[24/08/2014 15:41:03] Mata Pally has logged in.
[24/08/2014 15:41:48] Kinna Zikinha has logged out.
[24/08/2014 15:41:49] Kinna Zikinha has logged in.
[24/08/2014 15:42:20] Heinderberg has logged out.
[24/08/2014 15:42:22] Heinderberg has logged in.
[24/08/2014 15:43:08] Hegazy has logged out.
[24/08/2014 15:43:10] Hegazy has logged in.
[24/08/2014 15:43:10] Hegazy has logged out.
[24/08/2014 15:43:18] > Broadcasted message: "Sempre Ao Criar Uma Conta, Pegue A RK Dela No Account Manager Da Conta E Anote, Nunca Passe A Sua Senha Para Outras Pessoas, E Ao Entrar Em Outros OT´s Crie Contas Diferentes Para Não Sofrer HACKED, Não Me Responsabilizo Por Perdas, Obrigado".
[24/08/2014 15:43:23] Juninhosza has logged out.
[24/08/2014 15:43:27] Heinderberg has logged out.
[24/08/2014 15:43:46] Heinderberg has logged in.
[24/08/2014 15:46:15] Juninhosza has logged in.
[24/08/2014 15:47:23] Gotack has logged out.
[24/08/2014 15:47:24] Gotack has logged in.
[24/08/2014 15:47:31] Juninhosza has logged out.
[24/08/2014 15:47:40] Gotack has logged out.
[24/08/2014 15:48:40] Gotack has logged in.
[24/08/2014 15:49:30] Kinna Zikinha has logged out.
[24/08/2014 15:49:34] Kinna Zikinha has logged in.
[24/08/2014 15:49:49] > Broadcasted message: "Game map cleaning in 1 minute, please pick up all your items.".
[24/08/2014 15:49:51] > Saving server...
[24/08/2014 15:49:55] > SAVE: Complete in 3.479 seconds using relational house storage.
[24/08/2014 15:49:59] > Broadcasted message: "Para duvidas, eventos, e futuramente compras E-mail/Msn -> deathpvp@live.com.".
[24/08/2014 15:50:01] Account Manager has logged in.
[24/08/2014 15:50:05] Account Manager has logged out.
[24/08/2014 15:50:20] > CLEAN: Removed 546 items from 500 tiles in 0.172 seconds.
[24/08/2014 15:50:20] > Broadcasted message: "Map Cleaned.".
[24/08/2014 15:51:47] Gotack has logged out.
[24/08/2014 15:51:49] Gotack has logged in.
[24/08/2014 15:53:57] Marina has logged out.
[24/08/2014 15:53:58] Marina has logged in.
[24/08/2014 15:54:00] Honda has logged out.
[24/08/2014 15:54:10] Hegazy has logged in.
[24/08/2014 15:54:26] Account Manager has logged in.
[24/08/2014 15:54:30] Account Manager has logged out.
[24/08/2014 15:54:58] Juninhosza has logged in.
[24/08/2014 15:55:14] Mata Pally has logged out.
[24/08/2014 15:55:16] Mata Pally has logged in.
[24/08/2014 15:55:35] Hegazy has logged out.
[24/08/2014 15:55:37] Hegazy has logged in.
[24/08/2014 15:55:42] Hegazy has logged out.
[24/08/2014 15:55:49] Honda has logged in.
[24/08/2014 15:56:40] > Broadcasted message: "Para ver a lista de proximos tutores digite !tutores.".
[24/08/2014 15:56:50] Juninhosza has logged out.
[24/08/2014 15:56:51] Juninhosza has logged in.
[24/08/2014 15:58:14] Legal Fera has logged out.
[24/08/2014 15:58:28] Mata Pally has logged out.
[24/08/2014 15:58:29] Mata Pally has logged in.
[24/08/2014 15:59:16] Juninhosza has logged out.
[24/08/2014 15:59:24] Juninhosza has logged in.
[24/08/2014 16:02:27] Kinna Zikinha has logged out.
[24/08/2014 16:02:28] Heinderberg has logged out.
[24/08/2014 16:02:46] Kinna Zikinha has logged in.
[24/08/2014 16:02:51] Duff Maluko has logged in.
[24/08/2014 16:03:21] > Broadcasted message: "Para comprar bless digite !bless".
[24/08/2014 16:05:14] Heinderberg has logged in.
[24/08/2014 16:06:08] Honda has logged out.
[24/08/2014 16:06:10] Honda has logged in.
[24/08/2014 16:06:30] > Broadcasted message: "Game map cleaning in 1 minute, please pick up all your items.".
[24/08/2014 16:07:01] > CLEAN: Removed 7423 items from 3968 tiles in 0.447 seconds.
[24/08/2014 16:07:01] > Broadcasted message: "Map Cleaned.".
[24/08/2014 16:07:14] Mata Pally has logged out.
[24/08/2014 16:07:26] Mata Pally has logged in.
[24/08/2014 16:08:21] Juninhosza has logged out.
[24/08/2014 16:08:35] Juninhosza has logged in.
[24/08/2014 16:09:07] Honda has logged out.
[24/08/2014 16:09:10] Honda has logged in.
[24/08/2014 16:10:02] > Broadcasted message: "Ot on das 07:00 as 00:00".
[24/08/2014 16:10:40] Mata Pally has logged out.
[24/08/2014 16:10:56] Mata Pally has logged in.
[24/08/2014 16:11:24] Gotack has logged out.
[24/08/2014 16:11:37] Juninhosza has logged out.
[24/08/2014 16:11:41] Marina has logged out.
[24/08/2014 16:11:43] Marina has logged in.
[24/08/2014 16:11:44] Juninhosza has logged in.
[24/08/2014 16:12:41] Honda has logged out.
[24/08/2014 16:12:45] Honda has logged in.
[24/08/2014 16:13:29] Marina has logged out.
[24/08/2014 16:13:30] Marina has logged in.
[24/08/2014 16:13:41] Mata Pally has logged out.
[24/08/2014 16:13:50] Mc Livinho has logged in.
[24/08/2014 16:13:51] Mata Pally has logged in.
[24/08/2014 16:14:48] Kinna Zikinha has logged out.
[24/08/2014 16:14:49] Juninhosza has logged out.
[24/08/2014 16:15:02] Kinna Zikinha has logged in.
[24/08/2014 16:15:06] Juninhosza has logged in.
[24/08/2014 16:15:17] Honda has logged out.
[24/08/2014 16:15:18] Honda has logged in.
[24/08/2014 16:16:33] Marina has logged out.
[24/08/2014 16:16:34] Marina has logged in.
[24/08/2014 16:16:43] > Broadcasted message: "Para ver as noticias fale !notice".
[24/08/2014 16:17:48] Mc Livinho has logged out.
[24/08/2014 16:17:50] Mc Livinho has logged in.
[24/08/2014 16:18:09] Kinna Zikinha has logged out.
[24/08/2014 16:18:16] Kinna Zikinha has logged in.
[24/08/2014 16:20:31] Marina has logged out.
[24/08/2014 16:22:22] Mc Livinho has logged out.
[24/08/2014 16:22:23] Mc Livinho has logged in.
[24/08/2014 16:22:40] Sorczinho Sapeca has logged out.
[24/08/2014 16:22:49] Heinderberg has logged out.
[24/08/2014 16:22:51] Heinderberg has logged in.
[24/08/2014 16:23:11] > Broadcasted message: "Game map cleaning in 1 minute, please pick up all your items.".
[24/08/2014 16:23:12] > Saving server...
[24/08/2014 16:23:16] > SAVE: Complete in 3.15 seconds using relational house storage.
[24/08/2014 16:23:24] > Broadcasted message: "Para duvidas, eventos, e futuramente compras E-mail/Msn -> deathpvp@live.com.".
[24/08/2014 16:23:42] > CLEAN: Removed 194 items from 218 tiles in 0.156 seconds.
[24/08/2014 16:23:42] > Broadcasted message: "Map Cleaned.".
[24/08/2014 16:23:47] Heinderberg has logged out.
[24/08/2014 16:23:49] Heinderberg has logged in.
[24/08/2014 16:24:16] Mata Pally has logged out.
[24/08/2014 16:24:29] Mata Pally has logged in.
[24/08/2014 16:25:42] Meele Pally has logged out.
[24/08/2014 16:25:44] Meele Pally has logged in.
[24/08/2014 16:25:44] Juninhosza has logged out.
[24/08/2014 16:25:52] Juninhosza has logged in.
[24/08/2014 16:26:47] Mc Livinho has logged out.
[24/08/2014 16:26:49] Mc Livinho has logged in.
[24/08/2014 16:29:22] Honda has logged out.
[24/08/2014 16:29:26] Yakuza has logged in.
[24/08/2014 16:29:42] Honda has logged in.
[24/08/2014 16:30:05] > Broadcasted message: "Para duvidas, eventos, e futuramente compras E-mail/Msn -> deathpvp@live.com.".
[24/08/2014 16:32:01] Heinderberg has logged out.
[24/08/2014 16:32:03] Heinderberg has logged in.
[24/08/2014 16:32:46] Meele Pally has logged out.
[24/08/2014 16:32:48] Meele Pally has logged in.
[24/08/2014 16:32:52] Menina Mal has logged out.
[24/08/2014 16:32:58] Menina Mal has logged in.
[24/08/2014 16:33:59] Juninhosza has logged out.
[24/08/2014 16:34:00] Juninhosza has logged in.
[24/08/2014 16:34:04] Sorczinho Sapeca has logged in.
[24/08/2014 16:35:00] Mata Pally has logged out.
[24/08/2014 16:35:01] Mata Pally has logged in.
[24/08/2014 16:36:36] Meele Pally has logged out.
[24/08/2014 16:36:37] Meele Pally has logged in.
[24/08/2014 16:36:42] Heinderberg has logged out.
[24/08/2014 16:36:43] Heinderberg has logged in.
[24/08/2014 16:36:46] Mc Livinho has logged out.
[24/08/2014 16:36:47] > Broadcasted message: "Sempre Ao Criar Uma Conta, Pegue A RK Dela No Account Manager Da Conta E Anote, Nunca Passe A Sua Senha Para Outras Pessoas, E Ao Entrar Em Outros OT´s Crie Contas Diferentes Para Não Sofrer HACKED, Não Me Responsabilizo Por Perdas, Obrigado".
[24/08/2014 16:36:49] Mc Livinho has logged in.
[24/08/2014 16:37:03] Menina Mal has logged out.
[24/08/2014 16:37:05] Menina Mal has logged in.
[24/08/2014 16:37:12] Mata Pally has logged out.
[24/08/2014 16:37:17] Heinderberg has logged out.
[24/08/2014 16:37:18] Mata Pally has logged in.
[24/08/2014 16:37:22] Heinderberg has logged in.
[24/08/2014 16:37:32] Menina Mal has logged out.
[24/08/2014 16:37:33] Yakuza has logged out.
[24/08/2014 16:37:34] Menina Mal has logged in.
[24/08/2014 16:37:35] Yakuza has logged in.
[24/08/2014 16:37:44] Honda has logged out.
[24/08/2014 16:37:46] Honda has logged in.
[24/08/2014 16:37:56] Mc Livinho has logged out.
[24/08/2014 16:37:58] Mc Livinho has logged in.
[24/08/2014 16:38:17] Mc Livinho has logged out.
[24/08/2014 16:38:19] Mc Livinho has logged in.
[24/08/2014 16:39:19] Juninhosza has logged out.
[24/08/2014 16:39:21] Juninhosza has logged in.
[24/08/2014 16:39:42] Kinna Zikinha has logged out.
[24/08/2014 16:39:43] Kinna Zikinha has logged in.
[24/08/2014 16:39:52] > Broadcasted message: "Game map cleaning in 1 minute, please pick up all your items.".
[24/08/2014 16:40:06] Mata Pally has logged out.
[24/08/2014 16:40:08] Mata Pally has logged in.
[24/08/2014 16:40:22] > CLEAN: Removed 283 items from 330 tiles in 0.208 seconds.
[24/08/2014 16:40:22] > Broadcasted message: "Map Cleaned.".
[24/08/2014 16:40:33] Kinna Zikinha has logged out.
[24/08/2014 16:40:39] Kinna Zikinha has logged in.
[24/08/2014 16:40:44] Meele Pally has logged out.
[24/08/2014 16:40:46] Meele Pally has logged in.
[24/08/2014 16:41:09] Heinderberg has logged out.
[24/08/2014 16:41:11] Heinderberg has logged in.
[24/08/2014 16:41:25] Magezinho Sapeca has logged out.
[24/08/2014 16:41:54] Magezinho Sapeca has logged in.
[24/08/2014 16:42:09] Mata Pally has logged out.
[24/08/2014 16:42:11] Mata Pally has logged in.
[24/08/2014 16:43:00] Honda has logged out.
[24/08/2014 16:43:02] Honda has logged in.
[24/08/2014 16:43:28] > Broadcasted message: "Ot on das 07:00 as 00:00".
[24/08/2014 16:43:52] Juninhosza has logged out.
[24/08/2014 16:43:55] Juninhosza has logged in.
[24/08/2014 16:48:20] Mc Livinho has logged out.
[24/08/2014 16:48:22] Mc Livinho has logged in.
[24/08/2014 16:48:31] Heinderberg has logged out.
[24/08/2014 16:48:33] Heinderberg has logged in.
[24/08/2014 16:48:41] Magezinho Sapeca has logged out.
[24/08/2014 16:48:46] Mata Pally has logged out.
[24/08/2014 16:49:04] Druidzerah Mythus has logged in.
[24/08/2014 16:49:04] Magezinho Sapeca has logged in.
[24/08/2014 16:49:05] Mata Pally has logged in.
[24/08/2014 16:49:48] Honda has logged out.
[24/08/2014 16:49:50] Honda has logged in.
[24/08/2014 16:50:09] > Broadcasted message: "Para duvidas, eventos, e futuramente compras E-mail/Msn -> deathpvp@live.com.".
[24/08/2014 16:50:13] Magezinho Sapeca has logged out.
[24/08/2014 16:50:15] Juninhosza has logged out.
[24/08/2014 16:50:15] Magezinho Sapeca has logged in.
[24/08/2014 16:50:17] Juninhosza has logged in.
[24/08/2014 16:51:09] Kinna Zikinha has logged out.
[24/08/2014 16:51:10] Mata Pally has logged out.
[24/08/2014 16:51:10] Heinderberg has logged out.
[24/08/2014 16:51:11] Menina Mal has logged out.
[24/08/2014 16:51:12] Heinderberg has logged in.
[24/08/2014 16:51:12] Kinna Zikinha has logged in.
[24/08/2014 16:51:14] Menina Mal has logged in.
[24/08/2014 16:51:16] Mata Pally has logged in.
[24/08/2014 16:51:26] Magezinho Sapeca has logged out.
[24/08/2014 16:51:27] Magezinho Sapeca has logged in.
[24/08/2014 16:51:31] Honda has logged out.
[24/08/2014 16:51:33] Honda has logged in.
[24/08/2014 16:51:36] Magezinho Sapeca has logged out.
[24/08/2014 16:51:37] Magezinho Sapeca has logged in.
[24/08/2014 16:54:35] Heinderberg has logged out.
[24/08/2014 16:54:36] Heinderberg has logged in.
[24/08/2014 16:56:11] Magezinho Sapeca has logged out.
[24/08/2014 16:56:12] Magezinho Sapeca has logged in.
[24/08/2014 16:56:33] > Broadcasted message: "Game map cleaning in 1 minute, please pick up all your items.".
[24/08/2014 16:56:34] > Saving server...
[24/08/2014 16:56:38] > SAVE: Complete in 3.787 seconds using relational house storage.
[24/08/2014 16:56:38] 
[24/08/2014 16:56:38] Lua Script Error: [CreatureScript Interface] 
[24/08/2014 16:56:39] data/creaturescripts/scripts/playerdeath.lua:onDeath
[24/08/2014 16:56:39] 
[24/08/2014 16:56:39] luaGetCreatureName(). Creature not found
[24/08/2014 16:56:39] 
[24/08/2014 16:56:39] Lua Script Error: [CreatureScript Interface] 
[24/08/2014 16:56:39] data/creaturescripts/scripts/playerdeath.lua:onDeath
[24/08/2014 16:56:39] 
[24/08/2014 16:56:39] luaGetCreatureName(). Creature not found
[24/08/2014 16:56:40] Mc Livinho has logged out.
[24/08/2014 16:56:50] > Broadcasted message: "Para duvidas, eventos, e futuramente compras E-mail/Msn -> deathpvp@live.com.".
[24/08/2014 16:57:04] > CLEAN: Removed 1358 items from 940 tiles in 0.195 seconds.
[24/08/2014 16:57:04] > Broadcasted message: "Map Cleaned.".
[24/08/2014 16:57:15] Heinderberg has logged out.
[24/08/2014 16:57:17] Heinderberg has logged in.
[24/08/2014 16:57:20] Sorczinho Sapeca has logged out.
[24/08/2014 16:57:27] Sorczinho Sapeca has logged in.
[24/08/2014 16:57:40] Mc Livinho has logged in.
[24/08/2014 16:57:57] Honda has logged out.
[24/08/2014 16:58:01] Magezinho Sapeca has logged out.
[24/08/2014 16:58:02] Magezinho Sapeca has logged in.
[24/08/2014 16:58:56] Heinderberg has logged out.
[24/08/2014 16:58:58] Heinderberg has logged in.
[24/08/2014 16:59:18] Juninhosza has logged out.
[24/08/2014 16:59:20] Juninhosza has logged in.
[24/08/2014 16:59:37] Juninhosza has logged out.
[24/08/2014 16:59:41] Juninhosza has logged in.
[24/08/2014 17:00:43] Magezinho Sapeca has logged out.
[24/08/2014 17:00:44] Magezinho Sapeca has logged in.
[24/08/2014 17:00:53] Hegazy has logged in.
[24/08/2014 17:01:03] Juninhosza has logged out.
[24/08/2014 17:01:10] Sorczinho Sapeca has logged out.
[24/08/2014 17:01:11] Sorczinho Sapeca has logged in.
[24/08/2014 17:01:12] Vo recupera has logged in.
[24/08/2014 17:01:24] Mc Livinho has logged out.
[24/08/2014 17:01:26] Mc Livinho has logged in.
[24/08/2014 17:01:55] Meele Pally has logged out.
[24/08/2014 17:01:56] Meele Pally has logged in.
[24/08/2014 17:02:02] Heinderberg has logged out.
[24/08/2014 17:02:04] Heinderberg has logged in.
[24/08/2014 17:02:09] Mc Livinho has logged out.
[24/08/2014 17:02:11] Mc Livinho has logged in.
[24/08/2014 17:02:15] Vo recupera has logged out.
[24/08/2014 17:02:18] Sorczinho Sapeca has logged out.
[24/08/2014 17:02:19] Sorczinho Sapeca has logged in.
[24/08/2014 17:02:25] Juninhosza has logged in.
[24/08/2014 17:02:39] Duff Maluko has logged out.
[24/08/2014 17:02:41] Duff Maluko has logged in.
[24/08/2014 17:03:15] Sorczinho Sapeca has logged out.
[24/08/2014 17:03:16] Sorczinho Sapeca has logged in.
[24/08/2014 17:03:31] > Broadcasted message: "Para duvidas, eventos, e futuramente compras E-mail/Msn -> deathpvp@live.com.".
[24/08/2014 17:04:07] Sorczinho Sapeca has logged out.
[24/08/2014 17:04:08] Sorczinho Sapeca has logged in.
[24/08/2014 17:04:13] Heinderberg has logged out.
[24/08/2014 17:04:15] Heinderberg has logged in.
[24/08/2014 17:04:39] Mc Livinho has logged out.
[24/08/2014 17:04:40] Juninhosza has logged out.
[24/08/2014 17:04:41] Juninhosza has logged in.
[24/08/2014 17:04:41] Mc Livinho has logged in.
[24/08/2014 17:04:44] Sorczinho Sapeca has logged out.
[24/08/2014 17:04:46] Sorczinho Sapeca has logged in.
[24/08/2014 17:05:11] Sorczinho Sapeca has logged out.
[24/08/2014 17:05:12] Sorczinho Sapeca has logged in.
[24/08/2014 17:05:29] Sorczinho Sapeca has logged out.
[24/08/2014 17:05:30] Sorczinho Sapeca has logged in.
[24/08/2014 17:05:50] Yakuza has logged out.
[24/08/2014 17:05:51] Yakuza has logged in.
[24/08/2014 17:05:53] Sorczinho Sapeca has logged out.
[24/08/2014 17:05:54] Sorczinho Sapeca has logged in.
[24/08/2014 17:06:20] Sorczinho Sapeca has logged out.
[24/08/2014 17:06:21] Sorczinho Sapeca has logged in.
[24/08/2014 17:06:22] Sorczinho Sapeca has logged out.
[24/08/2014 17:06:22] Hegazy has logged out.
[24/08/2014 17:06:25] Sorczinho Sapeca has logged in.
[24/08/2014 17:06:39] Mc Livinho has logged out.
[24/08/2014 17:06:41] Mc Livinho has logged in.
[24/08/2014 17:06:44] Hegazy has logged in.
[24/08/2014 17:06:52] Sorczinho Sapeca has logged out.
[24/08/2014 17:06:53] Sorczinho Sapeca has logged in.
[24/08/2014 17:07:44] Sorczinho Sapeca has logged out.
[24/08/2014 17:07:46] Sorczinho Sapeca has logged in.
[24/08/2014 17:07:50] Mata Pally has logged out.
[24/08/2014 17:07:52] Mata Pally has logged in.
[24/08/2014 17:07:54] Kinna Zikinha has logged out.
[24/08/2014 17:08:02] Kinna Zikinha has logged in.
[24/08/2014 17:08:20] Yakuza has logged out.
[24/08/2014 17:08:24] Yakuza has logged in.
[24/08/2014 17:08:43] Mata Pally has logged out.
[24/08/2014 17:09:28] Mc Livinho has logged out.
[24/08/2014 17:09:30] Mc Livinho has logged in.
[24/08/2014 17:09:44] Heinderberg has logged out.
[24/08/2014 17:09:48] Heinderberg has logged in.
[24/08/2014 17:10:01] Sorczinho Sapeca has logged out.
[24/08/2014 17:10:01] Sorczinho Sapeca has logged in.
[24/08/2014 17:10:02] Sorczinho Sapeca has logged out.
[24/08/2014 17:10:06] Sorczinho Sapeca has logged in.
[24/08/2014 17:10:10] Biozard Zikao has logged in.
[24/08/2014 17:10:12] > Broadcasted message: "Para esclarecer algumas duvidas digite !notice, para mais informacoes fale com um [CM]".
[24/08/2014 17:10:47] Biozard Zikao has logged out.
[24/08/2014 17:10:48] Kinna Zikinha has logged out.
[24/08/2014 17:10:57] Mata Pally has logged in.
[24/08/2014 17:11:01] Mc Livinho has logged out.
[24/08/2014 17:11:03] Mc Livinho has logged in.
[24/08/2014 17:11:04] Meele Pally has logged out.
[24/08/2014 17:11:06] Meele Pally has logged in.
[24/08/2014 17:11:09] Kinna Zikinha has logged in.
[24/08/2014 17:11:19] Heinderberg has logged out.
[24/08/2014 17:11:21] Heinderberg has logged in.
[24/08/2014 17:11:42] Heinderberg has logged out.
[24/08/2014 17:11:44] Heinderberg has logged in.
[24/08/2014 17:11:48] Mc Livinho has logged out.
[24/08/2014 17:11:51] Mc Livinho has logged in.
[24/08/2014 17:12:07] Heinderberg has logged out.
[24/08/2014 17:12:10] Heinderberg has logged in.
[24/08/2014 17:12:11] Heinderberg has logged out.
[24/08/2014 17:12:12] Heinderberg has logged in.
[24/08/2014 17:12:19] Mc Livinho has logged out.
[24/08/2014 17:12:22] Mc Livinho has logged in.
[24/08/2014 17:12:30] Menina Mal has logged out.
[24/08/2014 17:12:33] Menina Mal has logged in.
[24/08/2014 17:13:14] > Broadcasted message: "Game map cleaning in 1 minute, please pick up all your items.".
[24/08/2014 17:13:41] Yakuza has logged out.
[24/08/2014 17:13:42] Yakuza has logged in.
[24/08/2014 17:13:44] > CLEAN: Removed 1794 items from 884 tiles in 0.175 seconds.
[24/08/2014 17:13:45] > Broadcasted message: "Map Cleaned.".
[24/08/2014 17:13:45] Juninhosza has logged out.
[24/08/2014 17:13:47] Juninhosza has logged in.
[24/08/2014 17:14:03] Heinderberg has logged out.
[24/08/2014 17:14:04] Menina Mal has logged out.
[24/08/2014 17:14:06] Heinderberg has logged in.
[24/08/2014 17:14:07] Menina Mal has logged in.
[24/08/2014 17:14:22] Mc Livinho has logged out.
[24/08/2014 17:14:24] Mc Livinho has logged in.
[24/08/2014 17:15:24] Heinderberg has logged out.
[24/08/2014 17:15:26] Heinderberg has logged in.
[24/08/2014 17:16:07] Magezinho Sapeca has logged out.
[24/08/2014 17:16:09] Magezinho Sapeca has logged in.
[24/08/2014 17:16:35] Magezinho Sapeca has logged out.
[24/08/2014 17:16:38] Magezinho Sapeca has logged in.
[24/08/2014 17:16:53] > Broadcasted message: "Sempre Ao Criar Uma Conta, Pegue A RK Dela No Account Manager Da Conta E Anote, Nunca Passe A Sua Senha Para Outras Pessoas, E Ao Entrar Em Outros OT´s Crie Contas Diferentes Para Não Sofrer HACKED, Não Me Responsabilizo Por Perdas, Obrigado".
[24/08/2014 17:17:11] Mc Livinho has logged out.
[24/08/2014 17:17:13] Mc Livinho has logged in.
[24/08/2014 17:17:33] Mc Livinho has logged out.
[24/08/2014 17:17:35] Mc Livinho has logged in.
[24/08/2014 17:18:33] Duff Maluko has logged out.
[24/08/2014 17:18:34] Duff Maluko has logged in.
[24/08/2014 17:18:35] Mc Livinho has logged out.
[24/08/2014 17:18:37] Mc Livinho has logged in.
[24/08/2014 17:18:42] Heinderberg has logged out.
[24/08/2014 17:18:44] Heinderberg has logged in.
[24/08/2014 17:19:15] Magezinho Sapeca has logged out.
[24/08/2014 17:19:16] 
[24/08/2014 17:19:16] Lua Script Error: [Spell Interface] 
[24/08/2014 17:19:16] in a timer event called from: 
[24/08/2014 17:19:16] data/spells/scripts/max power rune.lua:onCastSpell
[24/08/2014 17:19:17] 
[24/08/2014 17:19:17] luaDoCombat(). Creature not found
[24/08/2014 17:19:17] 
[24/08/2014 17:19:17] Lua Script Error: [Spell Interface] 
[24/08/2014 17:19:17] in a timer event called from: 
[24/08/2014 17:19:17] data/spells/scripts/max power rune.lua:onCastSpell
[24/08/2014 17:19:17] 
[24/08/2014 17:19:17] luaDoCombat(). Creature not found
[24/08/2014 17:19:17] 
[24/08/2014 17:19:17] Lua Script Error: [Spell Interface] 
[24/08/2014 17:19:18] in a timer event called from: 
[24/08/2014 17:19:18] data/spells/scripts/max power rune.lua:onCastSpell
[24/08/2014 17:19:18] 
[24/08/2014 17:19:18] luaDoCombat(). Creature not found
[24/08/2014 17:19:18] 
[24/08/2014 17:19:18] Lua Script Error: [Spell Interface] 
[24/08/2014 17:19:18] in a timer event called from: 
[24/08/2014 17:19:18] data/spells/scripts/max power rune.lua:onCastSpell
[24/08/2014 17:19:19] 
[24/08/2014 17:19:19] luaDoCombat(). Creature not found
[24/08/2014 17:19:20] Magezinho Sapeca has logged in.
[24/08/2014 17:20:28] Maluko duff has logged in.
[24/08/2014 17:20:41] Mc Livinho has logged out.
[24/08/2014 17:20:43] Mc Livinho has logged in.
[24/08/2014 17:20:56] Menina Mal has logged out.
[24/08/2014 17:21:00] Menina Mal has logged in.
[24/08/2014 17:22:30] Mc Livinho has logged out.
[24/08/2014 17:22:33] Mc Livinho has logged in.
[24/08/2014 17:22:35] Heinderberg has logged out.
[24/08/2014 17:22:38] Heinderberg has logged in.
[24/08/2014 17:23:34] > Broadcasted message: "Ot on das 07:00 as 00:00".
[24/08/2014 17:24:32] Maluko duff has logged out.
[24/08/2014 17:24:34] Maluko duff has logged in.
[24/08/2014 17:24:52] Heinderberg has logged out.
[24/08/2014 17:24:54] Heinderberg has logged in.
[24/08/2014 17:25:07] Sorczinho Sapeca has logged out.
[24/08/2014 17:25:08] Sorczinho Sapeca has logged in.
[24/08/2014 17:25:08] Sorczinho Sapeca has logged out.
[24/08/2014 17:25:09] Magezinho Sapeca has logged out.
[24/08/2014 17:25:11] Magezinho Sapeca has logged in.
[24/08/2014 17:25:12] Sorczinho Sapeca has logged in.
[24/08/2014 17:25:29] Mc Livinho has logged out.
[24/08/2014 17:25:31] Mc Livinho has logged in.
[24/08/2014 17:27:06] Magezinho Sapeca has logged out.
[24/08/2014 17:28:04] Magezinho Sapeca has logged in.
[24/08/2014 17:29:54] > Saving server...
[24/08/2014 17:29:58] > SAVE: Complete in 3.894 seconds using relational house storage.
[24/08/2014 17:29:58] > Broadcasted message: "Game map cleaning in 1 minute, please pick up all your items.".
[24/08/2014 17:30:15] > Broadcasted message: "Para esclarecer algumas duvidas digite !notice, para mais informacoes fale com um [CM]".
[24/08/2014 17:30:28] > CLEAN: Removed 535 items from 412 tiles in 0.168 seconds.
[24/08/2014 17:30:28] > Broadcasted message: "Map Cleaned.".
[24/08/2014 17:33:58] Mc Livinho has logged out.
[24/08/2014 17:34:01] Mc Livinho has logged in.
[24/08/2014 17:34:34] Juninhosza has logged out.
[24/08/2014 17:34:37] Druidzerah Mythus has logged out.
[24/08/2014 17:34:46] Juninhosza has logged in.
[24/08/2014 17:35:20] Mc Livinho has logged out.
[24/08/2014 17:35:22] Mc Livinho has logged in.
[24/08/2014 17:35:41] Mata Pally has logged out.
[24/08/2014 17:35:42] Druidzerah Mythus has logged in.
[24/08/2014 17:35:43] Mata Pally has logged in.
[24/08/2014 17:36:56] > Broadcasted message: "Para comprar bless digite !bless".
[24/08/2014 17:36:58] Magezinho Sapeca has logged out.
[24/08/2014 17:37:00] Magezinho Sapeca has logged in.
[24/08/2014 17:37:50] Magezinho Sapeca has logged out.
[24/08/2014 17:37:51] Magezinho Sapeca has logged in.
[24/08/2014 17:37:55] Mc Livinho has logged out.
[24/08/2014 17:37:59] Mc Livinho has logged in.
[24/08/2014 17:39:33] Mutuca has logged in.
[24/08/2014 17:40:03] Maluko duff has logged out.
[24/08/2014 17:40:04] Maluko duff has logged in.
[24/08/2014 17:40:41] Mutuca has logged out.
[24/08/2014 17:41:15] Heinderberg has logged out.
[24/08/2014 17:41:28] Meele Pally has logged out.
[24/08/2014 17:41:29] Meele Pally has logged in.
[24/08/2014 17:41:36] Sorczinho Sapeca has logged out.
[24/08/2014 17:41:38] Sorczinho Sapeca has logged in.
[24/08/2014 17:41:41] Sorczinho Sapeca has logged out.
[24/08/2014 17:41:59] Mc Livinho has logged out.
[24/08/2014 17:42:01] Mc Livinho has logged in.
[24/08/2014 17:42:02] Sorczinho Sapeca has logged in.
[24/08/2014 17:42:15] Kinna Zikinha has logged out.
[24/08/2014 17:42:17] Kinna Zikinha has logged in.
[24/08/2014 17:42:21] Meele Pally has logged out.
[24/08/2014 17:42:37] Sorczinho Sapeca has logged out.
[24/08/2014 17:42:38] Sorczinho Sapeca has logged in.
[24/08/2014 17:42:39] Magezinho Sapeca has logged out.
[24/08/2014 17:42:42] Magezinho Sapeca has logged in.
[24/08/2014 17:42:48] Mc Livinho has logged out.
[24/08/2014 17:42:50] Mc Livinho has logged in.
[24/08/2014 17:43:28] Sorczinho Sapeca has logged out.
[24/08/2014 17:43:31] Sorczinho Sapeca has logged in.
[24/08/2014 17:43:37] > Broadcasted message: "Novo CLIENTE = http://www.4shared.com/rar/Xvc96eOece/Death_PVP.html".
[24/08/2014 17:43:46] Heinderberg has logged in.
[24/08/2014 17:44:22] Mc Livinho has logged out.
[24/08/2014 17:44:24] Mc Livinho has logged in.
[24/08/2014 17:44:50] Heinderberg has logged out.
[24/08/2014 17:44:51] Menina Mal has logged out.
[24/08/2014 17:44:53] Heinderberg has logged in.
[24/08/2014 17:44:54] Menina Mal has logged in.
[24/08/2014 17:45:49] Heinderberg has logged out.
[24/08/2014 17:45:50] Heinderberg has logged in.
[24/08/2014 17:46:39] > Broadcasted message: "Game map cleaning in 1 minute, please pick up all your items.".
[24/08/2014 17:46:54] Mc Livinho has logged out.
[24/08/2014 17:46:56] Mc Livinho has logged in.
[24/08/2014 17:47:09] > CLEAN: Removed 72 items from 311 tiles in 0.208 seconds.
[24/08/2014 17:47:10] > Broadcasted message: "Map Cleaned.".
[24/08/2014 17:49:48] Heinderberg has logged out.
[24/08/2014 17:49:51] Heinderberg has logged in.
[24/08/2014 17:50:18] > Broadcasted message: "Para esclarecer algumas duvidas digite !notice, para mais informacoes fale com um [CM]".
[24/08/2014 17:50:49] Mc Livinho has logged out.
[24/08/2014 17:51:36] Kinna Zikinha has logged out.
[24/08/2014 17:51:38] Kinna Zikinha has logged in.
[24/08/2014 17:51:42] Heinderberg has logged out.
[24/08/2014 17:51:44] Heinderberg has logged in.
[24/08/2014 17:51:58] Mc Livinho has logged in.
[24/08/2014 17:52:17] Duff Maluko has logged out.
[24/08/2014 17:52:39] Yakuza has logged out.
[24/08/2014 17:52:40] 
[24/08/2014 17:52:40] Lua Script Error: [CreatureScript Interface] 
[24/08/2014 17:52:40] data/creaturescripts/scripts/playerdeath.lua:onDeath
[24/08/2014 17:52:40] 
[24/08/2014 17:52:40] luaGetCreatureName(). Creature not found
[24/08/2014 17:52:41] 
[24/08/2014 17:52:41] Lua Script Error: [CreatureScript Interface] 
[24/08/2014 17:52:41] data/creaturescripts/scripts/playerdeath.lua:onDeath
[24/08/2014 17:52:41] 
[24/08/2014 17:52:41] luaGetCreatureName(). Creature not found
[24/08/2014 17:52:41] Heinderberg has logged out.
[24/08/2014 17:52:42] Yakuza has logged in.
[24/08/2014 17:52:43] Heinderberg has logged in.
[24/08/2014 17:53:02] Mc Livinho has logged out.
[24/08/2014 17:53:04] Mc Livinho has logged in.
[24/08/2014 17:53:34] Hegazy has logged out.
[24/08/2014 17:53:36] Hegazy has logged in.
[24/08/2014 17:53:42] Eternal Ozzot has logged in.
[24/08/2014 17:54:11] Mata Pally has logged out.
[24/08/2014 17:54:30] Eternal Ozzot has logged out.
[24/08/2014 17:54:32] Eternal Ozzot has logged in.
[24/08/2014 17:54:42] Eternal Ozzot has logged out.
[24/08/2014 17:54:44] Eternal Ozzot has logged in.
[24/08/2014 17:55:00] Eternal Ozzot has logged out.
[24/08/2014 17:55:03] Eternal Ozzot has logged in.
[24/08/2014 17:55:03] Eternal Ozzot has logged out.
[24/08/2014 17:55:34] Mc Livinho has logged out.
[24/08/2014 17:55:36] Mc Livinho has logged in.
[24/08/2014 17:55:50] Heinderberg has logged out.
[24/08/2014 17:55:52] Heinderberg has logged in.
[24/08/2014 17:56:44] Mc Livinho has logged out.
[24/08/2014 17:56:45] Heinderberg has logged out.
[24/08/2014 17:56:47] Mc Livinho has logged in.
[24/08/2014 17:56:47] Heinderberg has logged in.
[24/08/2014 17:56:59] > Broadcasted message: "Para ver a lista de proximos tutores digite !tutores.".
[24/08/2014 17:57:03] Heinderberg has logged out.
[24/08/2014 17:57:05] Heinderberg has logged in.
[24/08/2014 17:57:35] Juninhosza has logged out.
[24/08/2014 17:57:46] Kinna Zikinha has logged out.
[24/08/2014 17:57:47] Kinna Zikinha has logged in.
[24/08/2014 17:58:52] Mc Livinho has logged out.
[24/08/2014 17:58:54] Mc Livinho has logged in.
[24/08/2014 17:59:17] Heinderberg has logged out.
[24/08/2014 17:59:18] Menina Mal has logged out.
[24/08/2014 17:59:18] 
[24/08/2014 17:59:18] Lua Script Error: [Spell Interface] 
[24/08/2014 17:59:19] in a timer event called from: 
[24/08/2014 17:59:19] data/spells/scripts/anti-materia.lua:onCastSpell
[24/08/2014 17:59:19] 
[24/08/2014 17:59:19] luaDoCombat(). Creature not found
[24/08/2014 17:59:19] 
[24/08/2014 17:59:19] Lua Script Error: [Spell Interface] 
[24/08/2014 17:59:19] in a timer event called from: 
[24/08/2014 17:59:20] data/spells/scripts/anti-materia.lua:onCastSpell
[24/08/2014 17:59:20] 
[24/08/2014 17:59:20] luaDoCombat(). Creature not found
[24/08/2014 17:59:20] 
[24/08/2014 17:59:20] Lua Script Error: [Spell Interface] 
[24/08/2014 17:59:20] in a timer event called from: 
[24/08/2014 17:59:20] data/spells/scripts/anti-materia.lua:onCastSpell
[24/08/2014 17:59:20] 
[24/08/2014 17:59:20] luaDoCombat(). Creature not found
[24/08/2014 17:59:21] 
[24/08/2014 17:59:21] Lua Script Error: [Spell Interface] 
[24/08/2014 17:59:21] in a timer event called from: 
[24/08/2014 17:59:21] data/spells/scripts/anti-materia.lua:onCastSpell
[24/08/2014 17:59:21] 
[24/08/2014 17:59:21] luaDoCombat(). Creature not found
[24/08/2014 17:59:21] 
[24/08/2014 17:59:21] Lua Script Error: [Spell Interface] 
[24/08/2014 17:59:21] in a timer event called from: 
[24/08/2014 17:59:21] data/spells/scripts/anti-materia.lua:onCastSpell
[24/08/2014 17:59:22] 
[24/08/2014 17:59:22] luaDoCombat(). Creature not found
[24/08/2014 17:59:22] 
[24/08/2014 17:59:22] Lua Script Error: [Spell Interface] 
[24/08/2014 17:59:22] in a timer event called from: 
[24/08/2014 17:59:22] data/spells/scripts/anti-materia.lua:onCastSpell
[24/08/2014 17:59:22] 
[24/08/2014 17:59:22] luaDoCombat(). Creature not found
[24/08/2014 17:59:23] Heinderberg has logged in.
[24/08/2014 17:59:24] Menina Mal has logged in.
[24/08/2014 18:00:13] Maluko duff has logged out.
[24/08/2014 18:00:33] Kinna Zikinha has logged out.
[24/08/2014 18:00:36] Kinna Zikinha has logged in.
[24/08/2014 18:00:43] Druidzerah Mythus has logged out.
[24/08/2014 18:00:45] Sorczinho Sapeca has logged out.
[24/08/2014 18:00:50] Druidzerah Mythus has logged in.
[24/08/2014 18:01:29] Mc Livinho has logged out.
[24/08/2014 18:01:35] Mc Livinho has logged in.
[24/08/2014 18:02:01] Hegazy has logged out.
[24/08/2014 18:02:22] Honda has logged in.
[24/08/2014 18:02:28] Honda has logged out.
[24/08/2014 18:02:40] Hegazy has logged in.
[24/08/2014 18:03:15] > Saving server...
[24/08/2014 18:03:18] > SAVE: Complete in 2.737 seconds using relational house storage.
[24/08/2014 18:03:20] > Broadcasted message: "Game map cleaning in 1 minute, please pick up all your items.".
[24/08/2014 18:03:37] Heinderberg has logged out.
[24/08/2014 18:03:38] Heinderberg has logged in.
[24/08/2014 18:03:39] Druidzerah Mythus has logged out.
[24/08/2014 18:03:40] > Broadcasted message: "Para duvidas, eventos, e futuramente compras E-mail/Msn -> deathpvp@live.com.".
[24/08/2014 18:03:51] > CLEAN: Removed 1973 items from 1303 tiles in 0.236 seconds.
[24/08/2014 18:03:51] > Broadcasted message: "Map Cleaned.".
[24/08/2014 18:04:22] Heinderberg has logged out.
[24/08/2014 18:04:24] Mc Livinho has logged out.
[24/08/2014 18:04:25] Heinderberg has logged in.
[24/08/2014 18:04:26] Mc Livinho has logged in.
[24/08/2014 18:04:41] Druidzerah Mythus has logged in.
[24/08/2014 18:04:49] Mc Livinho has logged out.
[24/08/2014 18:04:50] Mc Livinho has logged in.
[24/08/2014 18:04:54] Menina Mal has logged out.
[24/08/2014 18:04:54] 
[24/08/2014 18:04:54] Lua Script Error: [Spell Interface] 
[24/08/2014 18:04:54] in a timer event called from: 
[24/08/2014 18:04:54] data/spells/scripts/anti-materia.lua:onCastSpell
[24/08/2014 18:04:54] 
[24/08/2014 18:04:54] luaDoCombat(). Creature not found
[24/08/2014 18:04:55] 
[24/08/2014 18:04:55] Lua Script Error: [Spell Interface] 
[24/08/2014 18:04:55] in a timer event called from: 
[24/08/2014 18:04:55] data/spells/scripts/anti-materia.lua:onCastSpell
[24/08/2014 18:04:55] 
[24/08/2014 18:04:55] luaDoCombat(). Creature not found
[24/08/2014 18:04:55] 
[24/08/2014 18:04:55] Lua Script Error: [Spell Interface] 
[24/08/2014 18:04:55] in a timer event called from: 
[24/08/2014 18:04:56] data/spells/scripts/anti-materia.lua:onCastSpell
[24/08/2014 18:04:56] 
[24/08/2014 18:04:56] luaDoCombat(). Creature not found
[24/08/2014 18:04:56] 
[24/08/2014 18:04:56] Lua Script Error: [Spell Interface] 
[24/08/2014 18:04:56] in a timer event called from: 
[24/08/2014 18:04:56] data/spells/scripts/anti-materia.lua:onCastSpell
[24/08/2014 18:04:56] 
[24/08/2014 18:04:56] luaDoCombat(). Creature not found
[24/08/2014 18:04:57] 
[24/08/2014 18:04:57] Lua Script Error: [Spell Interface] 
[24/08/2014 18:04:57] in a timer event called from: 
[24/08/2014 18:04:57] data/spells/scripts/anti-materia.lua:onCastSpell
[24/08/2014 18:04:57] 
[24/08/2014 18:04:57] luaDoCombat(). Creature not found
[24/08/2014 18:04:57] 
[24/08/2014 18:04:57] Lua Script Error: [Spell Interface] 
[24/08/2014 18:04:57] in a timer event called from: 
[24/08/2014 18:04:57] data/spells/scripts/anti-materia.lua:onCastSpell
[24/08/2014 18:04:58] 
[24/08/2014 18:04:58] luaDoCombat(). Creature not found
[24/08/2014 18:04:59] Menina Mal has logged in.
[24/08/2014 18:05:00] Mc Livinho has logged out.
[24/08/2014 18:05:03] Mc Livinho has logged in.
[24/08/2014 18:05:35] Mc Livinho has logged out.
[24/08/2014 18:05:37] Mc Livinho has logged in.
[24/08/2014 18:05:52] Yakuza has logged out.
[24/08/2014 18:05:53] Yakuza has logged in.
[24/08/2014 18:06:21] Yakuza has logged out.
[24/08/2014 18:06:22] Yakuza has logged in.
[24/08/2014 18:06:37] Mc Livinho has logged out.
[24/08/2014 18:06:39] Mc Livinho has logged in.
[24/08/2014 18:07:01] Heinderberg has logged out.
[24/08/2014 18:07:04] Heinderberg has logged in.
[24/08/2014 18:07:34] Mc Livinho has logged out.
[24/08/2014 18:07:36] Mc Livinho has logged in.
[24/08/2014 18:08:30] Druidzerah Mythus has logged out.
[24/08/2014 18:09:12] Sorczinho Sapeca has logged in.
[24/08/2014 18:10:21] > Broadcasted message: "Para ver as noticias fale !notice".
[24/08/2014 18:10:25] Mc Livinho has logged out.
[24/08/2014 18:10:27] Mc Livinho has logged in.
[24/08/2014 18:10:36] Druidzerah Mythus has logged in.
[24/08/2014 18:10:37] Heinderberg has logged out.
[24/08/2014 18:10:39] Heinderberg has logged in.
[24/08/2014 18:12:10] Hegazy has logged out.
[24/08/2014 18:12:42] Druidzerah Mythus has logged out.
[24/08/2014 18:14:36] Druidzerah Mythus has logged in.
[24/08/2014 18:17:02] > Broadcasted message: "Para ver as noticias fale !notice".
[24/08/2014 18:19:55] Honda has logged in.
[24/08/2014 18:20:01] > Broadcasted message: "Game map cleaning in 1 minute, please pick up all your items.".
[24/08/2014 18:20:22] Honda has logged out.
[24/08/2014 18:20:32] > CLEAN: Removed 4050 items from 2631 tiles in 0.561 seconds.
[24/08/2014 18:20:32] > Broadcasted message: "Map Cleaned.".
[24/08/2014 18:20:39] Honda has logged in.
[24/08/2014 18:20:52] Account Manager has logged in.
[24/08/2014 18:21:03] Account Manager has logged out.
[24/08/2014 18:21:25] Account Manager has logged in.
[24/08/2014 18:21:39] Account Manager has logged out.
[24/08/2014 18:22:02] The Lord Kina has logged in.
[24/08/2014 18:23:43] > Broadcasted message: "Ot on das 07:00 as 00:00".
[24/08/2014 18:25:53] Yakuza has logged out.
[24/08/2014 18:26:13] Juninhosza has logged in.
[24/08/2014 18:26:24] Honda has logged out.
[24/08/2014 18:27:42] Heinderberg has logged out.
[24/08/2014 18:27:44] Heinderberg has logged in.
[24/08/2014 18:28:06] Kinna Zikinha has logged out.
[24/08/2014 18:29:53] Honda has logged in.
[24/08/2014 18:30:24] > Broadcasted message: "Sempre Ao Criar Uma Conta, Pegue A RK Dela No Account Manager Da Conta E Anote, Nunca Passe A Sua Senha Para Outras Pessoas, E Ao Entrar Em Outros OT´s Crie Contas Diferentes Para Não Sofrer HACKED, Não Me Responsabilizo Por Perdas, Obrigado".
[24/08/2014 18:32:48] Mc Livinho has logged out.
[24/08/2014 18:33:14] Honda has logged out.
[24/08/2014 18:35:37] Honda has logged in.
[24/08/2014 18:36:36] > Saving server...
[24/08/2014 18:36:39] > SAVE: Complete in 2.887 seconds using relational house storage.
[24/08/2014 18:36:42] > Broadcasted message: "Game map cleaning in 1 minute, please pick up all your items.".
[24/08/2014 18:37:05] > Broadcasted message: "Ot on das 07:00 as 00:00".
[24/08/2014 18:37:12] > CLEAN: Removed 2005 items from 1031 tiles in 0.2 seconds.
[24/08/2014 18:37:12] > Broadcasted message: "Map Cleaned.".
[24/08/2014 18:42:24] Account Manager has logged in.
[24/08/2014 18:42:24] Account Manager has logged out.
[24/08/2014 18:42:25] Account Manager has logged in.
[24/08/2014 18:42:49] Account Manager has logged out.
[24/08/2014 18:42:50] Account Manager has logged in.
[24/08/2014 18:43:00] Magezinho Sapeca has logged out.
[24/08/2014 18:43:08] Account Manager has logged out.
[24/08/2014 18:43:09] Account Manager has logged in.
[24/08/2014 18:43:12] Account Manager has logged out.
[24/08/2014 18:43:20] Magezinho Sapeca has logged in.
[24/08/2014 18:43:23] Account Manager has logged in.
[24/08/2014 18:43:46] > Broadcasted message: "Para comprar bless digite !bless".
[24/08/2014 18:43:53] Account Manager has logged out.
[24/08/2014 18:43:54] Account Manager has logged in.
[24/08/2014 18:43:57] Account Manager has logged out.
[24/08/2014 18:44:03] Account Manager has logged in.
[24/08/2014 18:44:05] Account Manager has logged out.
[24/08/2014 18:44:06] Account Manager has logged in.
[24/08/2014 18:44:09] Account Manager has logged out.
[24/08/2014 18:44:14] Maluko duff has logged in.
[24/08/2014 18:44:15] Blackgt has logged in.
[24/08/2014 18:47:04] Honda has logged out.
[24/08/2014 18:48:40] Honda has logged in.
[24/08/2014 18:49:05] Menina Mal has logged out.
[24/08/2014 18:49:20] Heinderberg has logged out.
[24/08/2014 18:49:21] Heinderberg has logged in.
[24/08/2014 18:49:25] Juninhosza has logged out.
[24/08/2014 18:49:32] Vo recupera has logged in.
[24/08/2014 18:49:59] Heinderberg has logged out.
[24/08/2014 18:50:01] Heinderberg has logged in.
[24/08/2014 18:50:05] Vo recupera has logged out.
[24/08/2014 18:50:16] Juninhosza has logged in.
[24/08/2014 18:50:27] > Broadcasted message: "Ot on das 07:00 as 00:00".
[24/08/2014 18:51:28] Druidzerah Mythus has logged out.
[24/08/2014 18:51:43] Juninhosza has logged out.
[24/08/2014 18:51:49] Vo recupera has logged in.
[24/08/2014 18:53:00] Vo recupera has logged out.
[24/08/2014 18:53:11] Juninhosza has logged in.
[24/08/2014 18:53:23] > Broadcasted message: "Game map cleaning in 1 minute, please pick up all your items.".
[24/08/2014 18:53:38] The Lord Kina has logged out.
[24/08/2014 18:53:42] Menina Mal has logged in.
[24/08/2014 18:53:53] > CLEAN: Removed 2822 items from 1516 tiles in 0.36 seconds.
[24/08/2014 18:53:54] > Broadcasted message: "Map Cleaned.".
[24/08/2014 18:56:15] Heinderberg has logged out.
[24/08/2014 18:56:17] Heinderberg has logged in.
[24/08/2014 18:56:52] Heinderberg has logged out.
[24/08/2014 18:56:54] Heinderberg has logged in.
[24/08/2014 18:57:08] > Broadcasted message: "Para comprar bless digite !bless".
[24/08/2014 18:57:42] Meele Pally has logged in.
[24/08/2014 18:58:07] Blackgt has logged out.
[24/08/2014 18:58:09] Heinderberg has logged out.
[24/08/2014 18:58:09] Blackgt has logged in.
[24/08/2014 18:58:10] Heinderberg has logged in.
[24/08/2014 18:59:20] Heinderberg has logged out.
[24/08/2014 18:59:22] Heinderberg has logged in.
[24/08/2014 19:00:09] Sorczinho Sapeca has logged out.
[24/08/2014 19:00:14] Sorczinho Sapeca has logged in.
[24/08/2014 19:01:18] Magezinho Sapeca has logged out.
[24/08/2014 19:01:19] Magezinho Sapeca has logged in.
[24/08/2014 19:01:20] Magezinho Sapeca has logged out.
[24/08/2014 19:01:23] Sorczinho Sapeca has logged out.
[24/08/2014 19:01:25] Knightzinho has logged in.
[24/08/2014 19:01:27] Knightzinho has logged out.
[24/08/2014 19:01:30] Palaziinho has logged in.
[24/08/2014 19:01:31] Magezinho Sapeca has logged in.
[24/08/2014 19:02:18] Magezinho Sapeca has logged out.
[24/08/2014 19:02:20] Magezinho Sapeca has logged in.
[24/08/2014 19:02:24] Magezinho Sapeca has logged out.
[24/08/2014 19:02:27] Palazinho has logged in.
[24/08/2014 19:02:40] Palazinho has logged out.
[24/08/2014 19:02:41] Palazinho has logged in.
[24/08/2014 19:03:49] > Broadcasted message: "Para ver as noticias fale !notice".
[24/08/2014 19:04:14] Juninhosza has logged out.
[24/08/2014 19:04:24] Vo recupera has logged in.
[24/08/2014 19:04:45] Vo recupera has logged out.
[24/08/2014 19:04:47] Vo recupera has logged in.
[24/08/2014 19:04:49] Vo recupera has logged out.
[24/08/2014 19:05:20] Blackgt has logged out.
[24/08/2014 19:05:21] Blackgt has logged in.
[24/08/2014 19:06:02] Jean has logged in.
[24/08/2014 19:06:34] Juninhosza has logged in.
[24/08/2014 19:06:43] Jean has logged out.
[24/08/2014 19:07:16] Palaziinho has logged out.
[24/08/2014 19:07:18] Palaziinho has logged in.
[24/08/2014 19:08:15] Palazinho has logged out.
[24/08/2014 19:08:21] Honda has logged out.
[24/08/2014 19:08:38] Juninhosza has logged out.
[24/08/2014 19:08:44] Honda has logged in.
[24/08/2014 19:08:44] Magezinho Sapeca has logged in.
[24/08/2014 19:08:45] Juninhosza has logged in.
[24/08/2014 19:09:57] > Saving server...
[24/08/2014 19:10:00] > SAVE: Complete in 3.407 seconds using relational house storage.
[24/08/2014 19:10:04] > Broadcasted message: "Game map cleaning in 1 minute, please pick up all your items.".
[24/08/2014 19:10:30] > Broadcasted message: "Para esclarecer algumas duvidas digite !notice, para mais informacoes fale com um [CM]".
[24/08/2014 19:10:34] > CLEAN: Removed 2054 items from 1573 tiles in 0.279 seconds.
[24/08/2014 19:10:35] > Broadcasted message: "Map Cleaned.".
[24/08/2014 19:11:24] Menina Mal has logged out.
[24/08/2014 19:11:28] Menina Mal has logged in.
[24/08/2014 19:12:58] Blackgt has logged out.
[24/08/2014 19:13:00] Blackgt has logged in.
[24/08/2014 19:15:01] Maluko duff has logged out.
[24/08/2014 19:15:45] Juninhosza has logged out.
[24/08/2014 19:15:53] Vo recupera has logged in.
[24/08/2014 19:16:10] Vo recupera has logged out.
[24/08/2014 19:16:13] Vo recupera has logged in.
[24/08/2014 19:16:27] Vo recupera has logged out.
[24/08/2014 19:16:30] Vo recupera has logged in.
[24/08/2014 19:17:06] Vo recupera has logged out.
[24/08/2014 19:17:11] > Broadcasted message: "Para ver as noticias fale !notice".
[24/08/2014 19:17:17] Juninhosza has logged in.
[24/08/2014 19:17:32] Juninhosza has logged out.
[24/08/2014 19:19:17] Meele Pally has logged out.
[24/08/2014 19:20:01] Menina Mal has logged out.
[24/08/2014 19:20:03] Honda has logged out.
[24/08/2014 19:20:04] Menina Mal has logged in.
[24/08/2014 19:20:13] Hegazy has logged in.
[24/08/2014 19:23:52] > Broadcasted message: "Para esclarecer algumas duvidas digite !notice, para mais informacoes fale com um [CM]".
[24/08/2014 19:26:32] Menina Mal has logged out.
[24/08/2014 19:26:45] > Broadcasted message: "Game map cleaning in 1 minute, please pick up all your items.".
[24/08/2014 19:26:55] Eternal Ozzot has logged in.
[24/08/2014 19:27:16] > CLEAN: Removed 4660 items from 3160 tiles in 0.431 seconds.
[24/08/2014 19:27:16] > Broadcasted message: "Map Cleaned.".
[24/08/2014 19:28:00] Blackgt has logged out.
[24/08/2014 19:28:01] Blackgt has logged in.
[24/08/2014 19:28:50] Blackgt has logged out.
[24/08/2014 19:28:53] Blackgt has logged in.
[24/08/2014 19:29:40] Palaziinho has logged out.
[24/08/2014 19:30:33] > Broadcasted message: "Ot on das 07:00 as 00:00".
[24/08/2014 19:32:16] The Lord Kina has logged in.
[24/08/2014 19:34:19] Yakuza has logged in.
[24/08/2014 19:34:56] Palazinho has logged in.
[24/08/2014 19:35:28] Eternal Ozzot has logged out.
[24/08/2014 19:35:34] Eternal Ozzot has logged in.
[24/08/2014 19:36:15] Palazinho has logged out.
[24/08/2014 19:36:20] The Lord Kina has logged out.
[24/08/2014 19:36:23] The Lord Kina has logged in.
[24/08/2014 19:37:14] > Broadcasted message: "Para comprar bless digite !bless".
[24/08/2014 19:37:48] Eternal Ozzot has logged out.
[24/08/2014 19:38:02] Eternal Ozzot has logged in.
[24/08/2014 19:38:34] Eternal Ozzot has logged out.
[24/08/2014 19:38:39] Duff Maluko has logged in.
[24/08/2014 19:39:15] Rushonoinvisiblehur has logged in.
[24/08/2014 19:39:18] Duff Maluko has logged out.
[24/08/2014 19:39:39] Rushonoinvisiblehur has logged out.
[24/08/2014 19:39:40] Rushonoinvisiblehur has logged in.
[24/08/2014 19:39:57] Rushonoinvisiblehur has logged out.
[24/08/2014 19:39:59] Rushonoinvisiblehur has logged in.
[24/08/2014 19:40:05] Eternal Ozzot has logged in.
[24/08/2014 19:40:17] Eternal Ozzot has logged out.
[24/08/2014 19:40:20] Rushonoinvisiblehur has logged out.
[24/08/2014 19:40:22] Rushonoinvisiblehur has logged in.
[24/08/2014 19:40:24] Eternal Ozzot has logged in.
[24/08/2014 19:40:38] Rushonoinvisiblehur has logged out.
[24/08/2014 19:40:40] Eternal Ozzot has logged out.
[24/08/2014 19:40:40] Rushonoinvisiblehur has logged in.
[24/08/2014 19:40:47] Eternal Ozzot has logged in.
[24/08/2014 19:40:59] Rushonoinvisiblehur has logged out.
[24/08/2014 19:41:00] Rushonoinvisiblehur has logged in.
[24/08/2014 19:41:12] Blackgt has logged out.
[24/08/2014 19:41:14] Blackgt has logged in.
[24/08/2014 19:41:19] Eternal Ozzot has logged out.
[24/08/2014 19:41:22] Rushonoinvisiblehur has logged out.
[24/08/2014 19:41:24] Rushonoinvisiblehur has logged in.
[24/08/2014 19:41:25] Rushonoinvisiblehur has logged out.
[24/08/2014 19:41:27] Eternal Ozzot has logged in.
[24/08/2014 19:41:45] Eternal Ozzot has logged out.
[24/08/2014 19:41:47] Rushonoinvisiblehur has logged in.
[24/08/2014 19:41:54] Eternal Ozzot has logged in.
[24/08/2014 19:42:01] Rushonoinvisiblehur has logged out.
[24/08/2014 19:42:03] Rushonoinvisiblehur has logged in.
[24/08/2014 19:42:18] Rushonoinvisiblehur has logged out.
[24/08/2014 19:42:21] Rushonoinvisiblehur has logged in.
[24/08/2014 19:42:40] Rushonoinvisiblehur has logged out.
[24/08/2014 19:42:42] Rushonoinvisiblehur has logged in.
[24/08/2014 19:43:09] Eternal Ozzot has logged out.
[24/08/2014 19:43:18] > Saving server...
[24/08/2014 19:43:22] > SAVE: Complete in 4.306 seconds using relational house storage.
[24/08/2014 19:43:26] > Broadcasted message: "Game map cleaning in 1 minute, please pick up all your items.".
[24/08/2014 19:43:55] > Broadcasted message: "Novo CLIENTE = http://www.4shared.com/rar/Xvc96eOece/Death_PVP.html".
[24/08/2014 19:43:55] Eternal Ozzot has logged in.
[24/08/2014 19:43:57] > CLEAN: Removed 3783 items from 2347 tiles in 0.262 seconds.
[24/08/2014 19:43:57] > Broadcasted message: "Map Cleaned.".
[24/08/2014 19:44:13] Rushonoinvisiblehur has logged out.
[24/08/2014 19:44:15] Eternal Ozzot has logged out.
[24/08/2014 19:44:16] Rushonoinvisiblehur has logged in.
[24/08/2014 19:44:18] Blackgt has logged out.
[24/08/2014 19:44:20] Blackgt has logged in.
[24/08/2014 19:44:20] Eternal Ozzot has logged in.
[24/08/2014 19:44:27] Rushonoinvisiblehur has logged out.
[24/08/2014 19:44:29] Eternal Ozzot has logged out.
[24/08/2014 19:44:31] Rushonoinvisiblehur has logged in.
[24/08/2014 19:44:31] Rushonoinvisiblehur has logged out.
[24/08/2014 19:44:32] Eternal Ozzot has logged in.
[24/08/2014 19:44:40] Eternal Ozzot has logged out.
[24/08/2014 19:44:45] Eternal Ozzot has logged in.
[24/08/2014 19:44:52] Eternal Ozzot has logged out.
[24/08/2014 19:44:58] Eternal Ozzot has logged in.
[24/08/2014 19:45:07] Eternal Ozzot has logged out.
[24/08/2014 19:45:13] Eternal Ozzot has logged in.
[24/08/2014 19:45:21] Eternal Ozzot has logged out.
[24/08/2014 19:45:45] Eternal Ozzot has logged in.
[24/08/2014 19:45:55] Eternal Ozzot has logged out.
[24/08/2014 19:46:04] Eternal Ozzot has logged in.
[24/08/2014 19:46:20] Hegazy has logged out.
[24/08/2014 19:46:21] Eternal Ozzot has logged out.
[24/08/2014 19:46:29] Hegazy has logged in.
[24/08/2014 19:46:30] Eternal Ozzot has logged in.
[24/08/2014 19:47:18] Eternal Ozzot has logged out.
[24/08/2014 19:47:23] Eternal Ozzot has logged in.
[24/08/2014 19:47:42] Eternal Ozzot has logged out.
[24/08/2014 19:48:03] Eternal Ozzot has logged in.
[24/08/2014 19:48:24] Eternal Ozzot has logged out.
[24/08/2014 19:48:28] Eternal Ozzot has logged in.
[24/08/2014 19:48:37] Eternal Ozzot has logged out.
[24/08/2014 19:48:43] Eternal Ozzot has logged in.
[24/08/2014 19:49:15] Eternal Ozzot has logged out.
[24/08/2014 19:49:20] Eternal Ozzot has logged in.
[24/08/2014 19:49:27] Eternal Ozzot has logged out.
[24/08/2014 19:49:31] Eternal Ozzot has logged in.
[24/08/2014 19:50:00] Blackgt has logged out.
[24/08/2014 19:50:02] Blackgt has logged in.
[24/08/2014 19:50:35] Eternal Ozzot has logged out.
[24/08/2014 19:50:36] > Broadcasted message: "Para ver a lista de proximos tutores digite !tutores.".
[24/08/2014 19:50:39] Eternal Ozzot has logged in.
[24/08/2014 19:51:15] Eternal Ozzot has logged out.
[24/08/2014 19:51:18] Blackgt has logged out.
[24/08/2014 19:51:19] Blackgt has logged in.
[24/08/2014 19:51:21] Eternal Ozzot has logged in.
[24/08/2014 19:52:22] Eternal Ozzot has logged out.
[24/08/2014 19:52:30] Eternal Ozzot has logged in.
[24/08/2014 19:52:52] Eternal Ozzot has logged out.
[24/08/2014 19:53:03] Eternal Ozzot has logged in.
[24/08/2014 19:53:16] Eternal Ozzot has logged out.
[24/08/2014 19:53:26] Eternal Ozzot has logged in.
[24/08/2014 19:53:36] Eternal Ozzot has logged out.
[24/08/2014 19:53:41] Eternal Ozzot has logged in.
[24/08/2014 19:53:41] Eternal Ozzot has logged out.
[24/08/2014 19:53:52] The Lord Kina has logged out.
[24/08/2014 19:55:43] Yakuza has logged out.
[24/08/2014 19:55:49] Yakuza has logged in.
[24/08/2014 19:56:15] Heinderberg has logged out.
[24/08/2014 19:57:17] > Broadcasted message: "Para duvidas, eventos, e futuramente compras E-mail/Msn -> deathpvp@live.com.".
[24/08/2014 19:58:31] Duff Maluko has logged in.
[24/08/2014 19:58:38] Heinderberg has logged in.
[24/08/2014 19:58:49] Duff Maluko has logged out.
[24/08/2014 19:59:57] Account Manager has logged in.
[24/08/2014 20:00:00] Account Manager has logged out.
[24/08/2014 20:00:02] Maluko duff has logged in.
[24/08/2014 20:00:07] > Broadcasted message: "Game map cleaning in 1 minute, please pick up all your items.".
[24/08/2014 20:00:38] > CLEAN: Removed 1886 items from 1198 tiles in 0.235 seconds.
[24/08/2014 20:00:38] > Broadcasted message: "Map Cleaned.".
[24/08/2014 20:00:58] Blackgt has logged out.
[24/08/2014 20:00:59] Blackgt has logged in.
[24/08/2014 20:01:35] Alvo Severo Potter has logged in.
[24/08/2014 20:02:29] Maluko duff has logged out.
[24/08/2014 20:02:31] Hegazy has logged out.
[24/08/2014 20:02:32] Hegazy has logged in.
[24/08/2014 20:03:58] > Broadcasted message: "Sempre Ao Criar Uma Conta, Pegue A RK Dela No Account Manager Da Conta E Anote, Nunca Passe A Sua Senha Para Outras Pessoas, E Ao Entrar Em Outros OT´s Crie Contas Diferentes Para Não Sofrer HACKED, Não Me Responsabilizo Por Perdas, Obrigado".
[24/08/2014 20:07:40] Magezinho Sapeca has logged out.
[24/08/2014 20:07:43] Magezinho Sapeca has logged in.
[24/08/2014 20:07:48] Blackgt has logged out.
[24/08/2014 20:07:50] Blackgt has logged in.
[24/08/2014 20:08:25] Blackgt has logged out.
[24/08/2014 20:08:27] Blackgt has logged in.
[24/08/2014 20:09:11] Underdown has logged in.
[24/08/2014 20:10:26] Underdown has logged out.
[24/08/2014 20:10:29] Underdown has logged in.
[24/08/2014 20:10:39] > Broadcasted message: "Para comprar bless digite !bless".
[24/08/2014 20:11:27] Alvo Severo Potter has logged out.
[24/08/2014 20:11:30] Alvo Severo Potter has logged in.
[24/08/2014 20:12:28] Alvo Severo Potter has logged out.
[24/08/2014 20:12:31] Alvo Severo Potter has logged in.
[24/08/2014 20:12:37] Alvo Severo Potter has logged out.
[24/08/2014 20:13:31] Mutuca has logged in.
[24/08/2014 20:16:39] > Saving server...
[24/08/2014 20:16:42] > SAVE: Complete in 2.986 seconds using relational house storage.
[24/08/2014 20:16:48] > Broadcasted message: "Game map cleaning in 1 minute, please pick up all your items.".
[24/08/2014 20:17:12] Mutuca has logged out.
[24/08/2014 20:17:15] Mutuca has logged in.
[24/08/2014 20:17:18] > CLEAN: Removed 5339 items from 1790 tiles in 0.208 seconds.
[24/08/2014 20:17:18] > Broadcasted message: "Map Cleaned.".
[24/08/2014 20:17:20] > Broadcasted message: "Para esclarecer algumas duvidas digite !notice, para mais informacoes fale com um [CM]".
[24/08/2014 20:18:22] Underdown has logged out.
[24/08/2014 20:18:24] Underdown has logged in.
[24/08/2014 20:20:22] Account Manager has logged in.
[24/08/2014 20:20:26] Account Manager has logged out.
[24/08/2014 20:20:27] Duff Maluko has logged in.
[24/08/2014 20:20:47] Duff Maluko has logged out.
[24/08/2014 20:24:01] > Broadcasted message: "Para duvidas, eventos, e futuramente compras E-mail/Msn -> deathpvp@live.com.".
[24/08/2014 20:28:46] Underdown has logged out.
[24/08/2014 20:28:48] Underdown has logged in.
[24/08/2014 20:30:40] Underdown has logged out.
[24/08/2014 20:30:42] > Broadcasted message: "Novo CLIENTE = http://www.4shared.com/rar/Xvc96eOece/Death_PVP.html".
[24/08/2014 20:30:42] Underdown has logged in.
[24/08/2014 20:31:04] Account Manager has logged in.
[24/08/2014 20:31:09] Account Manager has logged out.
[24/08/2014 20:31:17] Porra Manw has logged in.
[24/08/2014 20:31:58] Maluko duff has logged in.
[24/08/2014 20:32:04] Mutuca has logged out.
[24/08/2014 20:32:45] Mutuca has logged in.
[24/08/2014 20:32:52] Underdown has logged out.
[24/08/2014 20:33:22] Account Manager has logged in.
[24/08/2014 20:33:25] Account Manager has logged out.
[24/08/2014 20:33:27] Underdown has logged in.
[24/08/2014 20:33:29] > Broadcasted message: "Game map cleaning in 1 minute, please pick up all your items.".
[24/08/2014 20:33:54] Porra Manw has logged out.
[24/08/2014 20:33:56] Porra Manw has logged in.
[24/08/2014 20:33:59] > CLEAN: Removed 11573 items from 5043 tiles in 0.337 seconds.
[24/08/2014 20:33:59] > Broadcasted message: "Map Cleaned.".
[24/08/2014 20:36:38] Porra Manw has logged out.
[24/08/2014 20:36:40] Porra Manw has logged in.
[24/08/2014 20:37:23] > Broadcasted message: "Sempre Ao Criar Uma Conta, Pegue A RK Dela No Account Manager Da Conta E Anote, Nunca Passe A Sua Senha Para Outras Pessoas, E Ao Entrar Em Outros OT´s Crie Contas Diferentes Para Não Sofrer HACKED, Não Me Responsabilizo Por Perdas, Obrigado".
[24/08/2014 20:37:36] Blackgt has logged out.
[24/08/2014 20:37:38] Blackgt has logged in.
[24/08/2014 20:38:18] Porra Manw has logged out.
[24/08/2014 20:38:20] Porra Manw has logged in.
[24/08/2014 20:38:23] Porra Manw has logged out.
[24/08/2014 20:38:38] Duff Maluko has logged in.
[24/08/2014 20:39:18] Maluko duff has logged out.
[24/08/2014 20:39:20] Maluko duff has logged in.
[24/08/2014 20:39:39] Duff Maluko has logged out.
[24/08/2014 20:39:40] Duff Maluko has logged in.
[24/08/2014 20:39:53] Maluko duff has logged out.
[24/08/2014 20:40:03] Maluko duff has logged in.
[24/08/2014 20:40:18] Duff Maluko has logged out.
[24/08/2014 20:40:19] Duff Maluko has logged in.
[24/08/2014 20:40:46] Duff Maluko has logged out.
[24/08/2014 20:40:51] Duff Maluko has logged in.
[24/08/2014 20:40:55] Blackgt has logged out.
[24/08/2014 20:40:57] Blackgt has logged in.
[24/08/2014 20:41:46] Hegazy has logged out.
[24/08/2014 20:41:51] Hegazy has logged in.
[24/08/2014 20:43:02] Duff Maluko has logged out.
[24/08/2014 20:43:04] Duff Maluko has logged in.
[24/08/2014 20:44:04] > Broadcasted message: "Para ver as noticias fale !notice".
[24/08/2014 20:44:39] Blackgt has logged out.
[24/08/2014 20:44:40] Blackgt has logged in.
[24/08/2014 20:45:16] Blackgt has logged out.
[24/08/2014 20:45:17] Blackgt has logged in.
[24/08/2014 20:45:24] Blackgt has logged out.
[24/08/2014 20:45:25] Blackgt has logged in.
[24/08/2014 20:47:10] Blackgt has logged out.
[24/08/2014 20:47:12] Blackgt has logged in.
[24/08/2014 20:48:18] Maluko duff has logged out.
[24/08/2014 20:48:49] Maluko duff has logged in.
[24/08/2014 20:48:58] Maluko duff has logged out.
[24/08/2014 20:49:33] Duff Maluko has logged out.
[24/08/2014 20:49:55] Mutuca has logged out.
[24/08/2014 20:50:00] > Saving server...
[24/08/2014 20:50:03] > SAVE: Complete in 2.775 seconds using relational house storage.
[24/08/2014 20:50:10] > Broadcasted message: "Game map cleaning in 1 minute, please pick up all your items.".
[24/08/2014 20:50:17] Druidzerah Mythus has logged in.
[24/08/2014 20:50:40] > CLEAN: Removed 6632 items from 3762 tiles in 0.256 seconds.
[24/08/2014 20:50:41] > Broadcasted message: "Map Cleaned.".
[24/08/2014 20:50:45] > Broadcasted message: "Para ver as noticias fale !notice".
[24/08/2014 20:51:53] Heinderberg has logged out.
[24/08/2014 20:51:54] Blackgt has logged out.
[24/08/2014 20:51:55] Heinderberg has logged in.
[24/08/2014 20:51:56] Blackgt has logged in.
[24/08/2014 20:57:26] > Broadcasted message: "Para esclarecer algumas duvidas digite !notice, para mais informacoes fale com um [CM]".
[24/08/2014 20:58:13] Hegazy has logged out.
[24/08/2014 20:58:22] Hegazy has logged in.
[24/08/2014 21:04:07] > Broadcasted message: "Para ver as noticias fale !notice".
[24/08/2014 21:06:51] > Broadcasted message: "Game map cleaning in 1 minute, please pick up all your items.".
[24/08/2014 21:07:22] > CLEAN: Removed 4584 items from 3436 tiles in 0.253 seconds.
[24/08/2014 21:07:22] > Broadcasted message: "Map Cleaned.".
[24/08/2014 21:08:10] Underdown has logged out.
[24/08/2014 21:10:48] > Broadcasted message: "Para ver a lista de proximos tutores digite !tutores.".
[24/08/2014 21:13:22] Blackgt has logged out.
[24/08/2014 21:13:24] Blackgt has logged in.
[24/08/2014 21:13:27] Magezinho Sapeca has logged out.
[24/08/2014 21:14:24] Yakuza has logged out.
[24/08/2014 21:14:26] Yakuza has logged in.
[24/08/2014 21:15:27] Mllk Loko has logged in.
[24/08/2014 21:15:36] Mllk Loko has logged out.
[24/08/2014 21:15:36] Mllk Loko has logged in.
[24/08/2014 21:15:37] Mllk Loko has logged out.
[24/08/2014 21:15:43] Menino Mal has logged in.
[24/08/2014 21:16:18] Porra Manw has logged in.
[24/08/2014 21:17:07] Heinderberg has logged out.
[24/08/2014 21:17:08] Heinderberg has logged in.
[24/08/2014 21:17:29] > Broadcasted message: "Novo CLIENTE = http://www.4shared.com/rar/Xvc96eOece/Death_PVP.html".
[24/08/2014 21:17:51] Magezinho Sapeca has logged in.
[24/08/2014 21:19:58] Porra Manw has logged out.
[24/08/2014 21:20:08] Duff Maluko has logged in.
[24/08/2014 21:20:54] Yakuza has logged out.
[24/08/2014 21:20:56] Yakuza has logged in.
[24/08/2014 21:21:46] Yakuza has logged out.
[24/08/2014 21:21:47] Yakuza has logged in.
[24/08/2014 21:23:21] > Saving server...
[24/08/2014 21:23:24] > SAVE: Complete in 2.973 seconds using relational house storage.
[24/08/2014 21:23:31] Druidzerah Mythus has logged out.
[24/08/2014 21:23:32] > Broadcasted message: "Game map cleaning in 1 minute, please pick up all your items.".
[24/08/2014 21:23:43] Magezinho Sapeca has logged out.
[24/08/2014 21:23:56] Magezinho Sapeca has logged in.
[24/08/2014 21:24:02] > CLEAN: Removed 2524 items from 1449 tiles in 0.247 seconds.
[24/08/2014 21:24:02] > Broadcasted message: "Map Cleaned.".
[24/08/2014 21:24:10] > Broadcasted message: "Novo CLIENTE = http://www.4shared.com/rar/Xvc96eOece/Death_PVP.html".
[24/08/2014 21:25:01] Druidzerah Mythus has logged in.
[24/08/2014 21:28:38] Blackgt has logged out.
[24/08/2014 21:28:39] Blackgt has logged in.
[24/08/2014 21:29:25] Blackgt has logged out.
[24/08/2014 21:29:26] Blackgt has logged in.
[24/08/2014 21:30:51] > Broadcasted message: "Novo CLIENTE = http://www.4shared.com/rar/Xvc96eOece/Death_PVP.html".
[24/08/2014 21:31:04] Blackgt has logged out.
[24/08/2014 21:31:05] Blackgt has logged in.
[24/08/2014 21:32:54] Hegazy has logged out.
[24/08/2014 21:32:55] Hegazy has logged in.
[24/08/2014 21:35:03] Menino Mal has logged out.
[24/08/2014 21:35:07] Juninhosza has logged in.
[24/08/2014 21:35:45] Magezinho Sapeca has logged out.
[24/08/2014 21:35:46] Magezinho Sapeca has logged in.
[24/08/2014 21:37:32] > Broadcasted message: "Para ver as noticias fale !notice".
[24/08/2014 21:37:53] Blackgt has logged out.
[24/08/2014 21:37:54] Blackgt has logged in.
[24/08/2014 21:38:01] Blackgt has logged out.
[24/08/2014 21:38:02] Blackgt has logged in.
[24/08/2014 21:38:27] Druidzerah Mythus has logged out.
[24/08/2014 21:39:06] Blackgt has logged out.
[24/08/2014 21:39:07] Blackgt has logged in.
[24/08/2014 21:40:13] Blackgt has logged out.
[24/08/2014 21:40:13] > Broadcasted message: "Game map cleaning in 1 minute, please pick up all your items.".
[24/08/2014 21:40:14] Blackgt has logged in.
[24/08/2014 21:40:44] > CLEAN: Removed 25 items from 91 tiles in 0.213 seconds.
[24/08/2014 21:40:44] > Broadcasted message: "Map Cleaned.".
[24/08/2014 21:42:52] Menino Mal has logged in.
[24/08/2014 21:42:58] Blackgt has logged out.
[24/08/2014 21:43:00] Blackgt has logged in.
[24/08/2014 21:43:11] Honda has logged in.
[24/08/2014 21:43:22] Honda has logged out.
[24/08/2014 21:43:50] Hegazy has logged out.
[24/08/2014 21:43:52] Hegazy has logged in.
[24/08/2014 21:43:57] Honda has logged in.
[24/08/2014 21:44:13] > Broadcasted message: "Sempre Ao Criar Uma Conta, Pegue A RK Dela No Account Manager Da Conta E Anote, Nunca Passe A Sua Senha Para Outras Pessoas, E Ao Entrar Em Outros OT´s Crie Contas Diferentes Para Não Sofrer HACKED, Não Me Responsabilizo Por Perdas, Obrigado".
[24/08/2014 21:44:22] Blackgt has logged out.
[24/08/2014 21:44:24] Blackgt has logged in.
[24/08/2014 21:46:54] > Saving server...
[24/08/2014 21:46:57] > SAVE: Complete in 3.34 seconds using relational house storage.
[24/08/2014 21:49:00] Honda has logged out.
[24/08/2014 21:49:13] Mata Pally has logged in.
[24/08/2014 21:49:27] Magezinho Sapeca has logged out.
[24/08/2014 21:49:45] Keisuke has logged in.
[24/08/2014 21:49:50] Keisuke has logged out.
[24/08/2014 21:50:06] Keisuke has logged in.
[24/08/2014 21:50:11] Mata Pally has logged out.
[24/08/2014 21:50:26] Keisuke has logged out.
[24/08/2014 21:50:54] > Broadcasted message: "Para duvidas, eventos, e futuramente compras E-mail/Msn -> deathpvp@live.com.".
[24/08/2014 21:50:59] Blackgt has logged out.
[24/08/2014 21:51:02] Blackgt has logged in.
[24/08/2014 21:51:02] Honda has logged in.
[24/08/2014 21:52:06] Mata Pally has logged in.
[24/08/2014 21:52:42] Blackgt has logged out.
[24/08/2014 21:52:43] Honda has logged out.
[24/08/2014 21:52:45] Blackgt has logged in.
[24/08/2014 21:52:46] Honda has logged in.
[24/08/2014 21:53:23] Duff Maluko has logged out.
[24/08/2014 21:53:31] Account Manager has logged in.
[24/08/2014 21:53:32] Account Manager has logged out.
[24/08/2014 21:53:36] Magezinho Sapeca has logged in.
[24/08/2014 21:56:13] Mata Pally has logged out.
[24/08/2014 21:56:42] > Saving server...
[24/08/2014 21:56:45] > SAVE: Complete in 3.125 seconds using relational house storage.
[24/08/2014 21:56:54] > Broadcasted message: "Game map cleaning in 1 minute, please pick up all your items.".
[24/08/2014 21:57:24] > CLEAN: Removed 2198 items from 1697 tiles in 0.3 seconds.
[24/08/2014 21:57:25] > Broadcasted message: "Map Cleaned.".
[24/08/2014 21:57:35] > Broadcasted message: "Sempre Ao Criar Uma Conta, Pegue A RK Dela No Account Manager Da Conta E Anote, Nunca Passe A Sua Senha Para Outras Pessoas, E Ao Entrar Em Outros OT´s Crie Contas Diferentes Para Não Sofrer HACKED, Não Me Responsabilizo Por Perdas, Obrigado".
[24/08/2014 21:58:47] Blackgt has logged out.
[24/08/2014 21:58:49] Blackgt has logged in.
[24/08/2014 21:58:58] Yakuza has logged out.
[24/08/2014 22:01:08] Mata Pally has logged in.
[24/08/2014 22:02:05] Juninhosza has logged out.
[24/08/2014 22:02:10] Juninhosza has logged in.
[24/08/2014 22:02:33] Mata Pally has logged out.
[24/08/2014 22:03:53] Blackgt has logged out.
[24/08/2014 22:03:55] Blackgt has logged in.
[24/08/2014 22:04:16] > Broadcasted message: "Sempre Ao Criar Uma Conta, Pegue A RK Dela No Account Manager Da Conta E Anote, Nunca Passe A Sua Senha Para Outras Pessoas, E Ao Entrar Em Outros OT´s Crie Contas Diferentes Para Não Sofrer HACKED, Não Me Responsabilizo Por Perdas, Obrigado".
[24/08/2014 22:05:52] Honda has logged out.
[24/08/2014 22:08:13] Marina has logged in.
[24/08/2014 22:10:57] > Broadcasted message: "Sempre Ao Criar Uma Conta, Pegue A RK Dela No Account Manager Da Conta E Anote, Nunca Passe A Sua Senha Para Outras Pessoas, E Ao Entrar Em Outros OT´s Crie Contas Diferentes Para Não Sofrer HACKED, Não Me Responsabilizo Por Perdas, Obrigado".
[24/08/2014 22:11:09] Menino Mal has logged out.
[24/08/2014 22:11:10] Menino Mal has logged in.
[24/08/2014 22:11:11] Meele Pally has logged in.
[24/08/2014 22:13:35] > Broadcasted message: "Game map cleaning in 1 minute, please pick up all your items.".
[24/08/2014 22:14:05] > CLEAN: Removed 4755 items from 1817 tiles in 0.233 seconds.
[24/08/2014 22:14:06] > Broadcasted message: "Map Cleaned.".
[24/08/2014 22:17:38] > Broadcasted message: "Ot on das 07:00 as 00:00".
[24/08/2014 22:20:16] Heinderberg has logged out.
[24/08/2014 22:20:18] Heinderberg has logged in.
[24/08/2014 22:24:02] Kinna Zikinha has logged in.
[24/08/2014 22:24:19] > Broadcasted message: "Sempre Ao Criar Uma Conta, Pegue A RK Dela No Account Manager Da Conta E Anote, Nunca Passe A Sua Senha Para Outras Pessoas, E Ao Entrar Em Outros OT´s Crie Contas Diferentes Para Não Sofrer HACKED, Não Me Responsabilizo Por Perdas, Obrigado".
[24/08/2014 22:28:42] Menina Mal has logged in.
[24/08/2014 22:30:03] > Saving server...
[24/08/2014 22:30:07] > SAVE: Complete in 3.68 seconds using relational house storage.
[24/08/2014 22:30:16] > Broadcasted message: "Game map cleaning in 1 minute, please pick up all your items.".
[24/08/2014 22:30:29] Juninhosza has logged out.
[24/08/2014 22:30:47] > CLEAN: Removed 5650 items from 1734 tiles in 0.234 seconds.
[24/08/2014 22:30:47] > Broadcasted message: "Map Cleaned.".
[24/08/2014 22:31:00] > Broadcasted message: "Para comprar bless digite !bless".
[24/08/2014 22:31:27] Menino Mal has logged out.
[24/08/2014 22:31:33] Menino Mal has logged in.
[24/08/2014 22:32:32] Druidzerah Mythus has logged in.
[24/08/2014 22:32:34] Blackgt has logged out.
[24/08/2014 22:32:38] Blackgt has logged in.
[24/08/2014 22:34:49] Magezinho Sapeca has logged out.
[24/08/2014 22:35:16] Magezinho Sapeca has logged in.
[24/08/2014 22:36:40] Heinderberg has logged out.
[24/08/2014 22:36:42] Heinderberg has logged in.
[24/08/2014 22:37:22] Hegazy has logged out.
[24/08/2014 22:37:41] > Broadcasted message: "Sempre Ao Criar Uma Conta, Pegue A RK Dela No Account Manager Da Conta E Anote, Nunca Passe A Sua Senha Para Outras Pessoas, E Ao Entrar Em Outros OT´s Crie Contas Diferentes Para Não Sofrer HACKED, Não Me Responsabilizo Por Perdas, Obrigado".
[24/08/2014 22:37:55] Marina has logged out.
[24/08/2014 22:37:57] Marina has logged in.
[24/08/2014 22:38:24] Blackgt has logged out.
[24/08/2014 22:38:27] Blackgt has logged in.
[24/08/2014 22:40:21] Blackgt has logged out.
[24/08/2014 22:40:22] Marina has logged out.
[24/08/2014 22:40:23] Marina has logged in.
[24/08/2014 22:40:23] Blackgt has logged in.
[24/08/2014 22:40:38] Marina has logged out.
[24/08/2014 22:40:39] Marina has logged in.
[24/08/2014 22:40:43] Marina has logged out.
[24/08/2014 22:40:44] Marina has logged in.
[24/08/2014 22:41:29] Blackgt has logged out.
[24/08/2014 22:41:31] Blackgt has logged in.
[24/08/2014 22:42:31] Blackgt has logged out.
[24/08/2014 22:42:33] Blackgt has logged in.
[24/08/2014 22:42:51] Druidzerah Mythus has logged out.
[24/08/2014 22:44:22] > Broadcasted message: "Para duvidas, eventos, e futuramente compras E-mail/Msn -> deathpvp@live.com.".
[24/08/2014 22:45:15] Hegazy has logged in.
[24/08/2014 22:46:57] > Broadcasted message: "Game map cleaning in 1 minute, please pick up all your items.".
[24/08/2014 22:47:28] > CLEAN: Removed 812 items from 583 tiles in 0.303 seconds.
[24/08/2014 22:47:28] > Broadcasted message: "Map Cleaned.".
[24/08/2014 22:49:36] Magezinho Sapeca has logged out.
[24/08/2014 22:49:59] Magezinho Sapeca has logged in.
[24/08/2014 22:50:02] Menino Mal has logged out.
[24/08/2014 22:50:16] Kinna Zikinha has logged out.
[24/08/2014 22:50:20] Kinna Zikinha has logged in.
[24/08/2014 22:51:02] Account Manager has logged in.
[24/08/2014 22:51:03] > Broadcasted message: "Para duvidas, eventos, e futuramente compras E-mail/Msn -> deathpvp@live.com.".
[24/08/2014 22:51:04] Account Manager has logged out.
[24/08/2014 22:51:31] Porra Manw has logged in.
[24/08/2014 22:51:31] Menino Mal has logged in.
[24/08/2014 22:52:19] Meele Pally has logged out.
[24/08/2014 22:52:48] Underdown has logged in.
[24/08/2014 22:52:57] Heinderberg has logged out.
[24/08/2014 22:52:59] Heinderberg has logged in.
[24/08/2014 22:53:26] Magezinho Sapeca has logged out.
[24/08/2014 22:53:31] Marina has logged out.
[24/08/2014 22:53:32] Marina has logged in.
[24/08/2014 22:54:05] Magezinho Sapeca has logged in.
[24/08/2014 22:54:10] Blackgt has logged out.
[24/08/2014 22:54:13] Blackgt has logged in.
[24/08/2014 22:55:15] Blackgt has logged out.
[24/08/2014 22:55:17] Blackgt has logged in.
[24/08/2014 22:57:44] > Broadcasted message: "Para ver as noticias fale !notice".
[24/08/2014 22:57:46] Marina has logged out.
[24/08/2014 22:57:46] Marina has logged in.
[24/08/2014 22:58:39] Marina has logged out.
[24/08/2014 22:58:41] Marina has logged in.
[24/08/2014 22:58:54] Blackgt has logged out.
[24/08/2014 22:58:57] Underdown has logged out.
[24/08/2014 22:58:57] Blackgt has logged in.
[24/08/2014 22:58:58] 
[24/08/2014 22:58:58] Lua Script Error: [CreatureScript Interface] 
[24/08/2014 22:58:58] data/creaturescripts/scripts/playerdeath.lua:onDeath
[24/08/2014 22:58:59] 
[24/08/2014 22:58:59] luaGetCreatureName(). Creature not found
[24/08/2014 22:58:59] 
[24/08/2014 22:58:59] Lua Script Error: [CreatureScript Interface] 
[24/08/2014 22:58:59] data/creaturescripts/scripts/playerdeath.lua:onDeath
[24/08/2014 22:59:00] 
[24/08/2014 22:59:00] luaGetCreatureName(). Creature not found
[24/08/2014 22:59:01] Menina Mal has logged out.
[24/08/2014 22:59:03] Underdown has logged in.
[24/08/2014 22:59:09] Menina Mal has logged in.
[24/08/2014 23:01:11] Magezinho Sapeca has logged out.
[24/08/2014 23:01:15] Palazinho has logged in.
[24/08/2014 23:01:32] Palazinho has logged out.
[24/08/2014 23:01:33] Palazinho has logged in.
[24/08/2014 23:02:51] Underdown has logged out.
[24/08/2014 23:02:54] Underdown has logged in.
[24/08/2014 23:03:15] Blackgt has logged out.
[24/08/2014 23:03:22] Palazinho has logged out.
[24/08/2014 23:03:24] > Saving server...
[24/08/2014 23:03:27] > SAVE: Complete in 3.153 seconds using relational house storage.
[24/08/2014 23:03:28] Palazinho has logged in.
[24/08/2014 23:03:29] Palazinho has logged out.
[24/08/2014 23:03:29] Palazinho has logged in.
[24/08/2014 23:03:38] > Broadcasted message: "Game map cleaning in 1 minute, please pick up all your items.".
[24/08/2014 23:03:39] Marina has logged out.
[24/08/2014 23:03:40] Marina has logged in.
[24/08/2014 23:04:09] > CLEAN: Removed 519 items from 503 tiles in 0.237 seconds.
[24/08/2014 23:04:09] > Broadcasted message: "Map Cleaned.".
[24/08/2014 23:04:23] Palazinho has logged out.
[24/08/2014 23:04:25] > Broadcasted message: "Para duvidas, eventos, e futuramente compras E-mail/Msn -> deathpvp@live.com.".
[24/08/2014 23:04:26] Palazinho has logged in.
[24/08/2014 23:04:53] Palazinho has logged out.
[24/08/2014 23:04:57] Palazinho has logged in.
[24/08/2014 23:05:27] Palazinho has logged out.
[24/08/2014 23:05:29] Palazinho has logged in.
[24/08/2014 23:06:01] Palazinho has logged out.
[24/08/2014 23:06:04] Palazinho has logged in.
[24/08/2014 23:06:17] Kinna Zikinha has logged out.
[24/08/2014 23:06:19] Palazinho has logged out.
[24/08/2014 23:06:22] Kinna Zikinha has logged in.
[24/08/2014 23:06:24] Magezinho Sapeca has logged in.
[24/08/2014 23:06:40] Menina Mal has logged out.
[24/08/2014 23:07:03] The Lord Kina has logged in.
[24/08/2014 23:08:34] Porra Manw has logged out.
[24/08/2014 23:09:28] Heinderberg has logged out.
[24/08/2014 23:10:05] Menino Mal has logged out.
[24/08/2014 23:10:06] Menino Mal has logged in.
[24/08/2014 23:10:13] Marina has logged out.
[24/08/2014 23:10:15] Marina has logged in.
[24/08/2014 23:10:59] Hegazy has logged out.
[24/08/2014 23:11:00] The Lord Kina has logged out.
[24/08/2014 23:11:03] The Lord Kina has logged in.
[24/08/2014 23:11:04] Hegazy has logged in.
[24/08/2014 23:11:06] > Broadcasted message: "Ot on das 07:00 as 00:00".
[24/08/2014 23:12:36] Porra Manw has logged in.
[24/08/2014 23:14:21] Porra Manw has logged out.
[24/08/2014 23:14:22] Porra Manw has logged in.
[24/08/2014 23:16:06] Porra Manw has logged out.
[24/08/2014 23:16:08] Porra Manw has logged in.
[24/08/2014 23:16:27] The Lord Kina has logged out.
[24/08/2014 23:16:28] Porra Manw has logged out.
[24/08/2014 23:16:29] The Lord Kina has logged in.
[24/08/2014 23:16:30] Porra Manw has logged in.
[24/08/2014 23:17:23] Duff Maluko has logged in.
[24/08/2014 23:17:47] > Broadcasted message: "Novo CLIENTE = http://www.4shared.com/rar/Xvc96eOece/Death_PVP.html".
[24/08/2014 23:17:58] Duff Maluko has logged out.
[24/08/2014 23:19:04] Marina has logged out.
[24/08/2014 23:19:05] Marina has logged in.
[24/08/2014 23:19:15] Porra Manw has logged out.
[24/08/2014 23:19:30] Porra Manw has logged in.
[24/08/2014 23:19:54] Duff Maluko has logged in.
[24/08/2014 23:20:19] > Broadcasted message: "Game map cleaning in 1 minute, please pick up all your items.".
[24/08/2014 23:20:49] > CLEAN: Removed 407 items from 316 tiles in 0.305 seconds.
[24/08/2014 23:20:50] > Broadcasted message: "Map Cleaned.".
[24/08/2014 23:21:53] Underdown has logged out.
[24/08/2014 23:21:55] Underdown has logged in.
[24/08/2014 23:23:06] Kinna Zikinha has logged out.
[24/08/2014 23:23:10] Kinna Zikinha has logged in.
[24/08/2014 23:24:28] > Broadcasted message: "Novo CLIENTE = http://www.4shared.com/rar/Xvc96eOece/Death_PVP.html".
[24/08/2014 23:24:58] Magezinho Sapeca has logged out.
[24/08/2014 23:25:00] Magezinho Sapeca has logged in.
[24/08/2014 23:25:48] Duff Maluko has logged out.
[24/08/2014 23:25:56] Magezinho Sapeca has logged out.
[24/08/2014 23:25:57] Kina Pra Q has logged in.
[24/08/2014 23:25:58] Magezinho Sapeca has logged in.
[24/08/2014 23:25:59] Magezinho Sapeca has logged out.
[24/08/2014 23:26:09] Jean has logged in.
[24/08/2014 23:26:30] Marina has logged out.
[24/08/2014 23:26:32] Marina has logged in.
[24/08/2014 23:26:48] Magezinho Sapeca has logged in.
[24/08/2014 23:28:14] Kina Pra Q has logged out.
[24/08/2014 23:28:16] Kina Pra Q has logged in.
[24/08/2014 23:29:13] > Saving server...
[24/08/2014 23:29:17] > SAVE: Complete in 3.136 seconds using relational house storage.
[24/08/2014 23:29:17] Jean has logged out.
[24/08/2014 23:29:21] > Saving server...
[24/08/2014 23:29:24] > SAVE: Complete in 3.136 seconds using relational house storage.
[24/08/2014 23:29:26] Menino Mal has logged out.
[24/08/2014 23:29:26] Hegazy has logged out.
[24/08/2014 23:29:27] The Lord Kina has logged out.
[24/08/2014 23:29:27] Porra Manw has logged out.
[24/08/2014 23:29:28] Underdown has logged out.
[24/08/2014 23:29:28] Kinna Zikinha has logged out.
[24/08/2014 23:29:29] Marina has logged out.
[24/08/2014 23:29:29] Magezinho Sapeca has logged out.
[24/08/2014 23:29:29] Kina Pra Q has logged out.
[24/08/2014 23:29:30] > Saving server...
[24/08/2014 23:29:31] > SAVE: Complete in 1.482 seconds using relational house storage.
[24/08/2014 23:29:32] Preparing to shutdown server..
[24/08/2014 23:29:32] .
[24/08/2014 23:29:32] Exiting
