[30/08/2014 00:00:02] Menina Mal has logged out.
[30/08/2014 00:00:48] > Broadcasted message: "Para ver as noticias fale !notice".
[30/08/2014 00:02:31] Magezinho Sapeca has logged out.
[30/08/2014 00:02:33] Magezinho Sapeca has logged in.
[30/08/2014 00:02:48] Sorczinho Sapeca has logged out.
[30/08/2014 00:02:49] Magezinho Sapeca has logged out.
[30/08/2014 00:02:52] Magezinho Sapeca has logged in.
[30/08/2014 00:02:53] Palaziinho has logged in.
[30/08/2014 00:03:31] Palaziinho has logged out.
[30/08/2014 00:03:37] Sorczinho Sapeca has logged in.
[30/08/2014 00:04:53] Mc Livinho has logged out.
[30/08/2014 00:06:03] Magezinho Sapeca has logged out.
[30/08/2014 00:06:04] Magezinho Sapeca has logged in.
[30/08/2014 00:06:34] Sorczinho Sapeca has logged out.
[30/08/2014 00:06:40] Sorczinho Sapeca has logged in.
[30/08/2014 00:06:58] Loss Pally has logged out.
[30/08/2014 00:07:01] Loss Pally has logged in.
[30/08/2014 00:07:22] Magezinho Sapeca has logged out.
[30/08/2014 00:07:29] > Broadcasted message: "Ot on das 07:00 as 00:00".
[30/08/2014 00:07:30] Magezinho Sapeca has logged in.
[30/08/2014 00:07:38] Knightzinho has logged out.
[30/08/2014 00:07:44] Knightzinho has logged in.
[30/08/2014 00:08:09] Loss Pally has logged out.
[30/08/2014 00:08:11] Loss Pally has logged in.
[30/08/2014 00:08:36] Knight has logged out.
[30/08/2014 00:08:43] Knight has logged in.
[30/08/2014 00:09:37] > Broadcasted message: "Game map cleaning in 1 minute, please pick up all your items.".
[30/08/2014 00:10:07] > CLEAN: Removed 2448 items from 1551 tiles in 0.169 seconds.
[30/08/2014 00:10:07] > Broadcasted message: "Map Cleaned.".
[30/08/2014 00:10:47] Haddadi has logged out.
[30/08/2014 00:10:50] Haddadi has logged in.
[30/08/2014 00:11:30] Garoto Nestle has logged out.
[30/08/2014 00:11:31] Druidzerah Mythus has logged out.
[30/08/2014 00:11:33] Garoto Nestle has logged in.
[30/08/2014 00:11:36] Druidzerah Mythus has logged in.
[30/08/2014 00:11:46] Druidzerah Mythus has logged out.
[30/08/2014 00:12:49] Bug Kinne has logged out.
[30/08/2014 00:12:50] Bug Kinne has logged in.
[30/08/2014 00:14:10] > Broadcasted message: "Novo CLIENTE = http://www.4shared.com/rar/Xvc96eOece/Death_PVP.html".
[30/08/2014 00:14:17] Magezinho Sapeca has logged out.
[30/08/2014 00:14:20] Magezinho Sapeca has logged in.
[30/08/2014 00:17:45] Sorczinho Sapeca has logged out.
[30/08/2014 00:17:51] Sorczinho Sapeca has logged in.
[30/08/2014 00:18:18] Magezinho Sapeca has logged out.
[30/08/2014 00:18:22] Magezinho Sapeca has logged in.
[30/08/2014 00:19:08] Garoto Nestle has logged out.
[30/08/2014 00:19:39] Garoto Nestle has logged in.
[30/08/2014 00:20:16] Sorczinho Sapeca has logged out.
[30/08/2014 00:20:28] Sorczinho Sapeca has logged in.
[30/08/2014 00:20:35] Sorczinho Sapeca has logged out.
[30/08/2014 00:20:51] > Broadcasted message: "Para ver a lista de proximos tutores digite !tutores.".
[30/08/2014 00:21:00] Loss Pally has logged out.
[30/08/2014 00:21:02] Loss Pally has logged in.
[30/08/2014 00:21:20] Knight has logged out.
[30/08/2014 00:21:21] Knight has logged in.
[30/08/2014 00:25:52] > Saving server...
[30/08/2014 00:25:55] > SAVE: Complete in 2.701 seconds using relational house storage.
[30/08/2014 00:26:18] > Broadcasted message: "Game map cleaning in 1 minute, please pick up all your items.".
[30/08/2014 00:26:49] > CLEAN: Removed 1096 items from 794 tiles in 0.19 seconds.
[30/08/2014 00:26:49] > Broadcasted message: "Map Cleaned.".
[30/08/2014 00:27:32] > Broadcasted message: "Para duvidas, eventos, e futuramente compras E-mail/Msn -> deathpvp@live.com.".
[30/08/2014 00:28:32] Haddadi has logged out.
[30/08/2014 00:28:42] Hegazy has logged in.
[30/08/2014 00:28:48] Hegazy has logged out.
[30/08/2014 00:28:58] Haddadi has logged in.
[30/08/2014 00:29:52] Haddadi has logged out.
[30/08/2014 00:30:04] Knightzinho has logged out.
[30/08/2014 00:30:34] Haddadi has logged in.
[30/08/2014 00:34:13] > Broadcasted message: "Para ver as noticias fale !notice".
[30/08/2014 00:35:50] Knight has logged out.
[30/08/2014 00:35:51] Knight has logged in.
[30/08/2014 00:35:51] Knight has logged out.
[30/08/2014 00:36:10] Huntera has logged in.
[30/08/2014 00:36:11] Knight has logged in.
[30/08/2014 00:36:11] Garoto Nestle has logged out.
[30/08/2014 00:36:21] Loss Pally has logged out.
[30/08/2014 00:36:23] Loss Pally has logged in.
[30/08/2014 00:37:38] Magezinho Sapeca has logged out.
[30/08/2014 00:40:54] > Broadcasted message: "Novo CLIENTE = http://www.4shared.com/rar/Xvc96eOece/Death_PVP.html".
[30/08/2014 00:42:59] > Broadcasted message: "Game map cleaning in 1 minute, please pick up all your items.".
[30/08/2014 00:43:30] > CLEAN: Removed 3826 items from 1215 tiles in 0.2 seconds.
[30/08/2014 00:43:30] > Broadcasted message: "Map Cleaned.".
[30/08/2014 00:47:35] > Broadcasted message: "Para ver as noticias fale !notice".
[30/08/2014 00:50:10] Huntera has logged out.
[30/08/2014 00:50:12] Huntera has logged in.
[30/08/2014 00:54:16] > Broadcasted message: "Novo CLIENTE = http://www.4shared.com/rar/Xvc96eOece/Death_PVP.html".
[30/08/2014 00:55:37] Huntera has logged out.
[30/08/2014 00:55:40] Huntera has logged in.
[30/08/2014 00:58:02] Garoto Nestle has logged in.
[30/08/2014 00:59:13] > Saving server...
[30/08/2014 00:59:16] > SAVE: Complete in 2.597 seconds using relational house storage.
[30/08/2014 00:59:40] > Broadcasted message: "Game map cleaning in 1 minute, please pick up all your items.".
[30/08/2014 01:00:11] > CLEAN: Removed 5132 items from 1334 tiles in 0.285 seconds.
[30/08/2014 01:00:11] > Broadcasted message: "Map Cleaned.".
[30/08/2014 01:00:57] > Broadcasted message: "Sempre Ao Criar Uma Conta, Pegue A RK Dela No Account Manager Da Conta E Anote, Nunca Passe A Sua Senha Para Outras Pessoas, E Ao Entrar Em Outros OT´s Crie Contas Diferentes Para Não Sofrer HACKED, Não Me Responsabilizo Por Perdas, Obrigado".
[30/08/2014 01:04:40] Haddadi has logged out.
[30/08/2014 01:04:42] Haddadi has logged in.
[30/08/2014 01:06:44] > Saving server...
[30/08/2014 01:06:46] > SAVE: Complete in 2.459 seconds using relational house storage.
[30/08/2014 01:07:01] Jean has logged in.
[30/08/2014 01:07:38] > Broadcasted message: "Para esclarecer algumas duvidas digite !notice, para mais informacoes fale com um [CM]".
[30/08/2014 01:07:57] Haddadi has logged out.
[30/08/2014 01:08:05] Lallana has logged in.
[30/08/2014 01:08:18] Lallana has logged out.
[30/08/2014 01:08:32] Haddadi has logged in.
[30/08/2014 01:08:46] Haddadi has logged out.
[30/08/2014 01:14:19] > Broadcasted message: "Para comprar bless digite !bless".
[30/08/2014 01:14:35] Garoto Nestle has logged out.
[30/08/2014 01:16:21] > Broadcasted message: "Game map cleaning in 1 minute, please pick up all your items.".
[30/08/2014 01:16:54] > CLEAN: Removed 311 items from 466 tiles in 0.626 seconds.
[30/08/2014 01:16:55] > Broadcasted message: "Map Cleaned.".
[30/08/2014 01:18:01] Huntera has logged out.
[30/08/2014 01:21:00] > Broadcasted message: "Para ver as noticias fale !notice".
[30/08/2014 01:27:41] > Broadcasted message: "Para ver a lista de proximos tutores digite !tutores.".
[30/08/2014 01:30:52] Bug Kinne has logged out.
[30/08/2014 01:30:57] Account Manager has logged in.
[30/08/2014 01:31:00] Account Manager has logged out.
[30/08/2014 01:31:05] Bug Kinne has logged in.
[30/08/2014 01:32:34] > Saving server...
[30/08/2014 01:32:36] > SAVE: Complete in 2.372 seconds using relational house storage.
[30/08/2014 01:33:02] > Broadcasted message: "Game map cleaning in 1 minute, please pick up all your items.".
[30/08/2014 01:33:33] > CLEAN: Removed 0 items from 44 tiles in 0.225 seconds.
[30/08/2014 01:33:33] > Broadcasted message: "Map Cleaned.".
[30/08/2014 01:34:16] Loss Pally has logged out.
[30/08/2014 01:34:22] > Broadcasted message: "Para ver as noticias fale !notice".
[30/08/2014 01:34:23] Loss Pally has logged in.
[30/08/2014 01:34:36] > Saving server...
[30/08/2014 01:34:39] > SAVE: Complete in 2.351 seconds using relational house storage.
[30/08/2014 01:34:40] Ice-kess has logged out.
[30/08/2014 01:34:40] Knight has logged out.
[30/08/2014 01:34:40] Jean has logged out.
[30/08/2014 01:34:41] Bug Kinne has logged out.
[30/08/2014 01:34:41] Loss Pally has logged out.
[30/08/2014 01:34:42] > Saving server...
[30/08/2014 01:34:44] > SAVE: Complete in 1.623 seconds using relational house storage.
[30/08/2014 01:34:44] Preparing to shutdown server..
[30/08/2014 01:34:47] .
[30/08/2014 01:34:47] Exiting
[30/08/2014 13:10:18] The Forgotten Server, version 0.3.4 (Crying Damson)
[30/08/2014 13:10:18] Sever Criado Por Alissow e Comedinha.
[30/08/2014 13:10:19] Publicidade: www.sotserv.blogspot.com <- <- <- Tudo sobre otserv.
[30/08/2014 13:10:19] Bom Jogo!!!
[30/08/2014 13:10:19] 
[30/08/2014 13:10:19] >> Debugging: nothing.
[30/08/2014 13:10:19] >> Checking software version... failed checking - malformed file.
[30/08/2014 13:10:20] 
[30/08/2014 13:10:20] >> Loading config (config.lua)
[30/08/2014 13:10:20] > Using plaintext passwords
[30/08/2014 13:10:20] >> Loading RSA key
[30/08/2014 13:10:21] >> Starting SQL connection
[30/08/2014 13:10:21] >> Running Database Manager
[30/08/2014 13:10:22] > Optimized database.
[30/08/2014 13:10:22] >> Loading items
[30/08/2014 13:10:22] >> Loading groups
[30/08/2014 13:10:22] >> Loading vocations
[30/08/2014 13:10:22] >> Loading script systems
[30/08/2014 13:10:24] >> Loading chat channels
[30/08/2014 13:10:24] >> Loading outfits
[30/08/2014 13:10:24] >> Loading experience stages
[30/08/2014 13:10:24] >> Loading monsters
[30/08/2014 13:10:26] >> Loading map and spawns...
[30/08/2014 13:10:27] > Map size: 65000x65000.
[30/08/2014 13:10:27] > Map descriptions: 
[30/08/2014 13:10:27] Saved with Remere's Map Editor 2.2
[30/08/2014 13:10:28] No map description available.
[30/08/2014 13:10:28] Duplicate uniqueId 2407
[30/08/2014 13:10:31] > Map loading time: 4.93 seconds.
[30/08/2014 13:10:32] > Data loading time: 0.64 seconds.
[30/08/2014 13:10:32] > Unserialization time for houses: 0.015 seconds.
[30/08/2014 13:10:54] > Unserialization time for map: 21.528 seconds.
[30/08/2014 13:10:54] >> Checking world type... PvP
[30/08/2014 13:10:55] >> Initializing game state modules and registering services...
[30/08/2014 13:10:55] > Global address: deathpvp.no-ip.info
[30/08/2014 13:10:56] > Local ports:
[30/08/2014 13:10:56] 7171	7172	
[30/08/2014 13:10:56] >> All modules were loaded, server starting up...
[30/08/2014 13:10:56] >> OT Death server Online!
[30/08/2014 13:10:56] 
[30/08/2014 13:12:21] sqlite3_step(): SQLITE ERROR: columns id, world_id are not unique
[30/08/2014 13:12:24] Account Manager has logged in.
[30/08/2014 13:12:29] Account Manager has logged out.
[30/08/2014 13:12:35] Legal Fera has logged in.
[30/08/2014 13:12:38] Legal Fera has logged out.
[30/08/2014 13:14:17] Jean has logged in.
[30/08/2014 13:14:45] Anjo pk has logged in.
[30/08/2014 13:17:05] > Broadcasted message: "Para esclarecer algumas duvidas digite !notice, para mais informacoes fale com um [CM]".
[30/08/2014 13:21:04] Loss Pally has logged in.
[30/08/2014 13:23:46] > Broadcasted message: "Para comprar bless digite !bless".
[30/08/2014 13:24:04] > Saving server...
[30/08/2014 13:24:06] > SAVE: Complete in 1.919 seconds using relational house storage.
[30/08/2014 13:24:07] Jean has logged out.
[30/08/2014 13:27:05] > Broadcasted message: "Game map cleaning in 1 minute, please pick up all your items.".
[30/08/2014 13:27:35] > CLEAN: Removed 90 items from 191 tiles in 0.187 seconds.
[30/08/2014 13:27:35] > Broadcasted message: "Map Cleaned.".
[30/08/2014 13:30:27] > Broadcasted message: "Para ver as noticias fale !notice".
[30/08/2014 13:34:02] Garoto Nestle has logged in.
[30/08/2014 13:37:07] Garoto Nestle has logged out.
[30/08/2014 13:37:08] > Broadcasted message: "Sempre Ao Criar Uma Conta, Pegue A RK Dela No Account Manager Da Conta E Anote, Nunca Passe A Sua Senha Para Outras Pessoas, E Ao Entrar Em Outros OT´s Crie Contas Diferentes Para Não Sofrer HACKED, Não Me Responsabilizo Por Perdas, Obrigado".
[30/08/2014 13:38:54] Garoto Nestle has logged in.
[30/08/2014 13:38:55] Garoto Nestle has logged out.
[30/08/2014 13:39:45] Menina Mal has logged in.
[30/08/2014 13:40:39] Menina Mal has logged out.
[30/08/2014 13:43:46] > Broadcasted message: "Game map cleaning in 1 minute, please pick up all your items.".
[30/08/2014 13:43:50] > Broadcasted message: "Para ver as noticias fale !notice".
[30/08/2014 13:43:50] > Saving server...
[30/08/2014 13:43:52] > SAVE: Complete in 1.56 seconds using relational house storage.
[30/08/2014 13:43:56] Garoto Nestle has logged in.
[30/08/2014 13:44:11] Garoto Nestle has logged out.
[30/08/2014 13:44:16] > CLEAN: Removed 85 items from 114 tiles in 0.187 seconds.
[30/08/2014 13:44:17] > Broadcasted message: "Map Cleaned.".
[30/08/2014 13:44:36] Garoto Nestle has logged in.
[30/08/2014 13:50:31] > Broadcasted message: "Para ver a lista de proximos tutores digite !tutores.".
[30/08/2014 13:56:16] Lucas has logged in.
[30/08/2014 13:56:27] Haddadi has logged in.
[30/08/2014 13:57:12] > Broadcasted message: "Para comprar bless digite !bless".
[30/08/2014 13:57:52] Kina Rullex has logged in.
[30/08/2014 13:59:52] Data has logged in.
[30/08/2014 14:00:01] Data has logged out.
[30/08/2014 14:00:04] Foxter Fox has logged in.
[30/08/2014 14:00:27] > Broadcasted message: "Game map cleaning in 1 minute, please pick up all your items.".
[30/08/2014 14:00:47] Druidzerah Mythus has logged in.
[30/08/2014 14:00:58] > CLEAN: Removed 3520 items from 2840 tiles in 0.234 seconds.
[30/08/2014 14:00:58] > Broadcasted message: "Map Cleaned.".
[30/08/2014 14:01:01] Menina Mal has logged in.
[30/08/2014 14:01:08] Gotack has logged in.
[30/08/2014 14:01:17] Foxter Fox has logged out.
[30/08/2014 14:01:20] Account Manager has logged in.
[30/08/2014 14:01:56] Account Manager has logged out.
[30/08/2014 14:02:30] Loss Pally has logged out.
[30/08/2014 14:02:32] Loss Pally has logged in.
[30/08/2014 14:02:33] Data has logged in.
[30/08/2014 14:02:34] Haddadi has logged out.
[30/08/2014 14:02:34] 
[30/08/2014 14:02:34] Lua Script Error: [Spell Interface] 
[30/08/2014 14:02:34] in a timer event called from: 
[30/08/2014 14:02:34] data/spells/scripts/max power rune.lua:onCastSpell
[30/08/2014 14:02:34] 
[30/08/2014 14:02:34] luaDoCombat(). Creature not found
[30/08/2014 14:02:35] 
[30/08/2014 14:02:35] Lua Script Error: [Spell Interface] 
[30/08/2014 14:02:35] in a timer event called from: 
[30/08/2014 14:02:35] data/spells/scripts/max power rune.lua:onCastSpell
[30/08/2014 14:02:35] 
[30/08/2014 14:02:35] luaDoCombat(). Creature not found
[30/08/2014 14:02:35] 
[30/08/2014 14:02:35] Lua Script Error: [Spell Interface] 
[30/08/2014 14:02:35] in a timer event called from: 
[30/08/2014 14:02:36] data/spells/scripts/max power rune.lua:onCastSpell
[30/08/2014 14:02:36] 
[30/08/2014 14:02:36] luaDoCombat(). Creature not found
[30/08/2014 14:02:36] 
[30/08/2014 14:02:36] Lua Script Error: [Spell Interface] 
[30/08/2014 14:02:36] in a timer event called from: 
[30/08/2014 14:02:36] data/spells/scripts/max power rune.lua:onCastSpell
[30/08/2014 14:02:37] 
[30/08/2014 14:02:37] luaDoCombat(). Creature not found
[30/08/2014 14:02:37] Haddadi has logged in.
[30/08/2014 14:02:38] Druidzerah Mythus has logged out.
[30/08/2014 14:02:42] Druidzerah Mythus has logged in.
[30/08/2014 14:02:54] Gotack has logged out.
[30/08/2014 14:03:49] Data has logged out.
[30/08/2014 14:03:51] Foxter Fox has logged in.
[30/08/2014 14:03:53] > Broadcasted message: "Para comprar bless digite !bless".
[30/08/2014 14:04:43] Garoto Nestle has logged out.
[30/08/2014 14:04:45] Garoto Nestle has logged in.
[30/08/2014 14:05:28] Account Manager has logged in.
[30/08/2014 14:06:27] Vai vai has logged in.
[30/08/2014 14:07:10] Gotack has logged in.
[30/08/2014 14:08:04] Account Manager has logged out.
[30/08/2014 14:08:47] Foxter Fox has logged out.
[30/08/2014 14:09:12] Vai vai has logged out.
[30/08/2014 14:09:18] Foxter Fox has logged in.
[30/08/2014 14:09:24] Gotack has logged out.
[30/08/2014 14:10:12] Vai vai has logged in.
[30/08/2014 14:10:15] Vai vai has logged out.
[30/08/2014 14:10:16] Account Manager has logged in.
[30/08/2014 14:10:26] Account Manager has logged in.
[30/08/2014 14:10:34] > Broadcasted message: "Ot on das 07:00 as 00:00".
[30/08/2014 14:10:57] Account Manager has logged out.
[30/08/2014 14:11:05] Account Manager has logged in.
[30/08/2014 14:11:19] Anjo pk has logged out.
[30/08/2014 14:11:21] Anjo pk has logged in.
[30/08/2014 14:11:25] Account Manager has logged out.
[30/08/2014 14:11:26] Account Manager has logged in.
[30/08/2014 14:11:55] Account Manager has logged out.
[30/08/2014 14:12:16] Account Manager has logged out.
[30/08/2014 14:12:30] Bob Esponja has logged in.
[30/08/2014 14:12:42] Vaacaa Looccaa has logged in.
[30/08/2014 14:12:52] Bob Esponja has logged out.
[30/08/2014 14:12:54] Bob Esponja has logged in.
[30/08/2014 14:13:04] Bob Esponja has logged out.
[30/08/2014 14:13:06] Account Manager has logged in.
[30/08/2014 14:13:27] Account Manager has logged out.
[30/08/2014 14:13:43] Garoto Nestle has logged out.
[30/08/2014 14:13:45] 
[30/08/2014 14:13:45] Lua Script Error: [CreatureScript Interface] 
[30/08/2014 14:13:45] data/creaturescripts/scripts/playerdeath.lua:onDeath
[30/08/2014 14:13:45] 
[30/08/2014 14:13:45] luaGetCreatureName(). Creature not found
[30/08/2014 14:13:46] Menina Mal has logged out.
[30/08/2014 14:13:46] Garoto Nestle has logged in.
[30/08/2014 14:13:47] Menina Mal has logged in.
[30/08/2014 14:13:47] Bob Esponja I has logged in.
[30/08/2014 14:14:07] Bob Esponja I has logged out.
[30/08/2014 14:14:09] Bob Esponja I has logged in.
[30/08/2014 14:14:22] Bob Esponja I has logged out.
[30/08/2014 14:14:23] Bob Esponja has logged in.
[30/08/2014 14:14:25] Bob Esponja has logged out.
[30/08/2014 14:14:26] Account Manager has logged in.
[30/08/2014 14:14:50] Loss Pally has logged out.
[30/08/2014 14:14:51] Loss Pally has logged in.
[30/08/2014 14:15:19] Anjo pk has logged out.
[30/08/2014 14:15:20] Anjo pk has logged in.
[30/08/2014 14:15:21] Account Manager has logged out.
[30/08/2014 14:15:35] Account Manager has logged in.
[30/08/2014 14:15:37] Account Manager has logged out.
[30/08/2014 14:15:39] Leigue Of Draven has logged in.
[30/08/2014 14:16:03] Leigue Of Draven has logged out.
[30/08/2014 14:16:05] Vai vai has logged in.
[30/08/2014 14:16:45] Loss Pally has logged out.
[30/08/2014 14:16:46] Loss Pally has logged in.
[30/08/2014 14:16:57] Lucas has logged out.
[30/08/2014 14:17:08] > Broadcasted message: "Game map cleaning in 1 minute, please pick up all your items.".
[30/08/2014 14:17:11] > Saving server...
[30/08/2014 14:17:14] > SAVE: Complete in 2.839 seconds using relational house storage.
[30/08/2014 14:17:15] > Broadcasted message: "Para ver as noticias fale !notice".
[30/08/2014 14:17:39] > CLEAN: Removed 1452 items from 1382 tiles in 0.218 seconds.
[30/08/2014 14:17:39] > Broadcasted message: "Map Cleaned.".
[30/08/2014 14:18:47] Loss Pally has logged out.
[30/08/2014 14:18:49] Loss Pally has logged in.
[30/08/2014 14:22:44] Mc Livinho has logged in.
[30/08/2014 14:23:56] > Broadcasted message: "Para ver a lista de proximos tutores digite !tutores.".
[30/08/2014 14:26:04] Loss Pally has logged out.
[30/08/2014 14:26:06] Loss Pally has logged in.
[30/08/2014 14:27:18] Huntera has logged in.
[30/08/2014 14:28:10] Vai vai has logged out.
[30/08/2014 14:28:16] Leigue Of Draven has logged in.
[30/08/2014 14:28:42] Leigue Of Draven has logged out.
[30/08/2014 14:28:44] Vai vai has logged in.
[30/08/2014 14:28:52] Vai vai has logged out.
[30/08/2014 14:28:54] Leigue Of Draven has logged in.
[30/08/2014 14:29:38] Microbiio I has logged in.
[30/08/2014 14:29:43] Lucas has logged in.
[30/08/2014 14:29:44] Lucas has logged out.
[30/08/2014 14:29:46] Lucas has logged in.
[30/08/2014 14:29:47] Lucas has logged out.
[30/08/2014 14:29:49] Lucas has logged in.
[30/08/2014 14:29:50] Lucas has logged out.
[30/08/2014 14:29:52] Anjo pk has logged out.
[30/08/2014 14:29:55] Lucas has logged in.
[30/08/2014 14:30:10] Druidzerah Mythus has logged out.
[30/08/2014 14:30:15] Druidzerah Mythus has logged in.
[30/08/2014 14:30:25] Druidzerah Mythus has logged out.
[30/08/2014 14:30:27] Kina Rullex has logged out.
[30/08/2014 14:30:28] Kina Rullex has logged in.
[30/08/2014 14:30:29] Druidzerah Mythus has logged in.
[30/08/2014 14:30:37] > Broadcasted message: "Novo CLIENTE = http://www.4shared.com/rar/Xvc96eOece/Death_PVP.html".
[30/08/2014 14:30:45] Druidzerah Mythus has logged out.
[30/08/2014 14:30:47] Lucas has logged out.
[30/08/2014 14:30:48] Druidzerah Mythus has logged in.
[30/08/2014 14:30:53] Anjo pk has logged in.
[30/08/2014 14:32:48] Foxter Fox has logged out.
[30/08/2014 14:32:51] Foxter Fox has logged in.
[30/08/2014 14:33:04] Gotack has logged in.
[30/08/2014 14:33:38] Anjo pk has logged out.
[30/08/2014 14:33:44] Lucas has logged in.
[30/08/2014 14:33:49] > Broadcasted message: "Game map cleaning in 1 minute, please pick up all your items.".
[30/08/2014 14:33:58] Lucas has logged out.
[30/08/2014 14:34:19] > CLEAN: Removed 865 items from 1087 tiles in 0.203 seconds.
[30/08/2014 14:34:20] > Broadcasted message: "Map Cleaned.".
[30/08/2014 14:34:24] Anjo pk has logged in.
[30/08/2014 14:35:17] Loss Pally has logged out.
[30/08/2014 14:35:19] Loss Pally has logged in.
[30/08/2014 14:35:21] Leigue Of Draven has logged out.
[30/08/2014 14:35:22] Menina Mal has logged out.
[30/08/2014 14:35:23] Vai vai has logged in.
[30/08/2014 14:36:56] Microbiio I has logged out.
[30/08/2014 14:37:06] Mc Livinho has logged out.
[30/08/2014 14:37:07] Mc Livinho has logged in.
[30/08/2014 14:37:18] > Broadcasted message: "Para duvidas, eventos, e futuramente compras E-mail/Msn -> deathpvp@live.com.".
[30/08/2014 14:38:05] Vai vai has logged out.
[30/08/2014 14:38:07] Leigue Of Draven has logged in.
[30/08/2014 14:38:13] Huntera has logged out.
[30/08/2014 14:38:15] Huntera has logged in.
[30/08/2014 14:38:17] Mc Livinho has logged out.
[30/08/2014 14:38:47] Vaacaa Looccaa has logged out.
[30/08/2014 14:38:50] Account Manager has logged in.
[30/08/2014 14:39:02] Loss Pally has logged out.
[30/08/2014 14:39:04] Loss Pally has logged in.
[30/08/2014 14:39:10] Microbiio I has logged in.
[30/08/2014 14:39:26] Anjo pk has logged out.
[30/08/2014 14:39:27] Anjo pk has logged in.
[30/08/2014 14:39:53] Account Manager has logged out.
[30/08/2014 14:39:54] Account Manager has logged in.
[30/08/2014 14:39:55] Account Manager has logged out.
[30/08/2014 14:39:59] Foxter Fox has logged out.
[30/08/2014 14:40:01] Foxter Fox has logged in.
[30/08/2014 14:40:23] Gotack has logged out.
[30/08/2014 14:40:41] Druidzerah Mythus has logged out.
[30/08/2014 14:40:41] Garotinho Nestle has logged in.
[30/08/2014 14:40:49] Lallana has logged in.
[30/08/2014 14:41:04] Lallana has logged out.
[30/08/2014 14:41:10] Druidzerah Mythus has logged in.
[30/08/2014 14:41:17] Druidzerah Mythus has logged out.
[30/08/2014 14:41:18] Account Manager has logged in.
[30/08/2014 14:41:23] Leigue Of Draven has logged out.
[30/08/2014 14:41:25] Foxter Fox has logged out.
[30/08/2014 14:41:26] 
[30/08/2014 14:41:26] Lua Script Error: [CreatureScript Interface] 
[30/08/2014 14:41:26] data/creaturescripts/scripts/playerdeath.lua:onDeath
[30/08/2014 14:41:26] 
[30/08/2014 14:41:26] luaGetCreatureName(). Creature not found
[30/08/2014 14:41:26] 
[30/08/2014 14:41:26] Lua Script Error: [CreatureScript Interface] 
[30/08/2014 14:41:27] data/creaturescripts/scripts/playerdeath.lua:onDeath
[30/08/2014 14:41:27] 
[30/08/2014 14:41:27] luaGetCreatureName(). Creature not found
[30/08/2014 14:41:27] Loss Pally has logged out.
[30/08/2014 14:41:28] Leigue Of Draven has logged in.
[30/08/2014 14:41:29] Loss Pally has logged in.
[30/08/2014 14:41:35] Foxter Fox has logged in.
[30/08/2014 14:42:01] Foxter Fox has logged out.
[30/08/2014 14:42:02] Foxter Fox has logged in.
[30/08/2014 14:42:05] Foxter Fox has logged out.
[30/08/2014 14:42:07] Foxter Fox has logged in.
[30/08/2014 14:42:35] Account Manager has logged out.
[30/08/2014 14:42:36] Druidzerah Mythus has logged in.
[30/08/2014 14:43:59] > Broadcasted message: "Sempre Ao Criar Uma Conta, Pegue A RK Dela No Account Manager Da Conta E Anote, Nunca Passe A Sua Senha Para Outras Pessoas, E Ao Entrar Em Outros OT´s Crie Contas Diferentes Para Não Sofrer HACKED, Não Me Responsabilizo Por Perdas, Obrigado".
[30/08/2014 14:46:03] Garotinho Nestle has logged out.
[30/08/2014 14:46:06] Garotinho Nestle has logged in.
[30/08/2014 14:48:17] Druidzerah Mythus has logged out.
[30/08/2014 14:48:18] Eu vo pra epic has logged in.
[30/08/2014 14:48:25] Eu vo pra epic has logged out.
[30/08/2014 14:48:26] Druidzerah Mythus has logged in.
[30/08/2014 14:48:44] Mc Livinho has logged in.
[30/08/2014 14:49:05] Foxter Fox has logged out.
[30/08/2014 14:49:13] Foxter Fox has logged in.
[30/08/2014 14:49:29] Loss Pally has logged out.
[30/08/2014 14:49:31] Loss Pally has logged in.
[30/08/2014 14:49:43] Foxter Fox has logged out.
[30/08/2014 14:49:49] Foxter Fox has logged in.
[30/08/2014 14:50:11] Microbiio I has logged out.
[30/08/2014 14:50:16] Microbiio I has logged in.
[30/08/2014 14:50:26] Foxter Fox has logged out.
[30/08/2014 14:50:30] > Broadcasted message: "Game map cleaning in 1 minute, please pick up all your items.".
[30/08/2014 14:50:32] > Saving server...
[30/08/2014 14:50:36] > SAVE: Complete in 4.458 seconds using relational house storage.
[30/08/2014 14:50:40] > Broadcasted message: "Ot on das 07:00 as 00:00".
[30/08/2014 14:50:40] Foxter Fox has logged in.
[30/08/2014 14:51:00] > CLEAN: Removed 881 items from 743 tiles in 0.212 seconds.
[30/08/2014 14:51:01] > Broadcasted message: "Map Cleaned.".
[30/08/2014 14:51:28] Foxter Fox has logged out.
[30/08/2014 14:51:35] Foxter Fox has logged in.
[30/08/2014 14:52:06] Druidzerah Mythus has logged out.
[30/08/2014 14:52:11] Druidzerah Mythus has logged in.
[30/08/2014 14:52:16] Garotinho Nestle has logged out.
[30/08/2014 14:52:19] Garotinho Nestle has logged in.
[30/08/2014 14:52:41] Foxter Fox has logged out.
[30/08/2014 14:52:55] Foxter Fox has logged in.
[30/08/2014 14:52:58] Microbiio I has logged out.
[30/08/2014 14:53:04] Menino Mal has logged in.
[30/08/2014 14:53:04] Foxter Fox has logged out.
[30/08/2014 14:53:42] Menino Mal has logged out.
[30/08/2014 14:53:44] Menino Mal has logged in.
[30/08/2014 14:53:44] Druidzerah Mythus has logged out.
[30/08/2014 14:53:45] Menino Mal has logged out.
[30/08/2014 14:53:45] Account Manager has logged in.
[30/08/2014 14:53:50] Account Manager has logged out.
[30/08/2014 14:53:52] Microbiio I has logged in.
[30/08/2014 14:54:16] Druidzerah Mythus has logged in.
[30/08/2014 14:54:35] Kaiozinho has logged in.
[30/08/2014 14:54:36] Kaiozinho has logged out.
[30/08/2014 14:54:38] Kaiozinho has logged in.
[30/08/2014 14:54:39] Loss Pally has logged out.
[30/08/2014 14:54:39] Garotinho Nestle has logged out.
[30/08/2014 14:54:40] Kaiozinho has logged out.
[30/08/2014 14:54:41] Account Manager has logged in.
[30/08/2014 14:54:41] Garotinho Nestle has logged in.
[30/08/2014 14:54:41] Loss Pally has logged in.
[30/08/2014 14:54:42] Account Manager has logged out.
[30/08/2014 14:54:54] Huntera has logged out.
[30/08/2014 14:54:56] Huntera has logged in.
[30/08/2014 14:56:03] Knight Furiozo has logged in.
[30/08/2014 14:56:05] Knight Furiozo has logged out.
[30/08/2014 14:56:10] Knight Furiozo has logged in.
[30/08/2014 14:56:12] Knight Furiozo has logged out.
[30/08/2014 14:56:14] Knight Furiozo has logged in.
[30/08/2014 14:56:15] Knight Furiozo has logged out.
[30/08/2014 14:57:13] Druidzerah Mythus has logged out.
[30/08/2014 14:57:20] Druidzerah Mythus has logged in.
[30/08/2014 14:57:21] > Broadcasted message: "Para esclarecer algumas duvidas digite !notice, para mais informacoes fale com um [CM]".
[30/08/2014 14:57:27] Druidzerah Mythus has logged out.
[30/08/2014 14:57:32] Druidzerah Mythus has logged in.
[30/08/2014 14:57:39] Druidzerah Mythus has logged out.
[30/08/2014 14:57:56] Druidzerah Mythus has logged in.
[30/08/2014 14:58:22] Microbiio I has logged out.
[30/08/2014 14:58:43] Druidzerah Mythus has logged out.
[30/08/2014 14:59:03] Druidzerah Mythus has logged in.
[30/08/2014 14:59:25] Druidzerah Mythus has logged out.
[30/08/2014 14:59:35] Druidzerah Mythus has logged in.
[30/08/2014 14:59:58] Haddadi has logged out.
[30/08/2014 15:00:13] Loss Pally has logged out.
[30/08/2014 15:00:16] Loss Pally has logged in.
[30/08/2014 15:00:17] Loss Pally has logged out.
[30/08/2014 15:00:25] Loss Pally has logged in.
[30/08/2014 15:00:36] Druidzerah Mythus has logged out.
[30/08/2014 15:00:39] Garotinho Nestle has logged out.
[30/08/2014 15:01:01] Druidzerah Mythus has logged in.
[30/08/2014 15:01:48] Druidzerah Mythus has logged out.
[30/08/2014 15:01:55] Druidzerah Mythus has logged in.
[30/08/2014 15:01:58] Huntera has logged out.
[30/08/2014 15:02:15] Kina Rullex has logged out.
[30/08/2014 15:02:37] Huntera has logged in.
[30/08/2014 15:02:42] Druidzerah Mythus has logged out.
[30/08/2014 15:02:56] Druidzerah Mythus has logged in.
[30/08/2014 15:03:59] Druidzerah Mythus has logged out.
[30/08/2014 15:04:02] > Broadcasted message: "Para duvidas, eventos, e futuramente compras E-mail/Msn -> deathpvp@live.com.".
[30/08/2014 15:04:05] Druidzerah Mythus has logged in.
[30/08/2014 15:04:52] Loss Pally has logged out.
[30/08/2014 15:04:53] Druidzerah Mythus has logged out.
[30/08/2014 15:04:55] Loss Pally has logged in.
[30/08/2014 15:05:01] Loss Pally has logged out.
[30/08/2014 15:05:03] Loss Pally has logged in.
[30/08/2014 15:05:09] To De Boa has logged in.
[30/08/2014 15:05:10] Druidzerah Mythus has logged in.
[30/08/2014 15:05:28] Haddadi has logged in.
[30/08/2014 15:06:01] Druidzerah Mythus has logged out.
[30/08/2014 15:06:14] Druidzerah Mythus has logged in.
[30/08/2014 15:06:24] Loss Pally has logged out.
[30/08/2014 15:06:29] Druidzerah Mythus has logged out.
[30/08/2014 15:06:29] Loss Pally has logged in.
[30/08/2014 15:06:36] Druidzerah Mythus has logged in.
[30/08/2014 15:06:59] Druidzerah Mythus has logged out.
[30/08/2014 15:07:11] > Broadcasted message: "Game map cleaning in 1 minute, please pick up all your items.".
[30/08/2014 15:07:42] Druidzerah Mythus has logged in.
[30/08/2014 15:07:42] > CLEAN: Removed 3055 items from 1149 tiles in 0.45 seconds.
[30/08/2014 15:07:43] > Broadcasted message: "Map Cleaned.".
[30/08/2014 15:08:08] Loss Pally has logged out.
[30/08/2014 15:08:09] Druidzerah Mythus has logged out.
[30/08/2014 15:08:12] Loss Pally has logged in.
[30/08/2014 15:08:21] Druidzerah Mythus has logged in.
[30/08/2014 15:08:24] Haddadi has logged out.
[30/08/2014 15:08:35] Lallana has logged in.
[30/08/2014 15:08:40] Druidzerah Mythus has logged out.
[30/08/2014 15:08:45] Druidzerah Mythus has logged in.
[30/08/2014 15:08:55] Lallana has logged out.
[30/08/2014 15:09:14] Loss Pally has logged out.
[30/08/2014 15:09:17] Loss Pally has logged in.
[30/08/2014 15:09:29] Druidzerah Mythus has logged out.
[30/08/2014 15:09:38] Garoto Nestle has logged out.
[30/08/2014 15:10:01] Druidzerah Mythus has logged in.
[30/08/2014 15:10:43] > Broadcasted message: "Para ver a lista de proximos tutores digite !tutores.".
[30/08/2014 15:11:07] Druidzerah Mythus has logged out.
[30/08/2014 15:11:16] Druidzerah Mythus has logged in.
[30/08/2014 15:11:17] Druidzerah Mythus has logged out.
[30/08/2014 15:11:31] Druidzerah Mythus has logged in.
[30/08/2014 15:11:34] Mc Livinho has logged out.
[30/08/2014 15:12:34] Kaiozinho has logged in.
[30/08/2014 15:12:54] Garoto Nestle has logged in.
[30/08/2014 15:13:02] Druidzerah Mythus has logged out.
[30/08/2014 15:13:16] Druidzerah Mythus has logged in.
[30/08/2014 15:13:28] Druidzerah Mythus has logged out.
[30/08/2014 15:13:35] Druidzerah Mythus has logged in.
[30/08/2014 15:13:57] Druidzerah Mythus has logged out.
[30/08/2014 15:14:10] Druidzerah Mythus has logged in.
[30/08/2014 15:15:16] Huntera has logged out.
[30/08/2014 15:15:19] Huntera has logged in.
[30/08/2014 15:15:29] Druidzerah Mythus has logged out.
[30/08/2014 15:15:54] Druidzerah Mythus has logged in.
[30/08/2014 15:16:54] Druidzerah Mythus has logged out.
[30/08/2014 15:16:59] Druidzerah Mythus has logged in.
[30/08/2014 15:17:11] Druidzerah Mythus has logged out.
[30/08/2014 15:17:23] Druidzerah Mythus has logged in.
[30/08/2014 15:17:24] > Broadcasted message: "Para comprar bless digite !bless".
[30/08/2014 15:18:38] Druidzerah Mythus has logged out.
[30/08/2014 15:18:41] Druidzerah Mythus has logged in.
[30/08/2014 15:19:08] Druidzerah Mythus has logged out.
[30/08/2014 15:19:25] Druidzerah Mythus has logged in.
[30/08/2014 15:20:17] To De Boa has logged out.
[30/08/2014 15:20:21] Leigue Of Draven has logged out.
[30/08/2014 15:20:22] Druidzerah Mythus has logged out.
[30/08/2014 15:20:36] Druidzerah Mythus has logged in.
[30/08/2014 15:20:53] Druidzerah Mythus has logged out.
[30/08/2014 15:21:02] Druidzerah Mythus has logged in.
[30/08/2014 15:22:20] Druidzerah Mythus has logged out.
[30/08/2014 15:22:33] Kaiozinho has logged out.
[30/08/2014 15:22:39] Mc Livinho has logged in.
[30/08/2014 15:23:40] Anjo pk has logged out.
[30/08/2014 15:23:42] Anjo pk has logged in.
[30/08/2014 15:23:52] > Broadcasted message: "Game map cleaning in 1 minute, please pick up all your items.".
[30/08/2014 15:23:53] > Saving server...
[30/08/2014 15:23:56] > SAVE: Complete in 3.056 seconds using relational house storage.
[30/08/2014 15:24:05] > Broadcasted message: "Para esclarecer algumas duvidas digite !notice, para mais informacoes fale com um [CM]".
[30/08/2014 15:24:22] > CLEAN: Removed 246 items from 321 tiles in 0.212 seconds.
[30/08/2014 15:24:22] > Broadcasted message: "Map Cleaned.".
[30/08/2014 15:30:46] > Broadcasted message: "Para ver a lista de proximos tutores digite !tutores.".
[30/08/2014 15:33:23] Mc Livinho has logged out.
[30/08/2014 15:33:25] Mc Livinho has logged in.
[30/08/2014 15:35:36] Loss Pally has logged out.
[30/08/2014 15:37:27] > Broadcasted message: "Para duvidas, eventos, e futuramente compras E-mail/Msn -> deathpvp@live.com.".
[30/08/2014 15:39:23] Garoto Nestle has logged out.
[30/08/2014 15:39:58] Loss Pally has logged in.
[30/08/2014 15:40:25] Gotack has logged in.
[30/08/2014 15:40:33] > Broadcasted message: "Game map cleaning in 1 minute, please pick up all your items.".
[30/08/2014 15:41:03] > CLEAN: Removed 1191 items from 1132 tiles in 0.406 seconds.
[30/08/2014 15:41:04] > Broadcasted message: "Map Cleaned.".
[30/08/2014 15:42:57] Loss Pally has logged out.
[30/08/2014 15:43:04] Anjo pk has logged out.
[30/08/2014 15:43:10] Gotack has logged out.
[30/08/2014 15:43:22] Anjo pk has logged in.
[30/08/2014 15:43:23] Huntera has logged out.
[30/08/2014 15:43:42] Huntera has logged in.
[30/08/2014 15:44:08] > Broadcasted message: "Novo CLIENTE = http://www.4shared.com/rar/Xvc96eOece/Death_PVP.html".
[30/08/2014 15:45:05] Garoto Nestle has logged in.
[30/08/2014 15:45:33] Garoto Nestle has logged out.
[30/08/2014 15:47:02] Gotak has logged in.
[30/08/2014 15:47:06] Gotak has logged out.
[30/08/2014 15:47:08] Loss Pally has logged in.
[30/08/2014 15:47:08] Gotack has logged in.
[30/08/2014 15:49:48] Knight Furiozo has logged in.
[30/08/2014 15:50:49] > Broadcasted message: "Para ver as noticias fale !notice".
[30/08/2014 15:52:52] Kina Rullex has logged in.
[30/08/2014 15:54:11] Kaiozinho has logged in.
[30/08/2014 15:55:01] Kina Rullex has logged out.
[30/08/2014 15:55:04] Kina Rullex has logged in.
[30/08/2014 15:55:23] Mc Livinho has logged out.
[30/08/2014 15:55:29] Loss Pally has logged out.
[30/08/2014 15:55:31] Loss Pally has logged in.
[30/08/2014 15:55:50] Kina Rullex has logged out.
[30/08/2014 15:56:00] Meele Pally has logged in.
[30/08/2014 15:56:08] Garoto Nestle has logged in.
[30/08/2014 15:57:14] > Saving server...
[30/08/2014 15:57:26] > SAVE: Complete in 11.62 seconds using relational house storage.
[30/08/2014 15:57:26] > Broadcasted message: "Game map cleaning in 1 minute, please pick up all your items.".
[30/08/2014 15:57:30] > Broadcasted message: "Para ver as noticias fale !notice".
[30/08/2014 15:57:31] Huntera has logged out.
[30/08/2014 15:57:33] Huntera has logged in.
[30/08/2014 15:57:44] Meele Pally has logged out.
[30/08/2014 15:57:46] Meele Pally has logged in.
[30/08/2014 15:57:51] Meele Pally has logged out.
[30/08/2014 15:57:59] Kina Rullex has logged in.
[30/08/2014 15:57:59] > CLEAN: Removed 84 items from 238 tiles in 0.225 seconds.
[30/08/2014 15:57:59] > Broadcasted message: "Map Cleaned.".
[30/08/2014 15:59:27] Kina Rullex has logged out.
[30/08/2014 15:59:42] Meele Pally has logged in.
[30/08/2014 15:59:46] Loss Pally has logged out.
[30/08/2014 15:59:48] Loss Pally has logged in.
[30/08/2014 16:00:55] Knight Furiozo has logged out.
[30/08/2014 16:00:56] Account Manager has logged in.
[30/08/2014 16:01:03] Meele Pally has logged out.
[30/08/2014 16:01:10] Kina Rullex has logged in.
[30/08/2014 16:01:26] Account Manager has logged out.
[30/08/2014 16:01:37] Knight Furiozo has logged in.
[30/08/2014 16:02:29] Knight Furiozo has logged out.
[30/08/2014 16:02:30] Katarina has logged in.
[30/08/2014 16:04:11] > Broadcasted message: "Para ver a lista de proximos tutores digite !tutores.".
[30/08/2014 16:06:01] Katarina has logged out.
[30/08/2014 16:06:03] Katarina has logged in.
[30/08/2014 16:06:13] Gotack has logged out.
[30/08/2014 16:06:25] Gotack has logged in.
[30/08/2014 16:07:57] Kaiozinho has logged out.
[30/08/2014 16:08:33] Druidzerah Mythus has logged in.
[30/08/2014 16:09:49] Account Manager has logged in.
[30/08/2014 16:09:51] Account Manager has logged out.
[30/08/2014 16:10:09] Account Manager has logged in.
[30/08/2014 16:10:10] Account Manager has logged out.
[30/08/2014 16:10:29] Account Manager has logged in.
[30/08/2014 16:10:30] Account Manager has logged out.
[30/08/2014 16:10:52] > Broadcasted message: "Para duvidas, eventos, e futuramente compras E-mail/Msn -> deathpvp@live.com.".
[30/08/2014 16:10:54] Account Manager has logged in.
[30/08/2014 16:10:56] Account Manager has logged out.
[30/08/2014 16:11:17] Gotack has logged out.
[30/08/2014 16:11:19] Account Manager has logged in.
[30/08/2014 16:11:20] Account Manager has logged out.
[30/08/2014 16:11:22] Account Manager has logged in.
[30/08/2014 16:11:24] Account Manager has logged out.
[30/08/2014 16:11:25] Account Manager has logged in.
[30/08/2014 16:11:26] Account Manager has logged out.
[30/08/2014 16:11:28] Account Manager has logged in.
[30/08/2014 16:11:29] Account Manager has logged out.
[30/08/2014 16:11:31] Account Manager has logged in.
[30/08/2014 16:11:32] Account Manager has logged out.
[30/08/2014 16:11:33] Account Manager has logged in.
[30/08/2014 16:11:35] Account Manager has logged out.
[30/08/2014 16:11:52] [Warning - Protocol::RSA_decrypt] Not valid packet size
[30/08/2014 16:11:53] Account Manager has logged in.
[30/08/2014 16:11:55] Account Manager has logged out.
[30/08/2014 16:13:03] Druidzerah Mythus has logged out.
[30/08/2014 16:13:05] Druidzerah Mythus has logged in.
[30/08/2014 16:13:35] Druidzerah Mythus has logged out.
[30/08/2014 16:13:37] Druidzerah Mythus has logged in.
[30/08/2014 16:13:54] Druidzerah Mythus has logged out.
[30/08/2014 16:13:56] Druidzerah Mythus has logged in.
[30/08/2014 16:14:07] > Broadcasted message: "Game map cleaning in 1 minute, please pick up all your items.".
[30/08/2014 16:14:12] Druidzerah Mythus has logged out.
[30/08/2014 16:14:15] Druidzerah Mythus has logged in.
[30/08/2014 16:14:38] > CLEAN: Removed 493 items from 302 tiles in 0.34 seconds.
[30/08/2014 16:14:38] > Broadcasted message: "Map Cleaned.".
[30/08/2014 16:14:42] Druidzerah Mythus has logged out.
[30/08/2014 16:14:44] Druidzerah Mythus has logged in.
[30/08/2014 16:14:45] Katarina has logged out.
[30/08/2014 16:14:47] Katarina has logged in.
[30/08/2014 16:15:01] Knght kill has logged in.
[30/08/2014 16:15:02] Druidzerah Mythus has logged out.
[30/08/2014 16:15:03] Druidzerah Mythus has logged in.
[30/08/2014 16:15:21] Druidzerah Mythus has logged out.
[30/08/2014 16:15:24] Druidzerah Mythus has logged in.
[30/08/2014 16:15:41] Bug Kinne has logged in.
[30/08/2014 16:16:07] Katarina has logged out.
[30/08/2014 16:16:32] Katarina has logged in.
[30/08/2014 16:16:32] Meele Pally has logged in.
[30/08/2014 16:16:45] Druidzerah Mythus has logged out.
[30/08/2014 16:16:48] Druidzerah Mythus has logged in.
[30/08/2014 16:17:10] Garoto Nestle has logged out.
[30/08/2014 16:17:21] Druidzerah Mythus has logged out.
[30/08/2014 16:17:23] Druidzerah Mythus has logged in.
[30/08/2014 16:17:33] > Broadcasted message: "Para ver a lista de proximos tutores digite !tutores.".
[30/08/2014 16:17:45] Druidzerah Mythus has logged out.
[30/08/2014 16:17:47] Druidzerah Mythus has logged in.
[30/08/2014 16:18:10] Druidzerah Mythus has logged out.
[30/08/2014 16:18:12] Druidzerah Mythus has logged in.
[30/08/2014 16:18:44] Druidzerah Mythus has logged out.
[30/08/2014 16:18:46] Druidzerah Mythus has logged in.
[30/08/2014 16:19:04] Druidzerah Mythus has logged out.
[30/08/2014 16:19:06] Druidzerah Mythus has logged in.
[30/08/2014 16:20:12] Kina Rullex has logged out.
[30/08/2014 16:20:13] Druidzerah Mythus has logged out.
[30/08/2014 16:20:14] Druiid of Cauz has logged in.
[30/08/2014 16:20:15] Druidzerah Mythus has logged in.
[30/08/2014 16:20:26] Druiid of Cauz has logged out.
[30/08/2014 16:20:50] Druidzerah Mythus has logged out.
[30/08/2014 16:20:52] Loss Pally has logged out.
[30/08/2014 16:20:53] Druidzerah Mythus has logged in.
[30/08/2014 16:20:54] Loss Pally has logged in.
[30/08/2014 16:21:00] Druiid of Cauz has logged in.
[30/08/2014 16:21:01] Katarina has logged out.
[30/08/2014 16:21:04] Druidzerah Mythus has logged out.
[30/08/2014 16:21:48] Loss Pally has logged out.
[30/08/2014 16:21:49] Mc Livinho has logged in.
[30/08/2014 16:21:50] Loss Pally has logged in.
[30/08/2014 16:22:25] Ice-kess has logged in.
[30/08/2014 16:22:47] Bob Esponja has logged in.
[30/08/2014 16:22:54] Katarina has logged in.
[30/08/2014 16:23:58] Bob Esponja has logged out.
[30/08/2014 16:24:01] Account Manager has logged in.
[30/08/2014 16:24:04] Druiid of Cauz has logged out.
[30/08/2014 16:24:10] Kina Rullex has logged in.
[30/08/2014 16:24:14] > Broadcasted message: "Sempre Ao Criar Uma Conta, Pegue A RK Dela No Account Manager Da Conta E Anote, Nunca Passe A Sua Senha Para Outras Pessoas, E Ao Entrar Em Outros OT´s Crie Contas Diferentes Para Não Sofrer HACKED, Não Me Responsabilizo Por Perdas, Obrigado".
[30/08/2014 16:24:19] Account Manager has logged in.
[30/08/2014 16:24:20] Account Manager has logged out.
[30/08/2014 16:24:21] Account Manager has logged in.
[30/08/2014 16:24:22] Account Manager has logged out.
[30/08/2014 16:24:25] Account Manager has logged in.
[30/08/2014 16:24:26] Account Manager has logged out.
[30/08/2014 16:24:35] Account Manager has logged in.
[30/08/2014 16:24:35] Account Manager has logged out.
[30/08/2014 16:24:38] Account Manager has logged in.
[30/08/2014 16:24:39] Account Manager has logged out.
[30/08/2014 16:24:41] Account Manager has logged in.
[30/08/2014 16:24:42] Account Manager has logged out.
[30/08/2014 16:24:49] Garoto Nestle has logged in.
[30/08/2014 16:25:12] Account Manager has logged out.
[30/08/2014 16:25:16] Account Manager has logged in.
[30/08/2014 16:25:41] Meele Pally has logged out.
[30/08/2014 16:25:45] Ice-kess has logged out.
[30/08/2014 16:25:46] Meele Pally has logged in.
[30/08/2014 16:25:47] Meele Pally has logged out.
[30/08/2014 16:25:48] Kina Rullex has logged out.
[30/08/2014 16:25:49] Ice-kess has logged in.
[30/08/2014 16:25:54] Account Manager has logged out.
[30/08/2014 16:26:09] Account Manager has logged in.
[30/08/2014 16:26:15] Account Manager has logged out.
[30/08/2014 16:26:41] Bob Esponja I has logged in.
[30/08/2014 16:26:45] Bob Esponja I has logged out.
[30/08/2014 16:26:47] Ice-kess has logged out.
[30/08/2014 16:26:53] Account Manager has logged in.
[30/08/2014 16:26:54] Account Manager has logged out.
[30/08/2014 16:27:01] Ice-kess has logged in.
[30/08/2014 16:27:34] Loss Pally has logged out.
[30/08/2014 16:27:39] Loss Pally has logged in.
[30/08/2014 16:27:45] Leigue Of Draven has logged in.
[30/08/2014 16:28:10] Bug Kinne has logged out.
[30/08/2014 16:28:31] Anjo pk has logged out.
[30/08/2014 16:28:49] Anjo pk has logged in.
[30/08/2014 16:28:51] Bug Kinne has logged in.
[30/08/2014 16:30:35] > Saving server...
[30/08/2014 16:30:43] > SAVE: Complete in 7.287 seconds using relational house storage.
[30/08/2014 16:30:48] > Broadcasted message: "Game map cleaning in 1 minute, please pick up all your items.".
[30/08/2014 16:30:55] > Broadcasted message: "Para ver a lista de proximos tutores digite !tutores.".
[30/08/2014 16:31:19] > CLEAN: Removed 295 items from 279 tiles in 0.247 seconds.
[30/08/2014 16:31:19] > Broadcasted message: "Map Cleaned.".
[30/08/2014 16:31:59] Katarina has logged out.
[30/08/2014 16:32:02] Katarina has logged in.
[30/08/2014 16:33:18] Anjo pk has logged out.
[30/08/2014 16:33:21] Anjo pk has logged in.
[30/08/2014 16:33:46] Mc Livinho has logged out.
[30/08/2014 16:33:52] Kaiozinho has logged in.
[30/08/2014 16:35:05] Katarina has logged out.
[30/08/2014 16:35:09] Katarina has logged in.
[30/08/2014 16:36:26] Kaiozinho has logged out.
[30/08/2014 16:36:33] Mc Livinho has logged in.
[30/08/2014 16:37:36] > Broadcasted message: "Para duvidas, eventos, e futuramente compras E-mail/Msn -> deathpvp@live.com.".
[30/08/2014 16:41:36] Ice-kess has logged out.
[30/08/2014 16:42:25] Knght kill has logged out.
[30/08/2014 16:43:16] Ice-kess has logged in.
[30/08/2014 16:44:17] > Broadcasted message: "Sempre Ao Criar Uma Conta, Pegue A RK Dela No Account Manager Da Conta E Anote, Nunca Passe A Sua Senha Para Outras Pessoas, E Ao Entrar Em Outros OT´s Crie Contas Diferentes Para Não Sofrer HACKED, Não Me Responsabilizo Por Perdas, Obrigado".
[30/08/2014 16:47:29] > Broadcasted message: "Game map cleaning in 1 minute, please pick up all your items.".
[30/08/2014 16:48:00] > CLEAN: Removed 2618 items from 1173 tiles in 0.58 seconds.
[30/08/2014 16:48:01] > Broadcasted message: "Map Cleaned.".
[30/08/2014 16:50:58] > Broadcasted message: "Para esclarecer algumas duvidas digite !notice, para mais informacoes fale com um [CM]".
[30/08/2014 16:52:08] Anjo pk has logged out.
[30/08/2014 16:52:22] Katarina has logged out.
[30/08/2014 16:52:26] Huntera has logged out.
[30/08/2014 16:53:29] Mc Livinho has logged out.
[30/08/2014 16:54:08] Mc Livinho has logged in.
[30/08/2014 16:54:36] Kaiozinho has logged in.
[30/08/2014 16:55:01] Loss Pally has logged out.
[30/08/2014 16:55:06] Loss Pally has logged in.
[30/08/2014 16:55:43] > Saving server...
[30/08/2014 16:55:46] > SAVE: Complete in 3.432 seconds using relational house storage.
[30/08/2014 16:55:50] Garoto Nestle has logged out.
[30/08/2014 16:55:50] Leigue Of Draven has logged out.
[30/08/2014 16:55:51] Bug Kinne has logged out.
[30/08/2014 16:55:51] Ice-kess has logged out.
[30/08/2014 16:55:52] Mc Livinho has logged out.
[30/08/2014 16:55:52] Kaiozinho has logged out.
[30/08/2014 16:55:52] Loss Pally has logged out.
[30/08/2014 16:55:53] > Saving server...
[30/08/2014 16:55:54] > SAVE: Complete in 1.482 seconds using relational house storage.
[30/08/2014 16:55:55] Preparing to shutdown server..
[30/08/2014 16:55:56] .
[30/08/2014 16:55:56] Exiting
[30/08/2014 17:12:51] The Forgotten Server, version 0.3.4 (Crying Damson)
[30/08/2014 17:12:51] Sever Criado Por Alissow e Comedinha.
[30/08/2014 17:12:52] Publicidade: www.sotserv.blogspot.com <- <- <- Tudo sobre otserv.
[30/08/2014 17:12:52] Bom Jogo!!!
[30/08/2014 17:12:52] 
[30/08/2014 17:12:52] >> Debugging: nothing.
[30/08/2014 17:12:52] >> Checking software version... failed checking - malformed file.
[30/08/2014 17:12:53] 
[30/08/2014 17:12:53] >> Loading config (config.lua)
[30/08/2014 17:12:53] > Using plaintext passwords
[30/08/2014 17:12:53] >> Loading RSA key
[30/08/2014 17:12:53] >> Starting SQL connection
[30/08/2014 17:12:54] >> Running Database Manager
[30/08/2014 17:12:55] > Optimized database.
[30/08/2014 17:12:55] >> Loading items
[30/08/2014 17:12:55] >> Loading groups
[30/08/2014 17:12:55] >> Loading vocations
[30/08/2014 17:12:56] >> Loading script systems
[30/08/2014 17:12:59] >> Loading chat channels
[30/08/2014 17:12:59] >> Loading outfits
[30/08/2014 17:12:59] >> Loading experience stages
[30/08/2014 17:12:59] >> Loading monsters
[30/08/2014 17:13:03] >> Loading map and spawns...
[30/08/2014 17:13:04] > Map size: 65000x65000.
[30/08/2014 17:13:04] > Map descriptions: 
[30/08/2014 17:13:05] Saved with Remere's Map Editor 2.2
[30/08/2014 17:13:05] No map description available.
[30/08/2014 17:13:05] Duplicate uniqueId 2407
[30/08/2014 17:13:09] > Map loading time: 6.277 seconds.
[30/08/2014 17:13:12] > Data loading time: 2.474 seconds.
[30/08/2014 17:13:12] > Unserialization time for houses: 0.028 seconds.
[30/08/2014 17:13:37] > Unserialization time for map: 24.421 seconds.
[30/08/2014 17:13:38] >> Checking world type... PvP
[30/08/2014 17:13:38] >> Initializing game state modules and registering services...
[30/08/2014 17:13:40] > Global address: deathpvp.no-ip.info
[30/08/2014 17:13:41] > Local ports:
[30/08/2014 17:13:41] 7171	7172	
[30/08/2014 17:13:41] >> All modules were loaded, server starting up...
[30/08/2014 17:13:42] >> OT Death server Online!
[30/08/2014 17:13:42] 
[30/08/2014 17:13:59] Ice-kess has logged in.
[30/08/2014 17:18:40] Ice-kess has logged out.
[30/08/2014 17:19:05] sqlite3_step(): SQLITE ERROR: columns id, world_id are not unique
[30/08/2014 17:19:09] Ice-kess has logged in.
[30/08/2014 17:19:40] > Broadcasted message: "Para ver a lista de proximos tutores digite !tutores.".
[30/08/2014 17:19:49] Druiid of Cauz has logged in.
[30/08/2014 17:19:51] Druiid of Cauz has logged out.
[30/08/2014 17:19:54] Druiid of Cauz has logged in.
[30/08/2014 17:19:59] Blackgt has logged in.
[30/08/2014 17:22:30] Druiid of Cauz has logged out.
[30/08/2014 17:22:32] Druiid of Cauz has logged in.
[30/08/2014 17:23:56] Druiid of Cauz has logged out.
[30/08/2014 17:23:59] Druiid of Cauz has logged in.
[30/08/2014 17:24:02] Druiid of Cauz has logged out.
[30/08/2014 17:24:05] Kina Rullex has logged in.
[30/08/2014 17:24:55] Blackgt has logged out.
[30/08/2014 17:24:58] Blackgt has logged in.
[30/08/2014 17:26:21] > Broadcasted message: "Novo CLIENTE = http://www.4shared.com/rar/Xvc96eOece/Death_PVP.html".
[30/08/2014 17:29:40] > Broadcasted message: "Game map cleaning in 1 minute, please pick up all your items.".
[30/08/2014 17:30:10] > CLEAN: Removed 3524 items from 1348 tiles in 0.383 seconds.
[30/08/2014 17:30:11] > Broadcasted message: "Map Cleaned.".
[30/08/2014 17:30:57] Blackgt has logged out.
[30/08/2014 17:31:00] Blackgt has logged in.
[30/08/2014 17:33:02] > Broadcasted message: "Para duvidas, eventos, e futuramente compras E-mail/Msn -> deathpvp@live.com.".
[30/08/2014 17:33:13] To De Boa has logged in.
[30/08/2014 17:33:23] Blackgt has logged out.
[30/08/2014 17:33:25] Blackgt has logged in.
[30/08/2014 17:39:43] > Broadcasted message: "Para esclarecer algumas duvidas digite !notice, para mais informacoes fale com um [CM]".
[30/08/2014 17:44:28] Kina Rullex has logged out.
[30/08/2014 17:44:30] To De Boa has logged out.
[30/08/2014 17:45:03] Loss Pally has logged in.
[30/08/2014 17:46:21] > Broadcasted message: "Game map cleaning in 1 minute, please pick up all your items.".
[30/08/2014 17:46:24] > Broadcasted message: "Ot on das 07:00 as 00:00".
[30/08/2014 17:46:25] > Saving server...
[30/08/2014 17:46:28] > SAVE: Complete in 2.583 seconds using relational house storage.
[30/08/2014 17:46:32] Blackgt has logged out.
[30/08/2014 17:46:45] Kina Rullex has logged in.
[30/08/2014 17:46:52] > CLEAN: Removed 3992 items from 1585 tiles in 0.297 seconds.
[30/08/2014 17:46:52] > Broadcasted message: "Map Cleaned.".
[30/08/2014 17:47:21] Loss Pally has logged out.
[30/08/2014 17:47:28] Loss Pally has logged in.
[30/08/2014 17:48:30] Kina Rullex has logged out.
[30/08/2014 17:49:28] Gotack has logged in.
[30/08/2014 17:50:19] Kina Rullex has logged in.
[30/08/2014 17:50:38] Gotack has logged out.
[30/08/2014 17:50:58] Loss Pally has logged out.
[30/08/2014 17:51:02] Loss Pally has logged in.
[30/08/2014 17:51:23] Boss-sykes has logged in.
[30/08/2014 17:51:47] Boss-sykes has logged out.
[30/08/2014 17:53:05] > Broadcasted message: "Novo CLIENTE = http://www.4shared.com/rar/Xvc96eOece/Death_PVP.html".
[30/08/2014 17:53:55] Menina Mal has logged in.
[30/08/2014 17:54:25] Account Manager has logged in.
[30/08/2014 17:54:29] Account Manager has logged out.
[30/08/2014 17:54:52] Duff Maluko has logged in.
[30/08/2014 17:54:59] Duff Maluko has logged out.
[30/08/2014 17:55:53] Menina Mal has logged out.
[30/08/2014 17:57:31] Loss Pally has logged out.
[30/08/2014 17:57:33] Loss Pally has logged in.
[30/08/2014 17:57:50] Garotinho Nestle has logged in.
[30/08/2014 17:59:44] Kina Rullex has logged out.
[30/08/2014 17:59:46] > Broadcasted message: "Para ver as noticias fale !notice".
[30/08/2014 17:59:54] Meele Pally has logged in.
[30/08/2014 18:00:24] Meele Pally has logged out.
[30/08/2014 18:00:29] Meele Pally has logged in.
[30/08/2014 18:00:44] Meele Pally has logged out.
[30/08/2014 18:00:46] Meele Pally has logged in.
[30/08/2014 18:01:00] Meele Pally has logged out.
[30/08/2014 18:01:02] Meele Pally has logged in.
[30/08/2014 18:01:14] Meele Pally has logged out.
[30/08/2014 18:01:16] Meele Pally has logged in.
[30/08/2014 18:01:33] Meele Pally has logged out.
[30/08/2014 18:01:35] Meele Pally has logged in.
[30/08/2014 18:01:59] Meele Pally has logged out.
[30/08/2014 18:02:01] Meele Pally has logged in.
[30/08/2014 18:02:12] Meele Pally has logged out.
[30/08/2014 18:02:14] Meele Pally has logged in.
[30/08/2014 18:02:29] Meele Pally has logged out.
[30/08/2014 18:02:31] Meele Pally has logged in.
[30/08/2014 18:02:45] Meele Pally has logged out.
[30/08/2014 18:02:47] Meele Pally has logged in.
[30/08/2014 18:02:59] Meele Pally has logged out.
[30/08/2014 18:03:01] Meele Pally has logged in.
[30/08/2014 18:03:02] > Broadcasted message: "Game map cleaning in 1 minute, please pick up all your items.".
[30/08/2014 18:03:21] Meele Pally has logged out.
[30/08/2014 18:03:23] Meele Pally has logged in.
[30/08/2014 18:03:33] > CLEAN: Removed 3799 items from 1285 tiles in 0.324 seconds.
[30/08/2014 18:03:33] > Broadcasted message: "Map Cleaned.".
[30/08/2014 18:03:37] Meele Pally has logged out.
[30/08/2014 18:03:37] Mc Livinho has logged in.
[30/08/2014 18:03:39] Meele Pally has logged in.
[30/08/2014 18:03:52] Meele Pally has logged out.
[30/08/2014 18:03:55] Meele Pally has logged in.
[30/08/2014 18:04:08] Meele Pally has logged out.
[30/08/2014 18:04:17] Kina Rullex has logged in.
[30/08/2014 18:04:19] Garotinho Nestle has logged out.
[30/08/2014 18:04:21] Garotinho Nestle has logged in.
[30/08/2014 18:06:27] > Broadcasted message: "Sempre Ao Criar Uma Conta, Pegue A RK Dela No Account Manager Da Conta E Anote, Nunca Passe A Sua Senha Para Outras Pessoas, E Ao Entrar Em Outros OT´s Crie Contas Diferentes Para Não Sofrer HACKED, Não Me Responsabilizo Por Perdas, Obrigado".
[30/08/2014 18:08:22] Knght kill has logged in.
[30/08/2014 18:09:06] Kina Rullex has logged out.
[30/08/2014 18:09:08] Druiid of Cauz has logged in.
[30/08/2014 18:09:43] Garoto Nestle has logged in.
[30/08/2014 18:10:42] Garotinho Nestle has logged out.
[30/08/2014 18:11:07] Druiid of Cauz has logged out.
[30/08/2014 18:11:09] Druiid of Cauz has logged in.
[30/08/2014 18:13:09] > Broadcasted message: "Sempre Ao Criar Uma Conta, Pegue A RK Dela No Account Manager Da Conta E Anote, Nunca Passe A Sua Senha Para Outras Pessoas, E Ao Entrar Em Outros OT´s Crie Contas Diferentes Para Não Sofrer HACKED, Não Me Responsabilizo Por Perdas, Obrigado".
[30/08/2014 18:13:28] Druiid of Cauz has logged out.
[30/08/2014 18:13:32] Druiid of Cauz has logged in.
[30/08/2014 18:15:07] Garotinho Nestle has logged in.
[30/08/2014 18:17:10] Leigue Of Draven has logged in.
[30/08/2014 18:17:36] Druiid of Cauz has logged out.
[30/08/2014 18:17:39] Druiid of Cauz has logged in.
[30/08/2014 18:19:03] Knght kill has logged out.
[30/08/2014 18:19:10] Knght kill has logged in.
[30/08/2014 18:19:43] > Broadcasted message: "Game map cleaning in 1 minute, please pick up all your items.".
[30/08/2014 18:19:46] > Saving server...
[30/08/2014 18:19:49] > SAVE: Complete in 2.841 seconds using relational house storage.
[30/08/2014 18:19:50] > Broadcasted message: "Ot on das 07:00 as 00:00".
[30/08/2014 18:20:13] > CLEAN: Removed 3429 items from 1481 tiles in 0.254 seconds.
[30/08/2014 18:20:13] > Broadcasted message: "Map Cleaned.".
[30/08/2014 18:20:29] Mc Livinho has logged out.
[30/08/2014 18:23:20] Mc Livinho has logged in.
[30/08/2014 18:26:20] To De Boa has logged in.
[30/08/2014 18:26:31] > Broadcasted message: "Para duvidas, eventos, e futuramente compras E-mail/Msn -> deathpvp@live.com.".
[30/08/2014 18:26:45] Garotinho Nestle has logged out.
[30/08/2014 18:26:54] Garotinho Nestle has logged in.
[30/08/2014 18:27:23] Pally Brisado has logged in.
[30/08/2014 18:28:03] To De Boa has logged out.
[30/08/2014 18:28:09] To De Boa has logged in.
[30/08/2014 18:28:58] Pally Brisado has logged out.
[30/08/2014 18:29:02] Pally Brisado has logged in.
[30/08/2014 18:29:14] Pally Brisado has logged out.
[30/08/2014 18:33:12] > Broadcasted message: "Para ver as noticias fale !notice".
[30/08/2014 18:33:36] Knght kill has logged out.
[30/08/2014 18:33:39] Knght kill has logged in.
[30/08/2014 18:35:15] Druiid of Cauz has logged out.
[30/08/2014 18:35:18] Druiid of Cauz has logged in.
[30/08/2014 18:35:30] Druiid of Cauz has logged out.
[30/08/2014 18:35:34] Kina Rullex has logged in.
[30/08/2014 18:36:09] Knght kill has logged out.
[30/08/2014 18:36:21] Knght kill has logged in.
[30/08/2014 18:36:24] > Broadcasted message: "Game map cleaning in 1 minute, please pick up all your items.".
[30/08/2014 18:36:54] > CLEAN: Removed 2113 items from 1286 tiles in 0.214 seconds.
[30/08/2014 18:36:55] > Broadcasted message: "Map Cleaned.".
[30/08/2014 18:38:41] Duff Maluko has logged in.
[30/08/2014 18:39:00] Duff Maluko has logged out.
[30/08/2014 18:39:33] Kina Rullex has logged out.
[30/08/2014 18:39:36] Kina Rullex has logged in.
[30/08/2014 18:39:53] > Broadcasted message: "Para esclarecer algumas duvidas digite !notice, para mais informacoes fale com um [CM]".
[30/08/2014 18:39:54] Kina Rullex has logged out.
[30/08/2014 18:39:59] Druiid of Cauz has logged in.
[30/08/2014 18:40:57] Druiid of Cauz has logged out.
[30/08/2014 18:40:59] Kina Rullex has logged in.
[30/08/2014 18:46:34] > Broadcasted message: "Ot on das 07:00 as 00:00".
[30/08/2014 18:47:51] To De Boa has logged out.
[30/08/2014 18:48:55] Leigue Of Draven has logged out.
[30/08/2014 18:49:07] Leigue Of Draven has logged in.
[30/08/2014 18:49:50] Nadador Arqueiro has logged in.
[30/08/2014 18:50:02] Leigue Of Draven has logged out.
[30/08/2014 18:50:08] Leigue Of Draven has logged in.
[30/08/2014 18:50:41] Leigue Of Draven has logged out.
[30/08/2014 18:50:49] Vai vai has logged in.
[30/08/2014 18:51:30] Vai vai has logged out.
[30/08/2014 18:51:36] Vai vai has logged in.
[30/08/2014 18:52:00] Garotinho Nestle has logged out.
[30/08/2014 18:52:09] Garotinho Nestle has logged in.
[30/08/2014 18:53:05] > Broadcasted message: "Game map cleaning in 1 minute, please pick up all your items.".
[30/08/2014 18:53:09] > Saving server...
[30/08/2014 18:53:36] > SAVE: Complete in 26.418 seconds using relational house storage.
[30/08/2014 18:53:39] > Broadcasted message: "Para duvidas, eventos, e futuramente compras E-mail/Msn -> deathpvp@live.com.".
[30/08/2014 18:53:43] > CLEAN: Removed 3547 items from 1388 tiles in 5.895 seconds.
[30/08/2014 18:53:48] > Broadcasted message: "Map Cleaned.".
[30/08/2014 18:53:51] Vai vai has logged out.
[30/08/2014 18:53:55] Vai vai has logged in.
[30/08/2014 18:54:07] Vai vai has logged out.
[30/08/2014 18:54:10] Leigue Of Draven has logged in.
[30/08/2014 18:54:51] Leigue Of Draven has logged out.
[30/08/2014 18:54:54] Vai vai has logged in.
[30/08/2014 18:55:09] Vai vai has logged out.
[30/08/2014 18:55:13] Leigue Of Draven has logged in.
[30/08/2014 18:57:39] Knght kill has logged out.
[30/08/2014 18:58:20] Menina Mal has logged in.
[30/08/2014 19:00:20] > Broadcasted message: "Para ver a lista de proximos tutores digite !tutores.".
[30/08/2014 19:00:55] Garotinho Nestle has logged out.
[30/08/2014 19:02:33] Kina Rullex has logged out.
[30/08/2014 19:02:36] Kina Rullex has logged in.
[30/08/2014 19:05:34] Mc Livinho has logged out.
[30/08/2014 19:05:36] Mc Livinho has logged in.
[30/08/2014 19:07:01] > Broadcasted message: "Ot on das 07:00 as 00:00".
[30/08/2014 19:08:28] Nadador Arqueiro has logged out.
[30/08/2014 19:08:32] Menina Mal has logged out.
[30/08/2014 19:08:34] Kina Rullex has logged out.
[30/08/2014 19:08:35] Loss Pally has logged out.
[30/08/2014 19:08:36] Garoto Nestle has logged out.
[30/08/2014 19:09:01] Leigue Of Draven has logged out.
[30/08/2014 19:09:39] Leigue Of Draven has logged in.
[30/08/2014 19:09:40] Kina Rullex has logged in.
[30/08/2014 19:09:46] > Broadcasted message: "Game map cleaning in 1 minute, please pick up all your items.".
[30/08/2014 19:09:57] Ice-kess has logged out.
[30/08/2014 19:10:11] Ice-kess has logged in.
[30/08/2014 19:10:17] > CLEAN: Removed 1315 items from 1029 tiles in 0.257 seconds.
[30/08/2014 19:10:17] > Broadcasted message: "Map Cleaned.".
[30/08/2014 19:11:54] Garoto Nestle has logged in.
[30/08/2014 19:13:42] > Broadcasted message: "Novo CLIENTE = http://www.4shared.com/rar/Xvc96eOece/Death_PVP.html".
[30/08/2014 19:15:02] Garoto Nestle has logged out.
[30/08/2014 19:15:13] Leigue Of Draven has logged out.
[30/08/2014 19:15:15] Leigue Of Draven has logged in.
[30/08/2014 19:16:04] Ice-kess has logged out.
[30/08/2014 19:16:06] Ice-kess has logged in.
[30/08/2014 19:16:49] Kina Rullex has logged out.
[30/08/2014 19:16:51] Kina Rullex has logged in.
[30/08/2014 19:16:58] Menina Mal has logged in.
[30/08/2014 19:17:23] Leigue Of Draven has logged out.
[30/08/2014 19:17:25] Leigue Of Draven has logged in.
[30/08/2014 19:18:02] Kina Rullex has logged out.
[30/08/2014 19:18:04] Kina Rullex has logged in.
[30/08/2014 19:18:12] Mc Livinho has logged out.
[30/08/2014 19:18:14] Mc Livinho has logged in.
[30/08/2014 19:18:24] Ice-kess has logged out.
[30/08/2014 19:18:26] Ice-kess has logged in.
[30/08/2014 19:20:12] Leigue Of Draven has logged out.
[30/08/2014 19:20:15] Leigue Of Draven has logged in.
[30/08/2014 19:20:17] Menina Mal has logged out.
[30/08/2014 19:20:21] Menina Mal has logged in.
[30/08/2014 19:20:23] > Broadcasted message: "Para ver a lista de proximos tutores digite !tutores.".
[30/08/2014 19:20:51] Mc Livinho has logged out.
[30/08/2014 19:20:54] Loss Pally has logged in.
[30/08/2014 19:20:56] Pally Da Morte has logged in.
[30/08/2014 19:20:58] Pally Da Morte has logged out.
[30/08/2014 19:21:00] Kaiozinho has logged in.
[30/08/2014 19:21:21] Loss Pally has logged out.
[30/08/2014 19:21:23] Loss Pally has logged in.
[30/08/2014 19:22:22] Leigue Of Draven has logged out.
[30/08/2014 19:22:25] Leigue Of Draven has logged in.
[30/08/2014 19:22:46] Kaiozinho has logged out.
[30/08/2014 19:22:48] Kaiozinho has logged in.
[30/08/2014 19:22:51] Kina Rullex has logged out.
[30/08/2014 19:22:53] Kina Rullex has logged in.
[30/08/2014 19:23:19] Leigue Of Draven has logged out.
[30/08/2014 19:23:20] Leigue Of Draven has logged in.
[30/08/2014 19:23:39] Kina Rullex has logged out.
[30/08/2014 19:23:44] Druidzerah Mythus has logged in.
[30/08/2014 19:23:46] Kina Rullex has logged in.
[30/08/2014 19:24:04] Druidzerah Mythus has logged out.
[30/08/2014 19:24:14] Druidzerah Mythus has logged in.
[30/08/2014 19:24:23] Druidzerah Mythus has logged out.
[30/08/2014 19:24:25] Kaiozinho has logged out.
[30/08/2014 19:24:26] Leigue Of Draven has logged out.
[30/08/2014 19:24:28] Menina Mal has logged out.
[30/08/2014 19:24:29] Ice-kess has logged out.
[30/08/2014 19:24:30] Loss Pally has logged out.
[30/08/2014 19:24:30] Kina Rullex has logged out.
[30/08/2014 19:25:08] Kina Rullex has logged in.
[30/08/2014 19:25:11] Loss Pally has logged in.
[30/08/2014 19:25:18] Menina Mal has logged in.
[30/08/2014 19:25:19] Kaiozinho has logged in.
[30/08/2014 19:25:19] Leigue Of Draven has logged in.
[30/08/2014 19:25:29] Ice-kess has logged in.
[30/08/2014 19:25:39] Kaiozinho has logged out.
[30/08/2014 19:25:49] Soufoda has logged in.
[30/08/2014 19:25:51] Soufoda has logged out.
[30/08/2014 19:26:02] Druid Da Morte has logged in.
[30/08/2014 19:26:15] Druidzerah Mythus has logged in.
[30/08/2014 19:26:27] > Broadcasted message: "Game map cleaning in 1 minute, please pick up all your items.".
[30/08/2014 19:26:31] > Saving server...
[30/08/2014 19:26:46] > SAVE: Complete in 11.123 seconds using relational house storage.
[30/08/2014 19:27:01] > CLEAN: Removed 1931 items from 1361 tiles in 1.513 seconds.
[30/08/2014 19:27:03] > Broadcasted message: "Map Cleaned.".
[30/08/2014 19:27:04] > Broadcasted message: "Para esclarecer algumas duvidas digite !notice, para mais informacoes fale com um [CM]".
[30/08/2014 19:27:37] Druidzerah Mythus has logged out.
[30/08/2014 19:27:45] To De Boa has logged in.
[30/08/2014 19:28:00] Druidzerah Mythus has logged in.
[30/08/2014 19:28:25] Druidzerah Mythus has logged out.
[30/08/2014 19:28:31] Druidzerah Mythus has logged in.
[30/08/2014 19:28:44] Druid Da Morte has logged out.
[30/08/2014 19:28:51] Druid Da Morte has logged in.
[30/08/2014 19:28:58] Druidzerah Mythus has logged out.
[30/08/2014 19:29:00] Druidzerah Mythus has logged in.
[30/08/2014 19:29:18] Druid Da Morte has logged out.
[30/08/2014 19:29:27] Mc Livinho has logged in.
[30/08/2014 19:29:38] Kina Rullex has logged out.
[30/08/2014 19:29:40] Kina Rullex has logged in.
[30/08/2014 19:30:29] Leigue Of Draven has logged out.
[30/08/2014 19:31:17] Mc Livinho has logged out.
[30/08/2014 19:31:49] Kina Rullex has logged out.
[30/08/2014 19:31:50] Kina Rullex has logged in.
[30/08/2014 19:32:42] Ice-kess has logged out.
[30/08/2014 19:32:44] Ice-kess has logged in.
[30/08/2014 19:32:53] Druidzerah Mythus has logged out.
[30/08/2014 19:33:00] Mc Livinho has logged in.
[30/08/2014 19:33:18] Mc Livinho has logged out.
[30/08/2014 19:33:23] Druidzerah Mythus has logged in.
[30/08/2014 19:33:45] > Broadcasted message: "Para comprar bless digite !bless".
[30/08/2014 19:33:48] Druidzerah Mythus has logged out.
[30/08/2014 19:33:50] Druidzerah Mythus has logged in.
[30/08/2014 19:34:39] Kina Rullex has logged out.
[30/08/2014 19:34:41] Kina Rullex has logged in.
[30/08/2014 19:35:54] Druidzerah Mythus has logged out.
[30/08/2014 19:35:56] Druidzerah Mythus has logged in.
[30/08/2014 19:38:21] Druidzerah Mythus has logged out.
[30/08/2014 19:38:22] Druidzerah Mythus has logged in.
[30/08/2014 19:38:52] Menina Mal has logged out.
[30/08/2014 19:38:55] Menina Mal has logged in.
[30/08/2014 19:39:34] Menina Mal has logged out.
[30/08/2014 19:39:44] Druidzerah Mythus has logged out.
[30/08/2014 19:39:44] 
[30/08/2014 19:39:44] Lua Script Error: [Spell Interface] 
[30/08/2014 19:39:44] in a timer event called from: 
[30/08/2014 19:39:44] data/spells/scripts/max power rune.lua:onCastSpell
[30/08/2014 19:39:45] 
[30/08/2014 19:39:45] luaDoCombat(). Creature not found
[30/08/2014 19:39:45] 
[30/08/2014 19:39:45] Lua Script Error: [Spell Interface] 
[30/08/2014 19:39:45] in a timer event called from: 
[30/08/2014 19:39:45] data/spells/scripts/max power rune.lua:onCastSpell
[30/08/2014 19:39:46] 
[30/08/2014 19:39:46] luaDoCombat(). Creature not found
[30/08/2014 19:39:46] 
[30/08/2014 19:39:46] Lua Script Error: [Spell Interface] 
[30/08/2014 19:39:46] in a timer event called from: 
[30/08/2014 19:39:46] data/spells/scripts/max power rune.lua:onCastSpell
[30/08/2014 19:39:47] 
[30/08/2014 19:39:47] luaDoCombat(). Creature not found
[30/08/2014 19:39:47] 
[30/08/2014 19:39:47] Lua Script Error: [Spell Interface] 
[30/08/2014 19:39:47] in a timer event called from: 
[30/08/2014 19:39:47] data/spells/scripts/max power rune.lua:onCastSpell
[30/08/2014 19:39:48] 
[30/08/2014 19:39:48] luaDoCombat(). Creature not found
[30/08/2014 19:39:57] Druidzerah Mythus has logged in.
[30/08/2014 19:40:26] > Broadcasted message: "Para ver a lista de proximos tutores digite !tutores.".
[30/08/2014 19:41:04] Druidzerah Mythus has logged out.
[30/08/2014 19:43:08] > Broadcasted message: "Game map cleaning in 1 minute, please pick up all your items.".
[30/08/2014 19:43:38] > CLEAN: Removed 34 items from 65 tiles in 0.219 seconds.
[30/08/2014 19:43:39] > Broadcasted message: "Map Cleaned.".
[30/08/2014 19:44:44] Kina Rullex has logged out.
[30/08/2014 19:44:48] Druiid of Cauz has logged in.
[30/08/2014 19:45:09] Mateus has logged in.
[30/08/2014 19:45:43] To De Boa has logged out.
[30/08/2014 19:45:56] Druiid of Cauz has logged out.
[30/08/2014 19:45:57] Leigue Of Draven has logged in.
[30/08/2014 19:45:58] Kina Rullex has logged in.
[30/08/2014 19:46:35] To De Boa has logged in.
[30/08/2014 19:47:07] > Broadcasted message: "Novo CLIENTE = http://www.4shared.com/rar/Xvc96eOece/Death_PVP.html".
[30/08/2014 19:48:24] Mc Livinho has logged in.
[30/08/2014 19:48:44] Kina Rullex has logged out.
[30/08/2014 19:48:45] Kina Rullex has logged in.
[30/08/2014 19:49:54] Magezinho Sapeca has logged in.
[30/08/2014 19:50:24] Mc Livinho has logged out.
[30/08/2014 19:51:07] To De Boa has logged out.
[30/08/2014 19:51:12] Faster Kill has logged in.
[30/08/2014 19:51:15] Faster Kill has logged out.
[30/08/2014 19:51:19] Tlx Do Bagui has logged in.
[30/08/2014 19:52:19] Mc Livinho has logged in.
[30/08/2014 19:52:43] Magezinho Sapeca has logged out.
[30/08/2014 19:53:48] > Broadcasted message: "Ot on das 07:00 as 00:00".
[30/08/2014 19:54:02] Magezinho Sapeca has logged in.
[30/08/2014 19:54:38] Mateus has logged out.
[30/08/2014 19:55:10] Leigue Of Draven has logged out.
[30/08/2014 19:55:12] 
[30/08/2014 19:55:12] Lua Script Error: [CreatureScript Interface] 
[30/08/2014 19:55:12] data/creaturescripts/scripts/playerdeath.lua:onDeath
[30/08/2014 19:55:13] 
[30/08/2014 19:55:13] luaGetCreatureName(). Creature not found
[30/08/2014 19:55:13] 
[30/08/2014 19:55:13] Lua Script Error: [CreatureScript Interface] 
[30/08/2014 19:55:13] data/creaturescripts/scripts/playerdeath.lua:onDeath
[30/08/2014 19:55:14] 
[30/08/2014 19:55:14] luaGetCreatureName(). Creature not found
[30/08/2014 19:55:14] Ice-kess has logged out.
[30/08/2014 19:55:23] Ice-kess has logged in.
[30/08/2014 19:55:33] Mc Livinho has logged out.
[30/08/2014 19:55:35] Mc Livinho has logged in.
[30/08/2014 19:55:54] Leigue Of Draven has logged in.
[30/08/2014 19:56:35] Ice-kess has logged out.
[30/08/2014 19:56:38] Ice-kess has logged in.
[30/08/2014 19:56:57] Leigue Of Draven has logged out.
[30/08/2014 19:57:00] Leigue Of Draven has logged in.
[30/08/2014 19:59:19] Kina Rullex has logged out.
[30/08/2014 19:59:22] Kina Rullex has logged in.
[30/08/2014 19:59:49] > Broadcasted message: "Game map cleaning in 1 minute, please pick up all your items.".
[30/08/2014 19:59:50] > Saving server...
[30/08/2014 19:59:55] > SAVE: Complete in 5.199 seconds using relational house storage.
[30/08/2014 20:00:01] Kina Rullex has logged out.
[30/08/2014 20:00:20] > CLEAN: Removed 47 items from 77 tiles in 0.201 seconds.
[30/08/2014 20:00:20] > Broadcasted message: "Map Cleaned.".
[30/08/2014 20:00:29] > Broadcasted message: "Sempre Ao Criar Uma Conta, Pegue A RK Dela No Account Manager Da Conta E Anote, Nunca Passe A Sua Senha Para Outras Pessoas, E Ao Entrar Em Outros OT´s Crie Contas Diferentes Para Não Sofrer HACKED, Não Me Responsabilizo Por Perdas, Obrigado".
[30/08/2014 20:00:57] Marina has logged in.
[30/08/2014 20:01:17] Loss Pally has logged out.
[30/08/2014 20:01:18] Loss Pally has logged in.
[30/08/2014 20:01:38] Leigue Of Draven has logged out.
[30/08/2014 20:01:40] Leigue Of Draven has logged in.
[30/08/2014 20:01:52] Mc Livinho has logged out.
[30/08/2014 20:01:54] Mc Livinho has logged in.
[30/08/2014 20:03:36] Magezinho Sapeca has logged out.
[30/08/2014 20:04:49] Magezinho Sapeca has logged in.
[30/08/2014 20:07:10] > Broadcasted message: "Ot on das 07:00 as 00:00".
[30/08/2014 20:08:01] Loss Pally has logged out.
[30/08/2014 20:08:03] Loss Pally has logged in.
[30/08/2014 20:09:10] Leigue Of Draven has logged out.
[30/08/2014 20:09:11] Leigue Of Draven has logged in.
[30/08/2014 20:09:25] Mc Livinho has logged out.
[30/08/2014 20:09:27] Mc Livinho has logged in.
[30/08/2014 20:09:54] Ice-kess has logged out.
[30/08/2014 20:09:56] 
[30/08/2014 20:09:56] Lua Script Error: [CreatureScript Interface] 
[30/08/2014 20:09:56] data/creaturescripts/scripts/playerdeath.lua:onDeath
[30/08/2014 20:09:56] 
[30/08/2014 20:09:56] luaGetCreatureName(). Creature not found
[30/08/2014 20:09:57] 
[30/08/2014 20:09:57] Lua Script Error: [CreatureScript Interface] 
[30/08/2014 20:09:57] data/creaturescripts/scripts/playerdeath.lua:onDeath
[30/08/2014 20:09:57] 
[30/08/2014 20:09:57] luaGetCreatureName(). Creature not found
[30/08/2014 20:09:58] Loss Pally has logged out.
[30/08/2014 20:10:00] Ice-kess has logged in.
[30/08/2014 20:10:01] Loss Pally has logged in.
[30/08/2014 20:10:10] Tlx Do Bagui has logged out.
[30/08/2014 20:11:24] Kaiozinho has logged in.
[30/08/2014 20:12:53] Mc Livinho has logged out.
[30/08/2014 20:12:54] Mc Livinho has logged in.
[30/08/2014 20:13:44] Mc Livinho has logged out.
[30/08/2014 20:13:45] Mc Livinho has logged in.
[30/08/2014 20:13:51] > Broadcasted message: "Ot on das 07:00 as 00:00".
[30/08/2014 20:14:15] Magezinho Sapeca has logged out.
[30/08/2014 20:14:18] Magezinho Sapeca has logged in.
[30/08/2014 20:14:44] Marina has logged out.
[30/08/2014 20:15:34] Loss Pally has logged out.
[30/08/2014 20:15:36] Loss Pally has logged in.
[30/08/2014 20:15:57] Mc Livinho has logged out.
[30/08/2014 20:16:05] Kaiozinho has logged out.
[30/08/2014 20:16:24] Mc Livinho has logged in.
[30/08/2014 20:16:30] > Broadcasted message: "Game map cleaning in 1 minute, please pick up all your items.".
[30/08/2014 20:16:46] Leigue Of Draven has logged out.
[30/08/2014 20:16:48] Leigue Of Draven has logged in.
[30/08/2014 20:17:01] > CLEAN: Removed 716 items from 850 tiles in 0.341 seconds.
[30/08/2014 20:17:01] > Broadcasted message: "Map Cleaned.".
[30/08/2014 20:17:09] Kaiozinho has logged in.
[30/08/2014 20:17:47] Loss Pally has logged out.
[30/08/2014 20:17:49] Loss Pally has logged in.
[30/08/2014 20:17:52] Mc Livinho has logged out.
[30/08/2014 20:17:54] Mc Livinho has logged in.
[30/08/2014 20:18:12] Loss Pally has logged out.
[30/08/2014 20:18:14] Loss Pally has logged in.
[30/08/2014 20:18:16] Ice-kess has logged out.
[30/08/2014 20:18:19] Ice-kess has logged in.
[30/08/2014 20:20:08] Mc Livinho has logged out.
[30/08/2014 20:20:10] Mc Livinho has logged in.
[30/08/2014 20:20:32] > Broadcasted message: "Para ver as noticias fale !notice".
[30/08/2014 20:20:47] Ice-kess has logged out.
[30/08/2014 20:20:49] Ice-kess has logged in.
[30/08/2014 20:20:50] Magezinho Sapeca has logged out.
[30/08/2014 20:20:52] Magezinho Sapeca has logged in.
[30/08/2014 20:20:54] Magezinho Sapeca has logged out.
[30/08/2014 20:21:01] Knightzinho has logged in.
[30/08/2014 20:21:05] Leigue Of Draven has logged out.
[30/08/2014 20:21:08] Leigue Of Draven has logged in.
[30/08/2014 20:22:16] Ice-kess has logged out.
[30/08/2014 20:22:17] Ice-kess has logged in.
[30/08/2014 20:22:34] Ice-kess has logged out.
[30/08/2014 20:22:36] Ice-kess has logged in.
[30/08/2014 20:23:09] Jean has logged in.
[30/08/2014 20:23:26] Leigue Of Draven has logged out.
[30/08/2014 20:23:27] Leigue Of Draven has logged in.
[30/08/2014 20:23:41] Knightzinho has logged out.
[30/08/2014 20:23:43] Knightzinho has logged in.
[30/08/2014 20:24:38] Leigue Of Draven has logged out.
[30/08/2014 20:24:40] Leigue Of Draven has logged in.
[30/08/2014 20:25:51] Loss Pally has logged out.
[30/08/2014 20:25:54] Loss Pally has logged in.
[30/08/2014 20:27:13] Kaiozinho has logged out.
[30/08/2014 20:27:13] > Broadcasted message: "Para ver as noticias fale !notice".
[30/08/2014 20:27:16] Kaiozinho has logged in.
[30/08/2014 20:27:50] Loss Pally has logged out.
[30/08/2014 20:27:52] Loss Pally has logged in.
[30/08/2014 20:27:58] > Broadcasted message: "Demon lord minions are working on his return to the World. LEAVE at once, mortals.".
[30/08/2014 20:28:08] > Broadcasted message: "Demon Lord is about to make his way into the mortal realm. Run for your lives!".
[30/08/2014 20:28:19] > Broadcasted message: "Demon Lord has been summoned from hell to plague the lands of mortals once again.".
[30/08/2014 20:28:48] Loss Pally has logged out.
[30/08/2014 20:28:50] Loss Pally has logged in.
[30/08/2014 20:28:56] Ice-kess has logged out.
[30/08/2014 20:28:58] Ice-kess has logged in.
[30/08/2014 20:28:59] Leigue Of Draven has logged out.
[30/08/2014 20:29:02] Leigue Of Draven has logged in.
[30/08/2014 20:32:02] Ice-kess has logged out.
[30/08/2014 20:32:03] Ice-kess has logged in.
[30/08/2014 20:33:10] > Saving server...
[30/08/2014 20:33:15] > SAVE: Complete in 3.98 seconds using relational house storage.
[30/08/2014 20:33:15] > Broadcasted message: "Game map cleaning in 1 minute, please pick up all your items.".
[30/08/2014 20:33:46] > CLEAN: Removed 59 items from 127 tiles in 0.32 seconds.
[30/08/2014 20:33:46] > Broadcasted message: "Map Cleaned.".
[30/08/2014 20:33:54] > Broadcasted message: "Para duvidas, eventos, e futuramente compras E-mail/Msn -> deathpvp@live.com.".
[30/08/2014 20:34:21] Kaiozinho has logged out.
[30/08/2014 20:34:23] Kaiozinho has logged in.
[30/08/2014 20:34:51] Jean has logged out.
[30/08/2014 20:37:15] Katarina has logged in.
[30/08/2014 20:38:10] Loss Pally has logged out.
[30/08/2014 20:38:11] Loss Pally has logged in.
[30/08/2014 20:39:12] Kaiozinho has logged out.
[30/08/2014 20:39:13] Mc Livinho has logged out.
[30/08/2014 20:39:14] Kaiozinho has logged in.
[30/08/2014 20:39:15] Mc Livinho has logged in.
[30/08/2014 20:39:55] Loss Pally has logged out.
[30/08/2014 20:39:57] Loss Pally has logged in.
[30/08/2014 20:40:10] Kaiozinho has logged out.
[30/08/2014 20:40:12] Kaiozinho has logged in.
[30/08/2014 20:40:35] > Broadcasted message: "Ot on das 07:00 as 00:00".
[30/08/2014 20:40:37] Katarina has logged out.
[30/08/2014 20:41:03] Kaiozinho has logged out.
[30/08/2014 20:41:05] Kaiozinho has logged in.
[30/08/2014 20:41:33] Kaiozinho has logged out.
[30/08/2014 20:41:40] Mc Livinho has logged out.
[30/08/2014 20:41:42] Mc Livinho has logged in.
[30/08/2014 20:42:07] Leigue Of Draven has logged out.
[30/08/2014 20:42:13] Loss Pally has logged out.
[30/08/2014 20:42:15] Loss Pally has logged in.
[30/08/2014 20:42:16] Ice-kess has logged out.
[30/08/2014 20:42:18] Ice-kess has logged in.
[30/08/2014 20:42:22] Tlx Do Bagui has logged in.
[30/08/2014 20:42:41] Loss Pally has logged out.
[30/08/2014 20:42:43] Loss Pally has logged in.
[30/08/2014 20:42:46] Leigue Of Draven has logged in.
[30/08/2014 20:42:47] Leigue Of Draven has logged out.
[30/08/2014 20:44:23] Leigue Of Draven has logged in.
[30/08/2014 20:44:51] Leigue Of Draven has logged out.
[30/08/2014 20:45:34] Mc Livinho has logged out.
[30/08/2014 20:45:36] Mc Livinho has logged in.
[30/08/2014 20:46:09] Loss Pally has logged out.
[30/08/2014 20:46:11] Loss Pally has logged in.
[30/08/2014 20:46:16] Tlx Do Bagui has logged out.
[30/08/2014 20:46:18] Tlx Do Bagui has logged in.
[30/08/2014 20:47:16] > Broadcasted message: "Novo CLIENTE = http://www.4shared.com/rar/Xvc96eOece/Death_PVP.html".
[30/08/2014 20:47:23] Mc Livinho has logged out.
[30/08/2014 20:47:24] 
[30/08/2014 20:47:24] Lua Script Error: [Spell Interface] 
[30/08/2014 20:47:24] in a timer event called from: 
[30/08/2014 20:47:24] data/spells/scripts/max power rune.lua:onCastSpell
[30/08/2014 20:47:24] 
[30/08/2014 20:47:24] luaDoCombat(). Creature not found
[30/08/2014 20:47:25] 
[30/08/2014 20:47:25] Lua Script Error: [Spell Interface] 
[30/08/2014 20:47:25] in a timer event called from: 
[30/08/2014 20:47:25] data/spells/scripts/max power rune.lua:onCastSpell
[30/08/2014 20:47:25] 
[30/08/2014 20:47:25] luaDoCombat(). Creature not found
[30/08/2014 20:47:25] 
[30/08/2014 20:47:25] Lua Script Error: [Spell Interface] 
[30/08/2014 20:47:26] in a timer event called from: 
[30/08/2014 20:47:26] data/spells/scripts/max power rune.lua:onCastSpell
[30/08/2014 20:47:26] 
[30/08/2014 20:47:26] luaDoCombat(). Creature not found
[30/08/2014 20:47:26] 
[30/08/2014 20:47:26] Lua Script Error: [Spell Interface] 
[30/08/2014 20:47:26] in a timer event called from: 
[30/08/2014 20:47:27] data/spells/scripts/max power rune.lua:onCastSpell
[30/08/2014 20:47:27] 
[30/08/2014 20:47:27] luaDoCombat(). Creature not found
[30/08/2014 20:47:28] Mc Livinho has logged in.
[30/08/2014 20:49:54] Tlx Do Bagui has logged out.
[30/08/2014 20:49:55] Tlx Do Bagui has logged in.
[30/08/2014 20:49:56] > Broadcasted message: "Game map cleaning in 1 minute, please pick up all your items.".
[30/08/2014 20:50:27] > CLEAN: Removed 29 items from 83 tiles in 0.234 seconds.
[30/08/2014 20:50:27] > Broadcasted message: "Map Cleaned.".
[30/08/2014 20:51:26] Katarina has logged in.
[30/08/2014 20:52:07] Tlx Do Bagui has logged out.
[30/08/2014 20:52:09] Faster Kill has logged in.
[30/08/2014 20:52:13] Faster Kill has logged out.
[30/08/2014 20:52:15] Zika Do Bagui has logged in.
[30/08/2014 20:53:04] Zika Do Bagui has logged out.
[30/08/2014 20:53:05] Mc Livinho has logged out.
[30/08/2014 20:53:06] Zika Do Bagui has logged in.
[30/08/2014 20:53:06] Mc Livinho has logged in.
[30/08/2014 20:53:18] Zika Do Bagui has logged out.
[30/08/2014 20:53:19] Tlx Do Bagui has logged in.
[30/08/2014 20:53:57] > Broadcasted message: "Para comprar bless digite !bless".
[30/08/2014 20:55:44] Ice-kess has logged out.
[30/08/2014 20:58:25] Ice-kess has logged in.
[30/08/2014 21:00:38] Knght kill has logged in.
[30/08/2014 21:00:38] > Broadcasted message: "Para esclarecer algumas duvidas digite !notice, para mais informacoes fale com um [CM]".
[30/08/2014 21:06:31] > Saving server...
[30/08/2014 21:06:36] > SAVE: Complete in 4.817 seconds using relational house storage.
[30/08/2014 21:06:37] > Broadcasted message: "Game map cleaning in 1 minute, please pick up all your items.".
[30/08/2014 21:06:46] Tlx Do Bagui has logged out.
[30/08/2014 21:06:54] Foxter Fox has logged in.
[30/08/2014 21:07:07] > CLEAN: Removed 25 items from 64 tiles in 0.225 seconds.
[30/08/2014 21:07:08] > Broadcasted message: "Map Cleaned.".
[30/08/2014 21:07:19] > Broadcasted message: "Para ver a lista de proximos tutores digite !tutores.".
[30/08/2014 21:09:28] Katarina has logged out.
[30/08/2014 21:10:56] Foxter Fox has logged out.
[30/08/2014 21:11:01] Foxter Fox has logged in.
[30/08/2014 21:11:31] Katarina has logged in.
[30/08/2014 21:13:04] Mc Livinho has logged out.
[30/08/2014 21:14:00] > Broadcasted message: "Para duvidas, eventos, e futuramente compras E-mail/Msn -> deathpvp@live.com.".
[30/08/2014 21:14:13] Knightzinho has logged out.
[30/08/2014 21:14:42] Foxter Fox has logged out.
[30/08/2014 21:14:47] Kina Rullex has logged in.
[30/08/2014 21:14:48] Foxter Fox has logged in.
[30/08/2014 21:15:53] Kina Rullex has logged out.
[30/08/2014 21:15:58] Kina Rullex has logged in.
[30/08/2014 21:19:10] Blackgt has logged in.
[30/08/2014 21:19:29] Knght kill has logged out.
[30/08/2014 21:20:41] > Broadcasted message: "Para esclarecer algumas duvidas digite !notice, para mais informacoes fale com um [CM]".
[30/08/2014 21:22:01] To De Boa has logged in.
[30/08/2014 21:22:04] Blackgt has logged out.
[30/08/2014 21:22:06] Blackgt has logged in.
[30/08/2014 21:22:39] Ice-kess has logged out.
[30/08/2014 21:22:47] Duff Maluko has logged in.
[30/08/2014 21:22:57] Duff Maluko has logged out.
[30/08/2014 21:23:18] > Broadcasted message: "Game map cleaning in 1 minute, please pick up all your items.".
[30/08/2014 21:23:49] > CLEAN: Removed 495 items from 522 tiles in 0.283 seconds.
[30/08/2014 21:23:49] > Broadcasted message: "Map Cleaned.".
[30/08/2014 21:23:50] Foxter Fox has logged out.
[30/08/2014 21:23:56] Ice-kess has logged in.
[30/08/2014 21:24:43] Account Manager has logged in.
[30/08/2014 21:25:05] Account Manager has logged out.
[30/08/2014 21:25:06] To De Boa has logged out.
[30/08/2014 21:25:08] To De Boa has logged in.
[30/08/2014 21:25:12] Account Manager has logged in.
[30/08/2014 21:25:40] Account Manager has logged out.
[30/08/2014 21:25:49] Killer Is Pally has logged in.
[30/08/2014 21:27:04] To De Boa has logged out.
[30/08/2014 21:27:05] To De Boa has logged in.
[30/08/2014 21:27:11] To De Boa has logged out.
[30/08/2014 21:27:14] Blackgt has logged out.
[30/08/2014 21:27:16] Blackgt has logged in.
[30/08/2014 21:27:22] > Broadcasted message: "Novo CLIENTE = http://www.4shared.com/rar/Xvc96eOece/Death_PVP.html".
[30/08/2014 21:27:45] Account Manager has logged in.
[30/08/2014 21:28:32] Account Manager has logged out.
[30/08/2014 21:28:43] Account Manager has logged in.
[30/08/2014 21:29:03] Magezinho Sapeca has logged in.
[30/08/2014 21:29:43] Account Manager has logged out.
[30/08/2014 21:29:48] Loss Pally has logged out.
[30/08/2014 21:29:50] Loss Pally has logged in.
[30/08/2014 21:29:54] Mal jinx has logged in.
[30/08/2014 21:30:21] Kina Rullex has logged out.
[30/08/2014 21:30:23] Kina Rullex has logged in.
[30/08/2014 21:31:12] Magezinho Sapeca has logged out.
[30/08/2014 21:31:20] Knightzinho has logged in.
[30/08/2014 21:33:22] Data has logged in.
[30/08/2014 21:33:56] Data has logged out.
[30/08/2014 21:33:59] Foxter Fox has logged in.
[30/08/2014 21:34:03] > Broadcasted message: "Para ver a lista de proximos tutores digite !tutores.".
[30/08/2014 21:35:12] Killer Is Pally has logged out.
[30/08/2014 21:35:15] Mal jinx has logged out.
[30/08/2014 21:35:17] Leigue Of Draven has logged in.
[30/08/2014 21:35:36] Kina Rullex has logged out.
[30/08/2014 21:35:39] Kina Rullex has logged in.
[30/08/2014 21:36:10] Katarina has logged out.
[30/08/2014 21:36:30] Leigue Of Draven has logged out.
[30/08/2014 21:36:33] Mal jinx has logged in.
[30/08/2014 21:37:36] Mal jinx has logged out.
[30/08/2014 21:37:42] Leigue Of Draven has logged in.
[30/08/2014 21:37:57] Blackgt has logged out.
[30/08/2014 21:38:00] Blackgt has logged in.
[30/08/2014 21:38:06] Leigue Of Draven has logged out.
[30/08/2014 21:38:09] Mal jinx has logged in.
[30/08/2014 21:39:06] Foxter Fox has logged out.
[30/08/2014 21:39:33] Mal jinx has logged out.
[30/08/2014 21:39:36] Leigue Of Draven has logged in.
[30/08/2014 21:39:52] > Saving server...
[30/08/2014 21:39:57] > SAVE: Complete in 4.838 seconds using relational house storage.
[30/08/2014 21:39:58] Leigue Of Draven has logged out.
[30/08/2014 21:39:59] > Broadcasted message: "Game map cleaning in 1 minute, please pick up all your items.".
[30/08/2014 21:40:02] Mal jinx has logged in.
[30/08/2014 21:40:30] > CLEAN: Removed 81 items from 135 tiles in 0.251 seconds.
[30/08/2014 21:40:30] > Broadcasted message: "Map Cleaned.".
[30/08/2014 21:40:44] > Broadcasted message: "Para esclarecer algumas duvidas digite !notice, para mais informacoes fale com um [CM]".
[30/08/2014 21:40:51] Foxter Fox has logged in.
[30/08/2014 21:40:52] Foxter Fox has logged out.
[30/08/2014 21:43:06] Kina Rullex has logged out.
[30/08/2014 21:43:10] Druiid of Cauz has logged in.
[30/08/2014 21:43:44] Loss Pally has logged out.
[30/08/2014 21:44:50] Knightzinho has logged out.
[30/08/2014 21:44:51] Knightzinho has logged in.
[30/08/2014 21:45:08] Loss Pally has logged in.
[30/08/2014 21:45:40] Druiid of Cauz has logged out.
[30/08/2014 21:45:42] Druiid of Cauz has logged in.
[30/08/2014 21:47:17] Druiid of Cauz has logged out.
[30/08/2014 21:47:19] Druiid of Cauz has logged in.
[30/08/2014 21:47:25] > Broadcasted message: "Sempre Ao Criar Uma Conta, Pegue A RK Dela No Account Manager Da Conta E Anote, Nunca Passe A Sua Senha Para Outras Pessoas, E Ao Entrar Em Outros OT´s Crie Contas Diferentes Para Não Sofrer HACKED, Não Me Responsabilizo Por Perdas, Obrigado".
[30/08/2014 21:47:32] Killer Is Pally has logged in.
[30/08/2014 21:48:22] Druiid of Cauz has logged out.
[30/08/2014 21:48:23] Druiid of Cauz has logged in.
[30/08/2014 21:48:27] Mal jinx has logged out.
[30/08/2014 21:48:30] Mal jinx has logged in.
[30/08/2014 21:49:29] Ice-kess has logged out.
[30/08/2014 21:49:46] Eternal Ozzot has logged in.
[30/08/2014 21:50:20] Blackgt has logged out.
[30/08/2014 21:50:24] Blackgt has logged in.
[30/08/2014 21:50:46] Blackgt has logged out.
[30/08/2014 21:50:49] Blackgt has logged in.
[30/08/2014 21:51:19] To De Boa has logged in.
[30/08/2014 21:51:20] Blackgt has logged out.
[30/08/2014 21:51:23] Blackgt has logged in.
[30/08/2014 21:52:42] Druiid of Cauz has logged out.
[30/08/2014 21:52:46] Druiid of Cauz has logged in.
[30/08/2014 21:54:06] > Broadcasted message: "Para esclarecer algumas duvidas digite !notice, para mais informacoes fale com um [CM]".
[30/08/2014 21:54:43] Eternal Ozzot has logged out.
[30/08/2014 21:54:46] Eternal Ozzot has logged in.
[30/08/2014 21:54:57] Killer Is Pally has logged out.
[30/08/2014 21:55:05] Killer Is Pally has logged in.
[30/08/2014 21:56:05] Druiid of Cauz has logged out.
[30/08/2014 21:56:07] Druiid of Cauz has logged in.
[30/08/2014 21:56:12] Mal jinx has logged out.
[30/08/2014 21:56:14] Mal jinx has logged in.
[30/08/2014 21:56:41] Eternal Ozzot has logged out.
[30/08/2014 21:56:41] > Broadcasted message: "Game map cleaning in 1 minute, please pick up all your items.".
[30/08/2014 21:56:44] Eternal Ozzot has logged in.
[30/08/2014 21:57:12] > CLEAN: Removed 460 items from 496 tiles in 0.283 seconds.
[30/08/2014 21:57:12] > Broadcasted message: "Map Cleaned.".
[30/08/2014 21:57:16] Mal jinx has logged out.
[30/08/2014 21:57:17] Mal jinx has logged in.
[30/08/2014 21:57:21] Eternal Ozzot has logged out.
[30/08/2014 21:57:24] Eternal Ozzot has logged in.
[30/08/2014 21:57:55] Eternal Ozzot has logged out.
[30/08/2014 21:58:07] Druiid of Cauz has logged out.
[30/08/2014 21:58:08] Blackgt has logged out.
[30/08/2014 21:58:14] Druiid of Cauz has logged in.
[30/08/2014 21:58:15] The Lord Kina has logged in.
[30/08/2014 21:58:15] Blackgt has logged in.
[30/08/2014 21:58:16] Druiid of Cauz has logged out.
[30/08/2014 21:58:36] Druiid of Cauz has logged in.
[30/08/2014 21:59:00] Druiid of Cauz has logged out.
[30/08/2014 21:59:11] Blackgt has logged out.
[30/08/2014 21:59:18] Blackgt has logged in.
[30/08/2014 21:59:27] The Lord Kina has logged out.
[30/08/2014 21:59:29] Druiid of Cauz has logged in.
[30/08/2014 21:59:30] The Lord Kina has logged in.
[30/08/2014 21:59:44] The Lord Kina has logged out.
[30/08/2014 21:59:48] The Lord Kina has logged in.
[30/08/2014 22:00:29] Druiid of Cauz has logged out.
[30/08/2014 22:00:32] Druiid of Cauz has logged in.
[30/08/2014 22:00:47] > Broadcasted message: "Para comprar bless digite !bless".
[30/08/2014 22:00:52] Killer Is Pally has logged out.
[30/08/2014 22:00:57] Killer Is Pally has logged in.
[30/08/2014 22:01:01] The Lord Kina has logged out.
[30/08/2014 22:01:57] Garotinho Nestle has logged in.
[30/08/2014 22:02:13] Knightzinho has logged out.
[30/08/2014 22:07:28] > Broadcasted message: "Para duvidas, eventos, e futuramente compras E-mail/Msn -> deathpvp@live.com.".
[30/08/2014 22:08:14] Blackgt has logged out.
[30/08/2014 22:08:17] Blackgt has logged in.
[30/08/2014 22:11:29] To De Boa has logged out.
[30/08/2014 22:12:28] To De Boa has logged in.
[30/08/2014 22:13:13] > Saving server...
[30/08/2014 22:13:16] > SAVE: Complete in 2.923 seconds using relational house storage.
[30/08/2014 22:13:22] > Broadcasted message: "Game map cleaning in 1 minute, please pick up all your items.".
[30/08/2014 22:13:52] > CLEAN: Removed 498 items from 690 tiles in 0.404 seconds.
[30/08/2014 22:13:53] > Broadcasted message: "Map Cleaned.".
[30/08/2014 22:14:09] > Broadcasted message: "Para esclarecer algumas duvidas digite !notice, para mais informacoes fale com um [CM]".
[30/08/2014 22:14:41] Druiid of Cauz has logged out.
[30/08/2014 22:14:43] Druiid of Cauz has logged in.
[30/08/2014 22:16:56] Killer Is Pally has logged out.
[30/08/2014 22:17:43] Druiid of Cauz has logged out.
[30/08/2014 22:17:51] Kina Rullex has logged in.
[30/08/2014 22:18:01] Kina Rullex has logged out.
[30/08/2014 22:18:03] Druiid of Cauz has logged in.
[30/08/2014 22:18:33] Blackgt has logged out.
[30/08/2014 22:18:34] Blackgt has logged in.
[30/08/2014 22:19:00] Druiid of Cauz has logged out.
[30/08/2014 22:19:02] Druiid of Cauz has logged in.
[30/08/2014 22:19:10] Druiid of Cauz has logged out.
[30/08/2014 22:20:05] Loss Pally has logged out.
[30/08/2014 22:20:07] Loss Pally has logged in.
[30/08/2014 22:20:36] Blackgt has logged out.
[30/08/2014 22:20:38] Blackgt has logged in.
[30/08/2014 22:20:43] Mal jinx has logged out.
[30/08/2014 22:20:46] Blackgt has logged out.
[30/08/2014 22:20:46] Mal jinx has logged in.
[30/08/2014 22:20:48] Blackgt has logged in.
[30/08/2014 22:20:50] > Broadcasted message: "Sempre Ao Criar Uma Conta, Pegue A RK Dela No Account Manager Da Conta E Anote, Nunca Passe A Sua Senha Para Outras Pessoas, E Ao Entrar Em Outros OT´s Crie Contas Diferentes Para Não Sofrer HACKED, Não Me Responsabilizo Por Perdas, Obrigado".
[30/08/2014 22:21:02] Blackgt has logged out.
[30/08/2014 22:21:04] Blackgt has logged in.
[30/08/2014 22:21:13] Mal jinx has logged out.
[30/08/2014 22:21:14] Blackgt has logged out.
[30/08/2014 22:21:15] Mal jinx has logged in.
[30/08/2014 22:21:16] Blackgt has logged in.
[30/08/2014 22:21:23] Blackgt has logged out.
[30/08/2014 22:21:25] Blackgt has logged in.
[30/08/2014 22:22:18] Blackgt has logged out.
[30/08/2014 22:22:20] Blackgt has logged in.
[30/08/2014 22:23:32] Blackgt has logged out.
[30/08/2014 22:23:33] Blackgt has logged in.
[30/08/2014 22:23:40] To De Boa has logged out.
[30/08/2014 22:23:42] To De Boa has logged in.
[30/08/2014 22:24:05] Blackgt has logged out.
[30/08/2014 22:24:07] Blackgt has logged in.
[30/08/2014 22:24:14] Blackgt has logged out.
[30/08/2014 22:24:16] Blackgt has logged in.
[30/08/2014 22:24:36] Mal jinx has logged out.
[30/08/2014 22:24:39] Mal jinx has logged in.
[30/08/2014 22:24:43] Blackgt has logged out.
[30/08/2014 22:24:44] Blackgt has logged in.
[30/08/2014 22:25:34] Blackgt has logged out.
[30/08/2014 22:25:36] Blackgt has logged in.
[30/08/2014 22:26:08] Blackgt has logged out.
[30/08/2014 22:26:09] Blackgt has logged in.
[30/08/2014 22:26:44] Mal jinx has logged out.
[30/08/2014 22:26:47] Mal jinx has logged in.
[30/08/2014 22:27:12] Mal jinx has logged out.
[30/08/2014 22:27:16] Mal jinx has logged in.
[30/08/2014 22:27:16] Mal jinx has logged out.
[30/08/2014 22:27:26] Mal jinx has logged in.
[30/08/2014 22:27:31] > Broadcasted message: "Ot on das 07:00 as 00:00".
[30/08/2014 22:27:32] Blackgt has logged out.
[30/08/2014 22:27:34] Blackgt has logged in.
[30/08/2014 22:30:03] > Broadcasted message: "Game map cleaning in 1 minute, please pick up all your items.".
[30/08/2014 22:30:34] > CLEAN: Removed 269 items from 385 tiles in 0.627 seconds.
[30/08/2014 22:30:35] > Broadcasted message: "Map Cleaned.".
[30/08/2014 22:31:11] To De Boa has logged out.
[30/08/2014 22:31:13] To De Boa has logged in.
[30/08/2014 22:31:16] Blackgt has logged out.
[30/08/2014 22:31:18] Blackgt has logged in.
[30/08/2014 22:32:58] Anjo pk has logged in.
[30/08/2014 22:33:16] Kina Rullex has logged in.
[30/08/2014 22:33:23] Blackgt has logged out.
[30/08/2014 22:33:24] To De Boa has logged out.
[30/08/2014 22:33:25] Blackgt has logged in.
[30/08/2014 22:33:26] To De Boa has logged in.
[30/08/2014 22:33:33] Blackgt has logged out.
[30/08/2014 22:34:02] Kina Rullex has logged out.
[30/08/2014 22:34:04] Kina Rullex has logged in.
[30/08/2014 22:34:12] > Broadcasted message: "Sempre Ao Criar Uma Conta, Pegue A RK Dela No Account Manager Da Conta E Anote, Nunca Passe A Sua Senha Para Outras Pessoas, E Ao Entrar Em Outros OT´s Crie Contas Diferentes Para Não Sofrer HACKED, Não Me Responsabilizo Por Perdas, Obrigado".
[30/08/2014 22:35:09] To De Boa has logged out.
[30/08/2014 22:35:11] To De Boa has logged in.
[30/08/2014 22:36:14] To De Boa has logged out.
[30/08/2014 22:36:16] To De Boa has logged in.
[30/08/2014 22:36:27] Kina Rullex has logged out.
[30/08/2014 22:36:57] Kina Rullex has logged in.
[30/08/2014 22:37:44] Loss Pally has logged out.
[30/08/2014 22:37:46] Loss Pally has logged in.
[30/08/2014 22:37:47] Kina Rullex has logged out.
[30/08/2014 22:37:49] Kina Rullex has logged in.
[30/08/2014 22:37:50] Kina Rullex has logged out.
[30/08/2014 22:38:16] Kina Rullex has logged in.
[30/08/2014 22:40:53] > Broadcasted message: "Para esclarecer algumas duvidas digite !notice, para mais informacoes fale com um [CM]".
[30/08/2014 22:41:45] Kina Rullex has logged out.
[30/08/2014 22:42:10] Killer Is Pally has logged in.
[30/08/2014 22:42:54] Account Manager has logged in.
[30/08/2014 22:42:55] Account Manager has logged out.
[30/08/2014 22:43:06] Mal jinx has logged out.
[30/08/2014 22:43:08] Mal jinx has logged in.
[30/08/2014 22:45:29] Garotinho Nestle has logged out.
[30/08/2014 22:45:36] Garotinho Nestle has logged in.
[30/08/2014 22:46:34] > Saving server...
[30/08/2014 22:46:37] > SAVE: Complete in 3.141 seconds using relational house storage.
[30/08/2014 22:46:44] > Broadcasted message: "Game map cleaning in 1 minute, please pick up all your items.".
[30/08/2014 22:47:15] > CLEAN: Removed 215 items from 296 tiles in 0.4 seconds.
[30/08/2014 22:47:15] > Broadcasted message: "Map Cleaned.".
[30/08/2014 22:47:34] > Broadcasted message: "Para ver as noticias fale !notice".
[30/08/2014 22:47:37] Killer Is Pally has logged out.
[30/08/2014 22:47:38] Haddadi has logged in.
[30/08/2014 22:47:43] Killer Is Pally has logged in.
[30/08/2014 22:47:52] Killer Is Pally has logged out.
[30/08/2014 22:47:56] Killer Is Pally has logged in.
[30/08/2014 22:48:13] Huntera has logged in.
[30/08/2014 22:49:14] Killer Is Pally has logged out.
[30/08/2014 22:49:16] Killer Is Pally has logged in.
[30/08/2014 22:54:15] > Broadcasted message: "Para esclarecer algumas duvidas digite !notice, para mais informacoes fale com um [CM]".
[30/08/2014 23:00:10] To De Boa has logged out.
[30/08/2014 23:00:18] Killer Is Pally has logged out.
[30/08/2014 23:00:23] Killer Is Pally has logged in.
[30/08/2014 23:00:30] Foxter Fox has logged in.
[30/08/2014 23:00:30] Killer Is Pally has logged out.
[30/08/2014 23:00:56] > Broadcasted message: "Para esclarecer algumas duvidas digite !notice, para mais informacoes fale com um [CM]".
[30/08/2014 23:03:25] > Broadcasted message: "Game map cleaning in 1 minute, please pick up all your items.".
[30/08/2014 23:03:56] > CLEAN: Removed 2635 items from 1358 tiles in 0.572 seconds.
[30/08/2014 23:03:57] > Broadcasted message: "Map Cleaned.".
[30/08/2014 23:07:37] > Broadcasted message: "Sempre Ao Criar Uma Conta, Pegue A RK Dela No Account Manager Da Conta E Anote, Nunca Passe A Sua Senha Para Outras Pessoas, E Ao Entrar Em Outros OT´s Crie Contas Diferentes Para Não Sofrer HACKED, Não Me Responsabilizo Por Perdas, Obrigado".
[30/08/2014 23:08:20] Foxter Fox has logged out.
[30/08/2014 23:08:25] Foxter Fox has logged in.
[30/08/2014 23:09:01] Account Manager has logged in.
[30/08/2014 23:09:56] Foxter Fox has logged out.
[30/08/2014 23:10:00] Foxter Fox has logged in.
[30/08/2014 23:10:42] Account Manager has logged out.
[30/08/2014 23:10:51] Account Manager has logged in.
[30/08/2014 23:11:13] Account Manager has logged out.
[30/08/2014 23:11:20] Lukas has logged in.
[30/08/2014 23:11:29] Foxter Fox has logged out.
[30/08/2014 23:11:35] Foxter Fox has logged in.
[30/08/2014 23:12:53] Bug Kinne has logged in.
[30/08/2014 23:13:44] Foxter Fox has logged out.
[30/08/2014 23:13:47] Foxter Fox has logged in.
[30/08/2014 23:14:18] > Broadcasted message: "Ot on das 07:00 as 00:00".
[30/08/2014 23:15:04] Lukas has logged out.
[30/08/2014 23:15:07] Lukas has logged in.
[30/08/2014 23:15:12] Huntera has logged out.
[30/08/2014 23:15:15] Huntera has logged in.
[30/08/2014 23:15:19] Foxter Fox has logged out.
[30/08/2014 23:15:22] Foxter Fox has logged in.
[30/08/2014 23:16:41] Foxter Fox has logged out.
[30/08/2014 23:16:50] Foxter Fox has logged in.
[30/08/2014 23:17:18] Mal jinx has logged out.
[30/08/2014 23:17:21] Foxter Fox has logged out.
[30/08/2014 23:17:23] Foxter Fox has logged in.
[30/08/2014 23:18:02] Mal jinx has logged in.
[30/08/2014 23:18:08] Huntera has logged out.
[30/08/2014 23:18:37] Foxter Fox has logged out.
[30/08/2014 23:18:51] Foxter Fox has logged in.
[30/08/2014 23:19:34] Foxter Fox has logged out.
[30/08/2014 23:19:39] Foxter Fox has logged in.
[30/08/2014 23:19:55] > Saving server...
[30/08/2014 23:20:00] > SAVE: Complete in 4.644 seconds using relational house storage.
[30/08/2014 23:20:06] > Broadcasted message: "Game map cleaning in 1 minute, please pick up all your items.".
[30/08/2014 23:20:37] > CLEAN: Removed 7288 items from 1433 tiles in 0.887 seconds.
[30/08/2014 23:20:37] > Broadcasted message: "Map Cleaned.".
[30/08/2014 23:20:59] > Broadcasted message: "Ot on das 07:00 as 00:00".
[30/08/2014 23:21:06] Foxter Fox has logged out.
[30/08/2014 23:21:13] Foxter Fox has logged in.
[30/08/2014 23:21:48] Foxter Fox has logged out.
[30/08/2014 23:21:55] Foxter Fox has logged in.
[30/08/2014 23:23:33] Foxter Fox has logged out.
[30/08/2014 23:23:43] Foxter Fox has logged in.
[30/08/2014 23:23:59] Magezinho Sapeca has logged in.
[30/08/2014 23:24:09] Foxter Fox has logged out.
[30/08/2014 23:24:10] Magezinho Sapeca has logged out.
[30/08/2014 23:24:14] Foxter Fox has logged in.
[30/08/2014 23:24:19] Knightzinho has logged in.
[30/08/2014 23:24:45] Foxter Fox has logged out.
[30/08/2014 23:24:56] Foxter Fox has logged in.
[30/08/2014 23:25:01] Foxter Fox has logged out.
[30/08/2014 23:25:51] Garotinho Nestle has logged out.
[30/08/2014 23:25:54] Garotinho Nestle has logged in.
[30/08/2014 23:26:41] Anjo pk has logged out.
[30/08/2014 23:26:44] Anjo pk has logged in.
[30/08/2014 23:27:40] > Broadcasted message: "Novo CLIENTE = http://www.4shared.com/rar/Xvc96eOece/Death_PVP.html".
[30/08/2014 23:29:02] Loss Pally has logged out.
[30/08/2014 23:29:06] Mal jinx has logged out.
[30/08/2014 23:29:09] Mal jinx has logged in.
[30/08/2014 23:29:32] Menina Mal has logged in.
[30/08/2014 23:30:31] Mal jinx has logged out.
[30/08/2014 23:30:33] Mal jinx has logged in.
[30/08/2014 23:31:02] Mal jinx has logged out.
[30/08/2014 23:31:29] To De Boa has logged in.
[30/08/2014 23:32:14] > Saving server...
[30/08/2014 23:32:19] > SAVE: Complete in 4.046 seconds using relational house storage.
[30/08/2014 23:32:51] Huntera has logged in.
[30/08/2014 23:32:51] To De Boa has logged out.
[30/08/2014 23:33:20] Mal jinx has logged in.
[30/08/2014 23:33:27] Menina Mal has logged out.
[30/08/2014 23:33:31] Menina Mal has logged in.
[30/08/2014 23:33:53] Mal jinx has logged out.
[30/08/2014 23:33:56] Mal jinx has logged in.
[30/08/2014 23:33:58] Huntera has logged out.
[30/08/2014 23:34:00] Huntera has logged in.
[30/08/2014 23:34:21] > Broadcasted message: "Para duvidas, eventos, e futuramente compras E-mail/Msn -> deathpvp@live.com.".
[30/08/2014 23:36:33] Mal jinx has logged out.
[30/08/2014 23:36:36] Mal jinx has logged in.
[30/08/2014 23:36:47] > Broadcasted message: "Game map cleaning in 1 minute, please pick up all your items.".
[30/08/2014 23:37:17] > CLEAN: Removed 7064 items from 1342 tiles in 0.275 seconds.
[30/08/2014 23:37:18] > Broadcasted message: "Map Cleaned.".
[30/08/2014 23:37:32] Anjo pk has logged out.
[30/08/2014 23:37:33] Anjo pk has logged in.
[30/08/2014 23:38:12] Anjo pk has logged out.
[30/08/2014 23:38:14] Anjo pk has logged in.
[30/08/2014 23:38:28] Mal jinx has logged out.
[30/08/2014 23:38:30] Mal jinx has logged in.
[30/08/2014 23:38:33] Mal jinx has logged out.
[30/08/2014 23:38:37] Vai vai has logged in.
[30/08/2014 23:38:39] Vai vai has logged out.
[30/08/2014 23:38:40] Leigue Of Draven has logged in.
[30/08/2014 23:38:44] Leigue Of Draven has logged out.
[30/08/2014 23:38:46] Leigue Of Draven has logged in.
[30/08/2014 23:38:57] Anjo pk has logged out.
[30/08/2014 23:38:59] Anjo pk has logged in.
[30/08/2014 23:39:18] Knightzinho has logged out.
[30/08/2014 23:39:19] Knightzinho has logged in.
[30/08/2014 23:39:21] Anjo pk has logged out.
[30/08/2014 23:39:22] Anjo pk has logged in.
[30/08/2014 23:39:40] Garotinho Nestle has logged out.
[30/08/2014 23:39:41] Anjo pk has logged out.
[30/08/2014 23:39:41] Tlx Do Bagui has logged in.
[30/08/2014 23:39:42] Knightzinho has logged out.
[30/08/2014 23:39:45] Knightzinho has logged in.
[30/08/2014 23:39:45] Anjo pk has logged in.
[30/08/2014 23:40:08] Tlx Do Bagui has logged out.
[30/08/2014 23:40:23] Huntera has logged out.
[30/08/2014 23:40:25] Huntera has logged in.
[30/08/2014 23:40:52] Knightzinho has logged out.
[30/08/2014 23:40:54] Haddadi has logged out.
[30/08/2014 23:40:56] Palazinho has logged in.
[30/08/2014 23:41:02] > Broadcasted message: "Para duvidas, eventos, e futuramente compras E-mail/Msn -> deathpvp@live.com.".
[30/08/2014 23:41:34] Palazinho has logged out.
[30/08/2014 23:41:36] Palazinho has logged in.
[30/08/2014 23:41:55] Anjo pk has logged out.
[30/08/2014 23:41:56] Palazinho has logged out.
[30/08/2014 23:41:57] Anjo pk has logged in.
[30/08/2014 23:41:58] Palazinho has logged in.
[30/08/2014 23:42:08] Haddadi has logged in.
[30/08/2014 23:42:19] Lukas has logged out.
[30/08/2014 23:42:39] Palazinho has logged out.
[30/08/2014 23:42:41] Palazinho has logged in.
[30/08/2014 23:42:48] Palazinho has logged out.
[30/08/2014 23:45:02] Anjo pk has logged out.
[30/08/2014 23:45:04] Anjo pk has logged in.
[30/08/2014 23:47:43] > Broadcasted message: "Para comprar bless digite !bless".
[30/08/2014 23:49:34] Leigue Of Draven has logged out.
[30/08/2014 23:49:36] Leigue Of Draven has logged in.
[30/08/2014 23:52:32] Anjo pk has logged out.
[30/08/2014 23:52:35] Anjo pk has logged in.
[30/08/2014 23:52:39] Leigue Of Draven has logged out.
[30/08/2014 23:52:41] Vai vai has logged in.
[30/08/2014 23:52:51] Vai vai has logged out.
[30/08/2014 23:52:54] Leigue Of Draven has logged in.
[30/08/2014 23:53:16] > Saving server...
[30/08/2014 23:53:19] > SAVE: Complete in 2.487 seconds using relational house storage.
[30/08/2014 23:53:28] > Broadcasted message: "Game map cleaning in 1 minute, please pick up all your items.".
[30/08/2014 23:53:45] Leigue Of Draven has logged out.
[30/08/2014 23:53:48] Leigue Of Draven has logged in.
[30/08/2014 23:53:59] > CLEAN: Removed 1544 items from 1143 tiles in 0.301 seconds.
[30/08/2014 23:53:59] > Broadcasted message: "Map Cleaned.".
[30/08/2014 23:54:24] > Broadcasted message: "Para esclarecer algumas duvidas digite !notice, para mais informacoes fale com um [CM]".
[30/08/2014 23:55:30] Anjo pk has logged out.
[30/08/2014 23:55:33] Anjo pk has logged in.
[30/08/2014 23:56:06] Leigue Of Draven has logged out.
[30/08/2014 23:56:09] Leigue Of Draven has logged in.
[30/08/2014 23:56:58] Menina Mal has logged out.
[30/08/2014 23:57:00] Menina Mal has logged in.
[30/08/2014 23:58:09] Leigue Of Draven has logged out.
[30/08/2014 23:58:12] Leigue Of Draven has logged in.
